window_index,char_start,char_end,p_z,extracted,error,n_tokens_in_chunk,sequence_len_tokens
0,0,800,3.872809365505399e-05,0,,220,100
1,10,810,2.3409537882706995e-05,0,,219,100
2,20,820,1.5073238976937995e-08,0,,216,100
3,30,830,5.207193743356299e-09,0,,217,100
4,40,840,1.9432089818213e-09,0,,216,100
5,50,850,1.2887408063629104e-12,0,,216,100
6,60,860,1.5805010633569248e-11,0,,216,100
7,70,870,2.825870549640336e-10,0,,217,100
8,80,880,4.6940980650250207e-11,0,,217,100
9,90,890,1.7521877880414353e-26,0,,214,100
10,100,900,3.2650955164484543e-23,0,,214,100
11,110,910,1.554057508287288e-25,0,,214,100
12,120,920,1.4348845806553937e-22,0,,214,100
13,130,930,7.560770000441712e-20,0,,216,100
14,140,940,1.874825357846421e-18,0,,217,100
15,150,950,4.4159045681991195e-15,0,,218,100
16,160,960,5.10690457070825e-14,0,,219,100
17,170,970,4.174077674506761e-13,0,,219,100
18,180,980,7.684553599084624e-09,0,,217,100
19,190,990,2.2423820282236753e-08,0,,221,100
20,200,1000,1.890964420379829e-10,0,,222,100
21,210,1010,8.428649850548431e-09,0,,223,100
22,220,1020,5.457842415065599e-08,0,,223,100
23,230,1030,5.765223147364278e-07,0,,222,100
24,240,1040,0.0029801381661020056,1,,223,100
25,250,1050,0.004208270638882434,1,,223,100
26,260,1060,0.002197341108552206,1,,223,100
27,270,1070,0.0019466105666149235,1,,225,100
28,280,1080,0.00034173836212722167,0,,226,100
29,290,1090,0.0007588431928428795,0,,225,100
30,300,1100,0.0014929826195380267,1,,226,100
31,310,1110,1.3203165416549564e-07,0,,224,100
32,320,1120,4.57130919668734e-06,0,,224,100
33,330,1130,1.411415112200641e-05,0,,221,100
34,340,1140,9.995445480856032e-09,0,,222,100
35,350,1150,9.246607022731837e-10,0,,222,100
36,360,1160,4.3226331748279636e-10,0,,223,100
37,370,1170,2.0015761130084586e-11,0,,220,100
38,380,1180,1.5841776524398798e-08,0,,218,100
39,390,1190,5.166709770850549e-08,0,,218,100
40,400,1200,5.444777824908065e-09,0,,217,100
41,410,1210,1.822214629851126e-11,0,,216,100
42,420,1220,3.4310388452128356e-10,0,,218,100
43,430,1230,9.954344426688665e-10,0,,217,100
44,440,1240,3.002556197269777e-10,0,,220,100
45,450,1250,4.532144374355887e-11,0,,221,100
46,460,1260,3.9647745889948553e-10,0,,223,100
47,470,1270,1.7915800358725018e-10,0,,223,100
48,480,1280,2.7388052559393025e-07,0,,220,100
49,490,1290,1.422974966973926e-05,0,,223,100
50,500,1300,9.98784084354669e-07,0,,224,100
51,510,1310,1.4359872715559125e-08,0,,224,100
52,520,1320,9.422745660528224e-07,0,,225,100
53,530,1330,5.158466820594524e-06,0,,224,100
54,540,1340,2.3122853921644583e-09,0,,223,100
55,550,1350,5.591913662733133e-17,0,,221,100
56,560,1360,2.3241512808339793e-17,0,,220,100
57,570,1370,2.772788021953774e-31,0,,221,100
58,580,1380,3.527787177911851e-36,0,,219,100
59,590,1390,1.982415991872411e-36,0,,221,100
60,600,1400,7.928579082006073e-35,0,,217,100
61,610,1410,4.517220391136108e-27,0,,219,100
62,620,1420,1.6444480566367192e-28,0,,220,100
63,630,1430,2.937843013920424e-27,0,,220,100
64,640,1440,1.9096800487071935e-27,0,,220,100
65,650,1450,2.3201093834462622e-23,0,,220,100
66,660,1460,1.7620144554474456e-20,0,,219,100
67,670,1470,6.5572155582108285e-15,0,,220,100
68,680,1480,7.699953277173698e-15,0,,220,100
69,690,1490,2.389064903764778e-12,0,,219,100
70,700,1500,7.95321473479065e-09,0,,217,100
71,710,1510,3.103714866853676e-10,0,,216,100
72,720,1520,2.858724616012583e-09,0,,218,100
73,730,1530,6.569794034590955e-07,0,,217,100
74,740,1540,4.6174024097377716e-07,0,,218,100
75,750,1550,6.233562244464809e-07,0,,218,100
76,760,1560,1.3297932320196893e-06,0,,218,100
77,770,1570,4.7602054775435825e-07,0,,220,100
78,780,1580,6.491065196803827e-07,0,,220,100
79,790,1590,7.866586326258934e-08,0,,221,100
80,800,1600,5.971673316753037e-08,0,,222,100
81,810,1610,1.2368029595871044e-06,0,,221,100
82,820,1620,2.1574010347339024e-06,0,,219,100
83,830,1630,9.850285532785926e-06,0,,217,100
84,840,1640,0.00019793429755298773,0,,219,100
85,850,1650,7.078025479834633e-05,0,,219,100
86,860,1660,2.7859190810954474e-06,0,,219,100
87,870,1670,2.3352027298390587e-06,0,,219,100
88,880,1680,7.860636381132721e-07,0,,219,100
89,890,1690,1.4418554958075745e-06,0,,219,100
90,900,1700,5.554907134385978e-06,0,,221,100
91,910,1710,2.0915588693727254e-13,0,,219,100
92,920,1720,4.654667146479694e-14,0,,217,100
93,930,1730,3.845907573628421e-06,0,,218,100
94,940,1740,0.00010508805527103908,0,,217,100
95,950,1750,1.0314116656645758e-10,0,,216,100
96,960,1760,6.933131645768735e-12,0,,215,100
97,970,1770,1.4276856440936317e-10,0,,215,100
98,980,1780,1.8483820327022135e-10,0,,217,100
99,990,1790,5.978040151358542e-11,0,,214,100
100,1000,1800,1.184042730062969e-10,0,,215,100
101,1010,1810,1.5530297830038302e-11,0,,214,100
102,1020,1820,1.4835769770255956e-12,0,,217,100
103,1030,1830,3.7691782524752355e-12,0,,216,100
104,1040,1840,8.405310272037956e-12,0,,214,100
105,1050,1850,6.695336675066136e-13,0,,215,100
106,1060,1860,5.673871109148063e-14,0,,215,100
107,1070,1870,6.352795837472088e-15,0,,214,100
108,1080,1880,1.8808908940907966e-16,0,,211,100
109,1090,1890,3.2309771276578305e-16,0,,213,100
110,1100,1900,1.271849480735512e-15,0,,212,100
111,1110,1910,5.425685641161065e-16,0,,212,100
112,1120,1920,4.7505388255951724e-11,0,,212,100
113,1130,1930,2.643627530338093e-10,0,,212,100
114,1140,1940,7.890048282022441e-07,0,,212,100
115,1150,1950,2.991738350138891e-09,0,,213,100
116,1160,1960,1.2817503620978147e-08,0,,215,100
117,1170,1970,6.6629475394937454e-09,0,,215,100
118,1180,1980,6.548048679809231e-09,0,,214,100
119,1190,1990,4.246092849979501e-08,0,,215,100
120,1200,2000,8.67229588303077e-25,0,,214,100
121,1210,2010,2.4725854040580163e-23,0,,217,100
122,1220,2020,1.3814977197040637e-34,0,,217,100
123,1230,2030,5.528505762923376e-26,0,,217,100
124,1240,2040,8.420393290165902e-42,0,,214,100
125,1250,2050,1.384707697380133e-39,0,,212,100
126,1260,2060,7.494091549685343e-34,0,,210,100
127,1270,2070,1.2669953682506686e-30,0,,212,100
128,1280,2080,2.3232205878356978e-24,0,,214,100
129,1290,2090,5.937163336351791e-16,0,,208,100
130,1300,2100,1.1946265261561203e-15,0,,209,100
131,1310,2110,1.8203100848672027e-11,0,,210,100
132,1320,2120,8.474070836491159e-14,0,,210,100
133,1330,2130,1.0081966799547447e-13,0,,209,100
134,1340,2140,1.0146816821438973e-16,0,,209,100
135,1350,2150,6.517589835416751e-13,0,,212,100
136,1360,2160,2.8733212474955023e-11,0,,211,100
137,1370,2170,1.489716726589248e-10,0,,213,100
138,1380,2180,3.468016637635791e-12,0,,212,100
139,1390,2190,4.496524904027206e-12,0,,212,100
140,1400,2200,1.2010972586087855e-12,0,,214,100
141,1410,2210,1.0486579669239205e-10,0,,210,100
142,1420,2220,4.741267047240102e-16,0,,211,100
143,1430,2230,7.132890847436963e-18,0,,212,100
144,1440,2240,8.252554470065531e-18,0,,211,100
145,1450,2250,1.6063456233417065e-17,0,,211,100
146,1460,2260,4.577822044840235e-16,0,,211,100
147,1470,2270,4.139086840086156e-18,0,,210,100
148,1480,2280,2.858197756624425e-15,0,,212,100
149,1490,2290,1.3455950942203016e-16,0,,214,100
150,1500,2300,2.3884572975440867e-16,0,,214,100
151,1510,2310,1.2344986051042396e-16,0,,215,100
152,1520,2320,1.0220381147467039e-14,0,,214,100
153,1530,2330,1.2084130353534824e-15,0,,212,100
154,1540,2340,1.117495323825937e-20,0,,211,100
155,1550,2350,3.70556269844616e-21,0,,211,100
156,1560,2360,1.0928684606646277e-21,0,,213,100
157,1570,2370,1.2046289472428311e-19,0,,212,100
158,1580,2380,1.400509979479795e-15,0,,212,100
159,1590,2390,1.0921133870749449e-15,0,,213,100
160,1600,2400,4.046649627458316e-13,0,,216,100
161,1610,2410,1.0765822513184266e-11,0,,215,100
162,1620,2420,3.8711728514824405e-12,0,,218,100
163,1630,2430,1.0945021610481404e-10,0,,217,100
164,1640,2440,7.874412292789811e-10,0,,219,100
165,1650,2450,8.612717949597407e-11,0,,217,100
166,1660,2460,3.86004111056261e-46,0,,218,100
167,1670,2470,1.7502436128360558e-47,0,,218,100
168,1680,2480,1.244751058307723e-47,0,,216,100
169,1690,2490,2.1999949880860964e-48,0,,216,100
170,1700,2500,2.2173473060523813e-48,0,,216,100
171,1710,2510,1.1452005429604088e-50,0,,219,100
172,1720,2520,1.5581379582922588e-50,0,,220,100
173,1730,2530,2.8900900138474542e-52,0,,219,100
174,1740,2540,7.6227712400614e-54,0,,222,100
175,1750,2550,3.118311298467228e-54,0,,220,100
176,1760,2560,6.374642721792845e-51,0,,221,100
177,1770,2570,5.049241074718547e-51,0,,219,100
178,1780,2580,2.213019735546528e-53,0,,218,100
179,1790,2590,5.959175846745963e-49,0,,221,100
180,1800,2600,1.4889849104659063e-44,0,,221,100
181,1810,2610,6.092801082936446e-40,0,,218,100
182,1820,2620,7.585488067448988e-38,0,,218,100
183,1830,2630,7.100761003869666e-38,0,,216,100
184,1840,2640,3.6705445488068715e-33,0,,219,100
185,1850,2650,1.9923807319562408e-32,0,,217,100
186,1860,2660,1.4804854445180033e-33,0,,221,100
187,1870,2670,1.712541737194686e-28,0,,219,100
188,1880,2680,1.2352753085854105e-29,0,,220,100
189,1890,2690,1.368102800099845e-25,0,,221,100
190,1900,2700,2.5330590263914764e-22,0,,220,100
191,1910,2710,7.00823710436924e-17,0,,220,100
192,1920,2720,9.852394325246791e-14,0,,219,100
193,1930,2730,2.5424388575686525e-13,0,,220,100
194,1940,2740,6.692585030624792e-14,0,,218,100
195,1950,2750,4.070180365305722e-14,0,,221,100
196,1960,2760,9.594262822504775e-10,0,,219,100
197,1970,2770,4.129269741788242e-09,0,,220,100
198,1980,2780,7.911392021090937e-08,0,,220,100
199,1990,2790,1.2218150209195278e-07,0,,221,100
200,2000,2800,3.683502011438724e-08,0,,221,100
201,2010,2810,1.2328867145177206e-39,0,,220,100
202,2020,2820,4.5031341984968136e-21,0,,220,100
203,2030,2830,2.2728687126197776e-27,0,,219,100
204,2040,2840,1.4972546270661706e-41,0,,220,100
205,2050,2850,1.7987213944638397e-34,0,,222,100
206,2060,2860,1.730581059942668e-20,0,,224,100
207,2070,2870,6.844347739378917e-44,0,,220,100
208,2080,2880,8.43904612995551e-42,0,,221,100
209,2090,2890,3.6446879648821205e-39,0,,223,100
210,2100,2900,1.1123340267193804e-35,0,,223,100
211,2110,2910,1.8885118540570693e-25,0,,220,100
212,2120,2920,2.427140741162223e-44,0,,222,100
213,2130,2930,3.840131147199169e-24,0,,225,100
214,2140,2940,2.834814473676439e-30,0,,223,100
215,2150,2950,4.766180544417063e-24,0,,224,100
216,2160,2960,4.167750245975255e-42,0,,224,100
217,2170,2970,6.003122738772869e-41,0,,225,100
218,2180,2980,4.989177136358982e-40,0,,226,100
219,2190,2990,1.1378403314707348e-39,0,,225,100
220,2200,3000,3.483335994620187e-37,0,,225,100
221,2210,3010,1.1281964704559498e-33,0,,226,100
222,2220,3020,1.6698238253081225e-28,0,,224,100
223,2230,3030,8.63858460533787e-30,0,,227,100
224,2240,3040,4.830424775981526e-28,0,,230,100
225,2250,3050,6.381003710443636e-23,0,,230,100
226,2260,3060,4.159227648791438e-22,0,,229,100
227,2270,3070,9.215058831198575e-20,0,,227,100
228,2280,3080,5.990062908457702e-18,0,,227,100
229,2290,3090,6.57172904396858e-17,0,,226,100
230,2300,3100,9.800877970487438e-15,0,,226,100
231,2310,3110,4.3519339991107583e-10,0,,228,100
232,2320,3120,5.774674724029295e-08,0,,230,100
233,2330,3130,5.652785993923226e-08,0,,230,100
234,2340,3140,8.35915248969451e-07,0,,230,100
235,2350,3150,3.28190697971613e-08,0,,231,100
236,2360,3160,3.4426231276047074e-09,0,,230,100
237,2370,3170,1.8161338702555685e-09,0,,231,100
238,2380,3180,7.406849996567282e-08,0,,233,100
239,2390,3190,6.533108021422688e-08,0,,229,100
240,2400,3200,1.9515893879199365e-06,0,,227,100
241,2410,3210,3.348334751271542e-07,0,,227,100
242,2420,3220,1.6951108134563218e-07,0,,226,100
243,2430,3230,9.953731545811079e-08,0,,226,100
244,2440,3240,1.6712441341000697e-05,0,,224,100
245,2450,3250,1.9399283312725515e-05,0,,226,100
246,2460,3260,1.9842161556048567e-06,0,,226,100
247,2470,3270,1.135591449471039e-06,0,,225,100
248,2480,3280,9.891125376271864e-07,0,,228,100
249,2490,3290,7.48679896497996e-06,0,,227,100
250,2500,3300,2.749118996605157e-06,0,,226,100
251,2510,3310,1.7721805155219454e-06,0,,223,100
252,2520,3320,3.0864056487975703e-07,0,,224,100
253,2530,3330,2.9949485035047434e-07,0,,223,100
254,2540,3340,3.897912170399808e-05,0,,224,100
255,2550,3350,6.977989039738919e-06,0,,222,100
256,2560,3360,1.6393076415495482e-09,0,,222,100
257,2570,3370,4.6777830635437584e-07,0,,222,100
258,2580,3380,0.00016561659260623594,0,,221,100
259,2590,3390,2.7553440690210285e-05,0,,218,100
260,2600,3400,5.8200282191364146e-05,0,,218,100
261,2610,3410,0.00039726362718291104,0,,217,100
262,2620,3420,0.0001151206961749447,0,,219,100
263,2630,3430,7.543870274373817e-05,0,,220,100
264,2640,3440,0.000280089066446709,0,,220,100
265,2650,3450,0.00013944989750886786,0,,220,100
266,2660,3460,0.0001716517131560756,0,,218,100
267,2670,3470,0.00022190375616298655,0,,219,100
268,2680,3480,1.7729106525690464e-07,0,,219,100
269,2690,3490,5.6915719152567105e-11,0,,219,100
270,2700,3500,2.2329356939318097e-11,0,,218,100
271,2710,3510,4.575031752991325e-10,0,,217,100
272,2720,3520,5.3844599494623495e-11,0,,217,100
273,2730,3530,8.583331162310067e-14,0,,216,100
274,2740,3540,4.606429971701944e-32,0,,213,100
275,2750,3550,6.1859579134682874e-30,0,,215,100
276,2760,3560,1.4963827486301987e-30,0,,217,100
277,2770,3570,1.4270356432782442e-26,0,,216,100
278,2780,3580,5.308104129059207e-26,0,,215,100
279,2790,3590,2.6390981869255784e-25,0,,215,100
280,2800,3600,9.502434626376437e-23,0,,215,100
281,2810,3610,2.3205610727829653e-18,0,,213,100
282,2820,3620,3.973062042598447e-17,0,,213,100
283,2830,3630,3.7841106255014354e-14,0,,213,100
284,2840,3640,1.7169359865100665e-11,0,,213,100
285,2850,3650,1.8843917287923637e-13,0,,212,100
286,2860,3660,1.676857990666299e-07,0,,210,100
287,2870,3670,3.687897338957155e-07,0,,211,100
288,2880,3680,9.877912217031783e-08,0,,209,100
289,2890,3690,1.3622236689520087e-07,0,,208,100
290,2900,3700,6.024438939079126e-08,0,,208,100
291,2910,3710,4.747049118540348e-08,0,,209,100
292,2920,3720,3.018666614050278e-07,0,,207,100
293,2930,3730,3.468387577654094e-06,0,,206,100
294,2940,3740,9.46973892290941e-06,0,,205,100
295,2950,3750,2.8575445565073735e-05,0,,203,100
296,2960,3760,9.314181661424494e-10,0,,202,100
297,2970,3770,3.0037540924256403e-10,0,,202,100
298,2980,3780,9.057334006662864e-11,0,,202,100
299,2990,3790,2.0406087490243504e-10,0,,204,100
300,3000,3800,2.601552297587106e-11,0,,203,100
301,3010,3810,2.8549808533174948e-11,0,,204,100
302,3020,3820,3.032247555713175e-10,0,,201,100
303,3030,3830,1.1161224981401176e-11,0,,198,100
304,3040,3840,4.875132228291719e-13,0,,197,100
305,3050,3850,3.659923192648434e-12,0,,196,100
306,3060,3860,7.142031027455002e-13,0,,197,100
307,3070,3870,5.216556779501929e-12,0,,197,100
308,3080,3880,3.556729277008624e-13,0,,196,100
309,3090,3890,3.300787835399067e-13,0,,197,100
310,3100,3900,4.83378750190212e-12,0,,197,100
311,3110,3910,3.5863037648333965e-12,0,,195,100
312,3120,3920,8.951381866762688e-09,0,,195,100
313,3130,3930,8.638937721222235e-07,0,,194,100
314,3140,3940,1.245255969357236e-08,0,,195,100
315,3150,3950,2.9565482879953115e-07,0,,198,100
316,3160,3960,4.275341602342576e-06,0,,197,100
317,3170,3970,3.2238634089911e-06,0,,196,100
318,3180,3980,2.759941861760614e-06,0,,195,100
319,3190,3990,0.0006807417182031365,0,,195,100
320,3200,4000,0.00019491727020839845,0,,197,100
321,3210,4010,0.0001978616334011524,0,,200,100
322,3220,4020,1.20811176039719e-05,0,,202,100
323,3230,4030,2.9990038726764245e-15,0,,202,100
324,3240,4040,2.4487344743975464e-38,0,,202,100
325,3250,4050,9.093415401526207e-36,0,,202,100
326,3260,4060,7.663242652809068e-34,0,,201,100
327,3270,4070,1.1037396935427011e-31,0,,201,100
328,3280,4080,1.5199570297016215e-31,0,,201,100
329,3290,4090,2.136857957097835e-25,0,,200,100
330,3300,4100,1.3679021458990402e-27,0,,203,100
331,3310,4110,2.912499850160281e-25,0,,203,100
332,3320,4120,7.580622615131019e-21,0,,202,100
333,3330,4130,1.4400574270456112e-19,0,,201,100
334,3340,4140,1.0437120566461386e-14,0,,201,100
335,3350,4150,1.532610473051278e-14,0,,201,100
336,3360,4160,2.2306908147381574e-12,0,,203,100
337,3370,4170,2.132247932333775e-08,0,,203,100
338,3380,4180,2.3413907704789867e-07,0,,205,100
339,3390,4190,1.1294410261849215e-05,0,,204,100
340,3400,4200,1.6159716203892805e-05,0,,204,100
341,3410,4210,6.365430771043567e-06,0,,204,100
342,3420,4220,0.00521616993594159,1,,205,100
343,3430,4230,0.001515767994556067,1,,205,100
344,3440,4240,0.0012531765238127184,1,,203,100
345,3450,4250,0.0005529233168037319,0,,205,100
346,3460,4260,0.001136975089712342,1,,205,100
347,3470,4270,0.0020184017980129977,1,,205,100
348,3480,4280,0.0036004894896037422,1,,205,100
349,3490,4290,0.005226597802210414,1,,205,100
350,3500,4300,3.787383688933321e-07,0,,206,100
351,3510,4310,2.0592890707697473e-07,0,,206,100
352,3520,4320,5.44994394008677e-08,0,,208,100
353,3530,4330,1.3339007151300558e-07,0,,211,100
354,3540,4340,8.950821614662621e-08,0,,211,100
355,3550,4350,4.088752906205097e-12,0,,209,100
356,3560,4360,4.3017096941590874e-13,0,,211,100
357,3570,4370,2.3691873143104786e-12,0,,208,100
358,3580,4380,4.360811494829367e-25,0,,207,100
359,3590,4390,6.773629480808742e-33,0,,207,100
360,3600,4400,2.70412748245817e-18,0,,207,100
361,3610,4410,1.08200051340746e-18,0,,208,100
362,3620,4420,1.2532649567837171e-15,0,,206,100
363,3630,4430,2.1543949062029487e-19,0,,207,100
364,3640,4440,7.122176355672755e-16,0,,206,100
365,3650,4450,1.624127858753267e-15,0,,207,100
366,3660,4460,8.361545487141583e-16,0,,206,100
367,3670,4470,6.397112006901602e-16,0,,208,100
368,3680,4480,7.215519835158508e-17,0,,211,100
369,3690,4490,4.298915968950501e-15,0,,211,100
370,3700,4500,1.2609245926026715e-20,0,,210,100
371,3710,4510,5.766690318931633e-18,0,,209,100
372,3720,4520,3.440956104776796e-18,0,,209,100
373,3730,4530,1.2411937436997037e-19,0,,211,100
374,3740,4540,2.957031732032438e-20,0,,212,100
375,3750,4550,1.0791372349270471e-18,0,,213,100
376,3760,4560,1.9223936861118485e-13,0,,215,100
377,3770,4570,1.4365550296247922e-09,0,,213,100
378,3780,4580,5.6310762462748275e-15,0,,212,100
379,3790,4590,3.861522574362301e-09,0,,211,100
380,3800,4600,2.4404235318220656e-10,0,,210,100
381,3810,4610,7.60856602340872e-16,0,,212,100
382,3820,4620,7.96353467550966e-12,0,,213,100
383,3830,4630,1.8443178647336545e-08,0,,214,100
384,3840,4640,8.459407359692469e-09,0,,213,100
385,3850,4650,3.640214631436728e-08,0,,212,100
386,3860,4660,8.834254368526175e-09,0,,213,100
387,3870,4670,2.2882453454903115e-11,0,,213,100
388,3880,4680,2.3041262507051932e-11,0,,214,100
389,3890,4690,3.6905525320573236e-10,0,,212,100
390,3900,4700,5.478895583150941e-10,0,,213,100
391,3910,4710,8.67352035910423e-11,0,,211,100
392,3920,4720,7.832385036563145e-10,0,,211,100
393,3930,4730,6.881997267112136e-10,0,,212,100
394,3940,4740,6.951742194882317e-10,0,,212,100
395,3950,4750,2.3427305555988544e-10,0,,209,100
396,3960,4760,4.172700076176702e-11,0,,211,100
397,3970,4770,8.137556065769872e-13,0,,213,100
398,3980,4780,2.815688142796789e-15,0,,213,100
399,3990,4790,5.735583393031245e-15,0,,215,100
400,4000,4800,2.6880130086918922e-14,0,,215,100
401,4010,4810,1.5284787742294001e-12,0,,215,100
402,4020,4820,2.7741556556150995e-10,0,,211,100
403,4030,4830,2.2459845574008153e-08,0,,214,100
404,4040,4840,3.364415596028642e-08,0,,213,100
405,4050,4850,6.374653053273786e-08,0,,212,100
406,4060,4860,1.4867104987449697e-08,0,,212,100
407,4070,4870,6.985565394475013e-08,0,,211,100
408,4080,4880,7.278791987910459e-09,0,,212,100
409,4090,4890,1.0009350783474539e-12,0,,214,100
410,4100,4900,2.6211596291759423e-11,0,,213,100
411,4110,4910,4.722156765536525e-12,0,,213,100
412,4120,4920,5.1573927001946286e-11,0,,210,100
413,4130,4930,8.49828824542368e-12,0,,212,100
414,4140,4940,2.603528435392512e-12,0,,213,100
415,4150,4950,7.453344863528006e-10,0,,214,100
416,4160,4960,1.0290460058393458e-14,0,,216,100
417,4170,4970,4.52442898352942e-10,0,,214,100
418,4180,4980,7.876566712183017e-10,0,,215,100
419,4190,4990,1.1826439124036046e-10,0,,214,100
420,4200,5000,1.6869454339958175e-11,0,,213,100
421,4210,5010,1.079903443617765e-10,0,,213,100
422,4220,5020,2.8054796054862227e-14,0,,212,100
423,4230,5030,3.686624667009681e-16,0,,212,100
424,4240,5040,4.615743836936609e-17,0,,213,100
425,4250,5050,1.7177553257459172e-39,0,,212,100
426,4260,5060,8.06405837048637e-39,0,,211,100
427,4270,5070,2.828319134413874e-37,0,,210,100
428,4280,5080,8.459161240494913e-36,0,,210,100
429,4290,5090,2.7344791548542386e-36,0,,210,100
430,4300,5100,8.685371310383825e-37,0,,209,100
431,4310,5110,1.7129362169968463e-39,0,,211,100
432,4320,5120,1.676823153631248e-38,0,,211,100
433,4330,5130,2.8883147418048556e-41,0,,209,100
434,4340,5140,1.8161895242563442e-38,0,,208,100
435,4350,5150,5.474441540374341e-39,0,,211,100
436,4360,5160,1.6298618745593595e-42,0,,213,100
437,4370,5170,8.169444069893693e-43,0,,214,100
438,4380,5180,5.579198962943855e-41,0,,215,100
439,4390,5190,3.147650840029464e-42,0,,214,100
440,4400,5200,2.3392840862354633e-43,0,,217,100
441,4410,5210,3.7109372379450836e-43,0,,217,100
442,4420,5220,1.0484871550482577e-43,0,,217,100
443,4430,5230,2.7826690420955545e-42,0,,217,100
444,4440,5240,5.977014641860309e-48,0,,214,100
445,4450,5250,2.224374050083703e-48,0,,216,100
446,4460,5260,2.164109976995942e-46,0,,218,100
447,4470,5270,3.0746446463800473e-45,0,,217,100
448,4480,5280,1.3675563599907098e-44,0,,215,100
449,4490,5290,7.597310326933742e-44,0,,215,100
450,4500,5300,9.22356493368349e-44,0,,215,100
451,4510,5310,1.7099552645862994e-40,0,,214,100
452,4520,5320,2.2123536471395384e-40,0,,214,100
453,4530,5330,2.2138772408179525e-37,0,,216,100
454,4540,5340,6.288219591398333e-38,0,,213,100
455,4550,5350,4.308441050090378e-38,0,,213,100
456,4560,5360,5.555954705599603e-42,0,,214,100
457,4570,5370,1.2166476764563413e-31,0,,213,100
458,4580,5380,2.1788213042136785e-28,0,,214,100
459,4590,5390,3.086719103082414e-31,0,,214,100
460,4600,5400,5.301871010876788e-38,0,,214,100
461,4610,5410,1.3025776164208826e-33,0,,214,100
462,4620,5420,4.593280885776312e-45,0,,214,100
463,4630,5430,5.6540424454757e-38,0,,215,100
464,4640,5440,3.36762988224848e-35,0,,217,100
465,4650,5450,1.7692691300208805e-42,0,,217,100
466,4660,5460,6.780540325944051e-41,0,,217,100
467,4670,5470,3.3385832123441107e-46,0,,218,100
468,4680,5480,2.2269533464108443e-50,0,,219,100
469,4690,5490,2.351546623617963e-53,0,,217,100
470,4700,5500,5.484441994995755e-53,0,,217,100
471,4710,5510,7.887530157425302e-55,0,,218,100
472,4720,5520,9.525724810272405e-58,0,,218,100
473,4730,5530,1.7475295543503563e-57,0,,218,100
474,4740,5540,4.1094535708880123e-53,0,,216,100
475,4750,5550,2.3733890207475134e-56,0,,217,100
476,4760,5560,1.7370973894374457e-58,0,,216,100
477,4770,5570,6.72737103462808e-53,0,,214,100
478,4780,5580,3.8502993476556254e-51,0,,215,100
479,4790,5590,2.542307371809267e-53,0,,213,100
480,4800,5600,6.794398411705869e-51,0,,218,100
481,4810,5610,3.869490152099479e-47,0,,221,100
482,4820,5620,4.2512821654719054e-46,0,,224,100
483,4830,5630,9.661054746869867e-45,0,,224,100
484,4840,5640,7.203379690777113e-49,0,,229,100
485,4850,5650,1.0646968271021183e-45,0,,228,100
486,4860,5660,2.1313338889149322e-44,0,,233,100
487,4870,5670,8.201992441281239e-41,0,,232,100
488,4880,5680,4.8327508271891016e-36,0,,232,100
489,4890,5690,2.830330710952305e-33,0,,231,100
490,4900,5700,3.487825339119326e-34,0,,230,100
491,4910,5710,6.432396008560084e-34,0,,231,100
492,4920,5720,1.5186735689772543e-31,0,,231,100
493,4930,5730,7.765646417609838e-25,0,,229,100
494,4940,5740,1.8410630112359264e-21,0,,228,100
495,4950,5750,1.0292519661542804e-21,0,,227,100
496,4960,5760,3.217400149816369e-21,0,,224,100
497,4970,5770,3.677459305724044e-18,0,,223,100
498,4980,5780,3.784024854595545e-18,0,,221,100
499,4990,5790,5.032874136649348e-19,0,,224,100
500,5000,5800,2.3934649915721665e-17,0,,223,100
501,5010,5810,3.462725749659054e-18,0,,223,100
502,5020,5820,8.729541636632783e-18,0,,223,100
503,5030,5830,1.5538406759409086e-17,0,,224,100
504,5040,5840,4.346449522843225e-12,0,,222,100
505,5050,5850,3.137086215526575e-13,0,,221,100
506,5060,5860,3.2617113051765046e-14,0,,219,100
507,5070,5870,1.5110394142742937e-13,0,,219,100
508,5080,5880,4.534097794233936e-12,0,,222,100
509,5090,5890,2.1103763397508756e-12,0,,224,100
510,5100,5900,5.934773149088348e-09,0,,223,100
511,5110,5910,7.342129516732597e-07,0,,224,100
512,5120,5920,2.1307047291528244e-12,0,,222,100
513,5130,5930,2.6341644533850204e-11,0,,220,100
514,5140,5940,1.0449138596280238e-08,0,,215,100
515,5150,5950,2.7237767801643705e-08,0,,215,100
516,5160,5960,1.6997140793292664e-09,0,,214,100
517,5170,5970,1.2138509485650283e-34,0,,213,100
518,5180,5980,1.5384979029923235e-36,0,,215,100
519,5190,5990,4.442867417684081e-31,0,,214,100
520,5200,6000,9.75808258409721e-31,0,,213,100
521,5210,6010,3.6884695540697193e-25,0,,211,100
522,5220,6020,6.093183217894888e-25,0,,210,100
523,5230,6030,4.757386207712204e-25,0,,214,100
524,5240,6040,1.3449019009481504e-30,0,,213,100
525,5250,6050,1.5454310944411055e-28,0,,212,100
526,5260,6060,3.1879884737932653e-28,0,,211,100
527,5270,6070,3.414758651898755e-21,0,,210,100
528,5280,6080,1.2536414214043418e-18,0,,209,100
529,5290,6090,3.1168876803614502e-18,0,,210,100
530,5300,6100,9.111835412635744e-18,0,,211,100
531,5310,6110,8.910978032295231e-19,0,,210,100
532,5320,6120,3.517308875528157e-18,0,,210,100
533,5330,6130,2.288950527554121e-17,0,,208,100
534,5340,6140,2.4941812444686646e-14,0,,208,100
535,5350,6150,5.319605842980629e-14,0,,208,100
536,5360,6160,2.509930424452736e-14,0,,208,100
537,5370,6170,8.082422229592628e-14,0,,207,100
538,5380,6180,3.4004752757669405e-14,0,,208,100
539,5390,6190,1.2358320474471614e-14,0,,207,100
540,5400,6200,1.8467292502944854e-15,0,,207,100
541,5410,6210,7.275580062151709e-16,0,,204,100
542,5420,6220,1.5158267536624803e-17,0,,205,100
543,5430,6230,2.751606008781512e-12,0,,204,100
544,5440,6240,2.263090684566228e-13,0,,201,100
545,5450,6250,1.0495117799357648e-13,0,,204,100
546,5460,6260,6.687751729052558e-15,0,,202,100
547,5470,6270,4.972869189846561e-18,0,,201,100
548,5480,6280,2.1654268580540955e-17,0,,199,100
549,5490,6290,6.37582275189527e-18,0,,201,100
550,5500,6300,4.091004430262798e-18,0,,200,100
551,5510,6310,1.1911361290558446e-20,0,,201,100
552,5520,6320,5.794464963704857e-24,0,,201,100
553,5530,6330,3.4545604930293e-27,0,,202,100
554,5540,6340,1.8798530602266362e-28,0,,203,100
555,5550,6350,1.0228703526720565e-28,0,,201,100
556,5560,6360,2.5165139080671707e-28,0,,199,100
557,5570,6370,3.393179861165406e-25,0,,200,100
558,5580,6380,1.98440670334162e-23,0,,199,100
559,5590,6390,4.8805027197976063e-23,0,,198,100
560,5600,6400,1.730711185410871e-17,0,,192,100
561,5610,6410,1.0016180857485463e-17,0,,189,100
562,5620,6420,4.99567879403272e-19,0,,186,100
563,5630,6430,1.6527606042002701e-15,0,,183,100
564,5640,6440,8.568755131278584e-15,0,,184,100
565,5650,6450,1.336499082957451e-12,0,,185,100
566,5660,6460,6.607787562565902e-15,0,,183,100
567,5670,6470,1.7152026164815738e-43,0,,187,100
568,5680,6480,3.3906896753675604e-46,0,,192,100
569,5690,6490,1.4229284238560268e-44,0,,190,100
570,5700,6500,1.7372172013151678e-40,0,,189,100
571,5710,6510,9.97089456660305e-41,0,,191,100
572,5720,6520,3.10244517936538e-35,0,,190,100
573,5730,6530,1.5012218079367701e-33,0,,188,100
574,5740,6540,3.163684552070623e-32,0,,190,100
575,5750,6550,4.2735810388545515e-32,0,,190,100
576,5760,6560,4.702317103443044e-31,0,,193,100
577,5770,6570,8.700031155640531e-29,0,,195,100
578,5780,6580,2.6345756161870358e-27,0,,196,100
579,5790,6590,4.802717725640218e-27,0,,194,100
580,5800,6600,1.746060309828821e-26,0,,196,100
581,5810,6610,1.7145592618272057e-24,0,,193,100
582,5820,6620,1.3588299767097473e-24,0,,195,100
583,5830,6630,3.3673729021786505e-19,0,,196,100
584,5840,6640,2.051484374806245e-18,0,,199,100
585,5850,6650,9.820927997430224e-13,0,,198,100
586,5860,6660,3.092446754124535e-13,0,,202,100
587,5870,6670,8.665647951074535e-13,0,,203,100
588,5880,6680,6.904087622888373e-13,0,,199,100
589,5890,6690,4.482698509317972e-10,0,,198,100
590,5900,6700,2.8773001473719442e-09,0,,198,100
591,5910,6710,1.9594516224600207e-09,0,,198,100
592,5920,6720,1.6151767826825868e-08,0,,197,100
593,5930,6730,1.7836589639910142e-08,0,,199,100
594,5940,6740,3.2226232213717544e-08,0,,200,100
595,5950,6750,5.93294301786665e-09,0,,200,100
596,5960,6760,9.593774421400493e-09,0,,198,100
597,5970,6770,2.7021356630533805e-09,0,,201,100
598,5980,6780,1.8631796025609533e-09,0,,202,100
599,5990,6790,3.423213260408822e-09,0,,201,100
600,6000,6800,1.7803611846181377e-09,0,,203,100
601,6010,6810,8.228939362992495e-10,0,,206,100
602,6020,6820,4.2167132123699105e-10,0,,205,100
603,6030,6830,6.000217297618366e-10,0,,203,100
604,6040,6840,4.3512052013918925e-10,0,,204,100
605,6050,6850,2.461503750767501e-10,0,,206,100
606,6060,6860,3.2074376470636954e-10,0,,203,100
607,6070,6870,1.0702567654251626e-10,0,,204,100
608,6080,6880,6.212661902997294e-11,0,,204,100
609,6090,6890,7.829493207524375e-11,0,,205,100
610,6100,6900,1.5556735264278554e-10,0,,204,100
611,6110,6910,3.274455627540281e-08,0,,209,100
612,6120,6920,2.084177034156129e-11,0,,210,100
613,6130,6930,3.3446085256342116e-17,0,,211,100
614,6140,6940,8.630958016669575e-20,0,,211,100
615,6150,6950,5.559663057185017e-21,0,,210,100
616,6160,6960,3.496615126305542e-20,0,,212,100
617,6170,6970,5.938788575434061e-21,0,,212,100
618,6180,6980,8.684770981219376e-19,0,,216,100
619,6190,6990,5.131704664748327e-20,0,,216,100
620,6200,7000,4.153967715984346e-21,0,,217,100
621,6210,7010,2.000542530724606e-16,0,,218,100
622,6220,7020,9.375259675035669e-18,0,,218,100
623,6230,7030,9.895563034685791e-19,0,,216,100
624,6240,7040,7.626618532882985e-19,0,,218,100
625,6250,7050,3.3210880794113107e-20,0,,215,100
626,6260,7060,3.807989745701112e-20,0,,216,100
627,6270,7070,4.372530077105563e-21,0,,217,100
628,6280,7080,2.514797230668337e-19,0,,216,100
629,6290,7090,1.2215813436979313e-18,0,,217,100
630,6300,7100,1.7925997466605913e-19,0,,216,100
631,6310,7110,1.6832305128757335e-18,0,,213,100
632,6320,7120,9.180986702551196e-18,0,,215,100
633,6330,7130,1.5976679268418506e-16,0,,216,100
634,6340,7140,5.244553921789416e-16,0,,214,100
635,6350,7150,4.238874745030773e-13,0,,215,100
636,6360,7160,5.846852246992486e-12,0,,214,100
637,6370,7170,1.3229139840074721e-11,0,,213,100
638,6380,7180,5.242046381993245e-11,0,,216,100
639,6390,7190,2.0646379696213675e-09,0,,214,100
640,6400,7200,2.572876741228204e-09,0,,216,100
641,6410,7210,5.000244938808114e-09,0,,216,100
642,6420,7220,3.612979085915315e-09,0,,216,100
643,6430,7230,1.875629438029886e-09,0,,214,100
644,6440,7240,7.258145868386804e-09,0,,213,100
645,6450,7250,1.80573768704851e-08,0,,211,100
646,6460,7260,1.0345179436589294e-05,0,,211,100
647,6470,7270,1.2467936035999713e-05,0,,208,100
648,6480,7280,2.759595696465512e-06,0,,205,100
649,6490,7290,1.338249735599059e-07,0,,206,100
650,6500,7300,1.164015941431738e-08,0,,206,100
651,6510,7310,9.046193207217073e-08,0,,206,100
652,6520,7320,9.064153997234933e-08,0,,208,100
653,6530,7330,1.0104231311219332e-08,0,,208,100
654,6540,7340,8.462419419738343e-11,0,,209,100
655,6550,7350,1.0970845081775207e-13,0,,210,100
656,6560,7360,2.2529539673764566e-12,0,,207,100
657,6570,7370,4.1971097306935015e-18,0,,206,100
658,6580,7380,1.9270746156802742e-16,0,,205,100
659,6590,7390,1.677769956862602e-19,0,,209,100
660,6600,7400,4.863084686881726e-34,0,,210,100
661,6610,7410,2.871675469176412e-42,0,,211,100
662,6620,7420,1.681159123250091e-45,0,,209,100
663,6630,7430,1.4277848695065074e-46,0,,210,100
664,6640,7440,5.897629012813329e-46,0,,211,100
665,6650,7450,1.7465334901467046e-44,0,,209,100
666,6660,7460,5.138741435154014e-46,0,,208,100
667,6670,7470,4.3684286661672535e-43,0,,207,100
668,6680,7480,9.121689692412095e-44,0,,209,100
669,6690,7490,1.8700902974624655e-39,0,,208,100
670,6700,7500,9.208362204525021e-37,0,,209,100
671,6710,7510,9.260871341458642e-39,0,,212,100
672,6720,7520,1.6136591754941484e-38,0,,213,100
673,6730,7530,4.843650727760971e-35,0,,215,100
674,6740,7540,8.57605786111729e-35,0,,217,100
675,6750,7550,1.656725549735942e-32,0,,216,100
676,6760,7560,7.62610594006535e-30,0,,217,100
677,6770,7570,6.504600899162391e-32,0,,217,100
678,6780,7580,2.147026432679858e-25,0,,216,100
679,6790,7590,7.085845014412575e-29,0,,216,100
680,6800,7600,7.575252925531221e-30,0,,218,100
681,6810,7610,4.155764278159969e-26,0,,219,100
682,6820,7620,1.0454878113933926e-25,0,,220,100
683,6830,7630,1.8297701529995962e-23,0,,219,100
684,6840,7640,1.2759048105433757e-23,0,,220,100
685,6850,7650,2.003268827790968e-24,0,,220,100
686,6860,7660,1.9225216138822934e-22,0,,221,100
687,6870,7670,1.509186313608914e-23,0,,221,100
688,6880,7680,6.417771022069731e-22,0,,223,100
689,6890,7690,4.506973989471914e-21,0,,224,100
690,6900,7700,2.319785797584662e-21,0,,223,100
691,6910,7710,1.574771578209245e-23,0,,220,100
692,6920,7720,1.343559444155041e-23,0,,218,100
693,6930,7730,2.356598836411665e-25,0,,218,100
694,6940,7740,3.85835659178684e-23,0,,218,100
695,6950,7750,8.628679478918654e-23,0,,220,100
696,6960,7760,6.140929590234594e-22,0,,220,100
697,6970,7770,5.914130222896889e-19,0,,218,100
698,6980,7780,3.0585743481266863e-17,0,,216,100
699,6990,7790,4.6560418887536734e-15,0,,216,100
700,7000,7800,4.828682998402622e-15,0,,216,100
701,7010,7810,4.328061753224182e-15,0,,216,100
702,7020,7820,1.9761197858399459e-16,0,,217,100
703,7030,7830,9.235654070593882e-16,0,,218,100
704,7040,7840,2.488255730289873e-16,0,,218,100
705,7050,7850,7.211590932700093e-16,0,,219,100
706,7060,7860,1.6341219238747679e-18,0,,219,100
707,7070,7870,5.919049387324362e-18,0,,219,100
708,7080,7880,2.2272265071996233e-17,0,,220,100
709,7090,7890,1.6322959908120925e-15,0,,220,100
710,7100,7900,1.6662851364351277e-17,0,,222,100
711,7110,7910,7.342275941553174e-20,0,,222,100
712,7120,7920,5.7886864437191404e-43,0,,221,100
713,7130,7930,5.651812623104083e-43,0,,222,100
714,7140,7940,1.3547571523661822e-43,0,,221,100
715,7150,7950,1.6617141368921102e-44,0,,221,100
716,7160,7960,1.8287832222800382e-48,0,,223,100
717,7170,7970,3.4601474643169326e-44,0,,223,100
718,7180,7980,4.312346967668867e-43,0,,222,100
719,7190,7990,2.014820740844981e-43,0,,224,100
720,7200,8000,4.183654788673363e-47,0,,224,100
721,7210,8010,1.1383851950567923e-46,0,,225,100
722,7220,8020,3.5982203423190565e-47,0,,227,100
723,7230,8030,5.289673146175476e-50,0,,227,100
724,7240,8040,4.7978799767236445e-48,0,,227,100
725,7250,8050,9.312205811673483e-46,0,,227,100
726,7260,8060,7.688341900084798e-46,0,,229,100
727,7270,8070,2.2398860521939634e-46,0,,230,100
728,7280,8080,2.828264970222283e-45,0,,230,100
729,7290,8090,2.9901463285402163e-41,0,,232,100
730,7300,8100,1.9729672419486148e-36,0,,232,100
731,7310,8110,6.392620204156058e-35,0,,235,100
732,7320,8120,9.876563994390684e-32,0,,234,100
733,7330,8130,8.024014260966676e-29,0,,235,100
734,7340,8140,2.4324558551348367e-26,0,,233,100
735,7350,8150,9.462546011047792e-31,0,,234,100
736,7360,8160,4.1623673852762535e-30,0,,235,100
737,7370,8170,2.6765703375741453e-30,0,,234,100
738,7380,8180,4.855115142121685e-29,0,,234,100
739,7390,8190,1.2111427428863853e-24,0,,233,100
740,7400,8200,5.381840489485748e-20,0,,232,100
741,7410,8210,1.1662294049123127e-21,0,,234,100
742,7420,8220,7.200661734782326e-25,0,,233,100
743,7430,8230,9.654016535336404e-25,0,,232,100
744,7440,8240,1.2700150867669653e-25,0,,231,100
745,7450,8250,4.1635641126859705e-26,0,,231,100
746,7460,8260,1.8002136605322125e-23,0,,232,100
747,7470,8270,2.5550458976859436e-21,0,,232,100
748,7480,8280,3.168629555600211e-21,0,,232,100
749,7490,8290,1.930255435086015e-21,0,,233,100
750,7500,8300,3.3075922385836776e-22,0,,231,100
751,7510,8310,1.3344020793016127e-20,0,,231,100
752,7520,8320,3.995835405074793e-21,0,,231,100
753,7530,8330,1.2284281993766942e-13,0,,228,100
754,7540,8340,3.3629947377999622e-31,0,,228,100
755,7550,8350,5.478682546213996e-29,0,,231,100
756,7560,8360,1.0915900202745743e-22,0,,230,100
757,7570,8370,1.9190379499529026e-40,0,,230,100
758,7580,8380,9.140245763693361e-42,0,,230,100
759,7590,8390,4.1692460348426534e-41,0,,230,100
760,7600,8400,4.4882859520606903e-42,0,,229,100
761,7610,8410,3.191563996709025e-37,0,,227,100
762,7620,8420,6.745654338731043e-34,0,,228,100
763,7630,8430,4.511409040200944e-36,0,,230,100
764,7640,8440,1.8139523043393594e-34,0,,228,100
765,7650,8450,8.47739683630923e-37,0,,227,100
766,7660,8460,7.77917337214472e-35,0,,226,100
767,7670,8470,3.5648724322686074e-35,0,,228,100
768,7680,8480,1.7389902721463577e-42,0,,226,100
769,7690,8490,9.496394138075255e-41,0,,224,100
770,7700,8500,6.421580061808882e-41,0,,226,100
771,7710,8510,1.6700678366109867e-39,0,,225,100
772,7720,8520,2.6220045504644224e-38,0,,225,100
773,7730,8530,6.196423909072598e-40,0,,226,100
774,7740,8540,5.01742203159232e-40,0,,225,100
775,7750,8550,8.816117811887454e-39,0,,224,100
776,7760,8560,4.412922200418924e-37,0,,225,100
777,7770,8570,1.2182612883807542e-34,0,,225,100
778,7780,8580,1.8903419236221216e-34,0,,223,100
779,7790,8590,3.3949211581853835e-35,0,,223,100
780,7800,8600,1.8217664203531677e-34,0,,223,100
781,7810,8610,3.761058787297421e-34,0,,223,100
782,7820,8620,4.698250950377103e-36,0,,221,100
783,7830,8630,5.847138512288276e-36,0,,222,100
784,7840,8640,7.379910977861331e-35,0,,222,100
785,7850,8650,5.067120027941352e-38,0,,222,100
786,7860,8660,3.291078088109722e-35,0,,223,100
787,7870,8670,3.2731088618601946e-34,0,,223,100
788,7880,8680,1.2816849531204291e-33,0,,222,100
789,7890,8690,1.7338995116621715e-36,0,,223,100
790,7900,8700,4.3142653990724416e-38,0,,223,100
791,7910,8710,5.132787111867062e-35,0,,224,100
792,7920,8720,2.6425747915298282e-36,0,,224,100
793,7930,8730,4.634475215262243e-34,0,,224,100
794,7940,8740,8.703643191934625e-37,0,,224,100
795,7950,8750,6.243476805555952e-39,0,,225,100
796,7960,8760,1.354406563201626e-39,0,,224,100
797,7970,8770,5.300774778546702e-39,0,,223,100
798,7980,8780,2.7735170567317175e-39,0,,223,100
799,7990,8790,1.019197208123107e-40,0,,223,100
800,8000,8800,2.591009589657967e-40,0,,223,100
801,8010,8810,1.3724819703987956e-36,0,,224,100
802,8020,8820,5.8470440739068214e-36,0,,221,100
803,8030,8830,2.3718295064111846e-37,0,,222,100
804,8040,8840,1.124033893310366e-33,0,,222,100
805,8050,8850,1.3492102008119623e-30,0,,218,100
806,8060,8860,6.7394648197347475e-31,0,,217,100
807,8070,8870,6.5011812079804645e-28,0,,217,100
808,8080,8880,7.678322816468777e-31,0,,218,100
809,8090,8890,1.1325236834660024e-32,0,,217,100
810,8100,8900,3.1725582493371995e-27,0,,213,100
811,8110,8910,2.029751674484829e-25,0,,211,100
812,8120,8920,1.703258495630356e-24,0,,212,100
813,8130,8930,4.757080101014906e-22,0,,213,100
814,8140,8940,1.118098424875208e-21,0,,212,100
815,8150,8950,4.1811710010240715e-21,0,,213,100
816,8160,8960,5.38797863426778e-22,0,,213,100
817,8170,8970,4.992800296161063e-22,0,,215,100
818,8180,8980,7.938433423775093e-20,0,,213,100
819,8190,8990,1.3589274501748141e-18,0,,215,100
820,8200,9000,2.9730469345680236e-18,0,,213,100
821,8210,9010,6.194062032308896e-20,0,,214,100
822,8220,9020,5.1067791090186865e-18,0,,212,100
823,8230,9030,9.499559433772006e-15,0,,211,100
824,8240,9040,2.8414793777953786e-15,0,,213,100
825,8250,9050,2.545069980756263e-16,0,,214,100
826,8260,9060,6.770693129850395e-13,0,,212,100
827,8270,9070,5.551401152075028e-10,0,,212,100
828,8280,9080,7.135346583693177e-19,0,,212,100
829,8290,9090,5.0360296003838755e-11,0,,212,100
830,8300,9100,2.194359301814888e-09,0,,212,100
831,8310,9110,1.0063885826974567e-08,0,,210,100
832,8320,9120,3.954797346729792e-07,0,,209,100
833,8330,9130,2.122394354753851e-07,0,,209,100
834,8340,9140,3.893548314461477e-08,0,,207,100
835,8350,9150,5.3287255456359095e-08,0,,207,100
836,8360,9160,2.5782854300677383e-08,0,,208,100
837,8370,9170,1.8145950197320516e-10,0,,207,100
838,8380,9180,5.146645575368252e-10,0,,206,100
839,8390,9190,1.015387388541784e-10,0,,205,100
840,8400,9200,4.57354879164515e-13,0,,205,100
841,8410,9210,2.0077270204430644e-14,0,,204,100
842,8420,9220,2.4822185368834583e-13,0,,204,100
843,8430,9230,7.684344293697337e-16,0,,202,100
844,8440,9240,4.283272252642028e-21,0,,203,100
845,8450,9250,2.691824350993935e-36,0,,205,100
846,8460,9260,4.843070298098301e-37,0,,206,100
847,8470,9270,1.885269458862555e-37,0,,204,100
848,8480,9280,7.773277686984085e-37,0,,203,100
849,8490,9290,1.4794249849183008e-35,0,,205,100
850,8500,9300,8.200576326525097e-35,0,,204,100
851,8510,9310,1.550122726041792e-31,0,,206,100
852,8520,9320,4.0788062242059455e-31,0,,207,100
853,8530,9330,6.1890323160917914e-27,0,,205,100
854,8540,9340,1.2428696562027854e-27,0,,207,100
855,8550,9350,5.80759301886367e-24,0,,206,100
856,8560,9360,1.4223795590418414e-20,0,,206,100
857,8570,9370,7.783287577519566e-20,0,,207,100
858,8580,9380,8.646352782614315e-19,0,,205,100
859,8590,9390,3.505241500872767e-18,0,,207,100
860,8600,9400,6.930512280655926e-17,0,,204,100
861,8610,9410,3.853927276824478e-16,0,,205,100
862,8620,9420,1.9663893498410053e-16,0,,206,100
863,8630,9430,2.8439195044693434e-16,0,,207,100
864,8640,9440,2.3224563811168017e-13,0,,205,100
865,8650,9450,1.239333656124676e-13,0,,204,100
866,8660,9460,5.625463043025641e-13,0,,205,100
867,8670,9470,1.2327788331255291e-11,0,,205,100
868,8680,9480,1.3223996949122571e-09,0,,205,100
869,8690,9490,6.232100984973533e-15,0,,204,100
870,8700,9500,8.180158975271875e-15,0,,203,100
871,8710,9510,3.8504481301632946e-14,0,,202,100
872,8720,9520,2.075946221138983e-15,0,,205,100
873,8730,9530,7.107242287036061e-17,0,,205,100
874,8740,9540,1.3539074165352539e-15,0,,206,100
875,8750,9550,4.898456432450375e-16,0,,206,100
876,8760,9560,3.79030974159754e-16,0,,206,100
877,8770,9570,8.740701278210252e-16,0,,207,100
878,8780,9580,3.3039828003613075e-23,0,,205,100
879,8790,9590,5.704762611842685e-26,0,,205,100
880,8800,9600,1.1552449644239005e-27,0,,207,100
881,8810,9610,3.361723012945941e-28,0,,205,100
882,8820,9620,4.531109133424003e-36,0,,205,100
883,8830,9630,4.711081614330804e-42,0,,204,100
884,8840,9640,1.941127575411799e-37,0,,203,100
885,8850,9650,4.3743443218656984e-36,0,,203,100
886,8860,9660,5.897875993786873e-38,0,,201,100
887,8870,9670,4.243426430913907e-35,0,,202,100
888,8880,9680,1.545835079604629e-33,0,,202,100
889,8890,9690,5.412234966223684e-37,0,,203,100
890,8900,9700,3.5096282730103782e-37,0,,203,100
891,8910,9710,3.080737776634676e-39,0,,202,100
892,8920,9720,7.1298788140498195e-50,0,,202,100
893,8930,9730,4.935822770718493e-49,0,,199,100
894,8940,9740,5.1423071011954006e-48,0,,199,100
895,8950,9750,2.6057447654925987e-48,0,,201,100
896,8960,9760,1.7700840516193224e-48,0,,202,100
897,8970,9770,1.0960188656207237e-43,0,,201,100
898,8980,9780,6.758615542560699e-41,0,,200,100
899,8990,9790,2.928652262172886e-43,0,,198,100
900,9000,9800,5.472309356814077e-42,0,,198,100
901,9010,9810,6.501236882539414e-44,0,,199,100
902,9020,9820,5.883194992652881e-45,0,,201,100
903,9030,9830,2.4306002709342413e-44,0,,204,100
904,9040,9840,1.2512728266097568e-44,0,,201,100
905,9050,9850,3.197039320740572e-47,0,,200,100
906,9060,9860,1.0858196529709507e-46,0,,199,100
907,9070,9870,8.520836023311721e-43,0,,201,100
908,9080,9880,3.0946719177275354e-42,0,,201,100
909,9090,9890,3.5442098783461107e-42,0,,203,100
910,9100,9900,4.0658546744691165e-38,0,,204,100
911,9110,9910,5.41664311686141e-38,0,,205,100
912,9120,9920,1.7190135260313668e-35,0,,204,100
913,9130,9930,1.6612097301935084e-38,0,,203,100
914,9140,9940,1.6990343412646226e-27,0,,204,100
915,9150,9950,1.2935998124365786e-33,0,,204,100
916,9160,9960,1.1200565748837483e-34,0,,201,100
917,9170,9970,1.8282924848102926e-38,0,,202,100
918,9180,9980,1.1223228570272291e-40,0,,202,100
919,9190,9990,7.016751906237953e-44,0,,203,100
920,9200,10000,7.917088642261293e-44,0,,202,100
921,9210,10010,1.4445558089354908e-44,0,,202,100
922,9220,10020,1.9917026279083098e-41,0,,201,100
923,9230,10030,8.668057908501015e-39,0,,202,100
924,9240,10040,8.271946670626474e-40,0,,201,100
925,9250,10050,3.328491731152322e-40,0,,199,100
926,9260,10060,1.1153072132071892e-43,0,,200,100
927,9270,10070,1.4801586980157814e-43,0,,201,100
928,9280,10080,3.645346686385154e-42,0,,200,100
929,9290,10090,1.610083923937318e-40,0,,200,100
930,9300,10100,1.1817594938147758e-37,0,,200,100
931,9310,10110,1.3855376251906224e-46,0,,201,100
932,9320,10120,5.74038186323343e-45,0,,199,100
933,9330,10130,4.862581406237184e-49,0,,198,100
934,9340,10140,1.2593720499814718e-47,0,,196,100
935,9350,10150,1.9386632731698135e-53,0,,196,100
936,9360,10160,1.0954826783692995e-54,0,,195,100
937,9370,10170,1.6764837241748827e-54,0,,197,100
938,9380,10180,5.095475737489573e-55,0,,198,100
939,9390,10190,1.6230243388733943e-50,0,,198,100
940,9400,10200,2.4254163167710842e-48,0,,199,100
941,9410,10210,6.142944436942403e-52,0,,199,100
942,9420,10220,6.241059593302369e-51,0,,199,100
943,9430,10230,6.74673418226108e-52,0,,198,100
944,9440,10240,6.064364420627882e-52,0,,199,100
945,9450,10250,4.337688673391139e-53,0,,199,100
946,9460,10260,1.1903604310558294e-51,0,,199,100
947,9470,10270,1.472171059386506e-52,0,,199,100
948,9480,10280,5.9939371539605355e-55,0,,199,100
949,9490,10290,2.6031549000092953e-56,0,,200,100
950,9500,10300,3.4208628410384605e-58,0,,200,100
951,9510,10310,5.251248889680718e-48,0,,201,100
952,9520,10320,7.89524347244681e-42,0,,199,100
953,9530,10330,2.278671315428802e-39,0,,200,100
954,9540,10340,1.1778050299423212e-36,0,,198,100
955,9550,10350,2.953199565301718e-35,0,,199,100
956,9560,10360,2.5757616834163987e-33,0,,197,100
957,9570,10370,1.4934872239236706e-34,0,,197,100
958,9580,10380,2.6753928121239194e-36,0,,196,100
959,9590,10390,1.636293485578103e-38,0,,198,100
960,9600,10400,1.2499915677546134e-36,0,,195,100
961,9610,10410,1.4081604586366797e-37,0,,197,100
962,9620,10420,4.750197108094803e-42,0,,197,100
963,9630,10430,1.1476101421583863e-42,0,,197,100
964,9640,10440,4.897776050119716e-42,0,,198,100
965,9650,10450,1.4817308276726485e-41,0,,197,100
966,9660,10460,2.1114675940782173e-43,0,,196,100
967,9670,10470,6.809346984535629e-45,0,,196,100
968,9680,10480,3.4310561410518163e-47,0,,196,100
969,9690,10490,3.041339832209904e-48,0,,197,100
970,9700,10500,5.692373662217264e-51,0,,198,100
971,9710,10510,6.188748492871976e-51,0,,200,100
972,9720,10520,6.438880804185196e-54,0,,199,100
973,9730,10530,6.700758921967362e-56,0,,199,100
974,9740,10540,6.080366596623006e-55,0,,201,100
975,9750,10550,6.945567490458663e-56,0,,201,100
976,9760,10560,1.8345060506841872e-59,0,,200,100
977,9770,10570,2.914405915369273e-57,0,,203,100
978,9780,10580,6.718004795262714e-54,0,,202,100
979,9790,10590,7.614092334056879e-53,0,,202,100
980,9800,10600,6.421500439227219e-52,0,,204,100
981,9810,10610,2.040334817728674e-58,0,,204,100
982,9820,10620,2.873605169714562e-56,0,,203,100
983,9830,10630,6.99380901372795e-55,0,,204,100
984,9840,10640,1.3348500393158762e-56,0,,204,100
985,9850,10650,7.283651970635053e-54,0,,208,100
986,9860,10660,1.9291696433994385e-52,0,,210,100
987,9870,10670,5.085485675630466e-51,0,,209,100
988,9880,10680,2.738653920036914e-53,0,,208,100
989,9890,10690,3.649256190517313e-54,0,,207,100
990,9900,10700,2.496013577154082e-54,0,,206,100
991,9910,10710,2.868738213351808e-54,0,,206,100
992,9920,10720,3.0234406925330766e-56,0,,209,100
993,9930,10730,2.2669771253031095e-55,0,,210,100
994,9940,10740,8.676267969243667e-56,0,,208,100
995,9950,10750,2.5422792369176208e-57,0,,208,100
996,9960,10760,5.565535711046106e-57,0,,204,100
997,9970,10770,1.4300625743296104e-58,0,,205,100
998,9980,10780,1.6858093539207853e-59,0,,205,100
999,9990,10790,9.400561982886672e-58,0,,206,100
1000,10000,10800,5.085909768207466e-55,0,,206,100
1001,10010,10810,1.9074168691281676e-52,0,,207,100
1002,10020,10820,1.130847874145959e-53,0,,207,100
1003,10030,10830,1.080849014676327e-55,0,,208,100
1004,10040,10840,3.2266363260329524e-54,0,,205,100
1005,10050,10850,6.442808665403093e-56,0,,207,100
1006,10060,10860,7.124057789571942e-56,0,,207,100
1007,10070,10870,1.9173322889845463e-57,0,,209,100
1008,10080,10880,9.661408396432104e-48,0,,208,100
1009,10090,10890,1.358179100295093e-47,0,,209,100
1010,10100,10900,9.681714714629325e-44,0,,211,100
1011,10110,10910,1.2958855939011185e-45,0,,211,100
1012,10120,10920,2.2393415271485996e-44,0,,211,100
1013,10130,10930,8.442271202970828e-39,0,,211,100
1014,10140,10940,1.0036604268860784e-40,0,,213,100
1015,10150,10950,6.269422396376924e-38,0,,215,100
1016,10160,10960,2.139189354204894e-37,0,,214,100
1017,10170,10970,8.04931572008314e-29,0,,213,100
1018,10180,10980,2.4662853071553348e-29,0,,213,100
1019,10190,10990,1.3027653654360468e-24,0,,211,100
1020,10200,11000,1.248290139987563e-27,0,,212,100
1021,10210,11010,1.2486375935425832e-28,0,,211,100
1022,10220,11020,7.728789513419751e-29,0,,211,100
1023,10230,11030,3.737796436557615e-25,0,,212,100
1024,10240,11040,3.594020848385676e-20,0,,210,100
1025,10250,11050,3.5433776518137344e-19,0,,210,100
1026,10260,11060,9.095525882701139e-22,0,,209,100
1027,10270,11070,6.3557320751676164e-15,0,,208,100
1028,10280,11080,6.735884410312275e-18,0,,207,100
1029,10290,11090,1.6338356699289908e-15,0,,207,100
1030,10300,11100,8.039421899150401e-16,0,,208,100
1031,10310,11110,4.881329806813077e-18,0,,207,100
1032,10320,11120,9.297409065076774e-19,0,,208,100
1033,10330,11130,7.946470118068819e-23,0,,207,100
1034,10340,11140,1.9520641974258945e-23,0,,206,100
1035,10350,11150,2.750206026231239e-20,0,,208,100
1036,10360,11160,2.0753837634055915e-20,0,,209,100
1037,10370,11170,5.405815830479912e-17,0,,208,100
1038,10380,11180,9.816838330448783e-18,0,,209,100
1039,10390,11190,8.105719159081682e-17,0,,209,100
1040,10400,11200,2.259226774082829e-19,0,,211,100
1041,10410,11210,2.2137762688947488e-18,0,,210,100
1042,10420,11220,6.936103027231198e-17,0,,211,100
1043,10430,11230,4.610146892446491e-21,0,,212,100
1044,10440,11240,4.507734384712875e-22,0,,213,100
1045,10450,11250,6.703427226078847e-23,0,,214,100
1046,10460,11260,7.323454742252405e-23,0,,215,100
1047,10470,11270,1.64372346648159e-20,0,,217,100
1048,10480,11280,6.3326961259246e-19,0,,220,100
1049,10490,11290,5.707359082221449e-18,0,,226,100
1050,10500,11300,1.7348433260631366e-17,0,,225,100
1051,10510,11310,4.370624176953898e-19,0,,226,100
1052,10520,11320,9.222088053680137e-19,0,,225,100
1053,10530,11330,1.0780592784235997e-22,0,,225,100
1054,10540,11340,4.0762594960931394e-40,0,,225,100
1055,10550,11350,9.640942142181393e-45,0,,223,100
1056,10560,11360,1.9404552939647733e-42,0,,224,100
1057,10570,11370,9.0922131984542e-44,0,,223,100
1058,10580,11380,2.7903812184811152e-45,0,,223,100
1059,10590,11390,3.222605205358922e-45,0,,223,100
1060,10600,11400,2.504104599156619e-47,0,,222,100
1061,10610,11410,1.1535473430002556e-46,0,,221,100
1062,10620,11420,2.1058970084561288e-44,0,,220,100
1063,10630,11430,4.443772029598452e-45,0,,224,100
1064,10640,11440,4.2239951658583284e-48,0,,225,100
1065,10650,11450,6.71009146429946e-49,0,,223,100
1066,10660,11460,2.1621073181571365e-53,0,,220,100
1067,10670,11470,6.566246235210537e-52,0,,221,100
1068,10680,11480,3.3006199182026847e-50,0,,221,100
1069,10690,11490,4.870655218242336e-51,0,,221,100
1070,10700,11500,1.153745204970737e-52,0,,219,100
1071,10710,11510,8.114558264968009e-48,0,,221,100
1072,10720,11520,6.985431878557367e-46,0,,223,100
1073,10730,11530,6.7925053381585105e-49,0,,223,100
1074,10740,11540,7.071378465025107e-50,0,,224,100
1075,10750,11550,1.508030560175175e-49,0,,222,100
1076,10760,11560,2.83095257689913e-49,0,,226,100
1077,10770,11570,2.885000279048937e-47,0,,230,100
1078,10780,11580,6.601177794227334e-48,0,,235,100
1079,10790,11590,7.199971203626279e-52,0,,233,100
1080,10800,11600,1.8415600029751565e-49,0,,232,100
1081,10810,11610,1.1679951568304781e-53,0,,232,100
1082,10820,11620,8.039802509160038e-55,0,,233,100
1083,10830,11630,2.2223804939963142e-50,0,,233,100
1084,10840,11640,1.5980846979028814e-53,0,,233,100
1085,10850,11650,1.3006400735722482e-52,0,,232,100
1086,10860,11660,1.1048458079794918e-52,0,,233,100
1087,10870,11670,8.62668395014355e-51,0,,236,100
1088,10880,11680,4.687349881848668e-50,0,,234,100
1089,10890,11690,2.576095249376373e-53,0,,232,100
1090,10900,11700,1.334975904267417e-60,0,,232,100
1091,10910,11710,2.8345398717442883e-59,0,,232,100
1092,10920,11720,2.789176006953972e-60,0,,230,100
1093,10930,11730,5.951804267978985e-57,0,,235,100
1094,10940,11740,1.3573051991166887e-57,0,,234,100
1095,10950,11750,3.2406559250509606e-59,0,,231,100
1096,10960,11760,3.312672397768966e-58,0,,233,100
1097,10970,11770,7.186292821178681e-58,0,,234,100
1098,10980,11780,7.585514643501123e-59,0,,232,100
1099,10990,11790,2.4704689056348835e-58,0,,234,100
1100,11000,11800,4.677628248685079e-58,0,,235,100
1101,11010,11810,1.9477936811019477e-54,0,,236,100
1102,11020,11820,1.9405506340817337e-51,0,,236,100
1103,11030,11830,4.1386791716319385e-53,0,,237,100
1104,11040,11840,1.1848806524256575e-53,0,,237,100
1105,11050,11850,9.866418124761778e-54,0,,238,100
1106,11060,11860,2.117357870347789e-49,0,,240,100
1107,11070,11870,2.339135192173203e-44,0,,240,100
1108,11080,11880,1.538816003308278e-48,0,,242,100
1109,11090,11890,1.8440691994388427e-49,0,,241,100
1110,11100,11900,2.2506654684323556e-42,0,,243,100
1111,11110,11910,3.565032954266331e-38,0,,244,100
1112,11120,11920,1.0479878099210797e-37,0,,241,100
1113,11130,11930,1.8730557628802336e-38,0,,240,100
1114,11140,11940,1.470648341592099e-38,0,,241,100
1115,11150,11950,3.808832831041509e-40,0,,241,100
1116,11160,11960,3.218296551974632e-38,0,,239,100
1117,11170,11970,9.221606369247697e-37,0,,240,100
1118,11180,11980,8.867823980053281e-37,0,,241,100
1119,11190,11990,1.717015848786767e-31,0,,240,100
1120,11200,12000,4.1979058023055514e-33,0,,237,100
1121,11210,12010,3.516765400950232e-29,0,,238,100
1122,11220,12020,7.429680184700997e-29,0,,236,100
1123,11230,12030,4.770500625151743e-22,0,,237,100
1124,11240,12040,5.457799276003288e-22,0,,236,100
1125,11250,12050,6.249285855396888e-22,0,,235,100
1126,11260,12060,5.302418303647718e-21,0,,235,100
1127,11270,12070,4.4750657862555095e-15,0,,230,100
1128,11280,12080,2.8009274881682015e-16,0,,227,100
1129,11290,12090,3.417714745573834e-15,0,,220,100
1130,11300,12100,1.2282731137224489e-14,0,,221,100
1131,11310,12110,3.8671114422802614e-14,0,,219,100
1132,11320,12120,9.066932866653867e-12,0,,221,100
1133,11330,12130,3.507996789598813e-20,0,,219,100
1134,11340,12140,1.2021640881886464e-22,0,,220,100
1135,11350,12150,3.0820639611806116e-22,0,,220,100
1136,11360,12160,9.044659883349845e-25,0,,219,100
1137,11370,12170,4.2254727778761766e-27,0,,218,100
1138,11380,12180,1.2156260946700843e-39,0,,219,100
1139,11390,12190,7.000241639845173e-36,0,,219,100
1140,11400,12200,2.1365380765627078e-38,0,,220,100
1141,11410,12210,6.653435265598071e-44,0,,219,100
1142,11420,12220,8.58460723308921e-46,0,,222,100
1143,11430,12230,3.041187358987593e-54,0,,217,100
1144,11440,12240,3.315432623369428e-48,0,,215,100
1145,11450,12250,6.004692552610659e-51,0,,216,100
1146,11460,12260,2.1199644820267e-50,0,,218,100
1147,11470,12270,1.502334078364255e-50,0,,217,100
1148,11480,12280,1.0874237011905304e-51,0,,218,100
1149,11490,12290,1.3166992334050472e-51,0,,218,100
1150,11500,12300,1.626968155635449e-51,0,,218,100
1151,11510,12310,1.1892752599535764e-48,0,,216,100
1152,11520,12320,1.2827167519703822e-45,0,,213,100
1153,11530,12330,1.166695015681047e-43,0,,214,100
1154,11540,12340,7.603896925650843e-50,0,,215,100
1155,11550,12350,2.137987654963411e-49,0,,214,100
1156,11560,12360,7.71798177551911e-49,0,,212,100
1157,11570,12370,7.202275841566163e-46,0,,206,100
1158,11580,12380,5.216281680924535e-42,0,,202,100
1159,11590,12390,5.398512004070564e-41,0,,202,100
1160,11600,12400,6.086483082333379e-41,0,,203,100
1161,11610,12410,8.195409638251807e-38,0,,203,100
1162,11620,12420,1.0886382668774887e-34,0,,202,100
1163,11630,12430,6.979782727212111e-35,0,,203,100
1164,11640,12440,1.508414260095749e-31,0,,205,100
1165,11650,12450,2.967248452238748e-29,0,,205,100
1166,11660,12460,1.5901702287409115e-23,0,,202,100
1167,11670,12470,1.0209612363009208e-23,0,,204,100
1168,11680,12480,3.788186411741457e-24,0,,202,100
1169,11690,12490,1.3863434018233653e-24,0,,201,100
1170,11700,12500,2.5178544727767763e-19,0,,203,100
1171,11710,12510,3.93610814279594e-15,0,,204,100
1172,11720,12520,1.5940357289135168e-12,0,,205,100
1173,11730,12530,7.483911223237467e-12,0,,202,100
1174,11740,12540,7.234467190011811e-13,0,,202,100
1175,11750,12550,6.756741646110842e-13,0,,201,100
1176,11760,12560,6.578806222989177e-10,0,,199,100
1177,11770,12570,6.577794559532329e-09,0,,199,100
1178,11780,12580,7.663749521816687e-08,0,,200,100
1179,11790,12590,2.0039032916868274e-06,0,,199,100
1180,11800,12600,3.7278374978107886e-07,0,,195,100
1181,11810,12610,1.2350067177470341e-07,0,,197,100
1182,11820,12620,1.7582505604343668e-08,0,,194,100
1183,11830,12630,8.824724363250904e-13,0,,194,100
1184,11840,12640,1.3569819698623196e-15,0,,193,100
1185,11850,12650,7.795548912362527e-15,0,,193,100
1186,11860,12660,1.2021572705611686e-14,0,,194,100
1187,11870,12670,2.405106871417544e-13,0,,194,100
1188,11880,12680,5.1553714879533285e-20,0,,192,100
1189,11890,12690,2.1437248954654463e-29,0,,192,100
1190,11900,12700,2.985618037459366e-34,0,,189,100
1191,11910,12710,1.819039522580285e-33,0,,189,100
1192,11920,12720,1.9842516171125278e-36,0,,189,100
1193,11930,12730,7.76746469704066e-43,0,,191,100
1194,11940,12740,7.417114143740185e-48,0,,191,100
1195,11950,12750,2.4516844332462866e-46,0,,191,100
1196,11960,12760,3.9291728877844627e-44,0,,191,100
1197,11970,12770,7.107918872545278e-40,0,,188,100
1198,11980,12780,6.529671247820903e-42,0,,189,100
1199,11990,12790,6.5888676124946e-38,0,,190,100
1200,12000,12800,4.5620733145321255e-39,0,,191,100
1201,12010,12810,1.927219842689912e-39,0,,192,100
1202,12020,12820,4.7015459157163823e-38,0,,192,100
1203,12030,12830,6.320775883719337e-34,0,,191,100
1204,12040,12840,1.2615583873039422e-30,0,,192,100
1205,12050,12850,5.126302541395257e-30,0,,193,100
1206,12060,12860,3.1076352671510837e-30,0,,195,100
1207,12070,12870,9.415980775862188e-31,0,,196,100
1208,12080,12880,6.718269591063871e-28,0,,195,100
1209,12090,12890,1.56312047187769e-23,0,,198,100
1210,12100,12900,2.77154229150715e-22,0,,195,100
1211,12110,12910,9.424825217200689e-23,0,,198,100
1212,12120,12920,2.549377314281644e-19,0,,199,100
1213,12130,12930,1.4882384796285266e-20,0,,201,100
1214,12140,12940,4.998790195921582e-19,0,,199,100
1215,12150,12950,5.694019031187639e-17,0,,200,100
1216,12160,12960,1.4149428609837207e-15,0,,201,100
1217,12170,12970,1.7799381604770703e-13,0,,203,100
1218,12180,12980,3.474585673762734e-13,0,,199,100
1219,12190,12990,8.7196101147173e-15,0,,200,100
1220,12200,13000,1.0600237174656125e-15,0,,200,100
1221,12210,13010,2.558696826071782e-16,0,,199,100
1222,12220,13020,2.8823555857487913e-18,0,,199,100
1223,12230,13030,9.909490642160121e-19,0,,199,100
1224,12240,13040,1.0129726439106046e-18,0,,198,100
1225,12250,13050,3.041976714288254e-20,0,,197,100
1226,12260,13060,5.489139672163654e-18,0,,196,100
1227,12270,13070,1.6084749484093191e-21,0,,196,100
1228,12280,13080,9.994021415654601e-44,0,,196,100
1229,12290,13090,4.707593865573373e-43,0,,196,100
1230,12300,13100,1.5117265808976223e-45,0,,198,100
1231,12310,13110,3.3767297148597544e-47,0,,200,100
1232,12320,13120,5.457545451697338e-45,0,,200,100
1233,12330,13130,4.732898240718536e-43,0,,199,100
1234,12340,13140,5.909193692237467e-42,0,,203,100
1235,12350,13150,3.659789887571191e-42,0,,202,100
1236,12360,13160,6.834478129880587e-45,0,,203,100
1237,12370,13170,1.185827282145065e-44,0,,205,100
1238,12380,13180,4.5996583404074726e-45,0,,205,100
1239,12390,13190,6.922837926144943e-46,0,,206,100
1240,12400,13200,2.257867400888417e-45,0,,205,100
1241,12410,13210,1.4443802442519555e-45,0,,211,100
1242,12420,13220,1.3471313710828327e-43,0,,212,100
1243,12430,13230,3.529629796065879e-39,0,,211,100
1244,12440,13240,1.7134497174794313e-39,0,,208,100
1245,12450,13250,2.88953712479256e-42,0,,210,100
1246,12460,13260,4.0661350609663093e-48,0,,209,100
1247,12470,13270,1.3296514918592004e-49,0,,212,100
1248,12480,13280,8.022853847608968e-50,0,,213,100
1249,12490,13290,6.77674981996116e-48,0,,213,100
1250,12500,13300,6.265062310171729e-50,0,,212,100
1251,12510,13310,7.110974598141523e-44,0,,211,100
1252,12520,13320,4.532568259921486e-43,0,,210,100
1253,12530,13330,4.0647784751682554e-45,0,,211,100
1254,12540,13340,1.433407809007401e-44,0,,210,100
1255,12550,13350,5.60675244486369e-43,0,,212,100
1256,12560,13360,2.0116500777346013e-44,0,,213,100
1257,12570,13370,4.803272241738283e-43,0,,215,100
1258,12580,13380,2.6503197926546096e-42,0,,213,100
1259,12590,13390,3.1850731231478984e-42,0,,215,100
1260,12600,13400,9.467525448237198e-45,0,,214,100
1261,12610,13410,4.645547948400603e-41,0,,213,100
1262,12620,13420,2.619429806218091e-42,0,,213,100
1263,12630,13430,2.2138826609720822e-45,0,,214,100
1264,12640,13440,1.7560136263155694e-45,0,,218,100
1265,12650,13450,3.088882815509164e-44,0,,219,100
1266,12660,13460,2.7861026538544335e-45,0,,224,100
1267,12670,13470,5.489807124080799e-44,0,,223,100
1268,12680,13480,2.601458923491136e-41,0,,223,100
1269,12690,13490,2.2072897988873253e-41,0,,225,100
1270,12700,13500,2.53932781344707e-41,0,,225,100
1271,12710,13510,3.1590878705024525e-39,0,,225,100
1272,12720,13520,1.6860608490069594e-39,0,,226,100
1273,12730,13530,1.3755888954181217e-39,0,,226,100
1274,12740,13540,1.3064635273085457e-39,0,,226,100
1275,12750,13550,1.763416606441332e-39,0,,225,100
1276,12760,13560,3.5032280877299242e-40,0,,226,100
1277,12770,13570,3.5023600291998353e-40,0,,226,100
1278,12780,13580,1.2059584795963157e-38,0,,226,100
1279,12790,13590,2.7223993594957614e-40,0,,228,100
1280,12800,13600,1.897386131761779e-40,0,,227,100
1281,12810,13610,1.2898094567222227e-40,0,,226,100
1282,12820,13620,6.80175067401659e-43,0,,229,100
1283,12830,13630,7.292517830114388e-40,0,,228,100
1284,12840,13640,3.7808182000922167e-41,0,,228,100
1285,12850,13650,1.239946060350534e-42,0,,226,100
1286,12860,13660,2.1051305111074846e-42,0,,226,100
1287,12870,13670,5.229895451800549e-41,0,,227,100
1288,12880,13680,2.7927144912260595e-40,0,,228,100
1289,12890,13690,1.486463443452441e-44,0,,226,100
1290,12900,13700,4.1510947033974463e-44,0,,226,100
1291,12910,13710,1.3046059741062127e-48,0,,224,100
1292,12920,13720,2.6842023884068277e-48,0,,224,100
1293,12930,13730,8.226665416200891e-46,0,,224,100
1294,12940,13740,3.2119966153642976e-46,0,,225,100
1295,12950,13750,4.821008182650885e-51,0,,224,100
1296,12960,13760,1.8090608282133428e-53,0,,225,100
1297,12970,13770,1.284708493051793e-55,0,,226,100
1298,12980,13780,7.235967984145106e-54,0,,226,100
1299,12990,13790,5.3307902683852255e-53,0,,225,100
1300,13000,13800,3.706508779096884e-49,0,,226,100
1301,13010,13810,3.605974926080276e-50,0,,228,100
1302,13020,13820,1.0043783787240948e-50,0,,225,100
1303,13030,13830,1.3904989765827927e-53,0,,227,100
1304,13040,13840,3.080869847169181e-52,0,,226,100
1305,13050,13850,4.877287974450138e-53,0,,228,100
1306,13060,13860,4.723744876128582e-56,0,,228,100
1307,13070,13870,5.974003677287715e-56,0,,228,100
1308,13080,13880,7.239972166952257e-55,0,,229,100
1309,13090,13890,5.0376241139160885e-55,0,,230,100
1310,13100,13900,7.439999879374312e-53,0,,230,100
1311,13110,13910,4.1415779602377946e-53,0,,228,100
1312,13120,13920,8.503821374819169e-54,0,,228,100
1313,13130,13930,5.090446992208438e-55,0,,229,100
1314,13140,13940,1.217961101027968e-52,0,,227,100
1315,13150,13950,2.0409712704968734e-47,0,,226,100
1316,13160,13960,9.370724088837075e-46,0,,226,100
1317,13170,13970,1.0512508703106198e-45,0,,225,100
1318,13180,13980,1.8422836930604974e-46,0,,227,100
1319,13190,13990,1.0919972649396732e-49,0,,227,100
1320,13200,14000,3.1423523826254693e-47,0,,227,100
1321,13210,14010,1.727188407743093e-34,0,,225,100
1322,13220,14020,2.655655784476958e-33,0,,223,100
1323,13230,14030,6.268204888028615e-33,0,,225,100
1324,13240,14040,1.3469490303718398e-30,0,,225,100
1325,13250,14050,4.946911533250076e-24,0,,223,100
1326,13260,14060,1.6244509859862862e-23,0,,225,100
1327,13270,14070,4.062896250162523e-21,0,,225,100
1328,13280,14080,1.1379219009937315e-20,0,,225,100
1329,13290,14090,8.815956966722284e-20,0,,224,100
1330,13300,14100,4.2388580672900944e-16,0,,223,100
1331,13310,14110,2.2790572784290526e-15,0,,224,100
1332,13320,14120,1.5025820108222344e-16,0,,225,100
1333,13330,14130,3.380609081935106e-17,0,,226,100
1334,13340,14140,2.948606961869827e-20,0,,226,100
1335,13350,14150,2.1623049015747365e-18,0,,224,100
1336,13360,14160,2.121098328084894e-17,0,,223,100
1337,13370,14170,3.663988697359907e-18,0,,222,100
1338,13380,14180,5.698026608652669e-19,0,,224,100
1339,13390,14190,9.981170315273085e-18,0,,225,100
1340,13400,14200,3.400505428873144e-19,0,,225,100
1341,13410,14210,1.549849154418082e-18,0,,227,100
1342,13420,14220,1.866286705655015e-19,0,,226,100
1343,13430,14230,8.673360534651825e-21,0,,225,100
1344,13440,14240,1.3682837129844779e-49,0,,221,100
1345,13450,14250,2.232043293360758e-46,0,,219,100
1346,13460,14260,1.395627268392229e-41,0,,214,100
1347,13470,14270,1.4478380164244457e-41,0,,216,100
1348,13480,14280,7.131180881199452e-42,0,,214,100
1349,13490,14290,2.6484095167698708e-39,0,,213,100
1350,13500,14300,1.622734953422677e-39,0,,212,100
1351,13510,14310,1.1389733087458682e-40,0,,214,100
1352,13520,14320,2.9545315024100784e-37,0,,212,100
1353,13530,14330,2.6951978780903864e-35,0,,211,100
1354,13540,14340,3.5851602437335654e-35,0,,211,100
1355,13550,14350,2.91616804878549e-38,0,,211,100
1356,13560,14360,3.82299762349629e-39,0,,211,100
1357,13570,14370,1.5929371753776243e-38,0,,212,100
1358,13580,14380,2.091138899785389e-39,0,,211,100
1359,13590,14390,3.496957067330823e-46,0,,209,100
1360,13600,14400,6.628312493180963e-46,0,,208,100
1361,13610,14410,5.872203673951818e-48,0,,210,100
1362,13620,14420,2.4998972514132626e-45,0,,208,100
1363,13630,14430,2.1471487783347687e-49,0,,207,100
1364,13640,14440,7.69323292372116e-49,0,,207,100
1365,13650,14450,2.1087617298199898e-48,0,,209,100
1366,13660,14460,1.7570971072497765e-47,0,,206,100
1367,13670,14470,5.453681550341528e-47,0,,206,100
1368,13680,14480,1.5145611494264188e-39,0,,206,100
1369,13690,14490,1.5473581468275864e-40,0,,205,100
1370,13700,14500,6.896140090352182e-36,0,,205,100
1371,13710,14510,4.3886074312228374e-46,0,,205,100
1372,13720,14520,1.1619664468921814e-47,0,,205,100
1373,13730,14530,6.203261457749905e-47,0,,205,100
1374,13740,14540,2.3125915824733272e-43,0,,204,100
1375,13750,14550,3.0228334988800974e-46,0,,207,100
1376,13760,14560,7.32894603863135e-37,0,,208,100
1377,13770,14570,1.1981540463598697e-39,0,,207,100
1378,13780,14580,8.399303785871395e-39,0,,208,100
1379,13790,14590,1.1386806853611928e-40,0,,207,100
1380,13800,14600,8.165173736846887e-55,0,,208,100
1381,13810,14610,1.5025101913936638e-46,0,,205,100
1382,13820,14620,8.025275331695938e-44,0,,206,100
1383,13830,14630,3.501797019451643e-48,0,,208,100
1384,13840,14640,3.7104557629983696e-49,0,,207,100
1385,13850,14650,2.3701534227800534e-48,0,,208,100
1386,13860,14660,6.018868940167989e-49,0,,207,100
1387,13870,14670,2.4038107439348697e-45,0,,209,100
1388,13880,14680,8.130550146628646e-47,0,,207,100
1389,13890,14690,1.6714139935426412e-45,0,,204,100
1390,13900,14700,1.605315221464455e-46,0,,205,100
1391,13910,14710,8.057460358322788e-44,0,,205,100
1392,13920,14720,1.0185628870726726e-42,0,,207,100
1393,13930,14730,1.2960606780055129e-42,0,,206,100
1394,13940,14740,1.1744315138265187e-44,0,,207,100
1395,13950,14750,1.0462683614439953e-41,0,,207,100
1396,13960,14760,2.8148674656172255e-42,0,,206,100
1397,13970,14770,8.015445780526545e-41,0,,204,100
1398,13980,14780,4.100006523599049e-43,0,,204,100
1399,13990,14790,3.390029057758404e-42,0,,203,100
1400,14000,14800,4.913840634634373e-41,0,,201,100
1401,14010,14810,1.00944614239382e-39,0,,202,100
1402,14020,14820,1.2062984832241032e-43,0,,203,100
1403,14030,14830,2.1435073107218555e-40,0,,201,100
1404,14040,14840,2.3149609356135613e-40,0,,201,100
1405,14050,14850,1.0031523087898036e-39,0,,202,100
1406,14060,14860,7.560651960296893e-42,0,,202,100
1407,14070,14870,5.64053298532468e-43,0,,202,100
1408,14080,14880,1.1428394144172018e-44,0,,202,100
1409,14090,14890,1.9781832693295857e-43,0,,201,100
1410,14100,14900,2.2982918751785616e-43,0,,200,100
1411,14110,14910,2.045508892875767e-41,0,,199,100
1412,14120,14920,5.005082825359912e-47,0,,200,100
1413,14130,14930,4.96555489837263e-50,0,,201,100
1414,14140,14940,1.700578063260194e-49,0,,199,100
1415,14150,14950,9.497511219685156e-51,0,,202,100
1416,14160,14960,1.8407195415259356e-48,0,,203,100
1417,14170,14970,2.713613277519121e-51,0,,203,100
1418,14180,14980,3.050060901265133e-53,0,,202,100
1419,14190,14990,2.675173382554789e-56,0,,203,100
1420,14200,15000,2.5438865919210803e-62,0,,203,100
1421,14210,15010,2.3957149390761817e-61,0,,204,100
1422,14220,15020,5.3607307719930754e-61,0,,204,100
1423,14230,15030,1.0340036305856533e-58,0,,206,100
1424,14240,15040,4.061805115210018e-62,0,,206,100
1425,14250,15050,1.5435750758318813e-58,0,,206,100
1426,14260,15060,3.8600323259009436e-63,0,,205,100
1427,14270,15070,4.727764866179798e-64,0,,203,100
1428,14280,15080,4.232342210640599e-65,0,,205,100
1429,14290,15090,8.874693581781176e-66,0,,204,100
1430,14300,15100,3.5624761667698446e-65,0,,203,100
1431,14310,15110,1.4149000009696496e-61,0,,202,100
1432,14320,15120,6.423237573615818e-60,0,,201,100
1433,14330,15130,5.359228480172426e-60,0,,203,100
1434,14340,15140,3.2101214933720166e-61,0,,204,100
1435,14350,15150,4.5373213756978764e-60,0,,204,100
1436,14360,15160,1.6628050265544363e-60,0,,204,100
1437,14370,15170,1.4588554378787296e-60,0,,205,100
1438,14380,15180,5.063007858121399e-62,0,,203,100
1439,14390,15190,3.3633595558557756e-60,0,,206,100
1440,14400,15200,4.667878137355457e-55,0,,205,100
1441,14410,15210,6.718794317171893e-54,0,,203,100
1442,14420,15220,1.1710882774194418e-52,0,,204,100
1443,14430,15230,1.8843625150186899e-53,0,,205,100
1444,14440,15240,9.79192245055462e-51,0,,203,100
1445,14450,15250,5.568428453488621e-54,0,,204,100
1446,14460,15260,2.4662494136415754e-57,0,,205,100
1447,14470,15270,9.538152903078219e-57,0,,206,100
1448,14480,15280,1.7064834042825573e-58,0,,204,100
1449,14490,15290,8.507990501243812e-57,0,,206,100
1450,14500,15300,1.354786807427496e-56,0,,205,100
1451,14510,15310,1.298306412591944e-56,0,,204,100
1452,14520,15320,1.2765556738554797e-55,0,,204,100
1453,14530,15330,5.505804444865564e-55,0,,205,100
1454,14540,15340,4.9518617258376294e-55,0,,206,100
1455,14550,15350,9.644501559825173e-59,0,,201,100
1456,14560,15360,6.420851393267583e-59,0,,200,100
1457,14570,15370,1.4882157027419745e-59,0,,200,100
1458,14580,15380,1.523145622599598e-60,0,,200,100
1459,14590,15390,3.543771313393165e-61,0,,200,100
1460,14600,15400,2.9144173870119645e-61,0,,199,100
1461,14610,15410,3.761491695353285e-63,0,,199,100
1462,14620,15420,8.903435929856845e-61,0,,199,100
1463,14630,15430,6.991500853090344e-55,0,,196,100
1464,14640,15440,1.5375018677739026e-52,0,,198,100
1465,14650,15450,7.503707046616536e-51,0,,199,100
1466,14660,15460,5.002149900335009e-52,0,,198,100
1467,14670,15470,2.3000834910213365e-48,0,,195,100
1468,14680,15480,3.36184780690464e-54,0,,196,100
1469,14690,15490,2.5773549814934332e-48,0,,196,100
1470,14700,15500,1.9238645627432762e-53,0,,196,100
1471,14710,15510,6.598380616731079e-58,0,,197,100
1472,14720,15520,6.673282581630072e-58,0,,194,100
1473,14730,15530,2.1479912507930015e-60,0,,195,100
1474,14740,15540,5.432963815967862e-56,0,,195,100
1475,14750,15550,3.8582741933321576e-54,0,,194,100
1476,14760,15560,7.783181760504232e-52,0,,194,100
1477,14770,15570,8.138849330631881e-51,0,,196,100
1478,14780,15580,8.464430762006187e-58,0,,192,100
1479,14790,15590,1.5909813969138635e-59,0,,193,100
1480,14800,15600,1.5787949282815558e-60,0,,191,100
1481,14810,15610,7.600289208805434e-63,0,,191,100
1482,14820,15620,1.1549299892312957e-61,0,,191,100
1483,14830,15630,8.786795991501196e-66,0,,195,100
1484,14840,15640,3.0833135203940693e-72,0,,193,100
1485,14850,15650,2.1282022810517388e-73,0,,193,100
1486,14860,15660,4.0912570490309615e-73,0,,192,100
1487,14870,15670,4.488503464122655e-65,0,,190,100
1488,14880,15680,4.1479815133581756e-66,0,,191,100
1489,14890,15690,4.425789850404631e-66,0,,193,100
1490,14900,15700,2.173068397780954e-65,0,,194,100
1491,14910,15710,1.1132762782570877e-60,0,,193,100
1492,14920,15720,4.891640338189414e-56,0,,194,100
1493,14930,15730,2.1542639366265806e-58,0,,194,100
1494,14940,15740,1.1766312864153265e-55,0,,192,100
1495,14950,15750,3.7201995596191335e-51,0,,192,100
1496,14960,15760,4.058694142510205e-49,0,,192,100
1497,14970,15770,1.9749676749886145e-47,0,,191,100
1498,14980,15780,1.764804196655614e-42,0,,190,100
1499,14990,15790,2.166370394893175e-39,0,,190,100
1500,15000,15800,1.986783986224526e-39,0,,190,100
1501,15010,15810,5.3614161133064164e-36,0,,191,100
1502,15020,15820,4.486726655339313e-35,0,,189,100
1503,15030,15830,7.802550163961742e-35,0,,188,100
1504,15040,15840,1.2772271746421212e-35,0,,190,100
1505,15050,15850,1.2338766423889901e-33,0,,191,100
1506,15060,15860,4.55515967268175e-34,0,,192,100
1507,15070,15870,5.539343293441038e-32,0,,189,100
1508,15080,15880,2.4565239087940768e-31,0,,191,100
1509,15090,15890,1.1357569107186564e-31,0,,192,100
1510,15100,15900,2.07513460939689e-31,0,,194,100
1511,15110,15910,5.11051741078598e-34,0,,191,100
1512,15120,15920,5.037784320295105e-35,0,,192,100
1513,15130,15930,6.658427190514392e-37,0,,192,100
1514,15140,15940,2.9247613967405197e-34,0,,191,100
1515,15150,15950,2.8530085333854793e-36,0,,192,100
1516,15160,15960,1.7532342828317443e-38,0,,192,100
1517,15170,15970,2.427884992931686e-43,0,,194,100
1518,15180,15980,3.008919362829182e-47,0,,195,100
1519,15190,15990,2.363310623854245e-47,0,,192,100
1520,15200,16000,4.9208426915639e-48,0,,192,100
1521,15210,16010,3.594195293280015e-50,0,,193,100
1522,15220,16020,1.887876641722199e-52,0,,194,100
1523,15230,16030,2.197912928023705e-52,0,,193,100
1524,15240,16040,1.4694358792339077e-55,0,,196,100
1525,15250,16050,7.750380157727204e-57,0,,195,100
1526,15260,16060,1.4273117579297607e-55,0,,193,100
1527,15270,16070,3.6846511547128584e-56,0,,193,100
1528,15280,16080,3.384815878918578e-56,0,,193,100
1529,15290,16090,1.6113163120938693e-56,0,,194,100
1530,15300,16100,1.3474955303882569e-55,0,,194,100
1531,15310,16110,2.5146858713119296e-54,0,,194,100
1532,15320,16120,1.5845897329541613e-59,0,,193,100
1533,15330,16130,1.0323530871311644e-57,0,,193,100
1534,15340,16140,2.4125916854507285e-61,0,,193,100
1535,15350,16150,2.8586992311107606e-60,0,,192,100
1536,15360,16160,5.344426278312479e-62,0,,193,100
1537,15370,16170,7.53501498484968e-60,0,,195,100
1538,15380,16180,1.130101246974778e-56,0,,195,100
1539,15390,16190,1.284374715816153e-56,0,,198,100
1540,15400,16200,1.7462538017904117e-55,0,,198,100
1541,15410,16210,4.8288282391027094e-51,0,,198,100
1542,15420,16220,2.9719382744734853e-50,0,,200,100
1543,15430,16230,3.4937932917257416e-45,0,,199,100
1544,15440,16240,2.494768820394046e-40,0,,199,100
1545,15450,16250,1.1132393721970086e-37,0,,200,100
1546,15460,16260,1.9182528806351725e-34,0,,200,100
1547,15470,16270,2.3211955037557356e-31,0,,200,100
1548,15480,16280,9.486170092026652e-27,0,,199,100
1549,15490,16290,1.119832363828307e-26,0,,200,100
1550,15500,16300,9.377268695963142e-26,0,,197,100
1551,15510,16310,4.2476526230265604e-24,0,,198,100
1552,15520,16320,5.667636672697629e-22,0,,199,100
1553,15530,16330,5.876502177817148e-20,0,,199,100
1554,15540,16340,2.313910296639579e-16,0,,198,100
1555,15550,16350,2.831205647889831e-16,0,,201,100
1556,15560,16360,1.415225120032725e-11,0,,200,100
1557,15570,16370,1.3447993408007636e-11,0,,202,100
1558,15580,16380,8.08666738588355e-10,0,,201,100
1559,15590,16390,2.8499987833579403e-08,0,,201,100
1560,15600,16400,4.315034480195211e-09,0,,203,100
1561,15610,16410,2.8145931801171504e-08,0,,201,100
1562,15620,16420,2.0610936537579997e-07,0,,201,100
1563,15630,16430,5.78081146038298e-10,0,,198,100
1564,15640,16440,6.02817701066589e-12,0,,200,100
1565,15650,16450,6.057401575101962e-12,0,,203,100
1566,15660,16460,1.0324793860663467e-11,0,,202,100
1567,15670,16470,3.757469435852022e-11,0,,205,100
1568,15680,16480,1.315647336908647e-10,0,,205,100
1569,15690,16490,1.1999178808764599e-11,0,,204,100
1570,15700,16500,5.56133202357065e-12,0,,204,100
1571,15710,16510,2.418463711977039e-11,0,,205,100
1572,15720,16520,8.827515924643291e-13,0,,203,100
1573,15730,16530,1.3989974986299444e-14,0,,204,100
1574,15740,16540,2.6129383477946834e-15,0,,206,100
1575,15750,16550,2.5242588025109597e-13,0,,207,100
1576,15760,16560,1.1114535447066345e-16,0,,207,100
1577,15770,16570,1.1002226012601854e-16,0,,210,100
1578,15780,16580,3.0806226840203244e-17,0,,208,100
1579,15790,16590,1.0360726802605344e-14,0,,210,100
1580,15800,16600,4.7947926510858175e-17,0,,209,100
1581,15810,16610,3.848229582997128e-17,0,,210,100
1582,15820,16620,2.3155433585227664e-16,0,,209,100
1583,15830,16630,1.2119723513885798e-17,0,,208,100
1584,15840,16640,4.0565692702669726e-14,0,,208,100
1585,15850,16650,3.1292590881394185e-16,0,,209,100
1586,15860,16660,1.0278144437952276e-15,0,,210,100
1587,15870,16670,1.3238748756328094e-14,0,,208,100
1588,15880,16680,1.1756851382693183e-15,0,,211,100
1589,15890,16690,4.140094058474057e-17,0,,211,100
1590,15900,16700,1.925161978697097e-18,0,,213,100
1591,15910,16710,3.9084003728616926e-20,0,,213,100
1592,15920,16720,4.3832809784121495e-23,0,,216,100
1593,15930,16730,2.8835007826957557e-22,0,,217,100
1594,15940,16740,3.0858785603962952e-24,0,,217,100
1595,15950,16750,1.7669370570768697e-29,0,,217,100
1596,15960,16760,1.6577581564063746e-43,0,,216,100
1597,15970,16770,1.1391916189932431e-48,0,,213,100
1598,15980,16780,1.7919256785343233e-48,0,,214,100
1599,15990,16790,8.194422582369546e-48,0,,214,100
1600,16000,16800,1.3249647186943762e-48,0,,215,100
1601,16010,16810,4.165413302734731e-49,0,,214,100
1602,16020,16820,3.138709635668579e-50,0,,214,100
1603,16030,16830,2.5696254416376517e-50,0,,217,100
1604,16040,16840,6.194852963186541e-54,0,,217,100
1605,16050,16850,1.5687245364573327e-52,0,,216,100
1606,16060,16860,4.7006438809676824e-55,0,,217,100
1607,16070,16870,5.856705693656438e-51,0,,216,100
1608,16080,16880,1.02476430657401e-51,0,,216,100
1609,16090,16890,3.64607456838655e-46,0,,214,100
1610,16100,16900,1.3560686966350323e-47,0,,216,100
1611,16110,16910,2.112830005073932e-45,0,,217,100
1612,16120,16920,2.1398662973009542e-44,0,,217,100
1613,16130,16930,1.0644963505841139e-42,0,,214,100
1614,16140,16940,5.665051122016688e-46,0,,214,100
1615,16150,16950,7.319246488060017e-43,0,,214,100
1616,16160,16960,3.5129610884216037e-44,0,,213,100
1617,16170,16970,4.361145084938109e-45,0,,215,100
1618,16180,16980,7.350262466956612e-46,0,,216,100
1619,16190,16990,4.321836473028921e-48,0,,214,100
1620,16200,17000,4.6459484616652145e-48,0,,215,100
1621,16210,17010,2.3092693735161934e-51,0,,213,100
1622,16220,17020,1.2422465315642666e-50,0,,212,100
1623,16230,17030,9.801263513308377e-47,0,,212,100
1624,16240,17040,2.381201642379767e-46,0,,211,100
1625,16250,17050,1.41436102124076e-47,0,,211,100
1626,16260,17060,2.4581976773951113e-48,0,,212,100
1627,16270,17070,1.4086128189539745e-47,0,,212,100
1628,16280,17080,3.2985273704562475e-49,0,,212,100
1629,16290,17090,2.3021407318352526e-51,0,,212,100
1630,16300,17100,4.8062343033622034e-51,0,,213,100
1631,16310,17110,6.821700157554969e-49,0,,212,100
1632,16320,17120,6.7769695213813846e-46,0,,213,100
1633,16330,17130,9.10261484948363e-44,0,,213,100
1634,16340,17140,1.0459280883089972e-45,0,,215,100
1635,16350,17150,4.499278126825151e-39,0,,214,100
1636,16360,17160,1.3264806922522121e-32,0,,216,100
1637,16370,17170,1.2357889924408205e-34,0,,218,100
1638,16380,17180,5.2257631330958515e-30,0,,217,100
1639,16390,17190,5.220406625135417e-28,0,,218,100
1640,16400,17200,1.2146686460270791e-29,0,,219,100
1641,16410,17210,6.451643739437768e-28,0,,223,100
1642,16420,17220,2.2306285643611594e-22,0,,221,100
1643,16430,17230,8.613032820273848e-19,0,,219,100
1644,16440,17240,1.9989665051605708e-19,0,,220,100
1645,16450,17250,1.6964517326042465e-23,0,,217,100
1646,16460,17260,7.617792619895236e-22,0,,217,100
1647,16470,17270,5.164487405976011e-20,0,,215,100
1648,16480,17280,6.219987860278805e-25,0,,216,100
1649,16490,17290,6.653194120620003e-26,0,,213,100
1650,16500,17300,3.7487939199223043e-26,0,,212,100
1651,16510,17310,3.0718077072077434e-26,0,,212,100
1652,16520,17320,4.147709521023499e-25,0,,211,100
1653,16530,17330,2.2813804236318593e-30,0,,210,100
1654,16540,17340,2.247772401761659e-32,0,,211,100
1655,16550,17350,1.546853733766182e-30,0,,211,100
1656,16560,17360,7.666289271775937e-29,0,,210,100
1657,16570,17370,1.1265043665744022e-29,0,,209,100
1658,16580,17380,1.5118637407042072e-34,0,,210,100
1659,16590,17390,2.953857844703689e-37,0,,209,100
1660,16600,17400,1.076505262473063e-37,0,,205,100
1661,16610,17410,1.3595257352378442e-35,0,,207,100
1662,16620,17420,4.266270166712703e-40,0,,208,100
1663,16630,17430,2.5936661149841797e-36,0,,207,100
1664,16640,17440,8.428318188227676e-38,0,,207,100
1665,16650,17450,1.0895126178476207e-34,0,,206,100
1666,16660,17460,2.952010665126769e-36,0,,206,100
1667,16670,17470,1.2689840448566439e-30,0,,206,100
1668,16680,17480,8.113659337491222e-27,0,,205,100
1669,16690,17490,2.774773365169403e-26,0,,204,100
1670,16700,17500,3.833259207352716e-26,0,,203,100
1671,16710,17510,6.798184485761319e-40,0,,202,100
1672,16720,17520,5.3069663989499855e-45,0,,201,100
1673,16730,17530,1.3190353476685476e-42,0,,201,100
1674,16740,17540,1.0844477414370336e-44,0,,200,100
1675,16750,17550,1.0193306236755493e-45,0,,201,100
1676,16760,17560,7.0938219271015384e-43,0,,201,100
1677,16770,17570,4.453699827050103e-42,0,,202,100
1678,16780,17580,1.5438013424375664e-37,0,,201,100
1679,16790,17590,1.3537191201737714e-36,0,,202,100
1680,16800,17600,6.0216374537894946e-37,0,,200,100
1681,16810,17610,7.618104914531571e-38,0,,202,100
1682,16820,17620,1.5368221178396753e-33,0,,201,100
1683,16830,17630,2.1872557286921436e-33,0,,200,100
1684,16840,17640,2.8480094823933516e-28,0,,202,100
1685,16850,17650,1.6692371207907733e-29,0,,200,100
1686,16860,17660,2.310285744978175e-28,0,,201,100
1687,16870,17670,4.5842334116955e-28,0,,203,100
1688,16880,17680,1.0682250176474614e-38,0,,202,100
1689,16890,17690,6.901130766595767e-36,0,,203,100
1690,16900,17700,7.67951702818867e-29,0,,202,100
1691,16910,17710,1.626786333199982e-25,0,,200,100
1692,16920,17720,2.836466700173291e-28,0,,201,100
1693,16930,17730,6.795699040339189e-29,0,,203,100
1694,16940,17740,5.296661239505822e-26,0,,203,100
1695,16950,17750,7.246093034558826e-24,0,,204,100
1696,16960,17760,5.573942627184783e-26,0,,204,100
1697,16970,17770,6.397090575087812e-29,0,,203,100
1698,16980,17780,6.546579321283806e-28,0,,203,100
1699,16990,17790,9.560705535803769e-29,0,,202,100
1700,17000,17800,7.958354893412388e-29,0,,205,100
1701,17010,17810,5.411799339011824e-26,0,,205,100
1702,17020,17820,1.8509955124288608e-25,0,,205,100
1703,17030,17830,1.2418880575777421e-26,0,,203,100
1704,17040,17840,5.2533266035055366e-30,0,,204,100
1705,17050,17850,7.2729516123324035e-31,0,,203,100
1706,17060,17860,4.113497061959286e-29,0,,203,100
1707,17070,17870,2.38334669588099e-28,0,,204,100
1708,17080,17880,1.2869086750968532e-30,0,,205,100
1709,17090,17890,3.318693907759462e-29,0,,205,100
1710,17100,17900,9.080637689926319e-29,0,,205,100
1711,17110,17910,4.239241958279353e-28,0,,203,100
1712,17120,17920,4.5238270387455306e-33,0,,203,100
1713,17130,17930,1.943524740519588e-37,0,,203,100
1714,17140,17940,1.396703499836155e-39,0,,202,100
1715,17150,17950,1.5107724004221605e-39,0,,202,100
1716,17160,17960,1.79196391196441e-39,0,,200,100
1717,17170,17970,1.763179743906797e-40,0,,201,100
1718,17180,17980,4.242700850832824e-39,0,,201,100
1719,17190,17990,1.647099587274156e-40,0,,198,100
1720,17200,18000,2.242655017144309e-40,0,,197,100
1721,17210,18010,2.2908132285647722e-36,0,,195,100
1722,17220,18020,2.514154438268125e-38,0,,195,100
1723,17230,18030,1.2945269759192022e-35,0,,199,100
1724,17240,18040,7.649260619486731e-33,0,,199,100
1725,17250,18050,1.9169340292099816e-31,0,,202,100
1726,17260,18060,1.2558913329669384e-26,0,,202,100
1727,17270,18070,1.3971191417940744e-26,0,,201,100
1728,17280,18080,1.8227386774552146e-28,0,,204,100
1729,17290,18090,4.5049843165787833e-29,0,,206,100
1730,17300,18100,3.56673218927509e-31,0,,206,100
1731,17310,18110,6.556022735646792e-31,0,,208,100
1732,17320,18120,1.4998870618010771e-28,0,,208,100
1733,17330,18130,3.4752508882677424e-28,0,,207,100
1734,17340,18140,3.2250112909451264e-29,0,,207,100
1735,17350,18150,3.6364286572498283e-28,0,,206,100
1736,17360,18160,6.490341276480241e-28,0,,206,100
1737,17370,18170,4.5745203348337415e-28,0,,206,100
1738,17380,18180,4.8030197775348986e-29,0,,207,100
1739,17390,18190,5.304983148586342e-29,0,,207,100
1740,17400,18200,3.458888945449855e-26,0,,207,100
1741,17410,18210,2.8223863833048606e-27,0,,207,100
1742,17420,18220,4.602510634489431e-24,0,,206,100
1743,17430,18230,5.873627612549988e-24,0,,208,100
1744,17440,18240,1.9225075376932993e-23,0,,209,100
1745,17450,18250,3.5354313159215525e-21,0,,208,100
1746,17460,18260,4.1437142178168304e-23,0,,208,100
1747,17470,18270,1.9023698235100558e-22,0,,210,100
1748,17480,18280,2.346370864370221e-23,0,,208,100
1749,17490,18290,2.751267076860418e-24,0,,209,100
1750,17500,18300,2.693764387199048e-23,0,,209,100
1751,17510,18310,3.321029255127918e-23,0,,211,100
1752,17520,18320,7.259467715421482e-27,0,,212,100
1753,17530,18330,7.836628740266349e-39,0,,213,100
1754,17540,18340,2.6296638887836022e-33,0,,213,100
1755,17550,18350,3.704869336004327e-27,0,,209,100
1756,17560,18360,8.656777693608976e-29,0,,209,100
1757,17570,18370,2.487622129944129e-32,0,,208,100
1758,17580,18380,2.1257271557638615e-34,0,,211,100
1759,17590,18390,2.466201364032302e-36,0,,209,100
1760,17600,18400,3.7230132826945737e-32,0,,211,100
1761,17610,18410,7.988890891946699e-32,0,,211,100
1762,17620,18420,1.3512786888280225e-26,0,,210,100
1763,17630,18430,2.4489232675206925e-27,0,,209,100
1764,17640,18440,5.647916282526942e-28,0,,209,100
1765,17650,18450,1.8485587511370946e-27,0,,211,100
1766,17660,18460,1.2018959336548094e-28,0,,212,100
1767,17670,18470,5.6523098506106745e-27,0,,211,100
1768,17680,18480,1.4212862823454223e-28,0,,214,100
1769,17690,18490,1.8685175273161533e-29,0,,214,100
1770,17700,18500,5.0528365701487406e-30,0,,212,100
1771,17710,18510,6.963481201470143e-28,0,,212,100
1772,17720,18520,1.2573619089706457e-28,0,,213,100
1773,17730,18530,2.518299311257182e-32,0,,214,100
1774,17740,18540,9.418544732835001e-32,0,,213,100
1775,17750,18550,5.595408373561482e-32,0,,213,100
1776,17760,18560,1.786788552031979e-28,0,,212,100
1777,17770,18570,4.1433931795724974e-27,0,,212,100
1778,17780,18580,7.597975791155321e-26,0,,211,100
1779,17790,18590,3.2536878468590217e-24,0,,212,100
1780,17800,18600,4.634320733637098e-22,0,,213,100
1781,17810,18610,1.7078123390168538e-23,0,,211,100
1782,17820,18620,5.2689837249805705e-23,0,,212,100
1783,17830,18630,1.011548457364801e-23,0,,216,100
1784,17840,18640,2.130983560578387e-23,0,,217,100
1785,17850,18650,1.7254707553129367e-19,0,,215,100
1786,17860,18660,2.217289029746137e-19,0,,216,100
1787,17870,18670,5.857194671253761e-22,0,,218,100
1788,17880,18680,1.8187234311851055e-20,0,,220,100
1789,17890,18690,2.2246405767390444e-19,0,,219,100
1790,17900,18700,3.9768636205824503e-19,0,,219,100
1791,17910,18710,1.0970184637724951e-16,0,,218,100
1792,17920,18720,6.289008437453913e-16,0,,217,100
1793,17930,18730,5.535467265893895e-16,0,,219,100
1794,17940,18740,5.769938351002573e-19,0,,218,100
1795,17950,18750,1.620301736480002e-18,0,,218,100
1796,17960,18760,1.3207022007690986e-19,0,,219,100
1797,17970,18770,2.0534549448370368e-22,0,,218,100
1798,17980,18780,9.09785236045294e-22,0,,220,100
1799,17990,18790,1.7677594633172147e-26,0,,222,100
1800,18000,18800,2.0868900698445685e-49,0,,222,100
1801,18010,18810,2.028161636612461e-52,0,,223,100
1802,18020,18820,5.573634813014351e-51,0,,223,100
1803,18030,18830,2.218697895371163e-49,0,,220,100
1804,18040,18840,3.610839760874476e-49,0,,220,100
1805,18050,18850,8.40264115416502e-50,0,,218,100
1806,18060,18860,4.633696372428207e-49,0,,216,100
1807,18070,18870,5.6041830692928066e-49,0,,218,100
1808,18080,18880,5.464095397934813e-49,0,,219,100
1809,18090,18890,8.3096865972894e-46,0,,219,100
1810,18100,18900,2.0410619179982605e-49,0,,217,100
1811,18110,18910,5.614938783969649e-50,0,,217,100
1812,18120,18920,5.197633886038067e-47,0,,216,100
1813,18130,18930,2.0760777860421234e-51,0,,216,100
1814,18140,18940,1.4240448580760585e-51,0,,218,100
1815,18150,18950,9.63798843544254e-49,0,,217,100
1816,18160,18960,3.366281725169013e-45,0,,218,100
1817,18170,18970,3.65123984251913e-40,0,,219,100
1818,18180,18980,5.5564334474433e-39,0,,217,100
1819,18190,18990,1.51316721508723e-40,0,,218,100
1820,18200,19000,3.5595344866524606e-45,0,,217,100
1821,18210,19010,6.085062673087025e-39,0,,216,100
1822,18220,19020,1.0162039111481689e-40,0,,216,100
1823,18230,19030,5.465431397928894e-41,0,,216,100
1824,18240,19040,6.261938539374982e-40,0,,216,100
1825,18250,19050,7.082640804781805e-41,0,,216,100
1826,18260,19060,1.6460440592663963e-36,0,,216,100
1827,18270,19070,1.3354780044771188e-28,0,,213,100
1828,18280,19080,5.658027090679393e-28,0,,213,100
1829,18290,19090,4.247630025205762e-25,0,,213,100
1830,18300,19100,2.2015258699827362e-26,0,,213,100
1831,18310,19110,1.8743294560619392e-21,0,,213,100
1832,18320,19120,6.346396538409666e-22,0,,211,100
1833,18330,19130,8.021629179389073e-28,0,,213,100
1834,18340,19140,5.1812344275869935e-27,0,,212,100
1835,18350,19150,4.156071113908844e-30,0,,213,100
1836,18360,19160,3.161351742158208e-30,0,,214,100
1837,18370,19170,6.525437994774339e-31,0,,212,100
1838,18380,19180,4.56543266576877e-32,0,,210,100
1839,18390,19190,4.997429223065615e-36,0,,213,100
1840,18400,19200,2.62565485981031e-38,0,,212,100
1841,18410,19210,2.403402392412022e-36,0,,214,100
1842,18420,19220,1.117449154830337e-34,0,,214,100
1843,18430,19230,2.0019301205129853e-26,0,,213,100
1844,18440,19240,3.072040049018132e-25,0,,215,100
1845,18450,19250,1.722600988624357e-26,0,,213,100
1846,18460,19260,5.908557959167028e-41,0,,213,100
1847,18470,19270,4.0072652229220504e-44,0,,215,100
1848,18480,19280,3.5834130120024e-39,0,,214,100
1849,18490,19290,8.397984530184472e-43,0,,215,100
1850,18500,19300,1.0845659470655297e-47,0,,213,100
1851,18510,19310,5.557859997656418e-46,0,,214,100
1852,18520,19320,3.0521199910752605e-45,0,,211,100
1853,18530,19330,4.591204976882655e-47,0,,211,100
1854,18540,19340,3.0777250547645886e-48,0,,212,100
1855,18550,19350,2.978727858797319e-45,0,,211,100
1856,18560,19360,8.706540419932962e-45,0,,210,100
1857,18570,19370,8.808647526993482e-44,0,,208,100
1858,18580,19380,2.943495466973385e-47,0,,209,100
1859,18590,19390,9.672782354989138e-46,0,,208,100
1860,18600,19400,7.864945741491969e-47,0,,208,100
1861,18610,19410,2.3689000266316176e-45,0,,210,100
1862,18620,19420,1.8819635294519554e-49,0,,210,100
1863,18630,19430,4.383633787054677e-46,0,,208,100
1864,18640,19440,3.3639890690481566e-48,0,,208,100
1865,18650,19450,1.1653199844060571e-48,0,,211,100
1866,18660,19460,2.3657786641783327e-27,0,,209,100
1867,18670,19470,5.5074738535961325e-28,0,,205,100
1868,18680,19480,9.537845959600348e-33,0,,207,100
1869,18690,19490,1.8690264702265582e-29,0,,208,100
1870,18700,19500,2.2179907666569418e-29,0,,210,100
1871,18710,19510,3.4733297557606826e-35,0,,208,100
1872,18720,19520,8.839656076063178e-31,0,,209,100
1873,18730,19530,3.070004851643913e-28,0,,208,100
1874,18740,19540,4.9960189187516425e-31,0,,209,100
1875,18750,19550,4.808916644168296e-36,0,,211,100
1876,18760,19560,5.70833310265852e-43,0,,211,100
1877,18770,19570,2.867147757286317e-48,0,,210,100
1878,18780,19580,1.1663171169909292e-52,0,,208,100
1879,18790,19590,3.360867587595516e-51,0,,207,100
1880,18800,19600,3.5933783777304333e-50,0,,207,100
1881,18810,19610,7.36367567857486e-48,0,,203,100
1882,18820,19620,7.645535042897535e-46,0,,205,100
1883,18830,19630,4.3390694702875657e-47,0,,205,100
1884,18840,19640,2.6647335801431796e-47,0,,205,100
1885,18850,19650,5.166585691994146e-47,0,,207,100
1886,18860,19660,5.125630126511609e-49,0,,208,100
1887,18870,19670,3.2434763302941035e-42,0,,209,100
1888,18880,19680,1.1163318266237004e-36,0,,208,100
1889,18890,19690,1.2629088655090735e-33,0,,206,100
1890,18900,19700,3.939735801907279e-31,0,,206,100
1891,18910,19710,9.568333823962575e-34,0,,204,100
1892,18920,19720,1.4178656920132112e-35,0,,204,100
1893,18930,19730,4.34533051879322e-35,0,,204,100
1894,18940,19740,4.9288283837004805e-34,0,,205,100
1895,18950,19750,3.11240366733491e-38,0,,204,100
1896,18960,19760,9.30893403781515e-37,0,,203,100
1897,18970,19770,4.153806709458264e-37,0,,207,100
1898,18980,19780,1.433652989862177e-36,0,,206,100
1899,18990,19790,6.846718015030207e-36,0,,206,100
1900,19000,19800,4.062592705788903e-36,0,,207,100
1901,19010,19810,4.2693041313500074e-36,0,,209,100
1902,19020,19820,9.585006311229087e-39,0,,209,100
1903,19030,19830,5.550062525209773e-40,0,,209,100
1904,19040,19840,1.7022065160349183e-37,0,,210,100
1905,19050,19850,8.911733534050989e-38,0,,211,100
1906,19060,19860,1.4768547553030433e-34,0,,214,100
1907,19070,19870,3.491653629334194e-35,0,,214,100
1908,19080,19880,6.893426742722185e-35,0,,213,100
1909,19090,19890,1.6410124711429626e-37,0,,215,100
1910,19100,19900,2.324966099514504e-37,0,,216,100
1911,19110,19910,5.409500644965211e-41,0,,216,100
1912,19120,19920,1.431505223898695e-38,0,,214,100
1913,19130,19930,3.833641626668495e-37,0,,214,100
1914,19140,19940,5.012073774807616e-37,0,,215,100
1915,19150,19950,2.634139615708952e-39,0,,217,100
1916,19160,19960,2.9922959169149104e-33,0,,218,100
1917,19170,19970,3.449781736789223e-31,0,,219,100
1918,19180,19980,7.948407044972908e-26,0,,218,100
1919,19190,19990,1.9459753912476438e-29,0,,217,100
1920,19200,20000,1.182690700410717e-31,0,,218,100
1921,19210,20010,4.344290089586864e-33,0,,217,100
1922,19220,20020,1.0831331635367541e-32,0,,216,100
1923,19230,20030,2.5904052618874464e-31,0,,217,100
1924,19240,20040,1.9544810226873357e-35,0,,216,100
1925,19250,20050,3.6640544650615865e-36,0,,218,100
1926,19260,20060,7.836776299499085e-34,0,,216,100
1927,19270,20070,4.895569437443738e-32,0,,215,100
1928,19280,20080,1.6021279940803946e-30,0,,216,100
1929,19290,20090,7.504851742975651e-31,0,,219,100
1930,19300,20100,1.8184679719210133e-30,0,,220,100
1931,19310,20110,5.1607896767634015e-31,0,,221,100
1932,19320,20120,2.135823538724748e-31,0,,223,100
1933,19330,20130,1.3494286795750558e-31,0,,222,100
1934,19340,20140,5.197685427032828e-30,0,,221,100
1935,19350,20150,1.5687279480592962e-31,0,,222,100
1936,19360,20160,9.783514843318975e-30,0,,224,100
1937,19370,20170,1.7537351433516972e-29,0,,226,100
1938,19380,20180,1.4564379104818104e-30,0,,226,100
1939,19390,20190,2.5602330037040573e-28,0,,225,100
1940,19400,20200,1.5604888112763487e-25,0,,224,100
1941,19410,20210,3.4017120554945654e-24,0,,222,100
1942,19420,20220,1.0360710675752608e-26,0,,222,100
1943,19430,20230,6.920571031069447e-25,0,,223,100
1944,19440,20240,4.1675191232459744e-16,0,,221,100
1945,19450,20250,3.570282174544416e-13,0,,221,100
1946,19460,20260,4.121479726529782e-13,0,,222,100
1947,19470,20270,1.3913520472896752e-11,0,,221,100
1948,19480,20280,1.0824211077009438e-10,0,,219,100
1949,19490,20290,5.541711612362988e-10,0,,216,100
1950,19500,20300,9.026048519391779e-10,0,,216,100
1951,19510,20310,9.208115973055259e-10,0,,219,100
1952,19520,20320,1.2518938302057032e-13,0,,219,100
1953,19530,20330,6.141552951594372e-19,0,,217,100
1954,19540,20340,3.564731535283746e-13,0,,217,100
1955,19550,20350,1.7735845262932293e-14,0,,215,100
1956,19560,20360,1.6760494866456425e-13,0,,214,100
1957,19570,20370,1.1808387698855069e-12,0,,215,100
1958,19580,20380,1.2343312981017314e-12,0,,215,100
1959,19590,20390,4.512938979208748e-11,0,,217,100
1960,19600,20400,7.792311146279152e-12,0,,218,100
1961,19610,20410,3.254447263633263e-11,0,,219,100
1962,19620,20420,8.217063514389676e-14,0,,215,100
1963,19630,20430,4.9713406528597905e-14,0,,215,100
1964,19640,20440,7.206881127520868e-14,0,,214,100
1965,19650,20450,1.424464756651245e-15,0,,214,100
1966,19660,20460,3.7047044580027637e-16,0,,213,100
1967,19670,20470,5.2209469829494886e-18,0,,212,100
1968,19680,20480,3.373472767586949e-17,0,,212,100
1969,19690,20490,4.090074656393602e-14,0,,213,100
1970,19700,20500,2.3347412856946777e-16,0,,215,100
1971,19710,20510,3.334208935779267e-15,0,,213,100
1972,19720,20520,4.168693901877447e-09,0,,215,100
1973,19730,20530,2.304576442626988e-08,0,,215,100
1974,19740,20540,4.8927556257281e-10,0,,215,100
1975,19750,20550,1.4796676989606816e-06,0,,215,100
1976,19760,20560,2.459706261918613e-07,0,,212,100
1977,19770,20570,4.926111042328183e-10,0,,211,100
1978,19780,20580,9.552200588390576e-11,0,,211,100
1979,19790,20590,2.1479139507515005e-09,0,,211,100
1980,19800,20600,3.504633018705883e-08,0,,213,100
1981,19810,20610,8.694495066419044e-08,0,,211,100
1982,19820,20620,3.829216153653436e-08,0,,211,100
1983,19830,20630,6.7598444981258e-08,0,,212,100
1984,19840,20640,5.767159209956656e-07,0,,213,100
1985,19850,20650,3.2175390385017116e-06,0,,209,100
1986,19860,20660,3.3415776851884e-05,0,,208,100
1987,19870,20670,3.006805926497139e-05,0,,208,100
1988,19880,20680,4.393954208801491e-06,0,,208,100
1989,19890,20690,1.2776283754125613e-05,0,,206,100
1990,19900,20700,4.0067094058849e-06,0,,207,100
1991,19910,20710,1.6016250640685688e-17,0,,207,100
1992,19920,20720,1.8375584712308997e-20,0,,209,100
1993,19930,20730,6.057932672225071e-43,0,,209,100
1994,19940,20740,3.253889374094385e-44,0,,210,100
1995,19950,20750,3.627227058662104e-43,0,,209,100
1996,19960,20760,5.739943404919341e-35,0,,208,100
1997,19970,20770,7.938516790412938e-31,0,,207,100
1998,19980,20780,1.1606756348647026e-26,0,,206,100
1999,19990,20790,9.246126220516035e-24,0,,207,100
2000,20000,20800,1.668193589554501e-20,0,,207,100
2001,20010,20810,7.124670346923194e-19,0,,208,100
2002,20020,20820,7.304435096252052e-18,0,,209,100
2003,20030,20830,1.0586477229725657e-15,0,,207,100
2004,20040,20840,1.7448003587693467e-22,0,,209,100
2005,20050,20850,5.3130112338426105e-19,0,,206,100
2006,20060,20860,3.774856923578499e-15,0,,205,100
2007,20070,20870,2.7822680360119575e-12,0,,203,100
2008,20080,20880,7.768656002700749e-09,0,,203,100
2009,20090,20890,1.2947995881676159e-11,0,,203,100
2010,20100,20900,1.2768480307128175e-10,0,,200,100
2011,20110,20910,4.20718392137649e-11,0,,199,100
2012,20120,20920,7.247272389788018e-12,0,,198,100
2013,20130,20930,9.595310790006713e-14,0,,198,100
2014,20140,20940,1.308018912369777e-15,0,,198,100
2015,20150,20950,2.5443194913704238e-11,0,,201,100
2016,20160,20960,2.55317579811854e-11,0,,200,100
2017,20170,20970,5.500708548416307e-11,0,,199,100
2018,20180,20980,6.24346299914425e-12,0,,198,100
2019,20190,20990,1.7535241375801906e-12,0,,200,100
2020,20200,21000,2.569851410299794e-12,0,,201,100
2021,20210,21010,1.1123169515192167e-12,0,,203,100
2022,20220,21020,2.5179842384543477e-12,0,,206,100
2023,20230,21030,3.338303535456294e-08,0,,209,100
2024,20240,21040,1.1102733687917553e-09,0,,207,100
2025,20250,21050,1.558665306960477e-09,0,,208,100
2026,20260,21060,1.632301299034311e-09,0,,208,100
2027,20270,21070,1.877365721492231e-08,0,,208,100
2028,20280,21080,4.70165490260397e-09,0,,208,100
2029,20290,21090,5.859665504510503e-10,0,,210,100
2030,20300,21100,1.4587093256494464e-10,0,,209,100
2031,20310,21110,4.4265680764017096e-07,0,,208,100
2032,20320,21120,9.019824084891886e-05,0,,209,100
2033,20330,21130,5.787571975362324e-05,0,,210,100
2034,20340,21140,0.00017116055559371612,0,,209,100
2035,20350,21150,0.0001838929543525937,0,,210,100
2036,20360,21160,9.436725916332191e-06,0,,211,100
2037,20370,21170,9.197470002464162e-06,0,,214,100
2038,20380,21180,0.0007708353384213004,0,,213,100
2039,20390,21190,2.9474810637969422e-05,0,,213,100
2040,20400,21200,0.00019950631520847787,0,,213,100
2041,20410,21210,0.00029485424665977723,0,,215,100
2042,20420,21220,3.5309791028659266e-05,0,,217,100
2043,20430,21230,4.741127838633251e-07,0,,221,100
2044,20440,21240,6.9454152519871195e-06,0,,222,100
2045,20450,21250,3.6125324357893514e-06,0,,220,100
2046,20460,21260,1.8250753297032273e-07,0,,218,100
2047,20470,21270,3.956381804839964e-12,0,,217,100
2048,20480,21280,1.0147549314095766e-11,0,,219,100
2049,20490,21290,1.8085287286683165e-14,0,,220,100
2050,20500,21300,1.8712227724774805e-16,0,,220,100
2051,20510,21310,3.87587287528132e-15,0,,222,100
2052,20520,21320,4.4549494302183507e-17,0,,221,100
2053,20530,21330,3.280470937064227e-12,0,,222,100
2054,20540,21340,1.566421743561659e-14,0,,221,100
2055,20550,21350,1.5851794837006522e-16,0,,224,100
2056,20560,21360,5.18603040689272e-15,0,,224,100
2057,20570,21370,9.51917080780874e-24,0,,223,100
2058,20580,21380,5.600311518999032e-26,0,,222,100
2059,20590,21390,3.7839011208615156e-37,0,,223,100
2060,20600,21400,1.6006886615794498e-40,0,,224,100
2061,20610,21410,8.578677362765722e-44,0,,223,100
2062,20620,21420,3.72766529505123e-43,0,,224,100
2063,20630,21430,5.708561486751391e-46,0,,223,100
2064,20640,21440,1.7245432608739055e-48,0,,223,100
2065,20650,21450,1.0804149837339945e-47,0,,227,100
2066,20660,21460,2.8361468623343417e-50,0,,229,100
2067,20670,21470,1.7464934114251405e-47,0,,226,100
2068,20680,21480,3.5240788690677815e-49,0,,227,100
2069,20690,21490,1.9896370507127384e-48,0,,225,100
2070,20700,21500,3.354369196007057e-48,0,,224,100
2071,20710,21510,1.0075049460867078e-45,0,,224,100
2072,20720,21520,1.182752393156255e-45,0,,223,100
2073,20730,21530,7.947096308468371e-45,0,,224,100
2074,20740,21540,1.1175354269907154e-41,0,,223,100
2075,20750,21550,1.4676590868998737e-39,0,,223,100
2076,20760,21560,1.6541450203896343e-37,0,,224,100
2077,20770,21570,1.6255463667021182e-38,0,,224,100
2078,20780,21580,1.9509931075247366e-39,0,,225,100
2079,20790,21590,6.7091499909814826e-37,0,,224,100
2080,20800,21600,6.331404756704475e-35,0,,225,100
2081,20810,21610,2.4442087105399463e-36,0,,224,100
2082,20820,21620,4.715827389075433e-28,0,,222,100
2083,20830,21630,1.7522011291649227e-33,0,,223,100
2084,20840,21640,4.4344103017250657e-26,0,,220,100
2085,20850,21650,1.9810746562489773e-26,0,,224,100
2086,20860,21660,4.024268237826239e-28,0,,225,100
2087,20870,21670,9.021232847626444e-26,0,,227,100
2088,20880,21680,5.4714973830150235e-25,0,,225,100
2089,20890,21690,1.096103495826445e-24,0,,227,100
2090,20900,21700,6.08147801281645e-23,0,,228,100
2091,20910,21710,1.1315458376439545e-20,0,,227,100
2092,20920,21720,2.230639123055097e-17,0,,226,100
2093,20930,21730,2.278470219531865e-18,0,,226,100
2094,20940,21740,4.271759094328464e-16,0,,227,100
2095,20950,21750,6.253791755196651e-15,0,,227,100
2096,20960,21760,1.3392725549713132e-17,0,,227,100
2097,20970,21770,5.453473291563576e-18,0,,226,100
2098,20980,21780,6.693303293241005e-16,0,,227,100
2099,20990,21790,4.421721148879693e-15,0,,227,100
2100,21000,21800,1.1325949551541197e-12,0,,227,100
2101,21010,21810,2.685781505844179e-12,0,,225,100
2102,21020,21820,4.606833255643188e-32,0,,224,100
2103,21030,21830,1.6099867298787422e-18,0,,223,100
2104,21040,21840,2.4148437786084622e-33,0,,223,100
2105,21050,21850,1.1593333113169194e-17,0,,222,100
2106,21060,21860,5.065225813160292e-25,0,,223,100
2107,21070,21870,8.639129951545238e-40,0,,223,100
2108,21080,21880,4.0052118503556588e-47,0,,223,100
2109,21090,21890,1.2803713506937107e-44,0,,223,100
2110,21100,21900,1.2883061098553353e-42,0,,221,100
2111,21110,21910,1.3332094763142863e-41,0,,222,100
2112,21120,21920,1.1804047566692627e-40,0,,220,100
2113,21130,21930,8.398762081286438e-41,0,,221,100
2114,21140,21940,3.5966778776474317e-40,0,,221,100
2115,21150,21950,7.62788252777328e-45,0,,221,100
2116,21160,21960,4.140688564761645e-46,0,,220,100
2117,21170,21970,1.6322667664487123e-42,0,,218,100
2118,21180,21980,5.442051308539482e-45,0,,217,100
2119,21190,21990,2.588325560273021e-42,0,,217,100
2120,21200,22000,4.9882398539932716e-45,0,,216,100
2121,21210,22010,1.913844428917276e-45,0,,215,100
2122,21220,22020,3.1744039817076744e-38,0,,214,100
2123,21230,22030,6.577912103467742e-38,0,,212,100
2124,21240,22040,6.264750172421451e-37,0,,212,100
2125,21250,22050,1.6503989716493097e-37,0,,214,100
2126,21260,22060,1.1678597367235843e-34,0,,214,100
2127,21270,22070,1.0484149876973911e-35,0,,213,100
2128,21280,22080,3.1779791289643594e-33,0,,212,100
2129,21290,22090,1.7769392065595684e-34,0,,210,100
2130,21300,22100,4.370604861095821e-31,0,,210,100
2131,21310,22110,8.974238710286183e-26,0,,210,100
2132,21320,22120,7.976558221943659e-25,0,,211,100
2133,21330,22130,8.086587450517651e-21,0,,211,100
2134,21340,22140,5.406848745489815e-19,0,,212,100
2135,21350,22150,3.589009461660526e-18,0,,211,100
2136,21360,22160,3.982708701278636e-14,0,,211,100
2137,21370,22170,3.1959390352352322e-18,0,,213,100
2138,21380,22180,3.907956443601729e-11,0,,213,100
2139,21390,22190,6.211792918143892e-10,0,,212,100
2140,21400,22200,2.2642714399854852e-10,0,,211,100
2141,21410,22210,1.168522439942322e-09,0,,211,100
2142,21420,22220,7.880933079497102e-10,0,,210,100
2143,21430,22230,6.125938521306134e-08,0,,209,100
2144,21440,22240,8.060253132442838e-09,0,,209,100
2145,21450,22250,2.494185521964042e-13,0,,208,100
2146,21460,22260,4.793048314824562e-17,0,,209,100
2147,21470,22270,4.629196379327392e-11,0,,209,100
2148,21480,22280,9.066834541945271e-15,0,,208,100
2149,21490,22290,1.5766601585808644e-32,0,,209,100
2150,21500,22300,7.830396102659918e-14,0,,209,100
2151,21510,22310,2.4199208473993207e-14,0,,206,100
2152,21520,22320,1.3348321352773908e-15,0,,207,100
2153,21530,22330,1.376634122272464e-22,0,,206,100
2154,21540,22340,3.706835351052023e-23,0,,206,100
2155,21550,22350,1.2279474367080289e-23,0,,206,100
2156,21560,22360,5.700541407660818e-24,0,,207,100
2157,21570,22370,1.2424209345253695e-25,0,,207,100
2158,21580,22380,1.9867150775039817e-23,0,,206,100
2159,21590,22390,1.2582629007598714e-23,0,,208,100
2160,21600,22400,1.445451435147621e-20,0,,207,100
2161,21610,22410,5.747765343330935e-16,0,,206,100
2162,21620,22420,8.418643818491202e-10,0,,208,100
2163,21630,22430,2.548618487172444e-09,0,,207,100
2164,21640,22440,5.650288972623472e-08,0,,209,100
2165,21650,22450,4.392449662454315e-08,0,,208,100
2166,21660,22460,4.458984123617864e-08,0,,207,100
2167,21670,22470,1.4587349170048372e-05,0,,207,100
2168,21680,22480,2.0399096097094565e-05,0,,206,100
2169,21690,22490,1.3276219544507712e-05,0,,205,100
2170,21700,22500,1.1356318073869018e-05,0,,204,100
2171,21710,22510,3.830414556356761e-05,0,,206,100
2172,21720,22520,5.168251022810926e-05,0,,207,100
2173,21730,22530,7.148756753204502e-07,0,,207,100
2174,21740,22540,6.396922150479638e-08,0,,207,100
2175,21750,22550,2.243099384588708e-08,0,,206,100
2176,21760,22560,5.352988609081521e-08,0,,207,100
2177,21770,22570,4.154101150665215e-08,0,,207,100
2178,21780,22580,3.1634211713924257e-09,0,,205,100
2179,21790,22590,1.166220107716246e-13,0,,203,100
2180,21800,22600,1.2356554163272454e-18,0,,203,100
2181,21810,22610,2.497892418232914e-18,0,,202,100
2182,21820,22620,2.428077899860231e-18,0,,204,100
2183,21830,22630,5.4593744641334295e-17,0,,203,100
2184,21840,22640,9.165701252383234e-17,0,,203,100
2185,21850,22650,9.806741854567803e-17,0,,202,100
2186,21860,22660,3.4584245573609596e-24,0,,203,100
2187,21870,22670,2.23514332986383e-36,0,,203,100
2188,21880,22680,2.7828596223140858e-33,0,,201,100
2189,21890,22690,6.259841634664896e-34,0,,203,100
2190,21900,22700,6.627500579079468e-32,0,,203,100
2191,21910,22710,1.6872754033164047e-33,0,,205,100
2192,21920,22720,2.32626808832425e-26,0,,206,100
2193,21930,22730,6.265036281411867e-27,0,,205,100
2194,21940,22740,2.818048921398455e-26,0,,204,100
2195,21950,22750,3.1798390492741305e-27,0,,207,100
2196,21960,22760,9.206576572097406e-26,0,,206,100
2197,21970,22770,2.5747287656965724e-26,0,,205,100
2198,21980,22780,7.650213131438607e-26,0,,205,100
2199,21990,22790,2.431774618966394e-25,0,,207,100
2200,22000,22800,1.2383270822941942e-26,0,,208,100
2201,22010,22810,6.223981306433423e-23,0,,209,100
2202,22020,22820,1.6808435576657558e-23,0,,212,100
2203,22030,22830,2.8215045676784027e-22,0,,207,100
2204,22040,22840,1.8050060320008487e-19,0,,207,100
2205,22050,22850,6.276614835982602e-24,0,,204,100
2206,22060,22860,4.331519147986884e-24,0,,205,100
2207,22070,22870,6.2566506040096304e-27,0,,208,100
2208,22080,22880,6.333059875975947e-24,0,,208,100
2209,22090,22890,2.4284640863809595e-24,0,,209,100
2210,22100,22900,3.347894734911203e-30,0,,207,100
2211,22110,22910,3.1602499057007463e-31,0,,206,100
2212,22120,22920,6.680439189711504e-32,0,,205,100
2213,22130,22930,8.045274533154939e-32,0,,205,100
2214,22140,22940,6.594269686222556e-32,0,,205,100
2215,22150,22950,3.8591263398180377e-29,0,,207,100
2216,22160,22960,1.7785454040496064e-26,0,,208,100
2217,22170,22970,6.18565546679841e-21,0,,205,100
2218,22180,22980,1.3826694682486352e-20,0,,206,100
2219,22190,22990,5.791883861116203e-20,0,,205,100
2220,22200,23000,4.339286268658597e-22,0,,206,100
2221,22210,23010,2.1302914747107553e-18,0,,206,100
2222,22220,23020,2.037438879622213e-19,0,,207,100
2223,22230,23030,2.025744540447726e-19,0,,209,100
2224,22240,23040,6.313491550537994e-15,0,,206,100
2225,22250,23050,3.074773252523201e-13,0,,207,100
2226,22260,23060,1.2748443651258075e-13,0,,207,100
2227,22270,23070,1.356786361859194e-13,0,,207,100
2228,22280,23080,2.6605421694275444e-11,0,,208,100
2229,22290,23090,2.1783344835482885e-11,0,,209,100
2230,22300,23100,3.6178006031826035e-10,0,,211,100
2231,22310,23110,1.0388413489835924e-09,0,,210,100
2232,22320,23120,1.4563623527124553e-10,0,,208,100
2233,22330,23130,3.516782757857447e-12,0,,208,100
2234,22340,23140,2.2212532353732113e-11,0,,206,100
2235,22350,23150,9.87119045636568e-11,0,,205,100
2236,22360,23160,8.609535428243516e-12,0,,206,100
2237,22370,23170,5.6034289271868384e-12,0,,206,100
2238,22380,23180,1.0262036962542299e-12,0,,207,100
2239,22390,23190,5.895472239725126e-15,0,,205,100
2240,22400,23200,1.6187028142048722e-16,0,,205,100
2241,22410,23210,3.970204186688222e-20,0,,206,100
2242,22420,23220,4.043752999395441e-22,0,,203,100
2243,22430,23230,1.0655334482927743e-26,0,,205,100
2244,22440,23240,9.389115180656756e-26,0,,206,100
2245,22450,23250,1.0835821347405634e-29,0,,205,100
2246,22460,23260,8.901838542218722e-28,0,,207,100
2247,22470,23270,3.656325485070603e-44,0,,206,100
2248,22480,23280,9.042765329984872e-46,0,,206,100
2249,22490,23290,1.4512566451493685e-46,0,,206,100
2250,22500,23300,1.2884684253466008e-45,0,,206,100
2251,22510,23310,4.382645442922267e-45,0,,208,100
2252,22520,23320,2.9505762724962624e-41,0,,207,100
2253,22530,23330,1.4802618607214763e-41,0,,208,100
2254,22540,23340,5.6156153944958544e-40,0,,206,100
2255,22550,23350,1.1155750307450578e-36,0,,206,100
2256,22560,23360,2.672056401556499e-37,0,,205,100
2257,22570,23370,3.042082010801205e-34,0,,204,100
2258,22580,23380,5.472944973505318e-39,0,,207,100
2259,22590,23390,1.5058417008337102e-31,0,,207,100
2260,22600,23400,2.4609311399171225e-29,0,,207,100
2261,22610,23410,5.730447287591745e-25,0,,207,100
2262,22620,23420,1.1323029425124404e-17,0,,205,100
2263,22630,23430,2.1735381865812116e-20,0,,206,100
2264,22640,23440,1.74927500998292e-19,0,,204,100
2265,22650,23450,2.1526169830672672e-16,0,,205,100
2266,22660,23460,3.5746479624022327e-16,0,,205,100
2267,22670,23470,7.146520932891507e-18,0,,208,100
2268,22680,23480,8.906912749685115e-18,0,,207,100
2269,22690,23490,1.8216529120408797e-16,0,,206,100
2270,22700,23500,1.0449366261591367e-16,0,,207,100
2271,22710,23510,3.200540951176097e-19,0,,206,100
2272,22720,23520,2.726749265252537e-19,0,,206,100
2273,22730,23530,1.0465536600656501e-17,0,,206,100
2274,22740,23540,9.977363692818309e-16,0,,206,100
2275,22750,23550,3.3613272021497077e-15,0,,206,100
2276,22760,23560,5.072957655563335e-14,0,,205,100
2277,22770,23570,3.0267654714586307e-15,0,,209,100
2278,22780,23580,3.9849903824972094e-21,0,,210,100
2279,22790,23590,1.261383097470791e-15,0,,210,100
2280,22800,23600,4.156417915489148e-14,0,,209,100
2281,22810,23610,5.324143038536665e-20,0,,208,100
2282,22820,23620,2.7536021463025965e-36,0,,208,100
2283,22830,23630,1.8292368293796304e-23,0,,211,100
2284,22840,23640,2.858925664856797e-34,0,,211,100
2285,22850,23650,1.904833400721851e-30,0,,213,100
2286,22860,23660,4.650585121518353e-31,0,,212,100
2287,22870,23670,1.176778603604761e-15,0,,212,100
2288,22880,23680,1.1873843722830566e-17,0,,211,100
2289,22890,23690,5.84998135213958e-19,0,,209,100
2290,22900,23700,6.408381522764662e-20,0,,210,100
2291,22910,23710,1.9723186560834826e-18,0,,211,100
2292,22920,23720,5.245870171964693e-26,0,,210,100
2293,22930,23730,3.160638275383381e-21,0,,210,100
2294,22940,23740,1.3992403399119785e-20,0,,210,100
2295,22950,23750,7.601053349322804e-18,0,,207,100
2296,22960,23760,1.7070028682549487e-17,0,,209,100
2297,22970,23770,4.9681806552753995e-17,0,,211,100
2298,22980,23780,2.230489521208875e-16,0,,210,100
2299,22990,23790,8.712186179701481e-16,0,,210,100
2300,23000,23800,1.190574098152937e-15,0,,209,100
2301,23010,23810,4.619031449093041e-15,0,,210,100
2302,23020,23820,5.05724720774801e-12,0,,210,100
2303,23030,23830,9.408281125484284e-11,0,,209,100
2304,23040,23840,3.0209658110817595e-12,0,,208,100
2305,23050,23850,9.326006742092267e-11,0,,208,100
2306,23060,23860,1.9955350484398355e-10,0,,209,100
2307,23070,23870,4.155750113884746e-11,0,,208,100
2308,23080,23880,3.4133543255254257e-13,0,,209,100
2309,23090,23890,1.1864947269468305e-13,0,,209,100
2310,23100,23900,7.673765799149614e-14,0,,207,100
2311,23110,23910,1.938657251188952e-11,0,,209,100
2312,23120,23920,1.983101757131453e-15,0,,208,100
2313,23130,23930,5.785644467097287e-16,0,,210,100
2314,23140,23940,1.295576493698828e-16,0,,210,100
2315,23150,23950,5.224062513834812e-17,0,,210,100
2316,23160,23960,2.5006577423661807e-14,0,,212,100
2317,23170,23970,3.971274390934927e-14,0,,210,100
2318,23180,23980,1.3663201274771416e-14,0,,211,100
2319,23190,23990,5.253547878492472e-11,0,,209,100
2320,23200,24000,4.339168407544732e-11,0,,211,100
2321,23210,24010,8.088377691790759e-09,0,,211,100
2322,23220,24020,1.3926552282984372e-07,0,,212,100
2323,23230,24030,3.939796810225711e-10,0,,211,100
2324,23240,24040,1.420770793918319e-08,0,,210,100
2325,23250,24050,2.33419081133708e-10,0,,212,100
2326,23260,24060,2.6314527032598134e-12,0,,209,100
2327,23270,24070,2.3731887696395166e-12,0,,208,100
2328,23280,24080,5.189123869475919e-13,0,,208,100
2329,23290,24090,1.3993036944880765e-13,0,,209,100
2330,23300,24100,1.592795175099271e-10,0,,208,100
2331,23310,24110,2.356505707332073e-10,0,,208,100
2332,23320,24120,1.2094974159927121e-10,0,,210,100
2333,23330,24130,1.2337958288211767e-09,0,,209,100
2334,23340,24140,1.3269939920872111e-12,0,,211,100
2335,23350,24150,9.223922823382098e-14,0,,210,100
2336,23360,24160,1.0451067945039857e-17,0,,211,100
2337,23370,24170,1.0721198132237367e-22,0,,213,100
2338,23380,24180,7.613377293534927e-23,0,,212,100
2339,23390,24190,1.0639382823065745e-22,0,,210,100
2340,23400,24200,1.5162715772417653e-21,0,,210,100
2341,23410,24210,6.110866914474282e-21,0,,210,100
2342,23420,24220,1.30880279608062e-22,0,,211,100
2343,23430,24230,6.9077189182108985e-25,0,,213,100
2344,23440,24240,1.3056111680698133e-24,0,,213,100
2345,23450,24250,2.5832075512547873e-22,0,,212,100
2346,23460,24260,1.889932989084876e-26,0,,211,100
2347,23470,24270,1.5860764421949855e-25,0,,209,100
2348,23480,24280,3.1112880241562296e-20,0,,212,100
2349,23490,24290,5.9444412237447025e-27,0,,212,100
2350,23500,24300,8.881818767253462e-54,0,,212,100
2351,23510,24310,5.689011901194711e-49,0,,212,100
2352,23520,24320,3.6553433415181573e-51,0,,211,100
2353,23530,24330,1.917930284022168e-48,0,,212,100
2354,23540,24340,1.40194875070804e-47,0,,212,100
2355,23550,24350,4.139279041288377e-45,0,,211,100
2356,23560,24360,2.322584471877971e-44,0,,210,100
2357,23570,24370,4.812693375097266e-45,0,,209,100
2358,23580,24380,9.992097914653704e-44,0,,208,100
2359,23590,24390,9.73704138669861e-38,0,,206,100
2360,23600,24400,7.92651429522118e-32,0,,208,100
2361,23610,24410,1.6222007068882927e-31,0,,209,100
2362,23620,24420,1.2806820309537326e-31,0,,208,100
2363,23630,24430,3.310569078286102e-27,0,,207,100
2364,23640,24440,8.276388616898226e-29,0,,206,100
2365,23650,24450,7.809928396846938e-27,0,,205,100
2366,23660,24460,1.2346225520240104e-23,0,,203,100
2367,23670,24470,7.622699805041803e-24,0,,204,100
2368,23680,24480,4.5403713094644323e-23,0,,204,100
2369,23690,24490,1.1576465558804816e-25,0,,205,100
2370,23700,24500,1.6851038887477364e-24,0,,208,100
2371,23710,24510,3.0781080573721387e-23,0,,209,100
2372,23720,24520,7.82611612195983e-23,0,,207,100
2373,23730,24530,7.343545228527657e-20,0,,208,100
2374,23740,24540,1.5527779538370443e-19,0,,208,100
2375,23750,24550,4.315988497897651e-18,0,,208,100
2376,23760,24560,3.5049612472394162e-15,0,,208,100
2377,23770,24570,2.044152386409815e-18,0,,206,100
2378,23780,24580,1.5465232510296133e-17,0,,209,100
2379,23790,24590,8.919655702733424e-20,0,,207,100
2380,23800,24600,4.091670295053364e-20,0,,207,100
2381,23810,24610,5.4063103475355715e-18,0,,204,100
2382,23820,24620,1.8002055926517798e-19,0,,207,100
2383,23830,24630,9.534503216287921e-17,0,,208,100
2384,23840,24640,3.9552626298113715e-19,0,,208,100
2385,23850,24650,1.0896477916302647e-17,0,,207,100
2386,23860,24660,1.2841658211802046e-22,0,,208,100
2387,23870,24670,2.4025352591024584e-37,0,,209,100
2388,23880,24680,3.943289045194264e-34,0,,207,100
2389,23890,24690,1.0022048098091007e-32,0,,206,100
2390,23900,24700,1.5636165805853375e-30,0,,207,100
2391,23910,24710,2.9321589807814824e-28,0,,206,100
2392,23920,24720,7.429752753387398e-29,0,,207,100
2393,23930,24730,5.981397557094051e-29,0,,208,100
2394,23940,24740,1.545793076868535e-28,0,,209,100
2395,23950,24750,3.4286849097577004e-28,0,,207,100
2396,23960,24760,1.5639876601774243e-25,0,,206,100
2397,23970,24770,3.978952865549138e-26,0,,209,100
2398,23980,24780,1.1670621392293766e-25,0,,208,100
2399,23990,24790,3.373281254190738e-29,0,,207,100
2400,24000,24800,4.686667080265608e-33,0,,209,100
2401,24010,24810,1.4887019126935484e-37,0,,208,100
2402,24020,24820,1.893829732773849e-36,0,,209,100
2403,24030,24830,1.487342449267846e-35,0,,207,100
2404,24040,24840,4.5586701121330824e-35,0,,211,100
2405,24050,24850,1.0887254677617669e-37,0,,212,100
2406,24060,24860,6.43066198472902e-41,0,,212,100
2407,24070,24870,1.6805784413410603e-41,0,,213,100
2408,24080,24880,3.782373235661021e-41,0,,216,100
2409,24090,24890,2.8671993561560233e-43,0,,214,100
2410,24100,24900,4.534669943836117e-41,0,,213,100
2411,24110,24910,4.0685247466040764e-40,0,,211,100
2412,24120,24920,1.7995764615344403e-46,0,,211,100
2413,24130,24930,8.930044764035666e-55,0,,209,100
2414,24140,24940,5.001173572460261e-47,0,,210,100
2415,24150,24950,3.781533531535314e-48,0,,211,100
2416,24160,24960,4.248898681093472e-45,0,,212,100
2417,24170,24970,7.524772378687968e-44,0,,212,100
2418,24180,24980,1.5910630474134611e-41,0,,211,100
2419,24190,24990,6.765366717530546e-41,0,,211,100
2420,24200,25000,4.9515484721989836e-39,0,,208,100
2421,24210,25010,5.1149646978604245e-34,0,,209,100
2422,24220,25020,7.378211095655702e-34,0,,211,100
2423,24230,25030,3.2474401226935093e-29,0,,211,100
2424,24240,25040,2.1802119751114915e-28,0,,212,100
2425,24250,25050,3.803070065493378e-21,0,,211,100
2426,24260,25060,8.99516129974999e-20,0,,211,100
2427,24270,25070,5.113069590156541e-18,0,,212,100
2428,24280,25080,1.89177921940742e-16,0,,213,100
2429,24290,25090,9.21772304369121e-18,0,,215,100
2430,24300,25100,2.39211317483124e-19,0,,216,100
2431,24310,25110,5.531489456635006e-10,0,,213,100
2432,24320,25120,1.6817624565564233e-07,0,,213,100
2433,24330,25130,1.0970196947509062e-08,0,,212,100
2434,24340,25140,3.529128094533396e-14,0,,213,100
2435,24350,25150,9.470002228011974e-14,0,,213,100
2436,24360,25160,2.7252001373791874e-13,0,,214,100
2437,24370,25170,1.1583964511147325e-14,0,,214,100
2438,24380,25180,2.2589279608537575e-14,0,,214,100
2439,24390,25190,4.2541297819989834e-15,0,,214,100
2440,24400,25200,2.4191957881727886e-14,0,,213,100
2441,24410,25210,8.608312621275284e-15,0,,214,100
2442,24420,25220,1.0086242037667274e-14,0,,214,100
2443,24430,25230,2.2919250011063775e-14,0,,215,100
2444,24440,25240,1.347791533819508e-16,0,,216,100
2445,24450,25250,1.7822359047743577e-14,0,,218,100
2446,24460,25260,7.677265736176794e-15,0,,220,100
2447,24470,25270,4.392064371454958e-20,0,,219,100
2448,24480,25280,3.889373882278811e-22,0,,219,100
2449,24490,25290,3.662964565184751e-21,0,,219,100
2450,24500,25300,4.56200313511599e-29,0,,215,100
2451,24510,25310,1.5818171328734894e-25,0,,216,100
2452,24520,25320,2.2738540253892223e-25,0,,219,100
2453,24530,25330,3.778262285387151e-24,0,,218,100
2454,24540,25340,1.5304059930572272e-18,0,,217,100
2455,24550,25350,1.4105739135424522e-34,0,,216,100
2456,24560,25360,1.5383195634757794e-30,0,,215,100
2457,24570,25370,1.335697872859341e-30,0,,216,100
2458,24580,25380,5.64523753352206e-31,0,,215,100
2459,24590,25390,4.223091796213504e-31,0,,218,100
2460,24600,25400,3.235432765257294e-29,0,,217,100
2461,24610,25410,6.346788586853054e-31,0,,216,100
2462,24620,25420,4.400246005524542e-30,0,,215,100
2463,24630,25430,1.7090527006560036e-32,0,,217,100
2464,24640,25440,6.745145740870246e-32,0,,217,100
2465,24650,25450,2.016988954084269e-30,0,,216,100
2466,24660,25460,1.4498252123969746e-32,0,,214,100
2467,24670,25470,1.4257682692623916e-31,0,,215,100
2468,24680,25480,9.34214085577117e-33,0,,218,100
2469,24690,25490,2.90704690216558e-31,0,,218,100
2470,24700,25500,3.330765913082741e-35,0,,218,100
2471,24710,25510,7.544076344249265e-37,0,,219,100
2472,24720,25520,4.7374773476378455e-32,0,,218,100
2473,24730,25530,1.3357428588987797e-35,0,,214,100
2474,24740,25540,6.318241007701845e-31,0,,216,100
2475,24750,25550,2.5332796451603316e-30,0,,216,100
2476,24760,25560,7.147399530889953e-30,0,,215,100
2477,24770,25570,1.4016588941029446e-28,0,,213,100
2478,24780,25580,1.77942124887385e-32,0,,214,100
2479,24790,25590,3.647587437881235e-33,0,,215,100
2480,24800,25600,1.2077585208007052e-29,0,,211,100
2481,24810,25610,1.5927596425905804e-29,0,,213,100
2482,24820,25620,9.676923466042417e-30,0,,213,100
2483,24830,25630,8.261133472379628e-25,0,,212,100
2484,24840,25640,3.20616683171842e-24,0,,211,100
2485,24850,25650,2.0128218433541682e-16,0,,211,100
2486,24860,25660,2.4203870706356494e-16,0,,211,100
2487,24870,25670,3.1116060122391403e-15,0,,211,100
2488,24880,25680,3.28468725323426e-13,0,,212,100
2489,24890,25690,2.2199984611534336e-13,0,,213,100
2490,24900,25700,3.1292571126893276e-13,0,,214,100
2491,24910,25710,1.3380620043177772e-12,0,,216,100
2492,24920,25720,7.216559562219873e-12,0,,217,100
2493,24930,25730,1.3056507617927737e-11,0,,216,100
2494,24940,25740,3.719814753505733e-09,0,,216,100
2495,24950,25750,2.4807671243517784e-08,0,,214,100
2496,24960,25760,3.2016790311432337e-08,0,,216,100
2497,24970,25770,3.62461797583855e-08,0,,214,100
2498,24980,25780,2.4829200259007625e-10,0,,214,100
2499,24990,25790,1.2778246011180506e-10,0,,213,100
2500,25000,25800,3.630104566757829e-11,0,,214,100
2501,25010,25810,7.917828964449163e-11,0,,211,100
2502,25020,25820,3.3487706143912676e-11,0,,211,100
2503,25030,25830,2.573228532404784e-14,0,,212,100
2504,25040,25840,2.385405074227228e-16,0,,212,100
2505,25050,25850,1.1201897674509437e-15,0,,213,100
2506,25060,25860,6.582054282949449e-15,0,,214,100
2507,25070,25870,1.5506088741359157e-12,0,,213,100
2508,25080,25880,1.5256099016247554e-10,0,,212,100
2509,25090,25890,5.53024288380044e-12,0,,210,100
2510,25100,25900,2.0838732502614438e-11,0,,212,100
2511,25110,25910,4.842901093119978e-11,0,,212,100
2512,25120,25920,5.076167528468901e-10,0,,212,100
2513,25130,25930,1.744709043445777e-10,0,,210,100
2514,25140,25940,3.157807681721672e-10,0,,212,100
2515,25150,25950,7.672111784984806e-10,0,,213,100
2516,25160,25960,4.199576002606718e-08,0,,209,100
2517,25170,25970,3.035498575429663e-07,0,,208,100
2518,25180,25980,2.7448981211756265e-09,0,,209,100
2519,25190,25990,1.3623474120449701e-06,0,,209,100
2520,25200,26000,1.1932654450754895e-06,0,,209,100
2521,25210,26010,0.0006588772149401491,0,,210,100
2522,25220,26020,0.0017395060027918462,1,,210,100
2523,25230,26030,0.0005344707119078443,0,,212,100
2524,25240,26040,0.0002011309604874668,0,,213,100
2525,25250,26050,0.00020286276983568914,0,,213,100
2526,25260,26060,4.85372960020042e-05,0,,210,100
2527,25270,26070,0.014199096315268398,1,,209,100
2528,25280,26080,0.005318468277769253,1,,210,100
2529,25290,26090,0.024180640185419763,1,,210,100
2530,25300,26100,0.028859562174422895,1,,211,100
2531,25310,26110,0.009420161775325044,1,,211,100
2532,25320,26120,0.01563862774561975,1,,209,100
2533,25330,26130,0.0026694645395261415,1,,211,100
2534,25340,26140,0.004101862768285987,1,,210,100
2535,25350,26150,0.004309012291181613,1,,211,100
2536,25360,26160,0.004151195637867651,1,,211,100
2537,25370,26170,0.002314234826565514,1,,211,100
2538,25380,26180,0.003891170014190672,1,,210,100
2539,25390,26190,0.0005853367671757973,0,,210,100
2540,25400,26200,0.0015174342958022976,1,,210,100
2541,25410,26210,0.007688028677302617,1,,210,100
2542,25420,26220,3.416421420213411e-06,0,,211,100
2543,25430,26230,3.0114134364752906e-07,0,,210,100
2544,25440,26240,9.95652129510323e-35,0,,211,100
2545,25450,26250,1.1889688097820494e-06,0,,213,100
2546,25460,26260,5.103288060346823e-05,0,,209,100
2547,25470,26270,5.94463377094244e-05,0,,211,100
2548,25480,26280,0.00011921207922903568,0,,208,100
2549,25490,26290,9.829884937454528e-06,0,,211,100
2550,25500,26300,2.264772440417747e-05,0,,210,100
2551,25510,26310,1.757280760498162e-05,0,,212,100
2552,25520,26320,0.00015071249056956214,0,,211,100
2553,25530,26330,7.243953968480146e-07,0,,212,100
2554,25540,26340,4.211750890906096e-08,0,,211,100
2555,25550,26350,1.1498516395621499e-08,0,,214,100
2556,25560,26360,1.2093661353793566e-07,0,,214,100
2557,25570,26370,7.73923135328426e-08,0,,213,100
2558,25580,26380,1.1313812698175612e-07,0,,215,100
2559,25590,26390,8.526406552384734e-10,0,,216,100
2560,25600,26400,1.447986561378303e-09,0,,215,100
2561,25610,26410,1.7400215077553522e-31,0,,213,100
2562,25620,26420,1.5798713360344854e-31,0,,214,100
2563,25630,26430,3.0116485776499118e-30,0,,213,100
2564,25640,26440,1.4576959161671027e-23,0,,215,100
2565,25650,26450,1.4209408583907042e-42,0,,214,100
2566,25660,26460,6.3699623571087414e-46,0,,212,100
2567,25670,26470,5.0326011207091275e-45,0,,212,100
2568,25680,26480,1.0781019609198898e-44,0,,211,100
2569,25690,26490,7.763119056268622e-42,0,,211,100
2570,25700,26500,2.1605798350250943e-37,0,,208,100
2571,25710,26510,6.335379897141814e-33,0,,207,100
2572,25720,26520,2.2839037477926756e-26,0,,208,100
2573,25730,26530,8.683643155612958e-27,0,,208,100
2574,25740,26540,1.0543370982221937e-24,0,,208,100
2575,25750,26550,4.8794266597734233e-23,0,,210,100
2576,25760,26560,1.4813016470638362e-21,0,,211,100
2577,25770,26570,2.708392570809042e-21,0,,211,100
2578,25780,26580,3.48312176830168e-23,0,,213,100
2579,25790,26590,2.849146632641805e-23,0,,214,100
2580,25800,26600,2.4863606201489578e-15,0,,213,100
2581,25810,26610,5.924798279294713e-21,0,,214,100
2582,25820,26620,3.5155109861039436e-22,0,,212,100
2583,25830,26630,7.253233236296657e-21,0,,213,100
2584,25840,26640,7.308986454849926e-19,0,,212,100
2585,25850,26650,3.4098469909539093e-15,0,,213,100
2586,25860,26660,7.362287628266827e-14,0,,212,100
2587,25870,26670,5.603872336655153e-15,0,,211,100
2588,25880,26680,6.909537806112759e-15,0,,211,100
2589,25890,26690,7.490710492362414e-14,0,,212,100
2590,25900,26700,2.9900126923762147e-13,0,,214,100
2591,25910,26710,6.891501927851819e-14,0,,213,100
2592,25920,26720,1.3454146935439328e-13,0,,212,100
2593,25930,26730,4.571571085357319e-13,0,,211,100
2594,25940,26740,1.0244147955240478e-13,0,,210,100
2595,25950,26750,8.962543560370768e-14,0,,212,100
2596,25960,26760,5.31171437734285e-13,0,,212,100
2597,25970,26770,2.1203146689685303e-12,0,,213,100
2598,25980,26780,2.511068615424909e-13,0,,215,100
2599,25990,26790,8.21421552744344e-14,0,,214,100
2600,26000,26800,1.3146566654856475e-12,0,,212,100
2601,26010,26810,2.885519171179325e-10,0,,210,100
2602,26020,26820,3.203070159820706e-14,0,,209,100
2603,26030,26830,2.4135517902570227e-16,0,,210,100
2604,26040,26840,3.8967774204997984e-19,0,,207,100
2605,26050,26850,3.458346842765959e-19,0,,206,100
2606,26060,26860,2.4613906385737226e-24,0,,207,100
2607,26070,26870,6.456589548864752e-26,0,,210,100
2608,26080,26880,2.819154207022783e-26,0,,209,100
2609,26090,26890,1.5001437087595005e-25,0,,208,100
2610,26100,26900,3.61516762646129e-26,0,,210,100
2611,26110,26910,1.0689299603816126e-30,0,,209,100
2612,26120,26920,3.1499388270846663e-30,0,,210,100
2613,26130,26930,2.251466948048481e-22,0,,208,100
2614,26140,26940,7.436228555573753e-21,0,,210,100
2615,26150,26950,4.809905601092007e-30,0,,209,100
2616,26160,26960,1.4963076039899592e-27,0,,211,100
2617,26170,26970,1.0075278563474922e-28,0,,212,100
2618,26180,26980,4.695365568862461e-28,0,,213,100
2619,26190,26990,1.3700680170398503e-29,0,,212,100
2620,26200,27000,5.531907275363922e-26,0,,210,100
2621,26210,27010,6.601481131536198e-24,0,,210,100
2622,26220,27020,3.140318383663199e-18,0,,211,100
2623,26230,27030,6.398532379905616e-22,0,,212,100
2624,26240,27040,2.4455123103750313e-21,0,,211,100
2625,26250,27050,1.3025540174874761e-19,0,,211,100
2626,26260,27060,3.349594497292561e-17,0,,214,100
2627,26270,27070,3.174056283306056e-16,0,,213,100
2628,26280,27080,4.377205660709817e-17,0,,214,100
2629,26290,27090,2.0277041452194106e-16,0,,214,100
2630,26300,27100,8.99129669519415e-15,0,,212,100
2631,26310,27110,2.2186327349637876e-14,0,,212,100
2632,26320,27120,1.8991082374694352e-16,0,,212,100
2633,26330,27130,4.786161473199991e-17,0,,213,100
2634,26340,27140,1.363936049972424e-20,0,,211,100
2635,26350,27150,2.3462916241216525e-22,0,,211,100
2636,26360,27160,2.248097560138057e-22,0,,213,100
2637,26370,27170,1.6331626350030552e-20,0,,215,100
2638,26380,27180,6.67441668160179e-22,0,,214,100
2639,26390,27190,1.3769624943551797e-20,0,,216,100
2640,26400,27200,1.1386632006394874e-26,0,,214,100
2641,26410,27210,7.324490133788412e-28,0,,213,100
2642,26420,27220,4.848019908773995e-27,0,,213,100
2643,26430,27230,4.669121856515335e-27,0,,212,100
2644,26440,27240,1.1664508372403594e-31,0,,214,100
2645,26450,27250,1.1667216980973106e-28,0,,215,100
2646,26460,27260,5.723026810469059e-25,0,,216,100
2647,26470,27270,2.4172078315301775e-29,0,,215,100
2648,26480,27280,6.549881602174898e-28,0,,214,100
2649,26490,27290,5.544803060215371e-29,0,,218,100
2650,26500,27300,1.6392412808799322e-29,0,,218,100
2651,26510,27310,1.605089481956969e-30,0,,218,100
2652,26520,27320,5.411593554157278e-49,0,,219,100
2653,26530,27330,4.0609872879910134e-54,0,,220,100
2654,26540,27340,9.561850777071329e-51,0,,220,100
2655,26550,27350,3.787605750316481e-47,0,,220,100
2656,26560,27360,7.626884128802184e-46,0,,217,100
2657,26570,27370,1.6630061854669474e-41,0,,215,100
2658,26580,27380,9.005585483628378e-39,0,,216,100
2659,26590,27390,2.170039799718085e-42,0,,218,100
2660,26600,27400,7.777779983370333e-49,0,,219,100
2661,26610,27410,1.607300714260554e-46,0,,219,100
2662,26620,27420,1.833669339867453e-56,0,,218,100
2663,26630,27430,1.3645301100689155e-50,0,,216,100
2664,26640,27440,1.868634922808524e-58,0,,218,100
2665,26650,27450,4.3383412915283857e-54,0,,215,100
2666,26660,27460,1.2319013713069572e-55,0,,216,100
2667,26670,27470,1.465566579507704e-52,0,,218,100
2668,26680,27480,4.4740744436566656e-51,0,,216,100
2669,26690,27490,5.923437128391347e-47,0,,216,100
2670,26700,27500,5.719930792802098e-44,0,,214,100
2671,26710,27510,3.0432423512173736e-44,0,,217,100
2672,26720,27520,2.5841624003342925e-42,0,,218,100
2673,26730,27530,1.416508809970564e-38,0,,219,100
2674,26740,27540,1.4738774697965955e-37,0,,219,100
2675,26750,27550,7.383626498280528e-38,0,,220,100
2676,26760,27560,7.495551551882045e-36,0,,219,100
2677,26770,27570,5.451509352800614e-33,0,,218,100
2678,26780,27580,6.426441279554836e-30,0,,218,100
2679,26790,27590,1.3150387981314484e-27,0,,217,100
2680,26800,27600,2.334945612938202e-26,0,,220,100
2681,26810,27610,9.050768545300017e-22,0,,219,100
2682,26820,27620,6.225092212611373e-20,0,,219,100
2683,26830,27630,2.1038284572698122e-19,0,,219,100
2684,26840,27640,9.500335394300518e-20,0,,220,100
2685,26850,27650,3.9199138053761374e-18,0,,218,100
2686,26860,27660,5.122891909294692e-15,0,,218,100
2687,26870,27670,8.583504813700353e-14,0,,217,100
2688,26880,27680,1.4979008130355682e-13,0,,219,100
2689,26890,27690,3.6181018995778236e-12,0,,220,100
2690,26900,27700,5.449874877291013e-11,0,,220,100
2691,26910,27710,5.415228883129316e-08,0,,219,100
2692,26920,27720,2.6674060365145978e-08,0,,218,100
2693,26930,27730,2.1291627803450525e-08,0,,219,100
2694,26940,27740,8.251684676807621e-06,0,,217,100
2695,26950,27750,4.6617694019878177e-07,0,,219,100
2696,26960,27760,7.617824751121996e-08,0,,218,100
2697,26970,27770,2.344908769194218e-08,0,,218,100
2698,26980,27780,6.6488418288475265e-09,0,,218,100
2699,26990,27790,2.718505298009456e-09,0,,220,100
2700,27000,27800,1.1624121946338848e-08,0,,223,100
2701,27010,27810,1.6067877451662033e-07,0,,224,100
2702,27020,27820,2.286862454902735e-06,0,,222,100
2703,27030,27830,1.9429421199338712e-08,0,,223,100
2704,27040,27840,1.3237264415394234e-08,0,,222,100
2705,27050,27850,1.3430126049899853e-09,0,,222,100
2706,27060,27860,1.360980336471061e-11,0,,221,100
2707,27070,27870,5.570479248668839e-32,0,,218,100
2708,27080,27880,1.3831034670362186e-32,0,,222,100
2709,27090,27890,7.493369426579587e-34,0,,224,100
2710,27100,27900,9.585713334946495e-40,0,,222,100
2711,27110,27910,2.6703645832784804e-43,0,,222,100
2712,27120,27920,5.639898475126274e-49,0,,221,100
2713,27130,27930,9.029345053328612e-49,0,,220,100
2714,27140,27940,3.955416622666937e-48,0,,223,100
2715,27150,27950,1.8916397436312506e-49,0,,224,100
2716,27160,27960,1.372274811009082e-48,0,,220,100
2717,27170,27970,6.893290394187685e-48,0,,222,100
2718,27180,27980,1.7362303988592498e-45,0,,221,100
2719,27190,27990,5.389788492126917e-47,0,,221,100
2720,27200,28000,1.2506515750085363e-50,0,,221,100
2721,27210,28010,7.318645858554799e-49,0,,221,100
2722,27220,28020,2.0472325504634038e-50,0,,223,100
2723,27230,28030,2.53623089205663e-51,0,,223,100
2724,27240,28040,1.5436942028624808e-48,0,,222,100
2725,27250,28050,1.5697655296544493e-50,0,,219,100
2726,27260,28060,1.3167834045625199e-52,0,,221,100
2727,27270,28070,5.79799896872247e-50,0,,220,100
2728,27280,28080,1.0984780388293442e-49,0,,219,100
2729,27290,28090,3.007557680866962e-43,0,,219,100
2730,27300,28100,1.5215219755316194e-43,0,,221,100
2731,27310,28110,5.467316498727233e-45,0,,219,100
2732,27320,28120,4.265462853248653e-46,0,,218,100
2733,27330,28130,5.933754372336002e-45,0,,218,100
2734,27340,28140,1.2041280316226732e-45,0,,218,100
2735,27350,28150,7.549994629910722e-46,0,,217,100
2736,27360,28160,9.85120901634883e-46,0,,220,100
2737,27370,28170,7.001090690275696e-48,0,,219,100
2738,27380,28180,3.3207259293962366e-46,0,,219,100
2739,27390,28190,7.398321817716361e-47,0,,217,100
2740,27400,28200,3.1820500007786476e-49,0,,217,100
2741,27410,28210,6.976297564548831e-51,0,,216,100
2742,27420,28220,1.4370664444582225e-52,0,,215,100
2743,27430,28230,2.3359102907474688e-50,0,,217,100
2744,27440,28240,1.0156247369070784e-53,0,,216,100
2745,27450,28250,2.677035097490747e-56,0,,217,100
2746,27460,28260,9.012940135361155e-49,0,,215,100
2747,27470,28270,4.56185616098772e-51,0,,217,100
2748,27480,28280,1.4406765926139494e-50,0,,215,100
2749,27490,28290,1.1452853599001272e-54,0,,214,100
2750,27500,28300,8.271533293133478e-54,0,,214,100
2751,27510,28310,3.16354558330437e-57,0,,213,100
2752,27520,28320,1.103768995114193e-59,0,,213,100
2753,27530,28330,6.142007741404602e-59,0,,213,100
2754,27540,28340,2.0958883174344423e-60,0,,213,100
2755,27550,28350,1.09107174236791e-57,0,,215,100
2756,27560,28360,4.802592183868122e-63,0,,215,100
2757,27570,28370,1.9843854438337004e-58,0,,217,100
2758,27580,28380,3.201070118056269e-57,0,,219,100
2759,27590,28390,4.580084993122709e-55,0,,222,100
2760,27600,28400,1.076426787021435e-57,0,,221,100
2761,27610,28410,7.448146881289916e-59,0,,220,100
2762,27620,28420,4.439063478724619e-58,0,,221,100
2763,27630,28430,7.483369988760708e-54,0,,219,100
2764,27640,28440,6.420661130304796e-51,0,,222,100
2765,27650,28450,7.17637440251931e-39,0,,222,100
2766,27660,28460,7.460195505156002e-33,0,,221,100
2767,27670,28470,1.2656447323570323e-30,0,,220,100
2768,27680,28480,2.130947600035321e-25,0,,219,100
2769,27690,28490,1.1606673649591179e-25,0,,218,100
2770,27700,28500,7.478749457858602e-20,0,,217,100
2771,27710,28510,4.677959599990167e-20,0,,217,100
2772,27720,28520,3.0767212319439363e-19,0,,218,100
2773,27730,28530,2.1370965967183802e-15,0,,218,100
2774,27740,28540,9.506099894814894e-19,0,,219,100
2775,27750,28550,2.5561460482509824e-18,0,,216,100
2776,27760,28560,1.4056647935123467e-19,0,,215,100
2777,27770,28570,6.6264903394702506e-21,0,,214,100
2778,27780,28580,6.414028570224664e-19,0,,214,100
2779,27790,28590,7.911352979365932e-19,0,,215,100
2780,27800,28600,1.932638072877911e-18,0,,211,100
2781,27810,28610,3.3727363658476692e-18,0,,211,100
2782,27820,28620,1.8987146583109684e-18,0,,211,100
2783,27830,28630,7.34746940611116e-23,0,,209,100
2784,27840,28640,7.920420629175692e-48,0,,209,100
2785,27850,28650,1.871035330870863e-46,0,,208,100
2786,27860,28660,3.6937100610624877e-44,0,,208,100
2787,27870,28670,8.43249257157046e-46,0,,206,100
2788,27880,28680,1.2596355430061911e-43,0,,203,100
2789,27890,28690,8.804776796500956e-45,0,,202,100
2790,27900,28700,1.6218567952836285e-44,0,,204,100
2791,27910,28710,2.2120777157584962e-45,0,,203,100
2792,27920,28720,9.487463742924559e-46,0,,205,100
2793,27930,28730,7.876602230979978e-44,0,,206,100
2794,27940,28740,2.8394078786947814e-42,0,,204,100
2795,27950,28750,7.555773303456019e-41,0,,206,100
2796,27960,28760,1.0761601427010174e-40,0,,203,100
2797,27970,28770,5.270046572837354e-43,0,,202,100
2798,27980,28780,2.0962580525736532e-43,0,,204,100
2799,27990,28790,9.515049397143082e-43,0,,202,100
2800,28000,28800,4.515443927929155e-41,0,,204,100
2801,28010,28810,2.685260679617666e-41,0,,204,100
2802,28020,28820,4.079845558792473e-40,0,,206,100
2803,28030,28830,8.15087573456058e-38,0,,209,100
2804,28040,28840,9.336381651690318e-38,0,,211,100
2805,28050,28850,1.6317935425761328e-35,0,,214,100
2806,28060,28860,2.9004253915065546e-29,0,,216,100
2807,28070,28870,1.31607783116326e-26,0,,219,100
2808,28080,28880,5.332839992648802e-28,0,,221,100
2809,28090,28890,1.346628246836479e-26,0,,220,100
2810,28100,28900,7.161155562594157e-22,0,,220,100
2811,28110,28910,7.25704440787341e-18,0,,220,100
2812,28120,28920,3.26351424959872e-18,0,,221,100
2813,28130,28930,3.507421855958472e-19,0,,220,100
2814,28140,28940,2.1229520443762023e-15,0,,218,100
2815,28150,28950,1.7022633570115182e-13,0,,218,100
2816,28160,28960,8.683021861028758e-15,0,,217,100
2817,28170,28970,3.447980473168976e-16,0,,219,100
2818,28180,28980,6.325661793428386e-14,0,,219,100
2819,28190,28990,8.81983011992601e-15,0,,218,100
2820,28200,29000,8.582410897174813e-14,0,,220,100
2821,28210,29010,9.825765311246223e-15,0,,219,100
2822,28220,29020,4.284448920686162e-17,0,,223,100
2823,28230,29030,3.165016702840791e-16,0,,222,100
2824,28240,29040,1.0773841254729336e-17,0,,224,100
2825,28250,29050,6.671248533713249e-19,0,,224,100
2826,28260,29060,2.598321733389899e-18,0,,222,100
2827,28270,29070,4.98346562536688e-20,0,,221,100
2828,28280,29080,1.397192569398955e-17,0,,223,100
2829,28290,29090,8.359273638944599e-19,0,,226,100
2830,28300,29100,4.1620813291222247e-19,0,,223,100
2831,28310,29110,3.1503247929120256e-25,0,,227,100
2832,28320,29120,2.672766328694843e-20,0,,224,100
2833,28330,29130,7.814461533500731e-22,0,,224,100
2834,28340,29140,2.1057365467270425e-33,0,,224,100
2835,28350,29150,1.765508501575952e-21,0,,223,100
2836,28360,29160,1.4654299930362082e-18,0,,221,100
2837,28370,29170,2.2038838116039844e-18,0,,222,100
2838,28380,29180,5.443777093576473e-20,0,,222,100
2839,28390,29190,1.0467920781121773e-20,0,,219,100
2840,28400,29200,7.291050157465897e-22,0,,221,100
2841,28410,29210,1.200936578298602e-20,0,,222,100
2842,28420,29220,4.155688262268683e-27,0,,221,100
2843,28430,29230,1.4590595502997503e-32,0,,220,100
2844,28440,29240,7.67241413592544e-34,0,,219,100
2845,28450,29250,7.349103742675931e-34,0,,222,100
2846,28460,29260,3.264564282598435e-26,0,,223,100
2847,28470,29270,2.763939965265219e-28,0,,222,100
2848,28480,29280,3.4491605376190554e-34,0,,222,100
2849,28490,29290,1.3103167165433323e-32,0,,222,100
2850,28500,29300,1.8716636800886614e-24,0,,222,100
2851,28510,29310,1.6219681046823844e-20,0,,223,100
2852,28520,29320,1.4560539053870137e-17,0,,221,100
2853,28530,29330,1.1098873298170887e-15,0,,221,100
2854,28540,29340,3.136584508706936e-15,0,,221,100
2855,28550,29350,2.5375935935093087e-17,0,,224,100
2856,28560,29360,5.617420246451681e-18,0,,224,100
2857,28570,29370,3.707046408806478e-18,0,,223,100
2858,28580,29380,1.8230081815837155e-17,0,,223,100
2859,28590,29390,6.251378639168296e-17,0,,221,100
2860,28600,29400,1.1455900349062316e-15,0,,220,100
2861,28610,29410,8.371456376950964e-12,0,,221,100
2862,28620,29420,6.085094770363053e-13,0,,225,100
2863,28630,29430,3.7461563237442285e-08,0,,225,100
2864,28640,29440,7.609108819872688e-08,0,,230,100
2865,28650,29450,5.4548433616053146e-08,0,,231,100
2866,28660,29460,5.037502113404031e-08,0,,234,100
2867,28670,29470,3.800645225638233e-07,0,,233,100
2868,28680,29480,2.7167885600066064e-08,0,,233,100
2869,28690,29490,1.9854801174649976e-08,0,,234,100
2870,28700,29500,7.534069787625592e-09,0,,235,100
2871,28710,29510,2.9787874282396116e-11,0,,234,100
2872,28720,29520,9.613017577570903e-17,0,,232,100
2873,28730,29530,7.577483413426467e-16,0,,233,100
2874,28740,29540,6.061545213519147e-18,0,,233,100
2875,28750,29550,7.350232913644099e-21,0,,234,100
2876,28760,29560,9.620712649005006e-22,0,,236,100
2877,28770,29570,1.1712355477340872e-18,0,,236,100
2878,28780,29580,1.115370434385809e-20,0,,237,100
2879,28790,29590,1.5994548395745572e-20,0,,237,100
2880,28800,29600,9.125047055733387e-17,0,,237,100
2881,28810,29610,2.4737906810932446e-17,0,,236,100
2882,28820,29620,3.874564713727823e-14,0,,232,100
2883,28830,29630,3.9742519122112983e-14,0,,229,100
2884,28840,29640,6.822125013333714e-17,0,,224,100
2885,28850,29650,1.3853358059536932e-20,0,,224,100
2886,28860,29660,9.459399746511303e-21,0,,221,100
2887,28870,29670,9.954063101012325e-22,0,,221,100
2888,28880,29680,1.5490051059559722e-22,0,,219,100
2889,28890,29690,1.8965036295404695e-42,0,,218,100
2890,28900,29700,5.787300664925064e-42,0,,220,100
2891,28910,29710,1.978006697428121e-38,0,,220,100
2892,28920,29720,2.386602804648197e-38,0,,222,100
2893,28930,29730,3.0291450006227816e-39,0,,221,100
2894,28940,29740,3.349736747610184e-39,0,,223,100
2895,28950,29750,1.6617690488344818e-38,0,,223,100
2896,28960,29760,8.121124853859099e-39,0,,223,100
2897,28970,29770,7.945109987319017e-40,0,,224,100
2898,28980,29780,2.2640399096968304e-41,0,,225,100
2899,28990,29790,1.62715600708727e-38,0,,225,100
2900,29000,29800,4.174780235058047e-40,0,,226,100
2901,29010,29810,8.153605962168119e-42,0,,228,100
2902,29020,29820,8.684895449682698e-45,0,,224,100
2903,29030,29830,1.3607390155811578e-46,0,,224,100
2904,29040,29840,2.152375309364146e-47,0,,223,100
2905,29050,29850,1.0204893147314842e-48,0,,226,100
2906,29060,29860,6.112386854663411e-44,0,,227,100
2907,29070,29870,5.590000703087464e-47,0,,227,100
2908,29080,29880,3.410689122593469e-52,0,,226,100
2909,29090,29890,1.472283846092371e-53,0,,226,100
2910,29100,29900,1.9279972669170087e-52,0,,227,100
2911,29110,29910,2.2313368166949588e-54,0,,223,100
2912,29120,29920,2.006024348579606e-55,0,,225,100
2913,29130,29930,3.9823274712520774e-52,0,,226,100
2914,29140,29940,1.1180672018100207e-52,0,,229,100
2915,29150,29950,9.158164439313944e-56,0,,230,100
2916,29160,29960,1.3971389005484952e-53,0,,230,100
2917,29170,29970,2.7586876282668294e-48,0,,228,100
2918,29180,29980,9.701936372414925e-45,0,,227,100
2919,29190,29990,5.880192922162376e-45,0,,226,100
2920,29200,30000,1.9349315061776777e-47,0,,228,100
2921,29210,30010,3.1839032994862445e-45,0,,227,100
2922,29220,30020,5.057256041423439e-37,0,,229,100
2923,29230,30030,6.951371749293037e-46,0,,230,100
2924,29240,30040,7.642876820492997e-48,0,,226,100
2925,29250,30050,3.582493927078342e-46,0,,229,100
2926,29260,30060,3.666789173767526e-42,0,,228,100
2927,29270,30070,3.084581910560936e-41,0,,230,100
2928,29280,30080,7.776036149162379e-38,0,,230,100
2929,29290,30090,9.010415636545568e-34,0,,231,100
2930,29300,30100,2.1227309974733564e-35,0,,230,100
2931,29310,30110,2.4494748926597023e-37,0,,230,100
2932,29320,30120,2.848377350605533e-45,0,,229,100
2933,29330,30130,2.1821334372234714e-41,0,,230,100
2934,29340,30140,5.546570893129507e-41,0,,231,100
2935,29350,30150,8.564299276502734e-23,0,,229,100
2936,29360,30160,8.512624761092892e-27,0,,235,100
2937,29370,30170,1.0654921700980778e-30,0,,238,100
2938,29380,30180,5.292375271646038e-26,0,,235,100
2939,29390,30190,9.822362349583918e-30,0,,236,100
2940,29400,30200,5.300562939480657e-37,0,,237,100
2941,29410,30210,4.4469996536216144e-42,0,,235,100
2942,29420,30220,5.4762366409180685e-40,0,,234,100
2943,29430,30230,1.2675656820240052e-38,0,,235,100
2944,29440,30240,1.7885013162952742e-35,0,,232,100
2945,29450,30250,1.5972580945851825e-41,0,,230,100
2946,29460,30260,8.805469585676461e-41,0,,228,100
2947,29470,30270,5.0056136455292894e-42,0,,228,100
2948,29480,30280,6.294112705739878e-43,0,,228,100
2949,29490,30290,3.7297631210351426e-42,0,,227,100
2950,29500,30300,1.478488930806715e-44,0,,227,100
2951,29510,30310,1.6814725183051078e-44,0,,227,100
2952,29520,30320,2.8969087806796756e-49,0,,228,100
2953,29530,30330,1.9003935915911796e-45,0,,227,100
2954,29540,30340,8.150052615190214e-50,0,,225,100
2955,29550,30350,4.669272199503407e-50,0,,225,100
2956,29560,30360,5.182691577061429e-48,0,,225,100
2957,29570,30370,1.6161940084396766e-45,0,,221,100
2958,29580,30380,8.602782124802646e-45,0,,224,100
2959,29590,30390,4.555301192222904e-39,0,,223,100
2960,29600,30400,1.178494782149278e-38,0,,225,100
2961,29610,30410,1.1456568740335406e-37,0,,224,100
2962,29620,30420,4.6938560163005974e-34,0,,224,100
2963,29630,30430,2.2620533716238706e-34,0,,224,100
2964,29640,30440,2.160836083112581e-30,0,,224,100
2965,29650,30450,8.505627338055284e-31,0,,222,100
2966,29660,30460,6.69129896195413e-25,0,,221,100
2967,29670,30470,4.68599153656015e-24,0,,220,100
2968,29680,30480,3.993584091221119e-21,0,,218,100
2969,29690,30490,8.470015906371567e-17,0,,217,100
2970,29700,30500,1.3680714154862953e-18,0,,217,100
2971,29710,30510,4.558668006241935e-17,0,,218,100
2972,29720,30520,7.460955665889723e-15,0,,218,100
2973,29730,30530,8.230930898618992e-16,0,,219,100
2974,29740,30540,1.5528586590413573e-16,0,,219,100
2975,29750,30550,3.2237303042537436e-17,0,,217,100
2976,29760,30560,2.8095276831504473e-18,0,,213,100
2977,29770,30570,1.0112834259198176e-18,0,,214,100
2978,29780,30580,2.533455380346761e-16,0,,214,100
2979,29790,30590,2.703441338551342e-17,0,,214,100
2980,29800,30600,1.9428353501125697e-19,0,,213,100
2981,29810,30610,9.677355153638647e-21,0,,215,100
2982,29820,30620,3.923612959240999e-22,0,,215,100
2983,29830,30630,1.0489138709501779e-26,0,,215,100
2984,29840,30640,5.269820713813149e-26,0,,217,100
2985,29850,30650,5.7032657927260335e-27,0,,219,100
2986,29860,30660,4.630330767094935e-29,0,,219,100
2987,29870,30670,1.2462211660083316e-28,0,,218,100
2988,29880,30680,3.014764302119496e-32,0,,218,100
2989,29890,30690,3.214720140727194e-32,0,,218,100
2990,29900,30700,2.5068615690515714e-29,0,,218,100
2991,29910,30710,1.2057667459910634e-28,0,,218,100
2992,29920,30720,1.146667851652774e-27,0,,218,100
2993,29930,30730,9.840967248340713e-30,0,,216,100
2994,29940,30740,6.189005292571587e-31,0,,213,100
2995,29950,30750,1.5776242144681755e-31,0,,213,100
2996,29960,30760,3.2513467610292426e-27,0,,214,100
2997,29970,30770,4.95617129113255e-27,0,,213,100
2998,29980,30780,2.846928268309334e-26,0,,212,100
2999,29990,30790,4.728908131592867e-24,0,,212,100
3000,30000,30800,7.312766784755429e-22,0,,211,100
3001,30010,30810,9.847100018304929e-20,0,,209,100
3002,30020,30820,1.354335654865381e-23,0,,205,100
3003,30030,30830,3.0960209035472672e-24,0,,208,100
3004,30040,30840,8.259730795426476e-26,0,,209,100
3005,30050,30850,3.349425073423621e-24,0,,208,100
3006,30060,30860,5.552538358896218e-49,0,,209,100
3007,30070,30870,1.693757897493934e-49,0,,209,100
3008,30080,30880,1.690669245366628e-53,0,,207,100
3009,30090,30890,2.8536062435365438e-53,0,,209,100
3010,30100,30900,3.523938724530165e-46,0,,211,100
3011,30110,30910,7.579748397762244e-44,0,,214,100
3012,30120,30920,1.8859992270484374e-43,0,,214,100
3013,30130,30930,2.6615261231346335e-43,0,,213,100
3014,30140,30940,2.293149533545092e-42,0,,212,100
3015,30150,30950,3.1088676015149104e-38,0,,211,100
3016,30160,30960,5.0752001184100614e-46,0,,208,100
3017,30170,30970,1.0641497068767823e-42,0,,208,100
3018,30180,30980,1.3795449841653756e-43,0,,209,100
3019,30190,30990,1.7758688555734117e-45,0,,207,100
3020,30200,31000,1.3027786589757225e-46,0,,209,100
3021,30210,31010,2.2843678709427714e-48,0,,209,100
3022,30220,31020,1.239146076285449e-52,0,,209,100
3023,30230,31030,3.610063816679546e-50,0,,207,100
3024,30240,31040,4.247957471350211e-48,0,,206,100
3025,30250,31050,9.08633278626767e-49,0,,207,100
3026,30260,31060,3.39886925186927e-45,0,,209,100
3027,30270,31070,5.794913573628635e-46,0,,208,100
3028,30280,31080,1.4382109714237218e-45,0,,209,100
3029,30290,31090,1.7670959115544898e-45,0,,210,100
3030,30300,31100,3.796242282030449e-46,0,,206,100
3031,30310,31110,5.918508805482059e-49,0,,208,100
3032,30320,31120,2.6365686543818944e-45,0,,209,100
3033,30330,31130,4.495098296276126e-47,0,,211,100
3034,30340,31140,1.0385612180082315e-47,0,,214,100
3035,30350,31150,1.0312742987736679e-45,0,,213,100
3036,30360,31160,1.7557273254099132e-42,0,,212,100
3037,30370,31170,1.6246637024221729e-41,0,,215,100
3038,30380,31180,9.211389002783474e-43,0,,212,100
3039,30390,31190,5.282741905977038e-44,0,,212,100
3040,30400,31200,1.7274569056752817e-40,0,,212,100
3041,30410,31210,4.434184866615986e-39,0,,213,100
3042,30420,31220,8.941924783239432e-36,0,,213,100
3043,30430,31230,2.9158052591125712e-33,0,,213,100
3044,30440,31240,1.5434885074631937e-32,0,,215,100
3045,30450,31250,1.0344156890230583e-33,0,,216,100
3046,30460,31260,1.097145537838995e-33,0,,216,100
3047,30470,31270,1.3845061285190597e-33,0,,220,100
3048,30480,31280,2.2940036181296224e-36,0,,221,100
3049,30490,31290,1.7192619663407647e-31,0,,222,100
3050,30500,31300,3.868363471549281e-34,0,,223,100
3051,30510,31310,6.143236942868088e-39,0,,221,100
3052,30520,31320,3.169717922452682e-37,0,,221,100
3053,30530,31330,2.96272189022209e-37,0,,220,100
3054,30540,31340,7.278795422850662e-39,0,,219,100
3055,30550,31350,3.063142202875596e-38,0,,223,100
3056,30560,31360,7.815383116070592e-41,0,,226,100
3057,30570,31370,6.02228930817804e-41,0,,228,100
3058,30580,31380,6.7955792750605145e-31,0,,227,100
3059,30590,31390,2.884977373921997e-33,0,,224,100
3060,30600,31400,2.266710524773851e-32,0,,224,100
3061,30610,31410,2.9591251737647992e-36,0,,225,100
3062,30620,31420,1.0263612781974779e-33,0,,225,100
3063,30630,31430,7.599972302316346e-34,0,,224,100
3064,30640,31440,1.934777659246727e-37,0,,222,100
3065,30650,31450,6.711071789250125e-34,0,,217,100
3066,30660,31460,3.996779063563939e-34,0,,217,100
3067,30670,31470,5.521134630650945e-31,0,,215,100
3068,30680,31480,4.318459775614416e-28,0,,216,100
3069,30690,31490,4.596991355835801e-25,0,,216,100
3070,30700,31500,2.2018353324870497e-23,0,,215,100
3071,30710,31510,3.750170629527902e-22,0,,217,100
3072,30720,31520,2.9495481716075705e-25,0,,215,100
3073,30730,31530,4.6899442018626635e-25,0,,215,100
3074,30740,31540,1.3797824233976232e-24,0,,216,100
3075,30750,31550,3.2951767427011936e-22,0,,216,100
3076,30760,31560,1.7042331120197988e-22,0,,219,100
3077,30770,31570,5.788570910146566e-22,0,,218,100
3078,30780,31580,4.3750273917395135e-20,0,,219,100
3079,30790,31590,1.0794478539798834e-18,0,,219,100
3080,30800,31600,2.015764799226239e-19,0,,217,100
3081,30810,31610,2.3608917444199702e-20,0,,218,100
3082,30820,31620,1.8467271051451488e-16,0,,217,100
3083,30830,31630,1.1286228039581843e-19,0,,217,100
3084,30840,31640,2.4419423439345944e-17,0,,217,100
3085,30850,31650,4.5029385950395805e-18,0,,216,100
3086,30860,31660,2.6937016709362744e-17,0,,216,100
3087,30870,31670,1.6251059132646288e-18,0,,216,100
3088,30880,31680,4.3558214918995625e-20,0,,214,100
3089,30890,31690,9.073126988497683e-18,0,,214,100
3090,30900,31700,1.098941352360823e-22,0,,210,100
3091,30910,31710,1.5682068620901347e-21,0,,210,100
3092,30920,31720,2.187781378654991e-22,0,,209,100
3093,30930,31730,1.1622528576403702e-23,0,,211,100
3094,30940,31740,1.929442104995962e-21,0,,211,100
3095,30950,31750,1.4884238788936952e-22,0,,211,100
3096,30960,31760,4.571682678800181e-25,0,,210,100
3097,30970,31770,2.368929055882842e-27,0,,208,100
3098,30980,31780,1.2466377879970681e-29,0,,208,100
3099,30990,31790,2.3809582398746708e-26,0,,209,100
3100,31000,31800,1.824892975617438e-25,0,,208,100
3101,31010,31810,5.755198883887411e-26,0,,210,100
3102,31020,31820,1.3273882016710741e-27,0,,210,100
3103,31030,31830,1.906122696058151e-28,0,,210,100
3104,31040,31840,7.389871808833649e-31,0,,210,100
3105,31050,31850,1.3498742830458152e-28,0,,209,100
3106,31060,31860,7.919831542421744e-32,0,,209,100
3107,31070,31870,1.079026432447426e-33,0,,210,100
3108,31080,31880,1.798538771081904e-35,0,,209,100
3109,31090,31890,1.2756656138912349e-36,0,,210,100
3110,31100,31900,5.814285872502988e-38,0,,212,100
3111,31110,31910,1.967945803009559e-43,0,,210,100
3112,31120,31920,3.365711242810506e-46,0,,209,100
3113,31130,31930,2.021943757413896e-51,0,,207,100
3114,31140,31940,6.228425510738443e-53,0,,208,100
3115,31150,31950,7.968141559402782e-49,0,,208,100
3116,31160,31960,5.432335457276091e-48,0,,208,100
3117,31170,31970,9.567972604327749e-45,0,,206,100
3118,31180,31980,5.57840999454775e-45,0,,209,100
3119,31190,31990,1.784009259425377e-46,0,,207,100
3120,31200,32000,6.227794623654226e-48,0,,208,100
3121,31210,32010,1.8320651338754413e-46,0,,206,100
3122,31220,32020,7.967491067391454e-48,0,,208,100
3123,31230,32030,2.8342641723388666e-44,0,,210,100
3124,31240,32040,4.558825325654203e-49,0,,207,100
3125,31250,32050,3.9668894787907234e-44,0,,207,100
3126,31260,32060,2.7824222757257113e-43,0,,205,100
3127,31270,32070,2.3733581323524557e-40,0,,203,100
3128,31280,32080,2.9381486585931583e-43,0,,203,100
3129,31290,32090,6.726689907817942e-43,0,,204,100
3130,31300,32100,8.287128377348465e-39,0,,205,100
3131,31310,32110,2.1492545895561287e-36,0,,203,100
3132,31320,32120,2.440904981118858e-38,0,,206,100
3133,31330,32130,3.5017793930226776e-46,0,,207,100
3134,31340,32140,2.245264619210836e-45,0,,205,100
3135,31350,32150,7.622127553252619e-51,0,,204,100
3136,31360,32160,1.8640843688039497e-51,0,,202,100
3137,31370,32170,3.758266698317159e-47,0,,201,100
3138,31380,32180,2.1502628676048286e-49,0,,200,100
3139,31390,32190,1.723478880261214e-43,0,,201,100
3140,31400,32200,4.9703685913193834e-51,0,,200,100
3141,31410,32210,2.3153838480141615e-37,0,,196,100
3142,31420,32220,2.287167694008785e-35,0,,196,100
3143,31430,32230,8.967311537681609e-40,0,,198,100
3144,31440,32240,1.6878558959428638e-39,0,,200,100
3145,31450,32250,2.5959579930286517e-36,0,,200,100
3146,31460,32260,3.53546948558141e-30,0,,200,100
3147,31470,32270,1.6185189317377282e-31,0,,201,100
3148,31480,32280,6.723932395322436e-28,0,,200,100
3149,31490,32290,1.0302711410142954e-40,0,,200,100
3150,31500,32300,2.9679276180484833e-43,0,,202,100
3151,31510,32310,1.4450933846072146e-40,0,,201,100
3152,31520,32320,3.7361155753374224e-30,0,,200,100
3153,31530,32330,1.4990160738025474e-36,0,,202,100
3154,31540,32340,8.031693469622877e-32,0,,202,100
3155,31550,32350,8.501567670646525e-36,0,,202,100
3156,31560,32360,3.745161093534737e-43,0,,201,100
3157,31570,32370,2.208364476859826e-41,0,,200,100
3158,31580,32380,1.4850668266947014e-38,0,,201,100
3159,31590,32390,5.406064928364317e-39,0,,201,100
3160,31600,32400,1.0871734168271827e-38,0,,201,100
3161,31610,32410,5.190872298671053e-37,0,,200,100
3162,31620,32420,1.8335536122858138e-39,0,,203,100
3163,31630,32430,8.295427832080951e-40,0,,200,100
3164,31640,32440,1.8660536323808338e-38,0,,200,100
3165,31650,32450,9.254359696281212e-41,0,,202,100
3166,31660,32460,1.2860488555188192e-44,0,,201,100
3167,31670,32470,7.848833051504806e-45,0,,203,100
3168,31680,32480,4.26360661930199e-46,0,,203,100
3169,31690,32490,2.2209306317862995e-42,0,,203,100
3170,31700,32500,3.0129334926023877e-41,0,,204,100
3171,31710,32510,8.404504697102192e-42,0,,204,100
3172,31720,32520,1.0343038907049636e-47,0,,202,100
3173,31730,32530,5.047222065914558e-49,0,,203,100
3174,31740,32540,2.2015801622591676e-49,0,,206,100
3175,31750,32550,2.356164245387961e-50,0,,204,100
3176,31760,32560,6.904490090359853e-50,0,,206,100
3177,31770,32570,1.0561512013819162e-46,0,,206,100
3178,31780,32580,3.9964155561044114e-51,0,,205,100
3179,31790,32590,7.362048996157247e-51,0,,205,100
3180,31800,32600,2.4069457062821644e-49,0,,206,100
3181,31810,32610,3.750284458703837e-50,0,,207,100
3182,31820,32620,1.127185235738919e-49,0,,207,100
3183,31830,32630,4.572067544771074e-49,0,,207,100
3184,31840,32640,1.115222966391487e-51,0,,205,100
3185,31850,32650,1.5050750084401367e-56,0,,206,100
3186,31860,32660,3.62259649719021e-53,0,,205,100
3187,31870,32670,3.158844682108821e-54,0,,205,100
3188,31880,32680,4.6885593506658815e-52,0,,206,100
3189,31890,32690,5.299717679067381e-54,0,,207,100
3190,31900,32700,9.228624217578537e-55,0,,210,100
3191,31910,32710,1.9929650553379666e-51,0,,211,100
3192,31920,32720,4.7895416334227834e-52,0,,210,100
3193,31930,32730,1.1768929758973422e-53,0,,208,100
3194,31940,32740,3.8149483750239226e-53,0,,208,100
3195,31950,32750,1.2223846727279107e-50,0,,209,100
3196,31960,32760,1.119478709720697e-50,0,,211,100
3197,31970,32770,9.42541839142144e-52,0,,211,100
3198,31980,32780,8.073674075511671e-52,0,,212,100
3199,31990,32790,5.96356031416874e-53,0,,211,100
3200,32000,32800,5.906959159086934e-56,0,,215,100
3201,32010,32810,2.6534293279889177e-57,0,,216,100
3202,32020,32820,4.929683428546287e-55,0,,217,100
3203,32030,32830,4.007469310467852e-51,0,,217,100
3204,32040,32840,8.872348383335189e-54,0,,219,100
3205,32050,32850,5.928825384614542e-51,0,,218,100
3206,32060,32860,3.5082952332082595e-47,0,,217,100
3207,32070,32870,7.534241902989556e-47,0,,217,100
3208,32080,32880,9.688659698374337e-42,0,,217,100
3209,32090,32890,4.428176828677787e-41,0,,217,100
3210,32100,32900,1.1487023413098361e-38,0,,216,100
3211,32110,32910,1.0281253584589535e-38,0,,216,100
3212,32120,32920,5.0092787678359e-36,0,,214,100
3213,32130,32930,5.249622013727176e-37,0,,214,100
3214,32140,32940,3.019630123021405e-37,0,,215,100
3215,32150,32950,2.343843681180001e-33,0,,215,100
3216,32160,32960,1.185011625780288e-36,0,,217,100
3217,32170,32970,2.621484599822595e-38,0,,217,100
3218,32180,32980,1.0104628708879162e-33,0,,219,100
3219,32190,32990,3.8080849173375796e-34,0,,218,100
3220,32200,33000,3.452652921448317e-31,0,,218,100
3221,32210,33010,1.0975772341789088e-31,0,,219,100
3222,32220,33020,1.0433182858076556e-32,0,,218,100
3223,32230,33030,2.9905333133330866e-34,0,,219,100
3224,32240,33040,5.4854470196619186e-40,0,,220,100
3225,32250,33050,7.069470121791182e-42,0,,219,100
3226,32260,33060,3.299255531420613e-45,0,,218,100
3227,32270,33070,4.937893864538614e-42,0,,219,100
3228,32280,33080,8.442881452677943e-47,0,,218,100
3229,32290,33090,1.4492090832082224e-47,0,,217,100
3230,32300,33100,2.52681476975751e-49,0,,219,100
3231,32310,33110,1.3759918841232219e-52,0,,222,100
3232,32320,33120,3.2903258144434804e-53,0,,225,100
3233,32330,33130,2.154183396364316e-56,0,,227,100
3234,32340,33140,6.704409462575698e-55,0,,227,100
3235,32350,33150,5.421717846660979e-54,0,,231,100
3236,32360,33160,2.479605776782493e-54,0,,235,100
3237,32370,33170,1.8848440240736808e-54,0,,235,100
3238,32380,33180,1.2436985925154664e-55,0,,239,100
3239,32390,33190,4.389329224417828e-55,0,,244,100
3240,32400,33200,2.5471436275086355e-57,0,,247,100
3241,32410,33210,4.2509300892631e-58,0,,249,100
3242,32420,33220,1.985583938364364e-57,0,,252,100
3243,32430,33230,1.671166126192201e-59,0,,253,100
3244,32440,33240,2.3517865076776627e-56,0,,252,100
3245,32450,33250,1.3219732036218658e-53,0,,250,100
3246,32460,33260,3.816272904123726e-54,0,,250,100
3247,32470,33270,5.162275894340087e-50,0,,253,100
3248,32480,33280,1.811552240320863e-49,0,,252,100
3249,32490,33290,2.6318162678672812e-46,0,,251,100
3250,32500,33300,2.1247390787589043e-44,0,,252,100
3251,32510,33310,5.321690438473414e-50,0,,252,100
3252,32520,33320,1.9608596045799472e-47,0,,253,100
3253,32530,33330,3.974184892331435e-43,0,,253,100
3254,32540,33340,2.25209685290477e-44,0,,252,100
3255,32550,33350,1.7183454590705283e-44,0,,253,100
3256,32560,33360,1.877197693717735e-44,0,,250,100
3257,32570,33370,1.845732033228317e-43,0,,250,100
3258,32580,33380,1.8539257309619061e-41,0,,250,100
3259,32590,33390,2.368124407792629e-42,0,,249,100
3260,32600,33400,7.666772196359367e-44,0,,248,100
3261,32610,33410,6.396184510680245e-41,0,,246,100
3262,32620,33420,2.327266628972638e-42,0,,247,100
3263,32630,33430,9.555570665122624e-45,0,,247,100
3264,32640,33440,8.191590881438169e-44,0,,248,100
3265,32650,33450,1.1674171126451651e-42,0,,247,100
3266,32660,33460,1.9612878570521932e-42,0,,247,100
3267,32670,33470,2.0822301071529375e-42,0,,248,100
3268,32680,33480,1.9371582626166586e-50,0,,248,100
3269,32690,33490,2.8485707730166623e-50,0,,250,100
3270,32700,33500,2.3159312415254977e-45,0,,246,100
3271,32710,33510,1.5778648798691422e-50,0,,244,100
3272,32720,33520,1.717208333468873e-51,0,,246,100
3273,32730,33530,4.896089184505767e-50,0,,245,100
3274,32740,33540,2.294361879944598e-50,0,,246,100
3275,32750,33550,3.37157639616314e-50,0,,246,100
3276,32760,33560,7.587327570565122e-50,0,,244,100
3277,32770,33570,7.083640510529337e-51,0,,242,100
3278,32780,33580,1.5787883392015548e-48,0,,242,100
3279,32790,33590,1.8430736855181945e-47,0,,242,100
3280,32800,33600,1.9746508915836653e-47,0,,238,100
3281,32810,33610,1.2663660649069479e-46,0,,237,100
3282,32820,33620,2.1133327457152185e-44,0,,238,100
3283,32830,33630,1.3776983374692566e-39,0,,239,100
3284,32840,33640,3.0696415646258722e-40,0,,243,100
3285,32850,33650,6.024807825028296e-36,0,,243,100
3286,32860,33660,1.308546480532773e-35,0,,242,100
3287,32870,33670,1.4005833985422103e-34,0,,241,100
3288,32880,33680,4.098983906846899e-29,0,,240,100
3289,32890,33690,2.7434558496052583e-26,0,,241,100
3290,32900,33700,2.5701030007665172e-23,0,,241,100
3291,32910,33710,1.7323351144472741e-15,0,,239,100
3292,32920,33720,2.2051333712551185e-11,0,,240,100
3293,32930,33730,1.262645261588722e-09,0,,241,100
3294,32940,33740,1.010705010460422e-08,0,,243,100
3295,32950,33750,0.00018830661314179475,0,,240,100
3296,32960,33760,0.00011437377168338459,0,,241,100
3297,32970,33770,7.074644504901811e-07,0,,242,100
3298,32980,33780,1.4838478079647587e-09,0,,242,100
3299,32990,33790,3.034757611958037e-11,0,,239,100
3300,33000,33800,1.4762451406750174e-11,0,,242,100
3301,33010,33810,7.424955842537031e-14,0,,240,100
3302,33020,33820,1.582880621631051e-16,0,,240,100
3303,33030,33830,1.7813998031520236e-21,0,,238,100
3304,33040,33840,1.261172012310458e-24,0,,239,100
3305,33050,33850,2.904033446573461e-25,0,,240,100
3306,33060,33860,5.687628699126923e-29,0,,239,100
3307,33070,33870,3.574154495502652e-29,0,,241,100
3308,33080,33880,4.7371469214616334e-35,0,,240,100
3309,33090,33890,2.1201503114544306e-42,0,,239,100
3310,33100,33900,1.7060250267069245e-52,0,,236,100
3311,33110,33910,4.314688344441709e-58,0,,235,100
3312,33120,33920,4.00247301746141e-66,0,,233,100
3313,33130,33930,3.938654081866982e-58,0,,231,100
3314,33140,33940,6.428999790194859e-54,0,,227,100
3315,33150,33950,1.2882594170142603e-51,0,,223,100
3316,33160,33960,1.945323124393052e-52,0,,220,100
3317,33170,33970,9.982034673251572e-54,0,,215,100
3318,33180,33980,2.7797390472142144e-50,0,,213,100
3319,33190,33990,1.3880039058372216e-45,0,,213,100
3320,33200,34000,1.200693890528736e-39,0,,210,100
3321,33210,34010,3.8683111496751635e-39,0,,208,100
3322,33220,34020,1.5305431199256579e-34,0,,205,100
3323,33230,34030,4.676370712156937e-41,0,,206,100
3324,33240,34040,1.9601428417723217e-39,0,,206,100
3325,33250,34050,1.4844992961522431e-40,0,,208,100
3326,33260,34060,9.846313662087305e-41,0,,207,100
3327,33270,34070,6.419562171185191e-45,0,,206,100
3328,33280,34080,1.5869522077580492e-44,0,,207,100
3329,33290,34090,1.006162347054503e-40,0,,207,100
3330,33300,34100,1.3038772810826324e-37,0,,206,100
3331,33310,34110,9.253173185410865e-34,0,,204,100
3332,33320,34120,9.473033499885058e-35,0,,204,100
3333,33330,34130,4.3632427938426963e-33,0,,203,100
3334,33340,34140,6.540005748382034e-33,0,,206,100
3335,33350,34150,5.964746992160371e-32,0,,204,100
3336,33360,34160,1.5482170320170615e-32,0,,206,100
3337,33370,34170,4.5737271006986825e-33,0,,206,100
3338,33380,34180,4.288996489843513e-31,0,,206,100
3339,33390,34190,1.9513170926611268e-31,0,,210,100
3340,33400,34200,2.012965522152783e-31,0,,211,100
3341,33410,34210,3.4306824709187223e-28,0,,211,100
3342,33420,34220,1.9182029979220502e-24,0,,211,100
3343,33430,34230,8.951976810894916e-25,0,,210,100
3344,33440,34240,6.038704581679115e-17,0,,208,100
3345,33450,34250,2.0579263950326083e-13,0,,208,100
3346,33460,34260,2.127573145832368e-10,0,,211,100
3347,33470,34270,8.032960704834135e-10,0,,210,100
3348,33480,34280,7.279730091300684e-09,0,,211,100
3349,33490,34290,1.888879228233266e-08,0,,208,100
3350,33500,34300,8.237383487406127e-10,0,,209,100
3351,33510,34310,3.7620686840799504e-07,0,,210,100
3352,33520,34320,2.983050027979987e-06,0,,210,100
3353,33530,34330,3.6694613420751622e-06,0,,212,100
3354,33540,34340,1.2091121576615877e-07,0,,209,100
3355,33550,34350,1.2561039281735759e-06,0,,209,100
3356,33560,34360,5.210132344822462e-06,0,,208,100
3357,33570,34370,6.8767212657590805e-06,0,,208,100
3358,33580,34380,1.2793782631295321e-05,0,,208,100
3359,33590,34390,3.715990509829742e-06,0,,209,100
3360,33600,34400,1.222504053568672e-07,0,,211,100
3361,33610,34410,1.7828397616844303e-08,0,,208,100
3362,33620,34420,2.2657227339082692e-05,0,,207,100
3363,33630,34430,4.360188087915275e-05,0,,206,100
3364,33640,34440,2.4400451839998007e-05,0,,204,100
3365,33650,34450,8.07794666561507e-05,0,,204,100
3366,33660,34460,8.06795196578603e-06,0,,203,100
3367,33670,34470,8.821425995486718e-06,0,,206,100
3368,33680,34480,1.515512317549088e-06,0,,205,100
3369,33690,34490,1.7924368216656648e-06,0,,204,100
3370,33700,34500,1.1826366705734908e-06,0,,203,100
3371,33710,34510,1.3985934961665495e-06,0,,204,100
3372,33720,34520,0.0001397306017454811,0,,204,100
3373,33730,34530,0.00019251169581409216,0,,203,100
3374,33740,34540,7.315927994347153e-05,0,,201,100
3375,33750,34550,8.258389000932056e-05,0,,202,100
3376,33760,34560,7.731973394951207e-05,0,,200,100
3377,33770,34570,0.00023810329553225243,0,,199,100
3378,33780,34580,0.00011595003978335623,0,,199,100
3379,33790,34590,7.0330628253844915e-09,0,,198,100
3380,33800,34600,6.444923745854465e-11,0,,198,100
3381,33810,34610,3.024185257623747e-10,0,,200,100
3382,33820,34620,2.109762047689578e-10,0,,201,100
3383,33830,34630,2.1484118918487095e-10,0,,203,100
3384,33840,34640,5.842627896725986e-11,0,,200,100
3385,33850,34650,1.2030179357267705e-10,0,,200,100
3386,33860,34660,3.3960183559286947e-11,0,,200,100
3387,33870,34670,1.4491243036832925e-12,0,,198,100
3388,33880,34680,7.185694402069136e-14,0,,201,100
3389,33890,34690,1.5513944608249793e-13,0,,200,100
3390,33900,34700,2.901247578890119e-14,0,,202,100
3391,33910,34710,2.6190445475269815e-14,0,,204,100
3392,33920,34720,2.7036474005267393e-14,0,,204,100
3393,33930,34730,7.969923077479626e-16,0,,204,100
3394,33940,34740,4.909499397366422e-16,0,,208,100
3395,33950,34750,2.53389076128249e-20,0,,207,100
3396,33960,34760,2.996122498109022e-20,0,,209,100
3397,33970,34770,1.1768883599501392e-18,0,,210,100
3398,33980,34780,2.234707013560176e-20,0,,211,100
3399,33990,34790,9.99721616889543e-21,0,,210,100
3400,34000,34800,9.864839461807043e-19,0,,209,100
3401,34010,34810,7.493798172491203e-16,0,,210,100
3402,34020,34820,2.4582065691706648e-48,0,,210,100
3403,34030,34830,3.9961176476321027e-44,0,,213,100
3404,34040,34840,6.408858365391373e-42,0,,216,100
3405,34050,34850,9.948068497956555e-41,0,,216,100
3406,34060,34860,3.6637931890578964e-45,0,,217,100
3407,34070,34870,4.2486663285970764e-44,0,,216,100
3408,34080,34880,1.390423318227873e-44,0,,217,100
3409,34090,34890,1.6633234010074595e-42,0,,217,100
3410,34100,34900,7.438680056089732e-43,0,,219,100
3411,34110,34910,1.2999520155299312e-45,0,,219,100
3412,34120,34920,4.3827541660452545e-44,0,,219,100
3413,34130,34930,1.0691205309232249e-46,0,,218,100
3414,34140,34940,1.0639646044282516e-44,0,,216,100
3415,34150,34950,4.939869276644242e-46,0,,216,100
3416,34160,34960,1.4845056195592984e-46,0,,216,100
3417,34170,34970,1.3340962341109945e-50,0,,217,100
3418,34180,34980,2.5280155227546617e-50,0,,217,100
3419,34190,34990,1.4897911821996577e-47,0,,216,100
3420,34200,35000,1.6775176323848035e-45,0,,216,100
3421,34210,35010,2.9451249550086728e-43,0,,215,100
3422,34220,35020,1.0463726378423004e-47,0,,214,100
3423,34230,35030,8.5418069562717145e-50,0,,218,100
3424,34240,35040,3.536507558503092e-48,0,,219,100
3425,34250,35050,5.974686255290605e-46,0,,219,100
3426,34260,35060,1.2176469933112009e-45,0,,215,100
3427,34270,35070,1.2004429660513985e-45,0,,215,100
3428,34280,35080,3.416489015726349e-46,0,,214,100
3429,34290,35090,1.3659484216340934e-42,0,,215,100
3430,34300,35100,2.5620556163012093e-39,0,,215,100
3431,34310,35110,6.018206236348679e-43,0,,217,100
3432,34320,35120,1.2456897957295235e-40,0,,215,100
3433,34330,35130,1.2045451354234612e-36,0,,214,100
3434,34340,35140,8.973416039336042e-37,0,,215,100
3435,34350,35150,5.578516369616863e-40,0,,214,100
3436,34360,35160,1.343828049974243e-40,0,,214,100
3437,34370,35170,5.214020967124046e-42,0,,216,100
3438,34380,35180,6.567566517380667e-40,0,,219,100
3439,34390,35190,2.1258956914181456e-40,0,,218,100
3440,34400,35200,6.66784382051e-42,0,,219,100
3441,34410,35210,6.221284032503832e-45,0,,218,100
3442,34420,35220,6.104770973854656e-42,0,,220,100
3443,34430,35230,5.289158584473655e-40,0,,219,100
3444,34440,35240,4.7779906077897996e-39,0,,219,100
3445,34450,35250,2.671606055590592e-40,0,,219,100
3446,34460,35260,1.6342888906139436e-36,0,,222,100
3447,34470,35270,1.116909515993487e-40,0,,219,100
3448,34480,35280,7.05919198774748e-41,0,,223,100
3449,34490,35290,5.761609766646628e-47,0,,222,100
3450,34500,35300,1.3757010253725404e-53,0,,223,100
3451,34510,35310,3.025166851139645e-53,0,,225,100
3452,34520,35320,1.2056340826686976e-56,0,,223,100
3453,34530,35330,2.930342458188656e-54,0,,224,100
3454,34540,35340,1.4976663220107963e-52,0,,225,100
3455,34550,35350,1.0831860043153655e-54,0,,225,100
3456,34560,35360,4.594571604867136e-50,0,,224,100
3457,34570,35370,4.821537033479681e-49,0,,225,100
3458,34580,35380,1.3286307638409864e-48,0,,226,100
3459,34590,35390,1.9835737473456885e-48,0,,227,100
3460,34600,35400,4.973409718144306e-48,0,,229,100
3461,34610,35410,3.4307962033948517e-53,0,,229,100
3462,34620,35420,9.600990131236518e-58,0,,228,100
3463,34630,35430,8.749975123261155e-55,0,,226,100
3464,34640,35440,1.0876670395443152e-53,0,,227,100
3465,34650,35450,1.1278079622942101e-51,0,,227,100
3466,34660,35460,7.529767817063809e-51,0,,225,100
3467,34670,35470,4.1437543147741324e-49,0,,229,100
3468,34680,35480,1.2926697666304482e-51,0,,228,100
3469,34690,35490,3.342368646945216e-48,0,,228,100
3470,34700,35500,5.090069129032019e-43,0,,224,100
3471,34710,35510,1.9855634355650743e-39,0,,221,100
3472,34720,35520,3.001552561833499e-44,0,,218,100
3473,34730,35530,1.2782086943932332e-43,0,,217,100
3474,34740,35540,5.99068500528069e-44,0,,211,100
3475,34750,35550,1.0099367300471318e-45,0,,209,100
3476,34760,35560,3.909400064938932e-44,0,,207,100
3477,34770,35570,4.993995725909668e-47,0,,204,100
3478,34780,35580,4.37476330462276e-42,0,,201,100
3479,34790,35590,8.713576763906076e-39,0,,197,100
3480,34800,35600,1.6405053182419388e-38,0,,196,100
3481,34810,35610,8.688350364131758e-42,0,,191,100
3482,34820,35620,5.791767949846257e-44,0,,187,100
3483,34830,35630,3.499158456390847e-55,0,,182,100
3484,34840,35640,1.1134187322109018e-51,0,,177,100
3485,34850,35650,5.180878928372409e-48,0,,175,100
3486,34860,35660,2.006802841268707e-49,0,,170,100
3487,34870,35670,5.912649215178266e-45,0,,168,100
3488,34880,35680,1.1601057970226044e-45,0,,165,100
3489,34890,35690,2.8427708023993873e-45,0,,163,100
3490,34900,35700,8.223832130811313e-41,0,,161,100
3491,34910,35710,2.1025269134151893e-42,0,,156,100
3492,34920,35720,1.6457023822227614e-40,0,,154,100
3493,34930,35730,1.910414420418479e-37,0,,151,100
3494,34940,35740,1.6683737063821652e-37,0,,151,100
3495,34950,35750,1.602624509806358e-36,0,,148,100
3496,34960,35760,9.371103748126973e-37,0,,146,100
3497,34970,35770,9.77458257701071e-39,0,,144,100
3498,34980,35780,3.411036307756443e-41,0,,140,100
3499,34990,35790,7.685308187976961e-44,0,,137,100
3500,35000,35800,2.6920647957389195e-42,0,,135,100
3501,35010,35810,1.7390532564766508e-40,0,,132,100
3502,35020,35820,4.969254523269042e-39,0,,131,100
3503,35030,35830,1.0283156802493213e-38,0,,126,100
3504,35040,35840,1.4592141107983208e-33,0,,123,100
3505,35050,35850,3.177067924951439e-38,0,,120,100
3506,35060,35860,7.819518124865859e-40,0,,119,100
3507,35070,35870,7.450111214218555e-39,0,,116,100
3508,35080,35880,1.965818378462985e-39,0,,115,100
3509,35090,35890,5.465460535928045e-43,0,,113,100
3510,35100,35900,5.185637330489617e-40,0,,108,100
3511,35110,35910,1.3077335517569784e-39,0,,106,100
3512,35120,35920,1.513352392746091e-42,0,,104,100
3513,35130,35930,9.668893367628063e-43,0,,103,100
