window_index,char_start,char_end,p_z,extracted,error,n_tokens_in_chunk,sequence_len_tokens
0,0,800,2.785644733753219e-46,0,,208,100
1,10,810,5.678697653905077e-47,0,,203,100
2,20,820,1.60773255122995e-47,0,,202,100
3,30,830,7.514916745280312e-48,0,,201,100
4,40,840,1.8747826409470822e-48,0,,201,100
5,50,850,4.137111771994616e-53,0,,198,100
6,60,860,2.3925064219297404e-48,0,,202,100
7,70,870,2.270938582210026e-47,0,,203,100
8,80,880,3.2197914822229783e-50,0,,202,100
9,90,890,7.642841111686839e-51,0,,202,100
10,100,900,2.403875233199355e-52,0,,202,100
11,110,910,1.3161174864103224e-52,0,,200,100
12,120,920,5.688974245911333e-51,0,,197,100
13,130,930,2.775041756018261e-55,0,,199,100
14,140,940,1.1174371629691579e-57,0,,198,100
15,150,950,8.944221371178427e-58,0,,197,100
16,160,960,3.6285746102010634e-57,0,,196,100
17,170,970,9.07553404746521e-57,0,,195,100
18,180,980,6.019564671457499e-57,0,,194,100
19,190,990,3.967235678357099e-55,0,,195,100
20,200,1000,1.020192585365193e-59,0,,193,100
21,210,1010,1.6431121000835907e-59,0,,192,100
22,220,1020,1.360698022988354e-56,0,,192,100
23,230,1030,6.060020037120618e-56,0,,191,100
24,240,1040,2.5473311030158884e-60,0,,192,100
25,250,1050,2.1058530609720557e-54,0,,191,100
26,260,1060,2.5248559437972664e-50,0,,192,100
27,270,1070,1.8812989103731567e-55,0,,192,100
28,280,1080,6.539889906323228e-54,0,,193,100
29,290,1090,6.213425040390149e-55,0,,192,100
30,300,1100,8.729829814570691e-53,0,,196,100
31,310,1110,4.559994066969253e-53,0,,196,100
32,320,1120,2.282444586256409e-52,0,,196,100
33,330,1130,1.1956909469865973e-47,0,,195,100
34,340,1140,6.4827842702003875e-47,0,,194,100
35,350,1150,2.4843864213854584e-41,0,,196,100
36,360,1160,7.629962985894632e-46,0,,195,100
37,370,1170,7.745182735720959e-42,0,,193,100
38,380,1180,3.2169612009682104e-39,0,,193,100
39,390,1190,1.390931224128464e-37,0,,196,100
40,400,1200,1.4818343138153035e-38,0,,195,100
41,410,1210,1.2698072865748711e-37,0,,195,100
42,420,1220,2.7859775409395514e-38,0,,196,100
43,430,1230,1.2380638893001982e-41,0,,195,100
44,440,1240,2.312019695878108e-43,0,,194,100
45,450,1250,1.009427417940238e-43,0,,195,100
46,460,1260,1.3291324493252737e-42,0,,196,100
47,470,1270,4.650758569639584e-41,0,,195,100
48,480,1280,1.0325397192689912e-45,0,,195,100
49,490,1290,2.4954060534519325e-49,0,,193,100
50,500,1300,2.0827576204907393e-55,0,,194,100
51,510,1310,4.277888195238725e-53,0,,193,100
52,520,1320,1.5597966547840727e-54,0,,192,100
53,530,1330,2.6943562371996007e-49,0,,194,100
54,540,1340,3.360453674046108e-51,0,,195,100
55,550,1350,2.0758162001402175e-56,0,,194,100
56,560,1360,1.876411794809404e-54,0,,195,100
57,570,1370,6.022367172246031e-55,0,,197,100
58,580,1380,3.5291974580062214e-52,0,,199,100
59,590,1390,4.930863363920397e-51,0,,202,100
60,600,1400,6.6234067867689035e-56,0,,202,100
61,610,1410,4.993037091254746e-53,0,,203,100
62,620,1420,7.000149370039004e-58,0,,202,100
63,630,1430,4.5433028739414135e-59,0,,201,100
64,640,1440,2.8122081573603364e-56,0,,198,100
65,650,1450,6.584321490096168e-58,0,,200,100
66,660,1460,2.72145185123074e-56,0,,201,100
67,670,1470,9.275191870060115e-53,0,,201,100
68,680,1480,2.6473650840405115e-53,0,,201,100
69,690,1490,1.8064727161595887e-49,0,,198,100
70,700,1500,5.997711314686504e-47,0,,197,100
71,710,1510,6.616552655314924e-46,0,,195,100
72,720,1520,3.4417993261241213e-43,0,,196,100
73,730,1530,1.175346996355453e-44,0,,195,100
74,740,1540,5.35545897105206e-42,0,,193,100
75,750,1550,3.87563315422858e-48,0,,192,100
76,760,1560,3.6489425017360865e-45,0,,190,100
77,770,1570,2.3534302043221417e-49,0,,189,100
78,780,1580,2.8482051533153885e-45,0,,190,100
79,790,1590,7.062230863554738e-46,0,,188,100
80,800,1600,6.912486721660006e-49,0,,188,100
81,810,1610,5.604384992130494e-46,0,,188,100
82,820,1620,1.2094105430478329e-45,0,,188,100
83,830,1630,8.485411366884653e-51,0,,186,100
84,840,1640,3.3089922705864173e-49,0,,188,100
85,850,1650,3.2825230746964414e-48,0,,188,100
86,860,1660,3.733024534110511e-45,0,,186,100
87,870,1670,2.4868428537152256e-48,0,,188,100
88,880,1680,1.9308682715244324e-50,0,,188,100
89,890,1690,2.041201372055971e-48,0,,189,100
90,900,1700,1.4989259889591804e-47,0,,188,100
91,910,1710,1.1257410268991937e-47,0,,188,100
92,920,1720,8.421052464209128e-48,0,,188,100
93,930,1730,1.9125506014172433e-52,0,,187,100
94,940,1740,4.858237051754996e-44,0,,186,100
95,950,1750,4.144888736030933e-45,0,,185,100
96,960,1760,9.704528188359658e-43,0,,187,100
97,970,1770,1.4656271891611165e-43,0,,188,100
98,980,1780,3.456241927211871e-47,0,,186,100
99,990,1790,1.150481971579538e-48,0,,185,100
100,1000,1800,7.572496282430734e-45,0,,183,100
101,1010,1810,6.38903489309741e-46,0,,184,100
102,1020,1820,9.908159430241878e-51,0,,185,100
103,1030,1830,2.482173690949269e-51,0,,186,100
104,1040,1840,3.120774744095583e-53,0,,187,100
105,1050,1850,9.572648476199568e-53,0,,186,100
106,1060,1860,9.917750556134793e-50,0,,186,100
107,1070,1870,2.2087470305889806e-52,0,,184,100
108,1080,1880,7.462291746351291e-55,0,,183,100
109,1090,1890,9.262998397625277e-50,0,,183,100
110,1100,1900,9.343490630477487e-53,0,,185,100
111,1110,1910,7.367027424744184e-52,0,,184,100
112,1120,1920,5.920789722866386e-51,0,,180,100
113,1130,1930,6.436262831969257e-58,0,,180,100
114,1140,1940,3.380989355497537e-56,0,,181,100
115,1150,1950,1.3832784852614194e-54,0,,181,100
116,1160,1960,6.245555356854406e-60,0,,183,100
117,1170,1970,4.757947668788018e-58,0,,183,100
118,1180,1980,3.446860924623465e-60,0,,183,100
119,1190,1990,3.2459927698490635e-55,0,,183,100
120,1200,2000,1.5299431652684478e-57,0,,182,100
121,1210,2010,3.343532667578456e-59,0,,183,100
122,1220,2020,2.2473207317207794e-57,0,,183,100
123,1230,2030,1.9491818035770004e-51,0,,182,100
124,1240,2040,3.0673501919757015e-53,0,,181,100
125,1250,2050,9.543943783462402e-53,0,,180,100
126,1260,2060,3.1430877556750314e-54,0,,180,100
127,1270,2070,5.294687258030057e-53,0,,179,100
128,1280,2080,5.4894483193314005e-50,0,,181,100
129,1290,2090,3.204578978180837e-48,0,,182,100
130,1300,2100,4.881164350160489e-48,0,,180,100
131,1310,2110,2.0503192389243533e-49,0,,183,100
132,1320,2120,2.2773014579513622e-51,0,,184,100
133,1330,2130,1.5026971361773416e-53,0,,183,100
134,1340,2140,2.587121678026645e-55,0,,184,100
135,1350,2150,8.566366001592705e-52,0,,183,100
136,1360,2160,9.180263852084751e-55,0,,183,100
137,1370,2170,1.1093533082231237e-50,0,,180,100
138,1380,2180,2.308097097793438e-59,0,,178,100
139,1390,2190,4.520922777007298e-59,0,,179,100
140,1400,2200,4.997802997498913e-56,0,,179,100
141,1410,2210,2.616464620438281e-57,0,,180,100
142,1420,2220,5.263073753577522e-56,0,,180,100
143,1430,2230,1.138638527088832e-58,0,,181,100
144,1440,2240,2.3615108853520266e-58,0,,182,100
145,1450,2250,2.1174516100988514e-55,0,,179,100
146,1460,2260,1.1948549408762248e-59,0,,177,100
147,1470,2270,3.452735299688341e-59,0,,177,100
148,1480,2280,2.624565252930432e-60,0,,177,100
149,1490,2290,1.2885987022547628e-58,0,,177,100
150,1500,2300,3.568634259507548e-59,0,,176,100
151,1510,2310,5.40317796742646e-63,0,,176,100
152,1520,2320,2.4116874874609382e-61,0,,176,100
153,1530,2330,3.672313342183736e-59,0,,176,100
154,1540,2340,2.3112547109121515e-58,0,,177,100
155,1550,2350,4.3965376734339825e-59,0,,176,100
156,1560,2360,2.063752544694017e-59,0,,175,100
157,1570,2370,1.832627111792179e-61,0,,174,100
158,1580,2380,3.0985866377944054e-62,0,,175,100
159,1590,2390,3.7393407167477164e-55,0,,176,100
160,1600,2400,2.655791686416237e-58,0,,177,100
161,1610,2410,2.604006451902016e-62,0,,177,100
162,1620,2420,4.129072172285512e-58,0,,176,100
163,1630,2430,5.295902611644333e-63,0,,176,100
164,1640,2440,3.595712968198617e-58,0,,177,100
165,1650,2450,1.06380326516465e-62,0,,175,100
166,1660,2460,8.580021597547897e-61,0,,176,100
167,1670,2470,5.469485045970993e-58,0,,177,100
168,1680,2480,3.6637830549315686e-60,0,,177,100
169,1690,2490,1.300139007839219e-60,0,,177,100
170,1700,2500,6.171322478649098e-52,0,,177,100
171,1710,2510,2.5052965532177573e-55,0,,178,100
172,1720,2520,2.901583482465248e-59,0,,176,100
173,1730,2530,2.1601392359932288e-57,0,,179,100
174,1740,2540,2.773917404749229e-53,0,,177,100
175,1750,2550,3.457955454878951e-55,0,,176,100
176,1760,2560,6.501585554090284e-57,0,,175,100
177,1770,2570,2.6512644413193304e-58,0,,176,100
178,1780,2580,7.606753314832194e-62,0,,174,100
179,1790,2590,3.646427622242881e-58,0,,176,100
180,1800,2600,2.2012909596369995e-57,0,,177,100
181,1810,2610,6.154159743488047e-58,0,,177,100
182,1820,2620,4.7677703603818594e-57,0,,178,100
183,1830,2630,3.3800041319385113e-59,0,,176,100
184,1840,2640,3.226040949739997e-57,0,,176,100
185,1850,2650,9.432141751255833e-68,0,,176,100
186,1860,2660,1.448683076631243e-64,0,,175,100
187,1870,2670,7.241698969739757e-65,0,,177,100
188,1880,2680,1.612832552723959e-62,0,,176,100
189,1890,2690,7.578683443076074e-63,0,,176,100
190,1900,2700,2.876641442028021e-60,0,,174,100
191,1910,2710,5.784049562772584e-60,0,,176,100
192,1920,2720,7.39456016179495e-66,0,,175,100
193,1930,2730,1.8185786884749723e-63,0,,175,100
194,1940,2740,5.229770040612995e-64,0,,177,100
195,1950,2750,1.5279285464947723e-62,0,,176,100
196,1960,2760,1.1936372044508467e-65,0,,176,100
197,1970,2770,2.5984393867917044e-66,0,,177,100
198,1980,2780,4.4987982188336114e-63,0,,173,100
199,1990,2790,4.737598117986159e-68,0,,171,100
200,2000,2800,1.3689000800049752e-66,0,,171,100
201,2010,2810,9.54426657147878e-69,0,,171,100
202,2020,2820,5.3694328403037865e-73,0,,172,100
203,2030,2830,1.7697144205020698e-67,0,,174,100
204,2040,2840,1.6490432977466923e-66,0,,176,100
205,2050,2850,1.3369294194720444e-66,0,,174,100
206,2060,2860,1.3938559375107047e-66,0,,174,100
207,2070,2870,4.388474922692735e-66,0,,174,100
208,2080,2880,1.1356285148205218e-61,0,,173,100
209,2090,2890,2.0928699685923585e-61,0,,172,100
210,2100,2900,9.286279546197297e-61,0,,172,100
211,2110,2910,4.4901699518456547e-63,0,,171,100
212,2120,2920,4.644427761087619e-66,0,,171,100
213,2130,2930,9.813730131728768e-61,0,,168,100
214,2140,2940,2.777568177694513e-64,0,,169,100
215,2150,2950,8.8325489450738e-68,0,,169,100
216,2160,2960,2.222225570397492e-72,0,,171,100
217,2170,2970,6.627100893859246e-66,0,,171,100
218,2180,2980,8.033771843812811e-68,0,,171,100
219,2190,2990,5.901092157768596e-59,0,,168,100
220,2200,3000,1.6424540944725217e-59,0,,169,100
221,2210,3010,4.774724601768125e-62,0,,170,100
222,2220,3020,3.413170426820517e-59,0,,169,100
223,2230,3030,1.4145598235826961e-61,0,,168,100
224,2240,3040,4.837321083011412e-63,0,,171,100
225,2250,3050,7.418360813462497e-63,0,,171,100
226,2260,3060,6.0886846678711805e-65,0,,169,100
227,2270,3070,2.404375200264422e-65,0,,169,100
228,2280,3080,7.769560590735576e-66,0,,169,100
229,2290,3090,1.0609198507646525e-62,0,,169,100
230,2300,3100,1.3064448049345918e-63,0,,169,100
231,2310,3110,5.400144123383647e-61,0,,173,100
232,2320,3120,4.019319595110616e-65,0,,171,100
233,2330,3130,1.137269896961153e-62,0,,170,100
234,2340,3140,3.416341665907316e-65,0,,168,100
235,2350,3150,2.8150585228144695e-63,0,,168,100
236,2360,3160,6.0070759137891934e-64,0,,168,100
237,2370,3170,5.889054371859095e-65,0,,168,100
238,2380,3180,2.7531207868900244e-68,0,,172,100
239,2390,3190,1.3952133558371266e-61,0,,167,100
240,2400,3200,9.886070526688468e-59,0,,167,100
241,2410,3210,5.109007120886029e-66,0,,165,100
242,2420,3220,2.4458560402351263e-65,0,,166,100
243,2430,3230,1.538640977902554e-62,0,,165,100
244,2440,3240,4.623758484987755e-64,0,,165,100
245,2450,3250,3.0979909567609972e-65,0,,167,100
246,2460,3260,2.2108642959118157e-62,0,,170,100
247,2470,3270,2.2883109364758806e-64,0,,168,100
248,2480,3280,4.955190567560232e-63,0,,170,100
249,2490,3290,2.8980322456079303e-63,0,,167,100
250,2500,3300,7.469624486130664e-59,0,,166,100
251,2510,3310,5.205187767095502e-61,0,,166,100
252,2520,3320,7.106489933193366e-63,0,,166,100
253,2530,3330,6.139137646962719e-63,0,,168,100
254,2540,3340,9.116406917857015e-63,0,,169,100
255,2550,3350,3.4076473837207385e-63,0,,169,100
256,2560,3360,2.5385304856835703e-58,0,,170,100
257,2570,3370,3.0245545624094725e-60,0,,170,100
258,2580,3380,5.214585915602326e-60,0,,169,100
259,2590,3390,1.3770801376394236e-58,0,,169,100
260,2600,3400,8.080400322444188e-56,0,,169,100
261,2610,3410,7.678078307688215e-56,0,,169,100
262,2620,3420,1.0152377761946837e-61,0,,170,100
263,2630,3430,8.404264720785529e-62,0,,170,100
264,2640,3440,7.491526429220005e-57,0,,171,100
265,2650,3450,1.6739728913158117e-56,0,,171,100
266,2660,3460,1.807059935246e-55,0,,170,100
267,2670,3470,6.937345892378452e-58,0,,170,100
268,2680,3480,1.810648743566279e-58,0,,170,100
269,2690,3490,7.191199860415977e-57,0,,170,100
270,2700,3500,2.168152349971285e-56,0,,172,100
271,2710,3510,6.8920984057224496e-59,0,,169,100
272,2720,3520,9.3212476487093e-59,0,,170,100
273,2730,3530,6.491862748206161e-65,0,,168,100
274,2740,3540,1.3176830807145802e-64,0,,167,100
275,2750,3550,1.6045386847171896e-66,0,,169,100
276,2760,3560,1.1142408925357061e-60,0,,166,100
277,2770,3570,1.560793124657871e-64,0,,167,100
278,2780,3580,6.207335731242898e-59,0,,169,100
279,2790,3590,2.3476391374780314e-61,0,,170,100
280,2800,3600,2.0025334621162662e-62,0,,171,100
281,2810,3610,4.4614566373111035e-59,0,,171,100
282,2820,3620,1.1281813597352955e-59,0,,171,100
283,2830,3630,2.0178609041002635e-54,0,,172,100
284,2840,3640,2.224602559232034e-57,0,,171,100
285,2850,3650,5.682945804982775e-58,0,,171,100
286,2860,3660,9.223139921183945e-57,0,,170,100
287,2870,3670,2.7436831645453034e-58,0,,171,100
288,2880,3680,1.9430299473411566e-56,0,,171,100
289,2890,3690,2.4743599421183793e-53,0,,170,100
290,2900,3700,1.843027892478963e-55,0,,171,100
291,2910,3710,1.9397575593080432e-55,0,,171,100
292,2920,3720,2.4689749200651518e-54,0,,171,100
293,2930,3730,3.8307010626357314e-53,0,,170,100
294,2940,3740,3.0818804929597807e-54,0,,171,100
295,2950,3750,4.739641370449074e-49,0,,171,100
296,2960,3760,4.3437141306446683e-51,0,,172,100
297,2970,3770,2.2305685582530883e-47,0,,172,100
298,2980,3780,2.2993594725393996e-46,0,,172,100
299,2990,3790,1.2452705825528053e-41,0,,172,100
300,3000,3800,1.7097188538875552e-40,0,,171,100
301,3010,3810,1.0793256062242418e-44,0,,172,100
302,3020,3820,1.2666879190097501e-39,0,,172,100
303,3030,3830,1.9083837779034485e-37,0,,170,100
304,3040,3840,2.430980923939762e-40,0,,171,100
305,3050,3850,5.329258141380236e-45,0,,171,100
306,3060,3860,3.036967296551759e-44,0,,171,100
307,3070,3870,6.01353078649535e-45,0,,173,100
308,3080,3880,2.202569819749741e-42,0,,174,100
309,3090,3890,6.498503874871864e-46,0,,173,100
310,3100,3900,5.398290464339122e-46,0,,175,100
311,3110,3910,4.0363834817175204e-42,0,,174,100
312,3120,3920,5.513973065256394e-44,0,,174,100
313,3130,3930,2.580844675531465e-46,0,,176,100
314,3140,3940,4.346074613505984e-46,0,,177,100
315,3150,3950,1.4502499854664273e-48,0,,179,100
316,3160,3960,3.7264614673666735e-49,0,,180,100
317,3170,3970,1.6188198418774503e-50,0,,181,100
318,3180,3980,1.100511376110143e-50,0,,179,100
319,3190,3990,5.5765748878748e-52,0,,179,100
320,3200,4000,6.909222996987095e-55,0,,181,100
321,3210,4010,1.7724276736426692e-55,0,,182,100
322,3220,4020,2.4553640690787578e-55,0,,183,100
323,3230,4030,2.126124432172047e-53,0,,183,100
324,3240,4040,5.214063441552193e-62,0,,185,100
325,3250,4050,1.0745233292824157e-70,0,,182,100
326,3260,4060,3.3935925209839097e-72,0,,177,100
327,3270,4070,1.6254931059224337e-75,0,,178,100
328,3280,4080,1.0808223153910416e-72,0,,177,100
329,3290,4090,5.711238784644069e-74,0,,179,100
330,3300,4100,1.6552634005933126e-74,0,,177,100
331,3310,4110,5.834033475699614e-74,0,,179,100
332,3320,4120,1.5049243598200515e-68,0,,181,100
333,3330,4130,1.470375961208103e-73,0,,178,100
334,3340,4140,1.1788832033751971e-72,0,,177,100
335,3350,4150,1.1569897873419827e-73,0,,179,100
336,3360,4160,6.489031116711363e-79,0,,176,100
337,3370,4170,1.2528075220883844e-76,0,,176,100
338,3380,4180,8.199251986691592e-77,0,,178,100
339,3390,4190,3.2210723785798625e-78,0,,177,100
340,3400,4200,1.6410783510031963e-79,0,,176,100
341,3410,4210,4.967734387165075e-76,0,,177,100
342,3420,4220,7.574478128340215e-78,0,,179,100
343,3430,4230,1.2352386020464667e-74,0,,174,100
344,3440,4240,1.267918743901696e-72,0,,173,100
345,3450,4250,2.3084873223536507e-66,0,,176,100
346,3460,4260,7.687933214552055e-71,0,,175,100
347,3470,4270,3.668946707794719e-66,0,,175,100
348,3480,4280,2.791718829954994e-63,0,,176,100
349,3490,4290,1.0074010520358931e-60,0,,178,100
350,3500,4300,1.2136825875817813e-63,0,,178,100
351,3510,4310,1.662673917229691e-61,0,,179,100
352,3520,4320,1.0952783064567795e-65,0,,180,100
353,3530,4330,3.6817318145720574e-63,0,,179,100
354,3540,4340,1.5321527154751738e-64,0,,180,100
355,3550,4350,4.174344830481692e-61,0,,179,100
356,3560,4360,5.4893823384823194e-68,0,,180,100
357,3570,4370,1.3093328850911856e-64,0,,178,100
358,3580,4380,8.229438249089088e-67,0,,180,100
359,3590,4390,1.0795178970593209e-65,0,,179,100
360,3600,4400,7.115054336051021e-65,0,,178,100
361,3610,4410,1.5786606237342448e-61,0,,179,100
362,3620,4420,1.483184328629393e-57,0,,178,100
363,3630,4430,7.33659729943613e-58,0,,180,100
364,3640,4440,5.677910626584991e-57,0,,182,100
365,3650,4450,1.5941961336185184e-60,0,,181,100
366,3660,4460,1.7461262074680483e-60,0,,181,100
367,3670,4470,1.6693288522056637e-58,0,,178,100
368,3680,4480,1.4322638270639903e-59,0,,182,100
369,3690,4490,1.1033105949765762e-58,0,,184,100
370,3700,4500,1.8698645387146036e-58,0,,184,100
371,3710,4510,2.3472619910315e-60,0,,183,100
372,3720,4520,3.0511076801754757e-61,0,,185,100
373,3730,4530,1.550677533509844e-64,0,,184,100
374,3740,4540,5.2687180877327365e-58,0,,184,100
375,3750,4550,7.112588936701908e-62,0,,187,100
376,3760,4560,8.132632670523514e-63,0,,185,100
377,3770,4570,1.6504294903589538e-64,0,,186,100
378,3780,4580,1.3392532886738592e-64,0,,187,100
379,3790,4590,1.0799041008469808e-63,0,,187,100
380,3800,4600,1.2236566517368386e-63,0,,184,100
381,3810,4610,2.629331075456654e-65,0,,185,100
382,3820,4620,1.3443816359777486e-61,0,,186,100
383,3830,4630,1.3651235719247584e-60,0,,187,100
384,3840,4640,4.55054244286804e-58,0,,185,100
385,3850,4650,1.0078594901462784e-58,0,,186,100
386,3860,4660,3.105939421128303e-54,0,,185,100
387,3870,4670,1.0413297157731353e-53,0,,184,100
388,3880,4680,1.2832923573183706e-54,0,,185,100
389,3890,4690,2.892412862747321e-54,0,,186,100
390,3900,4700,8.328325916106851e-54,0,,185,100
391,3910,4710,1.4326629125052636e-55,0,,185,100
392,3920,4720,1.404835514806687e-54,0,,184,100
393,3930,4730,1.2943001196216371e-52,0,,185,100
394,3940,4740,2.365955782211913e-49,0,,183,100
395,3950,4750,1.6763919460538428e-50,0,,185,100
396,3960,4760,1.2372757394139113e-48,0,,183,100
397,3970,4770,1.931284600684874e-48,0,,184,100
398,3980,4780,8.166250838321863e-45,0,,186,100
399,3990,4790,3.892186735616475e-44,0,,186,100
400,4000,4800,1.5864438614042432e-44,0,,185,100
401,4010,4810,1.6545064940089265e-47,0,,186,100
402,4020,4820,1.36165118921292e-48,0,,186,100
403,4030,4830,6.363084588792121e-51,0,,186,100
404,4040,4840,1.0415561647758277e-53,0,,186,100
405,4050,4850,2.8394212979228733e-54,0,,184,100
406,4060,4860,1.8616835009479997e-52,0,,187,100
407,4070,4870,1.073997220053505e-56,0,,184,100
408,4080,4880,2.996813876399257e-52,0,,184,100
409,4090,4890,5.863750454120955e-56,0,,183,100
410,4100,4900,1.0130561749900636e-51,0,,185,100
411,4110,4910,7.92581577755383e-55,0,,184,100
412,4120,4920,2.2494724025554895e-58,0,,183,100
413,4130,4930,1.0130036816356149e-61,0,,184,100
414,4140,4940,5.3243308412172965e-58,0,,185,100
415,4150,4950,9.77720543448065e-57,0,,186,100
416,4160,4960,1.4092178877964422e-56,0,,187,100
417,4170,4970,1.97654187403299e-60,0,,189,100
418,4180,4980,1.0256051049259695e-62,0,,190,100
419,4190,4990,1.0194494060637134e-63,0,,188,100
420,4200,5000,1.1591444370960937e-60,0,,190,100
421,4210,5010,9.099576811738574e-66,0,,190,100
422,4220,5020,1.342542136935099e-68,0,,192,100
423,4230,5030,4.220602488759731e-67,0,,192,100
424,4240,5040,3.273004020297381e-69,0,,194,100
425,4250,5050,3.25124242545878e-71,0,,194,100
426,4260,5060,7.121450898609584e-72,0,,193,100
427,4270,5070,4.287291904163404e-69,0,,194,100
428,4280,5080,7.17122404736482e-66,0,,194,100
429,4290,5090,2.2712735634743536e-72,0,,190,100
430,4300,5100,1.8957149228690902e-73,0,,190,100
431,4310,5110,1.0436445908273172e-71,0,,193,100
432,4320,5120,2.2531341932264984e-72,0,,193,100
433,4330,5130,7.256429702157289e-71,0,,193,100
434,4340,5140,1.32826774145386e-69,0,,195,100
435,4350,5150,4.555297213838378e-71,0,,194,100
436,4360,5160,7.902976766388818e-68,0,,193,100
437,4370,5170,2.5456682034111033e-67,0,,193,100
438,4380,5180,1.3789538928488702e-64,0,,193,100
439,4390,5190,2.0851067124533098e-70,0,,192,100
440,4400,5200,1.6082599695277167e-64,0,,192,100
441,4410,5210,7.86555217249327e-63,0,,190,100
442,4420,5220,4.1637328784065243e-63,0,,189,100
443,4430,5230,4.489154907579738e-65,0,,188,100
444,4440,5240,1.968442554859308e-63,0,,188,100
445,4450,5250,1.1713816065414208e-64,0,,188,100
446,4460,5260,1.0279454138855303e-62,0,,187,100
447,4470,5270,1.3817393967219159e-64,0,,190,100
448,4480,5280,6.434638892397453e-61,0,,188,100
449,4490,5290,2.0253291012747807e-64,0,,189,100
450,4500,5300,3.3109609553115165e-59,0,,188,100
451,4510,5310,9.954863560234884e-64,0,,187,100
452,4520,5320,1.7921291852476108e-64,0,,187,100
453,4530,5330,2.6847796593079823e-67,0,,188,100
454,4540,5340,2.984465829771941e-66,0,,189,100
455,4550,5350,6.442988366570162e-69,0,,188,100
456,4560,5360,1.4977833058707355e-67,0,,189,100
457,4570,5370,3.872848024115348e-72,0,,188,100
458,4580,5380,2.4418588302611755e-67,0,,191,100
459,4590,5390,7.146502236328266e-68,0,,193,100
460,4600,5400,7.10467835886308e-73,0,,192,100
461,4610,5410,2.579396030984754e-68,0,,193,100
462,4620,5420,1.304416522064154e-69,0,,193,100
463,4630,5430,1.844958678026015e-72,0,,192,100
464,4640,5440,7.453176186792415e-75,0,,191,100
465,4650,5450,3.615641440320633e-74,0,,192,100
466,4660,5460,1.0684736565508492e-78,0,,192,100
467,4670,5470,8.268833946111978e-75,0,,191,100
468,4680,5480,2.057359680256028e-80,0,,191,100
469,4690,5490,5.3733608155850786e-79,0,,190,100
470,4700,5500,6.72725257309406e-81,0,,189,100
471,4710,5510,5.758717150368279e-76,0,,191,100
472,4720,5520,1.3117870817916312e-76,0,,191,100
473,4730,5530,9.555071434932068e-72,0,,190,100
474,4740,5540,2.782274830732885e-69,0,,189,100
475,4750,5550,1.082516413738733e-64,0,,188,100
476,4760,5560,8.561427007814802e-74,0,,187,100
477,4770,5570,6.446724488938367e-73,0,,187,100
478,4780,5580,4.972455915181224e-72,0,,185,100
479,4790,5590,3.148485843528515e-74,0,,187,100
480,4800,5600,1.2912071838815968e-74,0,,188,100
481,4810,5610,5.932001459877566e-74,0,,186,100
482,4820,5620,9.101839149827483e-76,0,,186,100
483,4830,5630,1.5115240951936692e-71,0,,185,100
484,4840,5640,4.652109142592024e-72,0,,186,100
485,4850,5650,3.858268246314841e-70,0,,188,100
486,4860,5660,5.202578645846426e-68,0,,189,100
487,4870,5670,4.0024199765669705e-69,0,,189,100
488,4880,5680,8.004031571987067e-66,0,,188,100
489,4890,5690,5.636856150674606e-67,0,,189,100
490,4900,5700,1.335005732949882e-62,0,,189,100
491,4910,5710,1.330139775644038e-60,0,,190,100
492,4920,5720,2.3599461859194608e-58,0,,191,100
493,4930,5730,1.0674065110641949e-57,0,,191,100
494,4940,5740,7.173151552017861e-57,0,,191,100
495,4950,5750,5.155430163802517e-55,0,,193,100
496,4960,5760,2.5405988031793577e-58,0,,190,100
497,4970,5770,8.47958527035865e-57,0,,189,100
498,4980,5780,4.241608900954595e-54,0,,189,100
499,4990,5790,7.93175760173117e-46,0,,191,100
500,5000,5800,2.074648406765586e-43,0,,190,100
501,5010,5810,8.180347748939778e-44,0,,190,100
502,5020,5820,9.850053751158219e-48,0,,188,100
503,5030,5830,1.5067592964692467e-46,0,,186,100
504,5040,5840,3.016425624641753e-45,0,,186,100
505,5050,5850,4.492989084434679e-44,0,,188,100
506,5060,5860,1.9814452488451517e-43,0,,188,100
507,5070,5870,1.3507579063444734e-45,0,,189,100
508,5080,5880,7.884670387213444e-45,0,,191,100
509,5090,5890,1.0725171189963023e-43,0,,192,100
510,5100,5900,1.3982826528515942e-40,0,,190,100
511,5110,5910,3.12972569157223e-47,0,,189,100
512,5120,5920,8.077597349385481e-50,0,,187,100
513,5130,5930,1.4997702909287903e-48,0,,190,100
514,5140,5940,1.3029867230837602e-54,0,,191,100
515,5150,5950,1.0893123332858387e-56,0,,189,100
516,5160,5960,3.951358125218144e-55,0,,190,100
517,5170,5970,7.88771631345969e-60,0,,188,100
518,5180,5980,5.323933775686048e-64,0,,192,100
519,5190,5990,1.2682044672723054e-64,0,,191,100
520,5200,6000,8.438694526673572e-64,0,,193,100
521,5210,6010,5.727535170770803e-67,0,,193,100
522,5220,6020,1.4637918999362474e-69,0,,192,100
523,5230,6030,1.0781813245934203e-67,0,,190,100
524,5240,6040,5.572927755377969e-67,0,,188,100
525,5250,6050,7.594911805953927e-65,0,,190,100
526,5260,6060,1.792217831817443e-68,0,,190,100
527,5270,6070,4.904398141280999e-70,0,,187,100
528,5280,6080,8.015581355001713e-66,0,,188,100
529,5290,6090,1.0131149779590439e-70,0,,187,100
530,5300,6100,1.0002180842634343e-70,0,,186,100
531,5310,6110,3.2150040257123995e-73,0,,184,100
532,5320,6120,1.171923158661559e-74,0,,185,100
533,5330,6130,4.0594944203536264e-67,0,,184,100
534,5340,6140,1.768625155617244e-70,0,,183,100
535,5350,6150,9.613412829293233e-74,0,,183,100
536,5360,6160,1.7003187734097403e-70,0,,182,100
537,5370,6170,5.57646567120475e-68,0,,181,100
538,5380,6180,2.8880251515812836e-65,0,,177,100
539,5390,6190,3.890719067146146e-73,0,,179,100
540,5400,6200,2.1469852519692797e-64,0,,179,100
541,5410,6210,7.730337518539171e-64,0,,178,100
542,5420,6220,4.7988162910793337e-63,0,,178,100
543,5430,6230,2.436462441977988e-63,0,,182,100
544,5440,6240,1.0136037922639848e-61,0,,182,100
545,5450,6250,1.6098577114300236e-58,0,,182,100
546,5460,6260,3.3645811769582285e-62,0,,182,100
547,5470,6270,7.816953798695875e-59,0,,183,100
548,5480,6280,3.100533441832965e-59,0,,181,100
549,5490,6290,1.8847923610658142e-60,0,,181,100
550,5500,6300,8.837243706800125e-62,0,,180,100
551,5510,6310,8.318706195247475e-65,0,,178,100
552,5520,6320,2.0642758743927203e-63,0,,179,100
553,5530,6330,1.2125387857067925e-68,0,,178,100
554,5540,6340,1.8969497585036762e-64,0,,178,100
555,5550,6350,6.694254910631357e-66,0,,178,100
556,5560,6360,1.4657960390586595e-64,0,,177,100
557,5570,6370,8.733469871546876e-64,0,,177,100
558,5580,6380,3.8897979930478403e-66,0,,174,100
559,5590,6390,1.552909230608403e-64,0,,174,100
560,5600,6400,8.005586856438895e-74,0,,174,100
561,5610,6410,1.8903146156995467e-68,0,,174,100
562,5620,6420,8.870115993816799e-71,0,,171,100
563,5630,6430,1.5070118325299032e-69,0,,171,100
564,5640,6440,4.106267576033851e-66,0,,172,100
565,5650,6450,3.626192958653434e-71,0,,167,100
566,5660,6460,7.167913812489116e-70,0,,167,100
567,5670,6470,3.4866208045820246e-69,0,,169,100
568,5680,6480,8.774822647368452e-71,0,,169,100
569,5690,6490,5.710117612865141e-70,0,,168,100
570,5700,6500,1.9198583772534016e-69,0,,167,100
571,5710,6510,5.320367317134447e-69,0,,166,100
572,5720,6520,1.4572775303542689e-67,0,,165,100
573,5730,6530,3.805300627335527e-68,0,,165,100
574,5740,6540,2.8909961138324384e-61,0,,165,100
575,5750,6550,1.4071830266018694e-62,0,,165,100
576,5760,6560,1.5871455184065822e-54,0,,165,100
577,5770,6570,1.052578981963171e-59,0,,166,100
578,5780,6580,1.604992100586261e-58,0,,163,100
579,5790,6590,3.826777787851736e-52,0,,163,100
580,5800,6600,6.398331930709894e-54,0,,165,100
581,5810,6610,8.889595241986098e-50,0,,165,100
582,5820,6620,5.197348170503175e-45,0,,165,100
583,5830,6630,5.391694490852469e-46,0,,167,100
584,5840,6640,6.523393714193206e-47,0,,165,100
585,5850,6650,9.182247950480667e-52,0,,164,100
586,5860,6660,1.1471928589136321e-50,0,,161,100
587,5870,6670,3.649472875416418e-48,0,,163,100
588,5880,6680,9.134084633107972e-53,0,,162,100
589,5890,6690,4.174023452463916e-53,0,,164,100
590,5900,6700,1.877670345159747e-52,0,,163,100
591,5910,6710,2.382467498098087e-50,0,,164,100
592,5920,6720,8.59364598944177e-54,0,,164,100
593,5930,6730,8.089790734695407e-60,0,,163,100
594,5940,6740,6.305100684315436e-51,0,,166,100
595,5950,6750,3.844136832628662e-58,0,,165,100
596,5960,6760,1.4922727159473896e-52,0,,167,100
597,5970,6770,5.917548380586808e-57,0,,165,100
598,5980,6780,2.296497252843469e-63,0,,162,100
599,5990,6790,1.5038251078583714e-59,0,,163,100
600,6000,6800,7.387522797860793e-63,0,,163,100
601,6010,6810,1.2963569259397272e-67,0,,165,100
602,6020,6820,3.2904995467552084e-65,0,,167,100
603,6030,6830,1.2811970522780547e-68,0,,168,100
604,6040,6840,7.879887456271432e-68,0,,168,100
605,6050,6850,1.983042638471912e-73,0,,166,100
606,6060,6860,3.7267810771016357e-66,0,,168,100
607,6070,6870,2.266733722723517e-72,0,,170,100
608,6080,6880,1.0006652379536227e-65,0,,172,100
609,6090,6890,1.890754778370149e-64,0,,170,100
610,6100,6900,3.2383654643818994e-64,0,,169,100
611,6110,6910,1.1757599286829187e-64,0,,171,100
612,6120,6920,1.2536890989338747e-58,0,,168,100
613,6130,6930,3.302425249749537e-66,0,,168,100
614,6140,6940,1.752903065126551e-68,0,,170,100
615,6150,6950,2.6138093512993173e-62,0,,171,100
616,6160,6960,5.5015369856357844e-62,0,,171,100
617,6170,6970,7.387286075755507e-66,0,,172,100
618,6180,6980,5.321414684584939e-57,0,,172,100
619,6190,6990,1.2351649422391569e-60,0,,172,100
620,6200,7000,1.0025328441658672e-59,0,,174,100
621,6210,7010,2.9758758369205746e-63,0,,172,100
622,6220,7020,7.32124763401399e-62,0,,172,100
623,6230,7030,1.8656438581790853e-59,0,,169,100
624,6240,7040,1.3262278425725762e-57,0,,170,100
625,6250,7050,5.558465263796991e-59,0,,169,100
626,6260,7060,5.360678155887664e-60,0,,171,100
627,6270,7070,9.067193781715035e-59,0,,172,100
628,6280,7080,2.410163093030606e-61,0,,171,100
629,6290,7090,1.2730737017542174e-56,0,,171,100
630,6300,7100,1.182996201282538e-57,0,,172,100
631,6310,7110,2.669161391127054e-59,0,,172,100
632,6320,7120,8.331921986502461e-64,0,,172,100
633,6330,7130,1.4354566046203826e-63,0,,171,100
634,6340,7140,1.5516968892539032e-62,0,,171,100
635,6350,7150,1.1380607616222115e-64,0,,173,100
636,6360,7160,1.4252314866460913e-63,0,,172,100
637,6370,7170,1.7440498938600346e-63,0,,174,100
638,6380,7180,1.044425462660823e-63,0,,173,100
639,6390,7190,6.177650981757261e-60,0,,172,100
640,6400,7200,3.6932669657525596e-59,0,,173,100
641,6410,7210,4.939105776628882e-56,0,,174,100
642,6420,7220,5.733412250086825e-55,0,,176,100
643,6430,7230,4.451456657097126e-57,0,,178,100
644,6440,7240,1.5718516952655026e-58,0,,178,100
645,6450,7250,6.314631686256632e-55,0,,180,100
646,6460,7260,2.83890233177001e-59,0,,179,100
647,6470,7270,1.8800035015873702e-63,0,,181,100
648,6480,7280,9.657957627306066e-60,0,,180,100
649,6490,7290,2.2198296798135702e-61,0,,181,100
650,6500,7300,4.846928588586454e-62,0,,179,100
651,6510,7310,9.28867572356844e-60,0,,178,100
652,6520,7320,4.337491320799254e-59,0,,177,100
653,6530,7330,8.217334771428744e-62,0,,179,100
654,6540,7340,4.95975165237457e-56,0,,180,100
655,6550,7350,6.838337155061805e-56,0,,178,100
656,6560,7360,1.254367113524243e-60,0,,176,100
657,6570,7370,2.4991762821354518e-62,0,,176,100
658,6580,7380,5.03304362666407e-62,0,,177,100
659,6590,7390,2.1387672429469024e-59,0,,175,100
660,6600,7400,7.681120625151308e-59,0,,175,100
661,6610,7410,4.020435445476475e-63,0,,175,100
662,6620,7420,3.2517197581259415e-58,0,,174,100
663,6630,7430,4.746515651227559e-57,0,,174,100
664,6640,7440,3.3339153418526856e-58,0,,176,100
665,6650,7450,3.002912913788658e-56,0,,176,100
666,6660,7460,6.553701785375008e-63,0,,176,100
667,6670,7470,2.035274938138585e-59,0,,176,100
668,6680,7480,6.051667788760578e-62,0,,173,100
669,6690,7490,2.146738064918497e-56,0,,173,100
670,6700,7500,4.058581902568854e-59,0,,173,100
671,6710,7510,1.1166920103090888e-56,0,,172,100
672,6720,7520,1.120145183784855e-55,0,,172,100
673,6730,7530,4.428730381050645e-59,0,,171,100
674,6740,7540,3.7790156537254067e-57,0,,171,100
675,6750,7550,9.167889719399733e-65,0,,170,100
676,6760,7560,1.9225903431486385e-67,0,,170,100
677,6770,7570,2.207421780544307e-62,0,,171,100
678,6780,7580,3.5976127530621887e-62,0,,169,100
679,6790,7590,1.0472912153819807e-57,0,,169,100
680,6800,7600,2.0242168602854748e-64,0,,170,100
681,6810,7610,9.492649573566306e-62,0,,170,100
682,6820,7620,1.087550692881017e-60,0,,169,100
683,6830,7630,2.1762465173465263e-63,0,,168,100
684,6840,7640,7.077552204473698e-64,0,,169,100
685,6850,7650,1.407419057412276e-66,0,,170,100
686,6860,7660,6.8663011666461036e-65,0,,166,100
687,6870,7670,1.4047759379426285e-68,0,,166,100
688,6880,7680,4.006550069095528e-70,0,,166,100
689,6890,7690,6.36864273870215e-65,0,,168,100
690,6900,7700,1.9165238782195493e-63,0,,169,100
691,6910,7710,9.645906694177826e-66,0,,169,100
692,6920,7720,1.1983185672384222e-68,0,,170,100
693,6930,7730,6.033905923042675e-66,0,,169,100
694,6940,7740,6.049713544975537e-67,0,,171,100
695,6950,7750,1.0764009358914946e-65,0,,170,100
696,6960,7760,1.199288058390099e-68,0,,171,100
697,6970,7770,9.49405588541115e-67,0,,172,100
698,6980,7780,7.184004316461968e-64,0,,171,100
699,6990,7790,5.167029644597668e-67,0,,168,100
700,7000,7800,6.383533987156956e-67,0,,169,100
701,7010,7810,3.3935510993399635e-66,0,,169,100
702,7020,7820,4.95018580790565e-66,0,,171,100
703,7030,7830,3.062774410325221e-65,0,,171,100
704,7040,7840,1.6025981286404727e-64,0,,170,100
705,7050,7850,2.564202995875188e-69,0,,171,100
706,7060,7860,6.39029626284817e-61,0,,167,100
707,7070,7870,5.54364693753652e-63,0,,169,100
708,7080,7880,5.194669317911759e-63,0,,168,100
709,7090,7890,2.7334300199320515e-69,0,,167,100
710,7100,7900,2.2753300161890458e-70,0,,169,100
711,7110,7910,5.581028369995748e-65,0,,169,100
712,7120,7920,1.8014346266985496e-63,0,,171,100
713,7130,7930,9.368264099068836e-67,0,,170,100
714,7140,7940,1.9703176958261876e-66,0,,170,100
715,7150,7950,9.159465166069683e-65,0,,172,100
716,7160,7960,1.555012248565519e-62,0,,173,100
717,7170,7970,3.9547834855569474e-67,0,,175,100
718,7180,7980,1.0214890922421566e-67,0,,174,100
719,7190,7990,7.095541770838889e-68,0,,174,100
720,7200,8000,1.654897002996734e-63,0,,173,100
721,7210,8010,1.7556284908600682e-66,0,,172,100
722,7220,8020,7.929985699179549e-69,0,,170,100
723,7230,8030,2.4990879380638314e-64,0,,170,100
724,7240,8040,1.0783918602933625e-60,0,,169,100
725,7250,8050,1.711193251324326e-59,0,,168,100
726,7260,8060,6.329730650366204e-62,0,,170,100
727,7270,8070,2.4005222488526763e-55,0,,169,100
728,7280,8080,2.587612546167608e-57,0,,172,100
729,7290,8090,1.0481439160992e-60,0,,171,100
730,7300,8100,1.8552324551261682e-61,0,,170,100
731,7310,8110,1.532572326026101e-60,0,,171,100
732,7320,8120,2.7829694000944174e-62,0,,171,100
733,7330,8130,1.4679150986290689e-55,0,,166,100
734,7340,8140,4.2292712158447425e-53,0,,169,100
735,7350,8150,1.0357353649120615e-52,0,,168,100
736,7360,8160,2.4315757280179358e-54,0,,168,100
737,7370,8170,5.630320208948304e-53,0,,167,100
738,7380,8180,5.533388361937971e-54,0,,169,100
739,7390,8190,4.496226159885247e-53,0,,168,100
740,7400,8200,1.1609136910822208e-52,0,,167,100
741,7410,8210,3.0989361451479285e-54,0,,170,100
742,7420,8220,5.077081809601732e-49,0,,169,100
743,7430,8230,3.1430881576814716e-50,0,,168,100
744,7440,8240,1.7919532754174046e-47,0,,166,100
745,7450,8250,2.0547117130705486e-49,0,,168,100
746,7460,8260,4.560829978275005e-47,0,,166,100
747,7470,8270,8.67518371152413e-50,0,,167,100
748,7480,8280,1.517131443346797e-49,0,,168,100
749,7490,8290,3.2925395093599207e-54,0,,167,100
750,7500,8300,1.876648976657317e-53,0,,169,100
751,7510,8310,8.549907167962315e-55,0,,166,100
752,7520,8320,1.2881817630056555e-53,0,,168,100
753,7530,8330,1.6542972820304122e-50,0,,167,100
754,7540,8340,5.244929037290205e-49,0,,168,100
755,7550,8350,1.928669398678856e-44,0,,170,100
756,7560,8360,1.1083790019238141e-45,0,,169,100
757,7570,8370,6.95029793477025e-47,0,,171,100
758,7580,8380,5.995565982629828e-51,0,,171,100
759,7590,8390,1.4708335493226993e-50,0,,171,100
760,7600,8400,9.59894067697116e-51,0,,169,100
761,7610,8410,4.5149728200690905e-57,0,,169,100
762,7620,8420,1.0399501695208958e-55,0,,170,100
763,7630,8430,9.852902959523535e-55,0,,171,100
764,7640,8440,4.7317032371816127e-54,0,,170,100
765,7650,8450,2.0483546738830486e-55,0,,168,100
766,7660,8460,1.2338588217188936e-57,0,,167,100
767,7670,8470,6.032055611327008e-54,0,,168,100
768,7680,8480,1.991678986766727e-51,0,,168,100
769,7690,8490,1.837419000437035e-55,0,,169,100
770,7700,8500,1.5332425556079937e-61,0,,167,100
771,7710,8510,2.3147219911104547e-62,0,,167,100
772,7720,8520,3.454788409288954e-64,0,,169,100
773,7730,8530,6.72688135729845e-62,0,,165,100
774,7740,8540,1.6908064441491018e-60,0,,165,100
775,7750,8550,1.5898651952332398e-61,0,,166,100
776,7760,8560,9.075987581160366e-60,0,,167,100
777,7770,8570,2.9081268947255204e-59,0,,167,100
778,7780,8580,3.5215073527991366e-62,0,,167,100
779,7790,8590,4.283481315612426e-66,0,,167,100
780,7800,8600,6.235125589852212e-61,0,,165,100
781,7810,8610,3.878160369681106e-62,0,,163,100
782,7820,8620,4.081235053251727e-62,0,,164,100
783,7830,8630,1.2387341595738031e-55,0,,166,100
784,7840,8640,2.872391435321113e-55,0,,164,100
785,7850,8650,2.8022011272572464e-54,0,,167,100
786,7860,8660,3.6973871558810856e-55,0,,167,100
787,7870,8670,1.3316646521094651e-48,0,,167,100
788,7880,8680,1.5466312922889594e-54,0,,166,100
789,7890,8690,2.644052534083147e-49,0,,167,100
790,7900,8700,7.576477914545139e-54,0,,168,100
791,7910,8710,2.87125356267829e-54,0,,166,100
792,7920,8720,3.8428011565926224e-55,0,,166,100
793,7930,8730,1.4418548240842022e-51,0,,166,100
794,7940,8740,7.710245390582385e-47,0,,166,100
795,7950,8750,2.9358627765258066e-51,0,,167,100
796,7960,8760,8.626084361264467e-51,0,,166,100
797,7970,8770,3.368442838981568e-53,0,,170,100
798,7980,8780,8.541032259818337e-55,0,,167,100
799,7990,8790,1.0376403846125615e-56,0,,170,100
800,8000,8800,9.223838924553641e-58,0,,170,100
801,8010,8810,3.6473982083040478e-56,0,,169,100
802,8020,8820,4.0836203560718563e-57,0,,169,100
803,8030,8830,1.7815960429251035e-53,0,,168,100
804,8040,8840,7.957599960494338e-52,0,,171,100
805,8050,8850,1.5087073432015827e-52,0,,171,100
806,8060,8860,7.773310293090766e-53,0,,170,100
807,8070,8870,1.0211753958813804e-54,0,,169,100
808,8080,8880,1.7760044983662026e-57,0,,168,100
809,8090,8890,3.974441614142743e-59,0,,169,100
810,8100,8900,2.1786960738359522e-60,0,,168,100
811,8110,8910,2.864697854226196e-65,0,,173,100
812,8120,8920,6.90914523388794e-64,0,,175,100
813,8130,8930,4.131364602247363e-58,0,,174,100
814,8140,8940,1.443859309588008e-59,0,,172,100
815,8150,8950,1.0315997496793818e-60,0,,174,100
816,8160,8960,9.369570990489666e-59,0,,176,100
817,8170,8970,5.832800688046281e-62,0,,176,100
818,8180,8980,1.0147314657241667e-63,0,,177,100
819,8190,8990,3.3680496569558383e-65,0,,178,100
820,8200,9000,4.626124967007207e-63,0,,181,100
821,8210,9010,2.5793005913682376e-62,0,,179,100
822,8220,9020,2.3052773542808203e-68,0,,180,100
823,8230,9030,2.3733903738644805e-70,0,,179,100
824,8240,9040,3.4793367011294995e-67,0,,178,100
825,8250,9050,9.373477199424415e-72,0,,179,100
826,8260,9060,1.7432007298401283e-68,0,,179,100
827,8270,9070,2.6021250601143762e-73,0,,181,100
828,8280,9080,9.259668004066299e-67,0,,179,100
829,8290,9090,1.406347478347198e-71,0,,179,100
830,8300,9100,1.0888788711243449e-66,0,,180,100
831,8310,9110,6.16586907709455e-67,0,,180,100
832,8320,9120,9.091166475199053e-69,0,,179,100
833,8330,9130,3.3966054196366664e-71,0,,179,100
834,8340,9140,2.3594401459138085e-69,0,,177,100
835,8350,9150,9.511584155346921e-63,0,,173,100
836,8360,9160,2.242001436106163e-68,0,,175,100
837,8370,9170,9.518395255871919e-60,0,,173,100
838,8380,9180,3.780467841250744e-61,0,,175,100
839,8390,9190,6.062423533749652e-62,0,,176,100
840,8400,9200,2.1118742274225826e-58,0,,176,100
841,8410,9210,4.925412798429567e-58,0,,174,100
842,8420,9220,4.81866956206986e-59,0,,176,100
843,8430,9230,2.0317056154821685e-60,0,,174,100
844,8440,9240,6.235039568769012e-60,0,,177,100
845,8450,9250,1.1419030406339407e-58,0,,178,100
846,8460,9260,4.3141025526524385e-58,0,,179,100
847,8470,9270,1.1007462142412647e-58,0,,181,100
848,8480,9280,4.37877327244797e-56,0,,181,100
849,8490,9290,1.761482984683394e-55,0,,180,100
850,8500,9300,1.475845203312057e-56,0,,178,100
851,8510,9310,7.082330799530113e-57,0,,178,100
852,8520,9320,2.610785604723672e-54,0,,180,100
853,8530,9330,3.1617392567009207e-54,0,,180,100
854,8540,9340,4.6027627102750426e-57,0,,180,100
855,8550,9350,1.470799696881783e-54,0,,179,100
856,8560,9360,9.349213017489546e-53,0,,180,100
857,8570,9370,1.2859565707416189e-49,0,,180,100
858,8580,9380,4.6415159956804987e-54,0,,180,100
859,8590,9390,3.317523430059106e-51,0,,181,100
860,8600,9400,7.618026250773658e-53,0,,182,100
861,8610,9410,5.666283812533513e-54,0,,181,100
862,8620,9420,1.35662686914596e-56,0,,182,100
863,8630,9430,4.727021273491248e-56,0,,180,100
864,8640,9440,7.497851480296253e-59,0,,183,100
865,8650,9450,1.0772711764353827e-53,0,,181,100
866,8660,9460,5.093203378189845e-54,0,,182,100
867,8670,9470,2.770477855632899e-53,0,,185,100
868,8680,9480,3.6509929635054236e-58,0,,185,100
869,8690,9490,2.6321067034196495e-55,0,,185,100
870,8700,9500,2.4124841778590962e-51,0,,183,100
871,8710,9510,6.109350215361377e-52,0,,183,100
872,8720,9520,8.103305893276411e-50,0,,184,100
873,8730,9530,3.6309522835694295e-46,0,,183,100
874,8740,9540,3.204531301199738e-51,0,,180,100
875,8750,9550,1.0384250820701642e-51,0,,181,100
876,8760,9560,7.035833495202145e-53,0,,181,100
877,8770,9570,5.866277147668338e-49,0,,179,100
878,8780,9580,5.070196159547135e-51,0,,180,100
879,8790,9590,2.2205638366620124e-54,0,,179,100
880,8800,9600,6.546903968683528e-54,0,,180,100
881,8810,9610,2.6094442600211345e-50,0,,181,100
882,8820,9620,2.000641529020526e-51,0,,184,100
883,8830,9630,1.4186455393662635e-53,0,,182,100
884,8840,9640,1.847857313869082e-53,0,,181,100
885,8850,9650,3.92419998205899e-51,0,,181,100
886,8860,9660,4.1783351416049164e-50,0,,180,100
887,8870,9670,2.6664006068851224e-48,0,,179,100
888,8880,9680,1.4369798812953494e-44,0,,180,100
889,8890,9690,3.540687346459774e-44,0,,184,100
890,8900,9700,5.046518282992686e-46,0,,181,100
891,8910,9710,7.173106418582875e-45,0,,176,100
892,8920,9720,1.0247569955533693e-46,0,,178,100
893,8930,9730,1.5623556342977253e-43,0,,178,100
894,8940,9740,1.0877995754431584e-47,0,,177,100
895,8950,9750,7.34614565254957e-49,0,,178,100
896,8960,9760,6.53608192711889e-46,0,,177,100
897,8970,9770,2.108329412313736e-44,0,,177,100
898,8980,9780,2.044919723874258e-51,0,,175,100
899,8990,9790,1.4255603654358948e-50,0,,174,100
900,9000,9800,2.0888588366942295e-49,0,,172,100
901,9010,9810,3.19131967561238e-51,0,,172,100
902,9020,9820,1.831947141955021e-50,0,,173,100
903,9030,9830,1.7244421707387134e-49,0,,174,100
904,9040,9840,2.4644843969242597e-50,0,,172,100
905,9050,9850,1.1254428211291373e-56,0,,172,100
906,9060,9860,3.325277550606762e-51,0,,172,100
907,9070,9870,1.0690139216292441e-61,0,,169,100
908,9080,9880,4.8655419378093963e-60,0,,172,100
909,9090,9890,6.0675975554275e-61,0,,171,100
910,9100,9900,4.114393823815002e-64,0,,172,100
911,9110,9910,7.447936210546884e-59,0,,173,100
912,9120,9920,4.1065174339946523e-57,0,,173,100
913,9130,9930,7.867166096712798e-59,0,,174,100
914,9140,9940,1.07708715588195e-57,0,,173,100
915,9150,9950,4.6148697311366155e-56,0,,176,100
916,9160,9960,3.60387854821947e-57,0,,175,100
917,9170,9970,1.5689896489534055e-58,0,,173,100
918,9180,9980,6.581370460333191e-60,0,,174,100
919,9190,9990,1.2862304088294664e-56,0,,174,100
920,9200,10000,1.0706047642697324e-53,0,,175,100
921,9210,10010,5.0494873225442056e-54,0,,176,100
922,9220,10020,5.206551410668819e-56,0,,178,100
923,9230,10030,5.603014751179334e-58,0,,179,100
924,9240,10040,3.7036724819070626e-55,0,,177,100
925,9250,10050,3.2497763768121374e-54,0,,176,100
926,9260,10060,4.3246748434376287e-57,0,,178,100
927,9270,10070,6.350313102952433e-58,0,,176,100
928,9280,10080,1.8584247545252905e-54,0,,174,100
929,9290,10090,5.004191664310404e-55,0,,175,100
930,9300,10100,1.7545311682199642e-54,0,,176,100
931,9310,10110,4.103450043319826e-58,0,,176,100
932,9320,10120,2.054820792406921e-59,0,,172,100
933,9330,10130,3.41279459803271e-58,0,,172,100
934,9340,10140,2.866320390080174e-58,0,,171,100
935,9350,10150,2.715773555845304e-60,0,,171,100
936,9360,10160,5.569489114602261e-58,0,,171,100
937,9370,10170,1.6279705476219014e-62,0,,171,100
938,9380,10180,2.0760928389344124e-64,0,,170,100
939,9390,10190,5.314328755190682e-63,0,,170,100
940,9400,10200,1.2956400688789776e-67,0,,171,100
941,9410,10210,1.9398153977525327e-62,0,,170,100
942,9420,10220,7.390877117547175e-63,0,,171,100
943,9430,10230,1.8624473295990327e-63,0,,172,100
944,9440,10240,8.39239925258511e-61,0,,171,100
945,9450,10250,1.96096592613528e-58,0,,169,100
946,9460,10260,3.184399210058083e-61,0,,168,100
947,9470,10270,1.361756547954523e-59,0,,167,100
948,9480,10280,9.57595562354568e-62,0,,166,100
949,9490,10290,9.165242676665805e-59,0,,167,100
950,9500,10300,3.77449995648228e-64,0,,167,100
951,9510,10310,2.1701099752322105e-61,0,,167,100
952,9520,10320,6.468533693070541e-63,0,,166,100
953,9530,10330,7.695267533449298e-60,0,,169,100
954,9540,10340,8.848558886535292e-55,0,,167,100
955,9550,10350,3.3273659306177957e-56,0,,168,100
956,9560,10360,1.565489413141931e-54,0,,168,100
957,9570,10370,6.296211694404688e-61,0,,168,100
958,9580,10380,5.434869339222444e-55,0,,167,100
959,9590,10390,9.54873495457401e-60,0,,166,100
960,9600,10400,1.8388509516533206e-59,0,,168,100
961,9610,10410,1.9062388603251192e-58,0,,165,100
962,9620,10420,5.640249975336037e-63,0,,164,100
963,9630,10430,4.1787737449559464e-63,0,,166,100
964,9640,10440,6.733394700776384e-68,0,,165,100
965,9650,10450,4.164613700351245e-69,0,,168,100
966,9660,10460,1.79585206484735e-64,0,,168,100
967,9670,10470,1.4306765125832415e-66,0,,166,100
968,9680,10480,7.955042870109894e-67,0,,166,100
969,9690,10490,3.2153494907888905e-68,0,,167,100
970,9700,10500,5.356741042840037e-72,0,,167,100
971,9710,10510,9.181601087695722e-78,0,,166,100
972,9720,10520,3.258359316030687e-77,0,,166,100
973,9730,10530,9.700903942952443e-78,0,,167,100
974,9740,10540,1.974097686252772e-74,0,,168,100
975,9750,10550,4.385033264227319e-71,0,,168,100
976,9760,10560,7.565463660700976e-68,0,,170,100
977,9770,10570,2.1711060811403474e-70,0,,171,100
978,9780,10580,3.2499185196876054e-73,0,,172,100
979,9790,10590,1.7369476534131706e-72,0,,172,100
980,9800,10600,5.7256586620210264e-70,0,,172,100
981,9810,10610,6.073185257892343e-70,0,,172,100
982,9820,10620,2.7190056755502704e-69,0,,171,100
983,9830,10630,8.553259570753373e-68,0,,171,100
984,9840,10640,3.451897056472999e-62,0,,172,100
985,9850,10650,4.202444811964892e-63,0,,172,100
986,9860,10660,3.3198640095223442e-65,0,,172,100
987,9870,10670,2.7670029811125124e-68,0,,172,100
988,9880,10680,5.24442384959949e-64,0,,170,100
989,9890,10690,3.9153524314011903e-60,0,,172,100
990,9900,10700,3.0152839802174183e-58,0,,174,100
991,9910,10710,2.6500606672549085e-64,0,,173,100
992,9920,10720,2.421635823425085e-60,0,,175,100
993,9930,10730,2.2930061019728268e-56,0,,175,100
994,9940,10740,8.539024390757512e-56,0,,172,100
995,9950,10750,5.447151234880333e-57,0,,170,100
996,9960,10760,1.1154713111377464e-52,0,,172,100
997,9970,10770,2.116219217779151e-54,0,,171,100
998,9980,10780,6.057312852976277e-57,0,,171,100
999,9990,10790,1.865616931504827e-63,0,,172,100
1000,10000,10800,8.56690573101767e-65,0,,170,100
1001,10010,10810,1.523284408048998e-62,0,,169,100
1002,10020,10820,2.5500016776614053e-68,0,,167,100
1003,10030,10830,7.093493964109629e-73,0,,168,100
1004,10040,10840,1.8473181376398468e-68,0,,167,100
1005,10050,10850,2.8336472829173227e-68,0,,167,100
1006,10060,10860,1.0908337126301901e-72,0,,169,100
1007,10070,10870,2.7977391165991054e-69,0,,167,100
1008,10080,10880,1.5633430981651388e-72,0,,167,100
1009,10090,10890,3.4730321712181244e-74,0,,166,100
1010,10100,10900,1.1072211640691338e-73,0,,166,100
1011,10110,10910,2.0216281149473037e-75,0,,167,100
1012,10120,10920,3.016929263065017e-73,0,,168,100
1013,10130,10930,4.2537851299751316e-75,0,,169,100
1014,10140,10940,3.0076571915038606e-76,0,,170,100
1015,10150,10950,6.98630929220131e-79,0,,168,100
1016,10160,10960,7.211867673340997e-77,0,,168,100
1017,10170,10970,2.9507765275047372e-77,0,,171,100
1018,10180,10980,2.7133542188067397e-76,0,,170,100
1019,10190,10990,9.49772657015089e-72,0,,169,100
1020,10200,11000,8.515464267580294e-75,0,,169,100
1021,10210,11010,9.67659929244274e-75,0,,168,100
1022,10220,11020,8.736804830652089e-69,0,,166,100
1023,10230,11030,8.515259635631363e-66,0,,165,100
1024,10240,11040,9.444784264313102e-67,0,,166,100
1025,10250,11050,5.378720240559137e-69,0,,167,100
1026,10260,11060,2.233571959478287e-64,0,,168,100
1027,10270,11070,6.251853462054781e-64,0,,169,100
1028,10280,11080,8.698991565332616e-58,0,,169,100
1029,10290,11090,3.845552190184664e-58,0,,170,100
1030,10300,11100,5.8057965645019454e-58,0,,172,100
1031,10310,11110,8.027495893063502e-52,0,,172,100
1032,10320,11120,1.6375982445793548e-49,0,,174,100
1033,10330,11130,6.833934361642638e-51,0,,173,100
1034,10340,11140,1.0878612680973529e-48,0,,172,100
1035,10350,11150,3.565449960098138e-46,0,,172,100
1036,10360,11160,1.7811249002566654e-48,0,,171,100
1037,10370,11170,1.1738800587203905e-45,0,,172,100
1038,10380,11180,2.1174179583239756e-45,0,,171,100
1039,10390,11190,1.7445750137450174e-43,0,,170,100
1040,10400,11200,3.854014865984333e-43,0,,170,100
1041,10410,11210,3.9749096305950704e-45,0,,170,100
1042,10420,11220,1.784313670975545e-45,0,,170,100
1043,10430,11230,4.0107456445314915e-41,0,,170,100
1044,10440,11240,2.0308279546366007e-47,0,,171,100
1045,10450,11250,1.4541244183708727e-45,0,,169,100
1046,10460,11260,4.435736632482714e-43,0,,172,100
1047,10470,11270,1.634563071146259e-42,0,,170,100
1048,10480,11280,1.9480951576881913e-43,0,,170,100
1049,10490,11290,7.632857163163245e-41,0,,168,100
1050,10500,11300,3.717244777558657e-39,0,,171,100
1051,10510,11310,3.751082361710751e-43,0,,172,100
1052,10520,11320,8.64166566573381e-41,0,,173,100
1053,10530,11330,6.711839914637809e-40,0,,172,100
1054,10540,11340,5.078980831983708e-45,0,,170,100
1055,10550,11350,7.285023736626331e-47,0,,172,100
1056,10560,11360,7.296412700338464e-47,0,,169,100
1057,10570,11370,8.710790407863389e-50,0,,168,100
1058,10580,11380,5.378608094664574e-50,0,,168,100
1059,10590,11390,1.8579065979479167e-51,0,,168,100
1060,10600,11400,2.121898055845362e-52,0,,168,100
1061,10610,11410,4.5696239458538707e-51,0,,168,100
1062,10620,11420,4.967794733340439e-54,0,,166,100
1063,10630,11430,1.5697189203365254e-50,0,,168,100
1064,10640,11440,5.884610623547895e-51,0,,171,100
1065,10650,11450,3.725748873319368e-50,0,,170,100
1066,10660,11460,2.0372116762954836e-49,0,,170,100
1067,10670,11470,6.945661416007269e-54,0,,169,100
1068,10680,11480,5.7636360259968265e-53,0,,170,100
1069,10690,11490,8.361061333873057e-55,0,,168,100
1070,10700,11500,2.1498366175772335e-59,0,,165,100
1071,10710,11510,5.401053343839917e-60,0,,166,100
1072,10720,11520,1.9450060199107551e-60,0,,167,100
1073,10730,11530,2.595799775917887e-58,0,,169,100
1074,10740,11540,1.4308916504024232e-61,0,,170,100
1075,10750,11550,3.033746790780322e-60,0,,170,100
1076,10760,11560,5.091316194891161e-57,0,,169,100
1077,10770,11570,1.0319249831893118e-59,0,,170,100
1078,10780,11580,1.023455686439143e-58,0,,171,100
1079,10790,11590,1.7111180751748977e-61,0,,171,100
1080,10800,11600,9.630342210110711e-61,0,,172,100
1081,10810,11610,7.374002127106395e-59,0,,173,100
1082,10820,11620,4.982143987936996e-57,0,,173,100
1083,10830,11630,4.247552360877435e-61,0,,172,100
1084,10840,11640,5.428667672471436e-61,0,,174,100
1085,10850,11650,2.260435443140278e-60,0,,174,100
1086,10860,11660,7.847469156384448e-62,0,,175,100
1087,10870,11670,2.681805437603918e-60,0,,175,100
1088,10880,11680,1.2600172049151315e-59,0,,175,100
1089,10890,11690,2.7869308161115126e-61,0,,174,100
1090,10900,11700,2.2727706619437307e-59,0,,174,100
1091,10910,11710,2.4754108726899648e-60,0,,175,100
1092,10920,11720,7.5440534868605e-58,0,,175,100
1093,10930,11730,3.3740677271949164e-52,0,,175,100
1094,10940,11740,8.451217029554692e-53,0,,174,100
1095,10950,11750,5.593880276675503e-54,0,,173,100
1096,10960,11760,3.910800636175236e-52,0,,172,100
1097,10970,11770,4.560364017275091e-51,0,,170,100
1098,10980,11780,2.6935954166761126e-53,0,,172,100
1099,10990,11790,1.9014965769109052e-54,0,,172,100
1100,11000,11800,1.6129829902845743e-53,0,,170,100
1101,11010,11810,4.853465982092786e-52,0,,173,100
1102,11020,11820,3.912389280991697e-56,0,,172,100
1103,11030,11830,8.274167529821259e-56,0,,172,100
1104,11040,11840,6.330610844097899e-53,0,,171,100
1105,11050,11850,3.632454497161312e-54,0,,171,100
1106,11060,11860,6.321886865679076e-53,0,,170,100
1107,11070,11870,1.2605640725066232e-59,0,,169,100
1108,11080,11880,2.765471489530679e-54,0,,168,100
1109,11090,11890,4.366808643599631e-58,0,,169,100
1110,11100,11900,3.792092459512903e-51,0,,166,100
1111,11110,11910,2.552037647099651e-57,0,,167,100
1112,11120,11920,1.5199890516903292e-58,0,,166,100
1113,11130,11930,9.97217231568055e-61,0,,166,100
1114,11140,11940,2.451851501823934e-59,0,,167,100
1115,11150,11950,2.2634771965383434e-58,0,,167,100
1116,11160,11960,8.619539650297143e-62,0,,167,100
1117,11170,11970,3.3104084251950067e-59,0,,168,100
1118,11180,11980,2.0767179285695326e-59,0,,166,100
1119,11190,11990,4.343752512210884e-58,0,,167,100
1120,11200,12000,8.650936056968629e-63,0,,168,100
1121,11210,12010,4.956594597803379e-61,0,,171,100
1122,11220,12020,4.309295124595408e-62,0,,171,100
1123,11230,12030,6.3070018716832245e-62,0,,168,100
1124,11240,12040,6.810759806854673e-62,0,,169,100
1125,11250,12050,1.801460511816882e-61,0,,168,100
1126,11260,12060,2.2055644044999366e-67,0,,170,100
1127,11270,12070,9.754845318808333e-66,0,,171,100
1128,11280,12080,9.003700319567274e-60,0,,171,100
1129,11290,12090,3.185474446976138e-61,0,,171,100
1130,11300,12100,5.303067817542782e-56,0,,168,100
1131,11310,12110,4.4996186209034736e-57,0,,169,100
1132,11320,12120,7.495821490261371e-57,0,,170,100
1133,11330,12130,6.553950135817076e-56,0,,171,100
1134,11340,12140,9.03174537801988e-58,0,,169,100
1135,11350,12150,1.0108946191740004e-58,0,,169,100
1136,11360,12160,2.23571416533979e-58,0,,171,100
1137,11370,12170,9.885704102354525e-55,0,,170,100
1138,11380,12180,4.092618893538718e-55,0,,167,100
1139,11390,12190,5.860958048671816e-55,0,,167,100
1140,11400,12200,3.256218404803539e-53,0,,168,100
1141,11410,12210,9.598093024264275e-54,0,,169,100
1142,11420,12220,1.1646445871458128e-53,0,,168,100
1143,11430,12230,1.9572024931563964e-53,0,,169,100
1144,11440,12240,6.0959674431635e-51,0,,166,100
1145,11450,12250,1.2242243220220519e-53,0,,165,100
1146,11460,12260,1.7210863789975437e-50,0,,165,100
1147,11470,12270,9.47104142501743e-50,0,,165,100
1148,11480,12280,6.047146311750009e-54,0,,167,100
1149,11490,12290,3.83981772000988e-52,0,,168,100
1150,11500,12300,6.617083124275272e-59,0,,169,100
1151,11510,12310,8.98280307470144e-61,0,,169,100
1152,11520,12320,4.3350070609185137e-66,0,,167,100
1153,11530,12330,3.4812090886542243e-63,0,,167,100
1154,11540,12340,1.710876359688714e-65,0,,168,100
1155,11550,12350,8.414970930306011e-64,0,,167,100
1156,11560,12360,3.6197010375692366e-69,0,,167,100
1157,11570,12370,3.8629504727692627e-63,0,,167,100
1158,11580,12380,2.2874044421934964e-63,0,,166,100
1159,11590,12390,1.3847749098272099e-62,0,,163,100
1160,11600,12400,2.910330921547801e-62,0,,165,100
1161,11610,12410,3.7596595623288385e-60,0,,164,100
1162,11620,12420,2.3957303061347097e-63,0,,166,100
1163,11630,12430,9.749804425288967e-66,0,,164,100
1164,11640,12440,8.137993231430125e-65,0,,164,100
1165,11650,12450,3.94685454342185e-64,0,,163,100
1166,11660,12460,8.740627315854456e-64,0,,164,100
1167,11670,12470,3.4841356302169285e-59,0,,168,100
1168,11680,12480,9.728146505132686e-62,0,,168,100
1169,11690,12490,4.24632299078904e-62,0,,168,100
1170,11700,12500,2.8490964002285418e-58,0,,168,100
1171,11710,12510,1.8464566166874535e-57,0,,167,100
1172,11720,12520,6.1390748155802204e-55,0,,167,100
1173,11730,12530,4.489758034500489e-54,0,,167,100
1174,11740,12540,2.2547996748588407e-48,0,,168,100
1175,11750,12550,8.198198553514225e-54,0,,169,100
1176,11760,12560,3.6775467781738006e-51,0,,169,100
1177,11770,12570,4.472913844337721e-49,0,,171,100
1178,11780,12580,2.3165296083416176e-46,0,,169,100
1179,11790,12590,1.1680522783386773e-50,0,,170,100
1180,11800,12600,1.5074389379508498e-50,0,,171,100
1181,11810,12610,5.594312407301681e-54,0,,173,100
1182,11820,12620,3.3871599611130756e-56,0,,173,100
1183,11830,12630,1.430424578335675e-56,0,,175,100
1184,11840,12640,1.466266927174227e-55,0,,174,100
1185,11850,12650,5.596222002058996e-58,0,,174,100
1186,11860,12660,2.299692949030989e-59,0,,174,100
1187,11870,12670,9.780427187729026e-58,0,,176,100
1188,11880,12680,1.283379006890858e-60,0,,177,100
1189,11890,12690,3.171031669569996e-61,0,,177,100
1190,11900,12700,6.32229242259797e-60,0,,176,100
1191,11910,12710,6.894543486591407e-61,0,,175,100
1192,11920,12720,2.6055403036969393e-63,0,,174,100
1193,11930,12730,7.870439448273276e-68,0,,174,100
1194,11940,12740,1.0376530500386292e-62,0,,175,100
1195,11950,12750,2.4570698231586274e-64,0,,176,100
1196,11960,12760,1.7184581652036426e-64,0,,176,100
1197,11970,12770,6.0365020931538234e-64,0,,175,100
1198,11980,12780,1.5172117898814708e-63,0,,175,100
1199,11990,12790,6.911352484449805e-66,0,,175,100
1200,12000,12800,3.6737957623496523e-68,0,,174,100
1201,12010,12810,9.445784725847346e-65,0,,173,100
1202,12020,12820,8.833308211161453e-64,0,,173,100
1203,12030,12830,2.661569273361967e-68,0,,173,100
1204,12040,12840,3.945418959501045e-63,0,,171,100
1205,12050,12850,9.347055543088961e-68,0,,172,100
1206,12060,12860,5.503218273929934e-65,0,,171,100
1207,12070,12870,9.24014273596635e-64,0,,173,100
1208,12080,12880,1.4154799798365045e-65,0,,173,100
1209,12090,12890,2.5754782526445443e-64,0,,172,100
1210,12100,12900,2.1285643905307904e-63,0,,171,100
1211,12110,12910,5.34704760572823e-63,0,,171,100
1212,12120,12920,5.638316750399174e-62,0,,171,100
1213,12130,12930,1.9129160326037487e-57,0,,170,100
1214,12140,12940,1.5486641682932733e-59,0,,174,100
1215,12150,12950,5.202247229633755e-62,0,,173,100
1216,12160,12960,1.1560683111648972e-57,0,,173,100
1217,12170,12970,7.488932954234986e-59,0,,175,100
1218,12180,12980,5.291894995158053e-57,0,,175,100
1219,12190,12990,1.531343051054895e-57,0,,176,100
1220,12200,13000,3.636556085653893e-59,0,,176,100
1221,12210,13010,2.303447628340316e-56,0,,177,100
1222,12220,13020,2.1404271040113124e-60,0,,179,100
1223,12230,13030,2.7158426249462882e-55,0,,178,100
1224,12240,13040,2.5465200007809858e-58,0,,178,100
1225,12250,13050,6.622251378281913e-54,0,,178,100
1226,12260,13060,2.4307169489025588e-51,0,,177,100
1227,12270,13070,1.502276825161297e-48,0,,174,100
1228,12280,13080,4.351816656564987e-47,0,,175,100
1229,12290,13090,5.594131730571621e-50,0,,175,100
1230,12300,13100,5.388250504483744e-46,0,,176,100
1231,12310,13110,1.2326524338387533e-49,0,,174,100
1232,12320,13120,1.7234831146806261e-44,0,,176,100
1233,12330,13130,8.225288671318342e-48,0,,172,100
1234,12340,13140,1.7627149934550452e-51,0,,172,100
1235,12350,13150,3.7674869436615425e-51,0,,172,100
1236,12360,13160,1.5963273593004707e-49,0,,172,100
1237,12370,13170,4.43665553009836e-52,0,,173,100
1238,12380,13180,1.7538529642301854e-51,0,,174,100
1239,12390,13190,9.884945514321963e-54,0,,174,100
1240,12400,13200,3.0053855834907015e-54,0,,173,100
1241,12410,13210,3.516962837823004e-49,0,,174,100
1242,12420,13220,3.239843480616607e-50,0,,173,100
1243,12430,13230,1.7091383797860117e-42,0,,173,100
1244,12440,13240,7.424125653473502e-47,0,,174,100
1245,12450,13250,4.299744464551944e-48,0,,173,100
1246,12460,13260,6.677931894782275e-49,0,,172,100
1247,12470,13270,7.147900014305871e-51,0,,169,100
1248,12480,13280,8.11732872196561e-50,0,,171,100
1249,12490,13290,5.380870309517964e-52,0,,173,100
1250,12500,13300,8.940856682842988e-59,0,,172,100
1251,12510,13310,4.9076991858120894e-54,0,,172,100
1252,12520,13320,6.1577068607340144e-52,0,,174,100
1253,12530,13330,4.047090503158639e-48,0,,173,100
1254,12540,13340,3.1197292829340576e-48,0,,172,100
1255,12550,13350,1.062785580505817e-50,0,,171,100
1256,12560,13360,1.9562276598699765e-50,0,,175,100
1257,12570,13370,1.1104525812633867e-49,0,,175,100
1258,12580,13380,9.64002602818337e-50,0,,174,100
1259,12590,13390,9.808578384585948e-49,0,,173,100
1260,12600,13400,1.6204811313312935e-49,0,,172,100
1261,12610,13410,1.9149782394728466e-48,0,,172,100
1262,12620,13420,2.8761460368637925e-48,0,,173,100
1263,12630,13430,4.4518990380489494e-51,0,,175,100
1264,12640,13440,3.444487964656802e-49,0,,175,100
1265,12650,13450,6.409790617598442e-48,0,,176,100
1266,12660,13460,5.88857702727065e-50,0,,175,100
1267,12670,13470,8.232308080307421e-49,0,,174,100
1268,12680,13480,9.022948560409433e-52,0,,171,100
1269,12690,13490,4.3500230198728335e-55,0,,174,100
1270,12700,13500,1.6948201469496446e-54,0,,174,100
1271,12710,13510,1.4486882363978002e-57,0,,175,100
1272,12720,13520,1.2757080209996239e-55,0,,174,100
1273,12730,13530,7.120188258543535e-55,0,,174,100
1274,12740,13540,1.667225772815539e-54,0,,173,100
1275,12750,13550,2.7394712655681316e-56,0,,175,100
1276,12760,13560,1.8052883999220806e-54,0,,175,100
1277,12770,13570,3.6017812608504367e-54,0,,176,100
1278,12780,13580,4.284124907656466e-50,0,,175,100
1279,12790,13590,4.172343151887165e-59,0,,175,100
1280,12800,13600,1.0208227203940092e-60,0,,177,100
1281,12810,13610,3.308346877638351e-65,0,,176,100
1282,12820,13620,2.9111733170140075e-63,0,,177,100
1283,12830,13630,2.3142232999202514e-60,0,,178,100
1284,12840,13640,8.84033670460528e-64,0,,178,100
1285,12850,13650,1.7686507955042585e-64,0,,177,100
1286,12860,13660,2.9249180495458875e-61,0,,178,100
1287,12870,13670,2.1623681428784278e-60,0,,178,100
1288,12880,13680,1.7116510116805686e-60,0,,179,100
1289,12890,13690,2.0732961788139378e-63,0,,180,100
1290,12900,13700,9.471878436467164e-60,0,,179,100
1291,12910,13710,1.0406236688911877e-59,0,,180,100
1292,12920,13720,1.5365302080963332e-61,0,,179,100
1293,12930,13730,2.1080176424068272e-61,0,,179,100
1294,12940,13740,4.205145849077601e-56,0,,177,100
1295,12950,13750,1.397319567208427e-54,0,,178,100
1296,12960,13760,4.748222801233858e-55,0,,178,100
1297,12970,13770,1.6063667973860676e-51,0,,178,100
1298,12980,13780,7.26674502246417e-55,0,,177,100
1299,12990,13790,1.0279177708117649e-53,0,,176,100
1300,13000,13800,2.9716456677965027e-51,0,,178,100
1301,13010,13810,2.428528555240906e-50,0,,177,100
1302,13020,13820,1.1867821472602731e-45,0,,176,100
1303,13030,13830,1.3431104816260119e-44,0,,176,100
1304,13040,13840,1.3346200247243516e-47,0,,177,100
1305,13050,13850,1.7274802582814307e-42,0,,176,100
1306,13060,13860,8.158489948630309e-45,0,,176,100
1307,13070,13870,8.982726574569538e-44,0,,180,100
1308,13080,13880,5.45925715099346e-48,0,,178,100
1309,13090,13890,1.9041308663375908e-49,0,,180,100
1310,13100,13900,1.6561346988843588e-50,0,,181,100
1311,13110,13910,1.5172807672376604e-43,0,,184,100
1312,13120,13920,5.004009051511945e-48,0,,185,100
1313,13130,13930,7.291385354946054e-54,0,,185,100
1314,13140,13940,6.732586094090749e-51,0,,187,100
1315,13150,13950,1.9952807413498978e-50,0,,186,100
1316,13160,13960,1.3616887612337343e-50,0,,185,100
1317,13170,13970,3.3860252607653755e-51,0,,186,100
1318,13180,13980,1.2349107692266177e-54,0,,187,100
1319,13190,13990,4.237313280150925e-53,0,,185,100
1320,13200,14000,7.459754872588753e-56,0,,187,100
1321,13210,14010,6.048495168624154e-58,0,,187,100
1322,13220,14020,2.3771302658110027e-55,0,,186,100
1323,13230,14030,1.1313497887765109e-52,0,,189,100
1324,13240,14040,1.0885039241389375e-55,0,,187,100
1325,13250,14050,1.2656809185131654e-52,0,,187,100
1326,13260,14060,2.065745668037648e-53,0,,187,100
1327,13270,14070,1.0729050452429403e-52,0,,189,100
1328,13280,14080,9.939598670854487e-53,0,,189,100
1329,13290,14090,1.3572933296000705e-56,0,,188,100
1330,13300,14100,7.764695974586843e-58,0,,190,100
1331,13310,14110,1.2403206241240073e-53,0,,188,100
1332,13320,14120,7.098902093275028e-54,0,,187,100
1333,13330,14130,2.2334044020411606e-54,0,,186,100
1334,13340,14140,4.667792879599466e-53,0,,187,100
1335,13350,14150,1.6416127557805592e-52,0,,188,100
1336,13360,14160,1.189855948688761e-50,0,,187,100
1337,13370,14170,1.2930128497369348e-49,0,,187,100
1338,13380,14180,3.8783675021580937e-47,0,,188,100
1339,13390,14190,1.7102394999918486e-47,0,,189,100
1340,13400,14200,1.530661684354619e-47,0,,189,100
1341,13410,14210,5.927301466160514e-48,0,,190,100
1342,13420,14220,9.151786729033436e-47,0,,189,100
1343,13430,14230,2.644122969751643e-51,0,,185,100
1344,13440,14240,1.2168308628261482e-49,0,,184,100
1345,13450,14250,4.48354549820276e-52,0,,186,100
1346,13460,14260,2.6286790388831108e-52,0,,186,100
1347,13470,14270,2.2894939106284545e-51,0,,185,100
1348,13480,14280,1.1356023079490585e-52,0,,186,100
1349,13490,14290,4.3759890969412015e-54,0,,187,100
1350,13500,14300,5.532808270671988e-52,0,,185,100
1351,13510,14310,2.993323645104528e-50,0,,184,100
1352,13520,14320,1.1009995859337803e-48,0,,186,100
1353,13530,14330,3.4953910333240103e-46,0,,187,100
1354,13540,14340,7.409282478577342e-48,0,,185,100
1355,13550,14350,2.6282256646304244e-48,0,,184,100
1356,13560,14360,4.744879418037786e-43,0,,187,100
1357,13570,14370,1.5217040960431763e-44,0,,189,100
1358,13580,14380,1.2408977604824418e-44,0,,188,100
1359,13590,14390,7.868065489588818e-48,0,,189,100
1360,13600,14400,2.6854290656497846e-49,0,,188,100
1361,13610,14410,2.05989452313697e-46,0,,186,100
1362,13620,14420,1.9389601749754664e-44,0,,185,100
1363,13630,14430,6.38411318991436e-48,0,,187,100
1364,13640,14440,1.4070179749142447e-47,0,,189,100
1365,13650,14450,1.452455530427203e-49,0,,189,100
1366,13660,14460,1.5331123303207987e-48,0,,190,100
1367,13670,14470,5.740632849011504e-48,0,,187,100
1368,13680,14480,1.7815303503762396e-43,0,,186,100
1369,13690,14490,8.433180957634299e-44,0,,187,100
1370,13700,14500,1.1910858824617846e-40,0,,187,100
1371,13710,14510,8.390143096452411e-44,0,,187,100
1372,13720,14520,4.544265458230249e-40,0,,188,100
1373,13730,14530,7.167598493352018e-44,0,,189,100
1374,13740,14540,1.788097393221558e-39,0,,188,100
1375,13750,14550,5.215235115994914e-44,0,,187,100
1376,13760,14560,1.4882464908996388e-50,0,,187,100
1377,13770,14570,2.80658495386377e-50,0,,188,100
1378,13780,14580,3.4406058465647784e-48,0,,190,100
1379,13790,14590,3.933291326272681e-52,0,,191,100
1380,13800,14600,4.257692485865107e-53,0,,190,100
1381,13810,14610,1.879368562887982e-54,0,,190,100
1382,13820,14620,6.771014051684078e-51,0,,191,100
1383,13830,14630,2.315874150399689e-53,0,,192,100
1384,13840,14640,5.942454620924229e-55,0,,193,100
1385,13850,14650,1.614548160058912e-53,0,,191,100
1386,13860,14660,1.7877778515758765e-51,0,,194,100
1387,13870,14670,1.3485018628305896e-54,0,,190,100
1388,13880,14680,2.9882067709109736e-50,0,,191,100
1389,13890,14690,4.2575850213856834e-52,0,,194,100
1390,13900,14700,2.474993849112965e-50,0,,191,100
1391,13910,14710,1.2032416538852367e-51,0,,190,100
1392,13920,14720,4.2518662114114255e-49,0,,191,100
1393,13930,14730,9.922140814855392e-48,0,,190,100
1394,13940,14740,3.1916560998845655e-50,0,,188,100
1395,13950,14750,3.797425123423066e-50,0,,188,100
1396,13960,14760,2.352236483206998e-49,0,,188,100
1397,13970,14770,4.275403016794605e-48,0,,189,100
1398,13980,14780,1.003891285813105e-48,0,,189,100
1399,13990,14790,1.2730558974842096e-46,0,,189,100
1400,14000,14800,5.317472625400026e-44,0,,188,100
1401,14010,14810,1.2110472250344036e-43,0,,188,100
1402,14020,14820,3.657577758986146e-44,0,,187,100
1403,14030,14830,1.1639709646107954e-43,0,,186,100
1404,14040,14840,3.024684180015882e-47,0,,188,100
1405,14050,14850,4.570795516063134e-42,0,,187,100
1406,14060,14860,4.523829955958347e-42,0,,187,100
1407,14070,14870,1.9187185492923206e-46,0,,185,100
1408,14080,14880,2.6617332595971585e-50,0,,185,100
1409,14090,14890,2.9453318248355877e-50,0,,187,100
1410,14100,14900,1.3804510855015233e-53,0,,186,100
1411,14110,14910,7.17573558518838e-52,0,,185,100
1412,14120,14920,5.469334130716464e-56,0,,188,100
1413,14130,14930,1.3043518399091382e-54,0,,189,100
1414,14140,14940,1.004001837806259e-49,0,,188,100
1415,14150,14950,2.8282129866458535e-49,0,,186,100
1416,14160,14960,6.014561627531751e-53,0,,186,100
1417,14170,14970,4.498835694247649e-56,0,,186,100
1418,14180,14980,7.321859762613367e-57,0,,187,100
1419,14190,14990,1.5489834142590134e-55,0,,186,100
1420,14200,15000,2.0256058433879188e-56,0,,187,100
1421,14210,15010,7.24638106920012e-58,0,,185,100
1422,14220,15020,1.3920630031077644e-56,0,,185,100
1423,14230,15030,5.21683984607758e-56,0,,187,100
1424,14240,15040,5.279560010064876e-57,0,,189,100
1425,14250,15050,1.609383585660397e-54,0,,189,100
1426,14260,15060,2.5611226556557212e-51,0,,190,100
1427,14270,15070,1.744585326140058e-52,0,,190,100
1428,14280,15080,1.49554516094129e-54,0,,190,100
1429,14290,15090,1.234615280184541e-52,0,,188,100
1430,14300,15100,1.5652909612188498e-52,0,,187,100
1431,14310,15110,7.852165996481237e-50,0,,189,100
1432,14320,15120,5.5390316968243874e-58,0,,187,100
1433,14330,15130,5.672795509645032e-59,0,,190,100
1434,14340,15140,2.114611336333605e-54,0,,190,100
1435,14350,15150,4.262203597474555e-56,0,,188,100
1436,14360,15160,4.469313610413671e-59,0,,184,100
1437,14370,15170,3.096935803426302e-56,0,,187,100
1438,14380,15180,2.0617187466272373e-55,0,,188,100
1439,14390,15190,7.404841144185053e-55,0,,188,100
1440,14400,15200,3.978730029863564e-50,0,,187,100
1441,14410,15210,1.1208179588939105e-52,0,,187,100
1442,14420,15220,2.329743495906338e-53,0,,187,100
1443,14430,15230,1.0727056080074837e-50,0,,186,100
1444,14440,15240,8.76117787200804e-50,0,,185,100
1445,14450,15250,2.8915292016519545e-51,0,,186,100
1446,14460,15260,4.781721227050987e-50,0,,186,100
1447,14470,15270,2.2094114958254378e-55,0,,188,100
1448,14480,15280,8.614434217014721e-55,0,,191,100
1449,14490,15290,1.1295974400841107e-49,0,,187,100
1450,14500,15300,1.1012635152877243e-53,0,,188,100
1451,14510,15310,3.655678142661081e-51,0,,187,100
1452,14520,15320,4.37783240283755e-51,0,,191,100
1453,14530,15330,4.3416190923762184e-47,0,,189,100
1454,14540,15340,1.1054312007576383e-44,0,,190,100
1455,14550,15350,1.9575724772992525e-47,0,,189,100
1456,14560,15360,1.5246776246199225e-44,0,,187,100
1457,14570,15370,7.644047744610728e-50,0,,185,100
1458,14580,15380,7.831002370983872e-50,0,,184,100
1459,14590,15390,2.5205544657475982e-48,0,,185,100
1460,14600,15400,7.203189520136173e-48,0,,185,100
1461,14610,15410,8.729142715777073e-54,0,,185,100
1462,14620,15420,2.916344441472148e-50,0,,183,100
1463,14630,15430,5.107813880680071e-49,0,,182,100
1464,14640,15440,1.6933614670811826e-50,0,,181,100
1465,14650,15450,5.612963467512851e-52,0,,181,100
1466,14660,15460,1.2999217960774241e-51,0,,182,100
1467,14670,15470,8.593908250706399e-54,0,,185,100
1468,14680,15480,4.396230773795003e-50,0,,183,100
1469,14690,15490,6.738206546435878e-51,0,,182,100
1470,14700,15500,3.8284442695771736e-51,0,,182,100
1471,14710,15510,8.48226295377509e-55,0,,181,100
1472,14720,15520,2.5727615326467276e-54,0,,180,100
1473,14730,15530,6.966285232281532e-56,0,,182,100
1474,14740,15540,2.0047867256680832e-56,0,,183,100
1475,14750,15550,9.265029821209628e-52,0,,182,100
1476,14760,15560,1.3169474004234995e-52,0,,182,100
1477,14770,15570,9.962731269102627e-52,0,,180,100
1478,14780,15580,2.750245013383712e-49,0,,179,100
1479,14790,15590,4.579370239296186e-49,0,,179,100
1480,14800,15600,2.8230509566590882e-52,0,,181,100
1481,14810,15610,2.1615885032381433e-49,0,,182,100
1482,14820,15620,4.757447666958771e-49,0,,181,100
1483,14830,15630,7.05226460158344e-55,0,,178,100
1484,14840,15640,1.4040347489769096e-50,0,,179,100
1485,14850,15650,3.5769423381356326e-49,0,,179,100
1486,14860,15660,5.3923537163255e-55,0,,178,100
1487,14870,15670,1.1852380130031982e-51,0,,179,100
1488,14880,15680,2.845787979510107e-53,0,,179,100
1489,14890,15690,1.922472028321585e-53,0,,179,100
1490,14900,15700,8.132262996991118e-53,0,,180,100
1491,14910,15710,3.620987036259195e-55,0,,179,100
1492,14920,15720,1.672088467857051e-58,0,,177,100
1493,14930,15730,3.2047277070626146e-58,0,,177,100
1494,14940,15740,2.6219049341532467e-57,0,,177,100
1495,14950,15750,2.406231561187694e-57,0,,178,100
1496,14960,15760,1.1804189108740916e-55,0,,179,100
1497,14970,15770,6.759982705569994e-58,0,,178,100
1498,14980,15780,2.451373921369444e-52,0,,179,100
1499,14990,15790,1.1130315068575591e-52,0,,180,100
1500,15000,15800,2.653038991880451e-55,0,,182,100
1501,15010,15810,2.9984687228201504e-56,0,,184,100
1502,15020,15820,1.2137471774867928e-54,0,,184,100
1503,15030,15830,1.6574324301693518e-55,0,,181,100
1504,15040,15840,4.974775994761767e-53,0,,180,100
1505,15050,15850,1.9758523454744995e-56,0,,176,100
1506,15060,15860,1.1432493341074057e-57,0,,177,100
1507,15070,15870,3.3787214529765185e-59,0,,177,100
1508,15080,15880,1.8496862615457334e-58,0,,178,100
1509,15090,15890,5.570574883562088e-61,0,,179,100
1510,15100,15900,6.595513579657494e-62,0,,179,100
1511,15110,15910,5.68036589648587e-62,0,,179,100
1512,15120,15920,6.846645419610155e-65,0,,180,100
1513,15130,15930,1.6673407845349141e-59,0,,180,100
1514,15140,15940,9.981921239136345e-58,0,,182,100
1515,15150,15950,6.675654451033495e-54,0,,183,100
1516,15160,15960,8.260940400439623e-59,0,,182,100
1517,15170,15970,2.67904110969596e-57,0,,182,100
1518,15180,15980,3.699554463012418e-56,0,,181,100
1519,15190,15990,5.774628765711835e-53,0,,181,100
1520,15200,16000,2.478208037939026e-54,0,,185,100
1521,15210,16010,6.534854483298652e-59,0,,185,100
1522,15220,16020,4.619387156476379e-58,0,,186,100
1523,15230,16030,3.4471324585386124e-57,0,,187,100
1524,15240,16040,2.2869033512737925e-55,0,,184,100
1525,15250,16050,2.7172022095170732e-61,0,,183,100
1526,15260,16060,6.083584341870434e-57,0,,182,100
1527,15270,16070,1.9296681572241768e-63,0,,184,100
1528,15280,16080,7.693832689879976e-61,0,,184,100
1529,15290,16090,1.8933815301038143e-57,0,,184,100
1530,15300,16100,1.8232241818933959e-59,0,,184,100
1531,15310,16110,1.8872434391726434e-53,0,,181,100
1532,15320,16120,2.672557903453583e-60,0,,177,100
1533,15330,16130,6.520726184051796e-58,0,,179,100
1534,15340,16140,1.0529505273263974e-57,0,,181,100
1535,15350,16150,1.8794605684066145e-59,0,,181,100
1536,15360,16160,1.942880598764082e-59,0,,181,100
1537,15370,16170,2.215642127295741e-59,0,,182,100
1538,15380,16180,1.52147211048641e-55,0,,183,100
1539,15390,16190,1.0413354745436533e-59,0,,182,100
1540,15400,16200,9.340347467336996e-62,0,,181,100
1541,15410,16210,2.142930211753723e-59,0,,183,100
1542,15420,16220,8.030907942833371e-64,0,,184,100
1543,15430,16230,9.52000149116234e-62,0,,185,100
1544,15440,16240,2.378661286487304e-66,0,,185,100
1545,15450,16250,2.6875606762756118e-64,0,,182,100
1546,15460,16260,4.284065243071674e-68,0,,181,100
1547,15470,16270,6.900714599103094e-72,0,,180,100
1548,15480,16280,9.773205488624057e-74,0,,181,100
1549,15490,16290,1.6571983997582575e-72,0,,182,100
1550,15500,16300,2.2202704781170754e-70,0,,180,100
1551,15510,16310,1.4920525185484076e-74,0,,181,100
1552,15520,16320,1.6033814490789266e-67,0,,182,100
1553,15530,16330,1.2005466682114854e-72,0,,181,100
1554,15540,16340,7.64609500171679e-71,0,,179,100
1555,15550,16350,3.734504381823646e-72,0,,180,100
1556,15560,16360,4.786994798833252e-71,0,,181,100
1557,15570,16370,5.356602100074536e-63,0,,182,100
1558,15580,16380,4.811172263955504e-66,0,,186,100
1559,15590,16390,3.53297399258671e-68,0,,185,100
1560,15600,16400,1.076214394857779e-72,0,,184,100
1561,15610,16410,9.224438262597605e-69,0,,184,100
1562,15620,16420,3.427050112452404e-77,0,,187,100
1563,15630,16430,4.254151871402825e-78,0,,186,100
1564,15640,16440,4.368068718052071e-72,0,,185,100
1565,15650,16450,3.271125070527255e-73,0,,186,100
1566,15660,16460,2.131954677799895e-69,0,,188,100
1567,15670,16470,5.229847180166927e-65,0,,187,100
1568,15680,16480,3.529018844605399e-69,0,,187,100
1569,15690,16490,4.941219257474411e-68,0,,188,100
1570,15700,16500,8.489378591844408e-62,0,,187,100
1571,15710,16510,1.6973786394075783e-62,0,,189,100
1572,15720,16520,2.612259337457168e-62,0,,189,100
1573,15730,16530,4.947361650935433e-63,0,,189,100
1574,15740,16540,2.6765457606432607e-61,0,,188,100
1575,15750,16550,6.62278652094787e-62,0,,189,100
1576,15760,16560,3.2749173664083637e-60,0,,188,100
1577,15770,16570,1.691131979919465e-64,0,,188,100
1578,15780,16580,2.470096430119384e-63,0,,188,100
1579,15790,16590,2.582352563359765e-62,0,,187,100
1580,15800,16600,3.4949559217364e-62,0,,187,100
1581,15810,16610,2.0719478682105466e-67,0,,188,100
1582,15820,16620,6.061238038566169e-64,0,,188,100
1583,15830,16630,1.7055616393751094e-62,0,,189,100
1584,15840,16640,3.0815150795062054e-64,0,,191,100
1585,15850,16650,5.812710653369258e-58,0,,192,100
1586,15860,16660,4.3009665918351947e-63,0,,190,100
1587,15870,16670,5.570120147795249e-64,0,,192,100
1588,15880,16680,3.682627508089954e-61,0,,190,100
1589,15890,16690,3.9567074568766713e-67,0,,189,100
1590,15900,16700,1.8072266453080883e-63,0,,189,100
1591,15910,16710,1.3292159371604583e-61,0,,187,100
1592,15920,16720,1.78591723018884e-62,0,,188,100
1593,15930,16730,7.207900771094878e-60,0,,187,100
1594,15940,16740,5.26630647514925e-60,0,,190,100
1595,15950,16750,6.98945569087291e-60,0,,188,100
1596,15960,16760,3.212623601527732e-63,0,,188,100
1597,15970,16770,6.32962762588647e-64,0,,187,100
1598,15980,16780,4.027193635051909e-59,0,,186,100
1599,15990,16790,5.070946647605157e-60,0,,186,100
1600,16000,16800,1.619727965723511e-63,0,,184,100
1601,16010,16810,1.2115380951269521e-60,0,,185,100
1602,16020,16820,2.6273467051725045e-55,0,,183,100
1603,16030,16830,7.744520918212822e-60,0,,183,100
1604,16040,16840,2.107554506998007e-58,0,,185,100
1605,16050,16850,1.7374585915915256e-60,0,,185,100
1606,16060,16860,1.808670142426037e-57,0,,185,100
1607,16070,16870,6.837401158541604e-57,0,,183,100
1608,16080,16880,2.0572906264151893e-56,0,,183,100
1609,16090,16890,8.06066250953786e-55,0,,184,100
1610,16100,16900,2.0536289005862843e-56,0,,183,100
1611,16110,16910,1.7671119453002416e-56,0,,186,100
1612,16120,16920,2.1009825545372703e-54,0,,188,100
1613,16130,16930,1.0816095499305385e-58,0,,186,100
1614,16140,16940,8.068356496400806e-58,0,,184,100
1615,16150,16950,8.96560512555224e-60,0,,184,100
1616,16160,16960,6.65439911934535e-54,0,,184,100
1617,16170,16970,1.1027659020781487e-52,0,,184,100
1618,16180,16980,9.279168483461571e-54,0,,183,100
1619,16190,16990,1.9342686811456077e-50,0,,184,100
1620,16200,17000,1.0717091803944558e-49,0,,181,100
1621,16210,17010,3.4132138341613406e-49,0,,180,100
1622,16220,17020,2.995990889910034e-52,0,,180,100
1623,16230,17030,6.298240363766999e-52,0,,183,100
1624,16240,17040,2.6923477794780087e-47,0,,182,100
1625,16250,17050,4.21518044809038e-50,0,,183,100
1626,16260,17060,1.865486111116112e-49,0,,183,100
1627,16270,17070,1.4396683063145432e-46,0,,184,100
1628,16280,17080,2.3072616889354173e-47,0,,183,100
1629,16290,17090,2.909004353234709e-49,0,,185,100
1630,16300,17100,1.3214609244880384e-49,0,,186,100
1631,16310,17110,1.1558976560949097e-51,0,,185,100
1632,16320,17120,2.665228427438837e-50,0,,185,100
1633,16330,17130,2.0251841197762568e-51,0,,187,100
1634,16340,17140,5.6818554796123606e-49,0,,186,100
1635,16350,17150,2.3321901122651495e-50,0,,186,100
1636,16360,17160,8.723120993104567e-57,0,,186,100
1637,16370,17170,7.878583004554906e-56,0,,185,100
1638,16380,17180,1.533490666091859e-56,0,,182,100
1639,16390,17190,2.082405020383844e-56,0,,181,100
1640,16400,17200,1.7311390535951658e-56,0,,184,100
1641,16410,17210,2.3891206833508186e-61,0,,182,100
1642,16420,17220,3.0327574755372265e-60,0,,181,100
1643,16430,17230,6.438772980422481e-62,0,,182,100
1644,16440,17240,2.4278549891284968e-61,0,,181,100
1645,16450,17250,1.3630798446385633e-60,0,,180,100
1646,16460,17260,2.121713237837825e-62,0,,179,100
1647,16470,17270,2.6616180115721337e-62,0,,179,100
1648,16480,17280,3.8742495758185006e-60,0,,181,100
1649,16490,17290,6.0251008696351335e-59,0,,181,100
1650,16500,17300,1.007711545323943e-56,0,,179,100
1651,16510,17310,3.640694717775112e-54,0,,179,100
1652,16520,17320,2.5366936636691578e-58,0,,179,100
1653,16530,17330,1.4559883069979263e-54,0,,180,100
1654,16540,17340,4.099591465203302e-57,0,,181,100
1655,16550,17350,1.2785983056934903e-55,0,,182,100
1656,16560,17360,1.8671267732905465e-55,0,,180,100
1657,16570,17370,2.185016649099318e-57,0,,181,100
1658,16580,17380,8.383896792476704e-57,0,,181,100
1659,16590,17390,3.6048882341838667e-50,0,,180,100
1660,16600,17400,5.706484764859829e-50,0,,181,100
1661,16610,17410,7.814846865852866e-49,0,,178,100
1662,16620,17420,7.649831336405734e-48,0,,177,100
1663,16630,17430,2.4466497120873864e-44,0,,175,100
1664,16640,17440,6.175553992730171e-45,0,,176,100
1665,16650,17450,4.27039327227146e-45,0,,175,100
1666,16660,17460,4.730369237106143e-44,0,,176,100
1667,16670,17470,1.4865984601303577e-44,0,,173,100
1668,16680,17480,1.4227853004832312e-41,0,,175,100
1669,16690,17490,2.1256317810447205e-38,0,,175,100
1670,16700,17500,3.7290505082600067e-41,0,,174,100
1671,16710,17510,1.913082056352414e-42,0,,174,100
1672,16720,17520,6.346338718289991e-42,0,,173,100
1673,16730,17530,3.8899325468844465e-43,0,,171,100
1674,16740,17540,5.881107911983054e-46,0,,171,100
1675,16750,17550,3.2554835557936934e-43,0,,171,100
1676,16760,17560,1.9580515801123905e-44,0,,172,100
1677,16770,17570,2.3707986516060822e-45,0,,171,100
1678,16780,17580,1.5676182415737549e-41,0,,170,100
1679,16790,17590,5.599189087430146e-49,0,,167,100
1680,16800,17600,1.4464314885628798e-49,0,,168,100
1681,16810,17610,1.4053354223914185e-52,0,,167,100
1682,16820,17620,9.212013423700151e-49,0,,168,100
1683,16830,17630,3.2930392300480184e-50,0,,167,100
1684,16840,17640,2.3205137392776216e-50,0,,169,100
1685,16850,17650,7.63469029234818e-47,0,,168,100
1686,16860,17660,1.9289276557651235e-47,0,,169,100
1687,16870,17670,2.447410018880324e-50,0,,167,100
1688,16880,17680,7.459059146897719e-50,0,,168,100
1689,16890,17690,1.1732979133577642e-49,0,,169,100
1690,16900,17700,2.5932286314350776e-47,0,,168,100
1691,16910,17710,7.782022230846728e-52,0,,169,100
1692,16920,17720,6.662216644291397e-50,0,,168,100
1693,16930,17730,4.328816559889628e-50,0,,168,100
1694,16940,17740,2.2984962373896952e-53,0,,169,100
1695,16950,17750,2.0802338052352863e-52,0,,167,100
1696,16960,17760,3.099740111637907e-54,0,,168,100
1697,16970,17770,6.743740789007025e-55,0,,168,100
1698,16980,17780,1.98865830012533e-52,0,,171,100
1699,16990,17790,1.1851362875741778e-51,0,,172,100
1700,17000,17800,8.509872406981422e-54,0,,175,100
1701,17010,17810,2.4803655028323846e-55,0,,175,100
1702,17020,17820,3.895721788559575e-61,0,,173,100
1703,17030,17830,5.5332240680857686e-58,0,,175,100
1704,17040,17840,1.673428491897229e-58,0,,175,100
1705,17050,17850,2.765163812172831e-59,0,,175,100
1706,17060,17860,2.5593363613548772e-54,0,,175,100
1707,17070,17870,2.678759910530793e-59,0,,175,100
1708,17080,17880,3.3767777387674805e-56,0,,174,100
1709,17090,17890,2.5729673122491836e-58,0,,172,100
1710,17100,17900,6.28491610402056e-57,0,,172,100
1711,17110,17910,4.467038423572204e-57,0,,172,100
1712,17120,17920,1.0951704471571686e-58,0,,172,100
1713,17130,17930,1.5340797545564753e-64,0,,169,100
1714,17140,17940,2.0890638927123346e-66,0,,170,100
1715,17150,17950,4.3502788437804035e-65,0,,170,100
1716,17160,17960,9.364124278111982e-66,0,,171,100
1717,17170,17970,9.624166270360143e-66,0,,172,100
1718,17180,17980,2.553681319076995e-68,0,,174,100
1719,17190,17990,5.235668586425262e-64,0,,172,100
1720,17200,18000,5.52211856653848e-63,0,,172,100
1721,17210,18010,3.0626085117300727e-59,0,,174,100
1722,17220,18020,1.613833459839745e-61,0,,174,100
1723,17230,18030,5.268037461296766e-57,0,,174,100
1724,17240,18040,1.6567402497204928e-55,0,,174,100
1725,17250,18050,8.953012603188787e-54,0,,174,100
1726,17260,18060,2.965717981023145e-58,0,,175,100
1727,17270,18070,4.8190231158693586e-61,0,,175,100
1728,17280,18080,2.888908111323478e-64,0,,176,100
1729,17290,18090,1.2090697241233452e-61,0,,175,100
1730,17300,18100,1.2865245904771193e-62,0,,175,100
1731,17310,18110,5.639426332966514e-67,0,,175,100
1732,17320,18120,1.9345777432239713e-64,0,,175,100
1733,17330,18130,1.4575981401617342e-62,0,,174,100
1734,17340,18140,6.094264678527099e-64,0,,175,100
1735,17350,18150,1.2496936885175547e-60,0,,174,100
1736,17360,18160,8.100780272621685e-61,0,,174,100
1737,17370,18170,2.1096376788212406e-60,0,,174,100
1738,17380,18180,1.2263273334332961e-61,0,,174,100
1739,17390,18190,4.1059686662050774e-61,0,,175,100
1740,17400,18200,3.2549560035579508e-56,0,,176,100
1741,17410,18210,3.8003077221263544e-60,0,,175,100
1742,17420,18220,3.3747379418611726e-59,0,,177,100
1743,17430,18230,1.3830614501251245e-55,0,,179,100
1744,17440,18240,1.693978905715578e-57,0,,183,100
1745,17450,18250,1.0320026656284763e-61,0,,183,100
1746,17460,18260,4.995645285095938e-65,0,,181,100
1747,17470,18270,7.948105248630987e-63,0,,182,100
1748,17480,18280,7.453406503060255e-63,0,,183,100
1749,17490,18290,1.6008636701418755e-63,0,,185,100
1750,17500,18300,5.376398776597439e-59,0,,183,100
1751,17510,18310,2.364069166016467e-63,0,,184,100
1752,17520,18320,9.27193904561621e-62,0,,187,100
1753,17530,18330,1.2367408592966203e-60,0,,187,100
1754,17540,18340,9.013510403070679e-64,0,,185,100
1755,17550,18350,4.233181594712515e-66,0,,187,100
1756,17560,18360,1.111794589224092e-65,0,,189,100
1757,17570,18370,8.688874102384351e-66,0,,190,100
1758,17580,18380,6.481321642298475e-65,0,,191,100
1759,17590,18390,2.2894011834756505e-65,0,,188,100
1760,17600,18400,3.7363325956185973e-66,0,,191,100
1761,17610,18410,2.1422026561755003e-61,0,,191,100
1762,17620,18420,4.415165953304186e-60,0,,190,100
1763,17630,18430,9.231301996472482e-56,0,,193,100
1764,17640,18440,1.1936113282215619e-57,0,,193,100
1765,17650,18450,3.3005848198101764e-52,0,,192,100
1766,17660,18460,4.4523190936773e-53,0,,193,100
1767,17670,18470,4.444550768930532e-57,0,,191,100
1768,17680,18480,2.6000202154471827e-59,0,,192,100
1769,17690,18490,2.146813678655741e-58,0,,191,100
1770,17700,18500,5.299846893419743e-58,0,,193,100
1771,17710,18510,3.8502077232134225e-53,0,,190,100
1772,17720,18520,2.982461071628793e-54,0,,190,100
1773,17730,18530,2.7931526353359984e-51,0,,191,100
1774,17740,18540,1.3784809886358155e-54,0,,191,100
1775,17750,18550,1.3144591429794024e-54,0,,192,100
1776,17760,18560,1.3914435196814812e-48,0,,192,100
1777,17770,18570,2.998152095107833e-48,0,,191,100
1778,17780,18580,6.2952594611828145e-49,0,,190,100
1779,17790,18590,1.4522192389152985e-52,0,,192,100
1780,17800,18600,3.450571744532672e-52,0,,190,100
1781,17810,18610,1.655761156856865e-51,0,,189,100
1782,17820,18620,1.5826459636074669e-52,0,,188,100
1783,17830,18630,3.336842377507654e-52,0,,187,100
1784,17840,18640,3.2478740076838687e-54,0,,187,100
1785,17850,18650,3.241501454941393e-51,0,,189,100
1786,17860,18660,2.1280132664003175e-49,0,,188,100
1787,17870,18670,4.790644436982967e-52,0,,189,100
1788,17880,18680,3.337222999479453e-49,0,,191,100
1789,17890,18690,5.745359454807684e-48,0,,189,100
1790,17900,18700,3.878988437321387e-51,0,,188,100
1791,17910,18710,3.1244916559498257e-49,0,,186,100
1792,17920,18720,1.388473630613476e-47,0,,189,100
1793,17930,18730,6.992341644759094e-49,0,,188,100
1794,17940,18740,1.4653328557503746e-46,0,,189,100
1795,17950,18750,2.3539867322838393e-51,0,,189,100
1796,17960,18760,2.1275771193966072e-47,0,,188,100
1797,17970,18770,6.495529361250617e-48,0,,190,100
1798,17980,18780,4.680671451706179e-51,0,,189,100
1799,17990,18790,1.1617797181552195e-54,0,,186,100
1800,18000,18800,4.152010539053392e-56,0,,188,100
1801,18010,18810,9.845498839146119e-48,0,,186,100
1802,18020,18820,6.419012575575378e-47,0,,186,100
1803,18030,18830,6.116606365978687e-47,0,,186,100
1804,18040,18840,1.6194653937312888e-48,0,,186,100
1805,18050,18850,4.8134072943023344e-51,0,,186,100
1806,18060,18860,1.1681770464451986e-50,0,,186,100
1807,18070,18870,2.2559564242456636e-54,0,,185,100
1808,18080,18880,1.0709866209783308e-55,0,,186,100
1809,18090,18890,3.9641705030810604e-54,0,,185,100
1810,18100,18900,4.2694802961705683e-51,0,,183,100
1811,18110,18910,4.206047208133716e-49,0,,183,100
1812,18120,18920,2.4432064618603443e-51,0,,184,100
1813,18130,18930,7.385675765947616e-54,0,,183,100
1814,18140,18940,6.764884066223196e-58,0,,182,100
1815,18150,18950,1.9546011543621244e-56,0,,182,100
1816,18160,18960,7.639062080033776e-54,0,,181,100
1817,18170,18970,3.144682820732258e-54,0,,180,100
1818,18180,18980,2.3052259180638454e-50,0,,178,100
1819,18190,18990,2.9693102527540734e-48,0,,179,100
1820,18200,19000,5.464340567978316e-50,0,,179,100
1821,18210,19010,5.502423760464284e-47,0,,179,100
1822,18220,19020,1.009322363814434e-47,0,,176,100
1823,18230,19030,7.346446439623453e-51,0,,175,100
1824,18240,19040,1.7112957419047513e-50,0,,173,100
1825,18250,19050,4.757014245766916e-50,0,,172,100
1826,18260,19060,1.723340780234167e-47,0,,173,100
1827,18270,19070,1.4148025831884997e-48,0,,172,100
1828,18280,19080,9.358276768047209e-51,0,,170,100
1829,18290,19090,1.7322392631251616e-50,0,,170,100
1830,18300,19100,2.3937727788671787e-52,0,,170,100
1831,18310,19110,9.113472288209747e-51,0,,170,100
1832,18320,19120,2.566441533892613e-54,0,,170,100
1833,18330,19130,1.0885855903707836e-50,0,,170,100
1834,18340,19140,2.9812811127791316e-52,0,,169,100
1835,18350,19150,5.941188714138798e-52,0,,170,100
1836,18360,19160,2.390975145293651e-58,0,,168,100
1837,18370,19170,7.13043409097424e-61,0,,170,100
1838,18380,19180,2.6363045457001395e-55,0,,169,100
1839,18390,19190,1.4247339255719516e-52,0,,169,100
1840,18400,19200,9.676374775211802e-55,0,,166,100
1841,18410,19210,2.0942132555156522e-52,0,,167,100
1842,18420,19220,8.59880253021449e-54,0,,167,100
1843,18430,19230,1.0026181321264545e-53,0,,167,100
1844,18440,19240,3.559333116507529e-60,0,,165,100
1845,18450,19250,2.546329122425272e-61,0,,164,100
1846,18460,19260,1.5935524489331088e-59,0,,165,100
1847,18470,19270,1.3361304927513666e-60,0,,165,100
1848,18480,19280,6.442047930764117e-56,0,,165,100
1849,18490,19290,3.2976329807155704e-58,0,,164,100
1850,18500,19300,4.8224665837142924e-61,0,,162,100
1851,18510,19310,4.306846460766261e-62,0,,163,100
1852,18520,19320,3.145640243011402e-63,0,,161,100
1853,18530,19330,6.636310194023801e-62,0,,159,100
1854,18540,19340,5.033368112124586e-59,0,,161,100
1855,18550,19350,7.521442289638039e-59,0,,162,100
1856,18560,19360,3.53274601678041e-58,0,,160,100
1857,18570,19370,9.410343464539874e-57,0,,161,100
1858,18580,19380,2.1107780696885108e-55,0,,158,100
1859,18590,19390,3.1172077184031507e-59,0,,155,100
1860,18600,19400,5.2930905317510295e-61,0,,156,100
1861,18610,19410,8.877116216272559e-65,0,,157,100
1862,18620,19420,1.5049626339141333e-63,0,,159,100
1863,18630,19430,5.923419306162791e-63,0,,158,100
1864,18640,19440,9.192683874907766e-65,0,,158,100
1865,18650,19450,1.839968022585243e-65,0,,157,100
1866,18660,19460,1.894863237471486e-64,0,,159,100
1867,18670,19470,1.3832404905856587e-63,0,,157,100
1868,18680,19480,1.673008714320862e-60,0,,155,100
1869,18690,19490,4.8572104321702e-62,0,,160,100
1870,18700,19500,6.1542317297365225e-65,0,,157,100
1871,18710,19510,1.1416671861762755e-61,0,,160,100
1872,18720,19520,1.8444093322478666e-65,0,,159,100
1873,18730,19530,7.554891966729079e-61,0,,158,100
1874,18740,19540,3.0935055764986353e-58,0,,158,100
1875,18750,19550,1.405632090473513e-57,0,,157,100
1876,18760,19560,2.2728138666688587e-61,0,,159,100
1877,18770,19570,3.5019988529802444e-64,0,,158,100
1878,18780,19580,6.103026859570826e-63,0,,157,100
1879,18790,19590,2.4592925378484138e-60,0,,158,100
1880,18800,19600,4.503447397721284e-61,0,,158,100
1881,18810,19610,3.2232893898620356e-64,0,,157,100
1882,18820,19620,1.3215051145598199e-62,0,,157,100
1883,18830,19630,8.578158350172367e-68,0,,157,100
1884,18840,19640,1.6575135706828983e-60,0,,159,100
1885,18850,19650,1.963791720278109e-60,0,,159,100
1886,18860,19660,7.760583343265231e-59,0,,159,100
1887,18870,19670,4.992975813790373e-64,0,,158,100
1888,18880,19680,6.738598959272743e-64,0,,157,100
1889,18890,19690,1.0316636993235385e-60,0,,157,100
1890,18900,19700,2.550523938249987e-61,0,,160,100
1891,18910,19710,3.092272046731692e-64,0,,161,100
1892,18920,19720,3.5122343529558994e-71,0,,160,100
1893,18930,19730,1.1120734093353001e-67,0,,161,100
1894,18940,19740,2.7962979887914795e-62,0,,160,100
1895,18950,19750,6.2837458214883045e-65,0,,161,100
1896,18960,19760,8.160006228985695e-64,0,,163,100
1897,18970,19770,5.953587784299855e-65,0,,164,100
1898,18980,19780,3.924960255616636e-62,0,,165,100
1899,18990,19790,3.468217456176284e-64,0,,163,100
1900,19000,19800,9.940907486203712e-66,0,,165,100
1901,19010,19810,3.9269071678941195e-62,0,,163,100
1902,19020,19820,3.1397060132133123e-63,0,,163,100
1903,19030,19830,1.2329255821601672e-54,0,,165,100
1904,19040,19840,1.6674995888495098e-63,0,,167,100
1905,19050,19850,7.267394158043133e-65,0,,166,100
1906,19060,19860,6.932119472301257e-66,0,,168,100
1907,19070,19870,2.591875206442121e-59,0,,168,100
1908,19080,19880,5.843856612297513e-57,0,,168,100
1909,19090,19890,1.494315180414696e-61,0,,167,100
1910,19100,19900,2.0658766085928757e-69,0,,168,100
1911,19110,19910,7.900848646439408e-65,0,,170,100
1912,19120,19920,7.932713761988475e-64,0,,170,100
1913,19130,19930,7.662831158981944e-66,0,,171,100
1914,19140,19940,1.6267544200959192e-65,0,,167,100
1915,19150,19950,1.3087386496570635e-64,0,,166,100
1916,19160,19960,1.510707274497594e-65,0,,167,100
1917,19170,19970,1.4183372832586254e-64,0,,166,100
1918,19180,19980,1.5949858929605713e-65,0,,167,100
1919,19190,19990,1.6607514241487967e-65,0,,168,100
1920,19200,20000,3.066781764751831e-63,0,,169,100
1921,19210,20010,2.4124993572934222e-63,0,,166,100
1922,19220,20020,2.19681627403544e-62,0,,166,100
1923,19230,20030,1.0681701844876196e-59,0,,166,100
1924,19240,20040,4.2696537443009056e-63,0,,167,100
1925,19250,20050,5.619940885576046e-62,0,,169,100
1926,19260,20060,2.0424790238275766e-59,0,,168,100
1927,19270,20070,6.796442896150923e-63,0,,169,100
1928,19280,20080,7.639457422590274e-61,0,,170,100
1929,19290,20090,6.794927241684046e-59,0,,170,100
1930,19300,20100,6.310854939012634e-65,0,,168,100
1931,19310,20110,3.750008592017471e-64,0,,171,100
1932,19320,20120,2.648992345372369e-58,0,,172,100
1933,19330,20130,3.1400250181806834e-62,0,,172,100
1934,19340,20140,1.8466870751941056e-61,0,,172,100
1935,19350,20150,5.6015604462534286e-64,0,,173,100
1936,19360,20160,2.109915475226305e-58,0,,172,100
1937,19370,20170,2.489577901207892e-60,0,,174,100
1938,19380,20180,1.5095267298151486e-57,0,,174,100
1939,19390,20190,6.3453046463377475e-53,0,,175,100
1940,19400,20200,1.7109649070457044e-57,0,,174,100
1941,19410,20210,2.5387485412088834e-56,0,,175,100
1942,19420,20220,9.701974128629032e-58,0,,173,100
1943,19430,20230,3.508807905944585e-55,0,,173,100
1944,19440,20240,1.949543078483151e-56,0,,174,100
1945,19450,20250,4.439526851164134e-55,0,,173,100
1946,19460,20260,1.4345552033665116e-53,0,,175,100
1947,19470,20270,5.122560410278757e-51,0,,174,100
1948,19480,20280,3.3197515191001906e-51,0,,175,100
1949,19490,20290,1.4813899762747221e-52,0,,174,100
1950,19500,20300,2.84233105434151e-54,0,,175,100
1951,19510,20310,2.8885769748348903e-55,0,,175,100
1952,19520,20320,4.91897740561657e-56,0,,177,100
1953,19530,20330,7.191234150810787e-57,0,,176,100
1954,19540,20340,6.835207091987892e-58,0,,174,100
1955,19550,20350,1.7868529797780092e-54,0,,174,100
1956,19560,20360,6.517705454501617e-54,0,,173,100
1957,19570,20370,1.0723230012477979e-52,0,,174,100
1958,19580,20380,4.0011091891539896e-53,0,,174,100
1959,19590,20390,5.555652584831192e-51,0,,175,100
1960,19600,20400,3.497866448119814e-51,0,,176,100
1961,19610,20410,2.0302757966548697e-51,0,,178,100
1962,19620,20420,1.1965147531211238e-56,0,,179,100
1963,19630,20430,4.413657123717168e-57,0,,177,100
1964,19640,20440,1.227423192974331e-58,0,,176,100
1965,19650,20450,1.68625657244139e-59,0,,177,100
1966,19660,20460,3.40925229355077e-56,0,,175,100
1967,19670,20470,2.9015032357712467e-59,0,,177,100
1968,19680,20480,5.225577905309727e-60,0,,177,100
1969,19690,20490,2.0997043441202457e-58,0,,178,100
1970,19700,20500,4.740485790232532e-55,0,,175,100
1971,19710,20510,2.4303525662427507e-57,0,,174,100
1972,19720,20520,8.94682393337015e-56,0,,176,100
1973,19730,20530,2.2626714572664654e-53,0,,176,100
1974,19740,20540,1.1434592702853365e-56,0,,176,100
1975,19750,20550,2.831187211151141e-60,0,,174,100
1976,19760,20560,1.6022227093153332e-54,0,,172,100
1977,19770,20570,3.8325022889219685e-55,0,,172,100
1978,19780,20580,1.2245256553053082e-51,0,,174,100
1979,19790,20590,4.71288750617052e-54,0,,174,100
1980,19800,20600,1.0320337012186273e-60,0,,171,100
1981,19810,20610,2.7609459665427268e-64,0,,171,100
1982,19820,20620,4.707290898570515e-67,0,,171,100
1983,19830,20630,6.699495360828403e-65,0,,171,100
1984,19840,20640,2.8563842967145157e-64,0,,170,100
1985,19850,20650,1.7559995554419735e-63,0,,172,100
1986,19860,20660,2.5652955161013846e-64,0,,171,100
1987,19870,20670,3.622589916814251e-68,0,,173,100
1988,19880,20680,3.294199097909728e-72,0,,174,100
1989,19890,20690,2.5731250095276986e-65,0,,174,100
1990,19900,20700,5.903068934170152e-68,0,,172,100
1991,19910,20710,2.491122270134752e-67,0,,170,100
1992,19920,20720,2.0262368526404065e-68,0,,173,100
1993,19930,20730,3.032312479119344e-71,0,,173,100
1994,19940,20740,1.325428058397315e-73,0,,173,100
1995,19950,20750,4.4995376523238236e-68,0,,173,100
1996,19960,20760,1.6503174254971938e-70,0,,173,100
1997,19970,20770,2.5079906638306865e-70,0,,173,100
1998,19980,20780,7.225130133480563e-61,0,,174,100
1999,19990,20790,3.817246225602908e-67,0,,174,100
2000,20000,20800,2.4670133722151534e-66,0,,172,100
2001,20010,20810,8.460407388525158e-63,0,,174,100
2002,20020,20820,1.9733302207807636e-66,0,,174,100
2003,20030,20830,1.1705720518265097e-62,0,,175,100
2004,20040,20840,4.1547863957100325e-62,0,,174,100
2005,20050,20850,2.072448244887197e-61,0,,176,100
2006,20060,20860,3.1270888853723384e-56,0,,175,100
2007,20070,20870,2.0410946954767565e-57,0,,178,100
2008,20080,20880,6.026681993268301e-55,0,,177,100
2009,20090,20890,4.903826015638875e-50,0,,176,100
2010,20100,20900,1.0148997365848858e-52,0,,176,100
2011,20110,20910,1.0014243932008096e-59,0,,174,100
2012,20120,20920,1.6231737195540637e-53,0,,175,100
2013,20130,20930,1.1372848662407192e-53,0,,175,100
2014,20140,20940,1.4197853419885493e-49,0,,175,100
2015,20150,20950,6.143571300918028e-48,0,,176,100
2016,20160,20960,2.0599450730100234e-54,0,,175,100
2017,20170,20970,1.867683482516209e-52,0,,177,100
2018,20180,20980,4.082104404520397e-52,0,,176,100
2019,20190,20990,8.463011765591245e-56,0,,177,100
2020,20200,21000,7.145616304583631e-53,0,,178,100
2021,20210,21010,1.4199399762919106e-58,0,,178,100
2022,20220,21020,5.456483901415777e-57,0,,178,100
2023,20230,21030,5.381066675226989e-59,0,,178,100
2024,20240,21040,3.1200182815721715e-59,0,,179,100
2025,20250,21050,3.1074263311111752e-58,0,,177,100
2026,20260,21060,2.6270184804017653e-70,0,,177,100
2027,20270,21070,3.8344345335193835e-69,0,,176,100
2028,20280,21080,8.774408705723147e-70,0,,177,100
2029,20290,21090,9.792393378301335e-69,0,,177,100
2030,20300,21100,1.3491612407658826e-66,0,,178,100
2031,20310,21110,2.5688593737463686e-72,0,,178,100
2032,20320,21120,1.1981700117141373e-68,0,,175,100
2033,20330,21130,4.665459356142216e-63,0,,175,100
2034,20340,21140,2.5296594255134273e-65,0,,177,100
2035,20350,21150,3.074571372078097e-63,0,,178,100
2036,20360,21160,1.3485760235127313e-64,0,,179,100
2037,20370,21170,4.665144943158859e-68,0,,178,100
2038,20380,21180,4.516760651454595e-68,0,,178,100
2039,20390,21190,5.391975564724838e-71,0,,176,100
2040,20400,21200,1.6918176624212317e-62,0,,175,100
2041,20410,21210,2.2336369999011322e-63,0,,176,100
2042,20420,21220,3.72563161077021e-65,0,,178,100
2043,20430,21230,1.7428478811368666e-76,0,,177,100
2044,20440,21240,4.777709000370871e-71,0,,175,100
2045,20450,21250,8.51686227995374e-71,0,,176,100
2046,20460,21260,8.191491505833688e-75,0,,176,100
2047,20470,21270,4.058566928093635e-70,0,,174,100
2048,20480,21280,4.0824329730964847e-70,0,,176,100
2049,20490,21290,7.094476301063873e-67,0,,175,100
2050,20500,21300,1.6722441070379984e-70,0,,175,100
2051,20510,21310,9.845557639206573e-70,0,,174,100
2052,20520,21320,9.850859728769194e-69,0,,174,100
2053,20530,21330,2.745987065110667e-69,0,,175,100
2054,20540,21340,9.558358557507959e-67,0,,176,100
2055,20550,21350,7.957968265725443e-66,0,,179,100
2056,20560,21360,3.861101795987417e-61,0,,178,100
2057,20570,21370,1.1141244345271758e-63,0,,179,100
2058,20580,21380,2.0769958771618248e-64,0,,179,100
2059,20590,21390,3.1127619953574673e-60,0,,181,100
2060,20600,21400,1.6111960064917766e-63,0,,183,100
2061,20610,21410,1.513564910830673e-62,0,,182,100
2062,20620,21420,3.817654949832637e-59,0,,183,100
2063,20630,21430,9.084845353503255e-64,0,,182,100
2064,20640,21440,6.527391828604012e-63,0,,182,100
2065,20650,21450,3.605481654659888e-62,0,,181,100
2066,20660,21460,4.3624053686220575e-54,0,,178,100
2067,20670,21470,5.2774819849594733e-51,0,,179,100
2068,20680,21480,1.5316499622005944e-53,0,,178,100
2069,20690,21490,3.124888187333769e-47,0,,179,100
2070,20700,21500,1.6295680849196508e-48,0,,179,100
2071,20710,21510,3.8479842128040124e-45,0,,178,100
2072,20720,21520,1.938575344777188e-48,0,,177,100
2073,20730,21530,4.579706528182628e-49,0,,179,100
2074,20740,21540,1.3304105934449774e-46,0,,178,100
2075,20750,21550,1.4907004996708173e-47,0,,177,100
2076,20760,21560,1.5493724687627584e-45,0,,180,100
2077,20770,21570,3.00265862239097e-50,0,,180,100
2078,20780,21580,6.1201326039883284e-52,0,,180,100
2079,20790,21590,7.891289738696822e-47,0,,180,100
2080,20800,21600,2.6095836231008664e-50,0,,181,100
2081,20810,21610,1.5929262438600582e-48,0,,180,100
2082,20820,21620,3.0597132992718544e-51,0,,178,100
2083,20830,21630,4.33013038313414e-44,0,,183,100
2084,20840,21640,9.286001500389598e-43,0,,182,100
2085,20850,21650,4.930001330287109e-46,0,,182,100
2086,20860,21660,3.7936012922564606e-47,0,,182,100
2087,20870,21670,6.53209341876143e-48,0,,179,100
2088,20880,21680,1.509813719548117e-47,0,,180,100
2089,20890,21690,1.4648360995313183e-47,0,,181,100
2090,20900,21700,1.8761779867367918e-44,0,,180,100
2091,20910,21710,1.421054800775989e-45,0,,182,100
2092,20920,21720,3.43072762381552e-44,0,,183,100
2093,20930,21730,6.87938825107304e-45,0,,183,100
2094,20940,21740,2.870850526739314e-45,0,,180,100
2095,20950,21750,3.002153534851746e-47,0,,179,100
2096,20960,21760,3.78549895725545e-45,0,,180,100
2097,20970,21770,1.6604009160597257e-45,0,,184,100
2098,20980,21780,6.173481248187105e-45,0,,183,100
2099,20990,21790,4.1200820338092256e-44,0,,183,100
2100,21000,21800,3.8657643628907315e-47,0,,179,100
2101,21010,21810,2.0005786952554195e-49,0,,178,100
2102,21020,21820,8.877031015010858e-52,0,,178,100
2103,21030,21830,6.962809306016278e-51,0,,180,100
2104,21040,21840,2.6859606167491043e-48,0,,180,100
2105,21050,21850,1.2055953356790281e-47,0,,181,100
2106,21060,21860,2.4772655362365265e-50,0,,181,100
2107,21070,21870,1.142037288070493e-50,0,,179,100
2108,21080,21880,4.2956537819562295e-50,0,,180,100
2109,21090,21890,1.2684495305856218e-46,0,,178,100
2110,21100,21900,4.386732576167793e-48,0,,176,100
2111,21110,21910,5.501749671352546e-46,0,,178,100
2112,21120,21920,1.8279612686938525e-48,0,,179,100
2113,21130,21930,6.220737173917174e-47,0,,181,100
2114,21140,21940,2.432694176565222e-48,0,,179,100
2115,21150,21950,1.7048062243174213e-48,0,,179,100
2116,21160,21960,1.7450499134676247e-46,0,,179,100
2117,21170,21970,1.2178049565512011e-47,0,,180,100
2118,21180,21980,8.723279080225416e-42,0,,181,100
2119,21190,21990,6.614167891448253e-46,0,,180,100
2120,21200,22000,1.9860414209527616e-44,0,,181,100
2121,21210,22010,8.944536435075796e-45,0,,180,100
2122,21220,22020,1.9590012919181184e-45,0,,178,100
2123,21230,22030,5.976336991938734e-48,0,,178,100
2124,21240,22040,8.20667966819297e-48,0,,179,100
2125,21250,22050,1.2684179979778968e-48,0,,178,100
2126,21260,22060,7.442564107262648e-47,0,,180,100
2127,21270,22070,1.7846604997941927e-51,0,,178,100
2128,21280,22080,2.2904625405683408e-50,0,,178,100
2129,21290,22090,1.7177050090495535e-54,0,,178,100
2130,21300,22100,5.724228594435658e-53,0,,179,100
2131,21310,22110,2.7162795142312706e-50,0,,181,100
2132,21320,22120,4.07122450452332e-51,0,,179,100
2133,21330,22130,2.0044995801710178e-47,0,,179,100
2134,21340,22140,1.557278405767625e-47,0,,178,100
2135,21350,22150,2.4097867831943077e-53,0,,177,100
2136,21360,22160,1.3125470926985644e-51,0,,176,100
2137,21370,22170,1.9023592306528483e-51,0,,175,100
2138,21380,22180,2.1468098585182252e-54,0,,173,100
2139,21390,22190,1.6227047496513928e-53,0,,174,100
2140,21400,22200,1.6664649761167913e-57,0,,175,100
2141,21410,22210,2.0340664511175017e-53,0,,176,100
2142,21420,22220,2.2090881565782147e-54,0,,173,100
2143,21430,22230,2.077424167757705e-58,0,,174,100
2144,21440,22240,4.031632265812937e-57,0,,174,100
2145,21450,22250,1.6310783097961562e-53,0,,174,100
2146,21460,22260,1.3895920160704606e-54,0,,174,100
2147,21470,22270,2.228639561890077e-53,0,,175,100
2148,21480,22280,4.191451233582207e-53,0,,175,100
2149,21490,22290,1.43575972715224e-51,0,,175,100
2150,21500,22300,2.4192358030093067e-52,0,,177,100
2151,21510,22310,2.908967358147512e-59,0,,178,100
2152,21520,22320,7.00058732424149e-55,0,,178,100
2153,21530,22330,8.739724894112162e-57,0,,178,100
2154,21540,22340,1.817313299310348e-59,0,,178,100
2155,21550,22350,7.957578698096381e-61,0,,179,100
2156,21560,22360,2.2748474775822613e-67,0,,179,100
2157,21570,22370,2.7014021934133833e-63,0,,178,100
2158,21580,22380,6.030593081043124e-62,0,,179,100
2159,21590,22390,1.3810030706280066e-62,0,,180,100
2160,21600,22400,1.6569520833262082e-68,0,,179,100
2161,21610,22410,6.948302632822567e-64,0,,179,100
2162,21620,22420,4.337736481842341e-66,0,,181,100
2163,21630,22430,7.591932109205126e-64,0,,179,100
2164,21640,22440,1.6712819899192482e-69,0,,179,100
2165,21650,22450,1.4188558855971767e-69,0,,179,100
2166,21660,22460,2.1333509882462452e-68,0,,179,100
2167,21670,22470,1.373528607251459e-67,0,,180,100
2168,21680,22480,8.97566700348456e-71,0,,180,100
2169,21690,22490,1.578370381955635e-70,0,,180,100
2170,21700,22500,8.292004268849018e-71,0,,180,100
2171,21710,22510,1.3112689309518302e-69,0,,179,100
2172,21720,22520,1.0088401021781982e-66,0,,177,100
2173,21730,22530,4.007813730846769e-65,0,,178,100
2174,21740,22540,6.962019586589213e-64,0,,179,100
2175,21750,22550,1.3151910929518532e-62,0,,179,100
2176,21760,22560,9.331282687033171e-66,0,,178,100
2177,21770,22570,7.300341521606093e-63,0,,176,100
2178,21780,22580,5.088757035409375e-63,0,,174,100
2179,21790,22590,1.2873727577067482e-60,0,,176,100
2180,21800,22600,2.6695863545390342e-61,0,,178,100
2181,21810,22610,3.0702102728998974e-60,0,,181,100
2182,21820,22620,1.8388134246345634e-56,0,,180,100
2183,21830,22630,5.569613045296857e-63,0,,180,100
2184,21840,22640,2.764840702085459e-60,0,,178,100
2185,21850,22650,7.498909830225239e-59,0,,178,100
2186,21860,22660,1.6610528013530624e-57,0,,176,100
2187,21870,22670,6.213579504844879e-53,0,,178,100
2188,21880,22680,2.109268194808873e-50,0,,180,100
2189,21890,22690,4.773908686520286e-53,0,,182,100
2190,21900,22700,4.101032564789791e-56,0,,183,100
2191,21910,22710,1.3651404130252464e-47,0,,181,100
2192,21920,22720,8.236294187179394e-46,0,,177,100
2193,21930,22730,1.4754066079967377e-46,0,,178,100
2194,21940,22740,5.999823083024122e-43,0,,178,100
2195,21950,22750,2.5409939368000204e-41,0,,179,100
2196,21960,22760,6.710437832729406e-42,0,,177,100
2197,21970,22770,5.3977324301317964e-43,0,,177,100
2198,21980,22780,3.2640157993005257e-40,0,,177,100
2199,21990,22790,1.9275970072974176e-35,0,,176,100
2200,22000,22800,2.2534139937677472e-36,0,,177,100
2201,22010,22810,1.0268332212273225e-36,0,,179,100
2202,22020,22820,2.0858010973309205e-36,0,,180,100
2203,22030,22830,4.77486942763704e-38,0,,180,100
2204,22040,22840,1.5278086828969866e-40,0,,179,100
2205,22050,22850,2.210565488712525e-39,0,,178,100
2206,22060,22860,2.475763287539591e-37,0,,177,100
2207,22070,22870,2.3140991313406473e-38,0,,177,100
2208,22080,22880,6.495841592099445e-36,0,,179,100
2209,22090,22890,1.1031414186689834e-37,0,,178,100
2210,22100,22900,1.1512749273897572e-34,0,,179,100
2211,22110,22910,3.3002604225546335e-39,0,,178,100
2212,22120,22920,1.4120720713059457e-38,0,,180,100
2213,22130,22930,6.632648075865523e-41,0,,177,100
2214,22140,22940,3.887570167297e-43,0,,179,100
2215,22150,22950,2.2659835957493004e-44,0,,180,100
2216,22160,22960,8.009435726276938e-44,0,,180,100
2217,22170,22970,3.8407030389466504e-45,0,,180,100
2218,22180,22980,2.7811295241088505e-46,0,,181,100
2219,22190,22990,4.543765651505211e-50,0,,179,100
2220,22200,23000,2.281576244672409e-52,0,,178,100
2221,22210,23010,1.099213244089657e-53,0,,183,100
2222,22220,23020,7.314005685838013e-54,0,,181,100
2223,22230,23030,8.734192304851872e-57,0,,180,100
2224,22240,23040,7.650949067811831e-57,0,,179,100
2225,22250,23050,6.441345143071011e-53,0,,180,100
2226,22260,23060,4.925024202803771e-50,0,,178,100
2227,22270,23070,8.992177050632268e-56,0,,178,100
2228,22280,23080,4.8998493515898746e-55,0,,178,100
2229,22290,23090,4.0776649094963665e-52,0,,177,100
2230,22300,23100,3.4533869006285415e-48,0,,177,100
2231,22310,23110,1.169178271813168e-55,0,,176,100
2232,22320,23120,2.1845936798085856e-57,0,,175,100
2233,22330,23130,4.496607514770806e-55,0,,175,100
2234,22340,23140,1.5535308700408007e-59,0,,175,100
2235,22350,23150,5.567126364061658e-56,0,,177,100
2236,22360,23160,2.5372164225429603e-56,0,,178,100
2237,22370,23170,1.0551576650328863e-52,0,,176,100
2238,22380,23180,1.1770605257424026e-56,0,,177,100
2239,22390,23190,1.313416421807123e-58,0,,177,100
2240,22400,23200,1.1317792880983446e-52,0,,177,100
2241,22410,23210,7.605395431620296e-53,0,,178,100
2242,22420,23220,3.6354954698896586e-55,0,,177,100
2243,22430,23230,3.934610921210211e-60,0,,175,100
2244,22440,23240,5.630721854965132e-59,0,,176,100
2245,22450,23250,5.649415637655963e-60,0,,176,100
2246,22460,23260,4.216616597235359e-59,0,,176,100
2247,22470,23270,5.731339592266754e-59,0,,178,100
2248,22480,23280,6.772059355773814e-55,0,,177,100
2249,22490,23290,3.6121350117110774e-56,0,,175,100
2250,22500,23300,8.604440817457532e-59,0,,175,100
2251,22510,23310,1.0933030579501307e-57,0,,178,100
2252,22520,23320,4.401341970441673e-53,0,,178,100
2253,22530,23330,6.678880452332667e-51,0,,177,100
2254,22540,23340,3.7699594671140325e-53,0,,179,100
2255,22550,23350,4.905851110779545e-52,0,,179,100
2256,22560,23360,3.59044031253172e-50,0,,179,100
2257,22570,23370,1.8589726046832652e-52,0,,178,100
2258,22580,23380,2.2094159925355997e-51,0,,179,100
2259,22590,23390,5.660911386638777e-59,0,,178,100
2260,22600,23400,8.364447134726822e-54,0,,175,100
2261,22610,23410,4.289764098722864e-55,0,,175,100
2262,22620,23420,2.8695578152725665e-53,0,,175,100
2263,22630,23430,5.1836998411245176e-51,0,,175,100
2264,22640,23440,6.129931946661399e-49,0,,175,100
2265,22650,23450,5.512430062219452e-58,0,,175,100
2266,22660,23460,2.0763480040974123e-53,0,,179,100
2267,22670,23470,5.3539552198856955e-56,0,,177,100
2268,22680,23480,8.454615690636999e-50,0,,177,100
2269,22690,23490,1.890593946128085e-55,0,,178,100
2270,22700,23500,4.567501248965887e-57,0,,179,100
2271,22710,23510,1.3903482143119825e-55,0,,180,100
2272,22720,23520,1.2053286979876828e-60,0,,181,100
2273,22730,23530,5.252159828177237e-61,0,,181,100
2274,22740,23540,1.435673283546339e-55,0,,182,100
2275,22750,23550,2.5379180639435985e-58,0,,182,100
2276,22760,23560,5.570163357035133e-60,0,,182,100
2277,22770,23570,4.224314446107632e-58,0,,182,100
2278,22780,23580,4.143602926137301e-55,0,,184,100
2279,22790,23590,7.26303143374435e-55,0,,184,100
2280,22800,23600,2.5122697510647495e-54,0,,188,100
2281,22810,23610,3.2325890406510473e-51,0,,186,100
2282,22820,23620,1.283920506576926e-50,0,,186,100
2283,22830,23630,8.407657871406875e-54,0,,187,100
2284,22840,23640,3.774157292288914e-55,0,,188,100
2285,22850,23650,1.008699902671114e-58,0,,189,100
2286,22860,23660,4.7624331681616395e-56,0,,187,100
2287,22870,23670,1.1571152172787649e-53,0,,188,100
2288,22880,23680,2.6861804021546113e-54,0,,186,100
2289,22890,23690,5.266000794776042e-56,0,,187,100
2290,22900,23700,2.0883813179383254e-56,0,,189,100
2291,22910,23710,8.394353435680929e-57,0,,189,100
2292,22920,23720,1.5088799144406317e-54,0,,189,100
2293,22930,23730,2.0208381931442968e-54,0,,191,100
2294,22940,23740,1.2163600370907665e-58,0,,189,100
2295,22950,23750,6.424411674947254e-59,0,,189,100
2296,22960,23760,2.7668699893433607e-65,0,,192,100
2297,22970,23770,2.5075330756472327e-65,0,,193,100
2298,22980,23780,3.9929654999998745e-65,0,,194,100
2299,22990,23790,8.063455503320304e-62,0,,192,100
2300,23000,23800,4.90437414177072e-59,0,,193,100
2301,23010,23810,3.891572830627447e-56,0,,193,100
2302,23020,23820,3.982014049126083e-61,0,,193,100
2303,23030,23830,1.238146379919358e-60,0,,193,100
2304,23040,23840,1.2692045156673535e-63,0,,194,100
2305,23050,23850,1.0639580250185847e-61,0,,194,100
2306,23060,23860,8.513573922905459e-69,0,,194,100
2307,23070,23870,3.7418245021617703e-62,0,,194,100
2308,23080,23880,1.0440897837580627e-65,0,,194,100
2309,23090,23890,4.788591073400604e-68,0,,195,100
2310,23100,23900,5.940926929353862e-73,0,,196,100
2311,23110,23910,5.94224151936396e-73,0,,198,100
2312,23120,23920,4.754099876571774e-68,0,,197,100
2313,23130,23930,1.8395434268636098e-65,0,,196,100
2314,23140,23940,9.257027406927468e-69,0,,194,100
2315,23150,23950,1.483367462851216e-73,0,,193,100
2316,23160,23960,2.1150366159812056e-73,0,,192,100
2317,23170,23970,4.635608310415138e-68,0,,191,100
2318,23180,23980,7.394295952880439e-65,0,,192,100
2319,23190,23990,8.995776651105352e-66,0,,190,100
2320,23200,24000,1.1665032908719317e-64,0,,189,100
2321,23210,24010,3.117544053038271e-70,0,,188,100
2322,23220,24020,5.338595495501632e-72,0,,189,100
2323,23230,24030,4.4856023506920443e-69,0,,189,100
2324,23240,24040,1.152203199443276e-75,0,,189,100
2325,23250,24050,4.252017309112886e-71,0,,189,100
2326,23260,24060,3.409751942755363e-66,0,,188,100
2327,23270,24070,3.4391720237497712e-65,0,,188,100
2328,23280,24080,1.374117489114325e-68,0,,188,100
2329,23290,24090,1.3308835027013472e-71,0,,188,100
2330,23300,24100,3.1535940601740163e-63,0,,189,100
2331,23310,24110,5.437988371859289e-67,0,,189,100
2332,23320,24120,8.296676508497077e-66,0,,190,100
2333,23330,24130,2.865644919648957e-62,0,,188,100
2334,23340,24140,1.7203563458261752e-61,0,,189,100
2335,23350,24150,4.087169474665155e-59,0,,188,100
2336,23360,24160,9.44710001494785e-65,0,,189,100
2337,23370,24170,6.45561336178154e-64,0,,190,100
2338,23380,24180,1.424436845791422e-57,0,,191,100
2339,23390,24190,8.209479408398629e-58,0,,192,100
2340,23400,24200,2.180103454778013e-56,0,,193,100
2341,23410,24210,6.512119457099717e-56,0,,192,100
2342,23420,24220,6.881466105690047e-55,0,,193,100
2343,23430,24230,6.0508575530394436e-59,0,,192,100
2344,23440,24240,1.6286050455881853e-59,0,,192,100
2345,23450,24250,1.2368417457600545e-59,0,,192,100
2346,23460,24260,3.4375211255946695e-64,0,,190,100
2347,23470,24270,2.6548199562094487e-65,0,,190,100
2348,23480,24280,7.723484389422974e-64,0,,190,100
2349,23490,24290,7.840252971354669e-67,0,,189,100
2350,23500,24300,4.923224371054992e-58,0,,186,100
2351,23510,24310,4.7735638975023447e-60,0,,189,100
2352,23520,24320,2.4153849804739027e-64,0,,188,100
2353,23530,24330,6.036010480958596e-61,0,,185,100
2354,23540,24340,1.4588037393359093e-64,0,,185,100
2355,23550,24350,2.465933864408806e-64,0,,185,100
2356,23560,24360,4.8561593478527007e-60,0,,186,100
2357,23570,24370,8.5911527089185e-62,0,,186,100
2358,23580,24380,1.4468178674953134e-62,0,,187,100
2359,23590,24390,8.813352188753254e-67,0,,186,100
2360,23600,24400,1.9732009983885667e-71,0,,180,100
2361,23610,24410,1.3599541435314018e-68,0,,181,100
2362,23620,24420,4.450708703698091e-63,0,,181,100
2363,23630,24430,3.590227784313083e-67,0,,179,100
2364,23640,24440,6.747629415670047e-71,0,,179,100
2365,23650,24450,5.905693668577059e-64,0,,179,100
2366,23660,24460,1.940755401112931e-62,0,,180,100
2367,23670,24470,1.0608019519531768e-63,0,,179,100
2368,23680,24480,1.7448650795527561e-63,0,,178,100
2369,23690,24490,1.38890483822824e-59,0,,178,100
2370,23700,24500,1.5285997585686708e-61,0,,177,100
2371,23710,24510,3.917652982785077e-62,0,,176,100
2372,23720,24520,1.6998103350561054e-58,0,,176,100
2373,23730,24530,3.5633439860778897e-62,0,,174,100
2374,23740,24540,7.661863665633153e-63,0,,172,100
2375,23750,24550,1.130903482229389e-59,0,,174,100
2376,23760,24560,1.870299341516795e-64,0,,169,100
2377,23770,24570,3.744023332830094e-62,0,,171,100
2378,23780,24580,1.5372747859363884e-61,0,,171,100
2379,23790,24590,2.0652199904015474e-64,0,,170,100
2380,23800,24600,4.4488160473817427e-63,0,,170,100
2381,23810,24610,3.489651957076915e-63,0,,169,100
2382,23820,24620,1.4229699303349404e-69,0,,167,100
2383,23830,24630,1.6514751501117625e-60,0,,166,100
2384,23840,24640,4.107382497792352e-61,0,,168,100
2385,23850,24650,2.7322488771114646e-60,0,,167,100
2386,23860,24660,1.389133828836687e-63,0,,166,100
2387,23870,24670,1.5891264625218105e-71,0,,166,100
2388,23880,24680,2.8583197576778816e-71,0,,166,100
2389,23890,24690,2.5063427697557316e-76,0,,166,100
2390,23900,24700,3.2359918018248166e-75,0,,164,100
2391,23910,24710,1.6037649923627383e-73,0,,164,100
2392,23920,24720,4.033443592332699e-72,0,,166,100
2393,23930,24730,1.42934311365425e-73,0,,168,100
2394,23940,24740,3.809115906008288e-74,0,,167,100
2395,23950,24750,3.795620574228728e-77,0,,168,100
2396,23960,24760,1.6039636305715473e-77,0,,169,100
2397,23970,24770,1.0795040302851935e-79,0,,166,100
2398,23980,24780,1.0529516602883783e-83,0,,166,100
2399,23990,24790,3.385445764529412e-80,0,,168,100
2400,24000,24800,1.7064545171575665e-83,0,,168,100
2401,24010,24810,3.271952484398573e-82,0,,171,100
2402,24020,24820,8.997777490898802e-75,0,,169,100
2403,24030,24830,3.264600832656407e-72,0,,172,100
2404,24040,24840,5.40906298559762e-79,0,,169,100
2405,24050,24850,6.152971158824989e-74,0,,168,100
2406,24060,24860,5.794564689511069e-74,0,,167,100
2407,24070,24870,3.8886699406023544e-70,0,,166,100
2408,24080,24880,2.92084609807883e-70,0,,165,100
2409,24090,24890,9.401073262851066e-71,0,,165,100
2410,24100,24900,3.088980723874719e-69,0,,167,100
2411,24110,24910,1.5440923748837639e-61,0,,164,100
2412,24120,24920,4.1781505101815e-60,0,,164,100
2413,24130,24930,1.5643972383919767e-63,0,,164,100
2414,24140,24940,2.2144493052071718e-64,0,,165,100
2415,24150,24950,3.392334886582701e-62,0,,164,100
2416,24160,24960,2.6071496490675138e-64,0,,166,100
2417,24170,24970,1.443604315364312e-65,0,,166,100
2418,24180,24980,6.933830617817917e-57,0,,163,100
2419,24190,24990,5.972139080764667e-57,0,,163,100
2420,24200,25000,6.089887925673718e-59,0,,162,100
2421,24210,25010,1.8406397413235032e-58,0,,160,100
2422,24220,25020,9.360179702120252e-60,0,,161,100
2423,24230,25030,1.5769966900586714e-55,0,,163,100
2424,24240,25040,2.884106520036017e-57,0,,164,100
2425,24250,25050,1.1056301130194126e-54,0,,163,100
2426,24260,25060,1.0664222612489397e-52,0,,161,100
2427,24270,25070,2.401150671692524e-56,0,,161,100
2428,24280,25080,1.8033584205964267e-57,0,,162,100
2429,24290,25090,2.362820927389647e-57,0,,163,100
2430,24300,25100,2.3499273460993537e-60,0,,164,100
2431,24310,25110,3.310603744742346e-63,0,,162,100
2432,24320,25120,3.456304544574979e-62,0,,163,100
2433,24330,25130,7.31686419687876e-62,0,,164,100
2434,24340,25140,2.358401414671648e-61,0,,163,100
2435,24350,25150,2.423870861738173e-65,0,,164,100
2436,24360,25160,5.4787034019895034e-64,0,,163,100
2437,24370,25170,1.0674633134485707e-63,0,,163,100
2438,24380,25180,2.0988959133796504e-67,0,,162,100
2439,24390,25190,2.704568721516442e-66,0,,164,100
2440,24400,25200,1.24870329513451e-70,0,,164,100
2441,24410,25210,2.8303307068291484e-68,0,,163,100
2442,24420,25220,2.4863067552991294e-65,0,,163,100
2443,24430,25230,2.7394824089555037e-63,0,,163,100
2444,24440,25240,2.6010939257067132e-61,0,,163,100
2445,24450,25250,1.6571587881944795e-59,0,,167,100
2446,24460,25260,5.277573239982673e-62,0,,168,100
2447,24470,25270,4.9848076680572274e-58,0,,167,100
2448,24480,25280,1.2119744582281963e-57,0,,166,100
2449,24490,25290,7.485787801993481e-58,0,,168,100
2450,24500,25300,8.330742897099388e-61,0,,168,100
2451,24510,25310,6.274172085039687e-59,0,,170,100
2452,24520,25320,4.677593900542066e-56,0,,170,100
2453,24530,25330,4.499696150398756e-55,0,,171,100
2454,24540,25340,2.7114862424187485e-50,0,,171,100
2455,24550,25350,2.892035538757204e-48,0,,172,100
2456,24560,25360,1.724362466744422e-48,0,,170,100
2457,24570,25370,3.674905653410788e-46,0,,171,100
2458,24580,25380,5.105842082349656e-45,0,,171,100
2459,24590,25390,2.1587078301834813e-44,0,,172,100
2460,24600,25400,5.566791196460895e-45,0,,173,100
2461,24610,25410,1.4462834392512573e-44,0,,174,100
2462,24620,25420,2.507284873546964e-44,0,,174,100
2463,24630,25430,6.05763329174809e-43,0,,175,100
2464,24640,25440,7.674750780410525e-42,0,,176,100
2465,24650,25450,1.4521865578466092e-40,0,,174,100
2466,24660,25460,1.3295583325279705e-44,0,,177,100
2467,24670,25470,1.2029268985000089e-46,0,,175,100
2468,24680,25480,7.061304626605507e-47,0,,179,100
2469,24690,25490,1.2118177406702486e-45,0,,178,100
2470,24700,25500,8.30283989310747e-46,0,,177,100
2471,24710,25510,1.6866006462855153e-46,0,,177,100
2472,24720,25520,5.443888146541562e-52,0,,176,100
2473,24730,25530,1.4970350167657076e-52,0,,174,100
2474,24740,25540,1.9118656472656813e-55,0,,176,100
2475,24750,25550,3.9108575705096664e-59,0,,178,100
2476,24760,25560,1.9462224751789666e-57,0,,178,100
2477,24770,25570,4.052079410437877e-54,0,,179,100
2478,24780,25580,8.938679242688471e-56,0,,179,100
2479,24790,25590,3.7494421530560204e-61,0,,178,100
2480,24800,25600,1.4752404861013754e-63,0,,178,100
2481,24810,25610,3.785471265565175e-65,0,,179,100
2482,24820,25620,3.964773658792002e-68,0,,179,100
2483,24830,25630,1.648622509316621e-69,0,,178,100
2484,24840,25640,9.160097607403701e-68,0,,180,100
2485,24850,25650,5.3761567658971705e-65,0,,180,100
2486,24860,25660,1.120004394918599e-64,0,,180,100
2487,24870,25670,3.784578232632457e-62,0,,182,100
2488,24880,25680,8.708249290636128e-63,0,,183,100
2489,24890,25690,3.4385917591899914e-63,0,,183,100
2490,24900,25700,7.576812211488093e-61,0,,183,100
2491,24910,25710,4.50150026094932e-60,0,,182,100
2492,24920,25720,2.536099905690937e-57,0,,183,100
2493,24930,25730,3.0794917254656367e-56,0,,181,100
2494,24940,25740,9.9524265247669e-56,0,,180,100
2495,24950,25750,2.096537016514229e-56,0,,181,100
2496,24960,25760,3.094714412800188e-53,0,,178,100
2497,24970,25770,2.5592535400727035e-52,0,,180,100
2498,24980,25780,1.4128178645722218e-48,0,,181,100
2499,24990,25790,1.3493035574385122e-48,0,,183,100
2500,25000,25800,4.954510453105156e-46,0,,186,100
2501,25010,25810,1.3088805307764017e-44,0,,188,100
2502,25020,25820,4.694026027556441e-52,0,,187,100
2503,25030,25830,3.646877647227697e-46,0,,185,100
2504,25040,25840,5.566818453058886e-41,0,,185,100
2505,25050,25850,2.2207903057406203e-41,0,,188,100
2506,25060,25860,9.690852824064898e-48,0,,187,100
2507,25070,25870,3.762491022816293e-48,0,,187,100
2508,25080,25880,6.280103767395959e-48,0,,187,100
2509,25090,25890,1.5884064628635363e-47,0,,188,100
2510,25100,25900,1.3844811502393133e-46,0,,186,100
2511,25110,25910,8.089223464131625e-46,0,,186,100
2512,25120,25920,9.169207154138707e-45,0,,185,100
2513,25130,25930,1.3571311071139935e-51,0,,187,100
2514,25140,25940,1.0076536947512396e-47,0,,187,100
2515,25150,25950,3.776361441672095e-49,0,,189,100
2516,25160,25960,1.3803826291601932e-53,0,,189,100
2517,25170,25970,1.4390307427986624e-60,0,,187,100
2518,25180,25980,1.8246357917952033e-58,0,,186,100
2519,25190,25990,1.0398363848797916e-62,0,,186,100
2520,25200,26000,1.6393389377078708e-64,0,,187,100
2521,25210,26010,9.146277034446035e-61,0,,189,100
2522,25220,26020,3.008204907586077e-63,0,,191,100
2523,25230,26030,3.0122831563556586e-60,0,,191,100
2524,25240,26040,1.215859478545905e-61,0,,190,100
2525,25250,26050,5.713409159736994e-62,0,,189,100
2526,25260,26060,6.921211131682478e-61,0,,189,100
2527,25270,26070,3.3687101154026652e-62,0,,191,100
2528,25280,26080,1.649616997632781e-59,0,,191,100
2529,25290,26090,9.62167316760802e-56,0,,192,100
2530,25300,26100,7.289250443934799e-56,0,,192,100
2531,25310,26110,1.8484943012187394e-56,0,,192,100
2532,25320,26120,2.5242619036059612e-57,0,,189,100
2533,25330,26130,2.2835827047528204e-60,0,,190,100
2534,25340,26140,3.918281209950079e-58,0,,191,100
2535,25350,26150,1.2894588131858713e-53,0,,191,100
2536,25360,26160,2.0690341917520007e-55,0,,194,100
2537,25370,26170,9.132587058011261e-51,0,,192,100
2538,25380,26180,6.082933818640779e-46,0,,192,100
2539,25390,26190,5.847984058403504e-47,0,,192,100
2540,25400,26200,3.002950151822826e-41,0,,192,100
2541,25410,26210,3.528222666687488e-42,0,,193,100
2542,25420,26220,6.104212008166764e-45,0,,192,100
2543,25430,26230,2.510959228432362e-43,0,,191,100
2544,25440,26240,4.912845282813651e-41,0,,194,100
2545,25450,26250,1.0254263290759251e-41,0,,192,100
2546,25460,26260,3.530858495495497e-40,0,,191,100
2547,25470,26270,2.7654368580979815e-43,0,,193,100
2548,25480,26280,9.62872595170079e-46,0,,194,100
2549,25490,26290,2.439037731947265e-41,0,,192,100
2550,25500,26300,9.779745717353507e-45,0,,193,100
2551,25510,26310,5.537351799409967e-45,0,,193,100
2552,25520,26320,6.88432716674844e-44,0,,195,100
2553,25530,26330,9.289813822966599e-46,0,,194,100
2554,25540,26340,9.680124589543816e-47,0,,193,100
2555,25550,26350,3.553060520982309e-46,0,,191,100
2556,25560,26360,3.8427632909573635e-50,0,,191,100
2557,25570,26370,1.1064672109736247e-51,0,,190,100
2558,25580,26380,6.245241681811253e-50,0,,190,100
2559,25590,26390,1.5505139857497444e-52,0,,189,100
2560,25600,26400,5.784333110167715e-48,0,,188,100
2561,25610,26410,7.143569498719243e-50,0,,190,100
2562,25620,26420,4.145263215693046e-53,0,,192,100
2563,25630,26430,2.0754265106618454e-52,0,,194,100
2564,25640,26440,4.3209777291505756e-51,0,,196,100
2565,25650,26450,1.3136334705867903e-50,0,,195,100
2566,25660,26460,1.6239674085246374e-50,0,,195,100
2567,25670,26470,3.3446527096743287e-53,0,,194,100
2568,25680,26480,1.6784009417949506e-54,0,,193,100
2569,25690,26490,1.1819065695715688e-50,0,,193,100
2570,25700,26500,2.5863457547960292e-56,0,,193,100
2571,25710,26510,7.350492881625209e-54,0,,194,100
2572,25720,26520,1.7954285190643108e-59,0,,195,100
2573,25730,26530,2.3930715782930484e-58,0,,195,100
2574,25740,26540,8.44555617029985e-56,0,,194,100
2575,25750,26550,2.8540596263367827e-56,0,,194,100
2576,25760,26560,1.386692550747264e-60,0,,195,100
2577,25770,26570,1.6784936745979332e-56,0,,196,100
2578,25780,26580,2.160883872149115e-60,0,,194,100
2579,25790,26590,1.3307724109277905e-57,0,,194,100
2580,25800,26600,1.3147243409517026e-53,0,,192,100
2581,25810,26610,7.410051295594008e-54,0,,190,100
2582,25820,26620,8.568145498981948e-58,0,,192,100
2583,25830,26630,6.21087559309403e-50,0,,191,100
2584,25840,26640,6.250815737465858e-51,0,,191,100
2585,25850,26650,1.9072882171639143e-56,0,,188,100
2586,25860,26660,2.6632147585776738e-51,0,,189,100
2587,25870,26670,1.1929759384828015e-52,0,,187,100
2588,25880,26680,2.3261793220632395e-50,0,,190,100
2589,25890,26690,1.5941152560471323e-51,0,,190,100
2590,25900,26700,5.956213402880611e-55,0,,189,100
2591,25910,26710,1.005569834061325e-54,0,,191,100
2592,25920,26720,8.088747744031817e-51,0,,191,100
2593,25930,26730,1.8235968980528325e-49,0,,188,100
2594,25940,26740,2.3221786714665408e-48,0,,188,100
2595,25950,26750,6.571641167083509e-53,0,,187,100
2596,25960,26760,3.704176195305491e-52,0,,188,100
2597,25970,26770,6.937029664041177e-52,0,,189,100
2598,25980,26780,1.4381873526564359e-52,0,,189,100
2599,25990,26790,9.983842476226807e-49,0,,188,100
2600,26000,26800,1.2948187293940774e-50,0,,187,100
2601,26010,26810,1.1939184875205549e-48,0,,187,100
2602,26020,26820,2.0174600328626238e-49,0,,185,100
2603,26030,26830,6.833309598897283e-47,0,,187,100
2604,26040,26840,9.875736476302673e-49,0,,187,100
2605,26050,26850,9.307973935285299e-52,0,,187,100
2606,26060,26860,2.81894464537466e-47,0,,188,100
2607,26070,26870,2.9015663309538454e-50,0,,185,100
2608,26080,26880,7.664661279076971e-54,0,,185,100
2609,26090,26890,1.9928271944044138e-56,0,,184,100
2610,26100,26900,2.992411434437675e-53,0,,185,100
2611,26110,26910,9.196331035850902e-52,0,,185,100
2612,26120,26920,1.9690854356814738e-51,0,,185,100
2613,26130,26930,4.004382665419049e-52,0,,184,100
2614,26140,26940,1.335535899910552e-52,0,,183,100
2615,26150,26950,9.10686467152094e-52,0,,183,100
2616,26160,26960,6.140656174869066e-53,0,,186,100
2617,26170,26970,8.585385584837321e-51,0,,184,100
2618,26180,26980,1.3117986802271097e-53,0,,183,100
2619,26190,26990,3.3520689127333854e-54,0,,182,100
2620,26200,27000,5.390700812548213e-54,0,,182,100
2621,26210,27010,1.1164923123686923e-57,0,,182,100
2622,26220,27020,8.334526020782088e-59,0,,184,100
2623,26230,27030,1.3566514511925094e-56,0,,182,100
2624,26240,27040,8.067333181579423e-58,0,,182,100
2625,26250,27050,3.552112322522999e-57,0,,180,100
2626,26260,27060,1.1700517296591368e-53,0,,181,100
2627,26270,27070,3.570733134193284e-58,0,,178,100
2628,26280,27080,1.0507371180882642e-58,0,,178,100
2629,26290,27090,3.6594534545686988e-56,0,,178,100
2630,26300,27100,3.9033871973646564e-55,0,,181,100
2631,26310,27110,7.936611825086813e-60,0,,180,100
2632,26320,27120,1.0711407223202984e-59,0,,181,100
2633,26330,27130,3.9312110229587914e-59,0,,179,100
2634,26340,27140,4.866803597775023e-64,0,,180,100
2635,26350,27150,3.4577123038377675e-62,0,,181,100
2636,26360,27160,5.419296785725314e-64,0,,180,100
2637,26370,27170,1.6068309382893082e-68,0,,180,100
2638,26380,27180,1.5247128061195122e-68,0,,183,100
2639,26390,27190,1.2635847234371068e-69,0,,182,100
2640,26400,27200,2.5636432210380635e-67,0,,182,100
2641,26410,27210,7.841763480518278e-67,0,,178,100
2642,26420,27220,1.1183599862368588e-69,0,,177,100
2643,26430,27230,2.002163764675278e-65,0,,176,100
2644,26440,27240,6.228376248661124e-66,0,,174,100
2645,26450,27250,9.707695708858901e-67,0,,175,100
2646,26460,27260,6.958700628318391e-64,0,,176,100
2647,26470,27270,2.3895235433707206e-67,0,,175,100
2648,26480,27280,1.0573319814060974e-66,0,,177,100
2649,26490,27290,1.6308871964017695e-64,0,,177,100
2650,26500,27300,1.9457051949398607e-64,0,,176,100
2651,26510,27310,9.550719130951343e-64,0,,177,100
2652,26520,27320,1.0106245233346487e-64,0,,177,100
2653,26530,27330,1.5078559935038185e-63,0,,177,100
2654,26540,27340,9.184941939526286e-64,0,,176,100
2655,26550,27350,9.91104057472394e-55,0,,176,100
2656,26560,27360,7.568674065011976e-57,0,,178,100
2657,26570,27370,8.518098074270333e-52,0,,178,100
2658,26580,27380,2.830306602919646e-51,0,,178,100
2659,26590,27390,1.464086021544416e-49,0,,178,100
2660,26600,27400,1.2999941959655943e-54,0,,176,100
2661,26610,27410,2.058780312287301e-56,0,,175,100
2662,26620,27420,3.608836400007566e-56,0,,175,100
2663,26630,27430,3.4127835339964944e-55,0,,178,100
2664,26640,27440,2.2029133481624913e-56,0,,177,100
2665,26650,27450,6.463892264954067e-53,0,,176,100
2666,26660,27460,8.959517707722115e-51,0,,175,100
2667,26670,27470,8.943603834604234e-55,0,,173,100
2668,26680,27480,4.813193074850004e-56,0,,173,100
2669,26690,27490,8.932638494575413e-52,0,,172,100
2670,26700,27500,7.632602860104008e-54,0,,172,100
2671,26710,27510,1.1002243320615835e-51,0,,174,100
2672,26720,27520,1.4491824659886389e-52,0,,173,100
2673,26730,27530,9.085979850599402e-51,0,,172,100
2674,26740,27540,1.6885308373040152e-51,0,,173,100
2675,26750,27550,1.885457907031813e-54,0,,171,100
2676,26760,27560,1.0983665508664366e-53,0,,173,100
2677,26770,27570,6.687353400917914e-54,0,,174,100
2678,26780,27580,2.7646313530060666e-57,0,,173,100
2679,26790,27590,3.10896040613217e-57,0,,173,100
2680,26800,27600,3.1774119437153868e-56,0,,174,100
2681,26810,27610,7.181855198749846e-56,0,,174,100
2682,26820,27620,6.335752714856977e-58,0,,172,100
2683,26830,27630,6.609177797130765e-58,0,,173,100
2684,26840,27640,2.3612889872081014e-59,0,,173,100
2685,26850,27650,1.5190123523972727e-58,0,,174,100
2686,26860,27660,4.154868022483242e-59,0,,174,100
2687,26870,27670,5.601590723250774e-59,0,,174,100
2688,26880,27680,2.134854080258672e-67,0,,174,100
2689,26890,27690,2.3154984244288742e-57,0,,174,100
2690,26900,27700,1.2649005197736946e-59,0,,173,100
2691,26910,27710,1.164913107550509e-61,0,,174,100
2692,26920,27720,9.538122813029768e-60,0,,174,100
2693,26930,27730,5.796004996746304e-56,0,,175,100
2694,26940,27740,5.59724358883405e-61,0,,172,100
2695,26950,27750,7.69349616040573e-57,0,,171,100
2696,26960,27760,2.4103008534738968e-63,0,,167,100
2697,26970,27770,7.176633931172531e-59,0,,165,100
2698,26980,27780,2.384254334963329e-61,0,,163,100
2699,26990,27790,1.3752334075489988e-62,0,,162,100
2700,27000,27800,2.532197816164288e-60,0,,161,100
2701,27010,27810,9.672607345829965e-65,0,,156,100
2702,27020,27820,8.141408785849882e-65,0,,155,100
2703,27030,27830,2.083991061186682e-61,0,,154,100
2704,27040,27840,9.60601523113394e-65,0,,151,100
2705,27050,27850,7.615892532976565e-60,0,,149,100
2706,27060,27860,1.0487666461379883e-51,0,,147,100
2707,27070,27870,4.061407111714028e-54,0,,144,100
2708,27080,27880,1.1551455101410256e-52,0,,142,100
2709,27090,27890,1.881683017231081e-53,0,,139,100
2710,27100,27900,8.871232703530485e-56,0,,137,100
2711,27110,27910,4.675790262547615e-53,0,,135,100
2712,27120,27920,5.040302124750824e-58,0,,134,100
2713,27130,27930,1.158999929155275e-52,0,,132,100
2714,27140,27940,2.306812265758611e-55,0,,130,100
2715,27150,27950,3.9702524887892974e-53,0,,128,100
2716,27160,27960,6.682154738600449e-53,0,,126,100
2717,27170,27970,2.715880267473112e-54,0,,124,100
2718,27180,27980,5.4610425238144856e-52,0,,121,100
2719,27190,27990,1.1908793141312029e-51,0,,118,100
2720,27200,28000,3.5279756929345763e-54,0,,116,100
2721,27210,28010,2.2441725608341567e-55,0,,115,100
2722,27220,28020,4.306824834504934e-55,0,,112,100
2723,27230,28030,8.029639238448662e-54,0,,111,100
2724,27240,28040,2.7254073107270223e-58,0,,109,100
2725,27250,28050,5.769784906374264e-51,0,,105,100
2726,27260,28060,6.633285273814879e-49,0,,104,100
2727,27270,28070,3.984636746090821e-49,0,,102,100
