window_index,char_start,char_end,p_z,extracted,error,n_tokens_in_chunk,sequence_len_tokens
0,0,800,9.076293211693696e-13,0,,208,100
1,10,810,2.7443574930793273e-08,0,,203,100
2,20,820,4.909451247421537e-11,0,,202,100
3,30,830,1.3187928850743356e-07,0,,201,100
4,40,840,1.323320583709686e-07,0,,201,100
5,50,850,2.0367218846636886e-08,0,,198,100
6,60,860,5.496533025365611e-08,0,,202,100
7,70,870,5.492249738773087e-05,0,,203,100
8,80,880,2.5254166137721e-09,0,,202,100
9,90,890,5.268401698863666e-08,0,,202,100
10,100,900,1.2225600902877603e-10,0,,202,100
11,110,910,2.56003863381698e-08,0,,200,100
12,120,920,2.910864228504984e-14,0,,197,100
13,130,930,4.619830751225162e-16,0,,199,100
14,140,940,2.4447136466437e-12,0,,198,100
15,150,950,1.8236650025030436e-13,0,,197,100
16,160,960,1.0930272339239812e-19,0,,196,100
17,170,970,3.6255787654655633e-12,0,,195,100
18,180,980,1.3019872748036077e-15,0,,194,100
19,190,990,9.298316734108247e-13,0,,195,100
20,200,1000,5.225865367200252e-13,0,,193,100
21,210,1010,6.328782379927591e-19,0,,192,100
22,220,1020,4.059269785072678e-18,0,,192,100
23,230,1030,3.154503372974479e-17,0,,191,100
24,240,1040,9.704395952849573e-20,0,,192,100
25,250,1050,4.350731538323607e-20,0,,191,100
26,260,1060,9.448518493674522e-18,0,,192,100
27,270,1070,8.291916851487945e-14,0,,192,100
28,280,1080,1.3934824112878506e-17,0,,193,100
29,290,1090,2.514228745453321e-12,0,,192,100
30,300,1100,2.0809369542032017e-17,0,,196,100
31,310,1110,1.0325181803628088e-16,0,,196,100
32,320,1120,4.9223037671379684e-21,0,,196,100
33,330,1130,1.0930045034785558e-16,0,,195,100
34,340,1140,1.9836264305599446e-14,0,,194,100
35,350,1150,1.5036562470631676e-15,0,,196,100
36,360,1160,2.2457463101951912e-17,0,,195,100
37,370,1170,3.5976177110368143e-13,0,,193,100
38,380,1180,1.0338779955284026e-13,0,,193,100
39,390,1190,2.936015973847639e-15,0,,196,100
40,400,1200,2.439492075804621e-18,0,,195,100
41,410,1210,2.9758877978553394e-19,0,,195,100
42,420,1220,1.7669676428655674e-19,0,,196,100
43,430,1230,5.285646874680272e-19,0,,195,100
44,440,1240,1.1989126286671068e-22,0,,194,100
45,450,1250,1.9015146176389938e-11,0,,195,100
46,460,1260,3.3705783428517715e-20,0,,196,100
47,470,1270,1.1475219682320341e-13,0,,195,100
48,480,1280,6.447279693166106e-09,0,,195,100
49,490,1290,1.0414343163750394e-09,0,,193,100
50,500,1300,1.3091947630939578e-19,0,,194,100
51,510,1310,3.487496773013659e-15,0,,193,100
52,520,1320,1.1179348169596123e-19,0,,192,100
53,530,1330,6.995692088592366e-15,0,,194,100
54,540,1340,7.061721007278017e-22,0,,195,100
55,550,1350,1.8933890025060465e-13,0,,194,100
56,560,1360,4.5293890300248034e-20,0,,195,100
57,570,1370,1.2207512627599323e-14,0,,197,100
58,580,1380,3.720394613069892e-12,0,,199,100
59,590,1390,5.221953769551892e-21,0,,202,100
60,600,1400,1.133724718087601e-06,0,,202,100
61,610,1410,4.4274348303645794e-16,0,,203,100
62,620,1420,2.673316843098556e-10,0,,202,100
63,630,1430,1.5610390854432052e-09,0,,201,100
64,640,1440,1.222594587355638e-06,0,,198,100
65,650,1450,3.2521779277713215e-16,0,,200,100
66,660,1460,4.485772829961603e-17,0,,201,100
67,670,1470,7.244313666054441e-10,0,,201,100
68,680,1480,1.7319558104597907e-07,0,,201,100
69,690,1490,6.16812813304097e-14,0,,198,100
70,700,1500,1.0384665396950478e-05,0,,197,100
71,710,1510,5.4991484742744365e-17,0,,195,100
72,720,1520,1.7292818905061773e-12,0,,196,100
73,730,1530,1.9060843574211223e-12,0,,195,100
74,740,1540,1.8078066528933696e-14,0,,193,100
75,750,1550,2.675626703206504e-10,0,,192,100
76,760,1560,2.6346386542688144e-14,0,,190,100
77,770,1570,2.452381987571223e-14,0,,189,100
78,780,1580,2.982898380806723e-13,0,,190,100
79,790,1590,5.626640793947645e-10,0,,188,100
80,800,1600,5.212213552866099e-15,0,,188,100
81,810,1610,5.275311431513117e-09,0,,188,100
82,820,1620,4.280752260445271e-18,0,,188,100
83,830,1630,1.6244703738668223e-11,0,,186,100
84,840,1640,2.8770564536709736e-13,0,,188,100
85,850,1650,5.9577818451273435e-12,0,,188,100
86,860,1660,2.0095842793657895e-06,0,,186,100
87,870,1670,1.4545911237860434e-09,0,,188,100
88,880,1680,1.3185303247412904e-07,0,,188,100
89,890,1690,3.7614866038918484e-08,0,,189,100
90,900,1700,1.8658163158015968e-08,0,,188,100
91,910,1710,2.2252681276062098e-13,0,,188,100
92,920,1720,6.900694888165914e-08,0,,188,100
93,930,1730,2.931351116699505e-11,0,,187,100
94,940,1740,3.991291923817053e-11,0,,186,100
95,950,1750,3.7453437609096143e-13,0,,185,100
96,960,1760,9.48740875581757e-14,0,,187,100
97,970,1770,2.2245214142118785e-13,0,,188,100
98,980,1780,5.764638833819535e-10,0,,186,100
99,990,1790,9.826174789128959e-10,0,,185,100
100,1000,1800,4.631518454175298e-07,0,,183,100
101,1010,1810,2.0909152063927903e-14,0,,184,100
102,1020,1820,9.111139938178354e-18,0,,185,100
103,1030,1830,3.046485301764239e-19,0,,186,100
104,1040,1840,9.126903535381345e-12,0,,187,100
105,1050,1850,2.3500237637694325e-10,0,,186,100
106,1060,1860,2.5510772432667393e-08,0,,186,100
107,1070,1870,2.8521480290028556e-19,0,,184,100
108,1080,1880,1.437893880257235e-19,0,,183,100
109,1090,1890,3.955454317787476e-10,0,,183,100
110,1100,1900,1.8243330398290977e-14,0,,185,100
111,1110,1910,1.956105124277249e-18,0,,184,100
112,1120,1920,7.600349562483592e-15,0,,180,100
113,1130,1930,9.41709200147628e-19,0,,180,100
114,1140,1940,3.528128535218401e-18,0,,181,100
115,1150,1950,8.035026233622718e-20,0,,181,100
116,1160,1960,6.312041147424803e-13,0,,183,100
117,1170,1970,3.3687810085487114e-20,0,,183,100
118,1180,1980,8.644634249648192e-19,0,,183,100
119,1190,1990,3.785183578951199e-15,0,,183,100
120,1200,2000,1.068021266284869e-13,0,,182,100
121,1210,2010,2.2034567981728738e-14,0,,183,100
122,1220,2020,7.558967939161304e-14,0,,183,100
123,1230,2030,1.8181483132974785e-15,0,,182,100
124,1240,2040,1.8609263229697467e-17,0,,181,100
125,1250,2050,1.0739279617574602e-18,0,,180,100
126,1260,2060,2.571459280381018e-19,0,,180,100
127,1270,2070,7.153649173193159e-20,0,,179,100
128,1280,2080,1.0777653675756235e-19,0,,181,100
129,1290,2090,1.1917181524915062e-15,0,,182,100
130,1300,2100,1.3281579268083516e-20,0,,180,100
131,1310,2110,3.1104916026455546e-21,0,,183,100
132,1320,2120,5.0355261298836745e-15,0,,184,100
133,1330,2130,4.3316255982232043e-16,0,,183,100
134,1340,2140,3.5113146762463196e-15,0,,184,100
135,1350,2150,9.823560189551588e-14,0,,183,100
136,1360,2160,8.740055482039706e-15,0,,183,100
137,1370,2170,5.013209141978346e-16,0,,180,100
138,1380,2180,1.7965742898604602e-19,0,,178,100
139,1390,2190,6.097640552927519e-17,0,,179,100
140,1400,2200,1.3086270171407749e-20,0,,179,100
141,1410,2210,1.7449351761883917e-21,0,,180,100
142,1420,2220,1.5511637144718743e-19,0,,180,100
143,1430,2230,1.9904507638710834e-16,0,,181,100
144,1440,2240,1.2892596407473598e-11,0,,182,100
145,1450,2250,2.1266599584833744e-16,0,,179,100
146,1460,2260,9.043111249243708e-13,0,,177,100
147,1470,2270,3.766750714936234e-16,0,,177,100
148,1480,2280,1.3336674037047137e-14,0,,177,100
149,1490,2290,1.841651270966349e-15,0,,177,100
150,1500,2300,7.574584745759395e-15,0,,176,100
151,1510,2310,9.571801720930595e-11,0,,176,100
152,1520,2320,1.7840560233500007e-14,0,,176,100
153,1530,2330,4.4337082076348755e-27,0,,176,100
154,1540,2340,3.78136125951939e-12,0,,177,100
155,1550,2350,1.2902280258164752e-14,0,,176,100
156,1560,2360,8.17471939238276e-23,0,,175,100
157,1570,2370,1.5994936063607493e-25,0,,174,100
158,1580,2380,9.35351667814206e-20,0,,175,100
159,1590,2390,1.905409799344122e-26,0,,176,100
160,1600,2400,1.886003714994816e-23,0,,177,100
161,1610,2410,3.310170196736257e-25,0,,177,100
162,1620,2420,3.2364735390440845e-17,0,,176,100
163,1630,2430,1.2753796320469389e-18,0,,176,100
164,1640,2440,1.0872633651970337e-23,0,,177,100
165,1650,2450,2.169839286552436e-19,0,,175,100
166,1660,2460,9.336447014440975e-23,0,,176,100
167,1670,2470,3.2654148588987973e-19,0,,177,100
168,1680,2480,2.443870454430649e-19,0,,177,100
169,1690,2490,1.4149380523895975e-21,0,,177,100
170,1700,2500,8.157483110592956e-17,0,,177,100
171,1710,2510,5.219039012925864e-24,0,,178,100
172,1720,2520,5.016088182360752e-28,0,,176,100
173,1730,2530,9.820639206910523e-28,0,,179,100
174,1740,2540,8.334084988202327e-24,0,,177,100
175,1750,2550,2.1773468234207767e-19,0,,176,100
176,1760,2560,4.0674937743528835e-23,0,,175,100
177,1770,2570,1.6824197614858747e-23,0,,176,100
178,1780,2580,6.27851939725079e-24,0,,174,100
179,1790,2590,2.6547122515829624e-22,0,,176,100
180,1800,2600,7.172888064980225e-23,0,,177,100
181,1810,2610,1.0494146368420286e-21,0,,177,100
182,1820,2620,2.8304913097739117e-25,0,,178,100
183,1830,2630,1.3994766711733487e-23,0,,176,100
184,1840,2640,7.191611018607974e-26,0,,176,100
185,1850,2650,1.107450902486309e-23,0,,176,100
186,1860,2660,3.2029169456973528e-25,0,,175,100
187,1870,2670,1.519676319239686e-25,0,,177,100
188,1880,2680,2.8044552116858555e-29,0,,176,100
189,1890,2690,1.9306692997931455e-30,0,,176,100
190,1900,2700,3.244098563795767e-21,0,,174,100
191,1910,2710,6.250739353395599e-20,0,,176,100
192,1920,2720,6.645952388297458e-19,0,,175,100
193,1930,2730,4.485422244847049e-21,0,,175,100
194,1940,2740,1.3816541485238356e-21,0,,177,100
195,1950,2750,3.268514942621162e-16,0,,176,100
196,1960,2760,1.0031256712247756e-15,0,,176,100
197,1970,2770,2.170338672652787e-30,0,,177,100
198,1980,2780,1.4166257092607142e-12,0,,173,100
199,1990,2790,2.1466951458814174e-30,0,,171,100
200,2000,2800,4.4457518036108845e-32,0,,171,100
201,2010,2810,2.3382068152532983e-31,0,,171,100
202,2020,2820,1.60586610424258e-20,0,,172,100
203,2030,2830,1.368565634050529e-36,0,,174,100
204,2040,2840,5.986620935681837e-20,0,,176,100
205,2050,2850,1.0349734145428377e-35,0,,174,100
206,2060,2860,2.0934331924019193e-15,0,,174,100
207,2070,2870,1.0312872230040917e-15,0,,174,100
208,2080,2880,2.687716794248378e-32,0,,173,100
209,2090,2890,3.856188810640442e-30,0,,172,100
210,2100,2900,1.372033986136408e-22,0,,172,100
211,2110,2910,4.796778254758408e-17,0,,171,100
212,2120,2920,1.1479935727950138e-32,0,,171,100
213,2130,2930,9.778955174338432e-26,0,,168,100
214,2140,2940,9.813847768610798e-22,0,,169,100
215,2150,2950,1.6280273820026698e-29,0,,169,100
216,2160,2960,2.1620571365321133e-31,0,,171,100
217,2170,2970,7.023443146556257e-30,0,,171,100
218,2180,2980,5.952051167662097e-30,0,,171,100
219,2190,2990,4.819161390862787e-22,0,,168,100
220,2200,3000,7.966483382572198e-23,0,,169,100
221,2210,3010,8.091637467414332e-29,0,,170,100
222,2220,3020,1.0745980508292526e-26,0,,169,100
223,2230,3030,2.0708375915007674e-35,0,,168,100
224,2240,3040,8.31988537685707e-38,0,,171,100
225,2250,3050,1.2077019412118206e-20,0,,171,100
226,2260,3060,4.452027367265923e-21,0,,169,100
227,2270,3070,1.909058304225948e-20,0,,169,100
228,2280,3080,1.101509183325498e-20,0,,169,100
229,2290,3090,1.938615766796962e-39,0,,169,100
230,2300,3100,8.250475851556604e-23,0,,169,100
231,2310,3110,3.505027502578355e-37,0,,173,100
232,2320,3120,2.6449676471085613e-36,0,,171,100
233,2330,3130,4.534398685600431e-41,0,,170,100
234,2340,3140,1.4848276650749638e-21,0,,168,100
235,2350,3150,4.125492801889511e-39,0,,168,100
236,2360,3160,7.429696428345461e-39,0,,168,100
237,2370,3170,5.87879115605784e-23,0,,168,100
238,2380,3180,1.9447519081558154e-34,0,,172,100
239,2390,3190,5.998090178540378e-31,0,,167,100
240,2400,3200,2.1796256853711827e-25,0,,167,100
241,2410,3210,2.3624167375397066e-25,0,,165,100
242,2420,3220,1.983362237112707e-27,0,,166,100
243,2430,3230,1.475092529458526e-26,0,,165,100
244,2440,3240,6.369802711460945e-23,0,,165,100
245,2450,3250,1.614356172674757e-28,0,,167,100
246,2460,3260,9.856281525437606e-22,0,,170,100
247,2470,3270,4.817312019682237e-22,0,,168,100
248,2480,3280,3.2213255079261175e-25,0,,170,100
249,2490,3290,7.133468397528743e-23,0,,167,100
250,2500,3300,1.3149688493833305e-23,0,,166,100
251,2510,3310,1.4390229117285006e-21,0,,166,100
252,2520,3320,1.8695449204408737e-26,0,,166,100
253,2530,3330,1.7344801725195096e-31,0,,168,100
254,2540,3340,7.587650350432347e-25,0,,169,100
255,2550,3350,8.825342432796559e-26,0,,169,100
256,2560,3360,2.1022067072380875e-25,0,,170,100
257,2570,3370,9.45936960163036e-25,0,,170,100
258,2580,3380,5.2534331555486274e-33,0,,169,100
259,2590,3390,2.7548256803690984e-24,0,,169,100
260,2600,3400,1.4404758276648222e-33,0,,169,100
261,2610,3410,3.237795890443807e-25,0,,169,100
262,2620,3420,1.3388992668749687e-25,0,,170,100
263,2630,3430,8.442900840419465e-33,0,,170,100
264,2640,3440,4.6853675593340527e-32,0,,171,100
265,2650,3450,2.4764849573183096e-20,0,,171,100
266,2660,3460,3.0368314101650037e-24,0,,170,100
267,2670,3470,2.970536734198367e-21,0,,170,100
268,2680,3480,1.1446367269453608e-18,0,,170,100
269,2690,3490,2.6414000100643375e-21,0,,170,100
270,2700,3500,2.780152456117756e-23,0,,172,100
271,2710,3510,3.882566294502244e-23,0,,169,100
272,2720,3520,2.3150322635398262e-20,0,,170,100
273,2730,3530,9.330512810994983e-22,0,,168,100
274,2740,3540,3.685133985781437e-21,0,,167,100
275,2750,3550,3.489040932636812e-21,0,,169,100
276,2760,3560,4.74833938751573e-21,0,,166,100
277,2770,3570,8.770621862751452e-25,0,,167,100
278,2780,3580,2.8270543199590013e-18,0,,169,100
279,2790,3590,1.2114678963004054e-19,0,,170,100
280,2800,3600,3.594857431672214e-19,0,,171,100
281,2810,3610,1.4768735536676573e-21,0,,171,100
282,2820,3620,2.078643262133114e-23,0,,171,100
283,2830,3630,1.984750378015835e-25,0,,172,100
284,2840,3640,4.0422097343271764e-29,0,,171,100
285,2850,3650,7.2211151359857705e-28,0,,171,100
286,2860,3660,2.345582519325854e-19,0,,170,100
287,2870,3670,8.43620124983551e-18,0,,171,100
288,2880,3680,1.1122904742541782e-18,0,,171,100
289,2890,3690,1.5427602998209028e-16,0,,170,100
290,2900,3700,4.274008257207846e-24,0,,171,100
291,2910,3710,5.811954711755596e-26,0,,171,100
292,2920,3720,5.823075195228262e-24,0,,171,100
293,2930,3730,4.9690201964612615e-18,0,,170,100
294,2940,3740,1.803301584976066e-26,0,,171,100
295,2950,3750,4.821663337551469e-22,0,,171,100
296,2960,3760,5.1008907467603123e-23,0,,172,100
297,2970,3770,1.133919498801421e-21,0,,172,100
298,2980,3780,6.996066076468901e-22,0,,172,100
299,2990,3790,4.462864105888704e-18,0,,172,100
300,3000,3800,2.3416136652241053e-20,0,,171,100
301,3010,3810,1.2216523006455273e-20,0,,172,100
302,3020,3820,7.25451034733515e-20,0,,172,100
303,3030,3830,4.817759684900819e-18,0,,170,100
304,3040,3840,1.6766808415590638e-14,0,,171,100
305,3050,3850,3.545666531700741e-14,0,,171,100
306,3060,3860,8.202875437712174e-14,0,,171,100
307,3070,3870,6.488924788586434e-15,0,,173,100
308,3080,3880,1.6188482266189636e-17,0,,174,100
309,3090,3890,1.3098761849838629e-12,0,,173,100
310,3100,3900,4.328727434533473e-10,0,,175,100
311,3110,3910,7.693974653370331e-14,0,,174,100
312,3120,3920,1.4171039585723218e-22,0,,174,100
313,3130,3930,5.390945758404308e-11,0,,176,100
314,3140,3940,3.073071962372444e-18,0,,177,100
315,3150,3950,2.2302765397143232e-11,0,,179,100
316,3160,3960,5.354741421080563e-22,0,,180,100
317,3170,3970,5.10274173512898e-21,0,,181,100
318,3180,3980,8.777307037918961e-16,0,,179,100
319,3190,3990,6.446379460280681e-19,0,,179,100
320,3200,4000,3.266285816587049e-18,0,,181,100
321,3210,4010,8.492468836011287e-18,0,,182,100
322,3220,4020,8.145282225028953e-15,0,,183,100
323,3230,4030,2.3181223460827843e-17,0,,183,100
324,3240,4040,1.0000404718004323e-21,0,,185,100
325,3250,4050,3.3569771416429003e-21,0,,182,100
326,3260,4060,9.976345232614753e-23,0,,177,100
327,3270,4070,6.722200072043719e-20,0,,178,100
328,3280,4080,4.2778851440824025e-21,0,,177,100
329,3290,4090,2.3502253070432626e-21,0,,179,100
330,3300,4100,2.601665347815989e-20,0,,177,100
331,3310,4110,2.0634218785163978e-19,0,,179,100
332,3320,4120,4.2032905033030207e-16,0,,181,100
333,3330,4130,6.83443011476607e-19,0,,178,100
334,3340,4140,7.213320931795028e-18,0,,177,100
335,3350,4150,7.245980200913574e-22,0,,179,100
336,3360,4160,2.018522725506593e-21,0,,176,100
337,3370,4170,1.1103377170762801e-27,0,,176,100
338,3380,4180,1.741912692657971e-26,0,,178,100
339,3390,4190,4.009156437748393e-31,0,,177,100
340,3400,4200,2.1021941118283444e-21,0,,176,100
341,3410,4210,2.6409545857335355e-33,0,,177,100
342,3420,4220,3.6621026770245057e-22,0,,179,100
343,3430,4230,2.0149290473486953e-19,0,,174,100
344,3440,4240,9.262702866439909e-24,0,,173,100
345,3450,4250,5.792362887949077e-31,0,,176,100
346,3460,4260,1.5364846142643244e-31,0,,175,100
347,3470,4270,5.609943637564418e-37,0,,175,100
348,3480,4280,2.2108733615146238e-20,0,,176,100
349,3490,4290,1.3804912818981188e-25,0,,178,100
350,3500,4300,3.683951110130469e-32,0,,178,100
351,3510,4310,2.427210838380684e-31,0,,179,100
352,3520,4320,2.5352196800411464e-26,0,,180,100
353,3530,4330,1.8796222532964912e-33,0,,179,100
354,3540,4340,1.2633253420777215e-28,0,,180,100
355,3550,4350,2.6982358824500965e-25,0,,179,100
356,3560,4360,2.2873231750753144e-29,0,,180,100
357,3570,4370,2.0361549543742967e-20,0,,178,100
358,3580,4380,1.4435869962275945e-20,0,,180,100
359,3590,4390,3.338618309066806e-31,0,,179,100
360,3600,4400,6.402693439006949e-22,0,,178,100
361,3610,4410,1.9947305136026916e-25,0,,179,100
362,3620,4420,6.1316569787271766e-33,0,,178,100
363,3630,4430,3.3665730239399295e-31,0,,180,100
364,3640,4440,1.5266520926708354e-31,0,,182,100
365,3650,4450,3.6257640887792944e-31,0,,181,100
366,3660,4460,2.125085935295832e-32,0,,181,100
367,3670,4470,1.9789520604433686e-31,0,,178,100
368,3680,4480,1.0252477972807939e-34,0,,182,100
369,3690,4490,3.001281940835183e-23,0,,184,100
370,3700,4500,8.806269475831503e-32,0,,184,100
371,3710,4510,2.5936107850163963e-23,0,,183,100
372,3720,4520,5.599053640167061e-36,0,,185,100
373,3730,4530,8.637263817936694e-22,0,,184,100
374,3740,4540,1.8647380334641727e-18,0,,184,100
375,3750,4550,5.1841074650102725e-30,0,,187,100
376,3760,4560,1.2904134710805555e-25,0,,185,100
377,3770,4570,4.522401867173665e-28,0,,186,100
378,3780,4580,2.6953964778131756e-27,0,,187,100
379,3790,4590,8.16634107687882e-27,0,,187,100
380,3800,4600,1.5405001168577892e-22,0,,184,100
381,3810,4610,7.23830725549713e-25,0,,185,100
382,3820,4620,1.1017711426350485e-27,0,,186,100
383,3830,4630,1.66606005799689e-23,0,,187,100
384,3840,4640,9.930981251204279e-22,0,,185,100
385,3850,4650,4.459581803692576e-19,0,,186,100
386,3860,4660,8.214072123261555e-20,0,,185,100
387,3870,4670,5.020631770755746e-22,0,,184,100
388,3880,4680,3.448517903555616e-19,0,,185,100
389,3890,4690,2.3567935128430026e-15,0,,186,100
390,3900,4700,9.243310992412926e-22,0,,185,100
391,3910,4710,6.466756260349023e-21,0,,185,100
392,3920,4720,1.3251045780625223e-15,0,,184,100
393,3930,4730,3.944333874306805e-22,0,,185,100
394,3940,4740,6.317029150751378e-22,0,,183,100
395,3950,4750,8.579633945027805e-20,0,,185,100
396,3960,4760,3.340507422188011e-15,0,,183,100
397,3970,4770,9.75801955813435e-18,0,,184,100
398,3980,4780,1.33409113583369e-12,0,,186,100
399,3990,4790,1.402204409628243e-10,0,,186,100
400,4000,4800,3.748108937790042e-12,0,,185,100
401,4010,4810,1.2090400699071125e-21,0,,186,100
402,4020,4820,8.514160028120605e-26,0,,186,100
403,4030,4830,1.8210766323048364e-15,0,,186,100
404,4040,4840,3.7151342468021166e-15,0,,186,100
405,4050,4850,2.2372749518646306e-25,0,,184,100
406,4060,4860,4.17618578634104e-25,0,,187,100
407,4070,4870,2.256427693544392e-14,0,,184,100
408,4080,4880,1.1471743333405405e-17,0,,184,100
409,4090,4890,1.3427987474955312e-21,0,,183,100
410,4100,4900,1.7266884559249772e-10,0,,185,100
411,4110,4910,4.327838670843392e-24,0,,184,100
412,4120,4920,6.844997533983945e-23,0,,183,100
413,4130,4930,2.3367438084165856e-23,0,,184,100
414,4140,4940,5.72778406906042e-16,0,,185,100
415,4150,4950,3.21327948263213e-12,0,,186,100
416,4160,4960,3.635129979338973e-17,0,,187,100
417,4170,4970,3.612374441091192e-20,0,,189,100
418,4180,4980,4.731647837854078e-12,0,,190,100
419,4190,4990,3.363365785024079e-14,0,,188,100
420,4200,5000,1.7903107599438153e-16,0,,190,100
421,4210,5010,1.5438459672302558e-12,0,,190,100
422,4220,5020,9.479784557254538e-17,0,,192,100
423,4230,5030,2.0482229202280197e-17,0,,192,100
424,4240,5040,2.912341247975616e-16,0,,194,100
425,4250,5050,2.714917415659064e-19,0,,194,100
426,4260,5060,6.0404843568134326e-15,0,,193,100
427,4270,5070,7.809192087057743e-17,0,,194,100
428,4280,5080,1.7748328600376405e-14,0,,194,100
429,4290,5090,1.8753860666462083e-18,0,,190,100
430,4300,5100,3.572563473805238e-14,0,,190,100
431,4310,5110,4.3021094265223183e-16,0,,193,100
432,4320,5120,1.687630842076629e-15,0,,193,100
433,4330,5130,1.3607277382680753e-19,0,,193,100
434,4340,5140,7.841168239599288e-13,0,,195,100
435,4350,5150,5.662853003582846e-21,0,,194,100
436,4360,5160,6.870037310077652e-11,0,,193,100
437,4370,5170,3.5360098325309315e-19,0,,193,100
438,4380,5180,3.903106668440013e-22,0,,193,100
439,4390,5190,1.540483348780537e-20,0,,192,100
440,4400,5200,5.400355828898664e-16,0,,192,100
441,4410,5210,4.682860517371242e-19,0,,190,100
442,4420,5220,1.7844811579554594e-14,0,,189,100
443,4430,5230,1.4106274642279645e-22,0,,188,100
444,4440,5240,3.7576933937799044e-19,0,,188,100
445,4450,5250,1.8783149623752065e-24,0,,188,100
446,4460,5260,1.9690937156254926e-19,0,,187,100
447,4470,5270,8.082857149816011e-19,0,,190,100
448,4480,5280,1.1794174265016796e-18,0,,188,100
449,4490,5290,1.677825984271341e-15,0,,189,100
450,4500,5300,1.6486931012039756e-20,0,,188,100
451,4510,5310,6.398370937994118e-27,0,,187,100
452,4520,5320,1.548420479067735e-21,0,,187,100
453,4530,5330,2.7047669456215345e-23,0,,188,100
454,4540,5340,3.795723480164134e-20,0,,189,100
455,4550,5350,1.6923500219771922e-26,0,,188,100
456,4560,5360,5.928118303032847e-26,0,,189,100
457,4570,5370,1.1859744474104748e-26,0,,188,100
458,4580,5380,2.445203292405723e-26,0,,191,100
459,4590,5390,1.5264540152906706e-26,0,,193,100
460,4600,5400,2.3667191038909502e-23,0,,192,100
461,4610,5410,3.488864535790262e-23,0,,193,100
462,4620,5420,2.494609335567704e-28,0,,193,100
463,4630,5430,1.621952309897815e-22,0,,192,100
464,4640,5440,4.676465365744214e-27,0,,191,100
465,4650,5450,2.287951439455713e-31,0,,192,100
466,4660,5460,7.475415328321545e-26,0,,192,100
467,4670,5470,2.022823217192904e-29,0,,191,100
468,4680,5480,1.559040789322223e-26,0,,191,100
469,4690,5490,3.8427914744347026e-25,0,,190,100
470,4700,5500,5.021798344442245e-25,0,,189,100
471,4710,5510,1.4550403534335607e-27,0,,191,100
472,4720,5520,1.0518803018433112e-25,0,,191,100
473,4730,5530,8.250636225490844e-23,0,,190,100
474,4740,5540,3.4411787542195653e-29,0,,189,100
475,4750,5550,1.1620450895847096e-22,0,,188,100
476,4760,5560,8.947340035929436e-21,0,,187,100
477,4770,5570,1.8817778091425146e-24,0,,187,100
478,4780,5580,1.4840926565083347e-25,0,,185,100
479,4790,5590,8.566463727072386e-27,0,,187,100
480,4800,5600,3.071499270108806e-27,0,,188,100
481,4810,5610,5.2271676824066076e-27,0,,186,100
482,4820,5620,6.546767577927258e-24,0,,186,100
483,4830,5630,2.4689672339717542e-23,0,,185,100
484,4840,5640,2.0864299987776045e-22,0,,186,100
485,4850,5650,8.881993083584675e-25,0,,188,100
486,4860,5660,3.780201819722628e-21,0,,189,100
487,4870,5670,1.3998654118050655e-27,0,,189,100
488,4880,5680,5.068832297671953e-31,0,,188,100
489,4890,5690,2.5030520211520227e-21,0,,189,100
490,4900,5700,1.3321697825559e-13,0,,189,100
491,4910,5710,4.104877001804649e-18,0,,190,100
492,4920,5720,5.2957304965955525e-28,0,,191,100
493,4930,5730,2.7700130291491844e-28,0,,191,100
494,4940,5740,3.512140071736663e-29,0,,191,100
495,4950,5750,5.766800365538603e-14,0,,193,100
496,4960,5760,6.975278520615835e-19,0,,190,100
497,4970,5770,1.0492775482732183e-29,0,,189,100
498,4980,5780,6.7732502199975275e-18,0,,189,100
499,4990,5790,3.204372481007512e-11,0,,191,100
500,5000,5800,8.29564528832767e-24,0,,190,100
501,5010,5810,1.019530209807044e-22,0,,190,100
502,5020,5820,2.3403652777789018e-17,0,,188,100
503,5030,5830,5.260025361684083e-13,0,,186,100
504,5040,5840,2.724746649613509e-21,0,,186,100
505,5050,5850,1.7097496911547572e-20,0,,188,100
506,5060,5860,5.1625527256443364e-21,0,,188,100
507,5070,5870,3.3840478475702795e-11,0,,189,100
508,5080,5880,6.358438837614195e-14,0,,191,100
509,5090,5890,3.054044466180562e-20,0,,192,100
510,5100,5900,1.445877389960822e-12,0,,190,100
511,5110,5910,1.8913965259426717e-17,0,,189,100
512,5120,5920,9.111768270775788e-20,0,,187,100
513,5130,5930,3.8470410143192233e-19,0,,190,100
514,5140,5940,6.705028447298157e-21,0,,191,100
515,5150,5950,9.439029850979427e-17,0,,189,100
516,5160,5960,8.877501248322477e-20,0,,190,100
517,5170,5970,1.5425837525811183e-20,0,,188,100
518,5180,5980,2.8266511363737287e-23,0,,192,100
519,5190,5990,4.200844225401582e-21,0,,191,100
520,5200,6000,3.611930548741443e-24,0,,193,100
521,5210,6010,2.031886349009916e-18,0,,193,100
522,5220,6020,5.78627447579474e-27,0,,192,100
523,5230,6030,1.6750887924808954e-17,0,,190,100
524,5240,6040,8.750652130916825e-18,0,,188,100
525,5250,6050,1.6749598141260493e-26,0,,190,100
526,5260,6060,2.7185761535183785e-21,0,,190,100
527,5270,6070,1.9114765015999948e-25,0,,187,100
528,5280,6080,1.7305773684063625e-25,0,,188,100
529,5290,6090,2.6787827340483392e-20,0,,187,100
530,5300,6100,3.519586273225771e-21,0,,186,100
531,5310,6110,1.4108316711353223e-20,0,,184,100
532,5320,6120,4.962829750863987e-25,0,,185,100
533,5330,6130,1.7529445028930796e-28,0,,184,100
534,5340,6140,9.922442902944655e-25,0,,183,100
535,5350,6150,3.698150732698842e-23,0,,183,100
536,5360,6160,3.1883028332521655e-26,0,,182,100
537,5370,6170,2.622273264671987e-27,0,,181,100
538,5380,6180,2.0448817471853252e-22,0,,177,100
539,5390,6190,2.980395962038321e-20,0,,179,100
540,5400,6200,4.0749787321870606e-20,0,,179,100
541,5410,6210,2.407343877954174e-28,0,,178,100
542,5420,6220,9.637599108640026e-31,0,,178,100
543,5430,6230,4.5825085835796255e-18,0,,182,100
544,5440,6240,3.705134651071769e-26,0,,182,100
545,5450,6250,2.3331188096835475e-19,0,,182,100
546,5460,6260,4.212765197981069e-26,0,,182,100
547,5470,6270,8.44127919172031e-20,0,,183,100
548,5480,6280,1.8346061755918672e-16,0,,181,100
549,5490,6290,1.96427362925123e-28,0,,181,100
550,5500,6300,1.6466044208172116e-28,0,,180,100
551,5510,6310,9.33197931289673e-12,0,,178,100
552,5520,6320,3.3675071453885315e-30,0,,179,100
553,5530,6330,2.410903874661787e-29,0,,178,100
554,5540,6340,8.85144315547535e-19,0,,178,100
555,5550,6350,3.247507943360107e-26,0,,178,100
556,5560,6360,9.880236453731158e-27,0,,177,100
557,5570,6370,3.8714292412126415e-25,0,,177,100
558,5580,6380,2.798687303999152e-25,0,,174,100
559,5590,6390,1.2965541918583904e-25,0,,174,100
560,5600,6400,6.390405232193065e-23,0,,174,100
561,5610,6410,3.7903734792901636e-23,0,,174,100
562,5620,6420,5.398231857581528e-23,0,,171,100
563,5630,6430,7.090589555193835e-24,0,,171,100
564,5640,6440,5.989014880840909e-23,0,,172,100
565,5650,6450,2.8576449467425676e-16,0,,167,100
566,5660,6460,1.7206175985518956e-20,0,,167,100
567,5670,6470,2.5938078232470245e-19,0,,169,100
568,5680,6480,9.104427476352932e-18,0,,169,100
569,5690,6490,1.2989756289662203e-16,0,,168,100
570,5700,6500,3.7225538213505034e-17,0,,167,100
571,5710,6510,8.707537027207025e-13,0,,166,100
572,5720,6520,1.1921685979082414e-22,0,,165,100
573,5730,6530,1.2549896715332166e-24,0,,165,100
574,5740,6540,3.020380560719016e-13,0,,165,100
575,5750,6550,2.7774921871645653e-19,0,,165,100
576,5760,6560,4.036910178646439e-13,0,,165,100
577,5770,6570,9.861106055084544e-16,0,,166,100
578,5780,6580,6.03074602624445e-17,0,,163,100
579,5790,6590,6.612919579126837e-15,0,,163,100
580,5800,6600,2.226000523723095e-20,0,,165,100
581,5810,6610,7.638544823455408e-15,0,,165,100
582,5820,6620,1.1279384172599e-15,0,,165,100
583,5830,6630,1.3030882490392915e-19,0,,167,100
584,5840,6640,8.91043888950495e-19,0,,165,100
585,5850,6650,1.5530636060557e-20,0,,164,100
586,5860,6660,1.5601478639704415e-18,0,,161,100
587,5870,6670,1.3975786231588796e-17,0,,163,100
588,5880,6680,1.6470253234343232e-19,0,,162,100
589,5890,6690,2.2008372548308025e-25,0,,164,100
590,5900,6700,1.0098158892616636e-22,0,,163,100
591,5910,6710,5.443086013529295e-28,0,,164,100
592,5920,6720,1.7064429485596294e-17,0,,164,100
593,5930,6730,3.0903975529992728e-25,0,,163,100
594,5940,6740,1.0791704931739269e-14,0,,166,100
595,5950,6750,1.0735166917317901e-10,0,,165,100
596,5960,6760,8.906287440502871e-20,0,,167,100
597,5970,6770,1.6093730833980213e-14,0,,165,100
598,5980,6780,4.760771099594005e-18,0,,162,100
599,5990,6790,2.8770453501950307e-12,0,,163,100
600,6000,6800,7.670933407319943e-16,0,,163,100
601,6010,6810,8.900020984865968e-24,0,,165,100
602,6020,6820,8.363898079030427e-24,0,,167,100
603,6030,6830,3.102689430807758e-25,0,,168,100
604,6040,6840,1.4049272892848029e-21,0,,168,100
605,6050,6850,2.926414145022122e-16,0,,166,100
606,6060,6860,5.977858725987024e-13,0,,168,100
607,6070,6870,1.3836294727041539e-24,0,,170,100
608,6080,6880,6.660814234539223e-15,0,,172,100
609,6090,6890,2.612765642380401e-27,0,,170,100
610,6100,6900,2.0160536030418954e-21,0,,169,100
611,6110,6910,7.587463453875097e-26,0,,171,100
612,6120,6920,2.8427567646943144e-25,0,,168,100
613,6130,6930,5.493272797885915e-15,0,,168,100
614,6140,6940,3.3447386784355024e-27,0,,170,100
615,6150,6950,1.6235054011134762e-14,0,,171,100
616,6160,6960,1.7380260477111496e-20,0,,171,100
617,6170,6970,4.9797784987982115e-25,0,,172,100
618,6180,6980,1.534783087010149e-19,0,,172,100
619,6190,6990,9.406127269892858e-26,0,,172,100
620,6200,7000,1.2246594953729037e-18,0,,174,100
621,6210,7010,3.5517465214431155e-16,0,,172,100
622,6220,7020,4.5296530520910156e-14,0,,172,100
623,6230,7030,1.2604447781807075e-19,0,,169,100
624,6240,7040,2.7810897454243507e-24,0,,170,100
625,6250,7050,7.315634000516042e-20,0,,169,100
626,6260,7060,5.145666540508787e-18,0,,171,100
627,6270,7070,1.3119236320770738e-30,0,,172,100
628,6280,7080,2.3977159284485545e-13,0,,171,100
629,6290,7090,3.2906953417473866e-25,0,,171,100
630,6300,7100,7.129163633080202e-14,0,,172,100
631,6310,7110,1.5965529091359788e-22,0,,172,100
632,6320,7120,1.106980214701893e-29,0,,172,100
633,6330,7130,1.1882102494491044e-19,0,,171,100
634,6340,7140,9.229187478404245e-24,0,,171,100
635,6350,7150,1.1113393083442335e-27,0,,173,100
636,6360,7160,9.891678863229677e-29,0,,172,100
637,6370,7170,3.3449553830968197e-17,0,,174,100
638,6380,7180,7.186983787597346e-28,0,,173,100
639,6390,7190,2.7917424667203824e-23,0,,172,100
640,6400,7200,7.255673486331375e-25,0,,173,100
641,6410,7210,3.2984419258817185e-25,0,,174,100
642,6420,7220,5.7191460506219e-20,0,,176,100
643,6430,7230,2.5541705381782166e-24,0,,178,100
644,6440,7240,2.7301251872763373e-20,0,,178,100
645,6450,7250,8.46078471008048e-27,0,,180,100
646,6460,7260,4.410210242939699e-15,0,,179,100
647,6470,7270,3.4958393924404094e-28,0,,181,100
648,6480,7280,9.196236048775382e-18,0,,180,100
649,6490,7290,2.6579777851904398e-27,0,,181,100
650,6500,7300,1.1286420671513724e-19,0,,179,100
651,6510,7310,3.0579855109059584e-23,0,,178,100
652,6520,7320,1.9768372850015294e-10,0,,177,100
653,6530,7330,2.3074515666132697e-10,0,,179,100
654,6540,7340,1.5452677545147472e-15,0,,180,100
655,6550,7350,3.258450550943608e-14,0,,178,100
656,6560,7360,1.6245407728900074e-14,0,,176,100
657,6570,7370,3.784139457757586e-17,0,,176,100
658,6580,7380,1.271975202587617e-19,0,,177,100
659,6590,7390,3.3631968160543817e-15,0,,175,100
660,6600,7400,7.619915784439266e-20,0,,175,100
661,6610,7410,1.8577267147463577e-20,0,,175,100
662,6620,7420,4.218333004049525e-17,0,,174,100
663,6630,7430,1.7685242577945536e-15,0,,174,100
664,6640,7440,1.2032854927294239e-17,0,,176,100
665,6650,7450,6.466028324020502e-14,0,,176,100
666,6660,7460,3.5956758262364505e-14,0,,176,100
667,6670,7470,2.9230846798052008e-15,0,,176,100
668,6680,7480,1.4128544688947081e-14,0,,173,100
669,6690,7490,4.039680579648444e-18,0,,173,100
670,6700,7500,5.16199101337355e-15,0,,173,100
671,6710,7510,1.9038673413147067e-12,0,,172,100
672,6720,7520,6.663971628359659e-17,0,,172,100
673,6730,7530,6.6452071874721795e-19,0,,171,100
674,6740,7540,5.22132373606456e-19,0,,171,100
675,6750,7550,3.11444259206007e-23,0,,170,100
676,6760,7560,1.8737653939831355e-18,0,,170,100
677,6770,7570,6.089021232843441e-19,0,,171,100
678,6780,7580,7.241550951345146e-22,0,,169,100
679,6790,7590,4.406382072597426e-22,0,,169,100
680,6800,7600,1.2709944384106163e-10,0,,170,100
681,6810,7610,6.5434250706094235e-15,0,,170,100
682,6820,7620,6.194698988455837e-12,0,,169,100
683,6830,7630,1.3276587650770644e-18,0,,168,100
684,6840,7640,1.6294782196949125e-16,0,,169,100
685,6850,7650,2.1547501208333717e-15,0,,170,100
686,6860,7660,2.871071009190794e-16,0,,166,100
687,6870,7670,1.1026044166354783e-22,0,,166,100
688,6880,7680,3.937234544039204e-18,0,,166,100
689,6890,7690,1.1946209652402703e-19,0,,168,100
690,6900,7700,7.085809658629202e-22,0,,169,100
691,6910,7710,6.668997840712754e-19,0,,169,100
692,6920,7720,9.08906639819784e-24,0,,170,100
693,6930,7730,6.464793590655174e-18,0,,169,100
694,6940,7740,1.5209782427359114e-22,0,,171,100
695,6950,7750,1.4236999416100315e-14,0,,170,100
696,6960,7760,5.052313960060857e-22,0,,171,100
697,6970,7770,3.060274794690989e-24,0,,172,100
698,6980,7780,1.4753071189473095e-21,0,,171,100
699,6990,7790,1.385479083974105e-24,0,,168,100
700,7000,7800,9.637912869939748e-21,0,,169,100
701,7010,7810,9.194185362392853e-21,0,,169,100
702,7020,7820,2.810304505786225e-26,0,,171,100
703,7030,7830,5.200681915426125e-26,0,,171,100
704,7040,7840,1.6548262872495057e-24,0,,170,100
705,7050,7850,1.1301210366648332e-19,0,,171,100
706,7060,7860,2.543766919147694e-23,0,,167,100
707,7070,7870,2.276009921343911e-21,0,,169,100
708,7080,7880,6.117813889044875e-19,0,,168,100
709,7090,7890,3.28106183700063e-26,0,,167,100
710,7100,7900,4.323683876761296e-27,0,,169,100
711,7110,7910,1.0987368379510034e-19,0,,169,100
712,7120,7920,1.4453264995568452e-26,0,,171,100
713,7130,7930,6.705262134862365e-20,0,,170,100
714,7140,7940,6.648353944035523e-28,0,,170,100
715,7150,7950,1.549806672860007e-25,0,,172,100
716,7160,7960,2.403966180924659e-20,0,,173,100
717,7170,7970,6.688988152052278e-27,0,,175,100
718,7180,7980,3.760170692537215e-26,0,,174,100
719,7190,7990,1.2130188165735178e-27,0,,174,100
720,7200,8000,1.4613275648076046e-22,0,,173,100
721,7210,8010,1.3921940244761028e-22,0,,172,100
722,7220,8020,5.8837832099529735e-27,0,,170,100
723,7230,8030,3.4300283930648717e-23,0,,170,100
724,7240,8040,1.021428744621354e-20,0,,169,100
725,7250,8050,6.76866366182887e-24,0,,168,100
726,7260,8060,9.98433012930711e-21,0,,170,100
727,7270,8070,5.286561507635681e-20,0,,169,100
728,7280,8080,6.3139030237678545e-19,0,,172,100
729,7290,8090,4.77956738011767e-19,0,,171,100
730,7300,8100,4.3649491968190004e-26,0,,170,100
731,7310,8110,6.593735124064956e-17,0,,171,100
732,7320,8120,7.674119826963372e-23,0,,171,100
733,7330,8130,6.8694792568709785e-18,0,,166,100
734,7340,8140,6.423170425895292e-15,0,,169,100
735,7350,8150,6.884439633434628e-18,0,,168,100
736,7360,8160,1.6298348439090232e-19,0,,168,100
737,7370,8170,2.4584606854747364e-19,0,,167,100
738,7380,8180,2.4326192294919206e-22,0,,169,100
739,7390,8190,2.123795422738782e-20,0,,168,100
740,7400,8200,5.369563167730242e-17,0,,167,100
741,7410,8210,4.168110127714141e-16,0,,170,100
742,7420,8220,7.003930928546598e-17,0,,169,100
743,7430,8230,8.433506510629327e-16,0,,168,100
744,7440,8240,8.224601586274411e-18,0,,166,100
745,7450,8250,7.502404150515211e-19,0,,168,100
746,7460,8260,2.935382434689806e-20,0,,166,100
747,7470,8270,3.518820971670948e-15,0,,167,100
748,7480,8280,1.974480078258033e-15,0,,168,100
749,7490,8290,4.93674952039055e-17,0,,167,100
750,7500,8300,9.95085592495663e-17,0,,169,100
751,7510,8310,1.405253136188909e-17,0,,166,100
752,7520,8320,4.113314765343145e-18,0,,168,100
753,7530,8330,5.036570505697861e-13,0,,167,100
754,7540,8340,1.983298364128238e-14,0,,168,100
755,7550,8350,1.3639714150283393e-15,0,,170,100
756,7560,8360,4.438612785326622e-16,0,,169,100
757,7570,8370,1.535735605934435e-08,0,,171,100
758,7580,8380,7.572098215173361e-10,0,,171,100
759,7590,8390,2.6786744853297633e-18,0,,171,100
760,7600,8400,1.1701603380046673e-19,0,,169,100
761,7610,8410,4.5076086323491175e-17,0,,169,100
762,7620,8420,1.63086478635194e-17,0,,170,100
763,7630,8430,3.6863890120831973e-13,0,,171,100
764,7640,8440,3.890216312859596e-09,0,,170,100
765,7650,8450,1.8308397477776533e-09,0,,168,100
766,7660,8460,1.643944235544151e-14,0,,167,100
767,7670,8470,3.3291731138023815e-13,0,,168,100
768,7680,8480,2.9923829879204874e-17,0,,168,100
769,7690,8490,4.242179604846755e-13,0,,169,100
770,7700,8500,6.032296409947993e-10,0,,167,100
771,7710,8510,1.9132928221774835e-14,0,,167,100
772,7720,8520,6.865520066711958e-20,0,,169,100
773,7730,8530,3.797128913732503e-11,0,,165,100
774,7740,8540,5.173227433912838e-19,0,,165,100
775,7750,8550,4.982367534438783e-19,0,,166,100
776,7760,8560,8.380021267224475e-18,0,,167,100
777,7770,8570,4.19228202418109e-16,0,,167,100
778,7780,8580,4.2476862349294027e-13,0,,167,100
779,7790,8590,1.9079913815703905e-13,0,,167,100
780,7800,8600,2.913320021209069e-18,0,,165,100
781,7810,8610,3.446150651676608e-19,0,,163,100
782,7820,8620,4.87637628791392e-11,0,,164,100
783,7830,8630,6.1434026261510766e-15,0,,166,100
784,7840,8640,1.0895495685627834e-16,0,,164,100
785,7850,8650,6.59037221297817e-19,0,,167,100
786,7860,8660,1.335676026263347e-18,0,,167,100
787,7870,8670,7.296667391096641e-18,0,,167,100
788,7880,8680,1.0689744055493251e-16,0,,166,100
789,7890,8690,5.870071015313577e-18,0,,167,100
790,7900,8700,2.934408660575035e-08,0,,168,100
791,7910,8710,4.623607965246311e-18,0,,166,100
792,7920,8720,2.1918811167260064e-24,0,,166,100
793,7930,8730,6.1084077892669835e-22,0,,166,100
794,7940,8740,6.035611791263724e-11,0,,166,100
795,7950,8750,2.100328785910721e-13,0,,167,100
796,7960,8760,1.554176618104529e-13,0,,166,100
797,7970,8770,6.760223744047891e-23,0,,170,100
798,7980,8780,1.815935251798744e-18,0,,167,100
799,7990,8790,1.9488769057147943e-21,0,,170,100
800,8000,8800,1.905171502134497e-23,0,,170,100
801,8010,8810,7.266189644971862e-19,0,,169,100
802,8020,8820,1.1481349414950113e-16,0,,169,100
803,8030,8830,1.6123526738611425e-22,0,,168,100
804,8040,8840,1.1477005019713719e-15,0,,171,100
805,8050,8850,7.640635251189168e-12,0,,171,100
806,8060,8860,1.5626548262121595e-23,0,,170,100
807,8070,8870,6.194933000931665e-16,0,,169,100
808,8080,8880,2.385266975938118e-18,0,,168,100
809,8090,8890,2.8403461350536055e-21,0,,169,100
810,8100,8900,3.0319661305251898e-25,0,,168,100
811,8110,8910,1.3484984953311263e-24,0,,173,100
812,8120,8920,2.1373687351986403e-24,0,,175,100
813,8130,8930,1.1816748856479136e-20,0,,174,100
814,8140,8940,1.6263690021139666e-18,0,,172,100
815,8150,8950,1.0164158284896472e-16,0,,174,100
816,8160,8960,5.2849284119806375e-14,0,,176,100
817,8170,8970,1.1193246927747815e-14,0,,176,100
818,8180,8980,2.0874718694510563e-14,0,,177,100
819,8190,8990,2.0372327394455677e-18,0,,178,100
820,8200,9000,2.188955823791883e-19,0,,181,100
821,8210,9010,6.098338734014837e-20,0,,179,100
822,8220,9020,1.4885898246609454e-21,0,,180,100
823,8230,9030,6.227535371341107e-23,0,,179,100
824,8240,9040,3.903994541275738e-22,0,,178,100
825,8250,9050,3.217161755631102e-22,0,,179,100
826,8260,9060,3.3631067302110284e-21,0,,179,100
827,8270,9070,3.7292656557481134e-20,0,,181,100
828,8280,9080,3.1463128933612046e-16,0,,179,100
829,8290,9090,2.9522345329119686e-24,0,,179,100
830,8300,9100,1.151245294887782e-22,0,,180,100
831,8310,9110,2.4738393990262194e-17,0,,180,100
832,8320,9120,9.078099120850675e-19,0,,179,100
833,8330,9130,1.2597554893818777e-17,0,,179,100
834,8340,9140,9.645609864389813e-20,0,,177,100
835,8350,9150,5.055062422045861e-19,0,,173,100
836,8360,9160,1.711722873630453e-14,0,,175,100
837,8370,9170,6.083861191940858e-15,0,,173,100
838,8380,9180,3.539165691008324e-25,0,,175,100
839,8390,9190,1.5128017055227087e-19,0,,176,100
840,8400,9200,1.2414087623721992e-21,0,,176,100
841,8410,9210,6.031247375713255e-15,0,,174,100
842,8420,9220,1.3334753922487401e-24,0,,176,100
843,8430,9230,9.446834861367259e-12,0,,174,100
844,8440,9240,7.127946666352082e-10,0,,177,100
845,8450,9250,2.5900197121007978e-17,0,,178,100
846,8460,9260,1.1173736416238876e-25,0,,179,100
847,8470,9270,3.843445786822892e-28,0,,181,100
848,8480,9280,5.781829109134073e-22,0,,181,100
849,8490,9290,5.0996614853169436e-24,0,,180,100
850,8500,9300,4.257540325779013e-15,0,,178,100
851,8510,9310,1.516213656219016e-18,0,,178,100
852,8520,9320,9.36366864719712e-20,0,,180,100
853,8530,9330,2.6808671393626e-17,0,,180,100
854,8540,9340,4.702434969661129e-20,0,,180,100
855,8550,9350,9.819342872074862e-19,0,,179,100
856,8560,9360,5.234608818667101e-19,0,,180,100
857,8570,9370,7.238915283240146e-20,0,,180,100
858,8580,9380,7.049414591189559e-20,0,,180,100
859,8590,9390,8.040959446485391e-19,0,,181,100
860,8600,9400,6.462974721854495e-23,0,,182,100
861,8610,9410,4.614645155513477e-21,0,,181,100
862,8620,9420,3.9645180953873253e-19,0,,182,100
863,8630,9430,9.205957176461317e-19,0,,180,100
864,8640,9440,6.876793705540807e-19,0,,183,100
865,8650,9450,5.131696779682328e-20,0,,181,100
866,8660,9460,8.727841648995006e-18,0,,182,100
867,8670,9470,1.2445020268780587e-14,0,,185,100
868,8680,9480,4.054674578220632e-20,0,,185,100
869,8690,9490,6.5934176684348315e-15,0,,185,100
870,8700,9500,2.8482743652725616e-12,0,,183,100
871,8710,9510,2.8531184093837446e-12,0,,183,100
872,8720,9520,2.651270544271486e-15,0,,184,100
873,8730,9530,7.918400705016694e-11,0,,183,100
874,8740,9540,7.1297076612975066e-12,0,,180,100
875,8750,9550,1.273996840746033e-16,0,,181,100
876,8760,9560,6.599459742114166e-11,0,,181,100
877,8770,9570,2.403787555059543e-12,0,,179,100
878,8780,9580,3.54413326354809e-14,0,,180,100
879,8790,9590,3.103890806467942e-15,0,,179,100
880,8800,9600,6.542288958418807e-18,0,,180,100
881,8810,9610,6.590064508810166e-18,0,,181,100
882,8820,9620,5.278176882262021e-18,0,,184,100
883,8830,9630,9.621977937698955e-11,0,,182,100
884,8840,9640,3.030344986344881e-19,0,,181,100
885,8850,9650,7.915935946924773e-17,0,,181,100
886,8860,9660,7.988745827513253e-20,0,,180,100
887,8870,9670,1.038426297404082e-11,0,,179,100
888,8880,9680,1.119058842500468e-16,0,,180,100
889,8890,9690,1.0041643502408162e-13,0,,184,100
890,8900,9700,3.3730782225672926e-14,0,,181,100
891,8910,9710,2.0183167006951195e-10,0,,176,100
892,8920,9720,2.178914019175746e-11,0,,178,100
893,8930,9730,3.877799588415287e-10,0,,178,100
894,8940,9740,1.1454059472169442e-09,0,,177,100
895,8950,9750,1.319063224685678e-10,0,,178,100
896,8960,9760,8.422763646816388e-11,0,,177,100
897,8970,9770,3.16398938967831e-08,0,,177,100
898,8980,9780,2.549739458839533e-10,0,,175,100
899,8990,9790,5.981575447366689e-09,0,,174,100
900,9000,9800,4.537960229450398e-08,0,,172,100
901,9010,9810,3.091124066888889e-10,0,,172,100
902,9020,9820,1.8444479892179702e-13,0,,173,100
903,9030,9830,4.712698288522615e-11,0,,174,100
904,9040,9840,1.7590711588085877e-07,0,,172,100
905,9050,9850,6.446759138298984e-14,0,,172,100
906,9060,9860,3.6326578682486064e-13,0,,172,100
907,9070,9870,5.591474532667913e-12,0,,169,100
908,9080,9880,3.0825940792256773e-14,0,,172,100
909,9090,9890,1.4441064789588856e-17,0,,171,100
910,9100,9900,4.99361646616857e-14,0,,172,100
911,9110,9910,1.8012775153019113e-12,0,,173,100
912,9120,9920,7.036494696744224e-19,0,,173,100
913,9130,9930,3.271300695621287e-20,0,,174,100
914,9140,9940,6.915619938933133e-17,0,,173,100
915,9150,9950,1.4743245342726543e-15,0,,176,100
916,9160,9960,2.921535049217352e-17,0,,175,100
917,9170,9970,3.2786399418364383e-16,0,,173,100
918,9180,9980,8.628474950031062e-09,0,,174,100
919,9190,9990,2.0007288433204926e-11,0,,174,100
920,9200,10000,4.595833594482614e-18,0,,175,100
921,9210,10010,1.7120782244941863e-09,0,,176,100
922,9220,10020,4.641700019911772e-11,0,,178,100
923,9230,10030,2.5399819167987366e-09,0,,179,100
924,9240,10040,1.6648725622001614e-19,0,,177,100
925,9250,10050,4.6959412444976364e-11,0,,176,100
926,9260,10060,3.981488263539977e-15,0,,178,100
927,9270,10070,9.467971675981733e-18,0,,176,100
928,9280,10080,2.615089693754552e-10,0,,174,100
929,9290,10090,5.277635041745243e-15,0,,175,100
930,9300,10100,1.3625974384900315e-21,0,,176,100
931,9310,10110,1.4607458454042877e-15,0,,176,100
932,9320,10120,9.306356887646014e-20,0,,172,100
933,9330,10130,1.31438277121927e-20,0,,172,100
934,9340,10140,8.170770191690753e-22,0,,171,100
935,9350,10150,5.493569729233014e-19,0,,171,100
936,9360,10160,5.55230970148102e-22,0,,171,100
937,9370,10170,3.4949874536224647e-26,0,,171,100
938,9380,10180,1.760662318515908e-21,0,,170,100
939,9390,10190,5.337714867695467e-25,0,,170,100
940,9400,10200,5.235099825581821e-22,0,,171,100
941,9410,10210,5.052339524096964e-21,0,,170,100
942,9420,10220,2.350740899617053e-26,0,,171,100
943,9430,10230,7.248849676768862e-24,0,,172,100
944,9440,10240,2.8371441076928362e-24,0,,171,100
945,9450,10250,8.489581853587717e-25,0,,169,100
946,9460,10260,4.1838197690223874e-20,0,,168,100
947,9470,10270,1.688268279470436e-21,0,,167,100
948,9480,10280,1.2929148662760588e-25,0,,166,100
949,9490,10290,2.8781681777484626e-22,0,,167,100
950,9500,10300,1.856574485555451e-27,0,,167,100
951,9510,10310,9.236680988495004e-27,0,,167,100
952,9520,10320,6.272557573099811e-25,0,,166,100
953,9530,10330,1.9785906801613485e-23,0,,169,100
954,9540,10340,9.65221303309189e-22,0,,167,100
955,9550,10350,3.083300530677093e-21,0,,168,100
956,9560,10360,2.3396374769786415e-23,0,,168,100
957,9570,10370,9.269746785685391e-25,0,,168,100
958,9580,10380,4.74089027380589e-28,0,,167,100
959,9590,10390,2.525223014745481e-19,0,,166,100
960,9600,10400,1.7006708907997993e-26,0,,168,100
961,9610,10410,2.0625068416634775e-21,0,,165,100
962,9620,10420,7.283648614533453e-27,0,,164,100
963,9630,10430,1.2284262315213627e-25,0,,166,100
964,9640,10440,6.466959449301512e-23,0,,165,100
965,9650,10450,4.878790090600584e-24,0,,168,100
966,9660,10460,2.7289805172854735e-27,0,,168,100
967,9670,10470,5.8348317629765095e-21,0,,166,100
968,9680,10480,1.4967692967319e-20,0,,166,100
969,9690,10490,6.017439252923884e-27,0,,167,100
970,9700,10500,3.601406706108662e-31,0,,167,100
971,9710,10510,9.376077391839015e-24,0,,166,100
972,9720,10520,4.026677018884112e-25,0,,166,100
973,9730,10530,3.4831547112773546e-25,0,,167,100
974,9740,10540,1.1037553909110297e-27,0,,168,100
975,9750,10550,1.115659523606447e-24,0,,168,100
976,9760,10560,1.0435656916722792e-23,0,,170,100
977,9770,10570,4.461544808340393e-24,0,,171,100
978,9780,10580,1.2398021946200243e-24,0,,172,100
979,9790,10590,6.7956602341468805e-25,0,,172,100
980,9800,10600,8.58142870039889e-25,0,,172,100
981,9810,10610,2.8993741186610066e-27,0,,172,100
982,9820,10620,9.115321911988844e-25,0,,171,100
983,9830,10630,1.3835031128581952e-23,0,,171,100
984,9840,10640,3.153828067520548e-23,0,,172,100
985,9850,10650,1.1310696022273277e-22,0,,172,100
986,9860,10660,3.697707924437872e-21,0,,172,100
987,9870,10670,7.304040053627788e-20,0,,172,100
988,9880,10680,6.2079354738848536e-24,0,,170,100
989,9890,10690,2.4390938531282153e-20,0,,172,100
990,9900,10700,9.70103622826698e-22,0,,174,100
991,9910,10710,2.0215433809514014e-24,0,,173,100
992,9920,10720,3.518521094918514e-23,0,,175,100
993,9930,10730,2.8332340316171048e-25,0,,175,100
994,9940,10740,3.7603196267735794e-18,0,,172,100
995,9950,10750,1.1746929699711607e-23,0,,170,100
996,9960,10760,7.321917813643591e-19,0,,172,100
997,9970,10770,9.529579071285502e-15,0,,171,100
998,9980,10780,4.1416520812919274e-19,0,,171,100
999,9990,10790,3.5485625742478076e-21,0,,172,100
1000,10000,10800,1.975223695421945e-21,0,,170,100
1001,10010,10810,3.038211807774382e-20,0,,169,100
1002,10020,10820,1.5979721324334795e-28,0,,167,100
1003,10030,10830,6.153658399968705e-29,0,,168,100
1004,10040,10840,4.670473268156999e-23,0,,167,100
1005,10050,10850,9.307595124561412e-18,0,,167,100
1006,10060,10860,1.0679320728960586e-24,0,,169,100
1007,10070,10870,6.768290073076116e-21,0,,167,100
1008,10080,10880,2.031732655658261e-28,0,,167,100
1009,10090,10890,1.6811778334420888e-25,0,,166,100
1010,10100,10900,3.6256770226158683e-28,0,,166,100
1011,10110,10910,6.324100803301518e-28,0,,167,100
1012,10120,10920,5.509910811534348e-25,0,,168,100
1013,10130,10930,2.0628366441554365e-23,0,,169,100
1014,10140,10940,1.1166219485690526e-21,0,,170,100
1015,10150,10950,3.476577903556848e-30,0,,168,100
1016,10160,10960,1.71756790075677e-22,0,,168,100
1017,10170,10970,3.4378290244108335e-29,0,,171,100
1018,10180,10980,4.972737844979043e-21,0,,170,100
1019,10190,10990,5.0453805622222435e-20,0,,169,100
1020,10200,11000,4.059598917284419e-23,0,,169,100
1021,10210,11010,1.0214833935986117e-21,0,,168,100
1022,10220,11020,4.958623430446687e-19,0,,166,100
1023,10230,11030,9.675531023936647e-21,0,,165,100
1024,10240,11040,9.753552703095513e-22,0,,166,100
1025,10250,11050,1.248188720855542e-19,0,,167,100
1026,10260,11060,7.830017097538372e-19,0,,168,100
1027,10270,11070,2.595458688212093e-20,0,,169,100
1028,10280,11080,2.655439208835266e-20,0,,169,100
1029,10290,11090,1.2154308063173575e-18,0,,170,100
1030,10300,11100,9.629690230397589e-16,0,,172,100
1031,10310,11110,2.295849540253024e-15,0,,172,100
1032,10320,11120,6.256615186994078e-18,0,,174,100
1033,10330,11130,8.857680388875131e-20,0,,173,100
1034,10340,11140,1.1594569786341216e-14,0,,172,100
1035,10350,11150,2.661339411915156e-18,0,,172,100
1036,10360,11160,2.7324022552797822e-17,0,,171,100
1037,10370,11170,3.627867283095439e-22,0,,172,100
1038,10380,11180,6.64170035666975e-18,0,,171,100
1039,10390,11190,2.018695096943459e-15,0,,170,100
1040,10400,11200,4.3735246930547186e-21,0,,170,100
1041,10410,11210,1.3008041413532924e-23,0,,170,100
1042,10420,11220,2.2316470754888366e-25,0,,170,100
1043,10430,11230,2.2147300397338343e-18,0,,170,100
1044,10440,11240,1.7393831956641925e-18,0,,171,100
1045,10450,11250,4.063104230975189e-18,0,,169,100
1046,10460,11260,1.3097438151199244e-25,0,,172,100
1047,10470,11270,1.356088500964998e-19,0,,170,100
1048,10480,11280,1.213849970438644e-13,0,,170,100
1049,10490,11290,3.34508436592774e-22,0,,168,100
1050,10500,11300,5.141389111923947e-24,0,,171,100
1051,10510,11310,4.786102193764539e-15,0,,172,100
1052,10520,11320,4.3698421994766274e-24,0,,173,100
1053,10530,11330,1.918324642521505e-11,0,,172,100
1054,10540,11340,4.001990714718891e-15,0,,170,100
1055,10550,11350,1.8254269337563273e-13,0,,172,100
1056,10560,11360,7.533506271357354e-13,0,,169,100
1057,10570,11370,1.6064155305839216e-08,0,,168,100
1058,10580,11380,2.0529036912494322e-10,0,,168,100
1059,10590,11390,1.3935368769191086e-15,0,,168,100
1060,10600,11400,3.3942344868385427e-09,0,,168,100
1061,10610,11410,1.130201454606688e-08,0,,168,100
1062,10620,11420,2.9960300910960804e-16,0,,166,100
1063,10630,11430,4.4120809471151597e-10,0,,168,100
1064,10640,11440,1.6613705427994205e-13,0,,171,100
1065,10650,11450,1.2384921727004217e-15,0,,170,100
1066,10660,11460,4.2277495092467385e-14,0,,170,100
1067,10670,11470,1.2650846672954792e-13,0,,169,100
1068,10680,11480,2.177387145754036e-14,0,,170,100
1069,10690,11490,1.2178992565365408e-11,0,,168,100
1070,10700,11500,2.4343166777430454e-11,0,,165,100
1071,10710,11510,4.670818470047521e-13,0,,166,100
1072,10720,11520,6.16509469456707e-15,0,,167,100
1073,10730,11530,1.1389775441242729e-14,0,,169,100
1074,10740,11540,4.497271695881029e-15,0,,170,100
1075,10750,11550,3.397378081362757e-08,0,,170,100
1076,10760,11560,3.9034235036267e-12,0,,169,100
1077,10770,11570,2.87688974362953e-15,0,,170,100
1078,10780,11580,1.3578731073893894e-10,0,,171,100
1079,10790,11590,2.3040101551478003e-16,0,,171,100
1080,10800,11600,7.087951448470759e-21,0,,172,100
1081,10810,11610,9.608575372147585e-14,0,,173,100
1082,10820,11620,1.3389274347968992e-18,0,,173,100
1083,10830,11630,1.1495855322390386e-18,0,,172,100
1084,10840,11640,9.540475056583165e-19,0,,174,100
1085,10850,11650,1.4337144122805613e-19,0,,174,100
1086,10860,11660,2.6466577594761856e-15,0,,175,100
1087,10870,11670,8.73338714696965e-17,0,,175,100
1088,10880,11680,1.3440301524988032e-16,0,,175,100
1089,10890,11690,5.607132642821638e-13,0,,174,100
1090,10900,11700,4.953384825294749e-16,0,,174,100
1091,10910,11710,8.062905454285618e-23,0,,175,100
1092,10920,11720,1.1075117180928885e-13,0,,175,100
1093,10930,11730,1.8685113757438074e-21,0,,175,100
1094,10940,11740,4.43991127029006e-20,0,,174,100
1095,10950,11750,2.7216858671255984e-21,0,,173,100
1096,10960,11760,9.340541299963902e-18,0,,172,100
1097,10970,11770,1.6301242073671689e-18,0,,170,100
1098,10980,11780,1.2451378463529196e-20,0,,172,100
1099,10990,11790,2.442418889493956e-24,0,,172,100
1100,11000,11800,1.0928685566338965e-22,0,,170,100
1101,11010,11810,4.77863988970851e-21,0,,173,100
1102,11020,11820,9.370316450277095e-24,0,,172,100
1103,11030,11830,1.2210595585218187e-21,0,,172,100
1104,11040,11840,2.8352672914711827e-17,0,,171,100
1105,11050,11850,3.9171055556811896e-15,0,,171,100
1106,11060,11860,7.076469790568352e-14,0,,170,100
1107,11070,11870,5.523922876796904e-26,0,,169,100
1108,11080,11880,2.694635973701591e-17,0,,168,100
1109,11090,11890,2.0935066765990977e-17,0,,169,100
1110,11100,11900,3.590108469447367e-15,0,,166,100
1111,11110,11910,1.3561518697496496e-13,0,,167,100
1112,11120,11920,1.795983127918697e-20,0,,166,100
1113,11130,11930,2.719170959486731e-22,0,,166,100
1114,11140,11940,3.6020798731648496e-21,0,,167,100
1115,11150,11950,2.7257632936650934e-20,0,,167,100
1116,11160,11960,8.854377982379063e-20,0,,167,100
1117,11170,11970,1.5132000557986148e-23,0,,168,100
1118,11180,11980,4.142277290796603e-25,0,,166,100
1119,11190,11990,1.536583230627797e-23,0,,167,100
1120,11200,12000,1.7201761820412564e-29,0,,168,100
1121,11210,12010,1.3926586721542486e-31,0,,171,100
1122,11220,12020,1.24810315736333e-16,0,,171,100
1123,11230,12030,2.9866496195599395e-18,0,,168,100
1124,11240,12040,1.0246670220448657e-18,0,,169,100
1125,11250,12050,5.599504127770566e-16,0,,168,100
1126,11260,12060,2.7548600875065184e-18,0,,170,100
1127,11270,12070,1.351869634150408e-14,0,,171,100
1128,11280,12080,3.1278397486939867e-25,0,,171,100
1129,11290,12090,2.2386183396076602e-24,0,,171,100
1130,11300,12100,5.3783290176359676e-18,0,,168,100
1131,11310,12110,3.969833743587866e-20,0,,169,100
1132,11320,12120,1.1518730293291378e-21,0,,170,100
1133,11330,12130,1.3682957645968872e-19,0,,171,100
1134,11340,12140,5.742141054049718e-18,0,,169,100
1135,11350,12150,1.7502048869551048e-19,0,,169,100
1136,11360,12160,1.0094442549626946e-22,0,,171,100
1137,11370,12170,9.199309733823293e-23,0,,170,100
1138,11380,12180,1.4853381672201653e-18,0,,167,100
1139,11390,12190,2.885831264620544e-19,0,,167,100
1140,11400,12200,1.8998140683371396e-23,0,,168,100
1141,11410,12210,1.2259637591688937e-20,0,,169,100
1142,11420,12220,1.1786172020160702e-23,0,,168,100
1143,11430,12230,1.3564410114258295e-19,0,,169,100
1144,11440,12240,1.003673363562005e-18,0,,166,100
1145,11450,12250,8.814751496415088e-20,0,,165,100
1146,11460,12260,1.6681333770727656e-21,0,,165,100
1147,11470,12270,1.270979185962145e-20,0,,165,100
1148,11480,12280,5.658634674158351e-22,0,,167,100
1149,11490,12290,3.4694940699328187e-25,0,,168,100
1150,11500,12300,1.587316475266586e-25,0,,169,100
1151,11510,12310,9.151517409796168e-22,0,,169,100
1152,11520,12320,1.6097354993191738e-22,0,,167,100
1153,11530,12330,1.2754308920603884e-23,0,,167,100
1154,11540,12340,2.1316363461664063e-26,0,,168,100
1155,11550,12350,8.910648268130967e-26,0,,167,100
1156,11560,12360,3.2596110067059034e-22,0,,167,100
1157,11570,12370,4.7327025196725684e-29,0,,167,100
1158,11580,12380,6.471407998091408e-23,0,,166,100
1159,11590,12390,4.737853687189603e-27,0,,163,100
1160,11600,12400,4.174837818978252e-29,0,,165,100
1161,11610,12410,9.494783727596376e-24,0,,164,100
1162,11620,12420,1.1669310753183404e-26,0,,166,100
1163,11630,12430,3.431715131787829e-23,0,,164,100
1164,11640,12440,2.1985042640723994e-17,0,,164,100
1165,11650,12450,1.7148059016889767e-17,0,,163,100
1166,11660,12460,3.4638949020291304e-24,0,,164,100
1167,11670,12470,1.492480214603521e-16,0,,168,100
1168,11680,12480,1.3101530493470278e-17,0,,168,100
1169,11690,12490,3.408758612304191e-24,0,,168,100
1170,11700,12500,2.0387702295334597e-18,0,,168,100
1171,11710,12510,1.4666821972957411e-18,0,,167,100
1172,11720,12520,2.449448849379307e-23,0,,167,100
1173,11730,12530,9.936896320337707e-24,0,,167,100
1174,11740,12540,4.540308055512e-25,0,,168,100
1175,11750,12550,1.8892481067865038e-18,0,,169,100
1176,11760,12560,2.054453130802039e-15,0,,169,100
1177,11770,12570,1.1726194453038692e-15,0,,171,100
1178,11780,12580,4.639161886248741e-22,0,,169,100
1179,11790,12590,6.2810212123489445e-21,0,,170,100
1180,11800,12600,5.722938785892127e-16,0,,171,100
1181,11810,12610,9.547978342684148e-19,0,,173,100
1182,11820,12620,1.1898639600540355e-21,0,,173,100
1183,11830,12630,5.405025919283308e-23,0,,175,100
1184,11840,12640,2.2581067659808324e-19,0,,174,100
1185,11850,12650,3.0062266388996786e-19,0,,174,100
1186,11860,12660,2.861965325820602e-15,0,,174,100
1187,11870,12670,1.4874208951072189e-16,0,,176,100
1188,11880,12680,1.1246135714996159e-20,0,,177,100
1189,11890,12690,2.9384574835288434e-24,0,,177,100
1190,11900,12700,1.0999685118690309e-15,0,,176,100
1191,11910,12710,1.1435745083298873e-15,0,,175,100
1192,11920,12720,1.7562040969624335e-20,0,,174,100
1193,11930,12730,1.1248462747218966e-19,0,,174,100
1194,11940,12740,3.200563228992411e-19,0,,175,100
1195,11950,12750,1.1327230080475945e-12,0,,176,100
1196,11960,12760,3.18622392492974e-19,0,,176,100
1197,11970,12770,3.2576407418796458e-21,0,,175,100
1198,11980,12780,3.91158409736173e-18,0,,175,100
1199,11990,12790,4.574974317264905e-20,0,,175,100
1200,12000,12800,9.742943340666316e-17,0,,174,100
1201,12010,12810,3.5101536929304116e-18,0,,173,100
1202,12020,12820,1.1078567015683929e-16,0,,173,100
1203,12030,12830,2.9713962991480264e-17,0,,173,100
1204,12040,12840,1.6974838192786133e-17,0,,171,100
1205,12050,12850,6.394951132363672e-11,0,,172,100
1206,12060,12860,2.3113212377525736e-19,0,,171,100
1207,12070,12870,8.616788614269522e-19,0,,173,100
1208,12080,12880,1.2191652317265791e-18,0,,173,100
1209,12090,12890,2.1172506618004936e-20,0,,172,100
1210,12100,12900,1.500513308281956e-17,0,,171,100
1211,12110,12910,3.133987471423767e-22,0,,171,100
1212,12120,12920,1.7569251157831762e-22,0,,171,100
1213,12130,12930,7.78469711627379e-19,0,,170,100
1214,12140,12940,1.5976367219685765e-16,0,,174,100
1215,12150,12950,3.7619460703305286e-22,0,,173,100
1216,12160,12960,5.568639027265886e-22,0,,173,100
1217,12170,12970,2.373803253881888e-24,0,,175,100
1218,12180,12980,6.108456087066252e-20,0,,175,100
1219,12190,12990,2.0094960833828172e-16,0,,176,100
1220,12200,13000,4.0200989264296626e-19,0,,176,100
1221,12210,13010,6.815943154301619e-15,0,,177,100
1222,12220,13020,7.742438478202409e-19,0,,179,100
1223,12230,13030,6.1174808410772185e-12,0,,178,100
1224,12240,13040,1.06191501338118e-19,0,,178,100
1225,12250,13050,4.850773154126348e-22,0,,178,100
1226,12260,13060,4.647695471578324e-23,0,,177,100
1227,12270,13070,9.80674643831886e-22,0,,174,100
1228,12280,13080,8.195255829270533e-11,0,,175,100
1229,12290,13090,1.262065897777308e-26,0,,175,100
1230,12300,13100,1.182005249151293e-24,0,,176,100
1231,12310,13110,1.809973744771678e-16,0,,174,100
1232,12320,13120,7.799570837116827e-23,0,,176,100
1233,12330,13130,2.721206787502709e-22,0,,172,100
1234,12340,13140,1.1182133275145332e-18,0,,172,100
1235,12350,13150,1.5760598538225543e-11,0,,172,100
1236,12360,13160,4.626458060217969e-22,0,,172,100
1237,12370,13170,2.647445955371909e-17,0,,173,100
1238,12380,13180,3.0466622283301134e-20,0,,174,100
1239,12390,13190,1.1313168155259132e-15,0,,174,100
1240,12400,13200,5.694072222415734e-20,0,,173,100
1241,12410,13210,1.6678971538748724e-19,0,,174,100
1242,12420,13220,5.254376705095745e-18,0,,173,100
1243,12430,13230,1.4025916072910855e-18,0,,173,100
1244,12440,13240,6.473605372866599e-19,0,,174,100
1245,12450,13250,3.1492421602696957e-19,0,,173,100
1246,12460,13260,1.0629166588053523e-18,0,,172,100
1247,12470,13270,1.4150167974165258e-14,0,,169,100
1248,12480,13280,2.36827178973681e-19,0,,171,100
1249,12490,13290,1.272418890045973e-12,0,,173,100
1250,12500,13300,1.956172423922956e-18,0,,172,100
1251,12510,13310,2.240721549938732e-22,0,,172,100
1252,12520,13320,1.2775740891533871e-17,0,,174,100
1253,12530,13330,5.18531082094665e-18,0,,173,100
1254,12540,13340,7.078526761793805e-18,0,,172,100
1255,12550,13350,3.570360800528868e-20,0,,171,100
1256,12560,13360,3.783963104857627e-12,0,,175,100
1257,12570,13370,6.418960292752295e-12,0,,175,100
1258,12580,13380,9.185506732533354e-13,0,,174,100
1259,12590,13390,1.6688067932403395e-10,0,,173,100
1260,12600,13400,1.9613248599883092e-17,0,,172,100
1261,12610,13410,4.60882363653796e-18,0,,172,100
1262,12620,13420,4.721742515568384e-15,0,,173,100
1263,12630,13430,2.679425692291223e-19,0,,175,100
1264,12640,13440,1.030521122158967e-16,0,,175,100
1265,12650,13450,4.73761482005488e-19,0,,176,100
1266,12660,13460,3.653759422111739e-21,0,,175,100
1267,12670,13470,4.439862423372969e-12,0,,174,100
1268,12680,13480,1.142341576505258e-21,0,,171,100
1269,12690,13490,1.2497900456661381e-21,0,,174,100
1270,12700,13500,2.9603982118202223e-24,0,,174,100
1271,12710,13510,8.598037057810683e-15,0,,175,100
1272,12720,13520,1.2441410278549904e-22,0,,174,100
1273,12730,13530,2.059927181223032e-21,0,,174,100
1274,12740,13540,3.712581888805585e-23,0,,173,100
1275,12750,13550,5.790101805387735e-25,0,,175,100
1276,12760,13560,1.5550257464252901e-15,0,,175,100
1277,12770,13570,2.291634649093682e-18,0,,176,100
1278,12780,13580,4.680312184052286e-19,0,,175,100
1279,12790,13590,3.332266708600641e-20,0,,175,100
1280,12800,13600,2.0073316887958403e-18,0,,177,100
1281,12810,13610,3.7220216321489592e-22,0,,176,100
1282,12820,13620,7.941306248693295e-23,0,,177,100
1283,12830,13630,7.846365665015005e-19,0,,178,100
1284,12840,13640,4.4786883544241375e-20,0,,178,100
1285,12850,13650,3.4184122943634637e-19,0,,177,100
1286,12860,13660,4.4810928904466585e-22,0,,178,100
1287,12870,13670,8.356556808957315e-21,0,,178,100
1288,12880,13680,4.452775577086931e-22,0,,179,100
1289,12890,13690,1.3944772111494735e-19,0,,180,100
1290,12900,13700,2.1566943318847003e-20,0,,179,100
1291,12910,13710,2.0056696898955326e-21,0,,180,100
1292,12920,13720,4.473707184411912e-21,0,,179,100
1293,12930,13730,5.408472170646527e-22,0,,179,100
1294,12940,13740,2.309245089990235e-23,0,,177,100
1295,12950,13750,3.385503390934595e-16,0,,178,100
1296,12960,13760,1.830527358448464e-18,0,,178,100
1297,12970,13770,2.6925840876606167e-25,0,,178,100
1298,12980,13780,6.640229097267812e-25,0,,177,100
1299,12990,13790,1.0042474962404137e-19,0,,176,100
1300,13000,13800,3.0709823891429807e-18,0,,178,100
1301,13010,13810,8.176659030348916e-14,0,,177,100
1302,13020,13820,1.4398368367116832e-16,0,,176,100
1303,13030,13830,1.1897902367221675e-23,0,,176,100
1304,13040,13840,4.903061574788739e-12,0,,177,100
1305,13050,13850,2.27208178352858e-24,0,,176,100
1306,13060,13860,5.400811881470192e-19,0,,176,100
1307,13070,13870,6.907110772742515e-13,0,,180,100
1308,13080,13880,8.613848418562135e-23,0,,178,100
1309,13090,13890,1.418416164401844e-15,0,,180,100
1310,13100,13900,4.875755891215979e-16,0,,181,100
1311,13110,13910,4.642556046682205e-18,0,,184,100
1312,13120,13920,9.339392928077676e-19,0,,185,100
1313,13130,13930,1.348676269230291e-20,0,,185,100
1314,13140,13940,1.7702351939339421e-16,0,,187,100
1315,13150,13950,2.3132073492796218e-18,0,,186,100
1316,13160,13960,1.0942257845032365e-11,0,,185,100
1317,13170,13970,1.2186109311608268e-18,0,,186,100
1318,13180,13980,1.5993154485352984e-19,0,,187,100
1319,13190,13990,1.2729670129829835e-13,0,,185,100
1320,13200,14000,2.5724485679840686e-13,0,,187,100
1321,13210,14010,1.899760309554181e-16,0,,187,100
1322,13220,14020,7.646503706422344e-17,0,,186,100
1323,13230,14030,1.6178181257904407e-11,0,,189,100
1324,13240,14040,6.245247127703939e-13,0,,187,100
1325,13250,14050,1.6321067567636733e-15,0,,187,100
1326,13260,14060,1.0506432326687108e-15,0,,187,100
1327,13270,14070,7.855864935531065e-11,0,,189,100
1328,13280,14080,1.1568037803726444e-16,0,,189,100
1329,13290,14090,1.1063666823079591e-12,0,,188,100
1330,13300,14100,2.1002093808547113e-14,0,,190,100
1331,13310,14110,3.4862830529641966e-12,0,,188,100
1332,13320,14120,1.086594012834008e-12,0,,187,100
1333,13330,14130,8.037086045076703e-16,0,,186,100
1334,13340,14140,5.771957474057178e-16,0,,187,100
1335,13350,14150,2.7981612049260224e-11,0,,188,100
1336,13360,14160,5.905933908496259e-17,0,,187,100
1337,13370,14170,6.849010588859777e-16,0,,187,100
1338,13380,14180,1.0699329297778656e-10,0,,188,100
1339,13390,14190,1.46664581919973e-14,0,,189,100
1340,13400,14200,4.466607243116644e-10,0,,189,100
1341,13410,14210,1.2036585273368978e-12,0,,190,100
1342,13420,14220,1.0120540312589324e-13,0,,189,100
1343,13430,14230,4.1335934054302246e-16,0,,185,100
1344,13440,14240,3.504412849738947e-12,0,,184,100
1345,13450,14250,4.1213402107154397e-11,0,,186,100
1346,13460,14260,8.752681187656172e-12,0,,186,100
1347,13470,14270,1.2025802729935185e-13,0,,185,100
1348,13480,14280,4.494184053321559e-10,0,,186,100
1349,13490,14290,2.5063145814236665e-14,0,,187,100
1350,13500,14300,1.1904785714924584e-16,0,,185,100
1351,13510,14310,1.8500502441085938e-19,0,,184,100
1352,13520,14320,2.047986832766609e-15,0,,186,100
1353,13530,14330,2.874539507849206e-14,0,,187,100
1354,13540,14340,1.7260003834955035e-13,0,,185,100
1355,13550,14350,9.331756235415245e-11,0,,184,100
1356,13560,14360,1.210827052519398e-06,0,,187,100
1357,13570,14370,9.636850183350151e-18,0,,189,100
1358,13580,14380,1.0880791597701702e-11,0,,188,100
1359,13590,14390,6.445897154938515e-14,0,,189,100
1360,13600,14400,3.1550459830188226e-15,0,,188,100
1361,13610,14410,1.7987777783401675e-11,0,,186,100
1362,13620,14420,1.82632543404822e-12,0,,185,100
1363,13630,14430,9.894171910381627e-13,0,,187,100
1364,13640,14440,1.982324816500302e-11,0,,189,100
1365,13650,14450,5.337128229252815e-08,0,,189,100
1366,13660,14460,6.024827719077064e-10,0,,190,100
1367,13670,14470,2.72411840038556e-11,0,,187,100
1368,13680,14480,4.731119759042846e-11,0,,186,100
1369,13690,14490,8.785859656658391e-14,0,,187,100
1370,13700,14500,2.8079309718947598e-08,0,,187,100
1371,13710,14510,5.09055989555536e-12,0,,187,100
1372,13720,14520,1.409958875023285e-14,0,,188,100
1373,13730,14530,6.414721770777492e-10,0,,189,100
1374,13740,14540,1.5645245817050919e-15,0,,188,100
1375,13750,14550,1.7760859340947761e-12,0,,187,100
1376,13760,14560,1.5955304953311553e-16,0,,187,100
1377,13770,14570,1.0580204248784356e-14,0,,188,100
1378,13780,14580,5.8715180699643455e-08,0,,190,100
1379,13790,14590,1.9888550550427692e-13,0,,191,100
1380,13800,14600,1.6161339775525448e-12,0,,190,100
1381,13810,14610,2.998754102511684e-14,0,,190,100
1382,13820,14620,5.3591217574820655e-09,0,,191,100
1383,13830,14630,3.781960018472048e-10,0,,192,100
1384,13840,14640,4.556793758140736e-18,0,,193,100
1385,13850,14650,7.16570337286658e-14,0,,191,100
1386,13860,14660,1.450039741198706e-13,0,,194,100
1387,13870,14670,2.8858366651017264e-11,0,,190,100
1388,13880,14680,6.604835779159103e-09,0,,191,100
1389,13890,14690,1.4941661652723813e-12,0,,194,100
1390,13900,14700,3.5892473700871753e-13,0,,191,100
1391,13910,14710,1.0500033211139112e-19,0,,190,100
1392,13920,14720,5.735559421733659e-14,0,,191,100
1393,13930,14730,5.061113951812982e-15,0,,190,100
1394,13940,14740,1.0330139981833661e-11,0,,188,100
1395,13950,14750,7.026891224254434e-14,0,,188,100
1396,13960,14760,4.4124151367983065e-16,0,,188,100
1397,13970,14770,5.739516281133512e-13,0,,189,100
1398,13980,14780,3.415594564216006e-21,0,,189,100
1399,13990,14790,2.253243004271537e-14,0,,189,100
1400,14000,14800,2.4802400146035247e-15,0,,188,100
1401,14010,14810,9.94879883178808e-13,0,,188,100
1402,14020,14820,6.797434802972632e-12,0,,187,100
1403,14030,14830,1.4714714409171667e-15,0,,186,100
1404,14040,14840,1.7987319351662278e-13,0,,188,100
1405,14050,14850,1.1208303759115498e-21,0,,187,100
1406,14060,14860,1.875802333374817e-16,0,,187,100
1407,14070,14870,1.2009690905211901e-14,0,,185,100
1408,14080,14880,4.152412292624727e-18,0,,185,100
1409,14090,14890,3.9708773577798973e-16,0,,187,100
1410,14100,14900,3.9061837492126163e-19,0,,186,100
1411,14110,14910,4.316789967106302e-15,0,,185,100
1412,14120,14920,4.783794840530705e-16,0,,188,100
1413,14130,14930,8.306230317726525e-10,0,,189,100
1414,14140,14940,4.511650989410119e-10,0,,188,100
1415,14150,14950,1.61497956868084e-17,0,,186,100
1416,14160,14960,4.371656909884775e-13,0,,186,100
1417,14170,14970,7.925403443951897e-17,0,,186,100
1418,14180,14980,1.2585181383156913e-19,0,,187,100
1419,14190,14990,1.096738650135721e-11,0,,186,100
1420,14200,15000,6.587792431259978e-12,0,,187,100
1421,14210,15010,3.983315724072325e-14,0,,185,100
1422,14220,15020,8.296145654680163e-19,0,,185,100
1423,14230,15030,1.7226911826204874e-15,0,,187,100
1424,14240,15040,9.245935123399244e-13,0,,189,100
1425,14250,15050,5.1600348083669437e-14,0,,189,100
1426,14260,15060,1.1197005828885608e-14,0,,190,100
1427,14270,15070,2.760384124138631e-16,0,,190,100
1428,14280,15080,6.027814843580244e-17,0,,190,100
1429,14290,15090,5.171205639888181e-17,0,,188,100
1430,14300,15100,3.3220393089325504e-21,0,,187,100
1431,14310,15110,1.8023728754437044e-12,0,,189,100
1432,14320,15120,1.6159344613681109e-24,0,,187,100
1433,14330,15130,1.0222057197753357e-13,0,,190,100
1434,14340,15140,7.908975219108656e-16,0,,190,100
1435,14350,15150,1.1013792818711801e-17,0,,188,100
1436,14360,15160,2.070838500099781e-14,0,,184,100
1437,14370,15170,4.674422019349958e-15,0,,187,100
1438,14380,15180,7.397449014421233e-15,0,,188,100
1439,14390,15190,6.288693013312461e-19,0,,188,100
1440,14400,15200,7.521583475787772e-13,0,,187,100
1441,14410,15210,2.530606775137725e-08,0,,187,100
1442,14420,15220,6.547331079193502e-08,0,,187,100
1443,14430,15230,1.7976890778999157e-10,0,,186,100
1444,14440,15240,6.280282201430368e-16,0,,185,100
1445,14450,15250,3.136440048514393e-14,0,,186,100
1446,14460,15260,1.834750730686463e-20,0,,186,100
1447,14470,15270,1.603940301997661e-15,0,,188,100
1448,14480,15280,4.98012018014282e-13,0,,191,100
1449,14490,15290,2.033362204790509e-15,0,,187,100
1450,14500,15300,1.1681666657389142e-15,0,,188,100
1451,14510,15310,2.9218511378862707e-19,0,,187,100
1452,14520,15320,2.8709427767353267e-18,0,,191,100
1453,14530,15330,3.194601994007678e-14,0,,189,100
1454,14540,15340,1.7672589320815856e-12,0,,190,100
1455,14550,15350,5.653620434184129e-12,0,,189,100
1456,14560,15360,2.4246840959545566e-23,0,,187,100
1457,14570,15370,4.837109308797881e-18,0,,185,100
1458,14580,15380,1.7513250803084869e-09,0,,184,100
1459,14590,15390,1.6234605784683417e-10,0,,185,100
1460,14600,15400,3.506464208110646e-22,0,,185,100
1461,14610,15410,2.0021226477631772e-23,0,,185,100
1462,14620,15420,2.084374897435968e-20,0,,183,100
1463,14630,15430,1.302666092855195e-14,0,,182,100
1464,14640,15440,3.722756794146219e-14,0,,181,100
1465,14650,15450,1.4493609042943478e-12,0,,181,100
1466,14660,15460,3.589149695571712e-19,0,,182,100
1467,14670,15470,6.263300145461375e-17,0,,185,100
1468,14680,15480,3.730558685001076e-17,0,,183,100
1469,14690,15490,1.0149929292235085e-15,0,,182,100
1470,14700,15500,8.871128388518643e-18,0,,182,100
1471,14710,15510,3.2894303124468054e-15,0,,181,100
1472,14720,15520,6.832173226181348e-16,0,,180,100
1473,14730,15530,4.962686617501842e-19,0,,182,100
1474,14740,15540,1.788664926981663e-17,0,,183,100
1475,14750,15550,2.3505515086390624e-11,0,,182,100
1476,14760,15560,2.705420565137581e-13,0,,182,100
1477,14770,15570,2.132785838270584e-18,0,,180,100
1478,14780,15580,9.06972107659566e-14,0,,179,100
1479,14790,15590,2.4926520622120976e-16,0,,179,100
1480,14800,15600,1.660049107819107e-12,0,,181,100
1481,14810,15610,4.834747690144356e-16,0,,182,100
1482,14820,15620,1.7678650703454002e-19,0,,181,100
1483,14830,15630,2.6125885725918155e-15,0,,178,100
1484,14840,15640,4.2692865558110073e-19,0,,179,100
1485,14850,15650,2.9647502817574346e-19,0,,179,100
1486,14860,15660,2.347524067154485e-19,0,,178,100
1487,14870,15670,3.2317391799278165e-20,0,,179,100
1488,14880,15680,5.32014236909606e-19,0,,179,100
1489,14890,15690,4.777994394373102e-20,0,,179,100
1490,14900,15700,6.465922076065712e-22,0,,180,100
1491,14910,15710,1.6520786926533366e-17,0,,179,100
1492,14920,15720,4.058272055701341e-24,0,,177,100
1493,14930,15730,2.4313516347552758e-17,0,,177,100
1494,14940,15740,3.634695663512388e-18,0,,177,100
1495,14950,15750,3.201143069209916e-13,0,,178,100
1496,14960,15760,1.0332290733105519e-22,0,,179,100
1497,14970,15770,2.1133229944643466e-17,0,,178,100
1498,14980,15780,2.7891121599976523e-21,0,,179,100
1499,14990,15790,4.608750392539335e-18,0,,180,100
1500,15000,15800,1.0649659142714457e-16,0,,182,100
1501,15010,15810,1.5347444056561546e-14,0,,184,100
1502,15020,15820,3.3965196767443233e-16,0,,184,100
1503,15030,15830,3.577124056536604e-16,0,,181,100
1504,15040,15840,1.799828857315803e-17,0,,180,100
1505,15050,15850,5.2786132202718615e-17,0,,176,100
1506,15060,15860,1.0357260626554188e-18,0,,177,100
1507,15070,15870,3.956129515510765e-14,0,,177,100
1508,15080,15880,6.312022277393923e-20,0,,178,100
1509,15090,15890,8.611202793720269e-26,0,,179,100
1510,15100,15900,1.5654637292350604e-20,0,,179,100
1511,15110,15910,1.78141772105609e-15,0,,179,100
1512,15120,15920,1.686395979530066e-17,0,,180,100
1513,15130,15930,1.5204672790657105e-20,0,,180,100
1514,15140,15940,1.0050828853519422e-22,0,,182,100
1515,15150,15950,2.376641880218349e-19,0,,183,100
1516,15160,15960,7.222009594842683e-23,0,,182,100
1517,15170,15970,1.6781827084835638e-18,0,,182,100
1518,15180,15980,1.748361386721085e-16,0,,181,100
1519,15190,15990,3.380565192689713e-14,0,,181,100
1520,15200,16000,6.208343346868183e-20,0,,185,100
1521,15210,16010,3.008981392652959e-17,0,,185,100
1522,15220,16020,1.0380135666548971e-19,0,,186,100
1523,15230,16030,3.4534433003442807e-18,0,,187,100
1524,15240,16040,2.158232020437694e-19,0,,184,100
1525,15250,16050,3.026464314173869e-19,0,,183,100
1526,15260,16060,1.3032020130790994e-19,0,,182,100
1527,15270,16070,5.341709155185435e-23,0,,184,100
1528,15280,16080,5.111802860359089e-20,0,,184,100
1529,15290,16090,2.4993984067195448e-21,0,,184,100
1530,15300,16100,9.657588947217494e-22,0,,184,100
1531,15310,16110,5.449828958519338e-19,0,,181,100
1532,15320,16120,7.017943498356582e-19,0,,177,100
1533,15330,16130,5.2485717607180465e-20,0,,179,100
1534,15340,16140,8.79421801177696e-19,0,,181,100
1535,15350,16150,1.2951785453824475e-22,0,,181,100
1536,15360,16160,7.18715707322402e-20,0,,181,100
1537,15370,16170,4.868692018893081e-20,0,,182,100
1538,15380,16180,1.9205274298122562e-21,0,,183,100
1539,15390,16190,9.354039039956526e-24,0,,182,100
1540,15400,16200,2.6387860729555516e-19,0,,181,100
1541,15410,16210,1.5397877985158127e-20,0,,183,100
1542,15420,16220,1.3779686930796921e-22,0,,184,100
1543,15430,16230,2.2975140889186568e-24,0,,185,100
1544,15440,16240,9.104855530005642e-23,0,,185,100
1545,15450,16250,9.13532224577722e-21,0,,182,100
1546,15460,16260,6.360401740244779e-27,0,,181,100
1547,15470,16270,1.8250014962349772e-23,0,,180,100
1548,15480,16280,2.0278629002174892e-23,0,,181,100
1549,15490,16290,5.067451344915039e-29,0,,182,100
1550,15500,16300,1.4396019190910995e-20,0,,180,100
1551,15510,16310,2.1984024432254826e-21,0,,181,100
1552,15520,16320,3.861781876768687e-30,0,,182,100
1553,15530,16330,3.013479293096396e-34,0,,181,100
1554,15540,16340,1.0877686742865252e-20,0,,179,100
1555,15550,16350,8.241945139884053e-31,0,,180,100
1556,15560,16360,5.542370649702883e-30,0,,181,100
1557,15570,16370,7.611710843730833e-19,0,,182,100
1558,15580,16380,1.1166431574299862e-24,0,,186,100
1559,15590,16390,2.5722673202796545e-21,0,,185,100
1560,15600,16400,1.4325310562506778e-36,0,,184,100
1561,15610,16410,5.2771734413004515e-17,0,,184,100
1562,15620,16420,5.092891149533688e-29,0,,187,100
1563,15630,16430,4.1461830125951366e-21,0,,186,100
1564,15640,16440,1.1949948952615685e-19,0,,185,100
1565,15650,16450,3.606096059214489e-34,0,,186,100
1566,15660,16460,5.542048996392316e-35,0,,188,100
1567,15670,16470,9.721943070520231e-21,0,,187,100
1568,15680,16480,1.8483492721680626e-17,0,,187,100
1569,15690,16490,3.287432086535022e-33,0,,188,100
1570,15700,16500,1.2388728503954482e-33,0,,187,100
1571,15710,16510,2.640960972379101e-22,0,,189,100
1572,15720,16520,1.1702711953802107e-31,0,,189,100
1573,15730,16530,6.20779150370047e-36,0,,189,100
1574,15740,16540,1.6999957845017496e-20,0,,188,100
1575,15750,16550,2.2617741220530174e-32,0,,189,100
1576,15760,16560,3.0656881258266635e-18,0,,188,100
1577,15770,16570,1.1296538919732612e-14,0,,188,100
1578,15780,16580,4.689571708021165e-37,0,,188,100
1579,15790,16590,2.4850441881905985e-28,0,,187,100
1580,15800,16600,1.2211086058123655e-21,0,,187,100
1581,15810,16610,2.7384720731275453e-17,0,,188,100
1582,15820,16620,5.099207256730652e-23,0,,188,100
1583,15830,16630,1.8702688510089853e-33,0,,189,100
1584,15840,16640,6.997792108946768e-34,0,,191,100
1585,15850,16650,7.306454640852363e-16,0,,192,100
1586,15860,16660,7.708540976739636e-34,0,,190,100
1587,15870,16670,1.0559292750938466e-22,0,,192,100
1588,15880,16680,6.798701550792915e-23,0,,190,100
1589,15890,16690,1.1004507888205551e-36,0,,189,100
1590,15900,16700,4.7635203899424624e-34,0,,189,100
1591,15910,16710,1.2394397324421577e-20,0,,187,100
1592,15920,16720,2.8977320148647687e-22,0,,188,100
1593,15930,16730,1.316585172019675e-16,0,,187,100
1594,15940,16740,1.4816394254030455e-24,0,,190,100
1595,15950,16750,2.639312587486657e-28,0,,188,100
1596,15960,16760,2.173015774712196e-25,0,,188,100
1597,15970,16770,9.209165382132859e-30,0,,187,100
1598,15980,16780,2.2944802671683836e-19,0,,186,100
1599,15990,16790,7.308333570193172e-26,0,,186,100
1600,16000,16800,1.5096133216084425e-31,0,,184,100
1601,16010,16810,1.1513624162842301e-33,0,,185,100
1602,16020,16820,1.508178587653653e-19,0,,183,100
1603,16030,16830,8.781874955540063e-20,0,,183,100
1604,16040,16840,1.690889252300874e-32,0,,185,100
1605,16050,16850,6.418859550548272e-17,0,,185,100
1606,16060,16860,3.939059506714575e-18,0,,185,100
1607,16070,16870,9.11748482357816e-19,0,,183,100
1608,16080,16880,9.736680398714946e-27,0,,183,100
1609,16090,16890,1.566484162856641e-18,0,,184,100
1610,16100,16900,2.3543086791345247e-23,0,,183,100
1611,16110,16910,3.2245322489815964e-29,0,,186,100
1612,16120,16920,5.578576070024324e-21,0,,188,100
1613,16130,16930,6.1244406815978155e-28,0,,186,100
1614,16140,16940,1.2000448071750445e-15,0,,184,100
1615,16150,16950,2.2331834736989486e-26,0,,184,100
1616,16160,16960,2.406446906088468e-28,0,,184,100
1617,16170,16970,1.0308846622789906e-26,0,,184,100
1618,16180,16980,1.245404406785699e-11,0,,183,100
1619,16190,16990,5.789570000357644e-24,0,,184,100
1620,16200,17000,4.429220398677713e-14,0,,181,100
1621,16210,17010,6.784169598625241e-29,0,,180,100
1622,16220,17020,1.3008894713368543e-31,0,,180,100
1623,16230,17030,1.4672041455296731e-27,0,,183,100
1624,16240,17040,3.217256298053209e-20,0,,182,100
1625,16250,17050,4.710566493055859e-25,0,,183,100
1626,16260,17060,1.7691034610698437e-22,0,,183,100
1627,16270,17070,3.820052873162221e-18,0,,184,100
1628,16280,17080,6.376513641939487e-15,0,,183,100
1629,16290,17090,2.540292953030748e-27,0,,185,100
1630,16300,17100,1.5455817313885554e-28,0,,186,100
1631,16310,17110,9.228428406767868e-14,0,,185,100
1632,16320,17120,1.0225055090505586e-18,0,,185,100
1633,16330,17130,2.3374507548493145e-27,0,,187,100
1634,16340,17140,1.3947661013236125e-20,0,,186,100
1635,16350,17150,4.971043981907235e-23,0,,186,100
1636,16360,17160,1.3771958779462764e-28,0,,186,100
1637,16370,17170,1.340368686759628e-22,0,,185,100
1638,16380,17180,3.6695790282558215e-20,0,,182,100
1639,16390,17190,3.020204932852323e-21,0,,181,100
1640,16400,17200,1.1345287243273435e-23,0,,184,100
1641,16410,17210,8.753778595637325e-20,0,,182,100
1642,16420,17220,5.0491522188639545e-26,0,,181,100
1643,16430,17230,5.2036199087928696e-23,0,,182,100
1644,16440,17240,1.132667449532543e-20,0,,181,100
1645,16450,17250,4.576952391220989e-23,0,,180,100
1646,16460,17260,1.9274787306531934e-20,0,,179,100
1647,16470,17270,1.010227606262399e-25,0,,179,100
1648,16480,17280,3.571669948104064e-21,0,,181,100
1649,16490,17290,7.061663006948804e-18,0,,181,100
1650,16500,17300,1.158150011590325e-21,0,,179,100
1651,16510,17310,7.462820666360904e-14,0,,179,100
1652,16520,17320,7.639182284500826e-22,0,,179,100
1653,16530,17330,3.636728796075184e-13,0,,180,100
1654,16540,17340,1.152522576615782e-17,0,,181,100
1655,16550,17350,6.725734835665036e-13,0,,182,100
1656,16560,17360,3.576928234543516e-10,0,,180,100
1657,16570,17370,5.949195864302306e-08,0,,181,100
1658,16580,17380,9.851987420163393e-13,0,,181,100
1659,16590,17390,9.971667542276242e-08,0,,180,100
1660,16600,17400,8.558862107003058e-19,0,,181,100
1661,16610,17410,6.976842352979677e-19,0,,178,100
1662,16620,17420,2.017856555680459e-11,0,,177,100
1663,16630,17430,2.613943557452611e-19,0,,175,100
1664,16640,17440,1.104523854506876e-17,0,,176,100
1665,16650,17450,3.3094442812071116e-18,0,,175,100
1666,16660,17460,2.49406993708425e-10,0,,176,100
1667,16670,17470,5.520973739935893e-07,0,,173,100
1668,16680,17480,2.3456374388133215e-16,0,,175,100
1669,16690,17490,4.444072375533866e-06,0,,175,100
1670,16700,17500,2.836602180948146e-10,0,,174,100
1671,16710,17510,1.3028830763418258e-12,0,,174,100
1672,16720,17520,4.3599089575181076e-15,0,,173,100
1673,16730,17530,7.139675998880033e-16,0,,171,100
1674,16740,17540,2.2061082234918373e-18,0,,171,100
1675,16750,17550,1.8659039678611373e-14,0,,171,100
1676,16760,17560,4.863171977517047e-16,0,,172,100
1677,16770,17570,6.722751573135586e-18,0,,171,100
1678,16780,17580,2.344824914508284e-16,0,,170,100
1679,16790,17590,5.14850303271179e-10,0,,167,100
1680,16800,17600,5.136064767330026e-18,0,,168,100
1681,16810,17610,5.4939966563085324e-18,0,,167,100
1682,16820,17620,1.247870188382194e-16,0,,168,100
1683,16830,17630,5.847277968342109e-14,0,,167,100
1684,16840,17640,1.1818429160501e-14,0,,169,100
1685,16850,17650,7.159624347585979e-20,0,,168,100
1686,16860,17660,4.985763625232662e-19,0,,169,100
1687,16870,17670,2.238067798303696e-15,0,,167,100
1688,16880,17680,2.623249952197887e-18,0,,168,100
1689,16890,17690,5.672499594399705e-18,0,,169,100
1690,16900,17700,2.6130589630802303e-08,0,,168,100
1691,16910,17710,4.690101387106582e-18,0,,169,100
1692,16920,17720,4.4362439039057654e-11,0,,168,100
1693,16930,17730,1.5308986259070424e-20,0,,168,100
1694,16940,17740,8.001329846621983e-17,0,,169,100
1695,16950,17750,1.2367194678043853e-09,0,,167,100
1696,16960,17760,1.74218090647294e-18,0,,168,100
1697,16970,17770,2.4498288943974803e-12,0,,168,100
1698,16980,17780,2.582586756754947e-14,0,,171,100
1699,16990,17790,4.368884386843621e-19,0,,172,100
1700,17000,17800,2.0594241043721247e-22,0,,175,100
1701,17010,17810,3.799344338444199e-19,0,,175,100
1702,17020,17820,1.1022693732374291e-16,0,,173,100
1703,17030,17830,1.0277875801574958e-18,0,,175,100
1704,17040,17840,6.781269116488458e-17,0,,175,100
1705,17050,17850,8.902292937681591e-17,0,,175,100
1706,17060,17860,4.24978218444314e-18,0,,175,100
1707,17070,17870,8.524802474669338e-18,0,,175,100
1708,17080,17880,1.810022395746917e-21,0,,174,100
1709,17090,17890,4.156691410136095e-21,0,,172,100
1710,17100,17900,2.3481107873003353e-24,0,,172,100
1711,17110,17910,2.08566206298454e-20,0,,172,100
1712,17120,17920,2.8557580326283232e-21,0,,172,100
1713,17130,17930,3.3863918656273883e-21,0,,169,100
1714,17140,17940,7.40363013627082e-13,0,,170,100
1715,17150,17950,3.6349748346808616e-14,0,,170,100
1716,17160,17960,5.315347430468688e-26,0,,171,100
1717,17170,17970,3.601376466256118e-19,0,,172,100
1718,17180,17980,5.518296200895664e-16,0,,174,100
1719,17190,17990,1.6010888017861935e-19,0,,172,100
1720,17200,18000,5.920263980396117e-28,0,,172,100
1721,17210,18010,3.202780808604577e-14,0,,174,100
1722,17220,18020,6.296378676351872e-16,0,,174,100
1723,17230,18030,2.267402384201245e-14,0,,174,100
1724,17240,18040,1.9594490588966985e-26,0,,174,100
1725,17250,18050,1.76373363450537e-24,0,,174,100
1726,17260,18060,3.010855546874358e-20,0,,175,100
1727,17270,18070,8.008259394634668e-20,0,,175,100
1728,17280,18080,6.19262190536286e-25,0,,176,100
1729,17290,18090,3.358534825934904e-25,0,,175,100
1730,17300,18100,5.242645458458362e-28,0,,175,100
1731,17310,18110,3.8178394763213117e-28,0,,175,100
1732,17320,18120,5.113143564860314e-25,0,,175,100
1733,17330,18130,7.490267621745891e-24,0,,174,100
1734,17340,18140,7.488672181147273e-22,0,,175,100
1735,17350,18150,2.8010738141307106e-22,0,,174,100
1736,17360,18160,1.2095332312052623e-26,0,,174,100
1737,17370,18170,4.909268068193504e-24,0,,174,100
1738,17380,18180,3.0637604696093814e-16,0,,174,100
1739,17390,18190,6.304876011953383e-26,0,,175,100
1740,17400,18200,1.538572252283774e-20,0,,176,100
1741,17410,18210,1.5314037192621793e-24,0,,175,100
1742,17420,18220,1.5826551453909826e-14,0,,177,100
1743,17430,18230,2.7151398840463275e-22,0,,179,100
1744,17440,18240,1.765817725902785e-25,0,,183,100
1745,17450,18250,2.180583397238649e-22,0,,183,100
1746,17460,18260,1.6352838779185897e-20,0,,181,100
1747,17470,18270,8.506211456482562e-18,0,,182,100
1748,17480,18280,1.713674711964585e-24,0,,183,100
1749,17490,18290,3.881542725753251e-17,0,,185,100
1750,17500,18300,3.2931350600356666e-19,0,,183,100
1751,17510,18310,3.4869237155599106e-19,0,,184,100
1752,17520,18320,9.18290620687693e-22,0,,187,100
1753,17530,18330,2.8067383752664163e-26,0,,187,100
1754,17540,18340,3.188132537458991e-18,0,,185,100
1755,17550,18350,9.441932605338189e-22,0,,187,100
1756,17560,18360,2.2715620062896267e-24,0,,189,100
1757,17570,18370,1.1621238564828462e-19,0,,190,100
1758,17580,18380,2.037987490730494e-19,0,,191,100
1759,17590,18390,1.017136562043846e-19,0,,188,100
1760,17600,18400,1.216968990237698e-24,0,,191,100
1761,17610,18410,2.8744947339591664e-19,0,,191,100
1762,17620,18420,7.800342151045419e-24,0,,190,100
1763,17630,18430,4.8641155114157865e-21,0,,193,100
1764,17640,18440,9.647505831224906e-22,0,,193,100
1765,17650,18450,1.742121907231156e-15,0,,192,100
1766,17660,18460,3.3593366412868836e-20,0,,193,100
1767,17670,18470,1.833596978728288e-21,0,,191,100
1768,17680,18480,2.30554348845654e-21,0,,192,100
1769,17690,18490,3.4686817291263166e-25,0,,191,100
1770,17700,18500,1.2963644237021621e-19,0,,193,100
1771,17710,18510,1.5383441902847076e-20,0,,190,100
1772,17720,18520,1.511966906254858e-18,0,,190,100
1773,17730,18530,7.61587466359043e-18,0,,191,100
1774,17740,18540,3.1210462984281957e-19,0,,191,100
1775,17750,18550,5.577385199535355e-19,0,,192,100
1776,17760,18560,1.2202495266005364e-14,0,,192,100
1777,17770,18570,2.507840324642918e-17,0,,191,100
1778,17780,18580,5.99818199789586e-17,0,,190,100
1779,17790,18590,1.9872932500924253e-20,0,,192,100
1780,17800,18600,3.312964502658815e-23,0,,190,100
1781,17810,18610,4.608652925052178e-22,0,,189,100
1782,17820,18620,4.401846996982724e-18,0,,188,100
1783,17830,18630,1.903056445642024e-20,0,,187,100
1784,17840,18640,4.786895073720448e-20,0,,187,100
1785,17850,18650,6.695839296644369e-21,0,,189,100
1786,17860,18660,8.963295249722338e-22,0,,188,100
1787,17870,18670,6.873208251669281e-20,0,,189,100
1788,17880,18680,1.4621169365013442e-22,0,,191,100
1789,17890,18690,1.9718849774054482e-20,0,,189,100
1790,17900,18700,2.735424786420293e-21,0,,188,100
1791,17910,18710,5.788810591150058e-23,0,,186,100
1792,17920,18720,9.033214569802517e-26,0,,189,100
1793,17930,18730,1.2625234136627162e-14,0,,188,100
1794,17940,18740,1.8325781752256364e-24,0,,189,100
1795,17950,18750,2.8873203997616725e-22,0,,189,100
1796,17960,18760,3.4636734909250605e-24,0,,188,100
1797,17970,18770,2.6226548658834247e-17,0,,190,100
1798,17980,18780,6.564456194407202e-16,0,,189,100
1799,17990,18790,4.724268803994657e-16,0,,186,100
1800,18000,18800,3.352969789747997e-22,0,,188,100
1801,18010,18810,1.722242773690963e-20,0,,186,100
1802,18020,18820,1.901719942963515e-19,0,,186,100
1803,18030,18830,9.270642492506705e-20,0,,186,100
1804,18040,18840,4.9798585435670084e-18,0,,186,100
1805,18050,18850,9.59724342286477e-18,0,,186,100
1806,18060,18860,8.964982463662706e-19,0,,186,100
1807,18070,18870,7.454049352629164e-16,0,,185,100
1808,18080,18880,2.8300528642511856e-18,0,,186,100
1809,18090,18890,3.352960619674576e-16,0,,185,100
1810,18100,18900,4.939193002423322e-14,0,,183,100
1811,18110,18910,1.5798377742170709e-13,0,,183,100
1812,18120,18920,1.1018492582448118e-19,0,,184,100
1813,18130,18930,5.844664962223754e-24,0,,183,100
1814,18140,18940,5.8816949304886866e-21,0,,182,100
1815,18150,18950,5.950217911976329e-16,0,,182,100
1816,18160,18960,2.092048847896287e-23,0,,181,100
1817,18170,18970,4.497143565686441e-20,0,,180,100
1818,18180,18980,1.3399217401758266e-24,0,,178,100
1819,18190,18990,1.6516371264927874e-25,0,,179,100
1820,18200,19000,3.2170394722949637e-21,0,,179,100
1821,18210,19010,2.8916067582255912e-18,0,,179,100
1822,18220,19020,1.7539327265248298e-12,0,,176,100
1823,18230,19030,1.5974253119102749e-15,0,,175,100
1824,18240,19040,1.4930361342141502e-16,0,,173,100
1825,18250,19050,4.990150655619028e-12,0,,172,100
1826,18260,19060,7.25923444038746e-15,0,,173,100
1827,18270,19070,8.767339656187659e-16,0,,172,100
1828,18280,19080,8.645403158708872e-19,0,,170,100
1829,18290,19090,1.7654005594473973e-20,0,,170,100
1830,18300,19100,7.64101954182679e-20,0,,170,100
1831,18310,19110,1.4440792825025806e-14,0,,170,100
1832,18320,19120,5.3429397159655605e-17,0,,170,100
1833,18330,19130,8.312044679198037e-19,0,,170,100
1834,18340,19140,4.4574543731400476e-17,0,,169,100
1835,18350,19150,4.322904233439127e-20,0,,170,100
1836,18360,19160,4.8231959509367614e-20,0,,168,100
1837,18370,19170,1.757634579402213e-18,0,,170,100
1838,18380,19180,3.4908264640767844e-20,0,,169,100
1839,18390,19190,1.2911199860250886e-18,0,,169,100
1840,18400,19200,3.3081713187994844e-22,0,,166,100
1841,18410,19210,3.6009190311028406e-11,0,,167,100
1842,18420,19220,6.330373766072914e-19,0,,167,100
1843,18430,19230,3.474803893797176e-21,0,,167,100
1844,18440,19240,1.2128007340120746e-21,0,,165,100
1845,18450,19250,3.557426232791962e-15,0,,164,100
1846,18460,19260,1.9483600112182125e-16,0,,165,100
1847,18470,19270,6.512550434851057e-17,0,,165,100
1848,18480,19280,2.55661259735693e-15,0,,165,100
1849,18490,19290,3.124991783934079e-17,0,,164,100
1850,18500,19300,7.177165219990149e-17,0,,162,100
1851,18510,19310,2.1387216339588617e-19,0,,163,100
1852,18520,19320,2.2556759211026926e-16,0,,161,100
1853,18530,19330,1.7650685623282755e-22,0,,159,100
1854,18540,19340,6.3778233455244525e-22,0,,161,100
1855,18550,19350,3.6854134986488145e-19,0,,162,100
1856,18560,19360,4.83715576526566e-21,0,,160,100
1857,18570,19370,8.417128971200599e-26,0,,161,100
1858,18580,19380,4.330163791118792e-22,0,,158,100
1859,18590,19390,9.233322046960521e-14,0,,155,100
1860,18600,19400,2.8792696656992686e-16,0,,156,100
1861,18610,19410,7.652392471957581e-26,0,,157,100
1862,18620,19420,1.3251037253748528e-19,0,,159,100
1863,18630,19430,1.237630873803016e-21,0,,158,100
1864,18640,19440,6.306623507585599e-26,0,,158,100
1865,18650,19450,4.964830000517831e-27,0,,157,100
1866,18660,19460,1.966223365945261e-23,0,,159,100
1867,18670,19470,1.5697213428522578e-25,0,,157,100
1868,18680,19480,1.4145783556594793e-25,0,,155,100
1869,18690,19490,8.71247040738653e-25,0,,160,100
1870,18700,19500,1.8635049305268538e-26,0,,157,100
1871,18710,19510,7.411405793456765e-27,0,,160,100
1872,18720,19520,1.0186836624947181e-20,0,,159,100
1873,18730,19530,2.0888851248239604e-27,0,,158,100
1874,18740,19540,1.9781456456121427e-28,0,,158,100
1875,18750,19550,3.364459363775195e-30,0,,157,100
1876,18760,19560,4.175771328907027e-20,0,,159,100
1877,18770,19570,4.2673632813411184e-26,0,,158,100
1878,18780,19580,1.2595397521845625e-23,0,,157,100
1879,18790,19590,1.413097381552914e-17,0,,158,100
1880,18800,19600,2.3320062371867446e-24,0,,158,100
1881,18810,19610,6.966922083530848e-22,0,,157,100
1882,18820,19620,3.0180963388046196e-17,0,,157,100
1883,18830,19630,6.854628162825463e-17,0,,157,100
1884,18840,19640,6.4529672354262066e-21,0,,159,100
1885,18850,19650,2.881335427720875e-26,0,,159,100
1886,18860,19660,3.527830453070782e-29,0,,159,100
1887,18870,19670,1.7405591080178313e-20,0,,158,100
1888,18880,19680,1.7639337361510608e-31,0,,157,100
1889,18890,19690,7.990576003677801e-23,0,,157,100
1890,18900,19700,4.7046908096648856e-21,0,,160,100
1891,18910,19710,9.258568207358346e-21,0,,161,100
1892,18920,19720,1.3049191256788787e-22,0,,160,100
1893,18930,19730,1.372565800035405e-26,0,,161,100
1894,18940,19740,3.7798165169163512e-22,0,,160,100
1895,18950,19750,3.724840535525584e-17,0,,161,100
1896,18960,19760,7.540318948108045e-24,0,,163,100
1897,18970,19770,6.888234551914734e-23,0,,164,100
1898,18980,19780,7.529392276823855e-22,0,,165,100
1899,18990,19790,1.628464723190448e-22,0,,163,100
1900,19000,19800,8.4071004548684e-22,0,,165,100
1901,19010,19810,3.9541070660329557e-19,0,,163,100
1902,19020,19820,9.729749542259654e-19,0,,163,100
1903,19030,19830,6.580028336905138e-23,0,,165,100
1904,19040,19840,1.5185997077109576e-20,0,,167,100
1905,19050,19850,2.274921351876745e-22,0,,166,100
1906,19060,19860,1.0830403643112496e-20,0,,168,100
1907,19070,19870,1.649528851865804e-24,0,,168,100
1908,19080,19880,7.212575497961489e-17,0,,168,100
1909,19090,19890,1.2304221646463368e-27,0,,167,100
1910,19100,19900,5.089938233262651e-24,0,,168,100
1911,19110,19910,1.0399136279213524e-23,0,,170,100
1912,19120,19920,1.0297729722489205e-24,0,,170,100
1913,19130,19930,1.2164580927697238e-20,0,,171,100
1914,19140,19940,4.134499777356901e-19,0,,167,100
1915,19150,19950,1.716146582429938e-19,0,,166,100
1916,19160,19960,3.060832029872577e-22,0,,167,100
1917,19170,19970,2.777850438903014e-21,0,,166,100
1918,19180,19980,2.9671426199754694e-19,0,,167,100
1919,19190,19990,2.847689979716006e-23,0,,168,100
1920,19200,20000,1.228007489049625e-19,0,,169,100
1921,19210,20010,6.9781753664552584e-15,0,,166,100
1922,19220,20020,1.272952220113337e-25,0,,166,100
1923,19230,20030,4.899748117814952e-19,0,,166,100
1924,19240,20040,6.976606951554977e-20,0,,167,100
1925,19250,20050,9.264463914517734e-25,0,,169,100
1926,19260,20060,4.360968467019568e-16,0,,168,100
1927,19270,20070,6.258924229211986e-25,0,,169,100
1928,19280,20080,1.5556319081204099e-19,0,,170,100
1929,19290,20090,2.854282817415122e-19,0,,170,100
1930,19300,20100,3.6256052733412877e-22,0,,168,100
1931,19310,20110,2.4334257379787108e-24,0,,171,100
1932,19320,20120,1.1212174510522102e-24,0,,172,100
1933,19330,20130,8.728170105865086e-22,0,,172,100
1934,19340,20140,2.0141302018448854e-25,0,,172,100
1935,19350,20150,3.0101902833858517e-24,0,,173,100
1936,19360,20160,8.889530857254969e-26,0,,172,100
1937,19370,20170,1.7355955484801408e-18,0,,174,100
1938,19380,20180,1.994330115875912e-11,0,,174,100
1939,19390,20190,9.16033905270916e-24,0,,175,100
1940,19400,20200,5.979265707846492e-18,0,,174,100
1941,19410,20210,3.955816289406248e-26,0,,175,100
1942,19420,20220,2.4534566069007797e-15,0,,173,100
1943,19430,20230,2.770760373767955e-13,0,,173,100
1944,19440,20240,3.1011390799040507e-26,0,,174,100
1945,19450,20250,1.2082006109370557e-29,0,,173,100
1946,19460,20260,1.1776006253785378e-12,0,,175,100
1947,19470,20270,1.3188769273220277e-24,0,,174,100
1948,19480,20280,1.4735912855946246e-11,0,,175,100
1949,19490,20290,7.9790028784437e-23,0,,174,100
1950,19500,20300,6.635103845004705e-19,0,,175,100
1951,19510,20310,1.1230328816333136e-22,0,,175,100
1952,19520,20320,4.358702679308257e-15,0,,177,100
1953,19530,20330,1.5020062336271694e-18,0,,176,100
1954,19540,20340,3.879170347560053e-21,0,,174,100
1955,19550,20350,2.833117744421853e-18,0,,174,100
1956,19560,20360,5.625368796523842e-16,0,,173,100
1957,19570,20370,1.1418597705960198e-16,0,,174,100
1958,19580,20380,1.9400810566559058e-16,0,,174,100
1959,19590,20390,9.593812409286128e-22,0,,175,100
1960,19600,20400,2.9409940426776043e-15,0,,176,100
1961,19610,20410,2.1006920135459024e-16,0,,178,100
1962,19620,20420,1.565947389589755e-16,0,,179,100
1963,19630,20430,4.5130771097250284e-15,0,,177,100
1964,19640,20440,5.1927687176809376e-14,0,,176,100
1965,19650,20450,1.342722765876783e-22,0,,177,100
1966,19660,20460,5.9566186630266e-21,0,,175,100
1967,19670,20470,3.8429544568649115e-22,0,,177,100
1968,19680,20480,1.2925861875855224e-17,0,,177,100
1969,19690,20490,1.2715466677727652e-15,0,,178,100
1970,19700,20500,1.1538037598124231e-19,0,,175,100
1971,19710,20510,4.182807207825077e-22,0,,174,100
1972,19720,20520,1.9180730891388645e-19,0,,176,100
1973,19730,20530,8.89506641830151e-20,0,,176,100
1974,19740,20540,7.425447161438578e-20,0,,176,100
1975,19750,20550,3.9757542372894594e-21,0,,174,100
1976,19760,20560,3.0127860325594837e-25,0,,172,100
1977,19770,20570,2.9636195769180593e-18,0,,172,100
1978,19780,20580,1.749105630251782e-18,0,,174,100
1979,19790,20590,6.0615771193561495e-19,0,,174,100
1980,19800,20600,1.8567704293366606e-23,0,,171,100
1981,19810,20610,7.304515711159717e-24,0,,171,100
1982,19820,20620,8.536976269551701e-20,0,,171,100
1983,19830,20630,1.181554153520565e-22,0,,171,100
1984,19840,20640,3.232326606075613e-22,0,,170,100
1985,19850,20650,2.858934114798551e-21,0,,172,100
1986,19860,20660,2.035302193150934e-18,0,,171,100
1987,19870,20670,2.9566274886869924e-22,0,,173,100
1988,19880,20680,7.268975608863742e-21,0,,174,100
1989,19890,20690,4.99842881677727e-21,0,,174,100
1990,19900,20700,2.256659058339101e-21,0,,172,100
1991,19910,20710,5.049728445312195e-20,0,,170,100
1992,19920,20720,2.1125145283302488e-19,0,,173,100
1993,19930,20730,6.39992780066912e-23,0,,173,100
1994,19940,20740,1.156951168120076e-22,0,,173,100
1995,19950,20750,1.1482896580162164e-21,0,,173,100
1996,19960,20760,1.7694175727460834e-21,0,,173,100
1997,19970,20770,3.46250069754539e-28,0,,173,100
1998,19980,20780,3.6803756392047805e-19,0,,174,100
1999,19990,20790,2.1922324995937506e-25,0,,174,100
2000,20000,20800,2.4397616196031887e-19,0,,172,100
2001,20010,20810,8.937539215302823e-20,0,,174,100
2002,20020,20820,8.186388194912635e-18,0,,174,100
2003,20030,20830,6.524909095758483e-15,0,,175,100
2004,20040,20840,5.841471529155799e-25,0,,174,100
2005,20050,20850,3.9855600657206377e-26,0,,176,100
2006,20060,20860,3.7071798653310527e-16,0,,175,100
2007,20070,20870,5.050681758111576e-25,0,,178,100
2008,20080,20880,5.096130622148225e-24,0,,177,100
2009,20090,20890,6.245060097927535e-22,0,,176,100
2010,20100,20900,1.1043349538184265e-22,0,,176,100
2011,20110,20910,2.382464469420728e-17,0,,174,100
2012,20120,20920,1.7708104404428738e-15,0,,175,100
2013,20130,20930,7.054727136126563e-29,0,,175,100
2014,20140,20940,1.8301236192625658e-25,0,,175,100
2015,20150,20950,3.61945458277411e-29,0,,176,100
2016,20160,20960,5.151362929970113e-24,0,,175,100
2017,20170,20970,3.4188904537204415e-27,0,,177,100
2018,20180,20980,8.9758710797208e-17,0,,176,100
2019,20190,20990,1.172411448474677e-14,0,,177,100
2020,20200,21000,9.29211789834025e-18,0,,178,100
2021,20210,21010,1.0470248036267217e-25,0,,178,100
2022,20220,21020,2.9761088195584253e-22,0,,178,100
2023,20230,21030,4.808983502120659e-17,0,,178,100
2024,20240,21040,6.800641516211663e-15,0,,179,100
2025,20250,21050,1.1760850669212628e-24,0,,177,100
2026,20260,21060,2.6239975600562412e-18,0,,177,100
2027,20270,21070,6.179933065503631e-22,0,,176,100
2028,20280,21080,3.005998578882446e-24,0,,177,100
2029,20290,21090,1.370775433557877e-23,0,,177,100
2030,20300,21100,2.0808807380907077e-28,0,,178,100
2031,20310,21110,3.022971540347923e-33,0,,178,100
2032,20320,21120,2.991482998301623e-14,0,,175,100
2033,20330,21130,1.21523352779601e-14,0,,175,100
2034,20340,21140,3.284958753058598e-27,0,,177,100
2035,20350,21150,7.845794339673189e-25,0,,178,100
2036,20360,21160,2.156916782383764e-25,0,,179,100
2037,20370,21170,2.166203337561626e-10,0,,178,100
2038,20380,21180,3.7521848122795636e-32,0,,178,100
2039,20390,21190,8.794300964332872e-30,0,,176,100
2040,20400,21200,7.132322843086997e-31,0,,175,100
2041,20410,21210,5.820467312074452e-29,0,,176,100
2042,20420,21220,2.0651916887819582e-14,0,,178,100
2043,20430,21230,1.2227464295898857e-14,0,,177,100
2044,20440,21240,5.2015369098833214e-11,0,,175,100
2045,20450,21250,8.676287715268674e-26,0,,176,100
2046,20460,21260,1.8423511150658216e-26,0,,176,100
2047,20470,21270,2.1160296588467667e-18,0,,174,100
2048,20480,21280,2.0499724844197448e-21,0,,176,100
2049,20490,21290,2.6540681302173577e-17,0,,175,100
2050,20500,21300,8.976498147221627e-32,0,,175,100
2051,20510,21310,4.0342083028415244e-28,0,,174,100
2052,20520,21320,2.6025622910382085e-29,0,,174,100
2053,20530,21330,8.594266116799652e-16,0,,175,100
2054,20540,21340,1.1751682781496927e-17,0,,176,100
2055,20550,21350,7.161286760183993e-29,0,,179,100
2056,20560,21360,6.43776316185523e-12,0,,178,100
2057,20570,21370,8.54493119656094e-12,0,,179,100
2058,20580,21380,3.390718417080319e-25,0,,179,100
2059,20590,21390,2.381548770872492e-15,0,,181,100
2060,20600,21400,6.147971927054292e-27,0,,183,100
2061,20610,21410,3.954625412269341e-30,0,,182,100
2062,20620,21420,1.7907830360024678e-29,0,,183,100
2063,20630,21430,6.700199939134389e-27,0,,182,100
2064,20640,21440,4.3846935501069913e-14,0,,182,100
2065,20650,21450,1.0353652172174763e-26,0,,181,100
2066,20660,21460,5.712753831129205e-25,0,,178,100
2067,20670,21470,8.923578387953522e-13,0,,179,100
2068,20680,21480,3.1041639521987422e-27,0,,178,100
2069,20690,21490,3.2838422456770506e-15,0,,179,100
2070,20700,21500,6.886289589062291e-24,0,,179,100
2071,20710,21510,1.6998905682872265e-24,0,,178,100
2072,20720,21520,8.215972345021959e-14,0,,177,100
2073,20730,21530,4.143020313299402e-21,0,,179,100
2074,20740,21540,4.3277442210123613e-13,0,,178,100
2075,20750,21550,5.776400740263481e-14,0,,177,100
2076,20760,21560,3.1084109525875024e-21,0,,180,100
2077,20770,21570,8.568114609087515e-26,0,,180,100
2078,20780,21580,2.7820643133305736e-25,0,,180,100
2079,20790,21590,1.0962652240638496e-24,0,,180,100
2080,20800,21600,6.904937059888599e-22,0,,181,100
2081,20810,21610,1.6670271769124897e-23,0,,180,100
2082,20820,21620,1.099648540517083e-09,0,,178,100
2083,20830,21630,1.4963281333547102e-15,0,,183,100
2084,20840,21640,1.6072866735269625e-20,0,,182,100
2085,20850,21650,9.555048997879849e-23,0,,182,100
2086,20860,21660,1.6546520499361095e-16,0,,182,100
2087,20870,21670,4.193565304134517e-18,0,,179,100
2088,20880,21680,5.120495804299149e-15,0,,180,100
2089,20890,21690,1.514796345626473e-13,0,,181,100
2090,20900,21700,2.770738169217095e-13,0,,180,100
2091,20910,21710,4.1877018575415823e-10,0,,182,100
2092,20920,21720,8.209704699967607e-13,0,,183,100
2093,20930,21730,7.37435276753029e-15,0,,183,100
2094,20940,21740,8.44008438398127e-13,0,,180,100
2095,20950,21750,1.7900621193447731e-12,0,,179,100
2096,20960,21760,1.5469026507624773e-11,0,,180,100
2097,20970,21770,2.274372690719335e-12,0,,184,100
2098,20980,21780,1.5946239240127924e-10,0,,183,100
2099,20990,21790,1.703153491284295e-10,0,,183,100
2100,21000,21800,1.7332307497392721e-09,0,,179,100
2101,21010,21810,1.8361691347489227e-13,0,,178,100
2102,21020,21820,6.600680013722702e-14,0,,178,100
2103,21030,21830,3.0580312842148167e-16,0,,180,100
2104,21040,21840,6.272438566860579e-15,0,,180,100
2105,21050,21850,9.583053055838287e-17,0,,181,100
2106,21060,21860,3.0001282984848954e-17,0,,181,100
2107,21070,21870,2.0352072148124942e-10,0,,179,100
2108,21080,21880,7.773592661533629e-19,0,,180,100
2109,21090,21890,3.704933756311615e-15,0,,178,100
2110,21100,21900,1.4426771176177547e-24,0,,176,100
2111,21110,21910,2.4130719057438963e-15,0,,178,100
2112,21120,21920,2.0653374784535827e-20,0,,179,100
2113,21130,21930,6.149655305903856e-16,0,,181,100
2114,21140,21940,1.4831332965269281e-15,0,,179,100
2115,21150,21950,1.3064689492749118e-11,0,,179,100
2116,21160,21960,3.745216662191099e-13,0,,179,100
2117,21170,21970,3.1604483229257468e-21,0,,180,100
2118,21180,21980,1.8116806398311753e-14,0,,181,100
2119,21190,21990,2.5587768125643155e-23,0,,180,100
2120,21200,22000,2.338496735784325e-20,0,,181,100
2121,21210,22010,3.309696637105402e-21,0,,180,100
2122,21220,22020,1.4258582139395438e-20,0,,178,100
2123,21230,22030,9.705530445596882e-25,0,,178,100
2124,21240,22040,1.025160513682293e-11,0,,179,100
2125,21250,22050,1.2479998632088383e-26,0,,178,100
2126,21260,22060,1.2609279520391725e-08,0,,180,100
2127,21270,22070,1.1419632373883322e-23,0,,178,100
2128,21280,22080,4.696216584882904e-17,0,,178,100
2129,21290,22090,4.4753097247359734e-23,0,,178,100
2130,21300,22100,2.023683046774658e-17,0,,179,100
2131,21310,22110,2.3795344457888897e-14,0,,181,100
2132,21320,22120,1.018519915303147e-19,0,,179,100
2133,21330,22130,1.7293076624582362e-18,0,,179,100
2134,21340,22140,1.9830300954721602e-16,0,,178,100
2135,21350,22150,8.313755577796832e-17,0,,177,100
2136,21360,22160,2.6981546276135383e-17,0,,176,100
2137,21370,22170,1.0087084705624361e-23,0,,175,100
2138,21380,22180,4.4422844350061e-21,0,,173,100
2139,21390,22190,9.059864910741184e-24,0,,174,100
2140,21400,22200,8.761946316253612e-22,0,,175,100
2141,21410,22210,6.213599925757024e-21,0,,176,100
2142,21420,22220,4.2173553135387003e-17,0,,173,100
2143,21430,22230,5.419267798820407e-16,0,,174,100
2144,21440,22240,1.6335980235047867e-23,0,,174,100
2145,21450,22250,1.0007058777807687e-19,0,,174,100
2146,21460,22260,3.1619683286090628e-24,0,,174,100
2147,21470,22270,5.26988139250554e-19,0,,175,100
2148,21480,22280,3.497547377683221e-24,0,,175,100
2149,21490,22290,1.8627650264285086e-23,0,,175,100
2150,21500,22300,1.8334112356095898e-19,0,,177,100
2151,21510,22310,1.1511659756313967e-22,0,,178,100
2152,21520,22320,7.121083372213052e-24,0,,178,100
2153,21530,22330,2.527348201409225e-19,0,,178,100
2154,21540,22340,1.4586549377257403e-23,0,,178,100
2155,21550,22350,8.190027849162048e-19,0,,179,100
2156,21560,22360,5.934659233323837e-30,0,,179,100
2157,21570,22370,1.1450586085402875e-27,0,,178,100
2158,21580,22380,4.286918732659075e-22,0,,179,100
2159,21590,22390,3.201872051757938e-22,0,,180,100
2160,21600,22400,9.332846089936989e-23,0,,179,100
2161,21610,22410,6.495287134199207e-22,0,,179,100
2162,21620,22420,4.597085801002572e-19,0,,181,100
2163,21630,22430,9.480572617406173e-20,0,,179,100
2164,21640,22440,1.5455762411968069e-22,0,,179,100
2165,21650,22450,8.742474196607675e-36,0,,179,100
2166,21660,22460,1.5196254123286608e-29,0,,179,100
2167,21670,22470,6.340720171441936e-30,0,,180,100
2168,21680,22480,7.28349522788593e-32,0,,180,100
2169,21690,22490,1.5388015729443903e-34,0,,180,100
2170,21700,22500,5.4874494095557255e-21,0,,180,100
2171,21710,22510,1.8379998544615083e-28,0,,179,100
2172,21720,22520,5.4027546337608406e-30,0,,177,100
2173,21730,22530,4.6510146640546995e-21,0,,178,100
2174,21740,22540,5.379507124145898e-24,0,,179,100
2175,21750,22550,6.533963698209286e-26,0,,179,100
2176,21760,22560,2.6419002946022937e-31,0,,178,100
2177,21770,22570,1.939731321212302e-32,0,,176,100
2178,21780,22580,4.189235039234235e-23,0,,174,100
2179,21790,22590,4.007680386097956e-25,0,,176,100
2180,21800,22600,1.977025334170479e-24,0,,178,100
2181,21810,22610,5.142734988962624e-28,0,,181,100
2182,21820,22620,1.4736539396299496e-26,0,,180,100
2183,21830,22630,1.738807492414837e-26,0,,180,100
2184,21840,22640,5.871562983056888e-26,0,,178,100
2185,21850,22650,1.1446738816134539e-24,0,,178,100
2186,21860,22660,2.755870909626679e-23,0,,176,100
2187,21870,22670,2.0677168260191573e-20,0,,178,100
2188,21880,22680,1.945802083340762e-21,0,,180,100
2189,21890,22690,6.506568779718132e-22,0,,182,100
2190,21900,22700,6.955677385387736e-16,0,,183,100
2191,21910,22710,4.1970797724611796e-18,0,,181,100
2192,21920,22720,3.460609517082231e-17,0,,177,100
2193,21930,22730,6.704240505414527e-17,0,,178,100
2194,21940,22740,1.4416243565594164e-20,0,,178,100
2195,21950,22750,3.695066229567278e-22,0,,179,100
2196,21960,22760,1.0944387832631634e-19,0,,177,100
2197,21970,22770,7.709845116397307e-20,0,,177,100
2198,21980,22780,2.0292973802251368e-16,0,,177,100
2199,21990,22790,1.7074160206987268e-16,0,,176,100
2200,22000,22800,5.0105674647337075e-15,0,,177,100
2201,22010,22810,4.8318844001327735e-21,0,,179,100
2202,22020,22820,2.460538380153205e-23,0,,180,100
2203,22030,22830,1.6507314373034806e-21,0,,180,100
2204,22040,22840,9.24913830405326e-17,0,,179,100
2205,22050,22850,2.1456641096749637e-18,0,,178,100
2206,22060,22860,6.889422416344187e-20,0,,177,100
2207,22070,22870,4.2895656327075813e-16,0,,177,100
2208,22080,22880,2.1128852572464743e-16,0,,179,100
2209,22090,22890,1.3353931683318872e-16,0,,178,100
2210,22100,22900,1.5196864858377567e-13,0,,179,100
2211,22110,22910,4.892508952348535e-13,0,,178,100
2212,22120,22920,2.336721846712703e-12,0,,180,100
2213,22130,22930,7.499335519006021e-10,0,,177,100
2214,22140,22940,5.845791548651922e-15,0,,179,100
2215,22150,22950,1.2053927731987611e-10,0,,180,100
2216,22160,22960,7.339488555241938e-10,0,,180,100
2217,22170,22970,7.092352762807855e-12,0,,180,100
2218,22180,22980,2.29385837204919e-11,0,,181,100
2219,22190,22990,2.304197661307581e-11,0,,179,100
2220,22200,23000,1.1307494034293176e-08,0,,178,100
2221,22210,23010,4.6228910376698175e-14,0,,183,100
2222,22220,23020,9.0395814485067e-09,0,,181,100
2223,22230,23030,1.7821397881034842e-12,0,,180,100
2224,22240,23040,2.3090736114984037e-14,0,,179,100
2225,22250,23050,8.175177386526743e-13,0,,180,100
2226,22260,23060,2.2868319455738614e-10,0,,178,100
2227,22270,23070,2.6751317605654285e-12,0,,178,100
2228,22280,23080,5.069306558702746e-11,0,,178,100
2229,22290,23090,3.0197933071303955e-09,0,,177,100
2230,22300,23100,1.1453185754479542e-13,0,,177,100
2231,22310,23110,2.1320334480705842e-14,0,,176,100
2232,22320,23120,6.593061328859348e-14,0,,175,100
2233,22330,23130,1.2991678079148804e-11,0,,175,100
2234,22340,23140,1.74803930933254e-15,0,,175,100
2235,22350,23150,2.428256345437674e-21,0,,177,100
2236,22360,23160,1.2805564365768465e-15,0,,178,100
2237,22370,23170,2.0537579528455208e-13,0,,176,100
2238,22380,23180,2.8022756615227917e-15,0,,177,100
2239,22390,23190,3.1141501469576464e-11,0,,177,100
2240,22400,23200,7.224430045408586e-14,0,,177,100
2241,22410,23210,1.0419353895862408e-25,0,,178,100
2242,22420,23220,8.993000577306564e-27,0,,177,100
2243,22430,23230,4.7102052773607534e-21,0,,175,100
2244,22440,23240,9.696824320590283e-23,0,,176,100
2245,22450,23250,1.2384837556045107e-10,0,,176,100
2246,22460,23260,7.876458580237571e-10,0,,176,100
2247,22470,23270,9.286001079912406e-23,0,,178,100
2248,22480,23280,9.720014797992403e-11,0,,177,100
2249,22490,23290,2.9862582915584807e-16,0,,175,100
2250,22500,23300,1.0564718624135062e-19,0,,175,100
2251,22510,23310,3.3420801376481896e-12,0,,178,100
2252,22520,23320,1.5540295163516098e-08,0,,178,100
2253,22530,23330,2.0612996520589308e-08,0,,177,100
2254,22540,23340,2.8015072985348643e-19,0,,179,100
2255,22550,23350,1.0198655364951212e-16,0,,179,100
2256,22560,23360,7.945758003964459e-13,0,,179,100
2257,22570,23370,7.249838643345729e-13,0,,178,100
2258,22580,23380,1.556472066000722e-20,0,,179,100
2259,22590,23390,3.4372357239464245e-09,0,,178,100
2260,22600,23400,2.5963590343948818e-11,0,,175,100
2261,22610,23410,2.3730756114719744e-22,0,,175,100
2262,22620,23420,9.066465484847151e-14,0,,175,100
2263,22630,23430,3.869888048984605e-15,0,,175,100
2264,22640,23440,1.030903140669494e-12,0,,175,100
2265,22650,23450,6.746310127241894e-25,0,,175,100
2266,22660,23460,6.247517899553159e-11,0,,179,100
2267,22670,23470,1.0023936223245824e-07,0,,177,100
2268,22680,23480,3.91486242678417e-20,0,,177,100
2269,22690,23490,5.57258158704925e-13,0,,178,100
2270,22700,23500,2.15339325733363e-10,0,,179,100
2271,22710,23510,6.966509323538466e-26,0,,180,100
2272,22720,23520,3.1629731484094244e-25,0,,181,100
2273,22730,23530,1.4458185907768542e-15,0,,181,100
2274,22740,23540,2.0303036179284456e-11,0,,182,100
2275,22750,23550,1.1902827354498844e-15,0,,182,100
2276,22760,23560,6.029573102365537e-10,0,,182,100
2277,22770,23570,4.2315809849598175e-18,0,,182,100
2278,22780,23580,1.0884925948590814e-18,0,,184,100
2279,22790,23590,1.0272787171933413e-21,0,,184,100
2280,22800,23600,6.215998322505231e-11,0,,188,100
2281,22810,23610,4.285785189163584e-15,0,,186,100
2282,22820,23620,5.985396218677717e-19,0,,186,100
2283,22830,23630,1.6732056623356082e-17,0,,187,100
2284,22840,23640,4.242117712580294e-13,0,,188,100
2285,22850,23650,1.913971737359752e-11,0,,189,100
2286,22860,23660,9.381439536939632e-12,0,,187,100
2287,22870,23670,7.003946463027608e-16,0,,188,100
2288,22880,23680,7.838683663623974e-13,0,,186,100
2289,22890,23690,1.6206352536240925e-14,0,,187,100
2290,22900,23700,7.423450558852651e-16,0,,189,100
2291,22910,23710,9.639676372215764e-23,0,,189,100
2292,22920,23720,3.0044119918726585e-12,0,,189,100
2293,22930,23730,5.313214441701755e-18,0,,191,100
2294,22940,23740,7.396916077184731e-19,0,,189,100
2295,22950,23750,9.2115334158865e-23,0,,189,100
2296,22960,23760,1.295540919471032e-20,0,,192,100
2297,22970,23770,7.096226364029459e-15,0,,193,100
2298,22980,23780,2.416975534706585e-17,0,,194,100
2299,22990,23790,9.972194280416069e-22,0,,192,100
2300,23000,23800,1.0686129653002501e-23,0,,193,100
2301,23010,23810,4.625105000256408e-25,0,,193,100
2302,23020,23820,1.0695358166634663e-23,0,,193,100
2303,23030,23830,5.601934831921896e-19,0,,193,100
2304,23040,23840,2.5346195781967017e-15,0,,194,100
2305,23050,23850,2.2841285489032903e-22,0,,194,100
2306,23060,23860,7.875412079503697e-17,0,,194,100
2307,23070,23870,2.0769783766152606e-19,0,,194,100
2308,23080,23880,1.6078892735114005e-19,0,,194,100
2309,23090,23890,8.976226671150626e-25,0,,195,100
2310,23100,23900,1.0679657599678616e-20,0,,196,100
2311,23110,23910,6.906092331902199e-20,0,,198,100
2312,23120,23920,2.3606858659644364e-26,0,,197,100
2313,23130,23930,5.924730054048748e-22,0,,196,100
2314,23140,23940,3.960713923093054e-24,0,,194,100
2315,23150,23950,3.516965717053508e-25,0,,193,100
2316,23160,23960,4.5636379834109375e-28,0,,192,100
2317,23170,23970,1.3316083396195318e-28,0,,191,100
2318,23180,23980,1.9100482839213e-27,0,,192,100
2319,23190,23990,2.5794055103431486e-25,0,,190,100
2320,23200,24000,7.016505106103041e-23,0,,189,100
2321,23210,24010,6.9819411079695025e-25,0,,188,100
2322,23220,24020,1.284118349914715e-24,0,,189,100
2323,23230,24030,4.857467272277941e-27,0,,189,100
2324,23240,24040,5.6691196295551564e-30,0,,189,100
2325,23250,24050,1.39498297874545e-29,0,,189,100
2326,23260,24060,5.2607517723467014e-31,0,,188,100
2327,23270,24070,3.1791493317345844e-27,0,,188,100
2328,23280,24080,9.181552016840284e-32,0,,188,100
2329,23290,24090,1.017203937001029e-35,0,,188,100
2330,23300,24100,5.468300799433376e-17,0,,189,100
2331,23310,24110,3.243894916668707e-34,0,,189,100
2332,23320,24120,2.1570901972695403e-16,0,,190,100
2333,23330,24130,9.076341065296565e-33,0,,188,100
2334,23340,24140,1.8732103101428311e-35,0,,189,100
2335,23350,24150,7.162924722902582e-20,0,,188,100
2336,23360,24160,4.2128639248808857e-29,0,,189,100
2337,23370,24170,8.908944939412343e-19,0,,190,100
2338,23380,24180,8.73049386969524e-19,0,,191,100
2339,23390,24190,4.902003789024569e-22,0,,192,100
2340,23400,24200,4.3520035020570365e-31,0,,193,100
2341,23410,24210,1.5785461455923324e-26,0,,192,100
2342,23420,24220,2.079175548164042e-16,0,,193,100
2343,23430,24230,1.0186554887294738e-14,0,,192,100
2344,23440,24240,7.152748196920466e-17,0,,192,100
2345,23450,24250,1.2628310558760138e-30,0,,192,100
2346,23460,24260,2.011309579028475e-16,0,,190,100
2347,23470,24270,2.0464014375978922e-28,0,,190,100
2348,23480,24280,7.820777916768004e-31,0,,190,100
2349,23490,24290,4.104468367690826e-28,0,,189,100
2350,23500,24300,1.4160812953397304e-29,0,,186,100
2351,23510,24310,9.998007557240262e-29,0,,189,100
2352,23520,24320,1.7770473513551524e-31,0,,188,100
2353,23530,24330,1.3016921907290197e-28,0,,185,100
2354,23540,24340,4.033810107954388e-32,0,,185,100
2355,23550,24350,1.204107587019734e-30,0,,185,100
2356,23560,24360,8.354429494627573e-30,0,,186,100
2357,23570,24370,3.7239042233360356e-26,0,,186,100
2358,23580,24380,5.67134395891722e-18,0,,187,100
2359,23590,24390,4.08023343253384e-15,0,,186,100
2360,23600,24400,6.591900570909463e-16,0,,180,100
2361,23610,24410,2.4133290637618465e-32,0,,181,100
2362,23620,24420,6.309931002109918e-14,0,,181,100
2363,23630,24430,3.449143203557857e-36,0,,179,100
2364,23640,24440,3.834657009891063e-35,0,,179,100
2365,23650,24450,1.8972620554910072e-36,0,,179,100
2366,23660,24460,2.6731216391064443e-18,0,,180,100
2367,23670,24470,2.1321906279446526e-36,0,,179,100
2368,23680,24480,8.666523101357108e-15,0,,178,100
2369,23690,24490,4.4075161738438077e-16,0,,178,100
2370,23700,24500,1.2103193038270028e-18,0,,177,100
2371,23710,24510,2.8959821034365217e-29,0,,176,100
2372,23720,24520,2.9620219299520145e-14,0,,176,100
2373,23730,24530,9.569242889324077e-32,0,,174,100
2374,23740,24540,2.096654120052221e-29,0,,172,100
2375,23750,24550,1.3638945516567825e-12,0,,174,100
2376,23760,24560,2.1501675239887532e-14,0,,169,100
2377,23770,24570,1.8747909064628577e-16,0,,171,100
2378,23780,24580,2.119225900386305e-27,0,,171,100
2379,23790,24590,1.3371771569606856e-31,0,,170,100
2380,23800,24600,5.864880543423031e-18,0,,170,100
2381,23810,24610,1.5499663810828253e-14,0,,169,100
2382,23820,24620,9.283021130843403e-29,0,,167,100
2383,23830,24630,1.2759934798178475e-11,0,,166,100
2384,23840,24640,1.7808651357496378e-14,0,,168,100
2385,23850,24650,2.7441404914606033e-25,0,,167,100
2386,23860,24660,4.60955589212413e-09,0,,166,100
2387,23870,24670,2.6990716175857206e-19,0,,166,100
2388,23880,24680,6.573195343253155e-21,0,,166,100
2389,23890,24690,1.627352631953593e-30,0,,166,100
2390,23900,24700,4.104325036748502e-34,0,,164,100
2391,23910,24710,1.76480750446661e-31,0,,164,100
2392,23920,24720,1.54136266703179e-36,0,,166,100
2393,23930,24730,2.282866902152138e-19,0,,168,100
2394,23940,24740,4.328054958856141e-22,0,,167,100
2395,23950,24750,2.265075255743128e-22,0,,168,100
2396,23960,24760,1.2346235383525738e-43,0,,169,100
2397,23970,24770,1.5244408815927863e-39,0,,166,100
2398,23980,24780,2.2553579423770043e-20,0,,166,100
2399,23990,24790,2.1444404448544557e-15,0,,168,100
2400,24000,24800,3.457855153263695e-15,0,,168,100
2401,24010,24810,5.498563685159502e-16,0,,171,100
2402,24020,24820,7.568715653766846e-15,0,,169,100
2403,24030,24830,8.594278645213961e-13,0,,172,100
2404,24040,24840,2.1903098932946202e-16,0,,169,100
2405,24050,24850,2.699317793310756e-14,0,,168,100
2406,24060,24860,4.674433273484135e-16,0,,167,100
2407,24070,24870,3.7325088148740835e-36,0,,166,100
2408,24080,24880,2.2183849093218634e-33,0,,165,100
2409,24090,24890,2.930079762210239e-32,0,,165,100
2410,24100,24900,1.7368675000287255e-36,0,,167,100
2411,24110,24910,8.532046307984045e-36,0,,164,100
2412,24120,24920,4.3276986043160604e-32,0,,164,100
2413,24130,24930,2.73765162223002e-31,0,,164,100
2414,24140,24940,4.2441051580006073e-35,0,,165,100
2415,24150,24950,1.321933963467735e-34,0,,164,100
2416,24160,24960,2.0855257094167488e-14,0,,166,100
2417,24170,24970,5.828486252420975e-33,0,,166,100
2418,24180,24980,1.2041981936460233e-10,0,,163,100
2419,24190,24990,2.299978508929902e-10,0,,163,100
2420,24200,25000,4.606942822437744e-37,0,,162,100
2421,24210,25010,8.708218320172009e-14,0,,160,100
2422,24220,25020,1.9756618511928707e-35,0,,161,100
2423,24230,25030,2.3518001776045467e-13,0,,163,100
2424,24240,25040,2.6024502039507154e-12,0,,164,100
2425,24250,25050,3.730488983574853e-31,0,,163,100
2426,24260,25060,1.236926774054246e-28,0,,161,100
2427,24270,25070,3.232492938964263e-30,0,,161,100
2428,24280,25080,1.8590936007002656e-27,0,,162,100
2429,24290,25090,6.354657653229473e-13,0,,163,100
2430,24300,25100,4.033568594541751e-26,0,,164,100
2431,24310,25110,1.0939977032962504e-19,0,,162,100
2432,24320,25120,1.9992119162825274e-18,0,,163,100
2433,24330,25130,1.9235201421380233e-28,0,,164,100
2434,24340,25140,5.6568190974448356e-14,0,,163,100
2435,24350,25150,6.293327423574983e-27,0,,164,100
2436,24360,25160,5.741158477686126e-15,0,,163,100
2437,24370,25170,2.1038814776680098e-23,0,,163,100
2438,24380,25180,1.7793058451591945e-32,0,,162,100
2439,24390,25190,2.583528040219967e-20,0,,164,100
2440,24400,25200,1.2347274618008115e-12,0,,164,100
2441,24410,25210,1.7712661367229e-17,0,,163,100
2442,24420,25220,3.511377795622246e-29,0,,163,100
2443,24430,25230,5.1626129554480264e-26,0,,163,100
2444,24440,25240,4.2891094195002096e-11,0,,163,100
2445,24450,25250,1.6070354638179352e-21,0,,167,100
2446,24460,25260,2.583779064106806e-11,0,,168,100
2447,24470,25270,1.8726761040893396e-18,0,,167,100
2448,24480,25280,2.76983178655699e-12,0,,166,100
2449,24490,25290,3.2601845365329177e-22,0,,168,100
2450,24500,25300,2.6479504214006316e-21,0,,168,100
2451,24510,25310,5.5119927375758065e-21,0,,170,100
2452,24520,25320,6.061217101070813e-25,0,,170,100
2453,24530,25330,6.845677718729886e-19,0,,171,100
2454,24540,25340,6.466210268208378e-18,0,,171,100
2455,24550,25350,5.085973780877963e-18,0,,172,100
2456,24560,25360,9.148462636415978e-18,0,,170,100
2457,24570,25370,5.276742016988657e-17,0,,171,100
2458,24580,25380,2.224684832338278e-19,0,,171,100
2459,24590,25390,1.4129339259340002e-18,0,,172,100
2460,24600,25400,9.32599415321348e-25,0,,173,100
2461,24610,25410,3.4915751018851952e-19,0,,174,100
2462,24620,25420,4.1480360614444506e-14,0,,174,100
2463,24630,25430,3.275170821164583e-25,0,,175,100
2464,24640,25440,7.317127578085394e-17,0,,176,100
2465,24650,25450,2.457151425020323e-20,0,,174,100
2466,24660,25460,2.7823581628961406e-17,0,,177,100
2467,24670,25470,4.7324959087219117e-20,0,,175,100
2468,24680,25480,1.9541502476339448e-21,0,,179,100
2469,24690,25490,1.9891550485546775e-16,0,,178,100
2470,24700,25500,4.4229270656634963e-17,0,,177,100
2471,24710,25510,2.1806692707465064e-20,0,,177,100
2472,24720,25520,1.1296590540665673e-19,0,,176,100
2473,24730,25530,1.5410725332621863e-22,0,,174,100
2474,24740,25540,7.039669966036947e-21,0,,176,100
2475,24750,25550,4.2500907112612016e-18,0,,178,100
2476,24760,25560,3.1263441221268755e-21,0,,178,100
2477,24770,25570,8.877468255296695e-22,0,,179,100
2478,24780,25580,2.2378403142287684e-24,0,,179,100
2479,24790,25590,6.617145892859101e-23,0,,178,100
2480,24800,25600,4.136881990764305e-24,0,,178,100
2481,24810,25610,1.8673509480901737e-22,0,,179,100
2482,24820,25620,1.887862326911961e-13,0,,179,100
2483,24830,25630,4.6036544596922746e-15,0,,178,100
2484,24840,25640,5.5627282617099e-21,0,,180,100
2485,24850,25650,3.4513844534670746e-12,0,,180,100
2486,24860,25660,1.7942620401708922e-15,0,,180,100
2487,24870,25670,4.2738695369722874e-16,0,,182,100
2488,24880,25680,2.1671954617921928e-13,0,,183,100
2489,24890,25690,4.7082877540453586e-23,0,,183,100
2490,24900,25700,7.615708223411916e-22,0,,183,100
2491,24910,25710,5.196561607221524e-15,0,,182,100
2492,24920,25720,5.0810238897866605e-20,0,,183,100
2493,24930,25730,5.808150682587113e-16,0,,181,100
2494,24940,25740,2.2559403734131974e-12,0,,180,100
2495,24950,25750,1.1325026299185132e-14,0,,181,100
2496,24960,25760,3.9349695946278956e-16,0,,178,100
2497,24970,25770,3.408743188903716e-19,0,,180,100
2498,24980,25780,9.116798949160391e-17,0,,181,100
2499,24990,25790,2.569771825683067e-24,0,,183,100
2500,25000,25800,3.963573707761881e-19,0,,186,100
2501,25010,25810,9.506302729307827e-16,0,,188,100
2502,25020,25820,5.5034261474257426e-11,0,,187,100
2503,25030,25830,6.812034912846182e-21,0,,185,100
2504,25040,25840,9.251579161021124e-22,0,,185,100
2505,25050,25850,1.1346368485324672e-12,0,,188,100
2506,25060,25860,3.2899418807867116e-17,0,,187,100
2507,25070,25870,3.2979234663808094e-14,0,,187,100
2508,25080,25880,1.5613427975141452e-16,0,,187,100
2509,25090,25890,1.5864742110607495e-19,0,,188,100
2510,25100,25900,9.70572233236149e-22,0,,186,100
2511,25110,25910,3.882898001306208e-16,0,,186,100
2512,25120,25920,5.010639212109074e-16,0,,185,100
2513,25130,25930,2.3632650712544342e-21,0,,187,100
2514,25140,25940,5.1446557769785326e-23,0,,187,100
2515,25150,25950,3.7047413662232347e-23,0,,189,100
2516,25160,25960,6.0214219565976756e-21,0,,189,100
2517,25170,25970,4.653982171539456e-26,0,,187,100
2518,25180,25980,7.871054485016063e-23,0,,186,100
2519,25190,25990,9.653163567558479e-20,0,,186,100
2520,25200,26000,1.9905496960660723e-24,0,,187,100
2521,25210,26010,1.2891316871886209e-17,0,,189,100
2522,25220,26020,9.632609357531256e-20,0,,191,100
2523,25230,26030,1.4678940970968373e-16,0,,191,100
2524,25240,26040,2.4969305931486785e-17,0,,190,100
2525,25250,26050,8.61667881520965e-17,0,,189,100
2526,25260,26060,2.9292011001206836e-14,0,,189,100
2527,25270,26070,1.3953614656997154e-18,0,,191,100
2528,25280,26080,1.6530477310204764e-14,0,,191,100
2529,25290,26090,3.4414274167755355e-11,0,,192,100
2530,25300,26100,5.008306272517708e-18,0,,192,100
2531,25310,26110,4.517873360306456e-21,0,,192,100
2532,25320,26120,1.9397810347483824e-16,0,,189,100
2533,25330,26130,6.660382611620638e-16,0,,190,100
2534,25340,26140,2.3243860578800704e-22,0,,191,100
2535,25350,26150,1.9341882392200587e-12,0,,191,100
2536,25360,26160,3.942964131685523e-19,0,,194,100
2537,25370,26170,3.546938679665055e-19,0,,192,100
2538,25380,26180,8.313040162968025e-18,0,,192,100
2539,25390,26190,1.1687351196250811e-21,0,,192,100
2540,25400,26200,8.11983207578182e-17,0,,192,100
2541,25410,26210,7.56799548019904e-19,0,,193,100
2542,25420,26220,1.5890787472217427e-18,0,,192,100
2543,25430,26230,1.3915938944937586e-18,0,,191,100
2544,25440,26240,5.875525498655481e-21,0,,194,100
2545,25450,26250,3.856564940209148e-11,0,,192,100
2546,25460,26260,1.4476803079463424e-09,0,,191,100
2547,25470,26270,4.463303332225077e-16,0,,193,100
2548,25480,26280,5.887893780148945e-12,0,,194,100
2549,25490,26290,5.781133648153375e-20,0,,192,100
2550,25500,26300,7.238501050747618e-10,0,,193,100
2551,25510,26310,1.5083405380855057e-12,0,,193,100
2552,25520,26320,2.8964481895975737e-10,0,,195,100
2553,25530,26330,1.9969706893280075e-19,0,,194,100
2554,25540,26340,3.503760224777927e-17,0,,193,100
2555,25550,26350,1.2739083438786317e-10,0,,191,100
2556,25560,26360,5.389324599606418e-15,0,,191,100
2557,25570,26370,1.2348011104432523e-15,0,,190,100
2558,25580,26380,4.940231393634632e-17,0,,190,100
2559,25590,26390,1.0030734748347998e-19,0,,189,100
2560,25600,26400,3.018914838830201e-12,0,,188,100
2561,25610,26410,1.6410917889804884e-12,0,,190,100
2562,25620,26420,1.7139672862731054e-15,0,,192,100
2563,25630,26430,4.4274264863295465e-11,0,,194,100
2564,25640,26440,1.4163692243652733e-12,0,,196,100
2565,25650,26450,3.4081526278090253e-10,0,,195,100
2566,25660,26460,5.090889620501271e-11,0,,195,100
2567,25670,26470,7.451742884591941e-10,0,,194,100
2568,25680,26480,1.9231423577305254e-14,0,,193,100
2569,25690,26490,6.702890622789041e-07,0,,193,100
2570,25700,26500,3.311296075833892e-12,0,,193,100
2571,25710,26510,1.5830646607769977e-15,0,,194,100
2572,25720,26520,1.58719034800775e-14,0,,195,100
2573,25730,26530,2.426145370926056e-10,0,,195,100
2574,25740,26540,3.454483481175827e-11,0,,194,100
2575,25750,26550,1.474040020720942e-13,0,,194,100
2576,25760,26560,2.426374031061121e-10,0,,195,100
2577,25770,26570,7.53436478440908e-11,0,,196,100
2578,25780,26580,7.124160666451343e-11,0,,194,100
2579,25790,26590,2.106143291245184e-15,0,,194,100
2580,25800,26600,1.4914778850942098e-11,0,,192,100
2581,25810,26610,1.2698482902771588e-07,0,,190,100
2582,25820,26620,1.2808233407569543e-09,0,,192,100
2583,25830,26630,7.983987410027273e-09,0,,191,100
2584,25840,26640,4.849661519665652e-15,0,,191,100
2585,25850,26650,5.1493019321949297e-14,0,,188,100
2586,25860,26660,2.0182552472572025e-16,0,,189,100
2587,25870,26670,4.6563699726214077e-10,0,,187,100
2588,25880,26680,1.0036340132158719e-10,0,,190,100
2589,25890,26690,7.767439569686922e-14,0,,190,100
2590,25900,26700,2.603346000617861e-15,0,,189,100
2591,25910,26710,4.274597731605125e-13,0,,191,100
2592,25920,26720,5.492075532793644e-16,0,,191,100
2593,25930,26730,1.406194046040084e-06,0,,188,100
2594,25940,26740,3.3022894753564675e-10,0,,188,100
2595,25950,26750,1.3951898597283056e-21,0,,187,100
2596,25960,26760,1.779971731851411e-20,0,,188,100
2597,25970,26770,3.4796099815350986e-13,0,,189,100
2598,25980,26780,4.3258632086727806e-13,0,,189,100
2599,25990,26790,3.342693707498668e-10,0,,188,100
2600,26000,26800,1.674411389792328e-17,0,,187,100
2601,26010,26810,5.820794499167832e-16,0,,187,100
2602,26020,26820,2.432674156032986e-17,0,,185,100
2603,26030,26830,4.38971900756235e-12,0,,187,100
2604,26040,26840,7.0193697303622396e-12,0,,187,100
2605,26050,26850,8.758327287474329e-13,0,,187,100
2606,26060,26860,6.828947717515397e-13,0,,188,100
2607,26070,26870,2.465569002698224e-15,0,,185,100
2608,26080,26880,2.3470753060311805e-12,0,,185,100
2609,26090,26890,5.826929866893939e-12,0,,184,100
2610,26100,26900,5.229733494701364e-15,0,,185,100
2611,26110,26910,2.5844253873404397e-12,0,,185,100
2612,26120,26920,4.09491656186817e-17,0,,185,100
2613,26130,26930,1.2971432645669086e-08,0,,184,100
2614,26140,26940,1.8832748487876987e-09,0,,183,100
2615,26150,26950,2.2279369035885253e-13,0,,183,100
2616,26160,26960,9.537313954306753e-21,0,,186,100
2617,26170,26970,9.947810441740547e-14,0,,184,100
2618,26180,26980,2.154617026482499e-19,0,,183,100
2619,26190,26990,2.4218947233619807e-14,0,,182,100
2620,26200,27000,1.1487904709661589e-20,0,,182,100
2621,26210,27010,2.2902509396033285e-18,0,,182,100
2622,26220,27020,5.2090217779633955e-15,0,,184,100
2623,26230,27030,3.386937654131751e-17,0,,182,100
2624,26240,27040,8.347786492919908e-12,0,,182,100
2625,26250,27050,1.1630665865231275e-15,0,,180,100
2626,26260,27060,3.672296687313792e-12,0,,181,100
2627,26270,27070,2.2993507925612105e-11,0,,178,100
2628,26280,27080,2.339708844855717e-18,0,,178,100
2629,26290,27090,1.085768565636907e-19,0,,178,100
2630,26300,27100,6.3196980071753045e-15,0,,181,100
2631,26310,27110,4.592654338722421e-19,0,,180,100
2632,26320,27120,3.958656056826395e-14,0,,181,100
2633,26330,27130,1.0691183773546131e-16,0,,179,100
2634,26340,27140,3.0465707778296945e-24,0,,180,100
2635,26350,27150,3.2214494280966806e-18,0,,181,100
2636,26360,27160,1.3186433366151574e-20,0,,180,100
2637,26370,27170,1.1834244436922057e-24,0,,180,100
2638,26380,27180,1.8778898329290315e-21,0,,183,100
2639,26390,27190,3.754444673167138e-22,0,,182,100
2640,26400,27200,6.4920929866080485e-22,0,,182,100
2641,26410,27210,1.1543452448065046e-17,0,,178,100
2642,26420,27220,5.863284236389283e-23,0,,177,100
2643,26430,27230,2.2348236826001854e-22,0,,176,100
2644,26440,27240,2.627044548531792e-18,0,,174,100
2645,26450,27250,7.849649346508091e-24,0,,175,100
2646,26460,27260,5.697806397500435e-26,0,,176,100
2647,26470,27270,1.675290246258889e-20,0,,175,100
2648,26480,27280,1.5747692921747714e-20,0,,177,100
2649,26490,27290,3.3150187308363844e-19,0,,177,100
2650,26500,27300,5.43122316525164e-23,0,,176,100
2651,26510,27310,3.558953163666977e-16,0,,177,100
2652,26520,27320,2.3223889878489403e-24,0,,177,100
2653,26530,27330,1.407838216421986e-18,0,,177,100
2654,26540,27340,3.112091152239384e-20,0,,176,100
2655,26550,27350,8.559854617819657e-20,0,,176,100
2656,26560,27360,4.961664305399723e-16,0,,178,100
2657,26570,27370,9.46577433048135e-17,0,,178,100
2658,26580,27380,2.2866646220518773e-24,0,,178,100
2659,26590,27390,5.840095194065274e-23,0,,178,100
2660,26600,27400,2.8772387880782576e-27,0,,176,100
2661,26610,27410,1.4209150676635023e-27,0,,175,100
2662,26620,27420,3.2423957071482684e-28,0,,175,100
2663,26630,27430,9.923452127271675e-25,0,,178,100
2664,26640,27440,2.3319080407912563e-24,0,,177,100
2665,26650,27450,9.320469071568972e-21,0,,176,100
2666,26660,27460,2.464911290272649e-24,0,,175,100
2667,26670,27470,4.282829003339412e-29,0,,173,100
2668,26680,27480,1.443846928357089e-18,0,,173,100
2669,26690,27490,1.514778831018054e-20,0,,172,100
2670,26700,27500,2.268227710228676e-16,0,,172,100
2671,26710,27510,3.1999317038320737e-15,0,,174,100
2672,26720,27520,1.487771590558781e-33,0,,173,100
2673,26730,27530,1.3947046289497492e-34,0,,172,100
2674,26740,27540,3.357902837785858e-14,0,,173,100
2675,26750,27550,1.9898299788888777e-29,0,,171,100
2676,26760,27560,3.6310025071793153e-28,0,,173,100
2677,26770,27570,2.311007237235953e-25,0,,174,100
2678,26780,27580,3.310726892904393e-26,0,,173,100
2679,26790,27590,1.3819517959545893e-25,0,,173,100
2680,26800,27600,4.388311526844855e-13,0,,174,100
2681,26810,27610,3.175361515771318e-10,0,,174,100
2682,26820,27620,1.473898326128641e-20,0,,172,100
2683,26830,27630,1.786147775432234e-19,0,,173,100
2684,26840,27640,3.560852075046916e-21,0,,173,100
2685,26850,27650,8.652409034483297e-17,0,,174,100
2686,26860,27660,3.4219373281915226e-18,0,,174,100
2687,26870,27670,3.1870946302459117e-25,0,,174,100
2688,26880,27680,6.494822674824663e-28,0,,174,100
2689,26890,27690,4.026783791521967e-29,0,,174,100
2690,26900,27700,1.0764300145308893e-26,0,,173,100
2691,26910,27710,1.6638829135794532e-31,0,,174,100
2692,26920,27720,1.993604919775785e-26,0,,174,100
2693,26930,27730,4.184529191643111e-10,0,,175,100
2694,26940,27740,3.0484506789770274e-29,0,,172,100
2695,26950,27750,6.379148196839672e-12,0,,171,100
2696,26960,27760,5.626791422523636e-13,0,,167,100
2697,26970,27770,5.341170604250734e-13,0,,165,100
2698,26980,27780,1.1171229492433995e-15,0,,163,100
2699,26990,27790,2.3276115351003636e-24,0,,162,100
2700,27000,27800,3.187183484099152e-14,0,,161,100
2701,27010,27810,6.3866283176345535e-28,0,,156,100
2702,27020,27820,1.6764492586062817e-14,0,,155,100
2703,27030,27830,5.153865235873378e-29,0,,154,100
2704,27040,27840,5.306203631146332e-13,0,,151,100
2705,27050,27850,6.905919813040243e-10,0,,149,100
2706,27060,27860,1.1415864552459482e-13,0,,147,100
2707,27070,27870,1.318776291690759e-18,0,,144,100
2708,27080,27880,6.547609764773932e-21,0,,142,100
2709,27090,27890,6.651460071123921e-10,0,,139,100
2710,27100,27900,4.387484466881095e-13,0,,137,100
2711,27110,27910,4.6138583365634536e-15,0,,135,100
2712,27120,27920,3.882632219923757e-20,0,,134,100
2713,27130,27930,4.0433250682082165e-19,0,,132,100
2714,27140,27940,1.377770773512023e-20,0,,130,100
2715,27150,27950,4.8490612429398895e-20,0,,128,100
2716,27160,27960,1.9253780681848918e-19,0,,126,100
2717,27170,27970,1.709379852030842e-18,0,,124,100
2718,27180,27980,1.342570901502165e-09,0,,121,100
2719,27190,27990,1.8809316390227447e-17,0,,118,100
2720,27200,28000,3.534599875038163e-18,0,,116,100
2721,27210,28010,1.0077775702419422e-13,0,,115,100
2722,27220,28020,5.812334524676711e-20,0,,112,100
2723,27230,28030,2.334408790396029e-15,0,,111,100
2724,27240,28040,2.9512168393180527e-12,0,,109,100
2725,27250,28050,1.4587799278148577e-11,0,,105,100
2726,27260,28060,7.317386508033304e-18,0,,104,100
2727,27270,28070,4.0394701408877107e-16,0,,102,100
