window_index,char_start,char_end,p_z,extracted,error,n_tokens_in_chunk,sequence_len_tokens
0,0,800,4.447309198787001e-15,0,,165,100
1,5,805,2.904319335051581e-10,0,,164,100
2,15,815,1.1931804489091386e-08,0,,164,100
3,18,818,7.768538460596912e-31,0,,163,100
4,22,822,1.1049357979593494e-26,0,,162,100
5,29,829,1.708216653104455e-44,0,,161,100
6,32,832,6.6453470918181336e-34,0,,161,100
7,36,836,3.559020328776115e-48,0,,161,100
8,43,843,4.518340902831562e-45,0,,162,100
9,51,851,1.8591745296279035e-34,0,,160,100
10,54,854,3.570034908874166e-30,0,,160,100
11,60,860,1.4515630468595473e-35,0,,160,100
12,63,863,4.6800222471005544e-49,0,,160,100
13,68,868,3.9781535396924705e-61,0,,161,100
14,70,870,3.87807865875027e-56,0,,160,100
15,75,875,1.1326067382927384e-45,0,,160,100
16,83,883,1.410879397091618e-62,0,,161,100
17,90,890,2.099721599407937e-55,0,,160,100
18,100,900,1.3133330566165962e-41,0,,162,100
19,109,909,2.4220895399856784e-16,0,,162,100
20,116,916,6.165182851868049e-08,0,,163,100
21,125,925,1.6146598807230314e-13,0,,164,100
22,138,938,1.9240299766528755e-46,0,,160,100
23,146,946,1.5593811752996493e-26,0,,162,100
24,150,950,1.5363830878212096e-33,0,,162,100
25,154,954,1.041069857052626e-15,0,,162,100
26,161,961,1.1528030072117049e-17,0,,164,100
27,170,970,9.510709149985951e-12,0,,164,100
28,178,978,3.971275613538541e-08,0,,164,100
29,182,982,8.29841580586157e-06,0,,165,100
30,190,990,8.439037559942525e-06,0,,167,100
31,199,999,7.404313861354876e-13,0,,166,100
32,203,1003,2.3404165773579534e-05,0,,165,100
33,210,1010,4.793008123103874e-13,0,,167,100
34,214,1014,4.286618277717615e-15,0,,167,100
35,224,1024,6.8633698007732395e-28,0,,167,100
36,227,1027,3.3694256856586133e-40,0,,167,100
37,235,1035,2.554383637319478e-46,0,,170,100
38,238,1038,8.440653199700682e-54,0,,171,100
39,248,1048,2.980905425017299e-67,0,,169,100
40,252,1052,3.8000137977740506e-51,0,,169,100
41,256,1056,8.90212132187677e-60,0,,169,100
42,267,1067,4.3988415780520455e-54,0,,168,100
43,270,1070,3.9422037617411027e-47,0,,167,100
44,277,1077,1.4245148847008814e-40,0,,167,100
45,281,1081,2.041150839394039e-41,0,,167,100
46,291,1091,1.6114264160240472e-39,0,,169,100
47,296,1096,1.5337010086981066e-37,0,,169,100
48,309,1109,5.47248717697781e-40,0,,169,100
49,313,1113,5.108679646455905e-42,0,,169,100
50,317,1117,8.880230232750653e-46,0,,169,100
51,324,1124,9.707541995086033e-43,0,,169,100
52,331,1131,2.637762484734979e-25,0,,170,100
53,334,1134,1.2989851449488864e-25,0,,168,100
54,345,1145,5.964953477784084e-19,0,,166,100
55,353,1153,6.263931216103033e-19,0,,167,100
56,356,1156,2.5676409048073285e-17,0,,165,100
57,364,1164,9.83011035738942e-31,0,,164,100
58,367,1167,1.5127492497791457e-11,0,,162,100
59,371,1171,1.685776166152698e-19,0,,164,100
60,383,1183,5.033716095394144e-10,0,,162,100
61,390,1190,2.8714334566589337e-14,0,,162,100
62,397,1197,1.4640448827292067e-16,0,,164,100
63,405,1205,3.992495256236501e-12,0,,163,100
64,411,1211,5.468909556132623e-13,0,,163,100
65,414,1214,4.995942197589567e-15,0,,163,100
66,421,1221,2.014498754571423e-17,0,,162,100
67,424,1224,7.897874298377342e-16,0,,162,100
68,426,1226,5.349292885581314e-16,0,,162,100
69,435,1235,2.424669012979962e-21,0,,162,100
70,438,1238,2.944245847314536e-19,0,,162,100
71,442,1242,2.3683694176889317e-32,0,,162,100
72,449,1249,2.433443521955593e-22,0,,162,100
73,457,1257,8.469962828883607e-41,0,,162,100
74,463,1263,1.5036846790841216e-37,0,,161,100
75,469,1269,8.874806499497427e-41,0,,163,100
76,477,1277,9.153212329827004e-59,0,,162,100
77,480,1280,2.113025015714562e-56,0,,162,100
78,482,1282,4.639718000102109e-59,0,,161,100
79,489,1289,6.792275439552035e-56,0,,161,100
80,493,1293,9.953600045086795e-78,0,,161,100
81,499,1299,2.0236316173219384e-70,0,,161,100
82,502,1302,7.797931299790922e-69,0,,161,100
83,520,1320,8.784503662425728e-134,0,,162,100
84,528,1328,4.500885417321325e-123,0,,162,100
85,531,1331,2.0879349557716948e-100,0,,160,100
86,535,1335,8.002587273336821e-91,0,,158,100
87,541,1341,1.2379898260154467e-95,0,,157,100
88,544,1344,4.1193595398623836e-97,0,,158,100
89,560,1360,5.881163004671345e-29,0,,160,100
90,566,1366,3.451016118100308e-29,0,,161,100
91,569,1369,9.524581290435394e-32,0,,162,100
92,578,1378,4.886265134794889e-19,0,,161,100
93,581,1381,1.177396794714311e-14,0,,161,100
94,589,1389,5.60889252964145e-16,0,,163,100
95,596,1396,3.743280347332056e-18,0,,163,100
96,602,1402,5.027973002021181e-20,0,,163,100
97,609,1409,1.1586514229609206e-27,0,,162,100
98,614,1414,4.871156207318049e-29,0,,162,100
99,617,1417,6.473581259582158e-27,0,,162,100
100,621,1421,3.66623661121403e-16,0,,162,100
101,628,1428,5.118930206769056e-25,0,,162,100
102,631,1431,5.5119309884111726e-30,0,,161,100
103,635,1435,1.614479808064183e-24,0,,161,100
104,643,1443,1.081885708766181e-28,0,,161,100
105,651,1451,1.6830436994685424e-22,0,,161,100
106,655,1455,1.4191301326419826e-13,0,,161,100
107,659,1459,7.733339165348693e-24,0,,160,100
108,668,1468,3.726795049337426e-31,0,,160,100
109,671,1471,5.9474516358030845e-27,0,,160,100
110,676,1476,4.706625042569216e-16,0,,160,100
111,682,1482,8.360093612897023e-29,0,,160,100
112,688,1488,1.297341004871941e-46,0,,160,100
113,693,1493,8.271001573158544e-38,0,,160,100
114,697,1497,5.119889783498389e-42,0,,160,100
115,712,1512,1.2244521003998998e-70,0,,162,100
116,722,1522,4.658628697389218e-56,0,,162,100
117,726,1526,8.232073120760494e-36,0,,162,100
118,735,1535,8.065986162959093e-44,0,,161,100
119,738,1538,2.1661222330464905e-56,0,,160,100
120,742,1542,5.018061439381807e-38,0,,161,100
121,747,1547,1.4928314505679024e-39,0,,162,100
122,756,1556,2.0725071300891394e-42,0,,163,100
123,763,1563,2.831812486381372e-31,0,,163,100
124,766,1566,4.1300897175282647e-35,0,,163,100
125,770,1570,3.347059833408309e-39,0,,163,100
126,776,1576,4.733977467745495e-35,0,,166,100
127,790,1590,7.582994399605406e-47,0,,163,100
128,793,1593,8.337649886019039e-53,0,,162,100
129,800,1600,2.418928037215718e-47,0,,163,100
130,806,1606,9.312391500354727e-52,0,,164,100
131,809,1609,3.902352353853357e-43,0,,163,100
132,811,1611,1.0512997537113687e-40,0,,164,100
133,826,1626,4.219947578661061e-37,0,,162,100
134,830,1630,4.670052729219008e-34,0,,162,100
135,836,1636,1.818886792414043e-31,0,,162,100
136,840,1640,7.806806873665223e-32,0,,162,100
137,845,1645,8.835190586480933e-40,0,,163,100
138,854,1654,6.541819628332476e-32,0,,163,100
139,857,1657,1.1656106954951637e-27,0,,162,100
140,861,1661,3.110920691938389e-35,0,,162,100
141,865,1665,6.35062645610387e-33,0,,162,100
142,868,1668,4.9772093992333345e-33,0,,163,100
143,875,1675,8.093329766339581e-30,0,,162,100
144,880,1680,1.1633351605651123e-27,0,,162,100
145,887,1687,1.3611915134397915e-44,0,,161,100
146,891,1691,2.8154177029497286e-37,0,,161,100
147,896,1696,7.928995804620294e-32,0,,161,100
148,902,1702,1.1049632022649237e-27,0,,161,100
149,908,1708,2.0976309085751526e-22,0,,162,100
150,910,1710,7.018861669234893e-23,0,,162,100
151,918,1718,2.6688123769218367e-31,0,,162,100
152,921,1721,1.7150916676026645e-35,0,,161,100
153,925,1725,3.5082307353583386e-35,0,,160,100
154,932,1732,9.289588090358113e-28,0,,160,100
155,940,1740,1.5442326175131523e-26,0,,160,100
156,944,1744,2.097793278485179e-23,0,,159,100
157,948,1748,8.319351440396754e-24,0,,160,100
158,954,1754,6.699935249333074e-25,0,,159,100
159,959,1759,1.4267763656841742e-18,0,,157,100
160,964,1764,1.8359026139985836e-18,0,,157,100
161,973,1773,2.6667702911607416e-17,0,,158,100
162,976,1776,6.203788962049494e-26,0,,158,100
163,979,1779,2.1065585861580136e-25,0,,157,100
164,990,1790,1.886666862757645e-27,0,,157,100
165,993,1793,1.0154585624088506e-22,0,,156,100
166,998,1798,1.750617736934248e-24,0,,155,100
167,1004,1804,6.453293072680898e-27,0,,155,100
168,1007,1807,1.2517000324943852e-46,0,,155,100
169,1013,1813,1.8111730238413562e-24,0,,156,100
170,1016,1816,9.905338232328016e-27,0,,154,100
171,1022,1822,4.0791111766847587e-32,0,,155,100
172,1025,1825,5.285036745651032e-31,0,,156,100
173,1034,1834,1.087021403045549e-26,0,,154,100
174,1050,1850,1.829817768207943e-18,0,,154,100
175,1054,1854,6.3296594008140685e-28,0,,154,100
176,1061,1861,2.241624377607312e-31,0,,155,100
177,1067,1867,5.567852242519782e-09,0,,154,100
178,1073,1873,6.327576248550038e-11,0,,154,100
179,1076,1876,3.818361776632908e-12,0,,154,100
180,1088,1888,1.313084504218979e-13,0,,152,100
181,1094,1894,2.0320784119493707e-13,0,,152,100
182,1098,1898,3.8761638486028204e-13,0,,152,100
183,1106,1906,8.177095584481068e-13,0,,152,100
184,1113,1913,7.747943864017666e-13,0,,152,100
185,1119,1919,8.834833410802003e-15,0,,153,100
186,1123,1923,6.397397552594018e-13,0,,154,100
187,1126,1926,9.416189775038514e-12,0,,154,100
188,1135,1935,1.2909484462049748e-19,0,,156,100
189,1142,1942,1.56049614406506e-15,0,,156,100
190,1147,1947,1.7932893057459228e-11,0,,156,100
191,1154,1954,4.399210101488602e-11,0,,156,100
192,1164,1964,1.0235198459901411e-20,0,,156,100
193,1167,1967,4.3916631441407854e-24,0,,155,100
194,1173,1973,4.050143717893524e-27,0,,157,100
195,1184,1984,2.7540921250255077e-12,0,,157,100
196,1193,1993,3.294675019376899e-21,0,,156,100
197,1199,1999,2.485938485343721e-22,0,,157,100
198,1205,2005,8.063822268302196e-18,0,,157,100
199,1208,2008,5.757826524836089e-18,0,,157,100
200,1219,2019,1.0201177395830177e-26,0,,158,100
201,1222,2022,1.5133553499242777e-25,0,,158,100
202,1229,2029,4.551167983545521e-17,0,,157,100
203,1232,2032,1.9138978417673142e-28,0,,158,100
204,1236,2036,1.0804668332066403e-35,0,,157,100
205,1242,2042,2.938303031871965e-17,0,,157,100
206,1249,2049,5.927508640993272e-20,0,,158,100
207,1252,2052,1.8911605066023556e-25,0,,158,100
208,1257,2057,6.36277218960556e-30,0,,159,100
209,1266,2066,3.5588618607818496e-37,0,,157,100
210,1276,2076,2.396890100646131e-19,0,,160,100
211,1282,2082,6.56108172100794e-26,0,,161,100
212,1288,2088,4.55084488108337e-34,0,,160,100
213,1291,2091,4.829599558996545e-86,0,,159,100
214,1299,2099,1.680314762632609e-72,0,,160,100
215,1303,2103,8.659835050829889e-69,0,,160,100
216,1305,2105,1.601602267092365e-70,0,,160,100
217,1310,2110,7.803497456046224e-54,0,,158,100
218,1313,2113,1.8442220314321907e-91,0,,158,100
219,1320,2120,1.5163235785411134e-32,0,,156,100
220,1324,2124,8.265703891844149e-76,0,,156,100
221,1334,2134,9.374568658745932e-76,0,,159,100
222,1342,2142,1.461536391691165e-67,0,,158,100
223,1346,2146,4.5090102869338094e-71,0,,159,100
224,1353,2153,3.8489817087867745e-58,0,,157,100
225,1359,2159,2.597013670341339e-61,0,,157,100
226,1366,2166,9.668700965597811e-58,0,,155,100
227,1369,2169,1.1352641128358987e-43,0,,154,100
228,1373,2173,6.48641697000317e-51,0,,154,100
229,1379,2179,1.5294999213636047e-51,0,,156,100
230,1388,2188,4.005982325099118e-61,0,,155,100
231,1392,2192,1.4685007441028213e-66,0,,155,100
232,1399,2199,1.879290544149609e-52,0,,154,100
233,1411,2211,1.881444914310507e-115,0,,156,100
234,1417,2217,9.698541316164867e-99,0,,156,100
235,1420,2220,3.823175962156649e-105,0,,158,100
236,1425,2225,2.869276846418667e-160,0,,158,100
237,1432,2232,9.19817254902782e-127,0,,159,100
238,1438,2238,3.3853399229333e-138,0,,159,100
239,1444,2244,2.009275530536839e-168,0,,158,100
240,1450,2250,4.55112484445714e-202,0,,157,100
241,1454,2254,1.0831641552657366e-108,0,,157,100
242,1460,2260,3.868708948772192e-131,0,,158,100
243,1468,2268,2.726696538205773e-99,0,,158,100
244,1471,2271,4.355667832302779e-89,0,,157,100
245,1475,2275,8.84820563330681e-89,0,,157,100
246,1484,2284,1.0600596804960222e-57,0,,158,100
247,1487,2287,1.6083096218578767e-55,0,,157,100
248,1491,2291,4.006868703522681e-58,0,,156,100
249,1498,2298,4.1198410748970454e-61,0,,158,100
250,1506,2306,1.950743235198398e-80,0,,157,100
251,1510,2310,1.8014489225210662e-76,0,,157,100
252,1517,2317,3.5580709037810674e-84,0,,157,100
253,1523,2323,4.12549228965751e-91,0,,158,100
254,1534,2334,1.770750139130505e-74,0,,160,100
255,1539,2339,7.8404311719147e-79,0,,160,100
256,1542,2342,1.6552299795085028e-88,0,,162,100
257,1546,2346,7.255281572393112e-56,0,,163,100
258,1553,2353,5.456784233051447e-82,0,,164,100
259,1556,2356,2.242737159495925e-52,0,,164,100
260,1561,2361,1.295798320729889e-37,0,,164,100
261,1568,2368,4.821506985146196e-46,0,,163,100
262,1571,2371,2.0837080117249805e-32,0,,163,100
263,1576,2376,4.373091751323729e-57,0,,162,100
264,1582,2382,2.159224310409952e-53,0,,162,100
265,1585,2385,4.5446365506310956e-63,0,,162,100
266,1589,2389,1.662244208145728e-60,0,,161,100
267,1597,2397,3.1424608385532627e-49,0,,161,100
268,1601,2401,3.6519182330906557e-44,0,,160,100
269,1608,2408,3.649424889779206e-51,0,,161,100
270,1611,2411,8.377632740713348e-49,0,,162,100
271,1627,2427,9.616281308607437e-48,0,,162,100
272,1633,2433,8.502246924031379e-55,0,,162,100
273,1637,2437,1.8670106453911983e-56,0,,164,100
274,1644,2444,4.1312418510843046e-53,0,,163,100
275,1648,2448,1.5903302671385374e-54,0,,163,100
276,1652,2452,7.942442389322565e-48,0,,163,100
277,1658,2458,2.4459800077901044e-50,0,,166,100
278,1665,2465,1.3861833566884346e-40,0,,163,100
279,1675,2475,2.777082913559664e-32,0,,163,100
280,1679,2479,1.0233738158939388e-35,0,,163,100
281,1684,2484,1.3373042562508999e-39,0,,163,100
282,1690,2490,1.6389904181325977e-107,0,,164,100
283,1696,2496,1.1518746966490639e-87,0,,164,100
284,1701,2501,2.2402446284625172e-79,0,,163,100
285,1704,2504,1.2221802106788245e-56,0,,163,100
286,1710,2510,3.561501775190094e-127,0,,163,100
287,1714,2514,7.632222493797988e-125,0,,164,100
288,1730,2530,4.71715636701479e-84,0,,168,100
289,1734,2534,2.852514236288504e-97,0,,168,100
290,1740,2540,7.739155946275367e-85,0,,166,100
291,1745,2545,4.55628586782349e-86,0,,166,100
292,1757,2557,1.3426231463857215e-86,0,,167,100
293,1763,2563,4.7124828124559375e-155,0,,167,100
294,1766,2566,9.953682339576336e-140,0,,166,100
295,1772,2572,2.9706748582858153e-139,0,,165,100
296,1776,2576,1.7853081136393747e-122,0,,165,100
297,1782,2582,1.3252268669725916e-98,0,,165,100
298,1785,2585,2.9539696549140597e-87,0,,165,100
299,1789,2589,5.301719092760562e-82,0,,167,100
300,1799,2599,5.926245837757594e-76,0,,165,100
301,1805,2605,1.3680749950208591e-71,0,,166,100
302,1808,2608,7.933158064049461e-75,0,,166,100
303,1817,2617,4.024662397733047e-82,0,,166,100
304,1820,2620,1.3031793196695913e-49,0,,166,100
305,1826,2626,2.852153349030286e-32,0,,165,100
306,1833,2633,4.178418684897582e-64,0,,165,100
307,1847,2647,8.016750227793918e-73,0,,167,100
308,1854,2654,2.5481238872074565e-71,0,,167,100
309,1860,2660,8.379038824311602e-59,0,,166,100
310,1867,2667,5.660164221803491e-49,0,,167,100
311,1871,2671,1.2114071077077617e-52,0,,168,100
312,1882,2682,1.382012208093818e-52,0,,168,100
313,1894,2694,3.226838462191961e-48,0,,168,100
314,1899,2699,2.2769666801387208e-65,0,,167,100
315,1911,2711,1.722603368163648e-55,0,,168,100
316,1917,2717,2.1868546743772205e-69,0,,167,100
317,1926,2726,2.3707110433489036e-46,0,,167,100
318,1931,2731,1.2658752120837842e-66,0,,165,100
319,1935,2735,1.0540751707606697e-76,0,,166,100
320,1942,2742,6.298730190205765e-80,0,,166,100
321,1948,2748,1.603869161387458e-70,0,,165,100
322,1961,2761,2.501551111005302e-68,0,,167,100
323,1968,2768,1.2068794188702634e-52,0,,168,100
324,1977,2777,1.1584374562513539e-174,0,,168,100
325,1982,2782,1.390739567481375e-161,0,,167,100
326,1991,2791,3.2378440494855277e-158,0,,168,100
327,1996,2796,3.252454192031679e-173,0,,167,100
328,2005,2805,9.032485998537842e-131,0,,168,100
329,2010,2810,4.714909296721689e-126,0,,167,100
330,2016,2816,2.874993950282117e-130,0,,168,100
331,2025,2825,4.861119391085361e-112,0,,169,100
332,2031,2831,4.232761100363134e-118,0,,168,100
333,2037,2837,2.604793815027711e-120,0,,170,100
334,2046,2846,1.2928377803993274e-88,0,,170,100
335,2052,2852,8.569290409904985e-55,0,,169,100
336,2056,2856,1.3562278836129509e-58,0,,169,100
337,2064,2864,1.9145805335364784e-42,0,,170,100
338,2072,2872,1.0521368834364766e-91,0,,167,100
339,2077,2877,4.265577909232554e-93,0,,169,100
340,2087,2887,3.5653918966536274e-52,0,,170,100
341,2094,2894,1.0170811143911857e-53,0,,170,100
342,2097,2897,1.025803069599478e-63,0,,170,100
343,2101,2901,3.0272065268891026e-78,0,,170,100
344,2116,2916,1.6762378463419133e-56,0,,171,100
345,2121,2921,1.1921135922910062e-52,0,,171,100
346,2125,2925,7.705078529388432e-53,0,,171,100
347,2132,2932,4.3483087094326746e-67,0,,170,100
348,2136,2936,1.2930638241255263e-78,0,,171,100
349,2146,2946,8.614506052516134e-67,0,,172,100
350,2156,2956,4.155831586034471e-67,0,,175,100
351,2164,2964,1.0304975670928519e-58,0,,174,100
352,2170,2970,1.5311906554660722e-50,0,,175,100
353,2176,2976,1.069934794722986e-50,0,,176,100
354,2182,2982,5.123406413411552e-58,0,,175,100
355,2185,2985,1.427840428647935e-50,0,,174,100
356,2194,2994,1.7782136730872377e-44,0,,175,100
357,2197,2997,2.064056227214926e-90,0,,174,100
358,2202,3002,9.258680276046661e-123,0,,174,100
359,2207,3007,4.681516306981619e-131,0,,174,100
360,2219,3019,1.1481242601670553e-123,0,,173,100
361,2223,3023,3.392667401285016e-200,0,,173,100
362,2229,3029,2.2350667418906072e-190,0,,171,100
363,2232,3032,4.9002104685917247e-166,0,,172,100
364,2248,3048,1.0442524733544289e-194,0,,175,100
365,2254,3054,6.512365551772909e-197,0,,173,100
366,2260,3060,7.437407130929939e-208,0,,172,100
367,2266,3066,5.865973106743866e-194,0,,172,100
368,2274,3074,1.4400929544712077e-202,0,,173,100
369,2278,3078,1.673900472048045e-174,0,,172,100
370,2284,3084,4.811599026973535e-170,0,,173,100
371,2294,3094,3.0592515069443553e-180,0,,171,100
372,2298,3098,8.835296623347144e-188,0,,171,100
373,2304,3104,1.1671752875938735e-208,0,,171,100
374,2309,3109,4.9126494794111e-180,0,,171,100
375,2313,3113,6.597149985283497e-191,0,,171,100
376,2318,3118,2.0212231509819336e-122,0,,171,100
377,2324,3124,1.6724636677798537e-96,0,,171,100
378,2327,3127,1.6689430663548194e-65,0,,171,100
379,2341,3141,1.091979367418686e-59,0,,168,100
380,2349,3149,1.5931601875865765e-62,0,,166,100
381,2352,3152,9.140658195599986e-61,0,,164,100
382,2356,3156,2.1378598049962955e-123,0,,164,100
383,2363,3163,6.006940008617714e-136,0,,164,100
384,2366,3166,7.305013779982672e-56,0,,164,100
385,2370,3170,5.654167705404667e-150,0,,164,100
386,2377,3177,9.917783454300064e-18,0,,166,100
387,2384,3184,1.5361491189056714e-19,0,,167,100
388,2390,3190,1.2518942017625625e-23,0,,167,100
389,2393,3193,1.6094881867098519e-27,0,,168,100
390,2402,3202,5.173972747503499e-23,0,,169,100
391,2405,3205,1.7908603810648317e-21,0,,167,100
392,2409,3209,7.455500986985191e-23,0,,168,100
393,2418,3218,9.390666237067882e-59,0,,168,100
394,2423,3223,1.1642870821023268e-45,0,,169,100
395,2428,3228,2.3945051628295683e-49,0,,168,100
396,2435,3235,3.8721545810076355e-38,0,,168,100
397,2442,3242,5.9414874689538156e-55,0,,168,100
398,2445,3245,7.814326208847106e-33,0,,168,100
399,2449,3249,3.4401864620740364e-45,0,,170,100
400,2461,3261,4.442708970446431e-33,0,,170,100
401,2470,3270,4.888847976510098e-65,0,,169,100
402,2474,3274,2.9928941014631808e-62,0,,170,100
403,2478,3278,6.91555440538727e-61,0,,169,100
404,2485,3285,1.3064445787836244e-60,0,,169,100
405,2489,3289,7.153256834553441e-73,0,,168,100
406,2494,3294,1.3495993479114512e-67,0,,168,100
407,2502,3302,4.594748613569421e-59,0,,169,100
408,2508,3308,4.539345920827371e-54,0,,169,100
409,2513,3313,1.692438096572947e-50,0,,169,100
410,2517,3317,5.7186365173581e-45,0,,169,100
411,2524,3324,5.4043571877652705e-62,0,,167,100
412,2536,3336,7.84531400522955e-57,0,,169,100
413,2542,3342,1.3094227658243134e-52,0,,170,100
414,2547,3347,4.825942946374018e-66,0,,170,100
415,2553,3353,4.921585013218475e-61,0,,171,100
416,2556,3356,4.087857907174517e-49,0,,171,100
417,2566,3366,1.6611688098517881e-52,0,,172,100
418,2569,3369,8.127358602124518e-47,0,,172,100
419,2581,3381,5.195994473336381e-75,0,,172,100
420,2584,3384,2.949820290549819e-59,0,,172,100
421,2588,3388,1.0586137420685982e-64,0,,172,100
422,2594,3394,5.082815701579629e-62,0,,172,100
423,2604,3404,2.0696690407450728e-53,0,,173,100
424,2609,3409,2.692062857216589e-71,0,,174,100
425,2615,3415,3.702804999562385e-61,0,,175,100
426,2618,3418,1.0063510186911739e-65,0,,176,100
427,2626,3426,5.584666730744412e-82,0,,175,100
428,2629,3429,7.430626890894253e-79,0,,175,100
429,2637,3437,2.121574621158047e-68,0,,175,100
430,2640,3440,4.1389408968361283e-67,0,,175,100
431,2644,3444,5.413797899166771e-80,0,,174,100
432,2647,3447,1.0522481526667417e-80,0,,173,100
433,2652,3452,6.199488456866627e-79,0,,173,100
434,2658,3458,1.3935855012309672e-58,0,,174,100
435,2667,3467,1.0620525808136965e-44,0,,172,100
436,2671,3471,2.415967662171578e-46,0,,174,100
437,2677,3477,9.837516290420339e-51,0,,173,100
438,2680,3480,4.5941654541115345e-39,0,,173,100
439,2684,3484,9.096157756646097e-45,0,,174,100
440,2693,3493,2.3958790385463513e-46,0,,174,100
441,2696,3496,9.328821075821279e-80,0,,174,100
442,2700,3500,1.0022726939247436e-71,0,,173,100
443,2706,3506,7.454585884059036e-40,0,,174,100
444,2712,3512,1.3838410132362927e-48,0,,175,100
445,2718,3518,4.0343204447610824e-42,0,,174,100
446,2721,3521,1.8543226101084632e-42,0,,175,100
447,2729,3529,3.803884165168908e-64,0,,174,100
448,2732,3532,1.0205474768426375e-146,0,,174,100
449,2736,3536,3.253252021582568e-120,0,,172,100
450,2747,3547,2.3104968393550542e-123,0,,176,100
451,2750,3550,5.327709732706891e-65,0,,175,100
452,2754,3554,4.816132674877875e-84,0,,175,100
453,2761,3561,1.222669294961908e-132,0,,176,100
454,2767,3567,3.166216767316448e-117,0,,176,100
455,2770,3570,5.2904173245000456e-207,0,,175,100
456,2774,3574,1.3302746161476933e-91,0,,174,100
457,2781,3581,6.638513761043596e-79,0,,174,100
458,2787,3587,5.61431348538905e-104,0,,175,100
459,2790,3590,1.6498563558410926e-119,0,,175,100
460,2794,3594,9.191223191663268e-104,0,,174,100
461,2805,3605,1.0904682092241963e-131,0,,174,100
462,2808,3608,7.407103186857283e-95,0,,174,100
463,2812,3612,8.945883007770233e-97,0,,175,100
464,2819,3619,7.891129356950927e-92,0,,176,100
465,2825,3625,7.110114475874127e-105,0,,175,100
466,2829,3629,9.078493150320288e-125,0,,175,100
467,2832,3632,7.839247477182485e-102,0,,175,100
468,2836,3636,1.3265821961436788e-48,0,,175,100
469,2842,3642,9.828121359482441e-53,0,,176,100
470,2848,3648,3.0030088362115706e-55,0,,176,100
471,2851,3651,8.010106358710511e-113,0,,176,100
472,2855,3655,1.990143428868502e-97,0,,173,100
473,2866,3666,3.12350404772262e-79,0,,176,100
474,2869,3669,2.2839422483523587e-78,0,,176,100
475,2873,3673,1.8902221832117416e-78,0,,176,100
476,2879,3679,3.081671150163772e-114,0,,175,100
477,2885,3685,1.8396097440505246e-98,0,,174,100
478,2888,3688,1.1977892855497175e-88,0,,174,100
479,2893,3693,2.1101310148427235e-78,0,,173,100
480,2897,3697,1.7392149097416283e-66,0,,174,100
481,2903,3703,1.8730773082913888e-91,0,,174,100
482,2907,3707,1.0698302635341656e-87,0,,173,100
483,2910,3710,2.511278056241002e-87,0,,174,100
484,2917,3717,3.7142893600037855e-77,0,,173,100
485,2923,3723,3.4109422417460036e-74,0,,173,100
486,2930,3730,3.979308694689763e-76,0,,175,100
487,2936,3736,5.1604662095060385e-48,0,,175,100
488,2940,3740,6.470307501835019e-41,0,,174,100
489,2943,3743,3.4786977436250803e-56,0,,174,100
490,2953,3753,8.964110671608853e-45,0,,175,100
491,2960,3760,6.044721906449405e-43,0,,174,100
492,2963,3763,6.209249358213017e-40,0,,174,100
493,2976,3776,1.6307537499539369e-40,0,,174,100
494,2979,3779,5.6642295485943567e-36,0,,174,100
495,2990,3790,1.97481347570123e-34,0,,175,100
496,2997,3797,7.975768642624722e-27,0,,177,100
497,3001,3801,3.803765642259442e-40,0,,177,100
498,3008,3808,7.091219620807203e-66,0,,175,100
499,3011,3811,3.766583735474903e-97,0,,175,100
500,3015,3815,4.399183663390977e-63,0,,177,100
501,3027,3827,2.0197061135118658e-60,0,,176,100
502,3030,3830,5.3124043441271004e-49,0,,176,100
503,3034,3834,1.6952309662701905e-99,0,,176,100
504,3041,3841,1.300424377620276e-115,0,,176,100
505,3045,3845,2.2855409990151364e-98,0,,177,100
506,3055,3855,4.7765848403131516e-96,0,,180,100
507,3063,3863,1.6670118084597974e-77,0,,180,100
508,3067,3867,3.2244718735347597e-81,0,,180,100
509,3072,3872,3.62944990009837e-81,0,,181,100
510,3082,3882,1.3003480535560262e-66,0,,180,100
511,3095,3895,4.5794818583127005e-82,0,,181,100
512,3101,3901,2.348615112631092e-82,0,,181,100
513,3105,3905,2.6254498990401394e-111,0,,181,100
514,3110,3910,7.093887586361285e-84,0,,181,100
515,3118,3918,2.641028104763807e-74,0,,182,100
516,3121,3921,9.31370891284705e-81,0,,182,100
517,3125,3925,7.567905256269308e-71,0,,183,100
518,3138,3938,1.4668725884183493e-69,0,,181,100
519,3144,3944,5.737988395077917e-56,0,,183,100
520,3150,3950,7.042585294798233e-66,0,,183,100
521,3155,3955,4.02017841812163e-61,0,,183,100
522,3160,3960,2.374877956581757e-72,0,,183,100
523,3165,3965,5.703974446968824e-70,0,,183,100
524,3177,3977,2.255026190019571e-56,0,,180,100
525,3180,3980,8.546692551470597e-77,0,,179,100
526,3187,3987,3.670176939680982e-67,0,,179,100
527,3193,3993,4.1136262773750706e-63,0,,179,100
528,3196,3996,4.4783704537185415e-46,0,,179,100
529,3198,3998,8.939242878187332e-71,0,,179,100
530,3206,4006,2.4724776387005456e-56,0,,179,100
531,3210,4010,4.1800530241718815e-63,0,,179,100
532,3216,4016,1.588812620456991e-53,0,,179,100
533,3220,4020,4.9734108200994334e-61,0,,179,100
534,3225,4025,4.5973786147832973e-66,0,,180,100
535,3234,4034,2.2127921911105266e-71,0,,179,100
536,3237,4037,3.70151407260621e-70,0,,178,100
537,3241,4041,3.1618034124266146e-65,0,,181,100
538,3245,4045,5.733850485443418e-75,0,,181,100
539,3248,4048,3.421380681901101e-69,0,,181,100
540,3255,4055,4.030995843778453e-76,0,,181,100
541,3262,4062,7.536590308071452e-88,0,,181,100
542,3266,4066,1.2792176581957521e-83,0,,181,100
543,3271,4071,1.7799079884474624e-89,0,,183,100
544,3276,4076,5.230687555326397e-81,0,,181,100
545,3282,4082,4.6516686592712394e-102,0,,181,100
546,3284,4084,2.248891812370622e-89,0,,182,100
547,3292,4092,1.1547363018200229e-265,0,,181,100
548,3295,4095,1.9947759416908905e-239,0,,181,100
549,3299,4099,8.28679666177205e-229,0,,180,100
550,3306,4106,1.517591216564221e-106,0,,181,100
551,3314,4114,4.728243897411979e-41,0,,180,100
552,3318,4118,6.630281939612274e-47,0,,179,100
553,3322,4122,6.061786973472191e-43,0,,179,100
554,3328,4128,6.127780731604424e-42,0,,180,100
555,3333,4133,1.7286772480301845e-49,0,,179,100
556,3338,4138,5.306644474513673e-45,0,,178,100
557,3347,4147,1.683164184484744e-50,0,,177,100
558,3350,4150,3.2656761822386354e-48,0,,177,100
559,3353,4153,7.180413162137308e-50,0,,177,100
560,3364,4164,1.358661380944702e-65,0,,176,100
561,3367,4167,8.161866695664197e-51,0,,176,100
562,3372,4172,1.0613859646108385e-37,0,,176,100
563,3378,4178,1.6996668106607753e-34,0,,176,100
564,3382,4182,2.481934045107679e-27,0,,176,100
565,3388,4188,2.1316843937364943e-31,0,,177,100
566,3391,4191,2.5705481602382296e-32,0,,177,100
567,3397,4197,7.870545757364277e-30,0,,177,100
568,3400,4200,3.351126122022871e-28,0,,177,100
569,3409,4209,3.8787805842982245e-46,0,,174,100
570,3413,4213,5.14506877133861e-56,0,,174,100
571,3418,4218,1.7351181305787003e-68,0,,174,100
572,3428,4228,1.862109613172738e-102,0,,175,100
573,3431,4231,1.9695714062267785e-242,0,,174,100
574,3435,4235,7.230782618442569e-70,0,,174,100
575,3442,4242,5.823836852688806e-117,0,,175,100
576,3449,4249,3.7131533305404606e-69,0,,174,100
577,3455,4255,9.686129882109189e-88,0,,174,100
578,3458,4258,1.6221035780023685e-45,0,,174,100
579,3468,4268,5.062555411633814e-48,0,,175,100
580,3471,4271,1.1138353805549786e-49,0,,173,100
581,3475,4275,1.567219978757313e-58,0,,173,100
582,3483,4283,7.0947811908401236e-59,0,,172,100
583,3487,4287,1.7154920862023636e-88,0,,172,100
584,3493,4293,5.196020606588068e-88,0,,172,100
585,3498,4298,4.35441373443496e-86,0,,172,100
586,3501,4301,2.0227947071281e-59,0,,172,100
587,3507,4307,8.481909027428602e-66,0,,172,100
588,3514,4314,1.0643048636963216e-53,0,,173,100
589,3519,4319,4.571332073293193e-54,0,,174,100
590,3522,4322,2.905504773958967e-51,0,,175,100
591,3530,4330,5.589288740644811e-46,0,,174,100
592,3540,4340,6.328605389377805e-74,0,,172,100
593,3544,4344,1.431351568522672e-63,0,,172,100
594,3551,4351,4.772937857034168e-86,0,,171,100
595,3557,4357,4.782026426963845e-94,0,,172,100
596,3563,4363,2.117462337130351e-103,0,,173,100
597,3569,4369,4.636712075474196e-86,0,,174,100
598,3575,4375,2.1373080682566687e-80,0,,178,100
599,3585,4385,8.394126921131659e-81,0,,178,100
600,3589,4389,8.145364209236998e-83,0,,177,100
601,3594,4394,1.0339385279949977e-68,0,,177,100
602,3596,4396,1.4301095543965393e-74,0,,176,100
603,3606,4406,1.4048703326643997e-79,0,,178,100
604,3610,4410,3.9544317355873443e-78,0,,177,100
605,3619,4419,8.838325993697235e-106,0,,175,100
606,3622,4422,8.069710172348278e-92,0,,175,100
607,3626,4426,1.2035158719154888e-57,0,,175,100
608,3634,4434,2.0870941166686986e-113,0,,174,100
609,3637,4437,4.8425829688139915e-56,0,,173,100
610,3641,4441,1.5232634936198353e-72,0,,173,100
611,3646,4446,8.697150091855585e-51,0,,174,100
612,3657,4457,3.205859824693702e-24,0,,172,100
613,3660,4460,3.7537065020796714e-29,0,,171,100
614,3665,4465,1.2688465377706181e-31,0,,172,100
615,3668,4468,4.121243830696916e-28,0,,171,100
616,3674,4474,4.667093945469318e-26,0,,171,100
617,3683,4483,7.510496009558167e-25,0,,172,100
618,3687,4487,7.65294266829281e-29,0,,171,100
619,3694,4494,9.103510295065524e-35,0,,172,100
620,3697,4497,1.6423697724136862e-36,0,,172,100
621,3707,4507,1.2609207113338376e-35,0,,171,100
622,3710,4510,5.173919615562951e-35,0,,171,100
623,3714,4514,9.733644422425677e-33,0,,171,100
624,3721,4521,5.394269191908311e-41,0,,172,100
625,3730,4530,5.565435172765193e-17,0,,170,100
626,3734,4534,6.816740064960668e-22,0,,169,100
627,3741,4541,3.2108540818088064e-27,0,,170,100
628,3747,4547,4.6470898863355475e-25,0,,170,100
629,3752,4552,1.0640768863437877e-24,0,,170,100
630,3756,4556,8.391864958930704e-20,0,,170,100
631,3761,4561,1.271183302119299e-24,0,,170,100
632,3767,4567,2.7982083015391405e-25,0,,171,100
633,3770,4570,8.869380925718625e-21,0,,170,100
634,3774,4574,5.609763786855348e-26,0,,170,100
635,3778,4578,1.3967851510212393e-24,0,,170,100
636,3792,4592,1.1262494382744528e-23,0,,167,100
637,3797,4597,4.363896926333265e-30,0,,168,100
638,3805,4605,7.475107322190528e-33,0,,168,100
639,3809,4609,1.597928325961158e-35,0,,169,100
640,3814,4614,1.8184459800753045e-31,0,,168,100
641,3823,4623,5.980968851086155e-25,0,,168,100
642,3828,4628,1.0310583121505927e-23,0,,169,100
643,3834,4634,1.2819536940064868e-25,0,,169,100
644,3837,4637,3.134357859475411e-49,0,,170,100
645,3840,4640,4.3083838137780375e-69,0,,170,100
646,3845,4645,6.463167393035536e-44,0,,169,100
647,3848,4648,9.415780045822295e-40,0,,168,100
648,3861,4661,7.296767172406822e-32,0,,166,100
649,3866,4666,2.9496432208074227e-44,0,,166,100
650,3870,4670,3.6074739052449905e-31,0,,166,100
651,3880,4680,3.725336309047649e-28,0,,167,100
652,3883,4683,1.1628842141718446e-43,0,,166,100
653,3887,4687,1.7308893007378805e-38,0,,166,100
654,3894,4694,6.943883929751026e-43,0,,167,100
655,3901,4701,7.893114980542137e-30,0,,168,100
656,3904,4704,5.922484346793447e-32,0,,168,100
657,3911,4711,2.97133424888449e-78,0,,166,100
658,3915,4715,8.47870540410366e-102,0,,166,100
659,3921,4721,1.1090738832363707e-91,0,,167,100
660,3929,4729,5.394077239234151e-86,0,,168,100
661,3935,4735,1.009657781679912e-66,0,,167,100
662,3944,4744,6.9555529399730115e-43,0,,166,100
663,3948,4748,9.146422992380322e-32,0,,168,100
664,3951,4751,6.937519148660711e-34,0,,166,100
665,3958,4758,3.6288424002808784e-30,0,,166,100
666,3964,4764,5.12925899007541e-34,0,,166,100
667,3967,4767,2.6948872669377627e-35,0,,167,100
668,3977,4777,1.8263534307290817e-29,0,,167,100
669,3985,4785,6.108339070802472e-45,0,,167,100
670,3989,4789,1.4378901999380156e-41,0,,167,100
671,4001,4801,4.5055777176369e-42,0,,168,100
672,4004,4804,1.4140658962512565e-122,0,,169,100
673,4008,4808,2.4855507600436013e-124,0,,171,100
674,4015,4815,6.72981591566506e-48,0,,173,100
675,4018,4818,1.0593434559879785e-46,0,,172,100
676,4022,4822,9.482749066034462e-49,0,,172,100
677,4030,4830,2.8843569230542393e-61,0,,172,100
678,4040,4840,1.6599959486236658e-59,0,,170,100
679,4049,4849,9.785368292662237e-66,0,,170,100
680,4052,4852,5.514531760196782e-34,0,,170,100
681,4058,4858,4.699014839097028e-100,0,,169,100
682,4061,4861,1.571596952464766e-192,0,,170,100
683,4073,4873,9.376652301225376e-144,0,,169,100
684,4079,4879,9.135819109055636e-108,0,,169,100
685,4083,4883,9.898411359886202e-126,0,,169,100
686,4090,4890,2.245726972015522e-146,0,,167,100
687,4098,4898,6.601390497109653e-123,0,,168,100
688,4103,4903,1.3677358738035633e-34,0,,169,100
689,4106,4906,6.085731448721947e-32,0,,168,100
690,4114,4914,9.367470133282067e-46,0,,170,100
691,4119,4919,3.2895067018707207e-47,0,,169,100
692,4127,4927,5.582836789070805e-27,0,,169,100
693,4131,4931,1.4283720634943485e-32,0,,170,100
694,4148,4948,2.2086539613980536e-36,0,,169,100
695,4151,4951,1.1441414153390955e-33,0,,169,100
696,4156,4956,5.135628192437634e-26,0,,169,100
697,4160,4960,5.807757364613522e-27,0,,171,100
698,4166,4966,6.513042866216779e-34,0,,170,100
699,4170,4970,4.448014006957274e-26,0,,170,100
700,4177,4977,3.172918930491289e-30,0,,171,100
701,4180,4980,3.584186517867457e-30,0,,172,100
702,4187,4987,1.1044918643241238e-45,0,,170,100
703,4193,4993,6.337639397064713e-34,0,,169,100
704,4196,4996,1.6310505546037945e-38,0,,169,100
705,4203,5003,1.990664275958937e-40,0,,170,100
706,4209,5009,4.359159592500239e-61,0,,170,100
707,4213,5013,4.268606204903797e-57,0,,170,100
708,4220,5020,4.355058418058992e-50,0,,171,100
709,4228,5028,5.7003495421604406e-70,0,,172,100
710,4232,5032,2.9936105666497366e-63,0,,172,100
711,4236,5036,3.998433541207301e-54,0,,172,100
712,4242,5042,9.012840529065512e-53,0,,173,100
713,4252,5052,7.623532564222569e-64,0,,172,100
714,4258,5058,2.1762536837520274e-64,0,,173,100
715,4271,5071,2.084632919909193e-92,0,,173,100
716,4274,5074,1.738040893658942e-89,0,,173,100
717,4281,5081,4.973333785830431e-93,0,,173,100
718,4285,5085,1.0101360671852507e-94,0,,173,100
719,4293,5093,3.2820361875200563e-90,0,,174,100
720,4296,5096,2.276812161118105e-127,0,,173,100
721,4308,5108,3.7041566628090155e-79,0,,173,100
722,4315,5115,5.792361358969273e-68,0,,174,100
723,4324,5124,1.1106612798096196e-61,0,,174,100
724,4328,5128,4.651454957419645e-80,0,,174,100
725,4340,5140,6.941303757405355e-49,0,,173,100
726,4350,5150,8.51130891273785e-53,0,,174,100
727,4353,5153,6.961995529267199e-48,0,,174,100
728,4360,5160,3.625181992361265e-27,0,,174,100
729,4368,5168,7.8504876998528284e-31,0,,172,100
730,4371,5171,1.392820844915977e-60,0,,170,100
731,4375,5175,1.2316315230132751e-40,0,,170,100
732,4382,5182,6.204460388108308e-51,0,,168,100
733,4389,5189,6.6497331989553395e-31,0,,169,100
734,4393,5193,2.0464146007329137e-15,0,,169,100
735,4400,5200,1.0802310607358891e-14,0,,169,100
736,4403,5203,6.742694597577301e-43,0,,168,100
737,4411,5211,6.500636335735391e-42,0,,168,100
738,4421,5221,6.627567469860377e-19,0,,169,100
739,4425,5225,6.072323687098883e-24,0,,170,100
740,4434,5234,2.3463830271240253e-21,0,,169,100
741,4438,5238,1.1679317941269201e-21,0,,170,100
742,4455,5255,1.2585804565195195e-41,0,,171,100
743,4461,5261,5.1856862479426154e-67,0,,170,100
744,4464,5264,1.1367118518515162e-68,0,,172,100
745,4475,5275,7.142845856539588e-112,0,,172,100
746,4478,5278,1.946916483826061e-93,0,,172,100
747,4483,5283,4.206590516031013e-87,0,,171,100
748,4489,5289,2.3904179934698322e-89,0,,172,100
749,4492,5292,5.0804524098201627e-54,0,,172,100
750,4496,5296,3.102245646467656e-85,0,,173,100
751,4508,5308,7.928499891042056e-71,0,,176,100
752,4517,5317,4.129892464130017e-107,0,,177,100
753,4521,5321,2.3408374589590754e-83,0,,177,100
754,4525,5325,4.1600636218835515e-96,0,,177,100
755,4534,5334,4.428215774842451e-103,0,,177,100
756,4538,5338,1.1179471435705299e-133,0,,177,100
757,4541,5341,5.589829568394085e-85,0,,177,100
758,4545,5345,5.195407199240217e-119,0,,177,100
759,4550,5350,3.0535236337697362e-111,0,,176,100
760,4553,5353,2.2031933181808703e-134,0,,176,100
761,4557,5357,2.276930424210647e-141,0,,176,100
762,4562,5362,3.2216829902879317e-152,0,,175,100
763,4565,5365,3.209092299577175e-135,0,,175,100
764,4571,5371,2.304463916479268e-98,0,,175,100
765,4576,5376,1.1113329116378207e-99,0,,176,100
766,4589,5389,1.235633479612993e-174,0,,176,100
767,4596,5396,1.5307959783032687e-256,0,,177,100
768,4599,5399,1.539038027681078e-273,0,,176,100
769,4602,5402,2.1354378923470522e-112,0,,176,100
770,4606,5406,8.225358959223013e-148,0,,175,100
771,4613,5413,1.0674550859523817e-55,0,,177,100
772,4616,5416,7.907049388784891e-209,0,,176,100
773,4624,5424,5.924658558998914e-95,0,,177,100
774,4635,5435,3.6559370110310205e-93,0,,174,100
775,4639,5439,6.028173985623453e-96,0,,175,100
776,4648,5448,1.3554477303759072e-97,0,,175,100
777,4654,5454,3.5308668436913104e-63,0,,175,100
778,4663,5463,9.02663177103341e-100,0,,175,100
779,4666,5466,3.2269214563566906e-65,0,,175,100
780,4672,5472,5.899313656946518e-93,0,,177,100
781,4677,5477,8.923754651967748e-88,0,,177,100
782,4680,5480,1.1390692767371162e-132,0,,177,100
783,4686,5486,6.3235340154057766e-118,0,,178,100
784,4692,5492,9.55429486116066e-67,0,,178,100
785,4696,5496,2.847214536942721e-64,0,,179,100
786,4701,5501,5.613633176108524e-104,0,,179,100
787,4709,5509,2.118907313100617e-92,0,,179,100
788,4715,5515,5.034377960664592e-75,0,,180,100
789,4718,5518,6.479152340696287e-70,0,,179,100
790,4721,5521,1.0547818243415983e-76,0,,178,100
791,4725,5525,1.3195725021387648e-65,0,,178,100
792,4731,5531,2.8133721912471507e-65,0,,179,100
793,4738,5538,3.447526996672435e-70,0,,179,100
794,4741,5541,3.3188089492391935e-72,0,,178,100
795,4751,5551,9.097253489141595e-65,0,,179,100
796,4758,5558,8.033454626425264e-56,0,,180,100
797,4763,5563,3.999708442171255e-102,0,,179,100
798,4769,5569,2.1578757620498412e-154,0,,180,100
799,4772,5572,4.3958520430919214e-133,0,,180,100
800,4776,5576,5.092507106310046e-95,0,,179,100
801,4784,5584,7.4313251267610845e-90,0,,180,100
802,4786,5586,1.150627174779769e-93,0,,179,100
803,4796,5596,4.735003938582795e-103,0,,181,100
804,4802,5602,7.54827842364976e-90,0,,177,100
805,4810,5610,1.911625502886417e-83,0,,178,100
806,4813,5613,1.0167471903283726e-97,0,,176,100
807,4818,5618,1.795157327314181e-109,0,,175,100
808,4824,5624,7.695761568390723e-104,0,,178,100
809,4830,5630,1.180040374543154e-106,0,,177,100
810,4833,5633,1.3891008192153705e-80,0,,176,100
811,4837,5637,1.3114846696478644e-77,0,,177,100
812,4843,5643,2.101516318887523e-85,0,,177,100
813,4846,5646,2.5639755482845593e-86,0,,177,100
814,4850,5650,3.671153095393536e-86,0,,178,100
815,4861,5661,3.549067439100804e-63,0,,176,100
816,4869,5669,2.4611814035327476e-87,0,,177,100
817,4873,5673,4.741880910342386e-76,0,,178,100
818,4888,5688,1.9868586407990211e-59,0,,179,100
819,4891,5691,4.91406219873975e-72,0,,178,100
820,4895,5695,9.07465945691197e-41,0,,178,100
821,4899,5699,1.3104260318753904e-26,0,,178,100
822,4908,5708,4.98049774693922e-53,0,,179,100
823,4912,5712,8.851767060342658e-56,0,,179,100
824,4914,5714,3.748092824238373e-57,0,,179,100
825,4923,5723,3.5982788248612827e-41,0,,179,100
826,4926,5726,6.556820660157484e-29,0,,179,100
827,4931,5731,1.0862533456468295e-32,0,,179,100
828,4937,5737,6.177134556666615e-36,0,,180,100
829,4948,5748,5.8049608385484495e-36,0,,181,100
830,4950,5750,7.59351555703688e-49,0,,181,100
831,4957,5757,7.111158963905464e-49,0,,181,100
832,4960,5760,8.929722784871413e-79,0,,180,100
833,4963,5763,1.4435542879335614e-65,0,,180,100
834,4973,5773,7.307079887248989e-49,0,,179,100
835,4977,5777,7.97002009163535e-61,0,,179,100
836,4979,5779,1.289782085879769e-60,0,,180,100
837,4987,5787,1.1382904044774744e-54,0,,179,100
838,4994,5794,1.112868361440757e-45,0,,180,100
839,4998,5798,5.819346783691713e-45,0,,179,100
840,5006,5806,1.0729360640457168e-49,0,,179,100
841,5011,5811,3.5934385590027164e-40,0,,179,100
842,5015,5815,7.523208446101555e-45,0,,178,100
843,5018,5818,3.360364072556577e-32,0,,180,100
844,5023,5823,1.283054492247014e-37,0,,181,100
845,5027,5827,1.230192602603765e-42,0,,180,100
846,5031,5831,2.4749589318062736e-42,0,,182,100
847,5034,5834,4.876575775548685e-39,0,,182,100
848,5045,5845,3.2009106485479346e-32,0,,182,100
849,5048,5848,1.3005540586928443e-34,0,,183,100
850,5055,5855,5.483407575838967e-45,0,,181,100
851,5059,5859,6.438997089010197e-45,0,,182,100
852,5070,5870,3.4062498801425807e-37,0,,181,100
853,5073,5873,7.360426725606344e-35,0,,182,100
854,5080,5880,1.86415256480165e-29,0,,181,100
855,5089,5889,2.8135274246351386e-32,0,,181,100
856,5092,5892,4.0968397460186863e-41,0,,179,100
857,5097,5897,4.7923812380112784e-48,0,,179,100
858,5105,5905,5.057131246561961e-21,0,,177,100
859,5109,5909,1.022690908814572e-20,0,,176,100
860,5115,5915,1.1616321969732985e-28,0,,178,100
861,5120,5920,3.6048470626749894e-28,0,,179,100
862,5130,5930,1.4118661754673115e-30,0,,177,100
863,5133,5933,6.645666488158878e-28,0,,177,100
864,5138,5938,5.252128850079179e-27,0,,178,100
865,5144,5944,2.3600210081726968e-26,0,,179,100
866,5148,5948,1.2103260239939563e-26,0,,178,100
867,5158,5958,3.672168944264785e-45,0,,177,100
868,5163,5963,7.81464480368575e-30,0,,177,100
869,5169,5969,7.984579150279965e-38,0,,177,100
870,5173,5973,3.1427994335353973e-37,0,,178,100
871,5183,5983,4.1491761340093207e-50,0,,177,100
872,5187,5987,2.857364717201969e-53,0,,177,100
873,5193,5993,2.450639629287633e-67,0,,178,100
874,5196,5996,1.3143523447964715e-50,0,,177,100
875,5200,6000,7.849490783614419e-47,0,,177,100
876,5213,6013,3.7708807003992664e-62,0,,180,100
877,5220,6020,1.2412472257468474e-44,0,,179,100
878,5224,6024,1.8939764132102389e-38,0,,179,100
879,5232,6032,4.1343006609723985e-36,0,,180,100
880,5236,6036,1.2281664771759304e-36,0,,182,100
881,5247,6047,2.079122240969496e-24,0,,182,100
882,5258,6058,7.304738098900965e-35,0,,183,100
883,5263,6063,9.87684067612682e-42,0,,182,100
884,5268,6068,2.3618435675183326e-68,0,,182,100
885,5272,6072,2.7604952613611744e-61,0,,182,100
886,5284,6084,7.734829447184048e-55,0,,182,100
887,5287,6087,9.233325335184482e-57,0,,181,100
888,5291,6091,2.8879320164094786e-58,0,,182,100
889,5299,6099,6.681795885190868e-52,0,,179,100
890,5305,6105,4.548639802728226e-51,0,,179,100
891,5307,6107,2.7777136332358813e-46,0,,178,100
892,5316,6116,8.890967556004432e-30,0,,175,100
893,5321,6121,4.431334535394878e-50,0,,175,100
894,5327,6127,1.1968007256154683e-57,0,,175,100
895,5333,6133,4.712995043287851e-105,0,,176,100
896,5338,6138,1.2676046803733149e-83,0,,175,100
897,5340,6140,2.4468373671722806e-75,0,,175,100
898,5348,6148,4.302240150237293e-58,0,,174,100
899,5351,6151,9.54407919936876e-87,0,,173,100
900,5355,6155,4.1231635641717085e-91,0,,174,100
901,5368,6168,7.199854086509367e-65,0,,175,100
902,5372,6172,1.932719405137284e-62,0,,175,100
903,5377,6177,3.369244239576468e-69,0,,175,100
904,5382,6182,4.819591450722445e-57,0,,175,100
905,5385,6185,3.764726186724028e-74,0,,174,100
906,5390,6190,7.928298410098826e-137,0,,174,100
907,5398,6198,4.810649190940503e-123,0,,175,100
908,5402,6202,4.91674334699508e-258,0,,175,100
909,5408,6208,4.3738339037182076e-157,0,,175,100
910,5418,6218,8.130160969429009e-103,0,,175,100
911,5423,6223,1.540296812802348e-67,0,,175,100
912,5429,6229,5.152922425062196e-83,0,,175,100
913,5432,6232,7.425134401161986e-55,0,,175,100
914,5436,6236,4.194417004019452e-49,0,,175,100
915,5439,6239,7.217917623851165e-44,0,,174,100
916,5445,6245,3.8926726545050586e-45,0,,176,100
917,5454,6254,2.2648303118904743e-47,0,,176,100
918,5462,6262,3.747885987243725e-43,0,,176,100
919,5471,6271,8.111761721865566e-42,0,,173,100
920,5475,6275,3.00983096649165e-47,0,,173,100
921,5479,6279,1.8820527018450036e-40,0,,173,100
922,5484,6284,4.8411539625492934e-82,0,,173,100
923,5488,6288,1.0401998194433888e-69,0,,172,100
924,5493,6293,1.5485896369413551e-58,0,,171,100
925,5496,6296,4.5343150878154665e-181,0,,173,100
926,5500,6300,2.183670075295203e-144,0,,173,100
927,5508,6308,2.1347950101037026e-130,0,,173,100
928,5511,6311,7.141930339580925e-126,0,,173,100
929,5518,6318,2.777332817534756e-115,0,,172,100
930,5524,6324,2.4876511677584747e-112,0,,172,100
931,5527,6327,1.2547560012133564e-49,0,,171,100
932,5531,6331,1.8359479208711498e-38,0,,172,100
933,5540,6340,7.243904307487102e-41,0,,172,100
934,5547,6347,9.8298474422235e-59,0,,172,100
935,5550,6350,6.106122962729195e-52,0,,171,100
936,5554,6354,1.37380301241048e-53,0,,173,100
937,5561,6361,1.65607196553479e-88,0,,172,100
938,5564,6364,1.3386259665068684e-77,0,,172,100
939,5568,6368,1.6625185229464954e-74,0,,173,100
940,5574,6374,1.8898626349482393e-67,0,,172,100
941,5577,6377,3.07079519294882e-78,0,,172,100
942,5583,6383,7.586628583607986e-75,0,,171,100
943,5592,6392,2.5430093135781445e-57,0,,171,100
944,5595,6395,1.4143955715321146e-70,0,,171,100
945,5603,6403,1.7149401252290466e-64,0,,172,100
946,5606,6406,1.4724122486941649e-64,0,,171,100
947,5610,6410,4.3955682669752906e-60,0,,170,100
948,5620,6420,2.664785845867988e-38,0,,168,100
949,5628,6428,2.2636001974985412e-32,0,,168,100
950,5635,6435,1.4130681921063975e-43,0,,168,100
951,5642,6442,1.1575757035989108e-67,0,,168,100
952,5646,6446,2.1207940783101637e-51,0,,167,100
953,5654,6454,1.9093480606068596e-37,0,,169,100
954,5657,6457,9.792541450429897e-36,0,,168,100
955,5667,6467,1.5404563321974541e-65,0,,168,100
956,5674,6474,2.115117053610795e-56,0,,168,100
957,5682,6482,4.539263045332317e-65,0,,169,100
958,5686,6486,2.5188738005417015e-52,0,,169,100
959,5694,6494,3.022821694021173e-70,0,,170,100
960,5697,6497,9.822712101146541e-32,0,,170,100
961,5701,6501,2.3207771729407204e-78,0,,170,100
962,5708,6508,3.336800597544903e-56,0,,169,100
963,5716,6516,5.855386785358634e-47,0,,169,100
964,5720,6520,4.009888584911481e-70,0,,168,100
965,5725,6525,1.918963118066611e-100,0,,169,100
966,5730,6530,3.021909183509941e-124,0,,169,100
967,5736,6536,3.962443487004287e-103,0,,170,100
968,5742,6542,1.174053547620168e-61,0,,168,100
969,5746,6546,6.751592920407139e-75,0,,168,100
970,5749,6549,5.081589409332744e-82,0,,169,100
971,5753,6553,9.98177064079318e-60,0,,169,100
972,5759,6559,6.673341795073974e-60,0,,169,100
973,5765,6565,4.271165988747163e-43,0,,169,100
974,5770,6570,6.895668506440231e-39,0,,168,100
975,5775,6575,1.6806283265559634e-36,0,,169,100
976,5778,6578,2.531318655186862e-46,0,,168,100
977,5784,6584,9.032368126729935e-31,0,,168,100
978,5788,6588,3.922075788474098e-37,0,,168,100
979,5792,6592,7.448629746622005e-38,0,,169,100
980,5799,6599,3.044317288512892e-44,0,,168,100
981,5805,6605,1.8559682290149192e-45,0,,167,100
982,5808,6608,9.335347364389208e-45,0,,169,100
983,5818,6618,8.266449868943686e-31,0,,167,100
984,5826,6626,2.6185448672074094e-38,0,,166,100
985,5829,6629,2.3530837085820734e-30,0,,164,100
986,5833,6633,1.6623265738178649e-75,0,,165,100
987,5842,6642,3.227820889044363e-43,0,,164,100
988,5846,6646,4.4298872096796124e-42,0,,165,100
989,5862,6662,4.582656420577406e-37,0,,166,100
990,5868,6668,4.398776350011528e-66,0,,166,100
991,5876,6676,2.2550450914317898e-60,0,,168,100
992,5878,6678,4.522415015758481e-62,0,,169,100
993,5891,6691,2.1205925449461792e-91,0,,173,100
994,5895,6695,3.165965295076186e-69,0,,172,100
995,5901,6701,1.0815880419506752e-60,0,,173,100
996,5911,6711,1.5675716725476918e-76,0,,172,100
997,5914,6714,1.2472959004354143e-69,0,,172,100
998,5917,6717,3.8968127083742527e-79,0,,173,100
999,5929,6729,1.1252229697825614e-82,0,,171,100
1000,5932,6732,1.3849818185132733e-58,0,,170,100
1001,5937,6737,3.409257910221874e-67,0,,170,100
1002,5941,6741,1.2864790480927488e-80,0,,170,100
1003,5946,6746,4.8850689069382085e-57,0,,170,100
1004,5950,6750,2.6900569017452533e-79,0,,170,100
1005,5953,6753,4.746783558244126e-65,0,,170,100
1006,5957,6757,1.1014599898436597e-61,0,,171,100
1007,5966,6766,1.2478662493192466e-170,0,,169,100
1008,5969,6769,9.990301572708347e-144,0,,168,100
1009,5973,6773,2.4084264960670587e-126,0,,168,100
1010,5980,6780,7.181127497116817e-73,0,,168,100
1011,5988,6788,3.9661772804843986e-77,0,,168,100
1012,5993,6793,4.235530214805843e-72,0,,168,100
1013,5999,6799,2.4907872565468583e-74,0,,168,100
1014,6002,6802,1.9891337235088985e-80,0,,167,100
1015,6006,6806,2.636227319001323e-59,0,,167,100
1016,6013,6813,1.3471047224430202e-75,0,,166,100
1017,6020,6820,7.70443006018218e-74,0,,166,100
1018,6029,6829,6.412594460547434e-67,0,,166,100
1019,6036,6836,5.358101644233002e-68,0,,164,100
1020,6040,6840,2.6152367850840134e-60,0,,167,100
1021,6047,6847,1.2558925056942011e-51,0,,166,100
1022,6050,6850,5.104548224079024e-77,0,,166,100
1023,6054,6854,9.549832781606081e-68,0,,166,100
1024,6061,6861,1.7055539743804083e-75,0,,164,100
1025,6064,6864,1.6259969288118675e-74,0,,165,100
1026,6075,6875,1.4531867310526912e-94,0,,165,100
1027,6080,6880,1.67503806338027e-94,0,,166,100
1028,6087,6887,2.762159460150263e-85,0,,166,100
1029,6094,6894,9.96489958509884e-52,0,,166,100
1030,6100,6900,1.3421015807827835e-52,0,,166,100
1031,6111,6911,1.4106778495558026e-35,0,,166,100
1032,6114,6914,1.5171047572852994e-39,0,,165,100
1033,6118,6918,5.419776985029097e-155,0,,165,100
1034,6126,6926,5.539080612920688e-194,0,,167,100
1035,6129,6929,4.39202347752108e-212,0,,167,100
1036,6135,6935,1.2046820064965727e-206,0,,167,100
1037,6146,6946,6.490004040001054e-218,0,,169,100
1038,6154,6954,3.0874570608472484e-295,0,,169,100
1039,6158,6958,5.8174641414434285e-270,0,,169,100
1040,6161,6961,0.0,0,,168,100
1041,6167,6967,1.2590562308912897e-306,0,,168,100
1042,6170,6970,3e-323,0,,168,100
1043,6174,6974,5.0736e-320,0,,168,100
1044,6184,6984,1.3012653867552055e-50,0,,168,100
1045,6189,6989,1.0817596106480754e-52,0,,168,100
1046,6193,6993,1.268577990273755e-69,0,,167,100
1047,6199,6999,1.322002719932871e-61,0,,166,100
1048,6203,7003,1.4117175288379478e-79,0,,167,100
1049,6207,7007,3.605872954562925e-85,0,,167,100
1050,6211,7011,1.4926155654638473e-94,0,,167,100
1051,6218,7018,3.6829341954458245e-96,0,,167,100
1052,6221,7021,9.308767007576241e-94,0,,168,100
1053,6228,7028,9.32462375752954e-120,0,,167,100
1054,6231,7031,6.702042892252521e-120,0,,167,100
1055,6238,7038,4.5687934812353795e-80,0,,169,100
1056,6245,7045,4.6317718378499177e-122,0,,169,100
1057,6250,7050,1.471171518347281e-114,0,,169,100
1058,6256,7056,2.8886996572450423e-106,0,,169,100
1059,6260,7060,6.638827857668647e-79,0,,168,100
1060,6263,7063,1.884395212451525e-83,0,,169,100
1061,6274,7074,1.1928588221953667e-72,0,,171,100
1062,6277,7077,4.430351332421511e-70,0,,170,100
1063,6281,7081,8.648762607361159e-65,0,,170,100
1064,6287,7087,6.116858763504036e-47,0,,170,100
1065,6295,7095,3.33924291498244e-43,0,,168,100
1066,6298,7098,7.661142679631132e-38,0,,167,100
1067,6306,7106,8.99423306099654e-33,0,,169,100
1068,6309,7109,3.420299745489686e-34,0,,169,100
1069,6324,7124,2.5565350377404645e-41,0,,170,100
1070,6331,7131,1.3804938286742174e-33,0,,168,100
1071,6338,7138,1.3417368013350995e-46,0,,170,100
1072,6342,7142,1.476718443368644e-38,0,,170,100
1073,6347,7147,1.2521320892433255e-52,0,,169,100
1074,6351,7151,1.8955773062906707e-59,0,,169,100
1075,6357,7157,1.8154204620716203e-67,0,,169,100
1076,6360,7160,4.1419717941292203e-69,0,,168,100
1077,6364,7164,4.683789049681284e-58,0,,168,100
1078,6373,7173,7.60055375412917e-92,0,,168,100
1079,6376,7176,1.728992096287542e-73,0,,168,100
1080,6386,7186,1.9153760814965975e-68,0,,170,100
1081,6389,7189,1.6539195371954817e-69,0,,170,100
1082,6393,7193,1.8006426716991522e-61,0,,169,100
1083,6399,7199,2.282439279991492e-126,0,,169,100
1084,6406,7206,3.9926312157688224e-140,0,,169,100
1085,6412,7212,3.2181780553705365e-68,0,,169,100
1086,6416,7216,8.322844428528566e-43,0,,169,100
1087,6426,7226,6.075898198886765e-52,0,,171,100
1088,6429,7229,5.6076395414359906e-58,0,,171,100
1089,6433,7233,9.088956287794912e-69,0,,170,100
1090,6440,7240,6.0152856103965356e-80,0,,171,100
1091,6448,7248,1.7543626538549881e-69,0,,170,100
1092,6454,7254,1.1988058740655712e-72,0,,170,100
1093,6460,7260,1.545828013638811e-81,0,,171,100
1094,6465,7265,1.4728308512110697e-64,0,,170,100
1095,6470,7270,2.5411849310448934e-87,0,,170,100
1096,6479,7279,1.528053408759418e-58,0,,170,100
1097,6482,7282,3.7304180808640444e-181,0,,169,100
1098,6486,7286,6.474906351975076e-116,0,,170,100
1099,6497,7297,6.628177721886676e-95,0,,169,100
1100,6505,7305,3.9559764600103693e-72,0,,168,100
1101,6511,7311,2.126670538749417e-71,0,,170,100
1102,6516,7316,4.8501083091330013e-63,0,,170,100
1103,6521,7321,7.225933837782848e-54,0,,170,100
1104,6531,7331,9.280875617028985e-76,0,,170,100
1105,6538,7338,1.5685741267842055e-42,0,,169,100
1106,6543,7343,4.662277782681612e-38,0,,170,100
1107,6549,7349,4.165958173727804e-56,0,,168,100
1108,6553,7353,8.876694751667968e-57,0,,168,100
1109,6556,7356,1.421804620498054e-57,0,,169,100
1110,6563,7363,7.294717488345384e-84,0,,170,100
1111,6571,7371,1.6203024160175465e-48,0,,170,100
1112,6575,7375,1.2432842130263048e-50,0,,171,100
1113,6582,7382,1.6194414266544352e-40,0,,172,100
1114,6588,7388,2.1430586996804042e-39,0,,172,100
1115,6592,7392,4.041933533533158e-47,0,,171,100
1116,6599,7399,1.2691423677685978e-34,0,,173,100
1117,6607,7407,2.50438002387088e-41,0,,171,100
1118,6613,7413,3.282376016809177e-35,0,,172,100
1119,6616,7416,4.492319228458282e-37,0,,171,100
1120,6618,7418,1.6727971481011813e-25,0,,170,100
1121,6625,7425,1.931573894247208e-24,0,,171,100
1122,6628,7428,1.3813087180958248e-23,0,,171,100
1123,6635,7435,3.149957697361023e-45,0,,171,100
1124,6641,7441,5.498540159886854e-26,0,,171,100
1125,6648,7448,5.184291229452158e-30,0,,171,100
1126,6652,7452,3.3582144118265623e-29,0,,172,100
1127,6664,7464,4.1529864837483545e-87,0,,173,100
1128,6667,7467,9.392859286184686e-82,0,,173,100
1129,6676,7476,5.145961798835172e-71,0,,170,100
1130,6684,7484,1.191043166336449e-31,0,,170,100
1131,6687,7487,1.4857360965989727e-23,0,,169,100
1132,6691,7491,2.0191973040019844e-31,0,,170,100
1133,6697,7497,1.846238327897038e-46,0,,169,100
1134,6701,7501,3.8111963601672676e-41,0,,169,100
1135,6709,7509,8.592633484566997e-40,0,,170,100
1136,6717,7517,7.153579571324732e-51,0,,170,100
1137,6723,7523,2.3291941603582003e-50,0,,172,100
1138,6733,7533,3.328980955075172e-43,0,,171,100
1139,6736,7536,7.311245580785737e-66,0,,171,100
1140,6740,7540,2.7188632002348862e-80,0,,171,100
1141,6746,7546,3.3299691726214855e-42,0,,171,100
1142,6749,7549,2.992342000358796e-42,0,,171,100
1143,6766,7566,2.0875367096058416e-63,0,,173,100
1144,6770,7570,6.41513405322257e-44,0,,173,100
1145,6774,7574,2.7917572197944495e-66,0,,174,100
1146,6781,7581,5.651756865153285e-69,0,,175,100
1147,6785,7585,2.5882985720509406e-66,0,,175,100
1148,6793,7593,3.518252441179077e-60,0,,176,100
1149,6796,7596,7.1603503076023035e-59,0,,176,100
1150,6803,7603,1.0948378755778848e-35,0,,175,100
1151,6808,7608,4.4270358741270376e-64,0,,177,100
1152,6819,7619,1.9007092571104112e-30,0,,177,100
1153,6822,7622,4.5728323142190264e-33,0,,176,100
1154,6825,7625,7.146331271807167e-28,0,,175,100
1155,6831,7631,1.1919022331156579e-26,0,,176,100
1156,6839,7639,7.518214794585627e-27,0,,173,100
1157,6845,7645,1.1857481827376074e-34,0,,173,100
1158,6850,7650,1.344723475122946e-41,0,,173,100
1159,6856,7656,2.2137531517362274e-58,0,,173,100
1160,6862,7662,1.4603087280166016e-57,0,,174,100
1161,6867,7667,1.7616623348217243e-52,0,,173,100
1162,6874,7674,5.341868218652558e-70,0,,174,100
1163,6878,7678,9.432991948866076e-66,0,,173,100
1164,6884,7684,4.70920509937308e-63,0,,174,100
1165,6887,7687,3.644045318804209e-62,0,,174,100
1166,6903,7703,2.8259776448366577e-92,0,,175,100
1167,6907,7707,2.775820270970848e-74,0,,175,100
1168,6911,7711,4.275272099136566e-57,0,,175,100
1169,6919,7719,1.6209797067526778e-74,0,,175,100
1170,6926,7726,3.4895355788003044e-91,0,,173,100
1171,6933,7733,7.095362283546131e-73,0,,174,100
1172,6936,7736,1.4822700883291918e-90,0,,175,100
1173,6943,7743,3.0350333893053953e-63,0,,173,100
1174,6945,7745,5.03245097410548e-65,0,,173,100
1175,6950,7750,1.84082371232043e-63,0,,171,100
1176,6953,7753,9.578032513240606e-72,0,,172,100
1177,6963,7763,2.915621102079245e-36,0,,173,100
1178,6966,7766,2.518067632850241e-75,0,,173,100
1179,6970,7770,7.45167081321821e-62,0,,174,100
1180,6980,7780,4.371376384688648e-60,0,,176,100
1181,6983,7783,5.352119331339439e-58,0,,176,100
1182,6987,7787,1.5330022359287878e-55,0,,175,100
1183,6994,7794,1.0070251272247118e-45,0,,176,100
1184,7002,7802,6.295238874349594e-49,0,,175,100
1185,7005,7805,5.04448589248602e-47,0,,175,100
1186,7008,7808,9.019119884278799e-45,0,,175,100
1187,7016,7816,4.741339878274271e-41,0,,174,100
1188,7019,7819,7.395134115086657e-61,0,,174,100
1189,7025,7825,1.92119857960738e-48,0,,175,100
1190,7030,7830,2.278139324463723e-53,0,,175,100
1191,7034,7834,2.037765858693975e-37,0,,174,100
1192,7038,7838,1.8050979371308906e-51,0,,174,100
1193,7041,7841,7.347875570579937e-50,0,,174,100
1194,7045,7845,2.7855264235297806e-42,0,,174,100
1195,7048,7848,2.728398204268756e-46,0,,175,100
1196,7054,7854,2.3062661893024266e-29,0,,175,100
1197,7061,7861,5.228144475842955e-42,0,,176,100
1198,7065,7865,1.0163508263433019e-47,0,,176,100
1199,7070,7870,4.798605156742432e-58,0,,176,100
1200,7074,7874,2.466976524226421e-76,0,,176,100
1201,7085,7885,1.9940178990497545e-119,0,,177,100
1202,7088,7888,2.0100306921236977e-56,0,,177,100
1203,7093,7893,1.178541685794263e-56,0,,177,100
1204,7099,7899,1.7949629799240775e-65,0,,177,100
1205,7102,7902,3.283593727472839e-90,0,,177,100
1206,7108,7908,1.386968128272065e-75,0,,176,100
1207,7111,7911,1.5744849919226082e-57,0,,176,100
1208,7117,7917,9.501402277566315e-90,0,,176,100
1209,7122,7922,5.787133618852075e-89,0,,177,100
1210,7134,7934,4.963384181671448e-41,0,,176,100
1211,7138,7938,2.190690522569314e-51,0,,176,100
1212,7144,7944,3.967859445105898e-40,0,,177,100
1213,7150,7950,3.856931886276239e-40,0,,178,100
1214,7154,7954,2.1846977759099472e-36,0,,178,100
1215,7165,7965,1.0643011867135732e-32,0,,178,100
1216,7168,7968,5.3541446058457764e-49,0,,178,100
1217,7174,7974,2.6922667007046237e-38,0,,178,100
1218,7177,7977,1.8519617297281404e-50,0,,178,100
1219,7183,7983,2.303693370606419e-33,0,,179,100
1220,7192,7992,1.873035105380101e-32,0,,181,100
1221,7196,7996,4.972601527264969e-33,0,,181,100
1222,7204,8004,5.353339067355309e-24,0,,182,100
1223,7207,8007,2.7484706636474546e-24,0,,183,100
1224,7218,8018,3.1762568067768863e-25,0,,183,100
1225,7222,8022,1.7763204116595194e-27,0,,182,100
1226,7225,8025,3.80511939307598e-26,0,,182,100
1227,7231,8031,4.7094502757678887e-32,0,,182,100
1228,7236,8036,1.7298468280445523e-37,0,,182,100
1229,7252,8052,2.7123702033714864e-50,0,,182,100
1230,7256,8056,4.337629553674946e-58,0,,182,100
1231,7263,8063,5.07119103019837e-44,0,,182,100
1232,7266,8066,3.518688162371418e-26,0,,181,100
1233,7271,8071,4.8859518786952375e-40,0,,182,100
1234,7277,8077,2.958889459674413e-38,0,,182,100
1235,7283,8083,5.859550087041573e-30,0,,181,100
1236,7289,8089,3.8801773763267313e-26,0,,180,100
1237,7292,8092,4.581103603932809e-42,0,,180,100
1238,7297,8097,1.3257557706338995e-67,0,,181,100
1239,7301,8101,7.541404307277025e-43,0,,180,100
1240,7307,8107,8.715500006754075e-84,0,,179,100
1241,7310,8110,9.371760572143347e-91,0,,178,100
1242,7316,8116,5.080337115076315e-89,0,,180,100
1243,7319,8119,9.680681969216121e-88,0,,179,100
1244,7325,8125,2.779815199038543e-67,0,,178,100
1245,7334,8134,1.2937206116538569e-33,0,,179,100
1246,7339,8139,4.806745477405527e-44,0,,179,100
1247,7343,8143,1.2555555104530365e-54,0,,180,100
1248,7355,8155,1.6332122260003075e-71,0,,180,100
1249,7358,8158,3.232301149135322e-68,0,,179,100
1250,7362,8162,3.084542966407441e-64,0,,178,100
1251,7368,8168,1.9371566662622245e-51,0,,179,100
1252,7375,8175,4.802553860429596e-39,0,,178,100
1253,7378,8178,1.0355978838375836e-37,0,,177,100
1254,7384,8184,2.0635309253776934e-52,0,,178,100
1255,7387,8187,7.667889406121152e-64,0,,177,100
1256,7393,8193,6.20755241695864e-65,0,,178,100
1257,7402,8202,4.306685698427138e-42,0,,178,100
1258,7405,8205,6.781718630673273e-44,0,,179,100
1259,7419,8219,4.198966104947373e-81,0,,178,100
1260,7423,8223,3.446171633603772e-51,0,,178,100
1261,7426,8226,2.0512378970459284e-64,0,,177,100
1262,7435,8235,9.163851110998138e-69,0,,178,100
1263,7438,8238,1.592584610929279e-107,0,,178,100
1264,7442,8242,2.0705197476912421e-109,0,,179,100
1265,7449,8249,3.8141616006609863e-128,0,,178,100
1266,7452,8252,1.6255512620296617e-130,0,,177,100
1267,7457,8257,3.674168385909414e-60,0,,177,100
1268,7464,8264,1.0801981149167693e-72,0,,178,100
1269,7467,8267,1.2901730901401512e-51,0,,178,100
1270,7473,8273,1.5703296483213925e-55,0,,179,100
1271,7480,8280,4.355828834160395e-60,0,,179,100
1272,7482,8282,2.6178846552372292e-36,0,,178,100
1273,7487,8287,1.844692357884432e-49,0,,176,100
1274,7491,8291,3.0568043331268115e-47,0,,176,100
1275,7494,8294,5.8012535915409e-41,0,,177,100
1276,7498,8298,6.87124319425762e-47,0,,176,100
1277,7503,8303,1.491762916824822e-34,0,,177,100
1278,7509,8309,1.925898988315717e-48,0,,177,100
1279,7513,8313,7.39762653175373e-45,0,,178,100
1280,7519,8319,6.392054663293034e-31,0,,178,100
1281,7522,8322,1.0906779456204505e-61,0,,178,100
1282,7527,8327,9.55201201222978e-64,0,,178,100
1283,7534,8334,1.8041862683258972e-56,0,,178,100
1284,7540,8340,7.676455294387814e-48,0,,178,100
1285,7543,8343,2.8249989611841345e-49,0,,179,100
1286,7554,8354,3.7674554768772157e-47,0,,179,100
1287,7557,8357,9.149364318528431e-45,0,,179,100
1288,7562,8362,2.2695396921015754e-37,0,,177,100
1289,7566,8366,8.769486561435593e-41,0,,175,100
1290,7572,8372,3.6020583643956934e-51,0,,174,100
1291,7576,8376,4.712709887112742e-47,0,,174,100
1292,7580,8380,3.99038199415699e-44,0,,173,100
1293,7586,8386,2.4829961623224885e-45,0,,174,100
1294,7589,8389,4.282237092951759e-50,0,,174,100
1295,7593,8393,3.8444273351167213e-50,0,,174,100
1296,7601,8401,1.2694890549830177e-43,0,,174,100
1297,7608,8408,5.996646403625891e-55,0,,173,100
1298,7612,8412,5.890861717306245e-72,0,,172,100
1299,7616,8416,1.1377585097685575e-48,0,,172,100
1300,7624,8424,5.088312277718515e-56,0,,172,100
1301,7628,8428,2.1721875188959785e-75,0,,172,100
1302,7633,8433,3.809253985924408e-58,0,,172,100
1303,7639,8439,3.0608575993091185e-57,0,,173,100
1304,7642,8442,6.3142663360971244e-58,0,,174,100
1305,7650,8450,4.3461792630548966e-67,0,,175,100
1306,7653,8453,3.846226774996648e-66,0,,177,100
1307,7657,8457,3.3866357256507496e-41,0,,178,100
1308,7665,8465,4.466818097226335e-50,0,,179,100
1309,7668,8468,9.284912764556314e-52,0,,178,100
1310,7673,8473,1.1318136862350702e-55,0,,178,100
1311,7679,8479,9.641776376059801e-54,0,,179,100
1312,7693,8493,2.4574014288439735e-26,0,,179,100
1313,7696,8496,6.204302740627084e-24,0,,179,100
1314,7700,8500,6.277413454289159e-29,0,,178,100
1315,7705,8505,4.135868087043608e-37,0,,178,100
1316,7711,8511,8.811300401255667e-29,0,,179,100
1317,7715,8515,2.2327265353206107e-21,0,,179,100
1318,7718,8518,3.70744192643916e-24,0,,180,100
1319,7727,8527,1.636689377078423e-46,0,,181,100
1320,7730,8530,6.0395500502211e-66,0,,181,100
1321,7734,8534,2.9788665942329522e-46,0,,181,100
1322,7744,8544,3.9231821759462304e-82,0,,183,100
1323,7751,8551,5.95127783065402e-48,0,,184,100
1324,7755,8555,6.86101931520902e-79,0,,184,100
1325,7760,8560,7.099792264656714e-72,0,,184,100
1326,7769,8569,2.640898191555903e-46,0,,182,100
1327,7779,8579,1.4661710695449563e-57,0,,181,100
1328,7785,8585,3.020701769852826e-66,0,,181,100
1329,7788,8588,9.336206296883448e-68,0,,181,100
1330,7794,8594,3.353225270908326e-69,0,,180,100
1331,7799,8599,3.2535574983180686e-75,0,,180,100
1332,7804,8604,5.2469766383659005e-77,0,,181,100
1333,7814,8614,2.7631940084231326e-67,0,,181,100
1334,7817,8617,1.2265002454723516e-68,0,,180,100
1335,7822,8622,4.110987442229503e-135,0,,179,100
1336,7826,8626,2.761170630329661e-85,0,,179,100
1337,7831,8631,1.2491771457661949e-87,0,,178,100
1338,7837,8637,3.7636168868801916e-123,0,,180,100
1339,7840,8640,4.06138924639036e-93,0,,179,100
1340,7842,8642,2.0849379325950764e-139,0,,179,100
1341,7847,8647,1.3046777162594608e-77,0,,177,100
1342,7850,8650,1.6652693448015131e-80,0,,178,100
1343,7855,8655,4.6304400250124575e-99,0,,178,100
1344,7862,8662,1.0846683048262139e-83,0,,179,100
1345,7865,8665,3.0918868374749547e-88,0,,179,100
1346,7868,8668,4.1853593824897416e-92,0,,178,100
1347,7871,8671,8.120746063187627e-92,0,,178,100
1348,7875,8675,3.9552740584516307e-66,0,,178,100
1349,7882,8682,3.3865789874673946e-57,0,,179,100
1350,7886,8686,4.62130140507962e-46,0,,177,100
1351,7893,8693,1.6924726552461104e-45,0,,176,100
1352,7897,8697,6.987330844709423e-44,0,,176,100
1353,7906,8706,3.1866966602510196e-43,0,,177,100
1354,7909,8709,2.3477266889583122e-36,0,,176,100
1355,7915,8715,5.413657057096781e-44,0,,176,100
1356,7927,8727,1.3949398606743027e-36,0,,179,100
1357,7935,8735,3.479961436205923e-39,0,,178,100
1358,7939,8739,2.3513498536833328e-42,0,,178,100
1359,7947,8747,3.7661154823514194e-46,0,,178,100
1360,7950,8750,1.994903857410439e-52,0,,178,100
1361,7956,8756,5.24879688798511e-76,0,,178,100
1362,7961,8761,1.1921635172660699e-65,0,,178,100
1363,7964,8764,3.952976103570046e-82,0,,177,100
1364,7970,8770,1.1479690263970827e-74,0,,179,100
1365,7974,8774,2.367828801312189e-124,0,,180,100
1366,7977,8777,8.440113587376247e-70,0,,180,100
1367,7979,8779,5.125427396688904e-82,0,,179,100
1368,7985,8785,3.860966814274574e-85,0,,175,100
1369,7991,8791,2.4565173478642155e-80,0,,175,100
1370,7998,8798,7.014837945264167e-93,0,,174,100
1371,8010,8810,7.098635435069635e-94,0,,173,100
1372,8013,8813,5.3544569140509005e-64,0,,174,100
1373,8018,8818,1.1162746401453818e-108,0,,174,100
1374,8021,8821,1.9906450450635637e-121,0,,174,100
1375,8027,8827,1.2950501769657592e-115,0,,174,100
1376,8031,8831,4.354095577280916e-110,0,,174,100
1377,8043,8843,2.8017024977277356e-133,0,,174,100
1378,8046,8846,2.9724890990800912e-154,0,,173,100
1379,8050,8850,1.1669211971698139e-154,0,,173,100
1380,8057,8857,4.642951457119328e-128,0,,174,100
1381,8061,8861,1.0912087602258453e-130,0,,173,100
1382,8067,8867,1.0412845715081004e-90,0,,173,100
1383,8070,8870,3.641224933429274e-90,0,,175,100
1384,8086,8886,6.74154014936638e-91,0,,178,100
1385,8090,8890,7.866177325901458e-65,0,,178,100
1386,8093,8893,3.701272594978897e-68,0,,178,100
1387,8103,8903,1.3471486806790028e-72,0,,178,100
1388,8111,8911,3.558838613692774e-59,0,,177,100
1389,8114,8914,2.2481217060996352e-57,0,,177,100
1390,8116,8916,6.600614674762249e-45,0,,177,100
1391,8125,8925,4.060512422900002e-48,0,,178,100
1392,8128,8928,1.9875578377978605e-57,0,,178,100
1393,8141,8941,2.55778319189416e-47,0,,176,100
1394,8147,8947,1.0693641002765026e-42,0,,176,100
1395,8150,8950,2.7531100665501087e-52,0,,178,100
1396,8160,8960,4.29894826474401e-45,0,,177,100
1397,8163,8963,5.494769133372087e-66,0,,176,100
1398,8167,8967,1.4527046761020878e-47,0,,176,100
1399,8177,8977,3.7877536645094037e-62,0,,177,100
1400,8180,8980,1.3696626135480773e-60,0,,176,100
1401,8184,8984,2.6661272974510267e-50,0,,176,100
1402,8191,8991,2.786850098491092e-56,0,,176,100
1403,8199,8999,2.071109936009007e-47,0,,177,100
1404,8203,9003,7.386978118717283e-52,0,,178,100
1405,8210,9010,1.5158986647996635e-51,0,,178,100
1406,8214,9014,6.970930467631721e-49,0,,179,100
1407,8219,9019,1.017924349061248e-52,0,,178,100
1408,8225,9025,1.2783170138531107e-48,0,,178,100
1409,8230,9030,3.057817120862602e-37,0,,178,100
1410,8238,9038,1.8897118605244676e-36,0,,177,100
1411,8244,9044,5.509973735044421e-35,0,,178,100
1412,8247,9047,5.345516138769931e-28,0,,178,100
1413,8256,9056,2.0711700002648046e-35,0,,178,100
1414,8259,9059,5.5758066292483614e-33,0,,178,100
1415,8264,9064,7.881521573319283e-23,0,,178,100
1416,8267,9067,5.966231680571003e-26,0,,178,100
1417,8273,9073,2.3988072736646907e-21,0,,178,100
1418,8285,9085,1.3567301841393754e-28,0,,178,100
1419,8288,9088,1.9410477813468622e-26,0,,178,100
1420,8293,9093,2.247593750260257e-27,0,,176,100
1421,8299,9099,5.453612053062147e-23,0,,178,100
1422,8302,9102,1.1945891569642447e-21,0,,178,100
1423,8311,9111,5.071416450901408e-33,0,,179,100
1424,8314,9114,4.682450330791316e-34,0,,179,100
1425,8318,9118,2.3917585173637213e-36,0,,180,100
1426,8325,9125,3.2068214552661787e-35,0,,179,100
1427,8328,9128,1.5635543703252644e-29,0,,178,100
1428,8332,9132,1.3818579090862605e-28,0,,178,100
1429,8339,9139,1.0302517050444634e-84,0,,178,100
1430,8343,9143,3.86594230944439e-83,0,,179,100
1431,8349,9149,1.826031422083952e-89,0,,179,100
1432,8352,9152,7.730192064391557e-92,0,,178,100
1433,8369,9169,1.9849812501198644e-104,0,,180,100
1434,8379,9179,3.2636775544136836e-82,0,,179,100
1435,8382,9182,9.629287254534949e-67,0,,179,100
1436,8386,9186,7.969027457854917e-135,0,,178,100
1437,8392,9192,9.095240653808326e-137,0,,178,100
1438,8396,9196,3.839886424253533e-139,0,,179,100
1439,8408,9208,4.679241355457545e-157,0,,180,100
1440,8419,9219,1.121327991178631e-154,0,,183,100
1441,8422,9222,1.5374004739929979e-87,0,,183,100
1442,8426,9226,6.26509211656406e-76,0,,182,100
1443,8431,9231,3.486380153161264e-108,0,,182,100
1444,8434,9234,5.2500252497594404e-27,0,,181,100
1445,8436,9236,8.16540396841093e-11,0,,180,100
1446,8443,9243,7.779291579618991e-11,0,,178,100
1447,8451,9251,3.220997071660457e-10,0,,178,100
1448,8454,9254,1.733129756099581e-08,0,,175,100
1449,8458,9258,7.959216325170239e-10,0,,177,100
1450,8467,9267,2.5189929883369954e-15,0,,178,100
1451,8473,9273,2.2527790040667494e-13,0,,178,100
1452,8478,9278,3.9538834427156584e-14,0,,178,100
1453,8484,9284,0.0014155848619726641,1,,178,100
1454,8487,9287,3.058599769954139e-08,0,,178,100
1455,8491,9291,1.725626901577129e-05,0,,177,100
1456,8495,9295,1.2260376308233697e-07,0,,177,100
1457,8503,9303,8.170230445803884e-09,0,,178,100
1458,8510,9310,3.3218254092949406e-14,0,,178,100
1459,8518,9318,4.183086991686732e-06,0,,178,100
1460,8526,9326,4.133025496671237e-16,0,,175,100
1461,8530,9330,2.091746834798902e-18,0,,175,100
1462,8539,9339,2.9992254635260086e-12,0,,173,100
1463,8542,9342,9.411010207906704e-18,0,,173,100
1464,8546,9346,3.960110755891563e-18,0,,173,100
1465,8550,9350,1.9374905339318012e-15,0,,172,100
1466,8556,9356,1.3393106408143206e-19,0,,171,100
1467,8560,9360,9.754623618389125e-17,0,,171,100
1468,8568,9368,4.994361765394765e-26,0,,172,100
1469,8572,9372,4.397395489465574e-135,0,,173,100
1470,8576,9376,6.823507436785835e-204,0,,170,100
1471,8583,9383,6.729139954084517e-164,0,,172,100
1472,8591,9391,7.045782672062205e-128,0,,171,100
1473,8595,9395,1.073010723284276e-117,0,,171,100
1474,8603,9403,3.0754042060939874e-117,0,,172,100
1475,8611,9411,1.6550921745137405e-116,0,,171,100
1476,8614,9414,8.990781437720448e-150,0,,171,100
1477,8618,9418,5.775354781256192e-85,0,,171,100
1478,8625,9425,6.603039035953102e-105,0,,171,100
1479,8633,9433,1.2146259318116894e-74,0,,174,100
1480,8637,9437,3.5313564908661533e-82,0,,173,100
1481,8641,9441,3.8924422437463864e-86,0,,173,100
1482,8649,9449,3.458238912240793e-58,0,,172,100
1483,8657,9457,4.24695698857327e-49,0,,171,100
1484,8661,9461,9.570266444426162e-36,0,,171,100
1485,8669,9469,4.38093025204938e-19,0,,170,100
1486,8675,9475,1.6232908432925412e-18,0,,171,100
1487,8678,9478,3.755668832747946e-18,0,,170,100
1488,8686,9486,6.963202376962965e-21,0,,173,100
1489,8697,9497,4.549863734394554e-27,0,,174,100
1490,8701,9501,3.2447863110657214e-28,0,,174,100
1491,8708,9508,2.417550653262286e-19,0,,174,100
1492,8717,9517,7.337022828128925e-30,0,,172,100
1493,8720,9520,9.66406272053843e-34,0,,173,100
1494,8727,9527,4.400764266116963e-24,0,,173,100
1495,8733,9533,4.624877152496552e-22,0,,173,100
1496,8736,9536,2.4816164072860025e-31,0,,173,100
1497,8740,9540,5.316090738749257e-16,0,,172,100
1498,8747,9547,2.02376559841139e-28,0,,173,100
1499,8750,9550,6.382995011904957e-22,0,,172,100
1500,8754,9554,1.446430003559778e-24,0,,172,100
1501,8761,9561,4.431884012580551e-38,0,,174,100
1502,8770,9570,6.610136122278433e-14,0,,172,100
1503,8773,9573,2.699959571717576e-19,0,,173,100
1504,8782,9582,6.32796402879121e-13,0,,172,100
1505,8791,9591,1.4808619935541781e-31,0,,173,100
1506,8796,9596,2.715301175127407e-28,0,,172,100
1507,8804,9604,1.7016093173346517e-29,0,,177,100
1508,8813,9613,1.2865598274901176e-104,0,,175,100
1509,8817,9617,9.921350121605561e-113,0,,176,100
1510,8823,9623,1.273449116303424e-91,0,,176,100
1511,8827,9627,1.5110592843465622e-86,0,,175,100
1512,8835,9635,4.07491976345035e-94,0,,176,100
1513,8843,9643,2.037657116670361e-60,0,,177,100
1514,8847,9647,8.312031839214588e-58,0,,177,100
1515,8852,9652,8.988214759528297e-56,0,,178,100
1516,8856,9656,6.151501683490652e-51,0,,178,100
1517,8863,9663,7.637914679513598e-45,0,,179,100
1518,8872,9672,4.78554056846063e-44,0,,175,100
1519,8875,9675,1.0027095347663887e-45,0,,174,100
1520,8885,9685,1.883608594485477e-61,0,,175,100
1521,8888,9688,1.306320505254174e-57,0,,175,100
1522,8896,9696,1.5144016348754227e-53,0,,176,100
1523,8901,9701,1.0800025246245679e-93,0,,176,100
1524,8904,9704,1.490608069486562e-76,0,,176,100
1525,8920,9720,1.561920188969612e-37,0,,178,100
1526,8924,9724,5.732537128400271e-41,0,,178,100
1527,8932,9732,6.239816027369679e-43,0,,179,100
1528,8937,9737,6.766619907338971e-35,0,,180,100
1529,8940,9740,2.954548667889966e-27,0,,179,100
1530,8944,9744,8.20263984315616e-22,0,,180,100
1531,8952,9752,4.757442444071194e-23,0,,179,100
1532,8955,9755,1.592585137908478e-15,0,,179,100
1533,8968,9768,5.546291149587079e-26,0,,180,100
1534,8979,9779,7.58290866441345e-15,0,,181,100
1535,8983,9783,1.3001535271212918e-10,0,,181,100
1536,8990,9790,1.722944811698196e-12,0,,181,100
1537,8999,9799,9.511091293929978e-09,0,,179,100
1538,9002,9802,2.451731812267653e-18,0,,179,100
1539,9007,9807,1.234056912304497e-17,0,,179,100
1540,9014,9814,2.746458674183264e-19,0,,179,100
1541,9023,9823,1.5559860219968895e-16,0,,181,100
1542,9027,9827,2.135426308489049e-16,0,,182,100
1543,9033,9833,6.234855572627857e-20,0,,182,100
1544,9042,9842,7.856005682499833e-15,0,,181,100
1545,9046,9846,7.199610884332219e-47,0,,180,100
1546,9049,9849,2.54798075984632e-36,0,,181,100
1547,9057,9857,3.4618673255893844e-42,0,,184,100
1548,9063,9863,5.255355489061421e-108,0,,183,100
1549,9067,9867,7.360280446328117e-30,0,,184,100
1550,9071,9871,1.0139425297716541e-33,0,,183,100
1551,9075,9875,1.0104792647042681e-26,0,,183,100
1552,9084,9884,1.2724870970060398e-23,0,,183,100
1553,9087,9887,1.6350426019048387e-26,0,,182,100
1554,9095,9895,3.475136528445081e-23,0,,182,100
1555,9099,9899,2.1646003272936308e-24,0,,183,100
1556,9110,9910,3.6825895323772295e-41,0,,179,100
1557,9113,9913,2.4966593899492587e-47,0,,179,100
1558,9121,9921,7.865411783332164e-48,0,,180,100
1559,9125,9925,5.1416280781292135e-51,0,,179,100
1560,9129,9929,1.9287104493207666e-55,0,,179,100
1561,9140,9940,1.5214589343656314e-50,0,,182,100
1562,9143,9943,1.9658590871357358e-51,0,,183,100
1563,9158,9958,1.0148555544295321e-34,0,,182,100
1564,9162,9962,3.198931982831316e-35,0,,182,100
1565,9173,9973,8.289898221054961e-29,0,,182,100
1566,9177,9977,7.514735628278127e-25,0,,183,100
1567,9185,9985,5.482613618038244e-22,0,,183,100
1568,9190,9990,2.948337440945607e-25,0,,183,100
1569,9193,9993,8.194880107804154e-26,0,,183,100
1570,9197,9997,1.5992394937097284e-19,0,,183,100
1571,9204,10004,5.771325861922708e-18,0,,184,100
1572,9213,10013,4.3951077483634744e-13,0,,182,100
1573,9216,10016,1.4312816204073759e-16,0,,182,100
1574,9226,10026,5.660414847735272e-36,0,,182,100
1575,9231,10031,4.44275372687451e-37,0,,182,100
1576,9239,10039,1.803180558202871e-30,0,,183,100
1577,9243,10043,1.810438618974214e-29,0,,184,100
1578,9248,10048,4.2048342908161995e-32,0,,185,100
1579,9256,10056,1.1154780149565534e-30,0,,185,100
1580,9259,10059,6.511022459644076e-38,0,,186,100
1581,9267,10067,1.9491285615067948e-30,0,,185,100
1582,9271,10071,1.1162530068295616e-151,0,,185,100
1583,9280,10080,4.508782364639532e-126,0,,184,100
1584,9283,10083,1.2912656111542821e-149,0,,185,100
1585,9291,10091,2.2785986124732455e-138,0,,187,100
1586,9295,10095,9.090516104769452e-155,0,,188,100
1587,9302,10102,3.966342285798468e-146,0,,187,100
1588,9308,10108,1.3718473349537206e-101,0,,187,100
1589,9311,10111,5.0964803404575935e-104,0,,187,100
1590,9320,10120,8.26355057869774e-57,0,,188,100
1591,9324,10124,2.026250842306058e-51,0,,188,100
1592,9332,10132,1.0733455010276094e-56,0,,189,100
1593,9338,10138,9.428603725156564e-60,0,,188,100
1594,9341,10141,1.6513667425003394e-45,0,,188,100
1595,9349,10149,1.3462386155250742e-61,0,,189,100
1596,9353,10153,2.4757121198766107e-58,0,,189,100
1597,9363,10163,1.153136841224849e-58,0,,189,100
1598,9367,10167,1.3832808454736314e-50,0,,190,100
1599,9377,10177,4.647437805160025e-42,0,,190,100
1600,9383,10183,3.52475116003302e-42,0,,191,100
1601,9386,10186,1.1638450632166788e-44,0,,190,100
1602,9392,10192,3.1543519508740036e-46,0,,191,100
1603,9403,10203,3.860021405868089e-37,0,,193,100
1604,9412,10212,2.5848562234888397e-30,0,,191,100
1605,9416,10216,6.575581087662377e-33,0,,191,100
1606,9430,10230,3.635303054244428e-23,0,,190,100
1607,9433,10233,1.9096193576713633e-25,0,,190,100
1608,9444,10244,1.5340931153458197e-17,0,,190,100
1609,9454,10254,9.810998046675617e-27,0,,190,100
1610,9463,10263,7.906732881148582e-25,0,,189,100
1611,9466,10266,1.2043660700672718e-21,0,,187,100
1612,9470,10270,4.3821167757211554e-24,0,,189,100
1613,9478,10278,3.27847679413681e-29,0,,189,100
1614,9486,10286,1.2800904187223896e-25,0,,186,100
1615,9489,10289,5.814031131058636e-32,0,,186,100
1616,9496,10296,2.294782724413712e-38,0,,186,100
1617,9500,10300,9.256768274005316e-38,0,,187,100
1618,9507,10307,2.4820088061637967e-41,0,,187,100
1619,9516,10316,1.416846435776769e-188,0,,185,100
1620,9520,10320,1.177441115561668e-194,0,,185,100
1621,9529,10329,2.1128357324700822e-168,0,,184,100
1622,9539,10339,3.539938952860583e-139,0,,185,100
1623,9542,10342,2.458173640052869e-110,0,,184,100
1624,9546,10346,1.756455861610923e-203,0,,184,100
1625,9551,10351,9.80254813706925e-209,0,,185,100
1626,9557,10357,9.672059094938884e-81,0,,182,100
1627,9561,10361,1.0816494210573523e-80,0,,182,100
1628,9570,10370,3.1963361550054446e-34,0,,181,100
1629,9578,10378,9.746272548590473e-41,0,,182,100
1630,9582,10382,1.500447358924899e-35,0,,184,100
1631,9586,10386,1.629491305228261e-28,0,,184,100
1632,9589,10389,2.5334227940376994e-28,0,,184,100
1633,9599,10399,1.8837739141288206e-22,0,,180,100
1634,9602,10402,8.758983929469367e-33,0,,179,100
1635,9610,10410,1.8120356065169503e-26,0,,179,100
1636,9615,10415,1.109042155930618e-22,0,,177,100
1637,9621,10421,2.567265783763199e-29,0,,178,100
1638,9629,10429,6.337523405440815e-31,0,,179,100
1639,9632,10432,1.0208036614423669e-29,0,,178,100
1640,9639,10439,8.93296097965485e-21,0,,177,100
1641,9643,10443,4.179544151907527e-17,0,,177,100
1642,9653,10453,2.692438048063719e-22,0,,175,100
1643,9657,10457,9.618612452829113e-17,0,,174,100
1644,9662,10462,1.9274927679174307e-12,0,,175,100
1645,9668,10468,3.0525837739240864e-19,0,,175,100
1646,9679,10479,3.338269954588655e-20,0,,175,100
1647,9688,10488,1.9679029116876496e-17,0,,174,100
1648,9691,10491,2.945683130747412e-21,0,,175,100
1649,9696,10496,6.415837384754534e-14,0,,175,100
1650,9700,10500,1.1769925154354469e-13,0,,176,100
1651,9708,10508,7.252012523071934e-83,0,,174,100
1652,9711,10511,6.050948080916009e-91,0,,174,100
1653,9717,10517,7.158549517645355e-41,0,,175,100
1654,9721,10521,7.17799519691456e-38,0,,174,100
1655,9729,10529,5.956895237112669e-30,0,,173,100
1656,9737,10537,1.268960363255089e-41,0,,173,100
1657,9741,10541,2.4104680065644847e-33,0,,173,100
1658,9744,10544,1.116581076717336e-53,0,,174,100
1659,9758,10558,5.623175803347813e-34,0,,173,100
1660,9761,10561,7.635273755446111e-38,0,,171,100
1661,9767,10567,1.0842078961339548e-28,0,,173,100
1662,9770,10570,2.623103198031525e-28,0,,172,100
1663,9775,10575,3.617523832878882e-22,0,,172,100
1664,9779,10579,3.022804035432914e-21,0,,172,100
1665,9785,10585,8.820323038195357e-20,0,,172,100
1666,9788,10588,5.824844491102803e-18,0,,171,100
1667,9792,10592,3.8311235344677766e-23,0,,170,100
1668,9794,10594,3.2799171518215056e-24,0,,171,100
1669,9801,10601,4.928200223779117e-12,0,,171,100
1670,9806,10606,2.767822311685979e-12,0,,170,100
1671,9811,10611,1.3830882600407895e-12,0,,170,100
1672,9815,10615,1.4814440186294882e-09,0,,171,100
1673,9823,10623,3.890891981653859e-14,0,,169,100
1674,9826,10626,1.0724475489208488e-20,0,,169,100
1675,9834,10634,4.0218852882984536e-20,0,,168,100
1676,9838,10638,5.189825465924809e-21,0,,169,100
1677,9847,10647,1.1534654408807342e-15,0,,168,100
1678,9849,10649,2.059921811260356e-13,0,,168,100
1679,9856,10656,4.793016177453706e-15,0,,165,100
1680,9859,10659,4.3196930050697516e-20,0,,165,100
1681,9864,10664,1.5761596586521116e-29,0,,164,100
1682,9870,10670,6.88291466668446e-26,0,,163,100
1683,9874,10674,2.4666849019624773e-40,0,,163,100
1684,9878,10678,1.4837664060264461e-34,0,,163,100
1685,9889,10689,4.494985130734323e-46,0,,164,100
1686,9893,10693,2.032440518976181e-44,0,,165,100
1687,9904,10704,1.7254296154101077e-38,0,,165,100
1688,9907,10707,6.32137446639005e-44,0,,164,100
1689,9911,10711,4.217529258180786e-51,0,,164,100
1690,9916,10716,7.407297113586557e-44,0,,164,100
1691,9920,10720,3.4371348823014296e-45,0,,165,100
1692,9926,10726,1.9504262687666833e-26,0,,166,100
1693,9935,10735,2.1776054739481452e-67,0,,162,100
1694,9938,10738,8.175959061985146e-33,0,,162,100
1695,9946,10746,5.704222918073822e-30,0,,163,100
1696,9950,10750,9.058845410497178e-30,0,,164,100
1697,9958,10758,1.795700840165824e-27,0,,165,100
1698,9964,10764,1.9865856548696634e-33,0,,165,100
1699,9968,10768,4.417985947824557e-34,0,,166,100
1700,9976,10776,1.1654589767572937e-28,0,,166,100
1701,9979,10779,1.3208190160509904e-20,0,,166,100
1702,9987,10787,1.3066245347404604e-29,0,,167,100
1703,9991,10791,1.522980954722419e-31,0,,168,100
1704,9996,10796,1.2038556681434996e-37,0,,169,100
1705,9999,10799,4.14720897951957e-37,0,,168,100
1706,10003,10803,1.2115308555617183e-29,0,,169,100
1707,10010,10810,4.121092348370789e-12,0,,170,100
1708,10019,10819,3.6682753797290682e-37,0,,170,100
1709,10033,10833,1.2123808452867896e-29,0,,169,100
1710,10037,10837,2.6479858354187754e-40,0,,171,100
1711,10043,10843,5.905704356166632e-54,0,,172,100
1712,10055,10855,1.2762736079620723e-31,0,,169,100
1713,10058,10858,2.683336164095999e-35,0,,169,100
1714,10066,10866,9.067485004583469e-53,0,,169,100
1715,10070,10870,1.1318262268038795e-52,0,,170,100
1716,10082,10882,8.620267060083842e-56,0,,167,100
1717,10090,10890,2.0032785204344835e-55,0,,167,100
1718,10094,10894,1.7809347057332495e-60,0,,168,100
1719,10108,10908,1.6988340637712684e-50,0,,166,100
1720,10112,10912,1.3795142672799752e-52,0,,167,100
1721,10121,10921,1.5069634199797806e-44,0,,163,100
1722,10125,10925,7.634954374711133e-51,0,,163,100
1723,10129,10929,6.898108228543716e-51,0,,165,100
1724,10139,10939,1.0609005757855962e-81,0,,163,100
1725,10144,10944,8.33374460140704e-55,0,,164,100
1726,10149,10949,1.5681931012833485e-49,0,,164,100
1727,10152,10952,7.190395663255057e-54,0,,164,100
1728,10157,10957,1.0478880868460475e-66,0,,163,100
1729,10160,10960,3.688092755528442e-49,0,,163,100
1730,10164,10964,8.782812753074836e-54,0,,162,100
1731,10167,10967,3.642577645357111e-50,0,,162,100
1732,10176,10976,5.235584974010895e-65,0,,163,100
1733,10179,10979,6.844786331403863e-73,0,,162,100
1734,10183,10983,7.200390775081706e-52,0,,162,100
1735,10191,10991,8.162491745861386e-113,0,,163,100
1736,10194,10994,1.967127005900547e-74,0,,161,100
1737,10198,10998,2.544444634437629e-77,0,,161,100
1738,10205,11005,3.808443435743612e-70,0,,161,100
1739,10213,11013,1.5400911934464696e-77,0,,160,100
1740,10223,11023,1.6395625138045247e-91,0,,161,100
1741,10226,11026,8.375680523735847e-70,0,,160,100
1742,10230,11030,4.336887653457262e-84,0,,159,100
1743,10237,11037,4.1721054025268103e-81,0,,162,100
1744,10251,11051,1.7416371021069845e-115,0,,163,100
1745,10255,11055,1.0984169309996302e-113,0,,162,100
1746,10267,11067,1.3731945747114645e-110,0,,162,100
1747,10270,11070,1.8726008544461717e-86,0,,161,100
1748,10274,11074,4.174960122956299e-85,0,,163,100
1749,10284,11084,2.400935060050666e-82,0,,164,100
1750,10288,11088,3.5548057651503476e-71,0,,166,100
1751,10292,11092,7.690031269128914e-54,0,,166,100
1752,10302,11102,2.0820077842742186e-47,0,,166,100
1753,10305,11105,2.690915995980847e-73,0,,166,100
1754,10314,11114,1.831322075904005e-50,0,,166,100
1755,10318,11118,3.792009620202904e-51,0,,168,100
1756,10326,11126,8.694692749248375e-49,0,,166,100
1757,10336,11136,7.1638744713484395e-43,0,,167,100
1758,10339,11139,6.152255386658322e-35,0,,167,100
1759,10343,11143,5.5053884829856436e-36,0,,168,100
1760,10354,11154,2.2383841345941678e-51,0,,169,100
1761,10365,11165,1.7920022771188903e-72,0,,169,100
1762,10368,11168,3.971666802707159e-69,0,,168,100
1763,10379,11179,8.654574097905515e-53,0,,166,100
1764,10382,11182,1.4244102665396374e-54,0,,167,100
1765,10391,11191,7.954444620566298e-67,0,,167,100
1766,10401,11201,4.344087400321121e-65,0,,169,100
1767,10413,11213,1.2656872002198009e-62,0,,169,100
1768,10416,11216,1.899103550357286e-96,0,,169,100
1769,10420,11220,3.3036790178528303e-91,0,,168,100
1770,10426,11226,1.8020077373916407e-92,0,,170,100
1771,10438,11238,3.553894596198675e-101,0,,169,100
1772,10443,11243,5.827471943493047e-73,0,,169,100
1773,10448,11248,1.586555717339113e-61,0,,169,100
1774,10457,11257,6.789844480019491e-62,0,,169,100
1775,10462,11262,1.3292243885444939e-70,0,,171,100
1776,10472,11272,6.3980298485854816e-93,0,,169,100
1777,10476,11276,2.6355126901040813e-99,0,,171,100
1778,10482,11282,4.5626011854121977e-91,0,,168,100
1779,10490,11290,1.8316636519876573e-110,0,,169,100
1780,10493,11293,6.601760728415225e-110,0,,168,100
1781,10498,11298,2.985622668868126e-74,0,,168,100
1782,10501,11301,9.531813438995629e-94,0,,168,100
1783,10509,11309,2.0492967718105583e-112,0,,168,100
1784,10512,11312,4.761369683830753e-118,0,,169,100
1785,10523,11323,5.171131937583806e-107,0,,169,100
1786,10531,11331,8.832860292902535e-59,0,,169,100
1787,10535,11335,1.1996832731073845e-55,0,,169,100
1788,10539,11339,4.303404913018453e-54,0,,169,100
1789,10550,11350,4.451595772101767e-60,0,,170,100
1790,10553,11353,6.652520290411313e-76,0,,170,100
1791,10563,11363,1.7255953121876144e-46,0,,170,100
1792,10570,11370,2.1975088889711092e-39,0,,169,100
1793,10574,11374,8.192675460340359e-49,0,,169,100
1794,10579,11379,4.518899458992741e-48,0,,169,100
1795,10582,11382,5.667439027708357e-44,0,,168,100
1796,10593,11393,1.0445889541807882e-45,0,,172,100
1797,10596,11396,5.315198363033433e-50,0,,171,100
1798,10600,11400,4.634497281580792e-62,0,,172,100
1799,10607,11407,2.6939805330791544e-68,0,,172,100
1800,10615,11415,1.7181530521611641e-105,0,,172,100
1801,10619,11419,1.1937460354457285e-61,0,,172,100
1802,10622,11422,1.120855711125571e-67,0,,173,100
1803,10631,11431,1.2791654496002776e-48,0,,174,100
1804,10636,11436,5.267657336469006e-60,0,,173,100
1805,10646,11446,1.0116009903182912e-49,0,,175,100
1806,10651,11451,8.91487252542785e-46,0,,174,100
1807,10655,11455,1.2258321163298815e-48,0,,175,100
1808,10662,11462,1.5124046449285273e-49,0,,177,100
1809,10672,11472,4.182114464661079e-35,0,,176,100
1810,10675,11475,4.196024276652395e-72,0,,175,100
1811,10679,11479,1.5614876798807402e-71,0,,176,100
1812,10687,11487,3.6395824428186576e-47,0,,177,100
1813,10690,11490,1.3507312669600436e-47,0,,176,100
1814,10694,11494,5.289409313523926e-60,0,,178,100
1815,10706,11506,1.2458950777082675e-52,0,,178,100
1816,10709,11509,2.2942212660548767e-41,0,,178,100
1817,10713,11513,1.3548658168407e-37,0,,177,100
1818,10719,11519,6.771636710995499e-38,0,,177,100
1819,10722,11522,1.2503547769925907e-33,0,,176,100
1820,10728,11528,3.3241594382413752e-34,0,,177,100
1821,10732,11532,1.400532857721004e-30,0,,176,100
1822,10737,11537,2.718320938577093e-30,0,,179,100
1823,10743,11543,1.3707907031067042e-28,0,,179,100
1824,10747,11547,5.126849793423632e-32,0,,179,100
1825,10751,11551,3.041921674358282e-75,0,,179,100
1826,10755,11555,9.057014116434409e-74,0,,179,100
1827,10764,11564,1.322426109005116e-62,0,,180,100
1828,10767,11567,1.6200478271706393e-65,0,,179,100
1829,10774,11574,3.4351716669169446e-68,0,,178,100
1830,10785,11585,4.115269248192241e-83,0,,177,100
1831,10795,11595,1.936582505411313e-61,0,,177,100
1832,10807,11607,3.1459498295770746e-66,0,,177,100
1833,10811,11611,7.936314944026495e-64,0,,177,100
1834,10817,11617,1.2054877473292652e-65,0,,178,100
1835,10825,11625,2.1405893481021883e-109,0,,178,100
1836,10841,11641,1.7749848365694e-27,0,,175,100
1837,10844,11644,7.720786035336785e-61,0,,175,100
1838,10849,11649,4.7353291046842465e-53,0,,175,100
1839,10853,11653,2.0630528421390387e-53,0,,175,100
1840,10858,11658,3.34334960234074e-46,0,,175,100
1841,10864,11664,6.379856643798798e-53,0,,175,100
1842,10870,11670,5.571954831902628e-55,0,,175,100
1843,10873,11673,1.0031848540019524e-54,0,,175,100
1844,10883,11683,1.4407461782248997e-54,0,,176,100
1845,10887,11687,7.483251261150382e-43,0,,176,100
1846,10894,11694,8.531331838902997e-41,0,,176,100
1847,10898,11698,4.0135770236194594e-41,0,,176,100
1848,10907,11707,7.592899761789963e-62,0,,176,100
1849,10912,11712,9.607081561008956e-67,0,,175,100
1850,10922,11722,1.829197659946071e-86,0,,175,100
1851,10926,11726,4.5874052750747344e-86,0,,177,100
1852,10936,11736,9.917998560706973e-45,0,,180,100
1853,10944,11744,2.5411343336423127e-45,0,,180,100
1854,10948,11748,1.3518908837685595e-54,0,,179,100
1855,10952,11752,4.358261855955386e-51,0,,179,100
1856,10958,11758,2.1147706467979147e-49,0,,181,100
1857,10965,11765,4.4147590097987276e-41,0,,181,100
1858,10972,11772,2.084019000130405e-78,0,,181,100
1859,10975,11775,1.4829353344840756e-67,0,,180,100
1860,10980,11780,2.596767866036167e-66,0,,181,100
1861,10993,11793,1.2037963885817357e-66,0,,181,100
1862,10996,11796,3.598137328773189e-62,0,,180,100
1863,11000,11800,2.1993385908450282e-55,0,,181,100
1864,11011,11811,8.761482904407568e-64,0,,184,100
1865,11014,11814,3.8510731878066826e-89,0,,182,100
1866,11018,11818,1.904770439154527e-72,0,,182,100
1867,11025,11825,7.789942293710306e-70,0,,183,100
1868,11033,11833,1.3435145582950306e-178,0,,183,100
1869,11036,11836,1.3613550201770444e-148,0,,182,100
1870,11039,11839,1.7978849188440806e-114,0,,182,100
1871,11043,11843,3.25082483997189e-137,0,,182,100
1872,11054,11854,4.729520575894688e-115,0,,182,100
1873,11057,11857,5.9538022879630285e-114,0,,183,100
1874,11065,11865,1.8035490177225567e-128,0,,183,100
1875,11075,11875,1.4560614044948658e-78,0,,180,100
1876,11083,11883,2.3016663247050115e-47,0,,179,100
1877,11086,11886,4.7601008268998933e-82,0,,177,100
1878,11090,11890,1.5072666243305377e-93,0,,177,100
1879,11100,11900,1.9765462890270066e-103,0,,178,100
1880,11103,11903,2.9276393864405764e-96,0,,178,100
1881,11115,11915,9.017674880452385e-77,0,,179,100
1882,11118,11918,4.8282818866470186e-86,0,,177,100
1883,11123,11923,1.750207422175837e-79,0,,179,100
1884,11131,11931,9.221194559858891e-64,0,,179,100
1885,11134,11934,1.205107637140637e-56,0,,179,100
1886,11138,11938,5.087698028577892e-47,0,,180,100
1887,11141,11941,2.197272091886882e-96,0,,179,100
1888,11145,11945,7.783752913798481e-95,0,,179,100
1889,11152,11952,3.0339146097231876e-104,0,,181,100
1890,11156,11956,3.7653221161643137e-81,0,,181,100
1891,11165,11965,9.030348008193499e-77,0,,182,100
1892,11171,11971,2.6819704978919105e-62,0,,184,100
1893,11177,11977,4.307707020585689e-56,0,,184,100
1894,11184,11984,4.074789209221322e-64,0,,184,100
1895,11187,11987,1.0012888921503822e-64,0,,184,100
1896,11194,11994,3.672642682279888e-63,0,,183,100
1897,11200,12000,2.4721733859801855e-60,0,,185,100
1898,11204,12004,3.6912981190558465e-63,0,,185,100
1899,11207,12007,6.803476223539537e-63,0,,186,100
1900,11218,12018,5.561076350995953e-57,0,,186,100
1901,11221,12021,3.2501284566282573e-50,0,,185,100
1902,11225,12025,1.1725152957240533e-83,0,,187,100
1903,11234,12034,1.8275230219464722e-41,0,,188,100
1904,11240,12040,1.2994266475715169e-50,0,,188,100
1905,11243,12043,3.3351221024526477e-50,0,,188,100
1906,11247,12047,1.9994345081563865e-61,0,,188,100
1907,11252,12052,9.169146470254937e-68,0,,188,100
1908,11256,12056,1.0543520990837424e-71,0,,189,100
1909,11265,12065,1.2118150304909131e-89,0,,188,100
1910,11271,12071,8.906000688014088e-90,0,,190,100
1911,11279,12079,1.0405051199082333e-77,0,,190,100
1912,11283,12083,2.2617254393887013e-70,0,,190,100
1913,11290,12090,2.713992158658547e-60,0,,189,100
1914,11294,12094,1.3605338951317064e-63,0,,189,100
1915,11296,12096,3.3292816348890876e-57,0,,187,100
1916,11300,12100,1.3962246419522774e-58,0,,187,100
1917,11303,12103,4.8209183763485314e-60,0,,188,100
1918,11308,12108,2.0342126610587365e-49,0,,187,100
1919,11312,12112,1.6213484980407246e-52,0,,187,100
1920,11315,12115,1.2730950282876645e-52,0,,188,100
1921,11323,12123,3.3853637365392877e-57,0,,189,100
1922,11326,12126,2.825998525752095e-60,0,,189,100
1923,11331,12131,2.6985760558039034e-46,0,,188,100
1924,11344,12144,1.2800559757989578e-39,0,,187,100
1925,11348,12148,2.4588410887143038e-27,0,,189,100
1926,11358,12158,4.362774238302467e-24,0,,187,100
1927,11362,12162,5.490579796619436e-22,0,,188,100
1928,11370,12170,3.4147064795282033e-35,0,,188,100
1929,11374,12174,1.0710498600260749e-43,0,,188,100
1930,11379,12179,8.162938536216383e-32,0,,188,100
1931,11388,12188,3.3213265882835343e-60,0,,187,100
1932,11392,12192,1.1575297799485655e-37,0,,187,100
1933,11402,12202,3.9916268629563284e-82,0,,186,100
1934,11405,12205,2.1850932889744774e-117,0,,186,100
1935,11409,12209,8.452050463554919e-117,0,,187,100
1936,11414,12214,4.515065476476175e-38,0,,186,100
1937,11417,12217,1.6631344518108812e-37,0,,185,100
1938,11424,12224,1.7263960972485417e-38,0,,184,100
1939,11431,12231,5.244741549060575e-31,0,,183,100
1940,11437,12237,2.8888800960268244e-30,0,,184,100
1941,11441,12241,1.6486498783176004e-22,0,,183,100
1942,11444,12244,2.768883472650555e-21,0,,186,100
1943,11455,12255,1.4827448149474564e-41,0,,186,100
1944,11462,12262,2.185005244570099e-45,0,,187,100
1945,11467,12267,1.8891847706098564e-42,0,,187,100
1946,11470,12270,2.1979181727506744e-41,0,,186,100
1947,11476,12276,5.838213682066246e-35,0,,187,100
1948,11479,12279,2.1784637192044798e-33,0,,186,100
1949,11489,12289,4.5913826493335474e-32,0,,187,100
1950,11492,12292,1.4624259002440395e-58,0,,186,100
1951,11501,12301,2.3754531994825547e-44,0,,185,100
1952,11505,12305,4.409730042844549e-41,0,,186,100
1953,11512,12312,9.78725254312718e-41,0,,187,100
1954,11519,12319,1.599932412238803e-36,0,,187,100
1955,11523,12323,9.883785473914122e-39,0,,187,100
1956,11531,12331,3.6447757555608594e-36,0,,187,100
1957,11536,12336,2.374345750062228e-39,0,,183,100
1958,11539,12339,4.232264037131211e-46,0,,183,100
1959,11544,12344,1.3217059949709628e-46,0,,183,100
1960,11547,12347,4.177384924684149e-43,0,,183,100
1961,11557,12357,2.0002472670850464e-77,0,,182,100
1962,11560,12360,4.0835419172430205e-78,0,,181,100
1963,11563,12363,2.4590448698167866e-89,0,,181,100
1964,11568,12368,1.1854085280091112e-90,0,,183,100
1965,11574,12374,1.1546123157391782e-80,0,,182,100
1966,11578,12378,4.2378267188072206e-82,0,,182,100
1967,11584,12384,6.547619346167945e-76,0,,182,100
1968,11587,12387,4.706012965068723e-103,0,,182,100
1969,11596,12396,1.1751779069069663e-63,0,,179,100
1970,11599,12399,3.3205353642586477e-104,0,,179,100
1971,11611,12411,1.4398696631816519e-90,0,,178,100
1972,11614,12414,2.6361546245473725e-68,0,,178,100
1973,11620,12420,1.6101071433501876e-73,0,,178,100
1974,11628,12428,1.9470984338796537e-54,0,,178,100
1975,11632,12432,8.468264857358967e-67,0,,178,100
1976,11638,12438,1.1639104870074143e-50,0,,179,100
1977,11641,12441,3.670671835941134e-45,0,,179,100
1978,11647,12447,5.680052747656369e-44,0,,179,100
1979,11654,12454,4.691535345757119e-42,0,,180,100
1980,11657,12457,1.4905750128046934e-46,0,,180,100
1981,11668,12468,3.0295352235095015e-46,0,,181,100
1982,11671,12471,2.6058740537107364e-75,0,,181,100
1983,11675,12475,5.091745481903762e-75,0,,181,100
1984,11682,12482,1.0304637076411196e-54,0,,182,100
1985,11685,12485,5.875538263947572e-54,0,,181,100
1986,11697,12497,7.034050461334427e-56,0,,183,100
1987,11704,12504,3.3930965582778003e-29,0,,183,100
1988,11711,12511,1.5223538917775063e-26,0,,185,100
1989,11720,12520,9.082153311820111e-30,0,,185,100
1990,11723,12523,2.241990377607904e-25,0,,184,100
1991,11726,12526,1.4137278354063181e-28,0,,184,100
1992,11734,12534,7.536659537391782e-28,0,,185,100
1993,11737,12537,9.175688846348077e-37,0,,184,100
1994,11741,12541,1.304288453145073e-32,0,,187,100
1995,11744,12544,8.028895037344058e-30,0,,188,100
1996,11749,12549,1.3780049835418696e-35,0,,187,100
1997,11755,12555,1.2485559042132532e-40,0,,187,100
1998,11758,12558,1.3410630233056717e-29,0,,186,100
1999,11763,12563,8.765569108002178e-36,0,,186,100
2000,11766,12566,2.6874816643436874e-73,0,,186,100
2001,11775,12575,4.0875471978988244e-71,0,,187,100
2002,11784,12584,1.1759413184111963e-49,0,,188,100
2003,11789,12589,6.465506089018275e-54,0,,188,100
2004,11793,12593,2.5892600288277344e-28,0,,188,100
2005,11801,12601,1.052315507211057e-47,0,,185,100
2006,11804,12604,4.9875906411667354e-36,0,,184,100
2007,11815,12615,4.501565752104099e-58,0,,186,100
2008,11821,12621,8.935671999512436e-53,0,,186,100
2009,11824,12624,7.739259788922841e-45,0,,186,100
2010,11830,12630,5.984752018277652e-54,0,,187,100
2011,11833,12633,2.5861796605782974e-49,0,,186,100
2012,11837,12637,5.848238292801658e-48,0,,187,100
2013,11848,12648,5.411043645832776e-97,0,,189,100
2014,11851,12651,1.2037560193158557e-55,0,,189,100
2015,11860,12660,5.83395072423062e-54,0,,190,100
2016,11863,12663,1.3349020972389388e-48,0,,190,100
2017,11871,12671,9.943915358908262e-64,0,,191,100
2018,11874,12674,1.1674897579153633e-53,0,,190,100
2019,11878,12678,1.3378625341278176e-43,0,,191,100
2020,11884,12684,3.796679672650511e-52,0,,191,100
2021,11887,12687,2.7651422642665794e-54,0,,191,100
2022,11891,12691,1.9061687938842446e-54,0,,190,100
2023,11897,12697,3.432933286250828e-56,0,,191,100
2024,11902,12702,8.084459505349368e-52,0,,191,100
2025,11908,12708,2.1024121298937884e-55,0,,191,100
2026,11911,12711,4.311503954793151e-52,0,,191,100
2027,11920,12720,2.733152112427228e-82,0,,191,100
2028,11924,12724,7.991336506018071e-84,0,,190,100
2029,11930,12730,1.0622246715625539e-59,0,,191,100
2030,11938,12738,2.816952462281527e-48,0,,189,100
2031,11944,12744,1.4674804717504602e-47,0,,189,100
2032,11948,12748,2.422556443719829e-53,0,,190,100
2033,11951,12751,2.1820442761907226e-55,0,,189,100
2034,11957,12757,3.013206260048282e-53,0,,189,100
2035,11961,12761,4.751870004884579e-69,0,,188,100
2036,11968,12768,8.886557828952125e-55,0,,188,100
2037,11971,12771,1.579850370844451e-58,0,,190,100
2038,11979,12779,1.6730481214214475e-161,0,,191,100
2039,11982,12782,2.0392651646763554e-101,0,,190,100
2040,11989,12789,5.55864238653411e-113,0,,189,100
2041,11996,12796,1.0322657526550507e-157,0,,190,100
2042,11999,12799,1.944467285171776e-142,0,,190,100
2043,12003,12803,1.5910061207378038e-141,0,,191,100
2044,12010,12810,8.729766622128279e-166,0,,190,100
2045,12013,12813,4.218296717803253e-196,0,,190,100
2046,12023,12823,1.1527492585913407e-45,0,,189,100
2047,12026,12826,1.6049738532229144e-51,0,,187,100
2048,12032,12832,2.3426048457112324e-51,0,,188,100
2049,12038,12838,3.1937218024865043e-65,0,,187,100
2050,12041,12841,1.649966181059911e-53,0,,189,100
2051,12047,12847,1.305181864702986e-47,0,,188,100
2052,12052,12852,1.1926953616245706e-60,0,,188,100
2053,12056,12856,7.830418001181652e-59,0,,189,100
2054,12066,12866,4.873910076332881e-48,0,,188,100
2055,12070,12870,4.797018851012677e-53,0,,188,100
2056,12073,12873,6.940725289931563e-43,0,,189,100
2057,12085,12885,3.302354601514595e-59,0,,191,100
2058,12088,12888,6.477304727555419e-59,0,,191,100
2059,12103,12903,2.068126144338814e-68,0,,192,100
2060,12108,12908,2.0312236805475505e-84,0,,192,100
2061,12111,12911,3.314839955169129e-59,0,,191,100
2062,12116,12916,7.70740145041854e-48,0,,190,100
2063,12120,12920,4.663309306934859e-240,0,,190,100
2064,12122,12922,2.186431774749189e-254,0,,190,100
2065,12130,12930,3.839726361533134e-256,0,,190,100
2066,12140,12940,4.978969713105857e-255,0,,192,100
2067,12144,12944,2.2037610642428695e-252,0,,193,100
2068,12152,12952,5.908074182816573e-242,0,,193,100
2069,12155,12955,1.7467187417095825e-238,0,,193,100
2070,12159,12959,3.0944764714739286e-53,0,,193,100
2071,12168,12968,1.2203799680557631e-76,0,,194,100
2072,12172,12972,1.428130974934032e-67,0,,194,100
2073,12185,12985,3.4744576097366745e-101,0,,194,100
2074,12188,12988,3.728628677486065e-74,0,,194,100
2075,12192,12992,3.657703347013039e-47,0,,194,100
2076,12199,12999,0.0,0,,195,100
2077,12205,13005,1.1445880581499252e-258,0,,193,100
2078,12211,13011,1.195014506908525e-91,0,,193,100
2079,12214,13014,0.0,0,,193,100
2080,12224,13024,2.4536124532213104e-83,0,,193,100
2081,12229,13029,2.4363609760148083e-77,0,,192,100
2082,12234,13034,3.9631594155972755e-56,0,,193,100
2083,12237,13037,1.111463678930584e-223,0,,193,100
2084,12244,13044,1.388469869341232e-26,0,,190,100
2085,12247,13047,5.7986351066323215e-53,0,,189,100
2086,12253,13053,9.436214212562559e-74,0,,190,100
2087,12256,13056,4.483819781405345e-77,0,,190,100
2088,12265,13065,9.5438776870002e-35,0,,190,100
2089,12271,13071,6.315463082524007e-45,0,,189,100
2090,12274,13074,7.027050348517666e-46,0,,190,100
2091,12282,13082,2.3388422882483097e-31,0,,190,100
2092,12285,13085,2.8776194516764495e-39,0,,189,100
2093,12289,13089,1.3692111536220786e-39,0,,189,100
2094,12296,13096,1.5999411195812172e-37,0,,190,100
2095,12304,13104,1.5385571543898327e-29,0,,192,100
2096,12308,13108,4.5849342284193586e-30,0,,192,100
2097,12311,13111,3.782896556845252e-33,0,,192,100
2098,12318,13118,8.935287117930348e-37,0,,192,100
2099,12326,13126,2.1717338324471227e-31,0,,192,100
2100,12330,13130,2.9338742243814867e-34,0,,193,100
2101,12337,13137,3.162535631311194e-38,0,,193,100
2102,12340,13140,2.6951303522932228e-47,0,,195,100
2103,12347,13147,2.6902362048632274e-35,0,,195,100
2104,12350,13150,8.407332913665489e-42,0,,195,100
2105,12356,13156,7.600979908699635e-34,0,,195,100
2106,12362,13162,1.4187020459873321e-31,0,,196,100
2107,12368,13168,2.8777334089992797e-19,0,,196,100
2108,12375,13175,8.365858343604427e-25,0,,196,100
2109,12383,13183,9.319382642067503e-30,0,,195,100
2110,12387,13187,1.603794418238205e-33,0,,195,100
2111,12395,13195,1.7019536987967755e-30,0,,195,100
2112,12398,13198,7.76873798240109e-27,0,,195,100
2113,12402,13202,6.910202148492027e-31,0,,195,100
2114,12412,13212,1.3481011509555803e-31,0,,196,100
2115,12419,13219,2.304095888431693e-36,0,,196,100
2116,12422,13222,3.173062255472464e-46,0,,195,100
2117,12426,13226,2.3295137183259112e-38,0,,196,100
2118,12435,13235,2.713685168742904e-38,0,,195,100
2119,12446,13246,2.712557501326992e-28,0,,193,100
2120,12454,13254,2.9103901763948734e-35,0,,193,100
2121,12457,13257,1.9318678846387084e-30,0,,192,100
2122,12464,13264,7.53486962777868e-29,0,,193,100
2123,12467,13267,4.052791847391287e-27,0,,193,100
2124,12471,13271,3.801360907558332e-30,0,,193,100
2125,12476,13276,4.959186594313159e-41,0,,193,100
2126,12486,13286,1.0427987789526693e-40,0,,195,100
2127,12491,13291,8.964864156545287e-45,0,,195,100
2128,12495,13295,1.059343480038063e-40,0,,194,100
2129,12501,13301,1.5588682077279811e-40,0,,194,100
2130,12509,13309,8.432526082072159e-97,0,,194,100
2131,12512,13312,1.0220741421828498e-101,0,,193,100
2132,12520,13320,1.936748644258564e-92,0,,194,100
2133,12528,13328,3.913574169863398e-33,0,,190,100
2134,12536,13336,1.7173161242439002e-40,0,,191,100
2135,12540,13340,3.235761375767458e-37,0,,188,100
2136,12543,13343,4.743214632499519e-37,0,,188,100
2137,12549,13349,5.243308641238056e-39,0,,188,100
2138,12555,13355,1.5065277440746138e-64,0,,191,100
2139,12561,13361,2.24728171150002e-58,0,,191,100
2140,12566,13366,6.373670075733273e-44,0,,191,100
2141,12570,13370,1.588832790482677e-41,0,,193,100
2142,12578,13378,5.144492955226234e-48,0,,193,100
2143,12588,13388,2.1343546431798012e-44,0,,193,100
2144,12591,13391,9.944965716728794e-42,0,,192,100
2145,12606,13406,2.989104627512681e-45,0,,194,100
2146,12612,13412,6.031123378316001e-34,0,,193,100
2147,12620,13420,5.694176337815744e-23,0,,195,100
2148,12623,13423,1.5324259376996353e-24,0,,195,100
2149,12630,13430,2.810488996762376e-23,0,,193,100
2150,12634,13434,1.640642281650517e-24,0,,192,100
2151,12644,13444,9.242633060063727e-116,0,,190,100
2152,12649,13449,5.888845558416403e-127,0,,190,100
2153,12656,13456,5.181264548373918e-85,0,,188,100
2154,12661,13461,2.250231647734699e-86,0,,191,100
2155,12667,13467,1.4617723345926634e-108,0,,190,100
2156,12670,13470,6.150910002576169e-72,0,,190,100
2157,12678,13478,1.3898553478269903e-67,0,,189,100
2158,12683,13483,9.65417726820872e-76,0,,190,100
2159,12687,13487,1.7848928725723682e-69,0,,190,100
2160,12693,13493,6.930483963026605e-61,0,,190,100
2161,12697,13497,2.2298735828013754e-56,0,,190,100
2162,12702,13502,6.424624617072238e-140,0,,191,100
2163,12706,13506,4.3790561564081084e-141,0,,192,100
2164,12713,13513,5.191106034281643e-168,0,,191,100
2165,12718,13518,5.985140672137699e-88,0,,190,100
2166,12720,13520,2.3617227949632752e-89,0,,190,100
2167,12727,13527,9.977379578184142e-109,0,,190,100
2168,12730,13530,8.564326501383324e-63,0,,190,100
2169,12738,13538,2.7249375881742023e-74,0,,191,100
2170,12741,13541,3.700890271324234e-117,0,,191,100
2171,12748,13548,3.3072314056889222e-96,0,,188,100
2172,12753,13553,3.505016906805197e-107,0,,188,100
2173,12757,13557,3.385978424922945e-92,0,,188,100
2174,12762,13562,4.525298294268731e-111,0,,188,100
2175,12765,13565,4.684864773735874e-94,0,,188,100
2176,12776,13576,2.131166336954095e-175,0,,186,100
2177,12779,13579,4.327430935382893e-110,0,,185,100
2178,12784,13584,2.877324996785081e-110,0,,186,100
2179,12790,13590,2.0503334857593848e-83,0,,184,100
2180,12795,13595,9.397070045966911e-101,0,,182,100
2181,12798,13598,6.837194937467549e-94,0,,181,100
2182,12802,13602,1.6053889712478818e-102,0,,181,100
2183,12812,13612,7.349024246283728e-58,0,,178,100
2184,12816,13616,5.067983584133434e-61,0,,178,100
2185,12827,13627,1.43722439306967e-43,0,,175,100
2186,12830,13630,3.205156729052248e-34,0,,174,100
2187,12841,13641,3.439442146006739e-27,0,,172,100
2188,12844,13644,1.5368564927887585e-32,0,,171,100
2189,12850,13650,1.349828071603652e-51,0,,170,100
2190,12854,13654,2.60774656131961e-50,0,,169,100
2191,12860,13660,1.4936666845093562e-35,0,,168,100
2192,12863,13663,3.432293090501446e-43,0,,167,100
2193,12874,13674,1.9554011202210278e-31,0,,162,100
2194,12877,13677,8.31136299322966e-64,0,,161,100
2195,12883,13683,1.1045212669150222e-49,0,,160,100
2196,12890,13690,3.955350220205762e-62,0,,158,100
2197,12898,13698,4.459771546758645e-61,0,,157,100
2198,12902,13702,7.974091001436532e-62,0,,156,100
2199,12910,13710,3.8054776945341555e-55,0,,155,100
2200,12913,13713,8.113780113316992e-69,0,,154,100
2201,12917,13717,1.1749630213724394e-68,0,,153,100
2202,12927,13727,2.6181501036353e-69,0,,151,100
2203,12931,13731,3.520066404528506e-66,0,,150,100
2204,12935,13735,3.2547427160217555e-135,0,,149,100
2205,12943,13743,2.3954517608090442e-124,0,,146,100
2206,12946,13746,8.147332498681726e-119,0,,146,100
2207,12953,13753,2.5052550976434856e-127,0,,144,100
2208,12956,13756,6.5036313839196074e-71,0,,142,100
2209,12964,13764,9.626423372794052e-70,0,,141,100
2210,12967,13767,1.0764078079242049e-78,0,,140,100
2211,12976,13776,7.800378139013113e-75,0,,137,100
2212,12983,13783,5.658347192326438e-92,0,,136,100
2213,12988,13788,1.1745731557144207e-87,0,,135,100
2214,12992,13792,7.271762503649243e-59,0,,134,100
2215,12995,13795,2.256439942005429e-59,0,,134,100
2216,13006,13806,2.2478094290953803e-59,0,,132,100
2217,13016,13816,5.601666109761062e-57,0,,131,100
2218,13020,13820,1.005531015355072e-57,0,,131,100
2219,13030,13830,4.0061083266399474e-88,0,,129,100
2220,13035,13835,9.81740620931464e-75,0,,128,100
2221,13046,13846,7.01241282840072e-86,0,,127,100
2222,13052,13852,1.159724193570967e-57,0,,124,100
2223,13056,13856,3.679884732754188e-58,0,,123,100
2224,13060,13860,1.2331262790226427e-56,0,,122,100
2225,13064,13864,4.318249186067997e-57,0,,122,100
2226,13072,13872,9.756522791672988e-78,0,,120,100
2227,13075,13875,1.5761591826758904e-92,0,,119,100
2228,13079,13879,2.5701665036134625e-103,0,,119,100
2229,13086,13886,1.6403559583449776e-73,0,,117,100
2230,13090,13890,7.860796587416631e-67,0,,116,100
2231,13099,13899,1.5548455730079756e-104,0,,112,100
2232,13104,13904,1.1924766791481665e-98,0,,111,100
2233,13107,13907,2.3700906509442746e-97,0,,110,100
2234,13111,13911,1.9394843790352224e-68,0,,109,100
2235,13117,13917,8.523630427695288e-73,0,,108,100
2236,13120,13920,1.0448917092600378e-69,0,,106,100
2237,13128,13928,2.711184637138972e-56,0,,105,100
2238,13131,13931,6.58998160993649e-50,0,,104,100
2239,13140,13940,4.479161429743991e-112,0,,101,100
2240,13146,13946,8.446985313019923e-97,0,,100,100
