window_index,char_start,char_end,p_z,extracted,error,n_tokens_in_chunk,sequence_len_tokens
0,0,800,1.3514255874478055e-99,0,,208,100
1,10,810,2.2891407613549065e-73,0,,203,100
2,20,820,1.6776617446245835e-81,0,,202,100
3,30,830,4.821021157456426e-121,0,,201,100
4,40,840,2.4202539857544793e-160,0,,201,100
5,50,850,1.1136471664471733e-150,0,,198,100
6,60,860,1.905936301161805e-73,0,,202,100
7,70,870,1.9990445268217435e-66,0,,203,100
8,80,880,1.0670760312972633e-38,0,,202,100
9,90,890,5.520947947738407e-83,0,,202,100
10,100,900,1.2965864180005813e-172,0,,202,100
11,110,910,1.6493620834529536e-139,0,,200,100
12,120,920,6.3021682441913386e-90,0,,197,100
13,130,930,8.928666362044526e-213,0,,199,100
14,140,940,4.0581207591758003e-50,0,,198,100
15,150,950,8.717083084605368e-174,0,,197,100
16,160,960,4.8982964717197396e-242,0,,196,100
17,170,970,8.972487541623401e-223,0,,195,100
18,180,980,1.7253622427663063e-133,0,,194,100
19,190,990,3.610728483820861e-109,0,,195,100
20,200,1000,1.6797056171646855e-156,0,,193,100
21,210,1010,2.082314937925195e-80,0,,192,100
22,220,1020,1.5121253075538577e-133,0,,192,100
23,230,1030,6.654206389493052e-151,0,,191,100
24,240,1040,6.250891714091071e-166,0,,192,100
25,250,1050,5.814925752044447e-170,0,,191,100
26,260,1060,2.7391131041877054e-132,0,,192,100
27,270,1070,6.957789414147912e-110,0,,192,100
28,280,1080,1.0176785359202032e-178,0,,193,100
29,290,1090,5.4701665431272175e-89,0,,192,100
30,300,1100,4.330079033675006e-87,0,,196,100
31,310,1110,3.649950277875264e-131,0,,196,100
32,320,1120,5.618946746934892e-131,0,,196,100
33,330,1130,2.665529051138601e-202,0,,195,100
34,340,1140,4.977314840208942e-145,0,,194,100
35,350,1150,2.186847339366529e-151,0,,196,100
36,360,1160,1.5305107988147977e-92,0,,195,100
37,370,1170,3.625527224887246e-126,0,,193,100
38,380,1180,1.048227753715215e-99,0,,193,100
39,390,1190,1.0500109307375643e-107,0,,196,100
40,400,1200,2.0906406334319887e-63,0,,195,100
41,410,1210,7.821248990466324e-157,0,,195,100
42,420,1220,2.694857323408713e-154,0,,196,100
43,430,1230,1.5941773889785801e-112,0,,195,100
44,440,1240,3.1413911062990544e-134,0,,194,100
45,450,1250,6.154275469039658e-148,0,,195,100
46,460,1260,1.4954483542846645e-107,0,,196,100
47,470,1270,8.76609528556113e-123,0,,195,100
48,480,1280,2.2012727211954585e-119,0,,195,100
49,490,1290,5.288879820074143e-243,0,,193,100
50,500,1300,9.242538473307209e-224,0,,194,100
51,510,1310,6.561948226573116e-146,0,,193,100
52,520,1320,1.5698246956140874e-193,0,,192,100
53,530,1330,3.428066219815107e-199,0,,194,100
54,540,1340,2.7508235763733874e-147,0,,195,100
55,550,1350,2.7105851809230485e-88,0,,194,100
56,560,1360,4.51830890434348e-79,0,,195,100
57,570,1370,6.51475084520756e-91,0,,197,100
58,580,1380,2.924939019462397e-114,0,,199,100
59,590,1390,4.122955195989849e-108,0,,202,100
60,600,1400,6.196106414211113e-255,0,,202,100
61,610,1410,1.901338701383421e-237,0,,203,100
62,620,1420,3.211739975978595e-119,0,,202,100
63,630,1430,4.387457962244777e-167,0,,201,100
64,640,1440,3.7421196285863106e-143,0,,198,100
65,650,1450,7.355056650707135e-113,0,,200,100
66,660,1460,9.089593604186985e-78,0,,201,100
67,670,1470,1.7545614158121134e-103,0,,201,100
68,680,1480,8.018856260485569e-86,0,,201,100
69,690,1490,1.776531251470581e-142,0,,198,100
70,700,1500,5.836265579026457e-157,0,,197,100
71,710,1510,2.0307450862133133e-133,0,,195,100
72,720,1520,1.527524159805679e-118,0,,196,100
73,730,1530,1.1926439480258898e-64,0,,195,100
74,740,1540,1.1566090703834858e-123,0,,193,100
75,750,1550,4.521950198521612e-129,0,,192,100
76,760,1560,1.5549346743021034e-214,0,,190,100
77,770,1570,3.356042530412324e-98,0,,189,100
78,780,1580,5.402806342180129e-113,0,,190,100
79,790,1590,2.0457984909709176e-70,0,,188,100
80,800,1600,8.186101230911354e-87,0,,188,100
81,810,1610,2.465295272907719e-65,0,,188,100
82,820,1620,2.5480702030704774e-97,0,,188,100
83,830,1630,1.190586557044444e-178,0,,186,100
84,840,1640,2.5354892537843236e-168,0,,188,100
85,850,1650,9.013697934740505e-120,0,,188,100
86,860,1660,7.49643575943178e-51,0,,186,100
87,870,1670,1.5340153589425393e-54,0,,188,100
88,880,1680,5.143185643612557e-104,0,,188,100
89,890,1690,1.1454021516430551e-33,0,,189,100
90,900,1700,3.6201517791800905e-76,0,,188,100
91,910,1710,6.838987873356792e-85,0,,188,100
92,920,1720,5.367588545466452e-116,0,,188,100
93,930,1730,4.1178033816279195e-161,0,,187,100
94,940,1740,7.023505417687673e-109,0,,186,100
95,950,1750,2.036126322426602e-98,0,,185,100
96,960,1760,1.0680084850626493e-89,0,,187,100
97,970,1770,1.6272166118359377e-82,0,,188,100
98,980,1780,1.6618779197151738e-94,0,,186,100
99,990,1790,3.4120688393465526e-74,0,,185,100
100,1000,1800,5.343748289436425e-103,0,,183,100
101,1010,1810,1.515023235562335e-125,0,,184,100
102,1020,1820,5.748662142631326e-116,0,,185,100
103,1030,1830,1.6360513205864923e-123,0,,186,100
104,1040,1840,3.716e-320,0,,187,100
105,1050,1850,5.870019280148083e-102,0,,186,100
106,1060,1860,2.9924058986631127e-57,0,,186,100
107,1070,1870,5.0379899013853715e-123,0,,184,100
108,1080,1880,1.6289120651848502e-123,0,,183,100
109,1090,1890,3.455499656136824e-140,0,,183,100
110,1100,1900,3.028440632886241e-129,0,,185,100
111,1110,1910,1.6680721853559803e-153,0,,184,100
112,1120,1920,1.2117645230127e-119,0,,180,100
113,1130,1930,3.786768463991187e-165,0,,180,100
114,1140,1940,7.951412083442802e-60,0,,181,100
115,1150,1950,4.222056080710292e-214,0,,181,100
116,1160,1960,3.3116473231898836e-177,0,,183,100
117,1170,1970,2.9825370472271594e-128,0,,183,100
118,1180,1980,7.398490815878294e-159,0,,183,100
119,1190,1990,1.5303635103946073e-181,0,,183,100
120,1200,2000,2.849997582429002e-256,0,,182,100
121,1210,2010,3.628616073335647e-153,0,,183,100
122,1220,2020,2.3777433107698638e-113,0,,183,100
123,1230,2030,2.2145983068128447e-104,0,,182,100
124,1240,2040,1.5534547223857474e-96,0,,181,100
125,1250,2050,1.0225825679235868e-108,0,,180,100
126,1260,2060,1.7646540411617982e-152,0,,180,100
127,1270,2070,1.8725945513111923e-206,0,,179,100
128,1280,2080,3.307344882962103e-177,0,,181,100
129,1290,2090,7.843141954330932e-207,0,,182,100
130,1300,2100,5.241648591672401e-125,0,,180,100
131,1310,2110,1.3105691951179212e-117,0,,183,100
132,1320,2120,9.455375216435668e-105,0,,184,100
133,1330,2130,9.146002198645153e-148,0,,183,100
134,1340,2140,2.5047259189082115e-107,0,,184,100
135,1350,2150,2.1412489388257726e-172,0,,183,100
136,1360,2160,5.770190024822567e-175,0,,183,100
137,1370,2170,2.2470948794058026e-255,0,,180,100
138,1380,2180,1.588860156834107e-188,0,,178,100
139,1390,2190,1.2153007214124433e-184,0,,179,100
140,1400,2200,4.458091965129995e-170,0,,179,100
141,1410,2210,6.081248940963387e-202,0,,180,100
142,1420,2220,1.3630056188383344e-128,0,,180,100
143,1430,2230,1.1260267278739592e-84,0,,181,100
144,1440,2240,2.216942427392623e-104,0,,182,100
145,1450,2250,1.5435651248830962e-174,0,,179,100
146,1460,2260,1.0712937654804107e-153,0,,177,100
147,1470,2270,5.789138469967815e-153,0,,177,100
148,1480,2280,2.384074369971821e-195,0,,177,100
149,1490,2290,9.577547545744692e-152,0,,177,100
150,1500,2300,2.7510164779907963e-178,0,,176,100
151,1510,2310,9.294816749102347e-140,0,,176,100
152,1520,2320,1.058834861376786e-156,0,,176,100
153,1530,2330,6.937374550315056e-181,0,,176,100
154,1540,2340,1.3260811274372754e-183,0,,177,100
155,1550,2350,1.618278085546817e-149,0,,176,100
156,1560,2360,6.798547266604377e-141,0,,175,100
157,1570,2370,5.578581805019873e-152,0,,174,100
158,1580,2380,1.7963184075551485e-171,0,,175,100
159,1590,2390,1.0438522906955434e-170,0,,176,100
160,1600,2400,4.404307893183552e-220,0,,177,100
161,1610,2410,1.897267686301162e-181,0,,177,100
162,1620,2420,7.58723594110477e-153,0,,176,100
163,1630,2430,2.574549764819508e-92,0,,176,100
164,1640,2440,2.61913258316334e-136,0,,177,100
165,1650,2450,2.0144590518447663e-86,0,,175,100
166,1660,2460,1.2927107260359645e-99,0,,176,100
167,1670,2470,3.0575699574960147e-148,0,,177,100
168,1680,2480,2.7160493791618376e-116,0,,177,100
169,1690,2490,2.727837389974751e-206,0,,177,100
170,1700,2500,9.967871999833053e-184,0,,177,100
171,1710,2510,1.0540527462803692e-162,0,,178,100
172,1720,2520,1.008459761031949e-159,0,,176,100
173,1730,2530,2.201586733298528e-145,0,,179,100
174,1740,2540,1.2385824257957008e-155,0,,177,100
175,1750,2550,3.012076721408468e-104,0,,176,100
176,1760,2560,5.770297347995954e-205,0,,175,100
177,1770,2570,4.3901048385914996e-136,0,,176,100
178,1780,2580,8.642422392162989e-171,0,,174,100
179,1790,2590,9.976843499465199e-203,0,,176,100
180,1800,2600,2.5927688782112598e-151,0,,177,100
181,1810,2610,7.04649272208368e-219,0,,177,100
182,1820,2620,3.370203929053803e-164,0,,178,100
183,1830,2630,9.989644449249663e-194,0,,176,100
184,1840,2640,5.883689972574939e-159,0,,176,100
185,1850,2650,6.119042404543556e-232,0,,176,100
186,1860,2660,4.539508782661655e-146,0,,175,100
187,1870,2670,2.888700920571043e-159,0,,177,100
188,1880,2680,4.629308561512297e-167,0,,176,100
189,1890,2690,6.311742463296412e-154,0,,176,100
190,1900,2700,1.2525417411634226e-197,0,,174,100
191,1910,2710,1.602250600387756e-180,0,,176,100
192,1920,2720,3.175633135620962e-217,0,,175,100
193,1930,2730,5.1995561556673716e-188,0,,175,100
194,1940,2740,2.9757451281775887e-183,0,,177,100
195,1950,2750,6.04687655808717e-179,0,,176,100
196,1960,2760,8.443928247062946e-135,0,,176,100
197,1970,2770,4.479795291014386e-102,0,,177,100
198,1980,2780,2.3910485940223104e-164,0,,173,100
199,1990,2790,2.366361956922265e-196,0,,171,100
200,2000,2800,2.3484602906466892e-231,0,,171,100
201,2010,2810,2.809395388807361e-214,0,,171,100
202,2020,2820,2.0253769218978976e-201,0,,172,100
203,2030,2830,2.8538764920789326e-186,0,,174,100
204,2040,2840,1.0824269486847478e-177,0,,176,100
205,2050,2850,1.7164576429844367e-170,0,,174,100
206,2060,2860,1.279209336984628e-159,0,,174,100
207,2070,2870,4.62008273673119e-159,0,,174,100
208,2080,2880,1.0591000742100642e-179,0,,173,100
209,2090,2890,1.2278911470297804e-183,0,,172,100
210,2100,2900,4.761777636523825e-297,0,,172,100
211,2110,2910,8.036694787633512e-263,0,,171,100
212,2120,2920,1.6951260382009886e-147,0,,171,100
213,2130,2930,4.056156329716602e-166,0,,168,100
214,2140,2940,9.012754015526278e-206,0,,169,100
215,2150,2950,2.832484740760006e-202,0,,169,100
216,2160,2960,1.9669719483574261e-243,0,,171,100
217,2170,2970,1.282018497584342e-161,0,,171,100
218,2180,2980,3.0850565730628817e-248,0,,171,100
219,2190,2990,5.391953398883161e-177,0,,168,100
220,2200,3000,6.269136120501095e-118,0,,169,100
221,2210,3010,3.00341882093481e-113,0,,170,100
222,2220,3020,1.087482290540192e-121,0,,169,100
223,2230,3030,4.7227755756273777e-231,0,,168,100
224,2240,3040,8.748384248454107e-232,0,,171,100
225,2250,3050,3.336133035443062e-201,0,,171,100
226,2260,3060,1.4926929519698746e-192,0,,169,100
227,2270,3070,5.84494643053e-313,0,,169,100
228,2280,3080,2.229646920452671e-167,0,,169,100
229,2290,3090,1.2504965521850888e-185,0,,169,100
230,2300,3100,1.32749676011878e-146,0,,169,100
231,2310,3110,1.4205908446747593e-112,0,,173,100
232,2320,3120,5.2419501876663935e-193,0,,171,100
233,2330,3130,3.122307554700718e-184,0,,170,100
234,2340,3140,1.574387327189034e-175,0,,168,100
235,2350,3150,1.640615177238628e-293,0,,168,100
236,2360,3160,5.806506492484911e-197,0,,168,100
237,2370,3170,3.362183703095109e-275,0,,168,100
238,2380,3180,2.362669776745074e-205,0,,172,100
239,2390,3190,8.016770729399014e-104,0,,167,100
240,2400,3200,6.529562275530273e-112,0,,167,100
241,2410,3210,6.545190963101994e-120,0,,165,100
242,2420,3220,2.531677165571955e-145,0,,166,100
243,2430,3230,1.365710678411088e-170,0,,165,100
244,2440,3240,9.064965648438778e-154,0,,165,100
245,2450,3250,3.9032430982972995e-191,0,,167,100
246,2460,3260,1.9302649962525226e-209,0,,170,100
247,2470,3270,9.70080715897585e-162,0,,168,100
248,2480,3280,5.976848888790772e-99,0,,170,100
249,2490,3290,8.07007907077512e-166,0,,167,100
250,2500,3300,1.853131421573839e-202,0,,166,100
251,2510,3310,4.458050350989037e-255,0,,166,100
252,2520,3320,1.0692573193852435e-299,0,,166,100
253,2530,3330,5.898946937740479e-190,0,,168,100
254,2540,3340,1.1531083600549259e-170,0,,169,100
255,2550,3350,2.4945937642236153e-235,0,,169,100
256,2560,3360,1.1528165188668049e-138,0,,170,100
257,2570,3370,3.385870423999007e-132,0,,170,100
258,2580,3380,3.6174057793049206e-99,0,,169,100
259,2590,3390,4.61154915547588e-183,0,,169,100
260,2600,3400,7.010184253508638e-248,0,,169,100
261,2610,3410,0.0,0,,169,100
262,2620,3420,2.762149643197e-312,0,,170,100
263,2630,3430,3.777505453001325e-209,0,,170,100
264,2640,3440,3.342351878968053e-253,0,,171,100
265,2650,3450,2.0622581847412016e-223,0,,171,100
266,2660,3460,1.2810763037159761e-177,0,,170,100
267,2670,3470,2.0770433170409458e-145,0,,170,100
268,2680,3480,2.2313984791291754e-120,0,,170,100
269,2690,3490,9.587255958992394e-135,0,,170,100
270,2700,3500,3.025864886799715e-161,0,,172,100
271,2710,3510,3.549551829547322e-286,0,,169,100
272,2720,3520,5.310020479077001e-278,0,,170,100
273,2730,3530,1.422384096390896e-194,0,,168,100
274,2740,3540,2.020176257767082e-272,0,,167,100
275,2750,3550,5.60480608083e-313,0,,169,100
276,2760,3560,5.183701549912532e-116,0,,166,100
277,2770,3570,5.868070046766258e-171,0,,167,100
278,2780,3580,6.552741527945058e-101,0,,169,100
279,2790,3590,3.745103277195818e-108,0,,170,100
280,2800,3600,4.921656520178753e-148,0,,171,100
281,2810,3610,7.144764180059213e-177,0,,171,100
282,2820,3620,2.2837662556951445e-198,0,,171,100
283,2830,3630,4.757220982790184e-158,0,,172,100
284,2840,3640,2.4792496975388433e-251,0,,171,100
285,2850,3650,1.6703631252193597e-214,0,,171,100
286,2860,3660,6.847243753834224e-129,0,,170,100
287,2870,3670,1.4869482066507095e-101,0,,171,100
288,2880,3680,4.426460539659683e-86,0,,171,100
289,2890,3690,2.595583605343446e-113,0,,170,100
290,2900,3700,4.0383972804622387e-143,0,,171,100
291,2910,3710,3.9467320770670606e-151,0,,171,100
292,2920,3720,4.9930554987883555e-172,0,,171,100
293,2930,3730,7.456697592092014e-271,0,,170,100
294,2940,3740,1.6082721089339604e-249,0,,171,100
295,2950,3750,1.0052770621115009e-240,0,,171,100
296,2960,3760,1.2368248434096706e-137,0,,172,100
297,2970,3770,3.069009543488347e-116,0,,172,100
298,2980,3780,1.5781710845662385e-98,0,,172,100
299,2990,3790,5.857538797768747e-71,0,,172,100
300,3000,3800,1.902948879180178e-96,0,,171,100
301,3010,3810,1.5630209221673835e-104,0,,172,100
302,3020,3820,3.2663594852659753e-99,0,,172,100
303,3030,3830,4.589011490116872e-152,0,,170,100
304,3040,3840,6.452210298911163e-154,0,,171,100
305,3050,3850,2.75832732040253e-79,0,,171,100
306,3060,3860,3.931695065848712e-74,0,,171,100
307,3070,3870,8.755348650587243e-96,0,,173,100
308,3080,3880,1.5101359534596726e-91,0,,174,100
309,3090,3890,5.619877922607559e-79,0,,173,100
310,3100,3900,9.642462301055047e-100,0,,175,100
311,3110,3910,3.5429029967672517e-93,0,,174,100
312,3120,3920,6.005961717592905e-93,0,,174,100
313,3130,3930,2.009253043128683e-100,0,,176,100
314,3140,3940,5.0740833958380235e-180,0,,177,100
315,3150,3950,9.58561896122276e-152,0,,179,100
316,3160,3960,5.248901582488723e-133,0,,180,100
317,3170,3970,2.050310408890753e-118,0,,181,100
318,3180,3980,1.6310098696497778e-88,0,,179,100
319,3190,3990,1.1571928242383522e-86,0,,179,100
320,3200,4000,7.76092789167834e-124,0,,181,100
321,3210,4010,1.670578568642814e-138,0,,182,100
322,3220,4020,3.1902893619347913e-125,0,,183,100
323,3230,4030,2.1424971654118974e-85,0,,183,100
324,3240,4040,1.1019464945287866e-169,0,,185,100
325,3250,4050,4.215380642701534e-143,0,,182,100
326,3260,4060,1.0811812726705171e-163,0,,177,100
327,3270,4070,5.825725949028905e-182,0,,178,100
328,3280,4080,2.4797668934245116e-115,0,,177,100
329,3290,4090,1.2728939668349361e-120,0,,179,100
330,3300,4100,3.866289234605618e-104,0,,177,100
331,3310,4110,2.6913077525206122e-96,0,,179,100
332,3320,4120,3.953362986378732e-83,0,,181,100
333,3330,4130,1.280953356159138e-117,0,,178,100
334,3340,4140,1.148571448903188e-137,0,,177,100
335,3350,4150,2.783552500981545e-157,0,,179,100
336,3360,4160,4.573772193584285e-197,0,,176,100
337,3370,4170,1.788817824541522e-133,0,,176,100
338,3380,4180,1.5423065889898907e-170,0,,178,100
339,3390,4190,7.499239071909484e-182,0,,177,100
340,3400,4200,3.3447285189868767e-190,0,,176,100
341,3410,4210,3.0200942719844847e-137,0,,177,100
342,3420,4220,4.628766804073028e-139,0,,179,100
343,3430,4230,9.9672043990554e-155,0,,174,100
344,3440,4240,1.5427664100684355e-251,0,,173,100
345,3450,4250,7.806054358596943e-191,0,,176,100
346,3460,4260,4.944469583470152e-137,0,,175,100
347,3470,4270,2.323960306337806e-224,0,,175,100
348,3480,4280,3.482310840703065e-151,0,,176,100
349,3490,4290,1.0435963286448768e-142,0,,178,100
350,3500,4300,8.197732753659715e-225,0,,178,100
351,3510,4310,4.009672303960063e-133,0,,179,100
352,3520,4320,2.316665813197442e-140,0,,180,100
353,3530,4330,4.002230436018316e-184,0,,179,100
354,3540,4340,1.0949051468948459e-134,0,,180,100
355,3550,4350,5.797727660411788e-131,0,,179,100
356,3560,4360,1.6826683047463268e-163,0,,180,100
357,3570,4370,5.632993885508968e-103,0,,178,100
358,3580,4380,9.970931814294776e-155,0,,180,100
359,3590,4390,3.1270184215390434e-195,0,,179,100
360,3600,4400,4.914773911523443e-168,0,,178,100
361,3610,4410,6.250334258011324e-160,0,,179,100
362,3620,4420,1.2062140993463854e-127,0,,178,100
363,3630,4430,1.01962479968919e-146,0,,180,100
364,3640,4440,2.1071535085273925e-213,0,,182,100
365,3650,4450,8.930612958281924e-173,0,,181,100
366,3660,4460,3.8045836907178306e-171,0,,181,100
367,3670,4470,7.133629729439386e-174,0,,178,100
368,3680,4480,1.4164851048730198e-185,0,,182,100
369,3690,4490,6.542083414992004e-187,0,,184,100
370,3700,4500,2.0712175755924433e-136,0,,184,100
371,3710,4510,2.8681076266708337e-162,0,,183,100
372,3720,4520,4.4147160844461715e-132,0,,185,100
373,3730,4530,1.3982441769059684e-187,0,,184,100
374,3740,4540,6.773152423175887e-216,0,,184,100
375,3750,4550,6.712536157645301e-254,0,,187,100
376,3760,4560,3.1263392162219108e-173,0,,185,100
377,3770,4570,2.045616172890031e-135,0,,186,100
378,3780,4580,1.1387707278783053e-203,0,,187,100
379,3790,4590,1.3790409133235954e-149,0,,187,100
380,3800,4600,3.3344383858907623e-167,0,,184,100
381,3810,4610,6.274124213371372e-116,0,,185,100
382,3820,4620,7.505513697781155e-120,0,,186,100
383,3830,4630,1.5151260811400605e-194,0,,187,100
384,3840,4640,6.772681033394218e-128,0,,185,100
385,3850,4650,1.6738602606029007e-179,0,,186,100
386,3860,4660,1.1231190858790812e-100,0,,185,100
387,3870,4670,7.225326002595386e-149,0,,184,100
388,3880,4680,1.7087912612076105e-124,0,,185,100
389,3890,4690,6.281257738198021e-125,0,,186,100
390,3900,4700,1.1742968068794116e-169,0,,185,100
391,3910,4710,2.436040657177711e-201,0,,185,100
392,3920,4720,5.0476567782514146e-213,0,,184,100
393,3930,4730,8.712494607685662e-114,0,,185,100
394,3940,4740,4.521978690105408e-115,0,,183,100
395,3950,4750,4.3761946069564544e-130,0,,185,100
396,3960,4760,1.3177071265868046e-89,0,,183,100
397,3970,4770,3.925760590315212e-99,0,,184,100
398,3980,4780,6.161167767027993e-195,0,,186,100
399,3990,4790,1.3145090149895826e-150,0,,186,100
400,4000,4800,4.778754453039792e-163,0,,185,100
401,4010,4810,1.4412572809954832e-93,0,,186,100
402,4020,4820,8.690932091658683e-92,0,,186,100
403,4030,4830,1.8106826826451618e-135,0,,186,100
404,4040,4840,1.2863568729421327e-152,0,,186,100
405,4050,4850,9.205534828060682e-80,0,,184,100
406,4060,4860,1.5171718545613937e-81,0,,187,100
407,4070,4870,8.117155420480546e-109,0,,184,100
408,4080,4880,9.585580358504527e-131,0,,184,100
409,4090,4890,2.0312838653450793e-74,0,,183,100
410,4100,4900,1.1153435300736602e-94,0,,185,100
411,4110,4910,2.868984387078193e-54,0,,184,100
412,4120,4920,1.7151964133580676e-168,0,,183,100
413,4130,4930,1.0690447850724737e-210,0,,184,100
414,4140,4940,4.905669337373131e-201,0,,185,100
415,4150,4950,1.4407038507286645e-159,0,,186,100
416,4160,4960,3.802092811745889e-129,0,,187,100
417,4170,4970,8.420996498615758e-98,0,,189,100
418,4180,4980,1.5244714023525259e-168,0,,190,100
419,4190,4990,3.1820398036435756e-76,0,,188,100
420,4200,5000,1.747285438480116e-60,0,,190,100
421,4210,5010,3.635760852366843e-58,0,,190,100
422,4220,5020,1.348182081756879e-89,0,,192,100
423,4230,5030,2.2252668305800828e-152,0,,192,100
424,4240,5040,8.232221621589144e-167,0,,194,100
425,4250,5050,2.04480687394247e-167,0,,194,100
426,4260,5060,3.3275547141910995e-182,0,,193,100
427,4270,5070,1.5701359833973005e-75,0,,194,100
428,4280,5080,1.8319873099262902e-89,0,,194,100
429,4290,5090,2.114485061221511e-78,0,,190,100
430,4300,5100,1.5758429533364e-69,0,,190,100
431,4310,5110,2.462604497334471e-92,0,,193,100
432,4320,5120,1.3845305675941348e-184,0,,193,100
433,4330,5130,2.26309277710336e-310,0,,193,100
434,4340,5140,2.2613741311533174e-231,0,,195,100
435,4350,5150,5.288358023264023e-224,0,,194,100
436,4360,5160,6.914759234178183e-101,0,,193,100
437,4370,5170,3.2948846002746784e-81,0,,193,100
438,4380,5180,4.895229585929275e-139,0,,193,100
439,4390,5190,1.2776764003333157e-115,0,,192,100
440,4400,5200,3.580486638781791e-129,0,,192,100
441,4410,5210,5.820195267540944e-157,0,,190,100
442,4420,5220,2.3208015300128157e-236,0,,189,100
443,4430,5230,2.744807606676276e-137,0,,188,100
444,4440,5240,1.418471736821643e-110,0,,188,100
445,4450,5250,1.8172126642979006e-129,0,,188,100
446,4460,5260,1.4588397247162997e-87,0,,187,100
447,4470,5270,8.329264542095353e-127,0,,190,100
448,4480,5280,2.0926909559153505e-140,0,,188,100
449,4490,5290,1.7212079987652612e-108,0,,189,100
450,4500,5300,1.826633890031184e-142,0,,188,100
451,4510,5310,9.619441403755469e-104,0,,187,100
452,4520,5320,2.3976096454887842e-92,0,,187,100
453,4530,5330,1.183906291057614e-202,0,,188,100
454,4540,5340,1.0356192165218524e-142,0,,189,100
455,4550,5350,4.890985421539148e-128,0,,188,100
456,4560,5360,1.3174271877244918e-124,0,,189,100
457,4570,5370,2.920353420887162e-124,0,,188,100
458,4580,5380,6.567943583769025e-140,0,,191,100
459,4590,5390,2.0961132896189636e-98,0,,193,100
460,4600,5400,1.1144166403360432e-153,0,,192,100
461,4610,5410,1.0290168108085462e-149,0,,193,100
462,4620,5420,5.1006330711230636e-154,0,,193,100
463,4630,5430,6.231535086372773e-141,0,,192,100
464,4640,5440,3.303385194760108e-133,0,,191,100
465,4650,5450,1.2995343908039773e-131,0,,192,100
466,4660,5460,4.6898216734053565e-140,0,,192,100
467,4670,5470,9.242740082361088e-113,0,,191,100
468,4680,5480,2.5272177920522213e-98,0,,191,100
469,4690,5490,2.185935699047453e-96,0,,190,100
470,4700,5500,6.1332908732565726e-139,0,,189,100
471,4710,5510,4.37741857195046e-138,0,,191,100
472,4720,5520,3.124123833499447e-130,0,,191,100
473,4730,5530,4.107258818351416e-132,0,,190,100
474,4740,5540,1.3980795916641775e-121,0,,189,100
475,4750,5550,6.836349256931947e-115,0,,188,100
476,4760,5560,1.764759844830613e-104,0,,187,100
477,4770,5570,9.243486902303951e-148,0,,187,100
478,4780,5580,6.844524193201578e-202,0,,185,100
479,4790,5590,1.8553861590122494e-196,0,,187,100
480,4800,5600,9.421304415099426e-232,0,,188,100
481,4810,5610,5.5394491838949205e-148,0,,186,100
482,4820,5620,1.0369796697197647e-135,0,,186,100
483,4830,5630,2.904684726901276e-103,0,,185,100
484,4840,5640,4.444956971398692e-104,0,,186,100
485,4850,5650,8.396355213094399e-165,0,,188,100
486,4860,5660,4.873565284902328e-131,0,,189,100
487,4870,5670,6.320854444732269e-137,0,,189,100
488,4880,5680,4.151770792261807e-144,0,,188,100
489,4890,5690,5.201640814273121e-141,0,,189,100
490,4900,5700,8.820668279325135e-166,0,,189,100
491,4910,5710,8.467152185172169e-94,0,,190,100
492,4920,5720,1.655234330113347e-86,0,,191,100
493,4930,5730,9.189387001337145e-89,0,,191,100
494,4940,5740,1.605332438967118e-122,0,,191,100
495,4950,5750,4.415002858168486e-209,0,,193,100
496,4960,5760,1.1927828552180663e-168,0,,190,100
497,4970,5770,6.662560344863719e-149,0,,189,100
498,4980,5780,7.704156909066198e-111,0,,189,100
499,4990,5790,1.0592579947069405e-60,0,,191,100
500,5000,5800,4.729748367540516e-61,0,,190,100
501,5010,5810,4.426565784774791e-48,0,,190,100
502,5020,5820,6.818514020550992e-141,0,,188,100
503,5030,5830,1.2330781757991077e-151,0,,186,100
504,5040,5840,8.022267577056668e-131,0,,186,100
505,5050,5850,2.398256916052809e-130,0,,188,100
506,5060,5860,3.375064988643718e-84,0,,188,100
507,5070,5870,5.281625320547633e-42,0,,189,100
508,5080,5880,8.336977769941372e-36,0,,191,100
509,5090,5890,2.313836654822613e-41,0,,192,100
510,5100,5900,8.766521395636778e-97,0,,190,100
511,5110,5910,5.9424955516318285e-115,0,,189,100
512,5120,5920,7.349909053592487e-98,0,,187,100
513,5130,5930,5.327154452078433e-94,0,,190,100
514,5140,5940,4.89603029081769e-168,0,,191,100
515,5150,5950,2.927064933172669e-70,0,,189,100
516,5160,5960,2.1632717770557342e-44,0,,190,100
517,5170,5970,2.0979350134200346e-48,0,,188,100
518,5180,5980,1.7872130658157216e-98,0,,192,100
519,5190,5990,2.9695081138488425e-89,0,,191,100
520,5200,6000,3.048286456726871e-116,0,,193,100
521,5210,6010,8.92611764703794e-140,0,,193,100
522,5220,6020,4.907906884197482e-134,0,,192,100
523,5230,6030,4.016273208304397e-99,0,,190,100
524,5240,6040,6.390429027143868e-124,0,,188,100
525,5250,6050,1.055693619068824e-88,0,,190,100
526,5260,6060,5.827962861488254e-54,0,,190,100
527,5270,6070,6.772435866047635e-60,0,,187,100
528,5280,6080,4.269836983828701e-81,0,,188,100
529,5290,6090,1.2906113110745675e-122,0,,187,100
530,5300,6100,5.381807180576568e-127,0,,186,100
531,5310,6110,2.0442989373225694e-139,0,,184,100
532,5320,6120,4.3971668542914874e-166,0,,185,100
533,5330,6130,1.6948954018243566e-167,0,,184,100
534,5340,6140,5.880180829861397e-92,0,,183,100
535,5350,6150,5.329622378783378e-116,0,,183,100
536,5360,6160,8.747962681485428e-112,0,,182,100
537,5370,6170,8.139725881189439e-100,0,,181,100
538,5380,6180,3.150421587076716e-164,0,,177,100
539,5390,6190,2.5849518794156783e-134,0,,179,100
540,5400,6200,8.841904525577397e-154,0,,179,100
541,5410,6210,7.94579208299526e-124,0,,178,100
542,5420,6220,2.0345807522656505e-160,0,,178,100
543,5430,6230,1.4821397480312357e-116,0,,182,100
544,5440,6240,2.956468610643564e-108,0,,182,100
545,5450,6250,1.0550954258875354e-100,0,,182,100
546,5460,6260,9.911327225124725e-90,0,,182,100
547,5470,6270,4.474862994587994e-105,0,,183,100
548,5480,6280,1.4015210970317376e-158,0,,181,100
549,5490,6290,4.566089611756499e-133,0,,181,100
550,5500,6300,6.437970351578268e-111,0,,180,100
551,5510,6310,6.738775918700969e-125,0,,178,100
552,5520,6320,3.530279457981852e-104,0,,179,100
553,5530,6330,1.6626876097207627e-161,0,,178,100
554,5540,6340,3.394084214281287e-123,0,,178,100
555,5550,6350,3.216573001417314e-101,0,,178,100
556,5560,6360,1.9238214966693625e-162,0,,177,100
557,5570,6370,1.9943580310455788e-160,0,,177,100
558,5580,6380,1.2992531872974808e-103,0,,174,100
559,5590,6390,7.404079778947044e-101,0,,174,100
560,5600,6400,7.636153320938884e-105,0,,174,100
561,5610,6410,2.535212227620177e-132,0,,174,100
562,5620,6420,4.958338706497709e-162,0,,171,100
563,5630,6430,3.2427378460057113e-146,0,,171,100
564,5640,6440,7.54747826296533e-130,0,,172,100
565,5650,6450,6.912195392553832e-110,0,,167,100
566,5660,6460,2.4299613591975127e-102,0,,167,100
567,5670,6470,6.8553777529461924e-93,0,,169,100
568,5680,6480,1.4000583897840531e-98,0,,169,100
569,5690,6490,3.9224431415823154e-100,0,,168,100
570,5700,6500,3.5897510041993346e-150,0,,167,100
571,5710,6510,2.0917835455029356e-121,0,,166,100
572,5720,6520,2.0447632203845494e-133,0,,165,100
573,5730,6530,2.089228661834048e-145,0,,165,100
574,5740,6540,8.934005074673347e-94,0,,165,100
575,5750,6550,3.214273877631346e-81,0,,165,100
576,5760,6560,5.51148768964795e-90,0,,165,100
577,5770,6570,2.1913740669067493e-90,0,,166,100
578,5780,6580,3.3364683290898927e-99,0,,163,100
579,5790,6590,6.757517675069756e-151,0,,163,100
580,5800,6600,1.6393844313973483e-163,0,,165,100
581,5810,6610,3.803479156286416e-150,0,,165,100
582,5820,6620,2.9955524946395634e-146,0,,165,100
583,5830,6630,1.126110222398093e-153,0,,167,100
584,5840,6640,2.6677307379367926e-87,0,,165,100
585,5850,6650,2.828915801899871e-131,0,,164,100
586,5860,6660,3.583871759260774e-197,0,,161,100
587,5870,6670,1.1219972713582753e-119,0,,163,100
588,5880,6680,1.9917476291393326e-171,0,,162,100
589,5890,6690,2.3670068748043932e-181,0,,164,100
590,5900,6700,1.0990950268738383e-108,0,,163,100
591,5910,6710,2.83620078433976e-101,0,,164,100
592,5920,6720,8.533960295236995e-112,0,,164,100
593,5930,6730,9.656610940752475e-146,0,,163,100
594,5940,6740,3.008350260026674e-139,0,,166,100
595,5950,6750,1.8731211266384188e-78,0,,165,100
596,5960,6760,1.5837585967975653e-140,0,,167,100
597,5970,6770,6.528924451770108e-108,0,,165,100
598,5980,6780,3.622289206797266e-129,0,,162,100
599,5990,6790,3.1679356351778244e-108,0,,163,100
600,6000,6800,2.1562383562065773e-123,0,,163,100
601,6010,6810,1.5426883273668138e-135,0,,165,100
602,6020,6820,1.6948178409297353e-138,0,,167,100
603,6030,6830,2.540688798434939e-177,0,,168,100
604,6040,6840,5.882802261189618e-140,0,,168,100
605,6050,6850,3.35785350433518e-104,0,,166,100
606,6060,6860,1.1611113559677051e-113,0,,168,100
607,6070,6870,1.0000659197494418e-144,0,,170,100
608,6080,6880,5.0584579036608986e-123,0,,172,100
609,6090,6890,3.1609876320969116e-92,0,,170,100
610,6100,6900,1.8863219321938623e-100,0,,169,100
611,6110,6910,3.4334731354582366e-128,0,,171,100
612,6120,6920,2.627176863007704e-184,0,,168,100
613,6130,6930,2.6050288681063396e-204,0,,168,100
614,6140,6940,2.869494622912316e-196,0,,170,100
615,6150,6950,1.058883525736328e-197,0,,171,100
616,6160,6960,3.9537618342960204e-130,0,,171,100
617,6170,6970,1.73643074502148e-116,0,,172,100
618,6180,6980,4.225636729175923e-112,0,,172,100
619,6190,6990,3.0299725594078822e-92,0,,172,100
620,6200,7000,7.456619109504245e-119,0,,174,100
621,6210,7010,5.212889774213976e-143,0,,172,100
622,6220,7020,1.8897077639940005e-163,0,,172,100
623,6230,7030,1.186482810886774e-148,0,,169,100
624,6240,7040,3.361824963816559e-163,0,,170,100
625,6250,7050,1.643361775329671e-202,0,,169,100
626,6260,7060,2.471642494358577e-123,0,,171,100
627,6270,7070,3.049144589247565e-132,0,,172,100
628,6280,7080,1.0063439947400051e-123,0,,171,100
629,6290,7090,4.119858031897488e-84,0,,171,100
630,6300,7100,6.195005363207118e-121,0,,172,100
631,6310,7110,4.983207822418427e-147,0,,172,100
632,6320,7120,1.4861612553004539e-133,0,,172,100
633,6330,7130,2.239830717273235e-147,0,,171,100
634,6340,7140,3.3416457931040505e-160,0,,171,100
635,6350,7150,1.6853607240870396e-155,0,,173,100
636,6360,7160,1.833687491159806e-206,0,,172,100
637,6370,7170,1.3639486540962706e-140,0,,174,100
638,6380,7180,2.8966497103470136e-189,0,,173,100
639,6390,7190,3.4707697317981663e-94,0,,172,100
640,6400,7200,1.048511375712978e-139,0,,173,100
641,6410,7210,2.2858211076075827e-142,0,,174,100
642,6420,7220,5.631440968322202e-158,0,,176,100
643,6430,7230,1.679383394072298e-181,0,,178,100
644,6440,7240,5.061587861424358e-175,0,,178,100
645,6450,7250,1.0327927239520372e-130,0,,180,100
646,6460,7260,8.910445301132902e-198,0,,179,100
647,6470,7270,1.9605460651356376e-198,0,,181,100
648,6480,7280,8.494036487383524e-158,0,,180,100
649,6490,7290,1.1146346576122531e-166,0,,181,100
650,6500,7300,6.51905652365869e-126,0,,179,100
651,6510,7310,7.912960771241801e-138,0,,178,100
652,6520,7320,1.8401961543754236e-116,0,,177,100
653,6530,7330,2.513934505414263e-170,0,,179,100
654,6540,7340,4.204944098226498e-136,0,,180,100
655,6550,7350,1.4353789638894338e-151,0,,178,100
656,6560,7360,5.124928102778721e-119,0,,176,100
657,6570,7370,1.0642323445521252e-159,0,,176,100
658,6580,7380,1.6884897733456885e-127,0,,177,100
659,6590,7390,5.561009249219297e-130,0,,175,100
660,6600,7400,6.6011987608570944e-96,0,,175,100
661,6610,7410,2.4296674549369904e-126,0,,175,100
662,6620,7420,3.4600714193253884e-154,0,,174,100
663,6630,7430,7.302233497017977e-110,0,,174,100
664,6640,7440,1.6335227448267801e-112,0,,176,100
665,6650,7450,1.8872871904807996e-87,0,,176,100
666,6660,7460,8.287627785233646e-140,0,,176,100
667,6670,7470,6.5785958168182695e-96,0,,176,100
668,6680,7480,1.0658068526808556e-165,0,,173,100
669,6690,7490,7.512490207002092e-108,0,,173,100
670,6700,7500,1.5981454246688987e-67,0,,173,100
671,6710,7510,3.4691449660960163e-115,0,,172,100
672,6720,7520,1.1037463404984042e-138,0,,172,100
673,6730,7530,2.028066828014246e-97,0,,171,100
674,6740,7540,2.9067574963192177e-149,0,,171,100
675,6750,7550,2.2222416030348806e-166,0,,170,100
676,6760,7560,5.131225263280343e-182,0,,170,100
677,6770,7570,5.7646359049624525e-114,0,,171,100
678,6780,7580,9.339182120730694e-106,0,,169,100
679,6790,7590,3.9850026016508185e-122,0,,169,100
680,6800,7600,1.331648819666057e-117,0,,170,100
681,6810,7610,1.0146073125650001e-67,0,,170,100
682,6820,7620,2.3617316416900073e-135,0,,169,100
683,6830,7630,2.1702499958761557e-170,0,,168,100
684,6840,7640,1.0190889302950117e-149,0,,169,100
685,6850,7650,1.0641650054645674e-182,0,,170,100
686,6860,7660,9.008514334695735e-130,0,,166,100
687,6870,7670,4.2646442200884485e-142,0,,166,100
688,6880,7680,1.0516059325525912e-139,0,,166,100
689,6890,7690,7.046029297309248e-123,0,,168,100
690,6900,7700,8.912332427858556e-138,0,,169,100
691,6910,7710,3.248105866988547e-91,0,,169,100
692,6920,7720,1.4941010868849615e-140,0,,170,100
693,6930,7730,2.3012593377941e-105,0,,169,100
694,6940,7740,1.2407880816693073e-134,0,,171,100
695,6950,7750,2.8030016799212273e-154,0,,170,100
696,6960,7760,4.0907288873679084e-130,0,,171,100
697,6970,7770,1.4294808827585381e-199,0,,172,100
698,6980,7780,6.42194154627413e-167,0,,171,100
699,6990,7790,7.439980532745907e-119,0,,168,100
700,7000,7800,7.745260511025475e-204,0,,169,100
701,7010,7810,6.138773581700974e-118,0,,169,100
702,7020,7820,2.0769199199115467e-111,0,,171,100
703,7030,7830,1.1889781289506728e-144,0,,171,100
704,7040,7840,2.2760413849577377e-174,0,,170,100
705,7050,7850,3.0252193547884315e-207,0,,171,100
706,7060,7860,3.358769985031271e-204,0,,167,100
707,7070,7870,6.015021565720188e-144,0,,169,100
708,7080,7880,1.0087766644202122e-150,0,,168,100
709,7090,7890,4.958036237580702e-165,0,,167,100
710,7100,7900,5.506296303130546e-148,0,,169,100
711,7110,7910,7.335619937534839e-128,0,,169,100
712,7120,7920,5.089740621514624e-147,0,,171,100
713,7130,7930,4.51059598135109e-148,0,,170,100
714,7140,7940,1.172607538212494e-184,0,,170,100
715,7150,7950,2.1740627510980676e-192,0,,172,100
716,7160,7960,4.605026378939885e-151,0,,173,100
717,7170,7970,5.014828852994102e-112,0,,175,100
718,7180,7980,1.5837016257622834e-177,0,,174,100
719,7190,7990,3.1746007582664484e-146,0,,174,100
720,7200,8000,2.5930832443901167e-151,0,,173,100
721,7210,8010,5.785447241212316e-219,0,,172,100
722,7220,8020,1.5348840826375968e-121,0,,170,100
723,7230,8030,5.5330553274938095e-158,0,,170,100
724,7240,8040,1.3799760916654398e-114,0,,169,100
725,7250,8050,5.336612335425123e-137,0,,168,100
726,7260,8060,2.6224467840495076e-120,0,,170,100
727,7270,8070,8.437564041664927e-149,0,,169,100
728,7280,8080,8.976623553262895e-196,0,,172,100
729,7290,8090,5.74393947744118e-132,0,,171,100
730,7300,8100,2.4142646763755312e-141,0,,170,100
731,7310,8110,2.7977308597238187e-142,0,,171,100
732,7320,8120,7.664955070659094e-153,0,,171,100
733,7330,8130,7.924731528325061e-86,0,,166,100
734,7340,8140,1.9052119601970208e-92,0,,169,100
735,7350,8150,2.4029594553168456e-117,0,,168,100
736,7360,8160,2.3388401729594173e-99,0,,168,100
737,7370,8170,3.3113534346126874e-149,0,,167,100
738,7380,8180,5.092999659467686e-133,0,,169,100
739,7390,8190,9.572390666801344e-145,0,,168,100
740,7400,8200,4.86943629666812e-129,0,,167,100
741,7410,8210,1.2913150262709653e-127,0,,170,100
742,7420,8220,1.6002629004666038e-104,0,,169,100
743,7430,8230,8.299309604853335e-100,0,,168,100
744,7440,8240,3.2796944717675577e-83,0,,166,100
745,7450,8250,6.982005267579974e-74,0,,168,100
746,7460,8260,2.8935588048395217e-143,0,,166,100
747,7470,8270,1.4591042714314675e-132,0,,167,100
748,7480,8280,3.588788802115129e-117,0,,168,100
749,7490,8290,5.142580524557616e-173,0,,167,100
750,7500,8300,8.36152751197678e-182,0,,169,100
751,7510,8310,9.121547015700009e-110,0,,166,100
752,7520,8320,1.0408566880853135e-153,0,,168,100
753,7530,8330,2.6033445066837088e-129,0,,167,100
754,7540,8340,1.0024791877891747e-121,0,,168,100
755,7550,8350,8.86400488668523e-99,0,,170,100
756,7560,8360,8.146952111666617e-131,0,,169,100
757,7570,8370,2.1403460217681958e-157,0,,171,100
758,7580,8380,2.5778124944724566e-127,0,,171,100
759,7590,8390,1.4405361151601256e-191,0,,171,100
760,7600,8400,2.723290031452652e-84,0,,169,100
761,7610,8410,4.6783797035112126e-79,0,,169,100
762,7620,8420,3.2268378149742665e-72,0,,170,100
763,7630,8430,1.061197056241354e-89,0,,171,100
764,7640,8440,3.5755281721791727e-73,0,,170,100
765,7650,8450,1.0886934038646572e-105,0,,168,100
766,7660,8460,5.217810285232904e-180,0,,167,100
767,7670,8470,1.6276038676562846e-157,0,,168,100
768,7680,8480,5.072293305356328e-117,0,,168,100
769,7690,8490,1.6214690453828746e-159,0,,169,100
770,7700,8500,5.920181770330546e-139,0,,167,100
771,7710,8510,6.55762984652184e-72,0,,167,100
772,7720,8520,5.810773594163831e-69,0,,169,100
773,7730,8530,3.070070371207208e-164,0,,165,100
774,7740,8540,3.787112141678608e-112,0,,165,100
775,7750,8550,1.93420931686891e-114,0,,166,100
776,7760,8560,2.430494312492173e-104,0,,167,100
777,7770,8570,1.4858124560610188e-116,0,,167,100
778,7780,8580,1.8094051489968134e-160,0,,167,100
779,7790,8590,4.0234941987692915e-119,0,,167,100
780,7800,8600,4.071453811609435e-75,0,,165,100
781,7810,8610,2.7651077208578266e-125,0,,163,100
782,7820,8620,6.8112364019490885e-81,0,,164,100
783,7830,8630,4.949216370239688e-106,0,,166,100
784,7840,8640,2.626869162716974e-82,0,,164,100
785,7850,8650,3.0879188207040156e-82,0,,167,100
786,7860,8660,4.358144047872216e-91,0,,167,100
787,7870,8670,3.440246134984709e-109,0,,167,100
788,7880,8680,3.571695636485008e-105,0,,166,100
789,7890,8690,2.945340751637007e-107,0,,167,100
790,7900,8700,3.310591833885856e-117,0,,168,100
791,7910,8710,4.215685610604468e-87,0,,166,100
792,7920,8720,3.0616229029561254e-159,0,,166,100
793,7930,8730,1.3682857801866455e-144,0,,166,100
794,7940,8740,4.752106395033759e-164,0,,166,100
795,7950,8750,4.521958452545034e-108,0,,167,100
796,7960,8760,1.9357470300685147e-116,0,,166,100
797,7970,8770,1.1790568855833274e-114,0,,170,100
798,7980,8780,4.4539448405401436e-92,0,,167,100
799,7990,8790,1.8083718545832119e-146,0,,170,100
800,8000,8800,8.186826819045324e-134,0,,170,100
801,8010,8810,3.1422038657901857e-131,0,,169,100
802,8020,8820,4.6952980207400935e-172,0,,169,100
803,8030,8830,4.594444406886328e-127,0,,168,100
804,8040,8840,1.4681720783920314e-153,0,,171,100
805,8050,8850,5.030102242502948e-133,0,,171,100
806,8060,8860,1.144290574133374e-89,0,,170,100
807,8070,8870,1.576720876132233e-115,0,,169,100
808,8080,8880,5.505281367107717e-139,0,,168,100
809,8090,8890,7.794976837698471e-135,0,,169,100
810,8100,8900,2.068649861157126e-83,0,,168,100
811,8110,8910,2.071489394042328e-100,0,,173,100
812,8120,8920,1.1657409205432004e-98,0,,175,100
813,8130,8930,3.666260807408509e-122,0,,174,100
814,8140,8940,8.070832289914955e-163,0,,172,100
815,8150,8950,1.1659186530166737e-167,0,,174,100
816,8160,8960,7.40772164883547e-115,0,,176,100
817,8170,8970,8.572363772951525e-134,0,,176,100
818,8180,8980,2.8174540188833573e-115,0,,177,100
819,8190,8990,2.9782055592379852e-139,0,,178,100
820,8200,9000,4.980141700010905e-78,0,,181,100
821,8210,9010,1.731610212364567e-109,0,,179,100
822,8220,9020,2.2632655850324953e-75,0,,180,100
823,8230,9030,4.6186248996463324e-91,0,,179,100
824,8240,9040,1.0337124013135621e-76,0,,178,100
825,8250,9050,7.860889393518489e-132,0,,179,100
826,8260,9060,7.969287203825853e-174,0,,179,100
827,8270,9070,8.93159156792433e-137,0,,181,100
828,8280,9080,1.2792950462445378e-102,0,,179,100
829,8290,9090,1.764206315376306e-121,0,,179,100
830,8300,9100,2.3414996706366395e-100,0,,180,100
831,8310,9110,7.912964117076816e-82,0,,180,100
832,8320,9120,6.458783141268996e-115,0,,179,100
833,8330,9130,6.094571280688488e-100,0,,179,100
834,8340,9140,6.641396974606985e-153,0,,177,100
835,8350,9150,2.60768509472342e-139,0,,173,100
836,8360,9160,1.0948982137755912e-136,0,,175,100
837,8370,9170,7.311212324025248e-103,0,,173,100
838,8380,9180,1.885115155878623e-105,0,,175,100
839,8390,9190,1.1260172402675191e-88,0,,176,100
840,8400,9200,5.566128006043165e-92,0,,176,100
841,8410,9210,4.7738358045544655e-113,0,,174,100
842,8420,9220,6.142179120413165e-132,0,,176,100
843,8430,9230,9.616592642017677e-148,0,,174,100
844,8440,9240,3.562186454479746e-147,0,,177,100
845,8450,9250,6.913759828441746e-210,0,,178,100
846,8460,9260,1.182352137210613e-161,0,,179,100
847,8470,9270,2.8374353251868728e-157,0,,181,100
848,8480,9280,3.7701825376279744e-125,0,,181,100
849,8490,9290,2.354961275830912e-143,0,,180,100
850,8500,9300,1.1803534358570316e-93,0,,178,100
851,8510,9310,1.4094529149879621e-99,0,,178,100
852,8520,9320,2.555392122256483e-165,0,,180,100
853,8530,9330,5.00181704834435e-129,0,,180,100
854,8540,9340,4.00552833801e-181,0,,180,100
855,8550,9350,6.481224550333925e-236,0,,179,100
856,8560,9360,1.5514278335933547e-148,0,,180,100
857,8570,9370,3.5362295811652865e-125,0,,180,100
858,8580,9380,9.875191328286634e-134,0,,180,100
859,8590,9390,4.0497117227061817e-103,0,,181,100
860,8600,9400,5.541314854744256e-131,0,,182,100
861,8610,9410,1.1229177845695986e-91,0,,181,100
862,8620,9420,1.3935815673577388e-131,0,,182,100
863,8630,9430,1.2483703227152742e-161,0,,180,100
864,8640,9440,1.421888511613591e-169,0,,183,100
865,8650,9450,6.140947981944302e-169,0,,181,100
866,8660,9460,1.8057669337166555e-154,0,,182,100
867,8670,9470,1.4851678512125934e-139,0,,185,100
868,8680,9480,1.2693458839674246e-75,0,,185,100
869,8690,9490,1.3343220859388399e-71,0,,185,100
870,8700,9500,4.960791896962587e-84,0,,183,100
871,8710,9510,3.627672563462958e-155,0,,183,100
872,8720,9520,1.831097306306214e-114,0,,184,100
873,8730,9530,3.928551555630027e-121,0,,183,100
874,8740,9540,3.361754649159512e-198,0,,180,100
875,8750,9550,3.2405064416590727e-157,0,,181,100
876,8760,9560,1.4467661899521268e-111,0,,181,100
877,8770,9570,6.005520096030683e-119,0,,179,100
878,8780,9580,7.504601852827564e-92,0,,180,100
879,8790,9590,1.857025584648818e-113,0,,179,100
880,8800,9600,5.23665089742767e-128,0,,180,100
881,8810,9610,7.790202962427001e-139,0,,181,100
882,8820,9620,1.2875929498950063e-49,0,,184,100
883,8830,9630,4.513680786783969e-141,0,,182,100
884,8840,9640,9.181444554892185e-144,0,,181,100
885,8850,9650,2.4374890181049717e-133,0,,181,100
886,8860,9660,2.618385833883146e-110,0,,180,100
887,8870,9670,4.255172555579404e-39,0,,179,100
888,8880,9680,4.884305455685485e-51,0,,180,100
889,8890,9690,3.026333623623792e-45,0,,184,100
890,8900,9700,6.237367748813972e-120,0,,181,100
891,8910,9710,9.095674059184958e-158,0,,176,100
892,8920,9720,1.8634187258516067e-143,0,,178,100
893,8930,9730,5.932381606835943e-158,0,,178,100
894,8940,9740,2.7565357273573107e-72,0,,177,100
895,8950,9750,4.968568107506261e-66,0,,178,100
896,8960,9760,3.836265735480594e-50,0,,177,100
897,8970,9770,2.3216333396363094e-52,0,,177,100
898,8980,9780,2.9726009793228386e-113,0,,175,100
899,8990,9790,1.9965965886205525e-93,0,,174,100
900,9000,9800,2.649153632572265e-92,0,,172,100
901,9010,9810,2.78823765473585e-135,0,,172,100
902,9020,9820,9.486572581053042e-132,0,,173,100
903,9030,9830,2.4033573375359842e-87,0,,174,100
904,9040,9840,1.9321557122531094e-55,0,,172,100
905,9050,9850,3.73845977173202e-40,0,,172,100
906,9060,9860,6.960834679751949e-69,0,,172,100
907,9070,9870,0.0,0,,169,100
908,9080,9880,0.0,0,,172,100
909,9090,9890,1.1523402852407737e-131,0,,171,100
910,9100,9900,2.36297520033759e-140,0,,172,100
911,9110,9910,2.587466463294464e-163,0,,173,100
912,9120,9920,9.265227211249512e-118,0,,173,100
913,9130,9930,6.951869801479522e-62,0,,174,100
914,9140,9940,5.9157415747637324e-67,0,,173,100
915,9150,9950,3.5094396798271004e-38,0,,176,100
916,9160,9960,6.8337946376795005e-93,0,,175,100
917,9170,9970,1.1013686942703094e-228,0,,173,100
918,9180,9980,3.052360462538173e-219,0,,174,100
919,9190,9990,5.053386675635296e-217,0,,174,100
920,9200,10000,4.9793534235075075e-166,0,,175,100
921,9210,10010,3.1623770818319053e-169,0,,176,100
922,9220,10020,7.268767759316039e-75,0,,178,100
923,9230,10030,2.561592850615275e-64,0,,179,100
924,9240,10040,1.860765444556261e-61,0,,177,100
925,9250,10050,6.419985752015041e-65,0,,176,100
926,9260,10060,4.141258243890653e-151,0,,178,100
927,9270,10070,0.0,0,,176,100
928,9280,10080,0.0,0,,174,100
929,9290,10090,4.883983756116182e-153,0,,175,100
930,9300,10100,6.466956540785579e-169,0,,176,100
931,9310,10110,2.0838749288217373e-139,0,,176,100
932,9320,10120,1.7571960272876887e-95,0,,172,100
933,9330,10130,2.5055360263382577e-98,0,,172,100
934,9340,10140,1.0740507691171882e-141,0,,171,100
935,9350,10150,1.394715776629204e-189,0,,171,100
936,9360,10160,4.925261807457526e-134,0,,171,100
937,9370,10170,1.233403267446622e-196,0,,171,100
938,9380,10180,1.0472090967873926e-157,0,,170,100
939,9390,10190,7.919296234351963e-147,0,,170,100
940,9400,10200,2.086161767440587e-144,0,,171,100
941,9410,10210,1.2120607371776806e-125,0,,170,100
942,9420,10220,3.5677964765162983e-140,0,,171,100
943,9430,10230,9.158824162997192e-162,0,,172,100
944,9440,10240,1.437901684294765e-123,0,,171,100
945,9450,10250,8.605985319323917e-132,0,,169,100
946,9460,10260,4.540418692377041e-146,0,,168,100
947,9470,10270,1.0296436636859846e-165,0,,167,100
948,9480,10280,2.058034554632985e-137,0,,166,100
949,9490,10290,6.317627065875152e-203,0,,167,100
950,9500,10300,4.323953349623236e-136,0,,167,100
951,9510,10310,2.3991498309016745e-167,0,,167,100
952,9520,10320,9.046697523888159e-141,0,,166,100
953,9530,10330,2.5736429499646457e-88,0,,169,100
954,9540,10340,1.9314441124036817e-88,0,,167,100
955,9550,10350,3.86004453062267e-71,0,,168,100
956,9560,10360,4.8873934573680294e-114,0,,168,100
957,9570,10370,6.710688812988912e-133,0,,168,100
958,9580,10380,2.0018027602130495e-191,0,,167,100
959,9590,10390,6.34581807826783e-197,0,,166,100
960,9600,10400,3.269073860065295e-200,0,,168,100
961,9610,10410,2.14130065099762e-229,0,,165,100
962,9620,10420,2.941345345413921e-98,0,,164,100
963,9630,10430,2.348486503264634e-66,0,,166,100
964,9640,10440,2.3800700969657004e-68,0,,165,100
965,9650,10450,4.429687806462728e-68,0,,168,100
966,9660,10460,9.134460181790024e-64,0,,168,100
967,9670,10470,7.104011881699906e-238,0,,166,100
968,9680,10480,6.856707220781085e-295,0,,166,100
969,9690,10490,9.078597563089159e-191,0,,167,100
970,9700,10500,2.8581122241821004e-217,0,,167,100
971,9710,10510,5.726291793849191e-249,0,,166,100
972,9720,10520,1.8699656499114424e-130,0,,166,100
973,9730,10530,9.539608336670672e-127,0,,167,100
974,9740,10540,8.809629424964445e-100,0,,168,100
975,9750,10550,3.6951077720537446e-93,0,,168,100
976,9760,10560,4.52536627552376e-62,0,,170,100
977,9770,10570,9.51433925351814e-235,0,,171,100
978,9780,10580,1.2729312713017904e-205,0,,172,100
979,9790,10590,2.5104909539054554e-256,0,,172,100
980,9800,10600,3.43547006652824e-191,0,,172,100
981,9810,10610,3.3964703545057175e-191,0,,172,100
982,9820,10620,1.3083038208396933e-177,0,,171,100
983,9830,10630,3.6804195971943764e-108,0,,171,100
984,9840,10640,5.048109637618155e-124,0,,172,100
985,9850,10650,4.933430941608547e-111,0,,172,100
986,9860,10660,2.441490012912433e-96,0,,172,100
987,9870,10670,2.34572320526001e-192,0,,172,100
988,9880,10680,6.290408077454369e-269,0,,170,100
989,9890,10690,1.4172517177027396e-174,0,,172,100
990,9900,10700,7.087677386624331e-153,0,,174,100
991,9910,10710,7.932475848224214e-190,0,,173,100
992,9920,10720,0.0,0,,175,100
993,9930,10730,9.769633683159053e-122,0,,175,100
994,9940,10740,1.266966979125889e-115,0,,172,100
995,9950,10750,2.004058040767781e-73,0,,170,100
996,9960,10760,5.1359551726456396e-176,0,,172,100
997,9970,10770,2.1272979839155478e-196,0,,171,100
998,9980,10780,1.615141630377541e-278,0,,171,100
999,9990,10790,8.142132219060483e-120,0,,172,100
1000,10000,10800,2.399380246345151e-147,0,,170,100
1001,10010,10810,1.6247687623613366e-141,0,,169,100
1002,10020,10820,5.004220919382165e-152,0,,167,100
1003,10030,10830,1.194673628401861e-194,0,,168,100
1004,10040,10840,4.1689564743764065e-171,0,,167,100
1005,10050,10850,1.9844866312689952e-208,0,,167,100
1006,10060,10860,3.074842845461661e-267,0,,169,100
1007,10070,10870,9.550335842728356e-138,0,,167,100
1008,10080,10880,4.183255660726248e-193,0,,167,100
1009,10090,10890,0.0,0,,166,100
1010,10100,10900,2.763626398107282e-188,0,,166,100
1011,10110,10910,2.5458947339507366e-168,0,,167,100
1012,10120,10920,1.0051836600109062e-120,0,,168,100
1013,10130,10930,1.4922035499939657e-154,0,,169,100
1014,10140,10940,6.804555484084053e-159,0,,170,100
1015,10150,10950,5.989178239365048e-205,0,,168,100
1016,10160,10960,3.688207865552042e-171,0,,168,100
1017,10170,10970,8.657010167639603e-218,0,,171,100
1018,10180,10980,4.075932821372311e-146,0,,170,100
1019,10190,10990,3.968809097224759e-166,0,,169,100
1020,10200,11000,8.829598050870078e-166,0,,169,100
1021,10210,11010,1.5079820763566467e-158,0,,168,100
1022,10220,11020,4.939515109597123e-145,0,,166,100
1023,10230,11030,4.765954988214078e-133,0,,165,100
1024,10240,11040,4.371634834792793e-130,0,,166,100
1025,10250,11050,8.198027366789367e-153,0,,167,100
1026,10260,11060,2.5570607212615645e-163,0,,168,100
1027,10270,11070,1.8781979423670816e-184,0,,169,100
1028,10280,11080,9.65111252724624e-131,0,,169,100
1029,10290,11090,2.9693543395123937e-161,0,,170,100
1030,10300,11100,4.850993378025393e-163,0,,172,100
1031,10310,11110,3.362457511998344e-145,0,,172,100
1032,10320,11120,1.1548642501506501e-58,0,,174,100
1033,10330,11130,6.626165374533322e-144,0,,173,100
1034,10340,11140,2.2595988950975265e-130,0,,172,100
1035,10350,11150,1.3463756992137624e-124,0,,172,100
1036,10360,11160,2.7045595338749037e-162,0,,171,100
1037,10370,11170,1.3956624177762708e-131,0,,172,100
1038,10380,11180,5.860396083126109e-132,0,,171,100
1039,10390,11190,1.1085531331156705e-114,0,,170,100
1040,10400,11200,1.9925329357394672e-138,0,,170,100
1041,10410,11210,3.7711001626060795e-139,0,,170,100
1042,10420,11220,6.214391767529744e-125,0,,170,100
1043,10430,11230,2.0030925158940432e-119,0,,170,100
1044,10440,11240,2.642594961702153e-97,0,,171,100
1045,10450,11250,3.1272383654105367e-164,0,,169,100
1046,10460,11260,9.74373201627871e-197,0,,172,100
1047,10470,11270,2.5211404973038937e-130,0,,170,100
1048,10480,11280,2.6676699509972553e-159,0,,170,100
1049,10490,11290,2.8581888552320675e-107,0,,168,100
1050,10500,11300,1.1885064623800203e-99,0,,171,100
1051,10510,11310,3.981094185111808e-67,0,,172,100
1052,10520,11320,3.927429550654727e-81,0,,173,100
1053,10530,11330,1.8425462839261721e-103,0,,172,100
1054,10540,11340,4.984278306260375e-41,0,,170,100
1055,10550,11350,1.6334494032628187e-120,0,,172,100
1056,10560,11360,3.4453824136779778e-155,0,,169,100
1057,10570,11370,2.4379787176258062e-96,0,,168,100
1058,10580,11380,9.339358757129328e-90,0,,168,100
1059,10590,11390,2.211830170175644e-167,0,,168,100
1060,10600,11400,9.7679147457804e-211,0,,168,100
1061,10610,11410,5.758163631521895e-231,0,,168,100
1062,10620,11420,2.990956997450477e-132,0,,166,100
1063,10630,11430,9.783862437862647e-142,0,,168,100
1064,10640,11440,1.3027398259200893e-159,0,,171,100
1065,10650,11450,1.2421798044760888e-206,0,,170,100
1066,10660,11460,2.167951517017098e-261,0,,170,100
1067,10670,11470,8.80059349092938e-151,0,,169,100
1068,10680,11480,8.271265237543626e-149,0,,170,100
1069,10690,11490,3.058500664066819e-123,0,,168,100
1070,10700,11500,1.8825357960566964e-205,0,,165,100
1071,10710,11510,4.143529455074146e-173,0,,166,100
1072,10720,11520,4.043219920660977e-164,0,,167,100
1073,10730,11530,1.7047811735558793e-179,0,,169,100
1074,10740,11540,1.3668280342999217e-205,0,,170,100
1075,10750,11550,2.581548707085537e-119,0,,170,100
1076,10760,11560,8.012109662611972e-108,0,,169,100
1077,10770,11570,4.3769609735184787e-150,0,,170,100
1078,10780,11580,8.03309163885862e-124,0,,171,100
1079,10790,11590,3.3230144336795576e-112,0,,171,100
1080,10800,11600,4.12637857443102e-157,0,,172,100
1081,10810,11610,2.137390315320822e-182,0,,173,100
1082,10820,11620,3.1460547795170066e-225,0,,173,100
1083,10830,11630,5.766130609705088e-221,0,,172,100
1084,10840,11640,1.603342434819752e-292,0,,174,100
1085,10850,11650,1.8295919696597294e-255,0,,174,100
1086,10860,11660,4.3142539480452396e-101,0,,175,100
1087,10870,11670,3.4713057941401865e-98,0,,175,100
1088,10880,11680,5.522389054227531e-97,0,,175,100
1089,10890,11690,2.3484111471358246e-139,0,,174,100
1090,10900,11700,2.3013465143938468e-191,0,,174,100
1091,10910,11710,4.7652432916981944e-172,0,,175,100
1092,10920,11720,1.728583189693059e-284,0,,175,100
1093,10930,11730,2.856052384398511e-176,0,,175,100
1094,10940,11740,6.006711736171955e-218,0,,174,100
1095,10950,11750,1.8567907537901307e-236,0,,173,100
1096,10960,11760,2.3399477793295112e-98,0,,172,100
1097,10970,11770,1.0825587530097579e-154,0,,170,100
1098,10980,11780,1.089526623202753e-167,0,,172,100
1099,10990,11790,8.090083689991122e-152,0,,172,100
1100,11000,11800,1.438995838247153e-212,0,,170,100
1101,11010,11810,1.0686721818977719e-208,0,,173,100
1102,11020,11820,1.8003867277623142e-293,0,,172,100
1103,11030,11830,3.003652929003586e-262,0,,172,100
1104,11040,11840,9.735184608217074e-155,0,,171,100
1105,11050,11850,8.37447055229528e-199,0,,171,100
1106,11060,11860,4.29335917574675e-105,0,,170,100
1107,11070,11870,2.864601458945656e-139,0,,169,100
1108,11080,11880,4.5518543847868547e-166,0,,168,100
1109,11090,11890,1.2136715624648512e-181,0,,169,100
1110,11100,11900,3.352985893898729e-243,0,,166,100
1111,11110,11910,1.5589754189422882e-122,0,,167,100
1112,11120,11920,7.69103822813414e-222,0,,166,100
1113,11130,11930,4.123242556859873e-97,0,,166,100
1114,11140,11940,2.7243527688008943e-199,0,,167,100
1115,11150,11950,7.237430649900011e-153,0,,167,100
1116,11160,11960,3.591624283486733e-177,0,,167,100
1117,11170,11970,1.1560508532104177e-180,0,,168,100
1118,11180,11980,6.87335411312144e-224,0,,166,100
1119,11190,11990,6.222234809508768e-208,0,,167,100
1120,11200,12000,1.624031644828806e-120,0,,168,100
1121,11210,12010,7.080118464759592e-88,0,,171,100
1122,11220,12020,1.564964760546633e-100,0,,171,100
1123,11230,12030,1.2251414938639624e-195,0,,168,100
1124,11240,12040,5.095109653448924e-112,0,,169,100
1125,11250,12050,5.5663624282265826e-179,0,,168,100
1126,11260,12060,3.303338714414769e-158,0,,170,100
1127,11270,12070,6.140142259332701e-289,0,,171,100
1128,11280,12080,1.3752569203394912e-248,0,,171,100
1129,11290,12090,5.34975139121255e-206,0,,171,100
1130,11300,12100,7.341215293346089e-165,0,,168,100
1131,11310,12110,1.3701728451124923e-169,0,,169,100
1132,11320,12120,1.1550334067619423e-152,0,,170,100
1133,11330,12130,1.0840858459537296e-181,0,,171,100
1134,11340,12140,2.2007627308218354e-225,0,,169,100
1135,11350,12150,1.72960101810997e-213,0,,169,100
1136,11360,12160,3.0843167800373947e-196,0,,171,100
1137,11370,12170,1.0471120028344399e-241,0,,170,100
1138,11380,12180,6.572078398010745e-173,0,,167,100
1139,11390,12190,5.773450825295119e-115,0,,167,100
1140,11400,12200,3.207749711744366e-122,0,,168,100
1141,11410,12210,5.2477952898301296e-167,0,,169,100
1142,11420,12220,7.820343319274562e-163,0,,168,100
1143,11430,12230,3.127380280802843e-151,0,,169,100
1144,11440,12240,3.855258311780353e-210,0,,166,100
1145,11450,12250,1.2042179628980723e-210,0,,165,100
1146,11460,12260,5.379576573653398e-194,0,,165,100
1147,11470,12270,5.099382268523471e-209,0,,165,100
1148,11480,12280,1.3380358169623624e-186,0,,167,100
1149,11490,12290,7.193953081196556e-135,0,,168,100
1150,11500,12300,1.981068576237794e-128,0,,169,100
1151,11510,12310,7.681674050397014e-167,0,,169,100
1152,11520,12320,3.0901460827157897e-148,0,,167,100
1153,11530,12330,8.851405355838201e-158,0,,167,100
1154,11540,12340,4.1623014506378604e-131,0,,168,100
1155,11550,12350,2.0447472740525284e-224,0,,167,100
1156,11560,12360,2.1777306075370096e-252,0,,167,100
1157,11570,12370,2.069705087552975e-242,0,,167,100
1158,11580,12380,1.2383577109787607e-197,0,,166,100
1159,11590,12390,1.349334407228217e-279,0,,163,100
1160,11600,12400,3.3008455650576606e-203,0,,165,100
1161,11610,12410,2.0478965939640378e-194,0,,164,100
1162,11620,12420,1.1141715388662581e-156,0,,166,100
1163,11630,12430,8.611514095825964e-174,0,,164,100
1164,11640,12440,5.843750199029471e-241,0,,164,100
1165,11650,12450,3.044295931007169e-205,0,,163,100
1166,11660,12460,4.9206181120030824e-204,0,,164,100
1167,11670,12470,9.29932758485772e-156,0,,168,100
1168,11680,12480,5.790564603819927e-156,0,,168,100
1169,11690,12490,1.2642610443123166e-128,0,,168,100
1170,11700,12500,1.0496674191625584e-76,0,,168,100
1171,11710,12510,4.327465382796604e-103,0,,167,100
1172,11720,12520,2.1348603073329772e-88,0,,167,100
1173,11730,12530,1.6636411327678238e-121,0,,167,100
1174,11740,12540,4.199803582718363e-116,0,,168,100
1175,11750,12550,1.9446090266037441e-115,0,,169,100
1176,11760,12560,1.0135809009351764e-109,0,,169,100
1177,11770,12570,4.097747721486398e-98,0,,171,100
1178,11780,12580,6.65197340724683e-90,0,,169,100
1179,11790,12590,1.4498358881132007e-115,0,,170,100
1180,11800,12600,2.837901328305136e-122,0,,171,100
1181,11810,12610,6.580973682882325e-93,0,,173,100
1182,11820,12620,5.420898895574839e-81,0,,173,100
1183,11830,12630,1.922947443971449e-113,0,,175,100
1184,11840,12640,7.697375875947502e-124,0,,174,100
1185,11850,12650,8.59520683149323e-111,0,,174,100
1186,11860,12660,4.1314201823715094e-89,0,,174,100
1187,11870,12670,2.7393855657174387e-109,0,,176,100
1188,11880,12680,2.6227702186511165e-73,0,,177,100
1189,11890,12690,2.3865921841289052e-60,0,,177,100
1190,11900,12700,2.0975088979503233e-126,0,,176,100
1191,11910,12710,3.819323388727397e-129,0,,175,100
1192,11920,12720,7.158988218405682e-106,0,,174,100
1193,11930,12730,3.0214414824854863e-147,0,,174,100
1194,11940,12740,1.139550688929204e-124,0,,175,100
1195,11950,12750,4.1219035004969187e-119,0,,176,100
1196,11960,12760,6.595273409582757e-115,0,,176,100
1197,11970,12770,1.1550939821919545e-78,0,,175,100
1198,11980,12780,5.834498119873646e-126,0,,175,100
1199,11990,12790,2.8620004715564434e-108,0,,175,100
1200,12000,12800,3.878582590885048e-130,0,,174,100
1201,12010,12810,7.357414022206828e-66,0,,173,100
1202,12020,12820,1.373632391038965e-98,0,,173,100
1203,12030,12830,3.9377229465962956e-136,0,,173,100
1204,12040,12840,2.634944864373961e-112,0,,171,100
1205,12050,12850,1.708933763628161e-137,0,,172,100
1206,12060,12860,5.882635299116834e-126,0,,171,100
1207,12070,12870,1.337395256380921e-145,0,,173,100
1208,12080,12880,2.0832409603458646e-127,0,,173,100
1209,12090,12890,1.1014829173018396e-145,0,,172,100
1210,12100,12900,6.466799057313723e-136,0,,171,100
1211,12110,12910,1.9567432490378264e-127,0,,171,100
1212,12120,12920,5.787510682536085e-130,0,,171,100
1213,12130,12930,1.3759522381518538e-142,0,,170,100
1214,12140,12940,1.135574296161029e-155,0,,174,100
1215,12150,12950,2.8551187654756616e-140,0,,173,100
1216,12160,12960,7.248745516779213e-136,0,,173,100
1217,12170,12970,1.1393921208089062e-138,0,,175,100
1218,12180,12980,1.524132941663458e-161,0,,175,100
1219,12190,12990,6.499007419829636e-229,0,,176,100
1220,12200,13000,1.9992396118378046e-133,0,,176,100
1221,12210,13010,2.807199335072094e-131,0,,177,100
1222,12220,13020,2.4248925746855528e-167,0,,179,100
1223,12230,13030,3.583122184804851e-143,0,,178,100
1224,12240,13040,1.031439029057897e-127,0,,178,100
1225,12250,13050,6.914989389044677e-101,0,,178,100
1226,12260,13060,7.440615787218201e-88,0,,177,100
1227,12270,13070,1.6847234206130924e-97,0,,174,100
1228,12280,13080,4.179356691453319e-123,0,,175,100
1229,12290,13090,7.945102505496796e-75,0,,175,100
1230,12300,13100,1.8940567976350028e-93,0,,176,100
1231,12310,13110,4.437770562150859e-123,0,,174,100
1232,12320,13120,9.078915520048156e-167,0,,176,100
1233,12330,13130,1.438082760690082e-87,0,,172,100
1234,12340,13140,3.523785945912311e-117,0,,172,100
1235,12350,13150,2.2195536058365445e-112,0,,172,100
1236,12360,13160,2.474538994027535e-118,0,,172,100
1237,12370,13170,1.88660288696047e-138,0,,173,100
1238,12380,13180,7.693273083971512e-124,0,,174,100
1239,12390,13190,7.414819267143473e-94,0,,174,100
1240,12400,13200,6.674613866851455e-106,0,,173,100
1241,12410,13210,7.2141551632034865e-140,0,,174,100
1242,12420,13220,1.2158886357053817e-131,0,,173,100
1243,12430,13230,9.00333610167703e-106,0,,173,100
1244,12440,13240,2.59276074551806e-91,0,,174,100
1245,12450,13250,7.421642032362226e-122,0,,173,100
1246,12460,13260,2.2372258313213964e-117,0,,172,100
1247,12470,13270,2.8232517793171526e-84,0,,169,100
1248,12480,13280,3.165072285645987e-91,0,,171,100
1249,12490,13290,7.303231793212937e-103,0,,173,100
1250,12500,13300,4.086806005291908e-84,0,,172,100
1251,12510,13310,1.703148437978196e-79,0,,172,100
1252,12520,13320,2.9461490551534837e-86,0,,174,100
1253,12530,13330,1.063901186468076e-66,0,,173,100
1254,12540,13340,2.0731310135438317e-76,0,,172,100
1255,12550,13350,3.681112137665209e-88,0,,171,100
1256,12560,13360,3.481392862977766e-87,0,,175,100
1257,12570,13370,2.78349183793282e-50,0,,175,100
1258,12580,13380,3.744996050582434e-101,0,,174,100
1259,12590,13390,1.6682323503078517e-127,0,,173,100
1260,12600,13400,9.106440319907219e-81,0,,172,100
1261,12610,13410,1.6760101387585493e-59,0,,172,100
1262,12620,13420,2.4423326428289124e-45,0,,173,100
1263,12630,13430,2.6976032355503314e-58,0,,175,100
1264,12640,13440,8.114262168912291e-88,0,,175,100
1265,12650,13450,7.708422968105048e-67,0,,176,100
1266,12660,13460,8.165171772309731e-90,0,,175,100
1267,12670,13470,8.460124004374186e-140,0,,174,100
1268,12680,13480,1.138209858074341e-125,0,,171,100
1269,12690,13490,5.0998014262179956e-118,0,,174,100
1270,12700,13500,2.5025396860446995e-84,0,,174,100
1271,12710,13510,2.2336170526437777e-75,0,,175,100
1272,12720,13520,6.897055482201081e-123,0,,174,100
1273,12730,13530,2.584185714230401e-66,0,,174,100
1274,12740,13540,2.862263748097326e-86,0,,173,100
1275,12750,13550,1.2635542467573744e-95,0,,175,100
1276,12760,13560,2.3751609175796423e-106,0,,175,100
1277,12770,13570,1.846960934667651e-112,0,,176,100
1278,12780,13580,9.772746119647357e-130,0,,175,100
1279,12790,13590,1.1108855691975658e-120,0,,175,100
1280,12800,13600,1.1303939727965997e-125,0,,177,100
1281,12810,13610,2.888367554621139e-140,0,,176,100
1282,12820,13620,2.3082703032210296e-144,0,,177,100
1283,12830,13630,6.058466540342483e-176,0,,178,100
1284,12840,13640,4.4444712615743173e-100,0,,178,100
1285,12850,13650,8.804217579663003e-138,0,,177,100
1286,12860,13660,8.513035729421263e-135,0,,178,100
1287,12870,13670,2.0645817740517178e-126,0,,178,100
1288,12880,13680,9.72042641583342e-172,0,,179,100
1289,12890,13690,4.02011545906563e-127,0,,180,100
1290,12900,13700,2.000590140143212e-284,0,,179,100
1291,12910,13710,4.275400882163846e-263,0,,180,100
1292,12920,13720,7.6196792512113915e-292,0,,179,100
1293,12930,13730,1.1925691222181876e-231,0,,179,100
1294,12940,13740,2.236115085699038e-70,0,,177,100
1295,12950,13750,2.3671578456923866e-81,0,,178,100
1296,12960,13760,1.0922568376288627e-100,0,,178,100
1297,12970,13770,8.490364140369891e-119,0,,178,100
1298,12980,13780,8.863733606451362e-165,0,,177,100
1299,12990,13790,7.480919918887364e-286,0,,176,100
1300,13000,13800,3.8989924089288655e-241,0,,178,100
1301,13010,13810,2.0219952618491502e-98,0,,177,100
1302,13020,13820,3.8842831860391105e-88,0,,176,100
1303,13030,13830,4.523858976145211e-87,0,,176,100
1304,13040,13840,4.818817245612399e-101,0,,177,100
1305,13050,13850,1.717635251303706e-85,0,,176,100
1306,13060,13860,6.123200112990257e-101,0,,176,100
1307,13070,13870,2.178956149296911e-174,0,,180,100
1308,13080,13880,6.802366683018014e-211,0,,178,100
1309,13090,13890,7.061671112660462e-209,0,,180,100
1310,13100,13900,2.0641026720007013e-244,0,,181,100
1311,13110,13910,2.0247907502530494e-267,0,,184,100
1312,13120,13920,2.6069865111756244e-275,0,,185,100
1313,13130,13930,1.8385176760365624e-150,0,,185,100
1314,13140,13940,1.7338035197348656e-96,0,,187,100
1315,13150,13950,1.697163466042028e-78,0,,186,100
1316,13160,13960,9.111260179021549e-64,0,,185,100
1317,13170,13970,2.780732376955893e-94,0,,186,100
1318,13180,13980,5.098114810936061e-163,0,,187,100
1319,13190,13990,2.1724128846103118e-202,0,,185,100
1320,13200,14000,3.1080636626075656e-235,0,,187,100
1321,13210,14010,6.607803198820419e-286,0,,187,100
1322,13220,14020,1.4476949816021745e-142,0,,186,100
1323,13230,14030,1.0488314203248859e-99,0,,189,100
1324,13240,14040,3.0560926167966092e-173,0,,187,100
1325,13250,14050,1.0675991435329292e-47,0,,187,100
1326,13260,14060,8.013270532056893e-61,0,,187,100
1327,13270,14070,2.7180667772155906e-82,0,,189,100
1328,13280,14080,2.503079436209405e-92,0,,189,100
1329,13290,14090,3.217001492769766e-85,0,,188,100
1330,13300,14100,7.665786850702767e-92,0,,190,100
1331,13310,14110,4.403360548090204e-129,0,,188,100
1332,13320,14120,3.4841897929539235e-62,0,,187,100
1333,13330,14130,7.410438799194616e-64,0,,186,100
1334,13340,14140,4.149185487670853e-52,0,,187,100
1335,13350,14150,1.244399776443893e-77,0,,188,100
1336,13360,14160,2.7002719620114328e-90,0,,187,100
1337,13370,14170,3.0445558209031534e-95,0,,187,100
1338,13380,14180,3.163589200831231e-89,0,,188,100
1339,13390,14190,7.492912514999552e-135,0,,189,100
1340,13400,14200,4.958169917909756e-156,0,,189,100
1341,13410,14210,7.259457923738443e-80,0,,190,100
1342,13420,14220,3.987161254422701e-51,0,,189,100
1343,13430,14230,1.5072863770855764e-150,0,,185,100
1344,13440,14240,3.3829697708511373e-98,0,,184,100
1345,13450,14250,7.761334253573299e-88,0,,186,100
1346,13460,14260,3.07097390720272e-137,0,,186,100
1347,13470,14270,3.8913794851086313e-156,0,,185,100
1348,13480,14280,4.016794349809997e-149,0,,186,100
1349,13490,14290,4.64267152091446e-115,0,,187,100
1350,13500,14300,4.957543822740717e-89,0,,185,100
1351,13510,14310,4.657723834404309e-85,0,,184,100
1352,13520,14320,6.617821805546535e-84,0,,186,100
1353,13530,14330,1.7042259192631187e-208,0,,187,100
1354,13540,14340,1.4877319348333823e-157,0,,185,100
1355,13550,14350,2.067855534022242e-151,0,,184,100
1356,13560,14360,5.035488341986782e-101,0,,187,100
1357,13570,14370,2.1872278529064477e-111,0,,189,100
1358,13580,14380,1.982896587217023e-160,0,,188,100
1359,13590,14390,5.119846368405895e-206,0,,189,100
1360,13600,14400,3.802166674937571e-112,0,,188,100
1361,13610,14410,1.8175405050700206e-129,0,,186,100
1362,13620,14420,8.602644351482943e-190,0,,185,100
1363,13630,14430,3.672258850117589e-48,0,,187,100
1364,13640,14440,2.9104200746760022e-24,0,,189,100
1365,13650,14450,3.9091687140969793e-82,0,,189,100
1366,13660,14460,4.1157368113144987e-106,0,,190,100
1367,13670,14470,1.0735322047657396e-199,0,,187,100
1368,13680,14480,4.0404403530085653e-134,0,,186,100
1369,13690,14490,1.185473931472716e-137,0,,187,100
1370,13700,14500,1.8141394498653687e-97,0,,187,100
1371,13710,14510,5.980613502411642e-122,0,,187,100
1372,13720,14520,1.9569106199863342e-110,0,,188,100
1373,13730,14530,9.513830420334367e-42,0,,189,100
1374,13740,14540,9.268027625875687e-158,0,,188,100
1375,13750,14550,2.614982136519126e-81,0,,187,100
1376,13760,14560,1.403917876143405e-189,0,,187,100
1377,13770,14570,1.9381733825029103e-141,0,,188,100
1378,13780,14580,3.390847261964677e-97,0,,190,100
1379,13790,14590,8.679066668984327e-104,0,,191,100
1380,13800,14600,3.3353165844957764e-194,0,,190,100
1381,13810,14610,7.934276492602306e-80,0,,190,100
1382,13820,14620,1.6159105342559492e-79,0,,191,100
1383,13830,14630,3.3322427472197745e-121,0,,192,100
1384,13840,14640,1.2735207862626176e-72,0,,193,100
1385,13850,14650,1.2555669444381332e-62,0,,191,100
1386,13860,14660,1.0908802193834735e-157,0,,194,100
1387,13870,14670,2.6820848612857234e-133,0,,190,100
1388,13880,14680,8.813316485169969e-109,0,,191,100
1389,13890,14690,1.7044267945029725e-93,0,,194,100
1390,13900,14700,1.3189365781014255e-88,0,,191,100
1391,13910,14710,6.123306053065073e-74,0,,190,100
1392,13920,14720,1.6678149988247062e-129,0,,191,100
1393,13930,14730,3.0084535163224802e-105,0,,190,100
1394,13940,14740,1.0907636358614306e-124,0,,188,100
1395,13950,14750,2.2443435146918716e-126,0,,188,100
1396,13960,14760,3.2879690504984245e-86,0,,188,100
1397,13970,14770,9.529741144121436e-100,0,,189,100
1398,13980,14780,5.394147965043222e-128,0,,189,100
1399,13990,14790,1.060384875563892e-94,0,,189,100
1400,14000,14800,6.071675853391827e-101,0,,188,100
1401,14010,14810,2.7929953966576882e-127,0,,188,100
1402,14020,14820,1.5446840847164705e-74,0,,187,100
1403,14030,14830,8.952675855638419e-139,0,,186,100
1404,14040,14840,5.1150498956875895e-98,0,,188,100
1405,14050,14850,1.6858876664852203e-156,0,,187,100
1406,14060,14860,3.2072932761652415e-143,0,,187,100
1407,14070,14870,4.885951957828386e-116,0,,185,100
1408,14080,14880,7.58628542666709e-148,0,,185,100
1409,14090,14890,5.918236662754287e-168,0,,187,100
1410,14100,14900,3.6063521832273647e-91,0,,186,100
1411,14110,14910,1.3698070124520418e-115,0,,185,100
1412,14120,14920,6.61171723389453e-113,0,,188,100
1413,14130,14930,4.765213970846014e-77,0,,189,100
1414,14140,14940,9.055341654255544e-180,0,,188,100
1415,14150,14950,2.5846669289506164e-68,0,,186,100
1416,14160,14960,2.9693690098158643e-68,0,,186,100
1417,14170,14970,6.961940573690128e-102,0,,186,100
1418,14180,14980,3.1822556333331245e-89,0,,187,100
1419,14190,14990,1.066965496936627e-62,0,,186,100
1420,14200,15000,2.6703967778344944e-145,0,,187,100
1421,14210,15010,1.93473517456952e-56,0,,185,100
1422,14220,15020,3.572195898641639e-112,0,,185,100
1423,14230,15030,2.738309585147724e-115,0,,187,100
1424,14240,15040,2.5028127917576593e-99,0,,189,100
1425,14250,15050,1.1082576449678362e-62,0,,189,100
1426,14260,15060,6.590673961193687e-58,0,,190,100
1427,14270,15070,1.7511611397503193e-83,0,,190,100
1428,14280,15080,8.208549892428993e-27,0,,190,100
1429,14290,15090,8.200125703836939e-91,0,,188,100
1430,14300,15100,2.1891724956079024e-77,0,,187,100
1431,14310,15110,6.546259320238229e-80,0,,189,100
1432,14320,15120,4.721555043302027e-118,0,,187,100
1433,14330,15130,3.833454795389019e-132,0,,190,100
1434,14340,15140,9.523837511699762e-137,0,,190,100
1435,14350,15150,7.842536668988573e-109,0,,188,100
1436,14360,15160,9.03588191301849e-76,0,,184,100
1437,14370,15170,9.578941130821635e-137,0,,187,100
1438,14380,15180,1.7663683715493313e-161,0,,188,100
1439,14390,15190,9.567512576438208e-134,0,,188,100
1440,14400,15200,2.6018226873859845e-123,0,,187,100
1441,14410,15210,6.879565522684163e-148,0,,187,100
1442,14420,15220,2.7246172126191905e-99,0,,187,100
1443,14430,15230,2.738867219584065e-140,0,,186,100
1444,14440,15240,1.1634002349126207e-86,0,,185,100
1445,14450,15250,4.002918621106019e-70,0,,186,100
1446,14460,15260,6.090422028462944e-129,0,,186,100
1447,14470,15270,2.0496357480942644e-157,0,,188,100
1448,14480,15280,2.4282429670781776e-175,0,,191,100
1449,14490,15290,2.1131233047898318e-103,0,,187,100
1450,14500,15300,1.2118410892697749e-93,0,,188,100
1451,14510,15310,1.7971620068531214e-126,0,,187,100
1452,14520,15320,5.294851243465695e-186,0,,191,100
1453,14530,15330,5.682353819068824e-87,0,,189,100
1454,14540,15340,3.451572316182887e-96,0,,190,100
1455,14550,15350,2.814451886505555e-182,0,,189,100
1456,14560,15360,4.874055853282093e-154,0,,187,100
1457,14570,15370,1.0170881738787683e-157,0,,185,100
1458,14580,15380,9.953161951021726e-213,0,,184,100
1459,14590,15390,9.311728196061739e-182,0,,185,100
1460,14600,15400,5.9342368563733394e-207,0,,185,100
1461,14610,15410,3.4286582948924235e-131,0,,185,100
1462,14620,15420,1.2268595456947725e-126,0,,183,100
1463,14630,15430,1.549109371650019e-120,0,,182,100
1464,14640,15440,4.9053590601894494e-86,0,,181,100
1465,14650,15450,7.18019237677495e-117,0,,181,100
1466,14660,15460,2.4205599175423205e-163,0,,182,100
1467,14670,15470,1.1960342836918782e-221,0,,185,100
1468,14680,15480,1.0620819171897572e-292,0,,183,100
1469,14690,15490,2.060405647865868e-132,0,,182,100
1470,14700,15500,4.023869697762879e-124,0,,182,100
1471,14710,15510,4.016628905097295e-141,0,,181,100
1472,14720,15520,4.609550349293085e-142,0,,180,100
1473,14730,15530,2.177261651268995e-197,0,,182,100
1474,14740,15540,4.156569185426205e-163,0,,183,100
1475,14750,15550,1.1604018908556084e-152,0,,182,100
1476,14760,15560,1.9143075546746858e-141,0,,182,100
1477,14770,15570,7.456259462554312e-250,0,,180,100
1478,14780,15580,3.6003284470525214e-118,0,,179,100
1479,14790,15590,2.2039461527666557e-120,0,,179,100
1480,14800,15600,1.8537613198669174e-205,0,,181,100
1481,14810,15610,6.84331940574998e-176,0,,182,100
1482,14820,15620,2.8803073225288737e-159,0,,181,100
1483,14830,15630,1.1792641852142174e-203,0,,178,100
1484,14840,15640,2.2517195078566844e-200,0,,179,100
1485,14850,15650,1.695556579603667e-157,0,,179,100
1486,14860,15660,3.0704623849087704e-259,0,,178,100
1487,14870,15670,2.46964355379161e-158,0,,179,100
1488,14880,15680,2.6323139313135567e-171,0,,179,100
1489,14890,15690,5.373454792295851e-207,0,,179,100
1490,14900,15700,1.5580916709430652e-119,0,,180,100
1491,14910,15710,2.1770304035294402e-231,0,,179,100
1492,14920,15720,6.2268418238908605e-174,0,,177,100
1493,14930,15730,5.54822292531299e-166,0,,177,100
1494,14940,15740,3.4438108584789035e-120,0,,177,100
1495,14950,15750,1.0097898881222064e-84,0,,178,100
1496,14960,15760,1.4651458971135783e-75,0,,179,100
1497,14970,15770,2.5009068459500384e-193,0,,178,100
1498,14980,15780,3.47512297497314e-153,0,,179,100
1499,14990,15790,2.7942902319665247e-149,0,,180,100
1500,15000,15800,4.335858023707025e-90,0,,182,100
1501,15010,15810,9.134975868391587e-86,0,,184,100
1502,15020,15820,2.1668275608558288e-129,0,,184,100
1503,15030,15830,7.049798932874438e-100,0,,181,100
1504,15040,15840,3.3895353737082477e-93,0,,180,100
1505,15050,15850,6.70825590968604e-85,0,,176,100
1506,15060,15860,5.9997701403387e-91,0,,177,100
1507,15070,15870,5.904889321882268e-159,0,,177,100
1508,15080,15880,5.909462558433161e-117,0,,178,100
1509,15090,15890,2.3040035015066805e-150,0,,179,100
1510,15100,15900,3.5867418200463175e-160,0,,179,100
1511,15110,15910,8.0003594700814495e-140,0,,179,100
1512,15120,15920,6.76171500231855e-122,0,,180,100
1513,15130,15930,1.2438829159743974e-107,0,,180,100
1514,15140,15940,1.6627544086698174e-96,0,,182,100
1515,15150,15950,6.714501452636828e-128,0,,183,100
1516,15160,15960,3.761386758477527e-102,0,,182,100
1517,15170,15970,1.3949618968589709e-120,0,,182,100
1518,15180,15980,7.366831139000438e-150,0,,181,100
1519,15190,15990,8.431590464958372e-178,0,,181,100
1520,15200,16000,1.3186892783391353e-171,0,,185,100
1521,15210,16010,1.9818382460953716e-151,0,,185,100
1522,15220,16020,1.382234241439954e-210,0,,186,100
1523,15230,16030,2.047471143962663e-69,0,,187,100
1524,15240,16040,9.16845252073259e-117,0,,184,100
1525,15250,16050,7.602535518347455e-95,0,,183,100
1526,15260,16060,8.620589298049895e-122,0,,182,100
1527,15270,16070,1.657726831025791e-153,0,,184,100
1528,15280,16080,5.184091222974269e-167,0,,184,100
1529,15290,16090,3.2491307885287355e-195,0,,184,100
1530,15300,16100,4.434002352451766e-213,0,,184,100
1531,15310,16110,7.345535257905443e-163,0,,181,100
1532,15320,16120,1.8341966228772123e-82,0,,177,100
1533,15330,16130,1.3337670960604473e-84,0,,179,100
1534,15340,16140,1.8371805966772632e-128,0,,181,100
1535,15350,16150,1.8982503675484197e-182,0,,181,100
1536,15360,16160,1.5965294836228388e-171,0,,181,100
1537,15370,16170,3.112977274044142e-198,0,,182,100
1538,15380,16180,1.6484409636215982e-198,0,,183,100
1539,15390,16190,9.621066943800973e-180,0,,182,100
1540,15400,16200,2.1198715610565574e-116,0,,181,100
1541,15410,16210,4.879994102006324e-97,0,,183,100
1542,15420,16220,6.587813424778786e-101,0,,184,100
1543,15430,16230,2.371492042787145e-127,0,,185,100
1544,15440,16240,2.3170931681683505e-163,0,,185,100
1545,15450,16250,4.736996969826636e-106,0,,182,100
1546,15460,16260,1.3690234628877433e-145,0,,181,100
1547,15470,16270,3.0453863337659045e-185,0,,180,100
1548,15480,16280,7.794588745252458e-278,0,,181,100
1549,15490,16290,4.329413214377507e-211,0,,182,100
1550,15500,16300,1.695658541495749e-140,0,,180,100
1551,15510,16310,5.924571542075053e-111,0,,181,100
1552,15520,16320,1.5660188394460594e-152,0,,182,100
1553,15530,16330,7.99627109371404e-155,0,,181,100
1554,15540,16340,7.866149646434868e-111,0,,179,100
1555,15550,16350,1.7996671197672572e-122,0,,180,100
1556,15560,16360,2.8781639678307067e-154,0,,181,100
1557,15570,16370,5.491437751434432e-146,0,,182,100
1558,15580,16380,1.5968053288941963e-206,0,,186,100
1559,15590,16390,9.076138745893487e-196,0,,185,100
1560,15600,16400,2.542264709260756e-129,0,,184,100
1561,15610,16410,3.684807973087767e-146,0,,184,100
1562,15620,16420,1.3685550730350847e-144,0,,187,100
1563,15630,16430,4.129942261690459e-134,0,,186,100
1564,15640,16440,4.6651440798583825e-125,0,,185,100
1565,15650,16450,2.0311229109519362e-174,0,,186,100
1566,15660,16460,4.742760226357435e-183,0,,188,100
1567,15670,16470,1.686278064450294e-229,0,,187,100
1568,15680,16480,8.419278048174844e-209,0,,187,100
1569,15690,16490,2.5995535367454865e-156,0,,188,100
1570,15700,16500,3.38847540851644e-185,0,,187,100
1571,15710,16510,7.745027676708362e-132,0,,189,100
1572,15720,16520,3.677473401313163e-182,0,,189,100
1573,15730,16530,1.5804262444981228e-148,0,,189,100
1574,15740,16540,7.307252699112874e-137,0,,188,100
1575,15750,16550,8.977332136660942e-131,0,,189,100
1576,15760,16560,8.650970376826478e-159,0,,188,100
1577,15770,16570,8.45413081994796e-195,0,,188,100
1578,15780,16580,6.128873177616215e-183,0,,188,100
1579,15790,16590,3.171188371491519e-199,0,,187,100
1580,15800,16600,5.209047532463079e-101,0,,187,100
1581,15810,16610,4.636748660231961e-112,0,,188,100
1582,15820,16620,4.4361229663995714e-125,0,,188,100
1583,15830,16630,5.290638335427754e-131,0,,189,100
1584,15840,16640,2.194078843304883e-146,0,,191,100
1585,15850,16650,4.241529056535071e-123,0,,192,100
1586,15860,16660,3.9506159227924305e-228,0,,190,100
1587,15870,16670,2.424035246811213e-141,0,,192,100
1588,15880,16680,2.9270329243695056e-155,0,,190,100
1589,15890,16690,1.7877094885244765e-155,0,,189,100
1590,15900,16700,1.4294068171169779e-155,0,,189,100
1591,15910,16710,2.143342883183583e-210,0,,187,100
1592,15920,16720,1.32825385680939e-171,0,,188,100
1593,15930,16730,8.260081793121365e-95,0,,187,100
1594,15940,16740,1.0651694828947572e-144,0,,190,100
1595,15950,16750,5.090293257992331e-115,0,,188,100
1596,15960,16760,2.0700794470575954e-192,0,,188,100
1597,15970,16770,1.1713983051226362e-133,0,,187,100
1598,15980,16780,1.4825592983775683e-144,0,,186,100
1599,15990,16790,3.780179023786479e-154,0,,186,100
1600,16000,16800,7.652800095568331e-109,0,,184,100
1601,16010,16810,8.736753862064598e-136,0,,185,100
1602,16020,16820,7.822424400234493e-94,0,,183,100
1603,16030,16830,1.0244953269971123e-215,0,,183,100
1604,16040,16840,8.842503628231939e-194,0,,185,100
1605,16050,16850,3.685080997842351e-189,0,,185,100
1606,16060,16860,5.72673649747439e-97,0,,185,100
1607,16070,16870,3.698540208085502e-105,0,,183,100
1608,16080,16880,7.242741990331502e-81,0,,183,100
1609,16090,16890,1.2562065150849752e-110,0,,184,100
1610,16100,16900,5.0919023173852565e-115,0,,183,100
1611,16110,16910,6.247552224287822e-194,0,,186,100
1612,16120,16920,6.294205892380009e-130,0,,188,100
1613,16130,16930,6.114108982751113e-128,0,,186,100
1614,16140,16940,4.024281355364715e-109,0,,184,100
1615,16150,16950,1.2105369872837626e-82,0,,184,100
1616,16160,16960,2.235778492218442e-118,0,,184,100
1617,16170,16970,5.750416991091088e-69,0,,184,100
1618,16180,16980,9.229381389925902e-86,0,,183,100
1619,16190,16990,3.032053083375261e-84,0,,184,100
1620,16200,17000,1.2282331581964103e-104,0,,181,100
1621,16210,17010,6.282879657423969e-140,0,,180,100
1622,16220,17020,1.4282193347926045e-173,0,,180,100
1623,16230,17030,4.0114698744553655e-116,0,,183,100
1624,16240,17040,1.4284374289860111e-55,0,,182,100
1625,16250,17050,2.3721145020064788e-55,0,,183,100
1626,16260,17060,6.201302915981663e-96,0,,183,100
1627,16270,17070,3.7766239108487537e-78,0,,184,100
1628,16280,17080,2.5451740342140566e-207,0,,183,100
1629,16290,17090,9.888839256247892e-191,0,,185,100
1630,16300,17100,1.6051270556619138e-172,0,,186,100
1631,16310,17110,7.263547779280056e-130,0,,185,100
1632,16320,17120,6.925067594030634e-101,0,,185,100
1633,16330,17130,3.921356195431039e-118,0,,187,100
1634,16340,17140,1.3529193416720209e-73,0,,186,100
1635,16350,17150,1.6465419621750462e-125,0,,186,100
1636,16360,17160,4.36618403753641e-112,0,,186,100
1637,16370,17170,3.0708241368631025e-110,0,,185,100
1638,16380,17180,5.394038733490662e-194,0,,182,100
1639,16390,17190,5.424314614503692e-129,0,,181,100
1640,16400,17200,1.0915856437720096e-139,0,,184,100
1641,16410,17210,8.012319369809346e-157,0,,182,100
1642,16420,17220,2.853946965858267e-106,0,,181,100
1643,16430,17230,2.0029177429103125e-117,0,,182,100
1644,16440,17240,3.220064534198138e-139,0,,181,100
1645,16450,17250,7.242073645625755e-166,0,,180,100
1646,16460,17260,1.950051460183981e-152,0,,179,100
1647,16470,17270,3.665762903150356e-142,0,,179,100
1648,16480,17280,5.487779868921246e-103,0,,181,100
1649,16490,17290,7.179210285255572e-99,0,,181,100
1650,16500,17300,7.431351173657583e-83,0,,179,100
1651,16510,17310,4.4751441463900745e-148,0,,179,100
1652,16520,17320,2.0310812998263822e-112,0,,179,100
1653,16530,17330,3.5524478324709433e-168,0,,180,100
1654,16540,17340,6.863384465929013e-148,0,,181,100
1655,16550,17350,2.6663651257553505e-109,0,,182,100
1656,16560,17360,2.2962621312167265e-117,0,,180,100
1657,16570,17370,1.699280786862734e-101,0,,181,100
1658,16580,17380,2.7584023739131667e-159,0,,181,100
1659,16590,17390,1.0435073375847084e-167,0,,180,100
1660,16600,17400,2.4360160265850838e-132,0,,181,100
1661,16610,17410,1.3580642644511162e-148,0,,178,100
1662,16620,17420,3.5880143965577916e-111,0,,177,100
1663,16630,17430,5.671672815610966e-94,0,,175,100
1664,16640,17440,2.6307966378562678e-101,0,,176,100
1665,16650,17450,5.873782641620455e-141,0,,175,100
1666,16660,17460,5.343027618810943e-232,0,,176,100
1667,16670,17470,1.3149273492772665e-181,0,,173,100
1668,16680,17480,3.8690261622263263e-119,0,,175,100
1669,16690,17490,3.590389023956755e-96,0,,175,100
1670,16700,17500,3.219254660915734e-110,0,,174,100
1671,16710,17510,8.731161979875263e-115,0,,174,100
1672,16720,17520,1.0786750700760742e-101,0,,173,100
1673,16730,17530,2.565114841095188e-103,0,,171,100
1674,16740,17540,1.988015251740333e-143,0,,171,100
1675,16750,17550,6.145028435712482e-217,0,,171,100
1676,16760,17560,1.3761043432643463e-228,0,,172,100
1677,16770,17570,4.2231266263196554e-107,0,,171,100
1678,16780,17580,1.0883456615109257e-61,0,,170,100
1679,16790,17590,6.47434934456198e-77,0,,167,100
1680,16800,17600,1.0621707978252917e-73,0,,168,100
1681,16810,17610,7.843746160958161e-105,0,,167,100
1682,16820,17620,1.188067423358768e-154,0,,168,100
1683,16830,17630,7.196176675988894e-167,0,,167,100
1684,16840,17640,7.409962033772724e-157,0,,169,100
1685,16850,17650,1.4379597554116065e-152,0,,168,100
1686,16860,17660,2.791220817497143e-140,0,,169,100
1687,16870,17670,2.2590976819749556e-59,0,,167,100
1688,16880,17680,4.726215022866159e-53,0,,168,100
1689,16890,17690,5.137525717366618e-66,0,,169,100
1690,16900,17700,6.716315603057887e-68,0,,168,100
1691,16910,17710,2.0821606580185555e-120,0,,169,100
1692,16920,17720,2.936362865164802e-157,0,,168,100
1693,16930,17730,2.2353764698738837e-152,0,,168,100
1694,16940,17740,4.9671620492802116e-164,0,,169,100
1695,16950,17750,1.9280190942784657e-107,0,,167,100
1696,16960,17760,1.8460806557512437e-77,0,,168,100
1697,16970,17770,3.4758698490198866e-109,0,,168,100
1698,16980,17780,1.9213932908829368e-109,0,,171,100
1699,16990,17790,3.023513474473389e-98,0,,172,100
1700,17000,17800,1.0414309809635628e-97,0,,175,100
1701,17010,17810,5.384795851896435e-91,0,,175,100
1702,17020,17820,4.929257336132394e-193,0,,173,100
1703,17030,17830,3.048399494216506e-188,0,,175,100
1704,17040,17840,2.5366070699558096e-187,0,,175,100
1705,17050,17850,2.4231707921604297e-165,0,,175,100
1706,17060,17860,5.400860411503645e-173,0,,175,100
1707,17070,17870,1.178577860558359e-110,0,,175,100
1708,17080,17880,1.9076960037302012e-95,0,,174,100
1709,17090,17890,3.976159622529904e-139,0,,172,100
1710,17100,17900,1.9099767328946424e-137,0,,172,100
1711,17110,17910,1.5176655002691923e-209,0,,172,100
1712,17120,17920,9.47279907975641e-158,0,,172,100
1713,17130,17930,3.2717962940238354e-164,0,,169,100
1714,17140,17940,3.75438217330892e-142,0,,170,100
1715,17150,17950,1.4261532167610654e-142,0,,170,100
1716,17160,17960,7.657794793762382e-121,0,,171,100
1717,17170,17970,2.968808603368525e-195,0,,172,100
1718,17180,17980,1.0913778941799024e-197,0,,174,100
1719,17190,17990,4.9759140574121674e-132,0,,172,100
1720,17200,18000,6.6974537598990084e-192,0,,172,100
1721,17210,18010,1.273729304395452e-104,0,,174,100
1722,17220,18020,3.616103618976345e-167,0,,174,100
1723,17230,18030,1.2482691560260985e-175,0,,174,100
1724,17240,18040,9.432094730947932e-135,0,,174,100
1725,17250,18050,7.438866328672284e-144,0,,174,100
1726,17260,18060,8.75259702197497e-198,0,,175,100
1727,17270,18070,2.875499454633528e-189,0,,175,100
1728,17280,18080,6.256282668135566e-172,0,,176,100
1729,17290,18090,1.0891652322076308e-169,0,,175,100
1730,17300,18100,8.872436357920547e-108,0,,175,100
1731,17310,18110,3.5827089175404007e-160,0,,175,100
1732,17320,18120,1.3299025948288946e-107,0,,175,100
1733,17330,18130,2.390897254553793e-152,0,,174,100
1734,17340,18140,1.3457489135950856e-134,0,,175,100
1735,17350,18150,2.3515505191685354e-127,0,,174,100
1736,17360,18160,3.739819398082228e-142,0,,174,100
1737,17370,18170,8.568728143239289e-192,0,,174,100
1738,17380,18180,1.5973030963753375e-145,0,,174,100
1739,17390,18190,1.0511991195221723e-153,0,,175,100
1740,17400,18200,5.008501542491497e-89,0,,176,100
1741,17410,18210,6.482328059523614e-117,0,,175,100
1742,17420,18220,4.602124957297534e-84,0,,177,100
1743,17430,18230,4.0104594008824146e-76,0,,179,100
1744,17440,18240,8.023317969657047e-77,0,,183,100
1745,17450,18250,2.5263110518996597e-137,0,,183,100
1746,17460,18260,5.9637245424254485e-109,0,,181,100
1747,17470,18270,8.830584097377899e-124,0,,182,100
1748,17480,18280,5.27686297321213e-158,0,,183,100
1749,17490,18290,2.8524458664699736e-163,0,,185,100
1750,17500,18300,2.991314074975188e-156,0,,183,100
1751,17510,18310,1.7228396342562266e-132,0,,184,100
1752,17520,18320,3.28607261081753e-125,0,,187,100
1753,17530,18330,1.1984896948245952e-112,0,,187,100
1754,17540,18340,7.278001595610236e-122,0,,185,100
1755,17550,18350,4.569492556412426e-179,0,,187,100
1756,17560,18360,1.571606285706581e-149,0,,189,100
1757,17570,18370,8.405555572615558e-142,0,,190,100
1758,17580,18380,6.383988926844565e-154,0,,191,100
1759,17590,18390,5.283409675758999e-214,0,,188,100
1760,17600,18400,1.0006935964957301e-132,0,,191,100
1761,17610,18410,9.56775932637655e-131,0,,191,100
1762,17620,18420,9.876596558836794e-148,0,,190,100
1763,17630,18430,1.5884310023650533e-121,0,,193,100
1764,17640,18440,1.3859589988360384e-77,0,,193,100
1765,17650,18450,2.070490058496581e-87,0,,192,100
1766,17660,18460,4.459595585510019e-85,0,,193,100
1767,17670,18470,9.024584852082646e-79,0,,191,100
1768,17680,18480,1.2849528275737304e-83,0,,192,100
1769,17690,18490,2.886300831285519e-223,0,,191,100
1770,17700,18500,1.1812850699885762e-191,0,,193,100
1771,17710,18510,7.833490067129264e-146,0,,190,100
1772,17720,18520,1.3390013398909404e-116,0,,190,100
1773,17730,18530,7.946011609286493e-91,0,,191,100
1774,17740,18540,5.1694036736485934e-108,0,,191,100
1775,17750,18550,9.114519168162486e-110,0,,192,100
1776,17760,18560,8.134019342365238e-99,0,,192,100
1777,17770,18570,4.149829628862558e-83,0,,191,100
1778,17780,18580,2.447329593770143e-163,0,,190,100
1779,17790,18590,7.068686250424463e-167,0,,192,100
1780,17800,18600,2.451109972726558e-150,0,,190,100
1781,17810,18610,1.1361661197501449e-108,0,,189,100
1782,17820,18620,2.4495968036507606e-141,0,,188,100
1783,17830,18630,1.757371169483431e-77,0,,187,100
1784,17840,18640,6.35375764956617e-96,0,,187,100
1785,17850,18650,1.8283297967384757e-98,0,,189,100
1786,17860,18660,2.023600436514096e-143,0,,188,100
1787,17870,18670,3.259925852726144e-164,0,,189,100
1788,17880,18680,2.6675475189057854e-89,0,,191,100
1789,17890,18690,7.445550344415927e-106,0,,189,100
1790,17900,18700,5.74091159473522e-104,0,,188,100
1791,17910,18710,5.978386321973063e-181,0,,186,100
1792,17920,18720,4.513154431578509e-177,0,,189,100
1793,17930,18730,2.207470634568285e-86,0,,188,100
1794,17940,18740,1.1042273969467328e-101,0,,189,100
1795,17950,18750,5.529618918443425e-174,0,,189,100
1796,17960,18760,1.3741085091279696e-137,0,,188,100
1797,17970,18770,5.307126351472312e-174,0,,190,100
1798,17980,18780,6.298530597086196e-88,0,,189,100
1799,17990,18790,1.0859238873693266e-117,0,,186,100
1800,18000,18800,1.7772927609973626e-89,0,,188,100
1801,18010,18810,2.5739867394818442e-113,0,,186,100
1802,18020,18820,2.999918612206483e-69,0,,186,100
1803,18030,18830,2.3549217731781947e-155,0,,186,100
1804,18040,18840,9.540819899770833e-87,0,,186,100
1805,18050,18850,6.49529122486869e-131,0,,186,100
1806,18060,18860,5.301238415242914e-152,0,,186,100
1807,18070,18870,6.323811540184175e-109,0,,185,100
1808,18080,18880,6.931582500907219e-133,0,,186,100
1809,18090,18890,1.7161210897577081e-97,0,,185,100
1810,18100,18900,2.06769792876671e-153,0,,183,100
1811,18110,18910,1.3953468320091268e-88,0,,183,100
1812,18120,18920,2.657886921558985e-69,0,,184,100
1813,18130,18930,1.3089836629104624e-82,0,,183,100
1814,18140,18940,5.538235539018475e-189,0,,182,100
1815,18150,18950,1.495038735367335e-190,0,,182,100
1816,18160,18960,4.6867678613716446e-161,0,,181,100
1817,18170,18970,4.570488054053393e-138,0,,180,100
1818,18180,18980,3.2783350453764346e-59,0,,178,100
1819,18190,18990,2.395132915363109e-62,0,,179,100
1820,18200,19000,4.602038837474317e-82,0,,179,100
1821,18210,19010,1.404099493955558e-193,0,,179,100
1822,18220,19020,3.6418929955272716e-131,0,,176,100
1823,18230,19030,1.1085698676298007e-139,0,,175,100
1824,18240,19040,6.81963588005806e-79,0,,173,100
1825,18250,19050,3.5820988279568284e-89,0,,172,100
1826,18260,19060,1.700867491152022e-81,0,,173,100
1827,18270,19070,5.259460605061843e-64,0,,172,100
1828,18280,19080,6.631419731706353e-173,0,,170,100
1829,18290,19090,5.883245923276364e-166,0,,170,100
1830,18300,19100,1.4276623922998527e-129,0,,170,100
1831,18310,19110,2.4947812348362367e-127,0,,170,100
1832,18320,19120,1.4232907052417626e-150,0,,170,100
1833,18330,19130,4.130793408207814e-82,0,,170,100
1834,18340,19140,6.21411066684498e-95,0,,169,100
1835,18350,19150,5.438321964070471e-179,0,,170,100
1836,18360,19160,8.450627376290149e-117,0,,168,100
1837,18370,19170,3.634476318021268e-100,0,,170,100
1838,18380,19180,2.3921318198823614e-148,0,,169,100
1839,18390,19190,1.738901200527001e-99,0,,169,100
1840,18400,19200,5.462376374809842e-179,0,,166,100
1841,18410,19210,2.1779766517421663e-67,0,,167,100
1842,18420,19220,8.848340947008867e-66,0,,167,100
1843,18430,19230,1.5111748186259087e-265,0,,167,100
1844,18440,19240,2.98820856316671e-210,0,,165,100
1845,18450,19250,1.4621190520550656e-132,0,,164,100
1846,18460,19260,6.214166682720176e-123,0,,165,100
1847,18470,19270,4.7876267004408785e-109,0,,165,100
1848,18480,19280,8.568710909473711e-137,0,,165,100
1849,18490,19290,2.5582661622748513e-99,0,,164,100
1850,18500,19300,2.6103230717260867e-81,0,,162,100
1851,18510,19310,1.1898120910413081e-86,0,,163,100
1852,18520,19320,1.309446791302129e-112,0,,161,100
1853,18530,19330,7.192286479540974e-260,0,,159,100
1854,18540,19340,1.6420486577448213e-250,0,,161,100
1855,18550,19350,3.715695939043089e-112,0,,162,100
1856,18560,19360,1.489822577238599e-112,0,,160,100
1857,18570,19370,1.6450953446364523e-82,0,,161,100
1858,18580,19380,4.3147232428099876e-120,0,,158,100
1859,18590,19390,1.1213925721330715e-122,0,,155,100
1860,18600,19400,4.721811178953018e-165,0,,156,100
1861,18610,19410,8.231074015613009e-244,0,,157,100
1862,18620,19420,5.534473712245388e-202,0,,159,100
1863,18630,19430,7.615659208149818e-101,0,,158,100
1864,18640,19440,5.348890778703859e-94,0,,158,100
1865,18650,19450,7.213568279507575e-123,0,,157,100
1866,18660,19460,4.446884119344544e-185,0,,159,100
1867,18670,19470,5.5318316180088316e-127,0,,157,100
1868,18680,19480,2.995402784749173e-121,0,,155,100
1869,18690,19490,1.2030081579783672e-123,0,,160,100
1870,18700,19500,7.173098684073659e-195,0,,157,100
1871,18710,19510,2.4513503406464217e-181,0,,160,100
1872,18720,19520,6.537216091181774e-178,0,,159,100
1873,18730,19530,3.638677966856445e-124,0,,158,100
1874,18740,19540,1.2812927928012299e-117,0,,158,100
1875,18750,19550,3.7824942837040815e-94,0,,157,100
1876,18760,19560,2.9945620756096724e-99,0,,159,100
1877,18770,19570,3.4713500194000247e-125,0,,158,100
1878,18780,19580,3.935229388838833e-111,0,,157,100
1879,18790,19590,1.9937851459423683e-117,0,,158,100
1880,18800,19600,1.0505299759866199e-218,0,,158,100
1881,18810,19610,1.7911412194304716e-194,0,,157,100
1882,18820,19620,7.578633890218272e-201,0,,157,100
1883,18830,19630,6.961114354490873e-141,0,,157,100
1884,18840,19640,5.474898238259617e-143,0,,159,100
1885,18850,19650,5.355907832676475e-104,0,,159,100
1886,18860,19660,8.728918120950162e-117,0,,159,100
1887,18870,19670,1.1424474857145444e-187,0,,158,100
1888,18880,19680,3.7197975260167224e-261,0,,157,100
1889,18890,19690,1.4223909463842033e-237,0,,157,100
1890,18900,19700,1.2313751549165477e-148,0,,160,100
1891,18910,19710,3.007818735326864e-111,0,,161,100
1892,18920,19720,1.8018471035168943e-128,0,,160,100
1893,18930,19730,3.001135107610117e-122,0,,161,100
1894,18940,19740,9.895460754431565e-133,0,,160,100
1895,18950,19750,1.6192097679612484e-220,0,,161,100
1896,18960,19760,5.564246198732534e-133,0,,163,100
1897,18970,19770,1.994156918237509e-125,0,,164,100
1898,18980,19780,7.523090238895073e-157,0,,165,100
1899,18990,19790,2.802664304592947e-247,0,,163,100
1900,19000,19800,4.086194083291881e-130,0,,165,100
1901,19010,19810,1.1033300215962598e-121,0,,163,100
1902,19020,19820,1.1908789865897825e-166,0,,163,100
1903,19030,19830,1.6910265861374224e-96,0,,165,100
1904,19040,19840,1.2066897453666477e-98,0,,167,100
1905,19050,19850,1.921561886102356e-217,0,,166,100
1906,19060,19860,1.0488228304433213e-224,0,,168,100
1907,19070,19870,3.245453279792336e-139,0,,168,100
1908,19080,19880,1.51272915131777e-119,0,,168,100
1909,19090,19890,6.339793606018656e-170,0,,167,100
1910,19100,19900,7.852918681339723e-230,0,,168,100
1911,19110,19910,8.220033049040543e-151,0,,170,100
1912,19120,19920,1.981124398710567e-197,0,,170,100
1913,19130,19930,1.7189027481479446e-142,0,,171,100
1914,19140,19940,8.871257504027644e-117,0,,167,100
1915,19150,19950,5.552622885384801e-261,0,,166,100
1916,19160,19960,1.2397844821701664e-123,0,,167,100
1917,19170,19970,1.7855653454950687e-93,0,,166,100
1918,19180,19980,3.684193147890256e-104,0,,167,100
1919,19190,19990,6.02179182233876e-119,0,,168,100
1920,19200,20000,1.744096571061688e-140,0,,169,100
1921,19210,20010,2.371708719423798e-123,0,,166,100
1922,19220,20020,8.226777505685798e-169,0,,166,100
1923,19230,20030,9.776593371603022e-109,0,,166,100
1924,19240,20040,5.926612838887649e-104,0,,167,100
1925,19250,20050,3.3396027830922594e-88,0,,169,100
1926,19260,20060,6.19638549780618e-225,0,,168,100
1927,19270,20070,3.050192527230172e-194,0,,169,100
1928,19280,20080,5.159258491745579e-175,0,,170,100
1929,19290,20090,7.408128386613981e-141,0,,170,100
1930,19300,20100,2.2666977487404426e-128,0,,168,100
1931,19310,20110,2.8288031004681643e-124,0,,171,100
1932,19320,20120,1.4333945480614226e-164,0,,172,100
1933,19330,20130,7.45633652383796e-179,0,,172,100
1934,19340,20140,3.037924167388615e-249,0,,172,100
1935,19350,20150,6.193575816903744e-146,0,,173,100
1936,19360,20160,2.223820548683703e-102,0,,172,100
1937,19370,20170,8.776848777926046e-111,0,,174,100
1938,19380,20180,3.089405130938895e-104,0,,174,100
1939,19390,20190,6.38652696305514e-110,0,,175,100
1940,19400,20200,2.9351570412686593e-124,0,,174,100
1941,19410,20210,3.131288335940392e-112,0,,175,100
1942,19420,20220,1.7916207116103842e-138,0,,173,100
1943,19430,20230,2.5407856109804288e-177,0,,173,100
1944,19440,20240,8.082111053952285e-161,0,,174,100
1945,19450,20250,2.5629697359291932e-145,0,,173,100
1946,19460,20260,3.3625330330958254e-158,0,,175,100
1947,19470,20270,1.2049098180515045e-54,0,,174,100
1948,19480,20280,7.774500419675659e-65,0,,175,100
1949,19490,20290,5.505067211200269e-106,0,,174,100
1950,19500,20300,1.4482122692875958e-106,0,,175,100
1951,19510,20310,1.3789954519610012e-120,0,,175,100
1952,19520,20320,2.3688647690087512e-153,0,,177,100
1953,19530,20330,3.661173203601668e-173,0,,176,100
1954,19540,20340,1.3020900558708003e-208,0,,174,100
1955,19550,20350,6.755177426615135e-100,0,,174,100
1956,19560,20360,8.045841168687139e-60,0,,173,100
1957,19570,20370,3.940457757219819e-50,0,,174,100
1958,19580,20380,8.86059053192407e-70,0,,174,100
1959,19590,20390,1.2502119420469214e-113,0,,175,100
1960,19600,20400,1.5299977583449802e-56,0,,176,100
1961,19610,20410,1.4131185587396921e-58,0,,178,100
1962,19620,20420,2.868503120982679e-118,0,,179,100
1963,19630,20430,3.119529839906761e-207,0,,177,100
1964,19640,20440,2.2298830967950573e-140,0,,176,100
1965,19650,20450,9.741729895227618e-95,0,,177,100
1966,19660,20460,7.139832863228414e-89,0,,175,100
1967,19670,20470,9.64347797312865e-112,0,,177,100
1968,19680,20480,2.35386078097279e-118,0,,177,100
1969,19690,20490,8.369123697835455e-52,0,,178,100
1970,19700,20500,2.6563773030705167e-126,0,,175,100
1971,19710,20510,1.9713639734959645e-140,0,,174,100
1972,19720,20520,1.789256129218589e-148,0,,176,100
1973,19730,20530,7.222443097436673e-185,0,,176,100
1974,19740,20540,7.335676381241536e-101,0,,176,100
1975,19750,20550,2.876952378676016e-119,0,,174,100
1976,19760,20560,6.678895221289021e-84,0,,172,100
1977,19770,20570,1.946081991374801e-76,0,,172,100
1978,19780,20580,8.524133587782424e-57,0,,174,100
1979,19790,20590,1.8325887682188037e-75,0,,174,100
1980,19800,20600,9.585027112569053e-137,0,,171,100
1981,19810,20610,8.660180923150068e-144,0,,171,100
1982,19820,20620,2.4707108556925194e-134,0,,171,100
1983,19830,20630,4.685070082505636e-171,0,,171,100
1984,19840,20640,2.643370846840966e-161,0,,170,100
1985,19850,20650,1.1318548141832513e-112,0,,172,100
1986,19860,20660,3.201211518150502e-51,0,,171,100
1987,19870,20670,5.749133548860455e-94,0,,173,100
1988,19880,20680,2.8557564187150132e-136,0,,174,100
1989,19890,20690,1.739177544637451e-109,0,,174,100
1990,19900,20700,3.221967549603915e-160,0,,172,100
1991,19910,20710,5.108621274393361e-170,0,,170,100
1992,19920,20720,6.503383712181077e-169,0,,173,100
1993,19930,20730,1.41032485060372e-137,0,,173,100
1994,19940,20740,1.645098552150856e-140,0,,173,100
1995,19950,20750,3.354628973241393e-92,0,,173,100
1996,19960,20760,1.021016306598488e-99,0,,173,100
1997,19970,20770,1.2248610496319838e-99,0,,173,100
1998,19980,20780,2.35167771340835e-86,0,,174,100
1999,19990,20790,4.54143055590516e-79,0,,174,100
2000,20000,20800,8.111248258468602e-100,0,,172,100
2001,20010,20810,1.1986157393776689e-102,0,,174,100
2002,20020,20820,3.995613263592999e-80,0,,174,100
2003,20030,20830,1.1607910786992046e-141,0,,175,100
2004,20040,20840,1.764707938510162e-257,0,,174,100
2005,20050,20850,1.3004163275146007e-153,0,,176,100
2006,20060,20860,1.2329317947249938e-96,0,,175,100
2007,20070,20870,2.4572618934299052e-110,0,,178,100
2008,20080,20880,6.214145462731225e-63,0,,177,100
2009,20090,20890,3.0897209894959837e-72,0,,176,100
2010,20100,20900,1.210505301249084e-184,0,,176,100
2011,20110,20910,3.544475235636428e-85,0,,174,100
2012,20120,20920,1.1445064869104202e-133,0,,175,100
2013,20130,20930,4.122149504162623e-141,0,,175,100
2014,20140,20940,5.46602412091405e-133,0,,175,100
2015,20150,20950,1.258285132156628e-122,0,,176,100
2016,20160,20960,2.1774404786653827e-109,0,,175,100
2017,20170,20970,5.139733357451529e-82,0,,177,100
2018,20180,20980,1.3230065288501833e-66,0,,176,100
2019,20190,20990,5.604786046982085e-113,0,,177,100
2020,20200,21000,1.071438696789861e-99,0,,178,100
2021,20210,21010,7.464080883249785e-153,0,,178,100
2022,20220,21020,9.92443466260157e-100,0,,178,100
2023,20230,21030,1.06626176336207e-123,0,,178,100
2024,20240,21040,6.126420842126105e-233,0,,179,100
2025,20250,21050,1.0922202681484451e-162,0,,177,100
2026,20260,21060,3.0586762738661287e-178,0,,177,100
2027,20270,21070,9.846147940287698e-114,0,,176,100
2028,20280,21080,8.297719690705391e-152,0,,177,100
2029,20290,21090,7.876029339958043e-158,0,,177,100
2030,20300,21100,1.4115887940758952e-128,0,,178,100
2031,20310,21110,3.781692135678273e-126,0,,178,100
2032,20320,21120,8.983702699802794e-143,0,,175,100
2033,20330,21130,1.0950936229721969e-207,0,,175,100
2034,20340,21140,1.7673593834457715e-207,0,,177,100
2035,20350,21150,3.7563487435285716e-140,0,,178,100
2036,20360,21160,3.3603980128452566e-190,0,,179,100
2037,20370,21170,1.2506653294994461e-239,0,,178,100
2038,20380,21180,2.439655623736234e-224,0,,178,100
2039,20390,21190,9.868806029346303e-187,0,,176,100
2040,20400,21200,2.615528913950885e-153,0,,175,100
2041,20410,21210,4.119127029164962e-179,0,,176,100
2042,20420,21220,4.0956223677037965e-147,0,,178,100
2043,20430,21230,1.6222979630383905e-228,0,,177,100
2044,20440,21240,1.0312996571421743e-184,0,,175,100
2045,20450,21250,2.145694719013041e-146,0,,176,100
2046,20460,21260,6.191621529512436e-155,0,,176,100
2047,20470,21270,8.571173973351891e-193,0,,174,100
2048,20480,21280,1.4319356566234072e-152,0,,176,100
2049,20490,21290,4.346503524028732e-133,0,,175,100
2050,20500,21300,6.009430279206697e-147,0,,175,100
2051,20510,21310,1.578889169068498e-238,0,,174,100
2052,20520,21320,3.283391538692214e-219,0,,174,100
2053,20530,21330,6.263630196978182e-248,0,,175,100
2054,20540,21340,6.096527988979466e-175,0,,176,100
2055,20550,21350,2.4005887044927732e-175,0,,179,100
2056,20560,21360,6.497337079071937e-207,0,,178,100
2057,20570,21370,1.8124767449087953e-166,0,,179,100
2058,20580,21380,9.25643375920849e-137,0,,179,100
2059,20590,21390,2.2567274967453168e-125,0,,181,100
2060,20600,21400,5.430200593842495e-155,0,,183,100
2061,20610,21410,5.356291003981243e-123,0,,182,100
2062,20620,21420,7.482965191520589e-243,0,,183,100
2063,20630,21430,9.381721835699365e-192,0,,182,100
2064,20640,21440,2.061073973492984e-138,0,,182,100
2065,20650,21450,1.949255789043492e-161,0,,181,100
2066,20660,21460,5.827021174729804e-162,0,,178,100
2067,20670,21470,5.6362212644188436e-151,0,,179,100
2068,20680,21480,3.437127396204475e-141,0,,178,100
2069,20690,21490,6.048314632194667e-181,0,,179,100
2070,20700,21500,4.340490771577106e-174,0,,179,100
2071,20710,21510,2.126825817855698e-134,0,,178,100
2072,20720,21520,9.40159627509746e-119,0,,177,100
2073,20730,21530,8.808463070103694e-132,0,,179,100
2074,20740,21540,2.4170683692671725e-210,0,,178,100
2075,20750,21550,3.3471810636253475e-128,0,,177,100
2076,20760,21560,6.046408832959588e-209,0,,180,100
2077,20770,21570,2.13111704795068e-133,0,,180,100
2078,20780,21580,1.7067147375765352e-166,0,,180,100
2079,20790,21590,3.8239035901349564e-125,0,,180,100
2080,20800,21600,1.4121561048804517e-174,0,,181,100
2081,20810,21610,4.751251566586091e-143,0,,180,100
2082,20820,21620,5.093519050937542e-88,0,,178,100
2083,20830,21630,1.2380215454747338e-149,0,,183,100
2084,20840,21640,8.245179365341619e-262,0,,182,100
2085,20850,21650,2.5505755611159836e-131,0,,182,100
2086,20860,21660,9.462982105081177e-141,0,,182,100
2087,20870,21670,6.408112080717176e-168,0,,179,100
2088,20880,21680,6.0799848114777435e-221,0,,180,100
2089,20890,21690,3.662319001919258e-178,0,,181,100
2090,20900,21700,2.927783449812044e-108,0,,180,100
2091,20910,21710,4.6959874932048246e-49,0,,182,100
2092,20920,21720,8.959796752997999e-95,0,,183,100
2093,20930,21730,2.997260782752415e-66,0,,183,100
2094,20940,21740,3.5451836922112304e-149,0,,180,100
2095,20950,21750,1.007042670880421e-95,0,,179,100
2096,20960,21760,1.920935485441271e-198,0,,180,100
2097,20970,21770,8.99683085267291e-196,0,,184,100
2098,20980,21780,1.5306183788365053e-153,0,,183,100
2099,20990,21790,1.7697352216434613e-69,0,,183,100
2100,21000,21800,2.663168891923176e-56,0,,179,100
2101,21010,21810,6.706918504632666e-70,0,,178,100
2102,21020,21820,1.1065937483695685e-107,0,,178,100
2103,21030,21830,3.0952414973049626e-154,0,,180,100
2104,21040,21840,2.4664087985197647e-113,0,,180,100
2105,21050,21850,3.1114913085853914e-159,0,,181,100
2106,21060,21860,2.843578609637261e-120,0,,181,100
2107,21070,21870,1.1985842146935961e-63,0,,179,100
2108,21080,21880,1.2752147253733585e-77,0,,180,100
2109,21090,21890,3.201364803747525e-58,0,,178,100
2110,21100,21900,4.0292532199244204e-91,0,,176,100
2111,21110,21910,1.7195199481430847e-128,0,,178,100
2112,21120,21920,3.120708431049163e-192,0,,179,100
2113,21130,21930,4.229136863583834e-180,0,,181,100
2114,21140,21940,4.713070498643215e-149,0,,179,100
2115,21150,21950,1.86275354175148e-127,0,,179,100
2116,21160,21960,4.757766250754748e-97,0,,179,100
2117,21170,21970,3.602237047463481e-84,0,,180,100
2118,21180,21980,5.366297610143201e-64,0,,181,100
2119,21190,21990,5.88565154500947e-87,0,,180,100
2120,21200,22000,3.505360766430196e-97,0,,181,100
2121,21210,22010,3.247043822065058e-122,0,,180,100
2122,21220,22020,4.452913125419104e-97,0,,178,100
2123,21230,22030,7.396331830471897e-70,0,,178,100
2124,21240,22040,7.930742072981143e-94,0,,179,100
2125,21250,22050,7.343817663382339e-134,0,,178,100
2126,21260,22060,8.951008292179178e-109,0,,180,100
2127,21270,22070,4.939773688352272e-123,0,,178,100
2128,21280,22080,1.9265548345087289e-112,0,,178,100
2129,21290,22090,2.0061345018247657e-100,0,,178,100
2130,21300,22100,3.088149356021069e-106,0,,179,100
2131,21310,22110,4.125611612162585e-80,0,,181,100
2132,21320,22120,7.78913262948809e-62,0,,179,100
2133,21330,22130,1.507170280683626e-75,0,,179,100
2134,21340,22140,5.067470552690413e-106,0,,178,100
2135,21350,22150,4.2328492149240916e-123,0,,177,100
2136,21360,22160,3.569224883945126e-121,0,,176,100
2137,21370,22170,8.301739695412291e-134,0,,175,100
2138,21380,22180,5.409239884040413e-101,0,,173,100
2139,21390,22190,2.0195844633884983e-67,0,,174,100
2140,21400,22200,9.147684161942214e-70,0,,175,100
2141,21410,22210,9.027792039814193e-47,0,,176,100
2142,21420,22220,1.175113974258586e-81,0,,173,100
2143,21430,22230,1.1622665623247723e-121,0,,174,100
2144,21440,22240,3.89433845513948e-138,0,,174,100
2145,21450,22250,1.8624022666066616e-164,0,,174,100
2146,21460,22260,1.7507696951838625e-141,0,,174,100
2147,21470,22270,5.025594920344137e-59,0,,175,100
2148,21480,22280,1.7917730514840705e-71,0,,175,100
2149,21490,22290,1.864296177134701e-106,0,,175,100
2150,21500,22300,1.686634706786495e-75,0,,177,100
2151,21510,22310,1.4950621097763488e-73,0,,178,100
2152,21520,22320,2.6815430487430306e-85,0,,178,100
2153,21530,22330,8.148439689646471e-97,0,,178,100
2154,21540,22340,6.859010267973883e-124,0,,178,100
2155,21550,22350,2.5813296042354546e-179,0,,179,100
2156,21560,22360,1.872499710259399e-118,0,,179,100
2157,21570,22370,4.7252931196213353e-141,0,,178,100
2158,21580,22380,3.3739006343648804e-120,0,,179,100
2159,21590,22390,2.7505178338592645e-106,0,,180,100
2160,21600,22400,4.203982096729472e-101,0,,179,100
2161,21610,22410,4.182167450728748e-112,0,,179,100
2162,21620,22420,4.94125254520071e-171,0,,181,100
2163,21630,22430,2.4662878889971014e-197,0,,179,100
2164,21640,22440,2.0179072199871448e-162,0,,179,100
2165,21650,22450,5.643304068641379e-151,0,,179,100
2166,21660,22460,4.326884332430513e-149,0,,179,100
2167,21670,22470,2.973453973528158e-135,0,,180,100
2168,21680,22480,1.7609699034436854e-148,0,,180,100
2169,21690,22490,8.589225009978326e-149,0,,180,100
2170,21700,22500,1.370211246973762e-168,0,,180,100
2171,21710,22510,1.8931599648920426e-164,0,,179,100
2172,21720,22520,5.646292552011487e-184,0,,177,100
2173,21730,22530,7.235710241773113e-132,0,,178,100
2174,21740,22540,1.6026911044259795e-179,0,,179,100
2175,21750,22550,5.435135776269041e-114,0,,179,100
2176,21760,22560,5.893969705640478e-116,0,,178,100
2177,21770,22570,8.720367141055993e-172,0,,176,100
2178,21780,22580,2.3775542463699896e-161,0,,174,100
2179,21790,22590,8.374181609156008e-154,0,,176,100
2180,21800,22600,5.579764410812745e-128,0,,178,100
2181,21810,22610,1.580502233900947e-129,0,,181,100
2182,21820,22620,1.784327361390534e-178,0,,180,100
2183,21830,22630,6.08062904006627e-132,0,,180,100
2184,21840,22640,2.1529428390098164e-124,0,,178,100
2185,21850,22650,6.687002947201854e-101,0,,178,100
2186,21860,22660,1.0496660308635774e-186,0,,176,100
2187,21870,22670,3.28588658175806e-142,0,,178,100
2188,21880,22680,6.316996541080557e-148,0,,180,100
2189,21890,22690,6.476134917399298e-149,0,,182,100
2190,21900,22700,5.0940285792926865e-104,0,,183,100
2191,21910,22710,5.452017984682143e-144,0,,181,100
2192,21920,22720,4.601719892813293e-118,0,,177,100
2193,21930,22730,1.600355565585298e-94,0,,178,100
2194,21940,22740,1.133374320097979e-108,0,,178,100
2195,21950,22750,4.73385738138015e-111,0,,179,100
2196,21960,22760,1.9766177705970497e-143,0,,177,100
2197,21970,22770,9.790865963914741e-136,0,,177,100
2198,21980,22780,4.4537936384054904e-72,0,,177,100
2199,21990,22790,2.379006847398178e-121,0,,176,100
2200,22000,22800,4.807584113285876e-67,0,,177,100
2201,22010,22810,1.937384063435889e-63,0,,179,100
2202,22020,22820,1.0588402536569859e-109,0,,180,100
2203,22030,22830,2.7961049384057768e-74,0,,180,100
2204,22040,22840,2.3435873083928133e-170,0,,179,100
2205,22050,22850,5.301504952062191e-190,0,,178,100
2206,22060,22860,2.4431858123718608e-174,0,,177,100
2207,22070,22870,1.1776193528753502e-95,0,,177,100
2208,22080,22880,5.804587312555343e-120,0,,179,100
2209,22090,22890,1.5985700693146772e-131,0,,178,100
2210,22100,22900,1.9480902052461148e-60,0,,179,100
2211,22110,22910,6.377765174176243e-84,0,,178,100
2212,22120,22920,3.961467077738086e-96,0,,180,100
2213,22130,22930,2.4250453600468253e-216,0,,177,100
2214,22140,22940,2.1110483109097873e-185,0,,179,100
2215,22150,22950,2.902845912518828e-213,0,,180,100
2216,22160,22960,3.831924328156004e-154,0,,180,100
2217,22170,22970,1.513718013042522e-137,0,,180,100
2218,22180,22980,1.6912887428588164e-144,0,,181,100
2219,22190,22990,6.8403870518405765e-46,0,,179,100
2220,22200,23000,2.2335538983298486e-55,0,,178,100
2221,22210,23010,1.022243783475434e-55,0,,183,100
2222,22220,23020,5.012006195493523e-200,0,,181,100
2223,22230,23030,1.5846866667086509e-226,0,,180,100
2224,22240,23040,1.6143601306778206e-249,0,,179,100
2225,22250,23050,1.0789801012470343e-192,0,,180,100
2226,22260,23060,6.794211790528936e-131,0,,178,100
2227,22270,23070,9.482273861605475e-155,0,,178,100
2228,22280,23080,1.6563319978482125e-57,0,,178,100
2229,22290,23090,3.4278945061525534e-50,0,,177,100
2230,22300,23100,5.393177829266297e-91,0,,177,100
2231,22310,23110,4.053052993994643e-202,0,,176,100
2232,22320,23120,9.501670614602437e-160,0,,175,100
2233,22330,23130,3.1261615368755884e-156,0,,175,100
2234,22340,23140,2.219976348572856e-186,0,,175,100
2235,22350,23150,1.243009553599115e-115,0,,177,100
2236,22360,23160,2.6505736622642845e-65,0,,178,100
2237,22370,23170,1.0560856151932486e-63,0,,176,100
2238,22380,23180,3.4098957213425146e-75,0,,177,100
2239,22390,23190,2.6620426786320292e-86,0,,177,100
2240,22400,23200,2.8771151349885625e-158,0,,177,100
2241,22410,23210,3.7724486377960657e-184,0,,178,100
2242,22420,23220,4.1524304518452275e-197,0,,177,100
2243,22430,23230,9.65425993147065e-138,0,,175,100
2244,22440,23240,3.621851414987767e-94,0,,176,100
2245,22450,23250,1.0097772410502245e-43,0,,176,100
2246,22460,23260,1.0964026596398556e-44,0,,176,100
2247,22470,23270,1.069593181807014e-72,0,,178,100
2248,22480,23280,4.464616045286888e-113,0,,177,100
2249,22490,23290,2.372194873758176e-107,0,,175,100
2250,22500,23300,2.088315095555508e-115,0,,175,100
2251,22510,23310,1.5882404558408868e-78,0,,178,100
2252,22520,23320,1.0585553777850263e-97,0,,178,100
2253,22530,23330,2.5183198961974483e-69,0,,177,100
2254,22540,23340,2.6833237209125636e-109,0,,179,100
2255,22550,23350,6.948827912699118e-51,0,,179,100
2256,22560,23360,2.3515278009037544e-47,0,,179,100
2257,22570,23370,3.0617886491181865e-85,0,,178,100
2258,22580,23380,1.4076939820442844e-82,0,,179,100
2259,22590,23390,6.753863496842394e-115,0,,178,100
2260,22600,23400,5.616442168878451e-81,0,,175,100
2261,22610,23410,3.4090748806034304e-150,0,,175,100
2262,22620,23420,9.04320576947206e-63,0,,175,100
2263,22630,23430,4.954497510409474e-63,0,,175,100
2264,22640,23440,7.551580774597896e-72,0,,175,100
2265,22650,23450,2.522041911128907e-94,0,,175,100
2266,22660,23460,5.591706541668108e-90,0,,179,100
2267,22670,23470,2.0827594494858204e-149,0,,177,100
2268,22680,23480,5.372132656646533e-147,0,,177,100
2269,22690,23490,7.164748112144547e-113,0,,178,100
2270,22700,23500,3.3998442040663696e-90,0,,179,100
2271,22710,23510,1.6959663097167162e-96,0,,180,100
2272,22720,23520,2.7698425471620625e-70,0,,181,100
2273,22730,23530,6.942975194902255e-61,0,,181,100
2274,22740,23540,8.168747179544295e-118,0,,182,100
2275,22750,23550,1.5209615441851455e-150,0,,182,100
2276,22760,23560,5.545629781251091e-175,0,,182,100
2277,22770,23570,4.750394348034918e-190,0,,182,100
2278,22780,23580,1.0096057576540743e-146,0,,184,100
2279,22790,23590,1.5565644293222824e-110,0,,184,100
2280,22800,23600,3.853063328991083e-138,0,,188,100
2281,22810,23610,2.784758096844711e-51,0,,186,100
2282,22820,23620,2.5933921718340197e-53,0,,186,100
2283,22830,23630,2.7888614542900473e-47,0,,187,100
2284,22840,23640,3.4749252730183095e-155,0,,188,100
2285,22850,23650,3.0593995182041065e-104,0,,189,100
2286,22860,23660,5.747686947319198e-153,0,,187,100
2287,22870,23670,3.72980312413644e-145,0,,188,100
2288,22880,23680,5.607257843540184e-145,0,,186,100
2289,22890,23690,3.911471082952134e-89,0,,187,100
2290,22900,23700,1.0580597988863259e-91,0,,189,100
2291,22910,23710,8.176462951702103e-54,0,,189,100
2292,22920,23720,4.482608995535758e-142,0,,189,100
2293,22930,23730,2.2978024130534434e-48,0,,191,100
2294,22940,23740,2.8926394511130633e-148,0,,189,100
2295,22950,23750,9.67452338463615e-156,0,,189,100
2296,22960,23760,1.1265736296044242e-140,0,,192,100
2297,22970,23770,1.0117817479013294e-168,0,,193,100
2298,22980,23780,1.8724131079682918e-150,0,,194,100
2299,22990,23790,1.0995124181349658e-57,0,,192,100
2300,23000,23800,5.504285766079228e-68,0,,193,100
2301,23010,23810,1.9261568613127248e-76,0,,193,100
2302,23020,23820,2.447980735582714e-153,0,,193,100
2303,23030,23830,3.0426636825684876e-174,0,,193,100
2304,23040,23840,2.2236758505565276e-103,0,,194,100
2305,23050,23850,1.8278150052009742e-156,0,,194,100
2306,23060,23860,5.319762104404157e-127,0,,194,100
2307,23070,23870,1.0213019820122406e-232,0,,194,100
2308,23080,23880,3.6253791563714914e-112,0,,194,100
2309,23090,23890,8.451035458997479e-115,0,,195,100
2310,23100,23900,3.1186553927771304e-118,0,,196,100
2311,23110,23910,2.4244638639457254e-148,0,,198,100
2312,23120,23920,1.5909232474333104e-107,0,,197,100
2313,23130,23930,1.9274239754386162e-154,0,,196,100
2314,23140,23940,9.8130208625564e-131,0,,194,100
2315,23150,23950,4.518938012243312e-200,0,,193,100
2316,23160,23960,3.412064490985231e-277,0,,192,100
2317,23170,23970,8.415491458978707e-201,0,,191,100
2318,23180,23980,7.213490683624741e-188,0,,192,100
2319,23190,23990,1.892181966257127e-127,0,,190,100
2320,23200,24000,1.3984429573087663e-116,0,,189,100
2321,23210,24010,2.0155759291280267e-128,0,,188,100
2322,23220,24020,1.4299962652848034e-131,0,,189,100
2323,23230,24030,2.6614211112651804e-148,0,,189,100
2324,23240,24040,1.932246520344645e-200,0,,189,100
2325,23250,24050,1.3503519149412242e-145,0,,189,100
2326,23260,24060,2.842270714120969e-243,0,,188,100
2327,23270,24070,4.140101162417562e-174,0,,188,100
2328,23280,24080,1.7116377472994488e-192,0,,188,100
2329,23290,24090,2.865373588308455e-112,0,,188,100
2330,23300,24100,2.3501006225197463e-120,0,,189,100
2331,23310,24110,8.605559751366582e-161,0,,189,100
2332,23320,24120,8.196653925678298e-121,0,,190,100
2333,23330,24130,1.3520751952140855e-179,0,,188,100
2334,23340,24140,3.5130526065796733e-219,0,,189,100
2335,23350,24150,4.662897033454298e-186,0,,188,100
2336,23360,24160,1.3381790434757278e-143,0,,189,100
2337,23370,24170,5.883613575679523e-127,0,,190,100
2338,23380,24180,3.403749388604895e-163,0,,191,100
2339,23390,24190,7.773907518150157e-149,0,,192,100
2340,23400,24200,1.836589352195656e-135,0,,193,100
2341,23410,24210,9.718312195872984e-148,0,,192,100
2342,23420,24220,1.4489585994457993e-116,0,,193,100
2343,23430,24230,5.2705853316010245e-133,0,,192,100
2344,23440,24240,7.864058199375177e-121,0,,192,100
2345,23450,24250,1.748457896715764e-178,0,,192,100
2346,23460,24260,4.955960437928619e-199,0,,190,100
2347,23470,24270,4.023771865984486e-188,0,,190,100
2348,23480,24280,1.6110123565047005e-151,0,,190,100
2349,23490,24290,1.5670184453216616e-121,0,,189,100
2350,23500,24300,3.473581764011299e-132,0,,186,100
2351,23510,24310,4.3506672034804464e-135,0,,189,100
2352,23520,24320,5.1731870769924796e-163,0,,188,100
2353,23530,24330,3.0393274011836387e-230,0,,185,100
2354,23540,24340,7.21532676272629e-158,0,,185,100
2355,23550,24350,4.3323239962451743e-156,0,,185,100
2356,23560,24360,2.2382677414835084e-116,0,,186,100
2357,23570,24370,4.3256822457843885e-113,0,,186,100
2358,23580,24380,1.99553613211903e-149,0,,187,100
2359,23590,24390,1.0052285431017338e-177,0,,186,100
2360,23600,24400,1.752475693816987e-243,0,,180,100
2361,23610,24410,1.54717030732304e-159,0,,181,100
2362,23620,24420,1.0022515098218344e-168,0,,181,100
2363,23630,24430,2.959442062059245e-104,0,,179,100
2364,23640,24440,8.592843424333556e-89,0,,179,100
2365,23650,24450,1.6536083471672708e-135,0,,179,100
2366,23660,24460,1.1175783190356582e-158,0,,180,100
2367,23670,24470,2.322449828630155e-165,0,,179,100
2368,23680,24480,6.788969986962041e-192,0,,178,100
2369,23690,24490,1.0009016517078445e-211,0,,178,100
2370,23700,24500,3.0892441749195317e-195,0,,177,100
2371,23710,24510,1.3950999892240908e-105,0,,176,100
2372,23720,24520,5.063018869198398e-72,0,,176,100
2373,23730,24530,9.721558426123825e-107,0,,174,100
2374,23740,24540,5.885503168068956e-138,0,,172,100
2375,23750,24550,1.178227210991245e-100,0,,174,100
2376,23760,24560,7.909029958091987e-154,0,,169,100
2377,23770,24570,1.481306409046767e-169,0,,171,100
2378,23780,24580,3.3086495055539057e-131,0,,171,100
2379,23790,24590,5.832467365158765e-151,0,,170,100
2380,23800,24600,5.955593935296752e-124,0,,170,100
2381,23810,24610,9.33608789357981e-108,0,,169,100
2382,23820,24620,1.241807114862768e-154,0,,167,100
2383,23830,24630,4.718160342208108e-137,0,,166,100
2384,23840,24640,8.398659399336734e-128,0,,168,100
2385,23850,24650,5.255438902390113e-111,0,,167,100
2386,23860,24660,1.269758266254508e-109,0,,166,100
2387,23870,24670,3.590432578825937e-103,0,,166,100
2388,23880,24680,1.7389903093561722e-140,0,,166,100
2389,23890,24690,1.706084467054709e-131,0,,166,100
2390,23900,24700,3.4776060820873166e-243,0,,164,100
2391,23910,24710,0.0,0,,164,100
2392,23920,24720,1.3240202817189531e-142,0,,166,100
2393,23930,24730,2.1866100484924097e-162,0,,168,100
2394,23940,24740,1.5176242199340475e-134,0,,167,100
2395,23950,24750,9.270633041131874e-167,0,,168,100
2396,23960,24760,4.873947884159919e-181,0,,169,100
2397,23970,24770,2.1028038398067813e-229,0,,166,100
2398,23980,24780,7.40328887464177e-257,0,,166,100
2399,23990,24790,0.0,0,,168,100
2400,24000,24800,8.23691634192926e-209,0,,168,100
2401,24010,24810,1.1179191767344747e-219,0,,171,100
2402,24020,24820,2.2227110797399062e-246,0,,169,100
2403,24030,24830,6.3411835349317e-116,0,,172,100
2404,24040,24840,5.94884334249656e-158,0,,169,100
2405,24050,24850,2.0853232268080247e-143,0,,168,100
2406,24060,24860,7.30210005761761e-191,0,,167,100
2407,24070,24870,0.0,0,,166,100
2408,24080,24880,0.0,0,,165,100
2409,24090,24890,2.061381308739574e-234,0,,165,100
2410,24100,24900,0.0,0,,167,100
2411,24110,24910,4.0156969819580306e-141,0,,164,100
2412,24120,24920,6.948018709789562e-212,0,,164,100
2413,24130,24930,4.126693575351351e-219,0,,164,100
2414,24140,24940,2.0817809055751433e-159,0,,165,100
2415,24150,24950,1.7598065724993099e-158,0,,164,100
2416,24160,24960,1.2583902812913295e-272,0,,166,100
2417,24170,24970,7.403730475837145e-280,0,,166,100
2418,24180,24980,1.8278019636474586e-259,0,,163,100
2419,24190,24990,1.2655357828054212e-242,0,,163,100
2420,24200,25000,1.0015449709610976e-106,0,,162,100
2421,24210,25010,9.225012227544979e-188,0,,160,100
2422,24220,25020,2.6073423715118207e-160,0,,161,100
2423,24230,25030,2.276547947330656e-161,0,,163,100
2424,24240,25040,5.259817851001655e-154,0,,164,100
2425,24250,25050,2.0757713230843072e-257,0,,163,100
2426,24260,25060,5.475184149619314e-219,0,,161,100
2427,24270,25070,1.858130780529314e-230,0,,161,100
2428,24280,25080,2.0891779051527493e-141,0,,162,100
2429,24290,25090,2.4229808476358194e-75,0,,163,100
2430,24300,25100,1.0869162609907813e-245,0,,164,100
2431,24310,25110,8.923075400444407e-204,0,,162,100
2432,24320,25120,4.407499160525205e-150,0,,163,100
2433,24330,25130,3.457498987250403e-109,0,,164,100
2434,24340,25140,1.1136100175341771e-189,0,,163,100
2435,24350,25150,7.667760239355841e-140,0,,164,100
2436,24360,25160,3.3919040462357544e-195,0,,163,100
2437,24370,25170,1.4357636882323646e-75,0,,163,100
2438,24380,25180,4.8404875043647024e-117,0,,162,100
2439,24390,25190,6.332133491184936e-153,0,,164,100
2440,24400,25200,8.561428728705063e-159,0,,164,100
2441,24410,25210,9.126201946145349e-191,0,,163,100
2442,24420,25220,1.7687182465705107e-190,0,,163,100
2443,24430,25230,1.3818853666692795e-104,0,,163,100
2444,24440,25240,2.47463758191866e-203,0,,163,100
2445,24450,25250,4.306326676855324e-133,0,,167,100
2446,24460,25260,2.662415408301572e-128,0,,168,100
2447,24470,25270,7.266385515147505e-169,0,,167,100
2448,24480,25280,1.8501589806102097e-98,0,,166,100
2449,24490,25290,4.625860717920635e-131,0,,168,100
2450,24500,25300,1.922157936740675e-250,0,,168,100
2451,24510,25310,6.6931442254361766e-139,0,,170,100
2452,24520,25320,1.4898626446497725e-197,0,,170,100
2453,24530,25330,1.2292186688707498e-107,0,,171,100
2454,24540,25340,1.3266737601778975e-99,0,,171,100
2455,24550,25350,7.813065374798578e-118,0,,172,100
2456,24560,25360,2.3440467080227763e-104,0,,170,100
2457,24570,25370,6.645054345494801e-86,0,,171,100
2458,24580,25380,6.033769053077775e-68,0,,171,100
2459,24590,25390,1.1294574898797072e-145,0,,172,100
2460,24600,25400,1.0581580725714839e-172,0,,173,100
2461,24610,25410,2.552545068355114e-181,0,,174,100
2462,24620,25420,1.6974818224330712e-166,0,,174,100
2463,24630,25430,1.3965746191042598e-155,0,,175,100
2464,24640,25440,5.87677542318118e-122,0,,176,100
2465,24650,25450,3.332757262135587e-106,0,,174,100
2466,24660,25460,3.262096712773849e-97,0,,177,100
2467,24670,25470,1.7503156695490421e-115,0,,175,100
2468,24680,25480,3.419746911887244e-60,0,,179,100
2469,24690,25490,1.4736190786906073e-99,0,,178,100
2470,24700,25500,1.018862221226556e-151,0,,177,100
2471,24710,25510,2.0742595495712606e-111,0,,177,100
2472,24720,25520,3.5600554762705497e-132,0,,176,100
2473,24730,25530,2.76026049893263e-95,0,,174,100
2474,24740,25540,9.280051805110433e-99,0,,176,100
2475,24750,25550,2.285459091939572e-90,0,,178,100
2476,24760,25560,6.8019826363724255e-84,0,,178,100
2477,24770,25570,2.499217789212026e-112,0,,179,100
2478,24780,25580,2.3580814018837203e-67,0,,179,100
2479,24790,25590,2.0347954433426774e-131,0,,178,100
2480,24800,25600,5.834074572373449e-86,0,,178,100
2481,24810,25610,5.188277565850846e-98,0,,179,100
2482,24820,25620,1.0914130339135597e-80,0,,179,100
2483,24830,25630,6.317148446702878e-103,0,,178,100
2484,24840,25640,8.094263840606564e-87,0,,180,100
2485,24850,25650,1.7925582166384058e-115,0,,180,100
2486,24860,25660,1.0624446639337693e-103,0,,180,100
2487,24870,25670,9.361295109858786e-105,0,,182,100
2488,24880,25680,7.403841807245603e-83,0,,183,100
2489,24890,25690,1.2168731374198747e-95,0,,183,100
2490,24900,25700,6.679645407516728e-120,0,,183,100
2491,24910,25710,5.470087263889634e-79,0,,182,100
2492,24920,25720,5.077217938584948e-109,0,,183,100
2493,24930,25730,2.5121626401764464e-164,0,,181,100
2494,24940,25740,3.893851479452749e-269,0,,180,100
2495,24950,25750,7.133127270395614e-145,0,,181,100
2496,24960,25760,2.4484005376706538e-139,0,,178,100
2497,24970,25770,3.4234418246323133e-122,0,,180,100
2498,24980,25780,6.081811648432313e-73,0,,181,100
2499,24990,25790,3.214247180452463e-96,0,,183,100
2500,25000,25800,7.348236260560512e-94,0,,186,100
2501,25010,25810,5.089832759229915e-69,0,,188,100
2502,25020,25820,2.1117682255873743e-79,0,,187,100
2503,25030,25830,1.3554151394645422e-125,0,,185,100
2504,25040,25840,7.426735895289383e-103,0,,185,100
2505,25050,25850,3.4300797875324507e-100,0,,188,100
2506,25060,25860,1.2236273888615455e-157,0,,187,100
2507,25070,25870,3.379541053629048e-64,0,,187,100
2508,25080,25880,1.5624531266514648e-89,0,,187,100
2509,25090,25890,5.867177618626049e-70,0,,188,100
2510,25100,25900,8.333157364970656e-82,0,,186,100
2511,25110,25910,1.310947261641384e-95,0,,186,100
2512,25120,25920,2.015014477400482e-65,0,,185,100
2513,25130,25930,8.170386120353362e-85,0,,187,100
2514,25140,25940,7.707724146745716e-60,0,,187,100
2515,25150,25950,1.7755724588377884e-71,0,,189,100
2516,25160,25960,1.5520771470743575e-72,0,,189,100
2517,25170,25970,7.20801149489448e-104,0,,187,100
2518,25180,25980,4.8521684734645994e-117,0,,186,100
2519,25190,25990,4.570129637361969e-135,0,,186,100
2520,25200,26000,1.5474607690919273e-104,0,,187,100
2521,25210,26010,1.901692567185205e-104,0,,189,100
2522,25220,26020,7.837721430545657e-99,0,,191,100
2523,25230,26030,2.267205749118768e-78,0,,191,100
2524,25240,26040,8.539704949244014e-38,0,,190,100
2525,25250,26050,2.4227776713904013e-98,0,,189,100
2526,25260,26060,1.6052896247221633e-115,0,,189,100
2527,25270,26070,3.2198115207452403e-98,0,,191,100
2528,25280,26080,8.562815013988567e-104,0,,191,100
2529,25290,26090,3.329901621795326e-78,0,,192,100
2530,25300,26100,2.7184382289711516e-54,0,,192,100
2531,25310,26110,1.3690286397024133e-131,0,,192,100
2532,25320,26120,6.173066663565923e-110,0,,189,100
2533,25330,26130,1.600152531431968e-101,0,,190,100
2534,25340,26140,3.5391346227848765e-132,0,,191,100
2535,25350,26150,3.316132116344163e-116,0,,191,100
2536,25360,26160,3.654582356206174e-140,0,,194,100
2537,25370,26170,6.812820614815981e-85,0,,192,100
2538,25380,26180,5.5521949759263077e-42,0,,192,100
2539,25390,26190,2.8084841769800353e-99,0,,192,100
2540,25400,26200,3.276909974809739e-91,0,,192,100
2541,25410,26210,2.41133675513335e-162,0,,193,100
2542,25420,26220,5.5093115811185154e-185,0,,192,100
2543,25430,26230,1.1898380696151578e-197,0,,191,100
2544,25440,26240,2.968863238872443e-191,0,,194,100
2545,25450,26250,6.832765717760542e-99,0,,192,100
2546,25460,26260,4.519103106038557e-53,0,,191,100
2547,25470,26270,3.028902554931678e-87,0,,193,100
2548,25480,26280,4.9398070091979084e-85,0,,194,100
2549,25490,26290,2.529146429719049e-211,0,,192,100
2550,25500,26300,1.2501604421540698e-148,0,,193,100
2551,25510,26310,1.9404066306041755e-161,0,,193,100
2552,25520,26320,1.9724248170362683e-160,0,,195,100
2553,25530,26330,2.1710509649824571e-116,0,,194,100
2554,25540,26340,1.887477252748677e-98,0,,193,100
2555,25550,26350,3.335282528218695e-40,0,,191,100
2556,25560,26360,1.0997998391526936e-102,0,,191,100
2557,25570,26370,1.3543143992510673e-101,0,,190,100
2558,25580,26380,2.257670527522877e-175,0,,190,100
2559,25590,26390,1.4801449395340797e-109,0,,189,100
2560,25600,26400,9.275276017741337e-71,0,,188,100
2561,25610,26410,1.224348848426804e-57,0,,190,100
2562,25620,26420,1.656810286210206e-69,0,,192,100
2563,25630,26430,2.7484708399424713e-60,0,,194,100
2564,25640,26440,2.8151235980723276e-102,0,,196,100
2565,25650,26450,5.4416215196884675e-90,0,,195,100
2566,25660,26460,2.569084865762503e-108,0,,195,100
2567,25670,26470,4.774590819971244e-147,0,,194,100
2568,25680,26480,1.2212308926187061e-124,0,,193,100
2569,25690,26490,7.937803048648901e-56,0,,193,100
2570,25700,26500,1.1643238944612477e-99,0,,193,100
2571,25710,26510,1.8045232659265414e-65,0,,194,100
2572,25720,26520,1.5710982717644414e-73,0,,195,100
2573,25730,26530,1.0893328285724271e-77,0,,195,100
2574,25740,26540,7.467471723533209e-102,0,,194,100
2575,25750,26550,2.7717483227324067e-108,0,,194,100
2576,25760,26560,1.6618036304926368e-110,0,,195,100
2577,25770,26570,4.9610462482522495e-104,0,,196,100
2578,25780,26580,8.493224188064979e-68,0,,194,100
2579,25790,26590,6.401438548050623e-49,0,,194,100
2580,25800,26600,2.7711858968497547e-120,0,,192,100
2581,25810,26610,2.52410576866813e-120,0,,190,100
2582,25820,26620,5.8918969624942255e-115,0,,192,100
2583,25830,26630,1.069682159202258e-130,0,,191,100
2584,25840,26640,2.3998651694241224e-81,0,,191,100
2585,25850,26650,1.1223867377457327e-114,0,,188,100
2586,25860,26660,1.6236581882230523e-44,0,,189,100
2587,25870,26670,4.1189452717953266e-67,0,,187,100
2588,25880,26680,2.539113064280667e-118,0,,190,100
2589,25890,26690,8.47359084760425e-204,0,,190,100
2590,25900,26700,2.0148520821327086e-214,0,,189,100
2591,25910,26710,6.541391117321448e-299,0,,191,100
2592,25920,26720,6.28965464549888e-256,0,,191,100
2593,25930,26730,1.999593551783829e-81,0,,188,100
2594,25940,26740,1.197398732611613e-68,0,,188,100
2595,25950,26750,6.33822958896835e-90,0,,187,100
2596,25960,26760,3.488480258662435e-72,0,,188,100
2597,25970,26770,9.797025526099562e-119,0,,189,100
2598,25980,26780,1.3327539703018867e-68,0,,189,100
2599,25990,26790,4.90519134969527e-146,0,,188,100
2600,26000,26800,6.45320114323095e-154,0,,187,100
2601,26010,26810,2.7654298071098127e-81,0,,187,100
2602,26020,26820,1.2049559972003619e-127,0,,185,100
2603,26030,26830,4.91660623719571e-104,0,,187,100
2604,26040,26840,6.73831145362886e-79,0,,187,100
2605,26050,26850,6.054567406214201e-95,0,,187,100
2606,26060,26860,9.65140654002506e-60,0,,188,100
2607,26070,26870,2.8957655379389644e-134,0,,185,100
2608,26080,26880,2.7494673384175444e-121,0,,185,100
2609,26090,26890,5.571578529287121e-90,0,,184,100
2610,26100,26900,4.759403649422791e-77,0,,185,100
2611,26110,26910,4.741588361899538e-72,0,,185,100
2612,26120,26920,2.666658377613747e-92,0,,185,100
2613,26130,26930,1.1722588494595977e-89,0,,184,100
2614,26140,26940,2.1463925068952303e-158,0,,183,100
2615,26150,26950,1.2827644750765081e-158,0,,183,100
2616,26160,26960,7.240927679867431e-118,0,,186,100
2617,26170,26970,5.064802108111596e-57,0,,184,100
2618,26180,26980,1.260482331970953e-67,0,,183,100
2619,26190,26990,9.72067352603459e-120,0,,182,100
2620,26200,27000,6.003029371324788e-118,0,,182,100
2621,26210,27010,4.33823687104783e-192,0,,182,100
2622,26220,27020,2.067036329814464e-158,0,,184,100
2623,26230,27030,2.436758510162536e-214,0,,182,100
2624,26240,27040,2.1048721241620215e-214,0,,182,100
2625,26250,27050,1.014287052804369e-250,0,,180,100
2626,26260,27060,4.607439589844697e-64,0,,181,100
2627,26270,27070,2.4197265908560103e-107,0,,178,100
2628,26280,27080,1.9415924938682564e-90,0,,178,100
2629,26290,27090,3.799328842800178e-192,0,,178,100
2630,26300,27100,3.21452461764547e-113,0,,181,100
2631,26310,27110,6.458245160955129e-229,0,,180,100
2632,26320,27120,3.6579429978689816e-183,0,,181,100
2633,26330,27130,3.812774189182988e-282,0,,179,100
2634,26340,27140,1.8915e-319,0,,180,100
2635,26350,27150,8.600238892214081e-133,0,,181,100
2636,26360,27160,2.8397478021146724e-115,0,,180,100
2637,26370,27170,6.9175657109064134e-93,0,,180,100
2638,26380,27180,1.0015879167027019e-109,0,,183,100
2639,26390,27190,1.8287064693214943e-109,0,,182,100
2640,26400,27200,1.599972793001772e-150,0,,182,100
2641,26410,27210,1.6089314787389424e-183,0,,178,100
2642,26420,27220,8.780130604947671e-169,0,,177,100
2643,26430,27230,5.141212909148654e-140,0,,176,100
2644,26440,27240,9.338487963284935e-160,0,,174,100
2645,26450,27250,0.0,0,,175,100
2646,26460,27260,4.3306182794218416e-101,0,,176,100
2647,26470,27270,1.2800880067924439e-118,0,,175,100
2648,26480,27280,5.138541733725562e-139,0,,177,100
2649,26490,27290,3.9329738633478635e-193,0,,177,100
2650,26500,27300,1.0654242503482928e-158,0,,176,100
2651,26510,27310,2.415555024210147e-155,0,,177,100
2652,26520,27320,9.389860206518406e-186,0,,177,100
2653,26530,27330,1.5875340253702608e-128,0,,177,100
2654,26540,27340,1.0143228995332802e-200,0,,176,100
2655,26550,27350,1.106569732947059e-120,0,,176,100
2656,26560,27360,5.874131551568695e-118,0,,178,100
2657,26570,27370,6.068593662228435e-204,0,,178,100
2658,26580,27380,4.769180646312876e-236,0,,178,100
2659,26590,27390,6.898063251487052e-145,0,,178,100
2660,26600,27400,2.0103155011773042e-135,0,,176,100
2661,26610,27410,2.0723624756903452e-151,0,,175,100
2662,26620,27420,1.0367082891978482e-215,0,,175,100
2663,26630,27430,3.417333041559e-221,0,,178,100
2664,26640,27440,4.155150875428522e-190,0,,177,100
2665,26650,27450,5.880508428249267e-155,0,,176,100
2666,26660,27460,8.390683983282191e-232,0,,175,100
2667,26670,27470,9.1938204722844e-264,0,,173,100
2668,26680,27480,7.4832596895576665e-174,0,,173,100
2669,26690,27490,1.1957633605391351e-213,0,,172,100
2670,26700,27500,6.089724366154158e-166,0,,172,100
2671,26710,27510,5.795410919504598e-170,0,,174,100
2672,26720,27520,3.227530640761267e-169,0,,173,100
2673,26730,27530,4.4113870418650636e-152,0,,172,100
2674,26740,27540,1.0130735973552431e-179,0,,173,100
2675,26750,27550,6.221026084970851e-172,0,,171,100
2676,26760,27560,1.00146978754959e-245,0,,173,100
2677,26770,27570,5.594952115998031e-160,0,,174,100
2678,26780,27580,2.7737137993272853e-181,0,,173,100
2679,26790,27590,2.982938221562643e-157,0,,173,100
2680,26800,27600,1.0515907692062133e-147,0,,174,100
2681,26810,27610,1.019266081826167e-160,0,,174,100
2682,26820,27620,9.84144560096421e-181,0,,172,100
2683,26830,27630,1.070740688685792e-151,0,,173,100
2684,26840,27640,2.9704635400784178e-136,0,,173,100
2685,26850,27650,2.9846771506087014e-211,0,,174,100
2686,26860,27660,6.720412214580533e-213,0,,174,100
2687,26870,27670,1.0818512358112212e-208,0,,174,100
2688,26880,27680,4.678363388861797e-197,0,,174,100
2689,26890,27690,8.385267620944915e-144,0,,174,100
2690,26900,27700,3.9568283118553695e-166,0,,173,100
2691,26910,27710,8.227795562400129e-121,0,,174,100
2692,26920,27720,8.41802108610641e-166,0,,174,100
2693,26930,27730,1.0958951014476465e-305,0,,175,100
2694,26940,27740,2.259245761609562e-266,0,,172,100
2695,26950,27750,2.690558265111897e-250,0,,171,100
2696,26960,27760,5.17861873002529e-213,0,,167,100
2697,26970,27770,1.2965893289103747e-176,0,,165,100
2698,26980,27780,5.186221695274308e-102,0,,163,100
2699,26990,27790,8.259935220938341e-98,0,,162,100
2700,27000,27800,1.0906783778348951e-130,0,,161,100
2701,27010,27810,1.8186423820021866e-208,0,,156,100
2702,27020,27820,4.418390180332073e-231,0,,155,100
2703,27030,27830,1.3193009367450888e-235,0,,154,100
2704,27040,27840,1.1788242969646999e-263,0,,151,100
2705,27050,27850,6.401691753023842e-212,0,,149,100
2706,27060,27860,9.639793450094351e-200,0,,147,100
2707,27070,27870,1.0764168492453164e-86,0,,144,100
2708,27080,27880,1.3726321412141012e-120,0,,142,100
2709,27090,27890,8.508238522839328e-96,0,,139,100
2710,27100,27900,2.1669931149154188e-211,0,,137,100
2711,27110,27910,2.3581119749398024e-250,0,,135,100
2712,27120,27920,3.1979965153164966e-270,0,,134,100
2713,27130,27930,2.732814573044268e-167,0,,132,100
2714,27140,27940,4.7224890124697836e-191,0,,130,100
2715,27150,27950,3.4981033211126445e-196,0,,128,100
2716,27160,27960,2.5972774047813292e-145,0,,126,100
2717,27170,27970,1.3816637511648882e-58,0,,124,100
2718,27180,27980,4.0307377326533857e-106,0,,121,100
2719,27190,27990,3.813587234629439e-229,0,,118,100
2720,27200,28000,1.3710249755502677e-258,0,,116,100
2721,27210,28010,1.2912949165042534e-261,0,,115,100
2722,27220,28020,1.229604414669172e-150,0,,112,100
2723,27230,28030,2.0389452286776468e-133,0,,111,100
2724,27240,28040,1.2339593688728254e-115,0,,109,100
2725,27250,28050,4.946086666502464e-49,0,,105,100
2726,27260,28060,7.77702005512885e-46,0,,104,100
2727,27270,28070,1.1986317092354526e-36,0,,102,100
