window_index,char_start,char_end,p_z,extracted,error,n_tokens_in_chunk,sequence_len_tokens
0,0,800,3.8181744205627463e-45,0,,165,100
1,5,805,1.747634887812962e-44,0,,164,100
2,15,815,5.011803903273004e-31,0,,164,100
3,18,818,3.519235111207947e-64,0,,163,100
4,22,822,1.4424924050790887e-62,0,,162,100
5,29,829,1.9219921832422144e-44,0,,161,100
6,32,832,1.5560948948235878e-54,0,,161,100
7,36,836,9.802970583199035e-52,0,,161,100
8,43,843,9.748823121324585e-44,0,,162,100
9,51,851,6.8347218059084345e-49,0,,160,100
10,54,854,2.397691800564915e-74,0,,160,100
11,60,860,2.1575131713920815e-58,0,,160,100
12,63,863,1.0790302889598236e-39,0,,160,100
13,68,868,2.4742980894399565e-60,0,,161,100
14,70,870,8.480192921703403e-35,0,,160,100
15,75,875,3.6450213880045865e-55,0,,160,100
16,83,883,5.03387527097913e-66,0,,161,100
17,90,890,5.641476917061858e-19,0,,160,100
18,100,900,7.901063611329871e-19,0,,162,100
19,109,909,2.4925496974444618e-23,0,,162,100
20,116,916,6.045700625220959e-25,0,,163,100
21,125,925,3.303083846748696e-27,0,,164,100
22,138,938,9.154232432705046e-25,0,,160,100
23,146,946,7.726175639027473e-13,0,,162,100
24,150,950,1.6560761156291974e-17,0,,162,100
25,154,954,8.5824332225474e-13,0,,162,100
26,161,961,1.3242021519978373e-13,0,,164,100
27,170,970,3.8723382709094605e-12,0,,164,100
28,178,978,3.117261229208367e-14,0,,164,100
29,182,982,1.2805707967739387e-11,0,,165,100
30,190,990,2.9896994572431e-14,0,,167,100
31,199,999,8.728484216365249e-12,0,,166,100
32,203,1003,6.744256781505306e-13,0,,165,100
33,210,1010,8.343823787954464e-10,0,,167,100
34,214,1014,2.746221797061119e-12,0,,167,100
35,224,1024,7.541720695777485e-10,0,,167,100
36,227,1027,5.915752409195018e-10,0,,167,100
37,235,1035,5.453639079185323e-12,0,,170,100
38,238,1038,3.042136904704686e-12,0,,171,100
39,248,1048,2.008746210810487e-11,0,,169,100
40,252,1052,4.5786389023943245e-08,0,,169,100
41,256,1056,6.427746921660572e-10,0,,169,100
42,267,1067,8.115763021787901e-11,0,,168,100
43,270,1070,6.108183514387351e-08,0,,167,100
44,277,1077,5.1290360981541185e-12,0,,167,100
45,281,1081,3.541258661282622e-09,0,,167,100
46,291,1091,9.071430733947626e-10,0,,169,100
47,296,1096,7.848818693309186e-08,0,,169,100
48,309,1109,1.5418852182622985e-16,0,,169,100
49,313,1113,4.080804477569743e-13,0,,169,100
50,317,1117,2.4781613047098058e-17,0,,169,100
51,324,1124,5.5102586559318343e-14,0,,169,100
52,331,1131,6.444452978111816e-15,0,,170,100
53,334,1134,1.1835601297107472e-16,0,,168,100
54,345,1145,3.832199771401902e-36,0,,166,100
55,353,1153,8.632216423421793e-24,0,,167,100
56,356,1156,3.5191303796622445e-61,0,,165,100
57,364,1164,2.722879340566313e-53,0,,164,100
58,367,1167,1.3756361018387934e-53,0,,162,100
59,371,1171,8.187932546347987e-56,0,,164,100
60,383,1183,8.084761924965565e-53,0,,162,100
61,390,1190,9.436466033252466e-59,0,,162,100
62,397,1197,3.54797120611657e-63,0,,164,100
63,405,1205,5.85780602812364e-63,0,,163,100
64,411,1211,1.0856841580344525e-63,0,,163,100
65,414,1214,5.621814865267047e-64,0,,163,100
66,421,1221,1.0646023746131594e-65,0,,162,100
67,424,1224,2.402249890443141e-72,0,,162,100
68,426,1226,2.5817114757397403e-76,0,,162,100
69,435,1235,9.305227827803324e-73,0,,162,100
70,438,1238,1.8657992347513708e-65,0,,162,100
71,442,1242,6.193882473677673e-73,0,,162,100
72,449,1249,7.632473183828658e-112,0,,162,100
73,457,1257,1.3790678101929783e-77,0,,162,100
74,463,1263,8.643288086431118e-78,0,,161,100
75,469,1269,2.52391905320054e-75,0,,163,100
76,477,1277,3.458882154489593e-258,0,,162,100
77,480,1280,8.245454842441386e-98,0,,162,100
78,482,1282,8.658705909051295e-82,0,,161,100
79,489,1289,4.612449461222669e-56,0,,161,100
80,493,1293,8.402295859649169e-72,0,,161,100
81,499,1299,4.877588814942477e-75,0,,161,100
82,502,1302,3.235641848542661e-76,0,,161,100
83,520,1320,7.439958214610169e-64,0,,162,100
84,528,1328,7.95238014908282e-42,0,,162,100
85,531,1331,7.293815096698727e-34,0,,160,100
86,535,1335,1.9543255449821578e-28,0,,158,100
87,541,1341,4.876505411007445e-39,0,,157,100
88,544,1344,6.471181851256917e-25,0,,158,100
89,560,1360,4.9830586608731096e-24,0,,160,100
90,566,1366,1.4775856482795636e-22,0,,161,100
91,569,1369,2.581724225128336e-20,0,,162,100
92,578,1378,1.1789331622403603e-27,0,,161,100
93,581,1381,2.953039610945907e-22,0,,161,100
94,589,1389,2.358795101295638e-24,0,,163,100
95,596,1396,1.1705819456307033e-32,0,,163,100
96,602,1402,4.124462106269312e-27,0,,163,100
97,609,1409,2.1513956741392414e-28,0,,162,100
98,614,1414,6.927214041897541e-30,0,,162,100
99,617,1417,1.8223390119947917e-31,0,,162,100
100,621,1421,4.2262692226358245e-23,0,,162,100
101,628,1428,6.145297085523138e-25,0,,162,100
102,631,1431,5.4700634880320806e-30,0,,161,100
103,635,1435,1.349058950397287e-26,0,,161,100
104,643,1443,7.638303509235103e-31,0,,161,100
105,651,1451,4.782414130414509e-31,0,,161,100
106,655,1455,4.198604349200781e-31,0,,161,100
107,659,1459,7.50148143202847e-30,0,,160,100
108,668,1468,5.299314767036717e-38,0,,160,100
109,671,1471,1.72998466303942e-35,0,,160,100
110,676,1476,7.939864580494856e-33,0,,160,100
111,682,1482,1.5556327379658175e-39,0,,160,100
112,688,1488,2.7416625433313116e-52,0,,160,100
113,693,1493,2.623569518988977e-28,0,,160,100
114,697,1497,6.430446407504755e-27,0,,160,100
115,712,1512,2.6119613138255713e-32,0,,162,100
116,722,1522,5.230197986186603e-26,0,,162,100
117,726,1526,2.691994676221483e-23,0,,162,100
118,735,1535,1.8173156900741643e-31,0,,161,100
119,738,1538,1.1359545839046927e-29,0,,160,100
120,742,1542,1.2774601167858005e-23,0,,161,100
121,747,1547,5.787675379567177e-36,0,,162,100
122,756,1556,3.8030022814605616e-26,0,,163,100
123,763,1563,2.9930071354907904e-29,0,,163,100
124,766,1566,2.838845898705942e-38,0,,163,100
125,770,1570,4.674147709216639e-21,0,,163,100
126,776,1576,4.48483982255083e-21,0,,166,100
127,790,1590,5.472137220810866e-20,0,,163,100
128,793,1593,2.719916555842724e-20,0,,162,100
129,800,1600,2.8476520486854115e-20,0,,163,100
130,806,1606,4.43666940626287e-21,0,,164,100
131,809,1609,4.709748288777034e-19,0,,163,100
132,811,1611,2.919297793036381e-17,0,,164,100
133,826,1626,1.8729367873358066e-22,0,,162,100
134,830,1630,3.078137952990832e-20,0,,162,100
135,836,1636,2.5350872888844604e-25,0,,162,100
136,840,1640,1.3432815498062959e-08,0,,162,100
137,845,1645,6.390113674672762e-08,0,,163,100
138,854,1654,3.65067203681547e-11,0,,163,100
139,857,1657,3.9665478451095975e-14,0,,162,100
140,861,1661,4.073914851623288e-12,0,,162,100
141,865,1665,7.477850028097748e-12,0,,162,100
142,868,1668,1.2651109120011422e-14,0,,163,100
143,875,1675,8.666528326199144e-13,0,,162,100
144,880,1680,4.794880579505531e-11,0,,162,100
145,887,1687,1.3609160129127105e-09,0,,161,100
146,891,1691,7.224103454884766e-13,0,,161,100
147,896,1696,6.29220892095378e-08,0,,161,100
148,902,1702,5.566665063262218e-08,0,,161,100
149,908,1708,7.421736959288265e-14,0,,162,100
150,910,1710,1.637722054460124e-09,0,,162,100
151,918,1718,2.822456004976552e-16,0,,162,100
152,921,1721,2.459646140977135e-19,0,,161,100
153,925,1725,1.0029415034234052e-16,0,,160,100
154,932,1732,2.3299314309866164e-18,0,,160,100
155,940,1740,9.42717717957716e-17,0,,160,100
156,944,1744,3.4094480394700746e-21,0,,159,100
157,948,1748,2.5789988507590095e-18,0,,160,100
158,954,1754,1.3380736537426605e-19,0,,159,100
159,959,1759,2.442420420545015e-18,0,,157,100
160,964,1764,4.4245123576264575e-21,0,,157,100
161,973,1773,9.785557194984458e-21,0,,158,100
162,976,1776,1.396888668959677e-20,0,,158,100
163,979,1779,1.0957733749909628e-21,0,,157,100
164,990,1790,1.2584110435507311e-17,0,,157,100
165,993,1793,1.1520545988577952e-19,0,,156,100
166,998,1798,4.073100284618203e-21,0,,155,100
167,1004,1804,3.611111031628224e-24,0,,155,100
168,1007,1807,5.446512863597847e-32,0,,155,100
169,1013,1813,2.392867314163516e-30,0,,156,100
170,1016,1816,4.2507341499708875e-23,0,,154,100
171,1022,1822,2.9303274796192932e-21,0,,155,100
172,1025,1825,4.528159350573935e-24,0,,156,100
173,1034,1834,3.497962887474478e-18,0,,154,100
174,1050,1850,8.429160592051933e-22,0,,154,100
175,1054,1854,3.995509113031697e-21,0,,154,100
176,1061,1861,1.0045357952779412e-20,0,,155,100
177,1067,1867,1.1059961303561359e-18,0,,154,100
178,1073,1873,1.118231718784238e-17,0,,154,100
179,1076,1876,3.6589579288118144e-21,0,,154,100
180,1088,1888,6.264338805262477e-20,0,,152,100
181,1094,1894,3.1266257071403664e-28,0,,152,100
182,1098,1898,9.066190823449284e-18,0,,152,100
183,1106,1906,3.063039861606052e-18,0,,152,100
184,1113,1913,7.87317723394054e-22,0,,152,100
185,1119,1919,6.174555665090612e-23,0,,153,100
186,1123,1923,1.0422047595282196e-21,0,,154,100
187,1126,1926,4.895532025466981e-23,0,,154,100
188,1135,1935,2.603370750809946e-24,0,,156,100
189,1142,1942,2.191230533985036e-18,0,,156,100
190,1147,1947,3.0971248587334354e-14,0,,156,100
191,1154,1954,3.1432275355503095e-16,0,,156,100
192,1164,1964,7.98490551892233e-17,0,,156,100
193,1167,1967,2.031616022433852e-16,0,,155,100
194,1173,1973,2.0496576042978463e-17,0,,157,100
195,1184,1984,2.1734805957065767e-18,0,,157,100
196,1193,1993,2.92463585775215e-21,0,,156,100
197,1199,1999,1.5142057121234092e-21,0,,157,100
198,1205,2005,3.0394215626596435e-22,0,,157,100
199,1208,2008,2.0683577785399275e-25,0,,157,100
200,1219,2019,3.8825879394269787e-26,0,,158,100
201,1222,2022,1.632927631089378e-22,0,,158,100
202,1229,2029,5.38675399533644e-33,0,,157,100
203,1232,2032,7.948749437881158e-32,0,,158,100
204,1236,2036,6.995190882294581e-34,0,,157,100
205,1242,2042,8.12175257409034e-35,0,,157,100
206,1249,2049,5.883452242513805e-32,0,,158,100
207,1252,2052,4.4561453176416574e-36,0,,158,100
208,1257,2057,7.341094710027325e-35,0,,159,100
209,1266,2066,3.393797181214025e-37,0,,157,100
210,1276,2076,6.32548804587318e-40,0,,160,100
211,1282,2082,3.862184692742986e-44,0,,161,100
212,1288,2088,3.430108808217582e-50,0,,160,100
213,1291,2091,7.233336907157632e-42,0,,159,100
214,1299,2099,1.0004777413381062e-58,0,,160,100
215,1303,2103,1.375339524587902e-44,0,,160,100
216,1305,2105,1.5276593376654182e-45,0,,160,100
217,1310,2110,1.5489834732270057e-52,0,,158,100
218,1313,2113,2.0771078583853563e-52,0,,158,100
219,1320,2120,3.515509082326352e-61,0,,156,100
220,1324,2124,2.7180963040729842e-74,0,,156,100
221,1334,2134,8.089073386808566e-75,0,,159,100
222,1342,2142,2.7474593232449047e-80,0,,158,100
223,1346,2146,5.8686036114794935e-64,0,,159,100
224,1353,2153,1.0440258496752285e-98,0,,157,100
225,1359,2159,5.296134965928493e-88,0,,157,100
226,1366,2166,5.287457730241813e-94,0,,155,100
227,1369,2169,2.7750835740147006e-95,0,,154,100
228,1373,2173,9.322560711994201e-102,0,,154,100
229,1379,2179,3.5311539469685297e-75,0,,156,100
230,1388,2188,3.994395240934749e-103,0,,155,100
231,1392,2192,8.347667648962647e-113,0,,155,100
232,1399,2199,1.0846296306264627e-145,0,,154,100
233,1411,2211,1.471415763639896e-123,0,,156,100
234,1417,2217,1.4947948095260468e-133,0,,156,100
235,1420,2220,4.365501993810148e-136,0,,158,100
236,1425,2225,2.031695646958776e-123,0,,158,100
237,1432,2232,3.2272487461963234e-129,0,,159,100
238,1438,2238,2.29041117708975e-143,0,,159,100
239,1444,2244,4.19633120162697e-141,0,,158,100
240,1450,2250,1.9291143576648173e-133,0,,157,100
241,1454,2254,1.063596566783533e-56,0,,157,100
242,1460,2260,4.748112155674393e-76,0,,158,100
243,1468,2268,2.600551359991117e-63,0,,158,100
244,1471,2271,1.3537751590939033e-64,0,,157,100
245,1475,2275,2.7656259468827915e-57,0,,157,100
246,1484,2284,5.443448596524908e-53,0,,158,100
247,1487,2287,9.143250154621422e-49,0,,157,100
248,1491,2291,6.003925650426413e-56,0,,156,100
249,1498,2298,3.5155361860940714e-65,0,,158,100
250,1506,2306,6.0857213670469e-51,0,,157,100
251,1510,2310,1.4939986090709757e-54,0,,157,100
252,1517,2317,2.130836011101618e-60,0,,157,100
253,1523,2323,2.299623413581168e-64,0,,158,100
254,1534,2334,4.8920594411678415e-83,0,,160,100
255,1539,2339,3.767121344683317e-64,0,,160,100
256,1542,2342,1.473470892842699e-106,0,,162,100
257,1546,2346,4.871090305243261e-77,0,,163,100
258,1553,2353,3.132947185522055e-70,0,,164,100
259,1556,2356,6.524731416413933e-83,0,,164,100
260,1561,2361,3.121119908402798e-56,0,,164,100
261,1568,2368,4.732300634293653e-62,0,,163,100
262,1571,2371,4.199662084473406e-45,0,,163,100
263,1576,2376,2.6632040495293542e-51,0,,162,100
264,1582,2382,2.386620194830371e-47,0,,162,100
265,1585,2385,9.316752878972423e-56,0,,162,100
266,1589,2389,8.509972149754672e-56,0,,161,100
267,1597,2397,1.6990783636413898e-43,0,,161,100
268,1601,2401,1.5913699215879936e-40,0,,160,100
269,1608,2408,1.4005148685804443e-45,0,,161,100
270,1611,2411,2.220838001895344e-46,0,,162,100
271,1627,2427,2.217637623161057e-44,0,,162,100
272,1633,2433,1.3685807763792696e-44,0,,162,100
273,1637,2437,1.1683813699159548e-34,0,,164,100
274,1644,2444,1.41402256200089e-45,0,,163,100
275,1648,2448,1.8868882206525502e-47,0,,163,100
276,1652,2452,3.790429390922282e-58,0,,163,100
277,1658,2458,7.00775711666594e-64,0,,166,100
278,1665,2465,1.48276181203132e-42,0,,163,100
279,1675,2475,3.161568878068883e-50,0,,163,100
280,1679,2479,1.1311766192090897e-49,0,,163,100
281,1684,2484,2.3640226882838827e-46,0,,163,100
282,1690,2490,4.505510539454986e-57,0,,164,100
283,1696,2496,2.168052271711152e-59,0,,164,100
284,1701,2501,8.363419891069881e-67,0,,163,100
285,1704,2504,5.426026008125176e-70,0,,163,100
286,1710,2510,4.0758596388302664e-65,0,,163,100
287,1714,2514,4.50803161603337e-69,0,,164,100
288,1730,2530,1.253306457141717e-80,0,,168,100
289,1734,2534,5.6573814793715125e-73,0,,168,100
290,1740,2540,1.757887286654827e-62,0,,166,100
291,1745,2545,3.4650551071990853e-67,0,,166,100
292,1757,2557,6.322238641692756e-74,0,,167,100
293,1763,2563,9.428961809286158e-89,0,,167,100
294,1766,2566,1.1079298891379012e-82,0,,166,100
295,1772,2572,3.6124325619027243e-66,0,,165,100
296,1776,2576,8.827514706643067e-67,0,,165,100
297,1782,2582,1.4390433806855743e-62,0,,165,100
298,1785,2585,5.473684024486674e-64,0,,165,100
299,1789,2589,5.260836356585931e-77,0,,167,100
300,1799,2599,2.661802865036415e-66,0,,165,100
301,1805,2605,5.151809107883358e-63,0,,166,100
302,1808,2608,1.49619737266991e-112,0,,166,100
303,1817,2617,2.067772821030397e-80,0,,166,100
304,1820,2620,2.7629673366889297e-97,0,,166,100
305,1826,2626,2.906752642477066e-90,0,,165,100
306,1833,2633,6.925876897907758e-76,0,,165,100
307,1847,2647,8.179137405936703e-70,0,,167,100
308,1854,2654,1.4580339645693327e-69,0,,167,100
309,1860,2660,2.0579701752547293e-75,0,,166,100
310,1867,2667,4.577880842300546e-48,0,,167,100
311,1871,2671,8.369864244412217e-54,0,,168,100
312,1882,2682,5.605892151261746e-51,0,,168,100
313,1894,2694,2.692260318256689e-55,0,,168,100
314,1899,2699,8.585841779084887e-50,0,,167,100
315,1911,2711,3.3356946300176404e-43,0,,168,100
316,1917,2717,2.444933616531824e-52,0,,167,100
317,1926,2726,4.529616917526828e-31,0,,167,100
318,1931,2731,9.95646194868506e-27,0,,165,100
319,1935,2735,1.7394224464245223e-28,0,,166,100
320,1942,2742,2.214134183285407e-27,0,,166,100
321,1948,2748,4.5328916533267507e-35,0,,165,100
322,1961,2761,1.2257930266373217e-41,0,,167,100
323,1968,2768,2.5891872986066186e-27,0,,168,100
324,1977,2777,3.5276464923357573e-37,0,,168,100
325,1982,2782,3.617120675317378e-23,0,,167,100
326,1991,2791,4.568562792643195e-41,0,,168,100
327,1996,2796,7.00599820974371e-39,0,,167,100
328,2005,2805,7.67921498817901e-21,0,,168,100
329,2010,2810,7.348787499129642e-21,0,,167,100
330,2016,2816,4.977429692939437e-21,0,,168,100
331,2025,2825,6.7298034441122634e-21,0,,169,100
332,2031,2831,3.6100455672047405e-21,0,,168,100
333,2037,2837,3.0327032134115383e-21,0,,170,100
334,2046,2846,7.820604706519704e-22,0,,170,100
335,2052,2852,9.699358049005576e-21,0,,169,100
336,2056,2856,4.9644511472031627e-14,0,,169,100
337,2064,2864,1.2612689002417445e-20,0,,170,100
338,2072,2872,5.0106424857953597e-26,0,,167,100
339,2077,2877,2.3820935831120805e-24,0,,169,100
340,2087,2887,5.907640008827573e-26,0,,170,100
341,2094,2894,6.77172112467348e-33,0,,170,100
342,2097,2897,1.686289626843016e-39,0,,170,100
343,2101,2901,7.473954329300225e-36,0,,170,100
344,2116,2916,2.3661501357178477e-36,0,,171,100
345,2121,2921,2.5477146019192016e-36,0,,171,100
346,2125,2925,8.504843494583364e-39,0,,171,100
347,2132,2932,8.774162507287064e-61,0,,170,100
348,2136,2936,3.436895740075115e-86,0,,171,100
349,2146,2946,4.912634387467003e-55,0,,172,100
350,2156,2956,2.2115054567904757e-57,0,,175,100
351,2164,2964,3.656579210441965e-87,0,,174,100
352,2170,2970,7.919384365743364e-84,0,,175,100
353,2176,2976,8.752756440167662e-86,0,,176,100
354,2182,2982,3.5931517291098915e-111,0,,175,100
355,2185,2985,1.997450012059316e-113,0,,174,100
356,2194,2994,6.486207723523309e-122,0,,175,100
357,2197,2997,1.1442203724853882e-118,0,,174,100
358,2202,3002,6.434317939271805e-133,0,,174,100
359,2207,3007,8.220269354486227e-126,0,,174,100
360,2219,3019,1.3739155717917862e-171,0,,173,100
361,2223,3023,1.0684366178472114e-187,0,,173,100
362,2229,3029,2.5001992097388458e-186,0,,171,100
363,2232,3032,1.1952745023915973e-173,0,,172,100
364,2248,3048,1.6512456109984304e-198,0,,175,100
365,2254,3054,4.138551365282591e-204,0,,173,100
366,2260,3060,3.887040355976051e-231,0,,172,100
367,2266,3066,3.162840538871912e-221,0,,172,100
368,2274,3074,1.408818286230437e-250,0,,173,100
369,2278,3078,3.17146444968791e-251,0,,172,100
370,2284,3084,4.398447467014964e-233,0,,173,100
371,2294,3094,1.0856973381797538e-229,0,,171,100
372,2298,3098,5.86828855038832e-248,0,,171,100
373,2304,3104,5.572653396054261e-243,0,,171,100
374,2309,3109,6.510192045022309e-260,0,,171,100
375,2313,3113,6.36743113070353e-265,0,,171,100
376,2318,3118,1.5959192845849593e-184,0,,171,100
377,2324,3124,3.3012113312347433e-165,0,,171,100
378,2327,3127,9.939376148665976e-208,0,,171,100
379,2341,3141,1.4318691938270457e-79,0,,168,100
380,2349,3149,2.1767230739568284e-97,0,,166,100
381,2352,3152,5.32249415545658e-74,0,,164,100
382,2356,3156,2.141578377035581e-56,0,,164,100
383,2363,3163,3.091841641082149e-66,0,,164,100
384,2366,3166,1.9269130119848372e-147,0,,164,100
385,2370,3170,5.266781705761743e-137,0,,164,100
386,2377,3177,1.4661961189247516e-34,0,,166,100
387,2384,3184,2.6158677027265355e-32,0,,167,100
388,2390,3190,8.811679093313375e-46,0,,167,100
389,2393,3193,3.3080554627258192e-34,0,,168,100
390,2402,3202,3.258451265805793e-32,0,,169,100
391,2405,3205,1.906626904212976e-30,0,,167,100
392,2409,3209,4.4019429591247755e-28,0,,168,100
393,2418,3218,7.367192703698508e-36,0,,168,100
394,2423,3223,1.5607338319663147e-76,0,,169,100
395,2428,3228,2.5468361739306502e-52,0,,168,100
396,2435,3235,2.083147273231793e-39,0,,168,100
397,2442,3242,4.536661801459788e-33,0,,168,100
398,2445,3245,6.141534946597166e-47,0,,168,100
399,2449,3249,1.161599493577023e-31,0,,170,100
400,2461,3261,1.1867846779562591e-42,0,,170,100
401,2470,3270,1.9637976324828155e-27,0,,169,100
402,2474,3274,6.056314051225555e-37,0,,170,100
403,2478,3278,3.897786351580932e-33,0,,169,100
404,2485,3285,7.622876938706457e-30,0,,169,100
405,2489,3289,1.3036521106252683e-46,0,,168,100
406,2494,3294,9.884011451402797e-41,0,,168,100
407,2502,3302,3.0103591882604275e-56,0,,169,100
408,2508,3308,1.4170582302071543e-46,0,,169,100
409,2513,3313,2.593350939312472e-43,0,,169,100
410,2517,3317,1.9353591208298733e-47,0,,169,100
411,2524,3324,8.308333490339594e-46,0,,167,100
412,2536,3336,6.683215911890505e-42,0,,169,100
413,2542,3342,1.4997445337629475e-42,0,,170,100
414,2547,3347,9.362287733357366e-53,0,,170,100
415,2553,3353,1.7265465070416982e-60,0,,171,100
416,2556,3356,7.08644256750828e-51,0,,171,100
417,2566,3366,6.194712288302209e-55,0,,172,100
418,2569,3369,9.043078893682301e-56,0,,172,100
419,2581,3381,4.4264076883734825e-59,0,,172,100
420,2584,3384,3.1345418256940084e-65,0,,172,100
421,2588,3388,2.181645530883178e-68,0,,172,100
422,2594,3394,1.8072225273396094e-108,0,,172,100
423,2604,3404,1.3230677150367416e-116,0,,173,100
424,2609,3409,1.380872160280817e-102,0,,174,100
425,2615,3415,1.880105447196671e-106,0,,175,100
426,2618,3418,7.020952162156863e-105,0,,176,100
427,2626,3426,1.238079865065554e-85,0,,175,100
428,2629,3429,4.200451864165361e-90,0,,175,100
429,2637,3437,1.344957000447241e-93,0,,175,100
430,2640,3440,7.797029936930738e-98,0,,175,100
431,2644,3444,1.736795277051512e-116,0,,174,100
432,2647,3447,1.997318378769446e-109,0,,173,100
433,2652,3452,2.944278330863214e-118,0,,173,100
434,2658,3458,6.086734744111872e-138,0,,174,100
435,2667,3467,2.974907795442929e-115,0,,172,100
436,2671,3471,8.784968245755239e-116,0,,174,100
437,2677,3477,4.4724230303272055e-170,0,,173,100
438,2680,3480,2.3481750494695475e-143,0,,173,100
439,2684,3484,6.514735161943299e-86,0,,174,100
440,2693,3493,9.359758654612532e-151,0,,174,100
441,2696,3496,2.1387873912077864e-187,0,,174,100
442,2700,3500,2.7810145006425556e-174,0,,173,100
443,2706,3506,3.274560630776976e-174,0,,174,100
444,2712,3512,9.314906199936876e-159,0,,175,100
445,2718,3518,2.680950221058406e-171,0,,174,100
446,2721,3521,7.004600623997606e-184,0,,175,100
447,2729,3529,7.983868998053105e-124,0,,174,100
448,2732,3532,2.775567149026921e-145,0,,174,100
449,2736,3536,5.455099622527726e-96,0,,172,100
450,2747,3547,2.24490739130835e-82,0,,176,100
451,2750,3550,4.822799794847421e-74,0,,175,100
452,2754,3554,2.0247121057120036e-85,0,,175,100
453,2761,3561,5.125927186400206e-77,0,,176,100
454,2767,3567,1.4375909273815365e-80,0,,176,100
455,2770,3570,5.324505874620677e-70,0,,175,100
456,2774,3574,1.1560577870768176e-53,0,,174,100
457,2781,3581,1.532386252774136e-129,0,,174,100
458,2787,3587,3.083300887079986e-61,0,,175,100
459,2790,3590,2.7455507312648854e-76,0,,175,100
460,2794,3594,1.817986496980126e-130,0,,174,100
461,2805,3605,8.992383425869357e-65,0,,174,100
462,2808,3608,2.253432323920866e-43,0,,174,100
463,2812,3612,7.409995152686497e-37,0,,175,100
464,2819,3619,3.703911012653788e-38,0,,176,100
465,2825,3625,3.825454550327577e-18,0,,175,100
466,2829,3629,8.01238400410672e-37,0,,175,100
467,2832,3632,6.332947248266854e-15,0,,175,100
468,2836,3636,1.1218384431731129e-11,0,,175,100
469,2842,3642,4.3213320546132524e-32,0,,176,100
470,2848,3648,3.2499856843041266e-17,0,,176,100
471,2851,3651,3.958391106377214e-28,0,,176,100
472,2855,3655,1.0649567762468817e-42,0,,173,100
473,2866,3666,1.0600603387434458e-28,0,,176,100
474,2869,3669,2.7106652478957253e-17,0,,176,100
475,2873,3673,8.495776038825492e-20,0,,176,100
476,2879,3679,4.5912699349150915e-18,0,,175,100
477,2885,3685,2.952744114313039e-35,0,,174,100
478,2888,3688,3.2271968518978542e-46,0,,174,100
479,2893,3693,1.168178434080374e-28,0,,173,100
480,2897,3697,1.9382724895154523e-21,0,,174,100
481,2903,3703,3.861826787779452e-22,0,,174,100
482,2907,3707,2.680857343926605e-19,0,,173,100
483,2910,3710,2.26261634400731e-19,0,,174,100
484,2917,3717,4.958161956580092e-33,0,,173,100
485,2923,3723,5.3655349500324684e-33,0,,173,100
486,2930,3730,1.1412971649353304e-42,0,,175,100
487,2936,3736,5.672620621065042e-30,0,,175,100
488,2940,3740,9.32229493700792e-32,0,,174,100
489,2943,3743,5.711968701945021e-36,0,,174,100
490,2953,3753,9.523982114497995e-26,0,,175,100
491,2960,3760,2.322723454149703e-36,0,,174,100
492,2963,3763,5.203435967790963e-35,0,,174,100
493,2976,3776,5.301628836911498e-38,0,,174,100
494,2979,3779,3.879222353836668e-35,0,,174,100
495,2990,3790,4.814595470574793e-36,0,,175,100
496,2997,3797,7.810408072991122e-29,0,,177,100
497,3001,3801,3.910237267511552e-36,0,,177,100
498,3008,3808,8.150869825587647e-36,0,,175,100
499,3011,3811,1.4171622414002997e-35,0,,175,100
500,3015,3815,2.6522699026875822e-30,0,,177,100
501,3027,3827,2.837390490194232e-35,0,,176,100
502,3030,3830,3.047867148235778e-36,0,,176,100
503,3034,3834,3.830376290375135e-33,0,,176,100
504,3041,3841,1.8328818858395375e-31,0,,176,100
505,3045,3845,3.885046865804178e-34,0,,177,100
506,3055,3855,1.1172232603595505e-28,0,,180,100
507,3063,3863,7.392949094218542e-34,0,,180,100
508,3067,3867,7.0928452138291485e-34,0,,180,100
509,3072,3872,1.676699984243657e-39,0,,181,100
510,3082,3882,2.161173346417665e-37,0,,180,100
511,3095,3895,3.2208195756216495e-28,0,,181,100
512,3101,3901,2.4378186658441707e-30,0,,181,100
513,3105,3905,1.6257050240140552e-24,0,,181,100
514,3110,3910,1.3368061247856437e-24,0,,181,100
515,3118,3918,9.765449495079084e-24,0,,182,100
516,3121,3921,4.167637406300244e-27,0,,182,100
517,3125,3925,9.382430231849705e-27,0,,183,100
518,3138,3938,1.3267841742749102e-22,0,,181,100
519,3144,3944,8.874442202341349e-31,0,,183,100
520,3150,3950,6.432870033555169e-27,0,,183,100
521,3155,3955,2.2399830395733444e-28,0,,183,100
522,3160,3960,2.203719746855386e-34,0,,183,100
523,3165,3965,1.1433271075141992e-30,0,,183,100
524,3177,3977,2.2064801846129994e-28,0,,180,100
525,3180,3980,5.948482959134903e-34,0,,179,100
526,3187,3987,1.9121133146617642e-30,0,,179,100
527,3193,3993,1.5582549893615193e-32,0,,179,100
528,3196,3996,1.238938312290738e-34,0,,179,100
529,3198,3998,8.853382357545147e-31,0,,179,100
530,3206,4006,6.059274346794447e-38,0,,179,100
531,3210,4010,5.714585978894068e-48,0,,179,100
532,3216,4016,5.96447517027934e-42,0,,179,100
533,3220,4020,2.5605030370739047e-47,0,,179,100
534,3225,4025,2.090168243680822e-45,0,,180,100
535,3234,4034,5.483532600405837e-53,0,,179,100
536,3237,4037,6.979050920603928e-88,0,,178,100
537,3241,4041,7.409428801933741e-53,0,,181,100
538,3245,4045,3.711254428242305e-55,0,,181,100
539,3248,4048,3.8960141190115876e-51,0,,181,100
540,3255,4055,8.349597759640084e-87,0,,181,100
541,3262,4062,6.51643313250482e-120,0,,181,100
542,3266,4066,3.8353322761244685e-94,0,,181,100
543,3271,4071,5.640346746707377e-45,0,,183,100
544,3276,4076,2.72008935264839e-111,0,,181,100
545,3282,4082,6.890619830340408e-111,0,,181,100
546,3284,4084,1.3656121120203194e-106,0,,182,100
547,3292,4092,1.6851218135165634e-120,0,,181,100
548,3295,4095,2.639242923741882e-118,0,,181,100
549,3299,4099,2.4320893239082966e-44,0,,180,100
550,3306,4106,6.541570120952623e-42,0,,181,100
551,3314,4114,1.6495275261683807e-53,0,,180,100
552,3318,4118,1.661313729992311e-58,0,,179,100
553,3322,4122,1.387222577201871e-51,0,,179,100
554,3328,4128,5.697767702346785e-53,0,,180,100
555,3333,4133,1.9013991212666033e-59,0,,179,100
556,3338,4138,6.478212149925959e-74,0,,178,100
557,3347,4147,2.6266096903655955e-59,0,,177,100
558,3350,4150,6.251122846271741e-60,0,,177,100
559,3353,4153,1.7410300613642336e-54,0,,177,100
560,3364,4164,1.0357599014999356e-88,0,,176,100
561,3367,4167,7.12140834959497e-29,0,,176,100
562,3372,4172,4.433099831871426e-37,0,,176,100
563,3378,4178,4.5838253490354704e-35,0,,176,100
564,3382,4182,5.2895893253649296e-39,0,,176,100
565,3388,4188,2.3136196433132458e-32,0,,177,100
566,3391,4191,1.979245631820125e-40,0,,177,100
567,3397,4197,1.499185321575781e-75,0,,177,100
568,3400,4200,1.29498056549958e-62,0,,177,100
569,3409,4209,7.964666912626279e-43,0,,174,100
570,3413,4213,4.823378978549866e-35,0,,174,100
571,3418,4218,5.843612527329288e-48,0,,174,100
572,3428,4228,4.783792625709211e-41,0,,175,100
573,3431,4231,3.739471263224808e-44,0,,174,100
574,3435,4235,5.771551359413617e-45,0,,174,100
575,3442,4242,1.6955573632904979e-56,0,,175,100
576,3449,4249,2.4745159329610826e-41,0,,174,100
577,3455,4255,5.021935715122616e-47,0,,174,100
578,3458,4258,7.492967491006118e-57,0,,174,100
579,3468,4268,1.883092728583165e-59,0,,175,100
580,3471,4271,2.628489823319038e-35,0,,173,100
581,3475,4275,2.8122580664862343e-50,0,,173,100
582,3483,4283,5.571947676512311e-66,0,,172,100
583,3487,4287,1.2810139161342424e-37,0,,172,100
584,3493,4293,1.4358586881822729e-30,0,,172,100
585,3498,4298,1.551831080682431e-40,0,,172,100
586,3501,4301,7.6878007159269e-65,0,,172,100
587,3507,4307,4.558528189493616e-80,0,,172,100
588,3514,4314,2.4990604931131982e-88,0,,173,100
589,3519,4319,1.4941898225673216e-91,0,,174,100
590,3522,4322,5.800280394292978e-90,0,,175,100
591,3530,4330,2.1861445536110082e-89,0,,174,100
592,3540,4340,2.248674726055567e-101,0,,172,100
593,3544,4344,2.1115003420991142e-87,0,,172,100
594,3551,4351,7.203712681673755e-115,0,,171,100
595,3557,4357,1.0123509354264358e-103,0,,172,100
596,3563,4363,1.2579638984749134e-84,0,,173,100
597,3569,4369,1.3635174667218017e-60,0,,174,100
598,3575,4375,2.972050104940803e-84,0,,178,100
599,3585,4385,5.879272236467313e-44,0,,178,100
600,3589,4389,6.242019401145059e-36,0,,177,100
601,3594,4394,3.3276147126692133e-46,0,,177,100
602,3596,4396,3.764055508640798e-42,0,,176,100
603,3606,4406,6.056520248986117e-45,0,,178,100
604,3610,4410,5.121772091676694e-50,0,,177,100
605,3619,4419,3.548646795748567e-48,0,,175,100
606,3622,4422,1.986107841959384e-31,0,,175,100
607,3626,4426,5.575095701284582e-37,0,,175,100
608,3634,4434,1.5363784551600275e-30,0,,174,100
609,3637,4437,1.5130328869639417e-29,0,,173,100
610,3641,4441,1.6810024987923783e-30,0,,173,100
611,3646,4446,1.122333517246392e-32,0,,174,100
612,3657,4457,7.608961646786198e-33,0,,172,100
613,3660,4460,1.5531171989343112e-33,0,,171,100
614,3665,4465,9.48810258746672e-37,0,,172,100
615,3668,4468,5.770556503875527e-37,0,,171,100
616,3674,4474,2.385679496350859e-32,0,,171,100
617,3683,4483,1.970757442502333e-43,0,,172,100
618,3687,4487,2.4819094177516595e-42,0,,171,100
619,3694,4494,4.180061154648037e-34,0,,172,100
620,3697,4497,1.1196245905848469e-48,0,,172,100
621,3707,4507,1.8346734246192705e-43,0,,171,100
622,3710,4510,2.713110448373626e-28,0,,171,100
623,3714,4514,8.288095633966241e-42,0,,171,100
624,3721,4521,2.0911560456127627e-42,0,,172,100
625,3730,4530,6.647544232512873e-32,0,,170,100
626,3734,4534,1.0418013719750719e-29,0,,169,100
627,3741,4541,4.898360199550412e-27,0,,170,100
628,3747,4547,2.6197253406153776e-44,0,,170,100
629,3752,4552,1.6760789898973972e-41,0,,170,100
630,3756,4556,2.3008108972458882e-17,0,,170,100
631,3761,4561,4.9024322012081204e-46,0,,170,100
632,3767,4567,5.81382081441172e-51,0,,171,100
633,3770,4570,2.505615861663354e-23,0,,170,100
634,3774,4574,1.6448253111135554e-28,0,,170,100
635,3778,4578,7.976795266765235e-30,0,,170,100
636,3792,4592,5.4520811932028916e-39,0,,167,100
637,3797,4597,7.428910695111026e-39,0,,168,100
638,3805,4605,2.8186141532673467e-115,0,,168,100
639,3809,4609,5.109602097529716e-112,0,,169,100
640,3814,4614,1.1597799231013387e-92,0,,168,100
641,3823,4623,2.0060012496587255e-22,0,,168,100
642,3828,4628,2.575285275090521e-22,0,,169,100
643,3834,4634,6.687054518441857e-21,0,,169,100
644,3837,4637,1.4059825015206267e-22,0,,170,100
645,3840,4640,9.980633398475495e-21,0,,170,100
646,3845,4645,2.7204113795660723e-18,0,,169,100
647,3848,4648,6.560414136486394e-20,0,,168,100
648,3861,4661,4.914750245429528e-16,0,,166,100
649,3866,4666,1.713728651456386e-23,0,,166,100
650,3870,4670,2.119510860557806e-20,0,,166,100
651,3880,4680,2.487689248470477e-23,0,,167,100
652,3883,4683,3.029765612258114e-25,0,,166,100
653,3887,4687,8.51665929527765e-22,0,,166,100
654,3894,4694,4.6644923792815444e-27,0,,167,100
655,3901,4701,6.885660149132472e-29,0,,168,100
656,3904,4704,3.6559970271479246e-27,0,,168,100
657,3911,4711,1.5428663755823692e-32,0,,166,100
658,3915,4715,4.0110379357108184e-39,0,,166,100
659,3921,4721,4.4475296457595543e-42,0,,167,100
660,3929,4729,1.1285175315740293e-36,0,,168,100
661,3935,4735,7.284856408250579e-36,0,,167,100
662,3944,4744,2.528193568308984e-37,0,,166,100
663,3948,4748,8.237890797191817e-67,0,,168,100
664,3951,4751,3.8935382697563386e-71,0,,166,100
665,3958,4758,5.662126703614633e-74,0,,166,100
666,3964,4764,1.4592873043688604e-76,0,,166,100
667,3967,4767,3.291243514547406e-75,0,,167,100
668,3977,4777,1.4491376978819328e-58,0,,167,100
669,3985,4785,4.865161400773488e-40,0,,167,100
670,3989,4789,4.373319863070128e-46,0,,167,100
671,4001,4801,1.7891222083306813e-64,0,,168,100
672,4004,4804,3.689704766053796e-100,0,,169,100
673,4008,4808,3.7036942658708055e-97,0,,171,100
674,4015,4815,2.196792653900842e-100,0,,173,100
675,4018,4818,3.108309401917293e-98,0,,172,100
676,4022,4822,1.421406729733579e-51,0,,172,100
677,4030,4830,1.9327945438882574e-93,0,,172,100
678,4040,4840,1.8892357857289384e-101,0,,170,100
679,4049,4849,3.2956068468942407e-97,0,,170,100
680,4052,4852,9.426678694960758e-109,0,,170,100
681,4058,4858,8.601610226451666e-108,0,,169,100
682,4061,4861,3.859388750716434e-107,0,,170,100
683,4073,4873,3.944714896228305e-121,0,,169,100
684,4079,4879,6.87236671461675e-56,0,,169,100
685,4083,4883,7.21091646580237e-108,0,,169,100
686,4090,4890,3.1998171108858093e-139,0,,167,100
687,4098,4898,2.9883323923518906e-144,0,,168,100
688,4103,4903,6.124602826385737e-73,0,,169,100
689,4106,4906,1.2542316572103786e-60,0,,168,100
690,4114,4914,2.155795405575356e-65,0,,170,100
691,4119,4919,2.2598454587192327e-55,0,,169,100
692,4127,4927,2.6669237753072122e-37,0,,169,100
693,4131,4931,4.8096348450165985e-54,0,,170,100
694,4148,4948,2.5087816593957396e-61,0,,169,100
695,4151,4951,6.338087426421254e-35,0,,169,100
696,4156,4956,1.041327401934932e-19,0,,169,100
697,4160,4960,1.5177088866730224e-19,0,,171,100
698,4166,4966,2.637150595871609e-21,0,,170,100
699,4170,4970,4.515639883769219e-28,0,,170,100
700,4177,4977,3.8387808874543306e-29,0,,171,100
701,4180,4980,1.90153340795315e-29,0,,172,100
702,4187,4987,1.8983830641611762e-30,0,,170,100
703,4193,4993,3.3961117630375345e-33,0,,169,100
704,4196,4996,1.288214810499985e-41,0,,169,100
705,4203,5003,2.3908625909378743e-34,0,,170,100
706,4209,5009,4.202321827368607e-37,0,,170,100
707,4213,5013,1.2901895849910135e-34,0,,170,100
708,4220,5020,5.2618491576200174e-36,0,,171,100
709,4228,5028,1.9050498547926046e-40,0,,172,100
710,4232,5032,6.907639883451611e-38,0,,172,100
711,4236,5036,2.1360562969800546e-32,0,,172,100
712,4242,5042,1.889063697769916e-33,0,,173,100
713,4252,5052,7.599875322769191e-45,0,,172,100
714,4258,5058,4.488447858704931e-42,0,,173,100
715,4271,5071,2.6434993345759084e-32,0,,173,100
716,4274,5074,8.284923531158195e-43,0,,173,100
717,4281,5081,4.221138833877432e-55,0,,173,100
718,4285,5085,2.340142984010871e-58,0,,173,100
719,4293,5093,8.475825905048522e-34,0,,174,100
720,4296,5096,2.9558484485722306e-48,0,,173,100
721,4308,5108,7.040944387212145e-63,0,,173,100
722,4315,5115,5.271431897253586e-73,0,,174,100
723,4324,5124,2.276346025378475e-46,0,,174,100
724,4328,5128,1.0011740898339583e-89,0,,174,100
725,4340,5140,1.4861928607300507e-83,0,,173,100
726,4350,5150,2.292535412721231e-38,0,,174,100
727,4353,5153,1.4479423887022769e-85,0,,174,100
728,4360,5160,1.415458130192289e-73,0,,174,100
729,4368,5168,1.0334088813226678e-32,0,,172,100
730,4371,5171,9.627342461118026e-40,0,,170,100
731,4375,5175,3.240561797906809e-36,0,,170,100
732,4382,5182,1.280056283840936e-26,0,,168,100
733,4389,5189,2.221620824690418e-34,0,,169,100
734,4393,5193,4.3338118091841035e-105,0,,169,100
735,4400,5200,1.1618605287088052e-32,0,,169,100
736,4403,5203,1.997224350314082e-41,0,,168,100
737,4411,5211,1.8758846257746362e-35,0,,168,100
738,4421,5221,3.453731357638719e-43,0,,169,100
739,4425,5225,1.4760092380436915e-42,0,,170,100
740,4434,5234,3.014807617152202e-55,0,,169,100
741,4438,5238,8.222903756981109e-55,0,,170,100
742,4455,5255,2.441399953553084e-49,0,,171,100
743,4461,5261,7.35584129543557e-68,0,,170,100
744,4464,5264,5.942768044832066e-60,0,,172,100
745,4475,5275,1.1119670371212808e-45,0,,172,100
746,4478,5278,1.0323995576204522e-53,0,,172,100
747,4483,5283,3.345140570286205e-71,0,,171,100
748,4489,5289,4.438788764075133e-65,0,,172,100
749,4492,5292,1.3924573399736356e-83,0,,172,100
750,4496,5296,1.3957475703386026e-61,0,,173,100
751,4508,5308,2.922425958837869e-64,0,,176,100
752,4517,5317,1.4954879012895214e-93,0,,177,100
753,4521,5321,4.411351466421208e-102,0,,177,100
754,4525,5325,2.1331630141705126e-101,0,,177,100
755,4534,5334,1.1013799257901698e-77,0,,177,100
756,4538,5338,8.315413247724768e-88,0,,177,100
757,4541,5341,4.440724824993691e-76,0,,177,100
758,4545,5345,4.796012955384146e-91,0,,177,100
759,4550,5350,6.437409724287029e-104,0,,176,100
760,4553,5353,1.2440457779828009e-110,0,,176,100
761,4557,5357,8.485434629648456e-150,0,,176,100
762,4562,5362,3.1566874457563244e-158,0,,175,100
763,4565,5365,2.334861546606584e-102,0,,175,100
764,4571,5371,5.435672936543676e-138,0,,175,100
765,4576,5376,4.629229103915478e-99,0,,176,100
766,4589,5389,4.579263440694282e-127,0,,176,100
767,4596,5396,2.8303997814341546e-115,0,,177,100
768,4599,5399,7.045918531533947e-140,0,,176,100
769,4602,5402,3.785925395179443e-98,0,,176,100
770,4606,5406,1.3772532957105495e-136,0,,175,100
771,4613,5413,1.277795733980385e-66,0,,177,100
772,4616,5416,2.301502315827156e-111,0,,176,100
773,4624,5424,9.410014155159978e-128,0,,177,100
774,4635,5435,5.306340242561109e-68,0,,174,100
775,4639,5439,1.1713833403276683e-98,0,,175,100
776,4648,5448,9.006845914068723e-99,0,,175,100
777,4654,5454,1.6715321793378405e-104,0,,175,100
778,4663,5463,1.6771237720455418e-121,0,,175,100
779,4666,5466,1.0194250565355996e-67,0,,175,100
780,4672,5472,4.605822439015834e-123,0,,177,100
781,4677,5477,6.4788683941777e-98,0,,177,100
782,4680,5480,8.02604658895143e-121,0,,177,100
783,4686,5486,2.003085606834425e-116,0,,178,100
784,4692,5492,5.8057567245740713e-64,0,,178,100
785,4696,5496,3.135587641291318e-79,0,,179,100
786,4701,5501,1.7395794387483855e-71,0,,179,100
787,4709,5509,1.0337813901756116e-73,0,,179,100
788,4715,5515,6.684438399850537e-62,0,,180,100
789,4718,5518,5.3613905349097476e-80,0,,179,100
790,4721,5521,1.1335867992988226e-67,0,,178,100
791,4725,5525,5.582123452642775e-82,0,,178,100
792,4731,5531,3.737896406328381e-92,0,,179,100
793,4738,5538,1.4594360229064967e-95,0,,179,100
794,4741,5541,6.230567869457511e-99,0,,178,100
795,4751,5551,4.123796886322419e-93,0,,179,100
796,4758,5558,5.507483893909681e-97,0,,180,100
797,4763,5563,8.750869907503968e-95,0,,179,100
798,4769,5569,1.8684562395345147e-127,0,,180,100
799,4772,5572,2.150246986560774e-78,0,,180,100
800,4776,5576,2.5493530581625784e-104,0,,179,100
801,4784,5584,1.1351004918258202e-97,0,,180,100
802,4786,5586,4.5158462220348986e-107,0,,179,100
803,4796,5596,1.3251428308552132e-73,0,,181,100
804,4802,5602,2.521696432178877e-201,0,,177,100
805,4810,5610,7.83125183223556e-81,0,,178,100
806,4813,5613,4.152786045816785e-74,0,,176,100
807,4818,5618,2.379323378824147e-76,0,,175,100
808,4824,5624,1.504548817928186e-71,0,,178,100
809,4830,5630,4.219115134240487e-83,0,,177,100
810,4833,5633,9.91204891374657e-54,0,,176,100
811,4837,5637,1.569371232533553e-53,0,,177,100
812,4843,5643,3.8725641368368e-52,0,,177,100
813,4846,5646,3.138065699612906e-59,0,,177,100
814,4850,5650,1.5479220740443028e-62,0,,178,100
815,4861,5661,1.3135260172018615e-57,0,,176,100
816,4869,5669,1.3811748872036618e-28,0,,177,100
817,4873,5673,2.9219741234920585e-28,0,,178,100
818,4888,5688,5.808590203068626e-37,0,,179,100
819,4891,5691,1.3487994247136906e-30,0,,178,100
820,4895,5695,2.383859294324956e-34,0,,178,100
821,4899,5699,1.324544786533206e-37,0,,178,100
822,4908,5708,6.48521462544771e-32,0,,179,100
823,4912,5712,1.0800343504660609e-29,0,,179,100
824,4914,5714,3.220978821200586e-30,0,,179,100
825,4923,5723,1.2776331098303857e-32,0,,179,100
826,4926,5726,8.731241031592074e-35,0,,179,100
827,4931,5731,2.0096973249547076e-25,0,,179,100
828,4937,5737,1.8686051014899767e-19,0,,180,100
829,4948,5748,1.5702590804643195e-33,0,,181,100
830,4950,5750,3.0095759307456813e-34,0,,181,100
831,4957,5757,2.720648707587056e-42,0,,181,100
832,4960,5760,2.5346372934313236e-49,0,,180,100
833,4963,5763,1.2366695009031158e-47,0,,180,100
834,4973,5773,1.0517774681051534e-39,0,,179,100
835,4977,5777,1.8864765693642024e-59,0,,179,100
836,4979,5779,1.120810743832123e-58,0,,180,100
837,4987,5787,5.694003645563908e-31,0,,179,100
838,4994,5794,7.963656213658987e-29,0,,180,100
839,4998,5798,7.807991677709783e-32,0,,179,100
840,5006,5806,2.4004328432258756e-38,0,,179,100
841,5011,5811,1.3641176197818863e-35,0,,179,100
842,5015,5815,1.4265523281575469e-39,0,,178,100
843,5018,5818,5.592578714565774e-46,0,,180,100
844,5023,5823,2.4754525827191278e-48,0,,181,100
845,5027,5827,4.247327887855986e-49,0,,180,100
846,5031,5831,7.500081985208437e-54,0,,182,100
847,5034,5834,5.1626572276844035e-64,0,,182,100
848,5045,5845,7.525696143399539e-66,0,,182,100
849,5048,5848,3.135751205598554e-67,0,,183,100
850,5055,5855,1.566318675466766e-107,0,,181,100
851,5059,5859,1.354970387920005e-116,0,,182,100
852,5070,5870,4.2747484452990986e-72,0,,181,100
853,5073,5873,1.4879160064218561e-72,0,,182,100
854,5080,5880,1.0359711018729088e-95,0,,181,100
855,5089,5889,1.3022199721337545e-80,0,,181,100
856,5092,5892,3.4480032610976644e-77,0,,179,100
857,5097,5897,1.7334999275876546e-77,0,,179,100
858,5105,5905,1.5504859191465328e-98,0,,177,100
859,5109,5909,8.407527564092106e-123,0,,176,100
860,5115,5915,1.1534719707956252e-99,0,,178,100
861,5120,5920,2.658966045668556e-119,0,,179,100
862,5130,5930,3.551256306528671e-110,0,,177,100
863,5133,5933,2.719998660707571e-125,0,,177,100
864,5138,5938,1.8250547945576005e-125,0,,178,100
865,5144,5944,2.2644711555120485e-123,0,,179,100
866,5148,5948,1.0211280929672582e-154,0,,178,100
867,5158,5958,1.7239916041388007e-76,0,,177,100
868,5163,5963,8.740818373940296e-70,0,,177,100
869,5169,5969,2.1220779176285957e-69,0,,177,100
870,5173,5973,5.923468623401088e-62,0,,178,100
871,5183,5983,2.441383967093364e-82,0,,177,100
872,5187,5987,3.5669010264854165e-61,0,,177,100
873,5193,5993,3.141362493251801e-69,0,,178,100
874,5196,5996,7.347358828361662e-62,0,,177,100
875,5200,6000,1.4139153629837109e-67,0,,177,100
876,5213,6013,1.505358941670918e-82,0,,180,100
877,5220,6020,2.764422398120693e-94,0,,179,100
878,5224,6024,8.802967215705515e-84,0,,179,100
879,5232,6032,3.1255635821542584e-64,0,,180,100
880,5236,6036,2.6164262601434557e-68,0,,182,100
881,5247,6047,5.543945396185714e-86,0,,182,100
882,5258,6058,3.908054819916845e-90,0,,183,100
883,5263,6063,3.500706817454195e-72,0,,182,100
884,5268,6068,2.66118421742252e-59,0,,182,100
885,5272,6072,3.981936863742919e-55,0,,182,100
886,5284,6084,5.130290439839669e-68,0,,182,100
887,5287,6087,2.363695268269672e-71,0,,181,100
888,5291,6091,8.684318230513384e-72,0,,182,100
889,5299,6099,3.3243444978891376e-63,0,,179,100
890,5305,6105,6.117209741897107e-58,0,,179,100
891,5307,6107,6.342173642044985e-66,0,,178,100
892,5316,6116,1.9405925958431205e-85,0,,175,100
893,5321,6121,8.379079080635815e-56,0,,175,100
894,5327,6127,2.294993093055873e-48,0,,175,100
895,5333,6133,3.22313548525078e-49,0,,176,100
896,5338,6138,1.3041767380631635e-41,0,,175,100
897,5340,6140,4.597060004119315e-41,0,,175,100
898,5348,6148,2.037810310191552e-52,0,,174,100
899,5351,6151,1.3154210544693095e-87,0,,173,100
900,5355,6155,5.139857361508786e-84,0,,174,100
901,5368,6168,3.1023654385779445e-58,0,,175,100
902,5372,6172,1.1967055811390815e-39,0,,175,100
903,5377,6177,1.0748244615705638e-62,0,,175,100
904,5382,6182,1.6436605670533274e-52,0,,175,100
905,5385,6185,1.908104173004625e-37,0,,174,100
906,5390,6190,1.1682891322444078e-68,0,,174,100
907,5398,6198,4.640516767149666e-48,0,,175,100
908,5402,6202,2.0456164388515524e-65,0,,175,100
909,5408,6208,2.1962954619454675e-58,0,,175,100
910,5418,6218,4.147515919143458e-29,0,,175,100
911,5423,6223,1.3023577137528292e-28,0,,175,100
912,5429,6229,3.196318050089762e-30,0,,175,100
913,5432,6232,6.603002563516257e-29,0,,175,100
914,5436,6236,1.9704764343050304e-28,0,,175,100
915,5439,6239,5.439510180671817e-28,0,,174,100
916,5445,6245,2.4846054636686035e-32,0,,176,100
917,5454,6254,2.218014125490457e-30,0,,176,100
918,5462,6262,8.246192408904432e-34,0,,176,100
919,5471,6271,3.891412582373223e-42,0,,173,100
920,5475,6275,1.7852782830936642e-37,0,,173,100
921,5479,6279,8.97123072306169e-44,0,,173,100
922,5484,6284,1.1686930950842499e-55,0,,173,100
923,5488,6288,8.444930925983184e-48,0,,172,100
924,5493,6293,5.643562742198283e-44,0,,171,100
925,5496,6296,3.939517168283628e-45,0,,173,100
926,5500,6300,1.294281064119798e-50,0,,173,100
927,5508,6308,4.2530083271713153e-50,0,,173,100
928,5511,6311,3.3877346303827266e-81,0,,173,100
929,5518,6318,4.047301447152621e-74,0,,172,100
930,5524,6324,2.7824453657702803e-42,0,,172,100
931,5527,6327,7.77465454770848e-48,0,,171,100
932,5531,6331,1.542523559110313e-56,0,,172,100
933,5540,6340,7.639503757225852e-73,0,,172,100
934,5547,6347,1.108520212349642e-88,0,,172,100
935,5550,6350,6.403984809854638e-66,0,,171,100
936,5554,6354,1.046048452006776e-65,0,,173,100
937,5561,6361,9.804728192335662e-51,0,,172,100
938,5564,6364,3.305138536574983e-61,0,,172,100
939,5568,6368,1.335496845995818e-50,0,,173,100
940,5574,6374,5.640610164608935e-70,0,,172,100
941,5577,6377,1.4073331192946948e-69,0,,172,100
942,5583,6383,6.124850397214267e-80,0,,171,100
943,5592,6392,8.101663350247822e-65,0,,171,100
944,5595,6395,3.1578891962802055e-75,0,,171,100
945,5603,6403,2.290956490872916e-85,0,,172,100
946,5606,6406,7.53095099793102e-56,0,,171,100
947,5610,6410,2.271621979423708e-63,0,,170,100
948,5620,6420,6.644981191936588e-77,0,,168,100
949,5628,6428,2.7380891233643254e-53,0,,168,100
950,5635,6435,1.3456006290384015e-70,0,,168,100
951,5642,6442,7.540928153917921e-60,0,,168,100
952,5646,6446,3.694360272008684e-57,0,,167,100
953,5654,6454,4.6037591023073166e-73,0,,169,100
954,5657,6457,3.1186336809132638e-71,0,,168,100
955,5667,6467,6.210634192781588e-81,0,,168,100
956,5674,6474,1.1514806340404131e-65,0,,168,100
957,5682,6482,1.336069806716678e-46,0,,169,100
958,5686,6486,1.3478113620363389e-43,0,,169,100
959,5694,6494,1.0003351603820674e-45,0,,170,100
960,5697,6497,2.89861436889393e-49,0,,170,100
961,5701,6501,4.183691589936984e-58,0,,170,100
962,5708,6508,1.0314121775577761e-48,0,,169,100
963,5716,6516,4.2428756009353664e-52,0,,169,100
964,5720,6520,1.7570632922956943e-58,0,,168,100
965,5725,6525,2.1684328178694415e-57,0,,169,100
966,5730,6530,2.4424089688667646e-47,0,,169,100
967,5736,6536,1.4883321164311882e-124,0,,170,100
968,5742,6542,1.256091369875751e-94,0,,168,100
969,5746,6546,1.3121137978073403e-150,0,,168,100
970,5749,6549,1.490266073820092e-113,0,,169,100
971,5753,6553,1.692051702050079e-42,0,,169,100
972,5759,6559,5.882222136209303e-36,0,,169,100
973,5765,6565,1.3219721421957838e-31,0,,169,100
974,5770,6570,5.522554300908618e-29,0,,168,100
975,5775,6575,1.0956552916917255e-32,0,,169,100
976,5778,6578,2.4350428827573118e-27,0,,168,100
977,5784,6584,1.0876705587533904e-27,0,,168,100
978,5788,6588,4.288321667970746e-62,0,,168,100
979,5792,6592,7.595605507472655e-63,0,,169,100
980,5799,6599,7.508299483292965e-49,0,,168,100
981,5805,6605,5.349484092831095e-80,0,,167,100
982,5808,6608,1.8942735965393274e-66,0,,169,100
983,5818,6618,1.103250485105248e-20,0,,167,100
984,5826,6626,2.8131581053288093e-42,0,,166,100
985,5829,6629,4.19248266574538e-43,0,,164,100
986,5833,6633,4.999014935261165e-32,0,,165,100
987,5842,6642,6.787627581031139e-35,0,,164,100
988,5846,6646,3.5577944592319437e-32,0,,165,100
989,5862,6662,1.6087288459469319e-32,0,,166,100
990,5868,6668,5.447497728736625e-34,0,,166,100
991,5876,6676,2.4436487457119386e-36,0,,168,100
992,5878,6678,3.720974857028876e-31,0,,169,100
993,5891,6691,8.833074140448689e-43,0,,173,100
994,5895,6695,2.224664316249074e-48,0,,172,100
995,5901,6701,1.8444942111705864e-37,0,,173,100
996,5911,6711,2.9803327212304987e-45,0,,172,100
997,5914,6714,1.0762113271035069e-33,0,,172,100
998,5917,6717,1.9949288140762843e-38,0,,173,100
999,5929,6729,5.107456961225279e-43,0,,171,100
1000,5932,6732,1.2622678407099176e-38,0,,170,100
1001,5937,6737,9.086083444819736e-28,0,,170,100
1002,5941,6741,4.888051523773366e-41,0,,170,100
1003,5946,6746,5.571812393790453e-35,0,,170,100
1004,5950,6750,9.326127089216962e-44,0,,170,100
1005,5953,6753,3.422841845794391e-33,0,,170,100
1006,5957,6757,4.1790259430875955e-39,0,,171,100
1007,5966,6766,9.59295315903161e-39,0,,169,100
1008,5969,6769,3.678183272970813e-35,0,,168,100
1009,5973,6773,5.931322840730647e-41,0,,168,100
1010,5980,6780,7.983039306611266e-51,0,,168,100
1011,5988,6788,3.2123687943797605e-40,0,,168,100
1012,5993,6793,9.627722606465502e-59,0,,168,100
1013,5999,6799,3.9082310173530386e-51,0,,168,100
1014,6002,6802,4.78198208895867e-41,0,,167,100
1015,6006,6806,8.271254853464964e-60,0,,167,100
1016,6013,6813,3.6051112684992578e-59,0,,166,100
1017,6020,6820,7.255447471775034e-65,0,,166,100
1018,6029,6829,3.316953707097142e-61,0,,166,100
1019,6036,6836,3.0521626379881782e-71,0,,164,100
1020,6040,6840,1.3474439803738863e-85,0,,167,100
1021,6047,6847,3.202422497471021e-87,0,,166,100
1022,6050,6850,1.1892838247110135e-114,0,,166,100
1023,6054,6854,2.4134032566219218e-98,0,,166,100
1024,6061,6861,3.45019936342538e-66,0,,164,100
1025,6064,6864,5.274640344401054e-67,0,,165,100
1026,6075,6875,4.878642130302265e-86,0,,165,100
1027,6080,6880,3.604255040977394e-70,0,,166,100
1028,6087,6887,1.6651801773344567e-88,0,,166,100
1029,6094,6894,2.929688389714446e-68,0,,166,100
1030,6100,6900,4.477758591804825e-70,0,,166,100
1031,6111,6911,1.965782445193732e-163,0,,166,100
1032,6114,6914,3.906712422926412e-197,0,,165,100
1033,6118,6918,4.66464681027875e-177,0,,165,100
1034,6126,6926,8.131209990554063e-57,0,,167,100
1035,6129,6929,2.1087704599152825e-66,0,,167,100
1036,6135,6935,2.673746481933224e-69,0,,167,100
1037,6146,6946,2.1393335153003567e-186,0,,169,100
1038,6154,6954,1.4938687137568617e-59,0,,169,100
1039,6158,6958,3.4307471783547446e-245,0,,169,100
1040,6161,6961,1.3253179629730918e-245,0,,168,100
1041,6167,6967,4.0698492035e-314,0,,168,100
1042,6170,6970,9.423258997908678e-305,0,,168,100
1043,6174,6974,3.590833653798616e-303,0,,168,100
1044,6184,6984,1.9596470587601295e-63,0,,168,100
1045,6189,6989,4.204395662860757e-53,0,,168,100
1046,6193,6993,2.8302015395610104e-61,0,,167,100
1047,6199,6999,1.104105385656392e-74,0,,166,100
1048,6203,7003,9.480958807173021e-75,0,,167,100
1049,6207,7007,9.621555515822561e-79,0,,167,100
1050,6211,7011,1.974061099293232e-69,0,,167,100
1051,6218,7018,3.856205796350506e-83,0,,167,100
1052,6221,7021,5.105622442283497e-77,0,,168,100
1053,6228,7028,6.265428384701251e-74,0,,167,100
1054,6231,7031,3.6147619142664123e-81,0,,167,100
1055,6238,7038,1.7778834446064019e-87,0,,169,100
1056,6245,7045,1.0658380185879353e-83,0,,169,100
1057,6250,7050,9.779819255106835e-93,0,,169,100
1058,6256,7056,2.4894166537469295e-85,0,,169,100
1059,6260,7060,1.2153537942937686e-84,0,,168,100
1060,6263,7063,6.152201067138733e-87,0,,169,100
1061,6274,7074,4.7743809435835e-87,0,,171,100
1062,6277,7077,7.590500371510633e-98,0,,170,100
1063,6281,7081,2.0919486145219696e-89,0,,170,100
1064,6287,7087,6.7534270850067e-97,0,,170,100
1065,6295,7095,3.0297666605644347e-40,0,,168,100
1066,6298,7098,1.1939596082120445e-43,0,,167,100
1067,6306,7106,1.6453500848991077e-59,0,,169,100
1068,6309,7109,3.730701395270155e-54,0,,169,100
1069,6324,7124,1.1834293740229897e-50,0,,170,100
1070,6331,7131,3.4118517527256443e-50,0,,168,100
1071,6338,7138,4.5972644260800894e-55,0,,170,100
1072,6342,7142,1.5240486167980846e-60,0,,170,100
1073,6347,7147,7.010928549478303e-93,0,,169,100
1074,6351,7151,8.327385526079398e-92,0,,169,100
1075,6357,7157,2.267004316188992e-87,0,,169,100
1076,6360,7160,2.6564600074064852e-118,0,,168,100
1077,6364,7164,2.825345665149887e-88,0,,168,100
1078,6373,7173,7.733181111070178e-174,0,,168,100
1079,6376,7176,3.921334225261635e-54,0,,168,100
1080,6386,7186,7.607027119525692e-60,0,,170,100
1081,6389,7189,9.770613473775983e-72,0,,170,100
1082,6393,7193,6.744281132750481e-65,0,,169,100
1083,6399,7199,1.2898545320023218e-74,0,,169,100
1084,6406,7206,7.348944413138018e-73,0,,169,100
1085,6412,7212,6.589724689462448e-67,0,,169,100
1086,6416,7216,1.006367626242187e-67,0,,169,100
1087,6426,7226,7.635632682362887e-73,0,,171,100
1088,6429,7229,1.5462487765103492e-72,0,,171,100
1089,6433,7233,1.7471753538490577e-77,0,,170,100
1090,6440,7240,6.825026553335161e-71,0,,171,100
1091,6448,7248,3.2949103231420414e-58,0,,170,100
1092,6454,7254,2.116949020951084e-64,0,,170,100
1093,6460,7260,6.058170769018938e-59,0,,171,100
1094,6465,7265,1.25687254709538e-60,0,,170,100
1095,6470,7270,1.7419627603813365e-97,0,,170,100
1096,6479,7279,2.4518046091492802e-65,0,,170,100
1097,6482,7282,1.8800173955170743e-87,0,,169,100
1098,6486,7286,6.933067743965308e-82,0,,170,100
1099,6497,7297,4.348878988901783e-86,0,,169,100
1100,6505,7305,1.428098410735878e-100,0,,168,100
1101,6511,7311,1.2176177721246559e-101,0,,170,100
1102,6516,7316,1.5236121316921212e-48,0,,170,100
1103,6521,7321,2.9478491335283017e-106,0,,170,100
1104,6531,7331,5.927993959361685e-95,0,,170,100
1105,6538,7338,3.1542359446661436e-79,0,,169,100
1106,6543,7343,7.504210242017e-108,0,,170,100
1107,6549,7349,4.231296149734276e-71,0,,168,100
1108,6553,7353,5.658449640662049e-85,0,,168,100
1109,6556,7356,5.948944280155724e-77,0,,169,100
1110,6563,7363,3.52758344263486e-68,0,,170,100
1111,6571,7371,2.2385562503403332e-98,0,,170,100
1112,6575,7375,1.4013748729610525e-81,0,,171,100
1113,6582,7382,6.821794076446605e-72,0,,172,100
1114,6588,7388,1.4111837472373875e-68,0,,172,100
1115,6592,7392,3.0636159342836114e-66,0,,171,100
1116,6599,7399,3.295642444436366e-60,0,,173,100
1117,6607,7407,8.254017088549746e-65,0,,171,100
1118,6613,7413,4.687535909503551e-30,0,,172,100
1119,6616,7416,1.4180221676346462e-25,0,,171,100
1120,6618,7418,3.1732580939745645e-51,0,,170,100
1121,6625,7425,1.208811717248123e-33,0,,171,100
1122,6628,7428,4.663483368507076e-26,0,,171,100
1123,6635,7435,6.66444236176464e-29,0,,171,100
1124,6641,7441,1.8929456956050588e-26,0,,171,100
1125,6648,7448,2.640611119697906e-26,0,,171,100
1126,6652,7452,2.0115990206244e-27,0,,172,100
1127,6664,7464,4.477158730223993e-24,0,,173,100
1128,6667,7467,8.454642615358675e-27,0,,173,100
1129,6676,7476,3.369844388943837e-29,0,,170,100
1130,6684,7484,1.470625470545745e-31,0,,170,100
1131,6687,7487,1.3772299021204026e-36,0,,169,100
1132,6691,7491,2.638576672076481e-36,0,,170,100
1133,6697,7497,2.765926872506927e-39,0,,169,100
1134,6701,7501,6.528030715144778e-38,0,,169,100
1135,6709,7509,4.456917418389717e-37,0,,170,100
1136,6717,7517,2.210668529863902e-40,0,,170,100
1137,6723,7523,3.720879880179329e-44,0,,172,100
1138,6733,7533,1.173047994400257e-45,0,,171,100
1139,6736,7536,1.1553304353782464e-50,0,,171,100
1140,6740,7540,8.177289638692442e-52,0,,171,100
1141,6746,7546,8.296666944568698e-64,0,,171,100
1142,6749,7549,1.222681460308583e-33,0,,171,100
1143,6766,7566,2.099788012047167e-28,0,,173,100
1144,6770,7570,1.2491296635681742e-29,0,,173,100
1145,6774,7574,1.2604115361385455e-26,0,,174,100
1146,6781,7581,1.2199078418076546e-29,0,,175,100
1147,6785,7585,8.070723427725551e-35,0,,175,100
1148,6793,7593,1.230665578385405e-27,0,,176,100
1149,6796,7596,4.6198693419876915e-28,0,,176,100
1150,6803,7603,2.9057362030988233e-30,0,,175,100
1151,6808,7608,3.8670827046185775e-34,0,,177,100
1152,6819,7619,3.054550189063141e-36,0,,177,100
1153,6822,7622,5.642141674019575e-35,0,,176,100
1154,6825,7625,6.77179261999739e-33,0,,175,100
1155,6831,7631,5.007898986422075e-50,0,,176,100
1156,6839,7639,6.659443764849701e-37,0,,173,100
1157,6845,7645,1.2223871985196592e-45,0,,173,100
1158,6850,7650,5.616508100380931e-53,0,,173,100
1159,6856,7656,1.211429144735753e-59,0,,173,100
1160,6862,7662,1.1242817120159607e-38,0,,174,100
1161,6867,7667,1.2000721335865662e-37,0,,173,100
1162,6874,7674,1.5286010765555826e-45,0,,174,100
1163,6878,7678,1.535900753277068e-62,0,,173,100
1164,6884,7684,1.083576114600008e-41,0,,174,100
1165,6887,7687,4.065772488920768e-41,0,,174,100
1166,6903,7703,3.848047968888401e-57,0,,175,100
1167,6907,7707,3.5944799369812854e-51,0,,175,100
1168,6911,7711,8.147413441562592e-52,0,,175,100
1169,6919,7719,1.6960999551336284e-63,0,,175,100
1170,6926,7726,2.6807758270184626e-42,0,,173,100
1171,6933,7733,5.637373878159341e-37,0,,174,100
1172,6936,7736,3.5583937639443585e-51,0,,175,100
1173,6943,7743,1.0590404205870075e-46,0,,173,100
1174,6945,7745,1.3800247385548124e-41,0,,173,100
1175,6950,7750,3.183641764919457e-33,0,,171,100
1176,6953,7753,7.940976473706412e-30,0,,172,100
1177,6963,7763,7.948833360140069e-38,0,,173,100
1178,6966,7766,7.490130364359737e-44,0,,173,100
1179,6970,7770,9.245002764692797e-35,0,,174,100
1180,6980,7780,1.488497190243941e-43,0,,176,100
1181,6983,7783,2.7274166718804036e-34,0,,176,100
1182,6987,7787,8.0113711535929e-30,0,,175,100
1183,6994,7794,3.7783883616299123e-35,0,,176,100
1184,7002,7802,2.5287788171214546e-31,0,,175,100
1185,7005,7805,5.809611992962863e-29,0,,175,100
1186,7008,7808,5.412842390732849e-24,0,,175,100
1187,7016,7816,1.560227318514861e-28,0,,174,100
1188,7019,7819,6.627281505384343e-28,0,,174,100
1189,7025,7825,2.7005880928784666e-23,0,,175,100
1190,7030,7830,2.4667237568497223e-24,0,,175,100
1191,7034,7834,4.011288668274296e-22,0,,174,100
1192,7038,7838,1.2166914883738003e-25,0,,174,100
1193,7041,7841,3.856653166250494e-27,0,,174,100
1194,7045,7845,6.381076421605542e-28,0,,174,100
1195,7048,7848,4.375868520457424e-25,0,,175,100
1196,7054,7854,1.7821592716088544e-32,0,,175,100
1197,7061,7861,1.0401304248147262e-29,0,,176,100
1198,7065,7865,6.685553335834651e-32,0,,176,100
1199,7070,7870,4.163109177844648e-43,0,,176,100
1200,7074,7874,6.618924807575313e-52,0,,176,100
1201,7085,7885,7.986948566358597e-49,0,,177,100
1202,7088,7888,5.988474159002063e-33,0,,177,100
1203,7093,7893,3.254019749481565e-31,0,,177,100
1204,7099,7899,4.006110791469856e-36,0,,177,100
1205,7102,7902,5.3358216140602905e-40,0,,177,100
1206,7108,7908,1.976545866627741e-34,0,,176,100
1207,7111,7911,1.9276032632226015e-27,0,,176,100
1208,7117,7917,2.2402533653860784e-35,0,,176,100
1209,7122,7922,5.040976150588671e-33,0,,177,100
1210,7134,7934,2.2185956805746074e-42,0,,176,100
1211,7138,7938,4.565062140282618e-30,0,,176,100
1212,7144,7944,7.854282215554226e-38,0,,177,100
1213,7150,7950,2.1898681461743987e-50,0,,178,100
1214,7154,7954,1.0062485178747528e-37,0,,178,100
1215,7165,7965,1.7480080970978403e-33,0,,178,100
1216,7168,7968,5.369716950171621e-31,0,,178,100
1217,7174,7974,1.5074897259957457e-35,0,,178,100
1218,7177,7977,9.926047322509237e-35,0,,178,100
1219,7183,7983,5.121890793592654e-38,0,,179,100
1220,7192,7992,1.270272938419579e-34,0,,181,100
1221,7196,7996,1.148263275446616e-35,0,,181,100
1222,7204,8004,3.389425398614816e-35,0,,182,100
1223,7207,8007,1.927563853434087e-32,0,,183,100
1224,7218,8018,8.224745404482115e-31,0,,183,100
1225,7222,8022,4.708900023333384e-32,0,,182,100
1226,7225,8025,2.480308181097784e-35,0,,182,100
1227,7231,8031,9.548213869528712e-38,0,,182,100
1228,7236,8036,7.652197822875581e-34,0,,182,100
1229,7252,8052,6.610530699936923e-37,0,,182,100
1230,7256,8056,7.017188190976308e-48,0,,182,100
1231,7263,8063,4.0811250639395617e-54,0,,182,100
1232,7266,8066,8.485960014446934e-47,0,,181,100
1233,7271,8071,2.6474605754358597e-77,0,,182,100
1234,7277,8077,1.2153909386367651e-48,0,,182,100
1235,7283,8083,2.3964246893696834e-47,0,,181,100
1236,7289,8089,3.5570316457722457e-57,0,,180,100
1237,7292,8092,3.8969296987835925e-52,0,,180,100
1238,7297,8097,1.8425921042080757e-68,0,,181,100
1239,7301,8101,2.0773256890538066e-81,0,,180,100
1240,7307,8107,2.5898551215358124e-57,0,,179,100
1241,7310,8110,2.3496183759231487e-105,0,,178,100
1242,7316,8116,8.095023395306045e-114,0,,180,100
1243,7319,8119,2.9039068821588097e-84,0,,179,100
1244,7325,8125,2.319865553727648e-86,0,,178,100
1245,7334,8134,4.6862079191858774e-58,0,,179,100
1246,7339,8139,2.948372596161658e-50,0,,179,100
1247,7343,8143,7.517730394141105e-57,0,,180,100
1248,7355,8155,3.801109293349676e-58,0,,180,100
1249,7358,8158,4.5852338342665177e-54,0,,179,100
1250,7362,8162,2.326566564237913e-58,0,,178,100
1251,7368,8168,6.661672862860411e-55,0,,179,100
1252,7375,8175,1.32905849422885e-69,0,,178,100
1253,7378,8178,1.548714851007147e-62,0,,177,100
1254,7384,8184,1.3204599649161085e-52,0,,178,100
1255,7387,8187,5.63036168305499e-54,0,,177,100
1256,7393,8193,1.1604327923547212e-57,0,,178,100
1257,7402,8202,3.109831995189819e-65,0,,178,100
1258,7405,8205,2.2891387301348927e-74,0,,179,100
1259,7419,8219,8.03587996190783e-62,0,,178,100
1260,7423,8223,2.5648175950368454e-69,0,,178,100
1261,7426,8226,5.297587740915734e-69,0,,177,100
1262,7435,8235,1.390734481699527e-82,0,,178,100
1263,7438,8238,7.05607200500904e-82,0,,178,100
1264,7442,8242,4.824125706119871e-66,0,,179,100
1265,7449,8249,1.7333980597033908e-80,0,,178,100
1266,7452,8252,4.777243952184238e-64,0,,177,100
1267,7457,8257,1.3657100310929432e-51,0,,177,100
1268,7464,8264,1.3213087736664707e-50,0,,178,100
1269,7467,8267,7.907963407170673e-41,0,,178,100
1270,7473,8273,1.325123490844306e-61,0,,179,100
1271,7480,8280,9.604174077366378e-63,0,,179,100
1272,7482,8282,6.3384248673724675e-49,0,,178,100
1273,7487,8287,4.241971495934672e-53,0,,176,100
1274,7491,8291,3.439969815705673e-61,0,,176,100
1275,7494,8294,6.64712386770802e-58,0,,177,100
1276,7498,8298,2.9744193430787012e-71,0,,176,100
1277,7503,8303,1.813962090469318e-55,0,,177,100
1278,7509,8309,1.1826304638250619e-66,0,,177,100
1279,7513,8313,6.239084648318705e-90,0,,178,100
1280,7519,8319,1.3221107700470706e-65,0,,178,100
1281,7522,8322,2.913689820052385e-59,0,,178,100
1282,7527,8327,1.8970908764409848e-57,0,,178,100
1283,7534,8334,6.610038035670582e-62,0,,178,100
1284,7540,8340,1.9910766746839813e-53,0,,178,100
1285,7543,8343,2.94873192405389e-58,0,,179,100
1286,7554,8354,1.0511108773467535e-58,0,,179,100
1287,7557,8357,4.374002068600813e-59,0,,179,100
1288,7562,8362,7.904549698248e-63,0,,177,100
1289,7566,8366,1.2778805541774105e-59,0,,175,100
1290,7572,8372,2.717947523865549e-63,0,,174,100
1291,7576,8376,2.734358229356704e-93,0,,174,100
1292,7580,8380,9.928841903198128e-88,0,,173,100
1293,7586,8386,1.2744781399724653e-68,0,,174,100
1294,7589,8389,5.061309472935554e-85,0,,174,100
1295,7593,8393,7.428758250423811e-78,0,,174,100
1296,7601,8401,4.891922011603469e-89,0,,174,100
1297,7608,8408,5.356278039244081e-77,0,,173,100
1298,7612,8412,1.215970717391737e-80,0,,172,100
1299,7616,8416,2.2892369739718755e-87,0,,172,100
1300,7624,8424,2.1475977008806356e-81,0,,172,100
1301,7628,8428,2.3027183850100117e-51,0,,172,100
1302,7633,8433,6.845167320353369e-52,0,,172,100
1303,7639,8439,5.1118207270529327e-51,0,,173,100
1304,7642,8442,2.015319596161413e-47,0,,174,100
1305,7650,8450,1.7432363473495613e-52,0,,175,100
1306,7653,8453,3.860768274486087e-46,0,,177,100
1307,7657,8457,1.7762853014633488e-47,0,,178,100
1308,7665,8465,2.707075765940262e-52,0,,179,100
1309,7668,8468,1.9337536555531582e-56,0,,178,100
1310,7673,8473,1.9433585133082707e-75,0,,178,100
1311,7679,8479,4.117014172012081e-56,0,,179,100
1312,7693,8493,1.0760497013617954e-89,0,,179,100
1313,7696,8496,1.6082733619234582e-73,0,,179,100
1314,7700,8500,5.918415764224331e-72,0,,178,100
1315,7705,8505,3.7478864333749053e-69,0,,178,100
1316,7711,8511,1.0535852256335533e-80,0,,179,100
1317,7715,8515,1.5769584711047722e-80,0,,179,100
1318,7718,8518,9.472340252718647e-62,0,,180,100
1319,7727,8527,1.2486215342601019e-63,0,,181,100
1320,7730,8530,6.879603709082438e-59,0,,181,100
1321,7734,8534,4.8848387854687535e-53,0,,181,100
1322,7744,8544,3.498148866414889e-48,0,,183,100
1323,7751,8551,2.0364723861958965e-57,0,,184,100
1324,7755,8555,3.704773876050798e-46,0,,184,100
1325,7760,8560,1.30998427045464e-59,0,,184,100
1326,7769,8569,1.8222954397428857e-97,0,,182,100
1327,7779,8579,3.124104872624706e-106,0,,181,100
1328,7785,8585,2.6548479248799634e-83,0,,181,100
1329,7788,8588,2.4102364221539547e-81,0,,181,100
1330,7794,8594,1.0873930367297116e-87,0,,180,100
1331,7799,8599,1.0682353205259807e-67,0,,180,100
1332,7804,8604,5.116039024019401e-91,0,,181,100
1333,7814,8614,1.121236391158693e-95,0,,181,100
1334,7817,8617,2.172617560443082e-86,0,,180,100
1335,7822,8622,1.9870634645871817e-84,0,,179,100
1336,7826,8626,3.0864333600341096e-80,0,,179,100
1337,7831,8631,6.2572798574573764e-89,0,,178,100
1338,7837,8637,1.227716453548667e-105,0,,180,100
1339,7840,8640,2.0940597643871864e-102,0,,179,100
1340,7842,8642,9.108249338355955e-121,0,,179,100
1341,7847,8647,2.8474882402331357e-128,0,,177,100
1342,7850,8650,9.166477888891062e-132,0,,178,100
1343,7855,8655,3.0538844456740694e-115,0,,178,100
1344,7862,8662,1.7551564649471665e-162,0,,179,100
1345,7865,8665,2.1864411211731264e-177,0,,179,100
1346,7868,8668,1.1852682237504334e-154,0,,178,100
1347,7871,8671,2.6478852257085654e-159,0,,178,100
1348,7875,8675,4.87429082807083e-55,0,,178,100
1349,7882,8682,2.7436145004410827e-72,0,,179,100
1350,7886,8686,6.982037356177686e-49,0,,177,100
1351,7893,8693,6.162182484484411e-37,0,,176,100
1352,7897,8697,1.9979197364569835e-34,0,,176,100
1353,7906,8706,2.9688173988008504e-34,0,,177,100
1354,7909,8709,4.156807205234868e-52,0,,176,100
1355,7915,8715,1.1279752374573122e-58,0,,176,100
1356,7927,8727,1.6235187865240207e-60,0,,179,100
1357,7935,8735,2.1557539330112317e-58,0,,178,100
1358,7939,8739,6.736187504913089e-56,0,,178,100
1359,7947,8747,3.189011401153319e-61,0,,178,100
1360,7950,8750,3.3268206081234952e-49,0,,178,100
1361,7956,8756,2.3921204070066206e-49,0,,178,100
1362,7961,8761,2.183403270659914e-60,0,,178,100
1363,7964,8764,3.692643954177786e-101,0,,177,100
1364,7970,8770,2.68681014050185e-128,0,,179,100
1365,7974,8774,3.958413097093669e-105,0,,180,100
1366,7977,8777,1.4421186631640767e-80,0,,180,100
1367,7979,8779,6.562006327301682e-88,0,,179,100
1368,7985,8785,2.203632802788645e-55,0,,175,100
1369,7991,8791,4.2059433071012914e-55,0,,175,100
1370,7998,8798,3.382843858377552e-52,0,,174,100
1371,8010,8810,4.618325107741341e-53,0,,173,100
1372,8013,8813,4.138644082220634e-34,0,,174,100
1373,8018,8818,1.5825925457396006e-61,0,,174,100
1374,8021,8821,2.841585877764492e-67,0,,174,100
1375,8027,8827,6.789010382712059e-47,0,,174,100
1376,8031,8831,7.928332907077601e-58,0,,174,100
1377,8043,8843,2.3000537888725716e-53,0,,174,100
1378,8046,8846,6.380873673113076e-65,0,,173,100
1379,8050,8850,7.981656189278999e-85,0,,173,100
1380,8057,8857,2.3080180979357543e-46,0,,174,100
1381,8061,8861,1.8643537759975895e-66,0,,173,100
1382,8067,8867,1.9174400839851358e-55,0,,173,100
1383,8070,8870,7.861000246785159e-63,0,,175,100
1384,8086,8886,6.216890332818149e-82,0,,178,100
1385,8090,8890,1.089634857376767e-77,0,,178,100
1386,8093,8893,5.456023317039371e-65,0,,178,100
1387,8103,8903,1.0508569055835652e-56,0,,178,100
1388,8111,8911,1.234781048942982e-30,0,,177,100
1389,8114,8914,2.6668891620627825e-86,0,,177,100
1390,8116,8916,3.084783150184675e-72,0,,177,100
1391,8125,8925,9.108501351549472e-60,0,,178,100
1392,8128,8928,1.0860822012983152e-85,0,,178,100
1393,8141,8941,1.284439179093542e-34,0,,176,100
1394,8147,8947,3.776415668899266e-30,0,,176,100
1395,8150,8950,1.6639671346535784e-26,0,,178,100
1396,8160,8960,5.9089887245675065e-25,0,,177,100
1397,8163,8963,5.541128648697694e-21,0,,176,100
1398,8167,8967,1.3212241817641654e-15,0,,176,100
1399,8177,8977,1.8185230617410804e-29,0,,177,100
1400,8180,8980,2.993779398557471e-22,0,,176,100
1401,8184,8984,1.1344617187991393e-30,0,,176,100
1402,8191,8991,3.45523091682444e-25,0,,176,100
1403,8199,8999,5.77794124101503e-25,0,,177,100
1404,8203,9003,6.262255288678783e-19,0,,178,100
1405,8210,9010,1.0010385915171435e-18,0,,178,100
1406,8214,9014,4.463267645641942e-17,0,,179,100
1407,8219,9019,1.1492231339210094e-16,0,,178,100
1408,8225,9025,3.997116843958474e-15,0,,178,100
1409,8230,9030,1.0383715614547311e-12,0,,178,100
1410,8238,9038,3.512376233123763e-13,0,,177,100
1411,8244,9044,6.863102383457222e-09,0,,178,100
1412,8247,9047,4.901962526983382e-12,0,,178,100
1413,8256,9056,9.948112073433466e-11,0,,178,100
1414,8259,9059,6.952990403190617e-16,0,,178,100
1415,8264,9064,6.859673210204473e-14,0,,178,100
1416,8267,9067,5.52148836246728e-10,0,,178,100
1417,8273,9073,5.990521044532436e-10,0,,178,100
1418,8285,9085,3.222684038342179e-14,0,,178,100
1419,8288,9088,3.44338274418546e-12,0,,178,100
1420,8293,9093,6.110074144349004e-20,0,,176,100
1421,8299,9099,2.964166209807849e-20,0,,178,100
1422,8302,9102,9.2873955173669e-20,0,,178,100
1423,8311,9111,1.5428024417355075e-27,0,,179,100
1424,8314,9114,3.985545605726107e-19,0,,179,100
1425,8318,9118,6.554221250522398e-20,0,,180,100
1426,8325,9125,2.1838407735061706e-25,0,,179,100
1427,8328,9128,1.1190412000276273e-24,0,,178,100
1428,8332,9132,1.7605236522651627e-25,0,,178,100
1429,8339,9139,8.417259064429686e-34,0,,178,100
1430,8343,9143,1.2650416929856076e-30,0,,179,100
1431,8349,9149,4.86410685353868e-41,0,,179,100
1432,8352,9152,2.7527117278119923e-44,0,,178,100
1433,8369,9169,3.490120835168101e-68,0,,180,100
1434,8379,9179,7.492840838887394e-36,0,,179,100
1435,8382,9182,6.668881532306779e-61,0,,179,100
1436,8386,9186,1.5892362414353236e-65,0,,178,100
1437,8392,9192,9.285496507067279e-62,0,,178,100
1438,8396,9196,6.210381152678049e-47,0,,179,100
1439,8408,9208,4.483877080124862e-41,0,,180,100
1440,8419,9219,1.2322302505009256e-64,0,,183,100
1441,8422,9222,4.795661594451369e-59,0,,183,100
1442,8426,9226,8.732709563247343e-100,0,,182,100
1443,8431,9231,8.805562113981023e-113,0,,182,100
1444,8434,9234,7.545262789684919e-51,0,,181,100
1445,8436,9236,1.371524876535853e-33,0,,180,100
1446,8443,9243,5.6327612581388395e-53,0,,178,100
1447,8451,9251,3.084683142374771e-36,0,,178,100
1448,8454,9254,4.112473688217278e-27,0,,175,100
1449,8458,9258,1.8306189061871823e-30,0,,177,100
1450,8467,9267,3.6505788627466794e-25,0,,178,100
1451,8473,9273,3.702949447409674e-27,0,,178,100
1452,8478,9278,5.467099957316776e-29,0,,178,100
1453,8484,9284,5.372413934004424e-22,0,,178,100
1454,8487,9287,2.632455211330316e-34,0,,178,100
1455,8491,9291,5.821420159514587e-28,0,,177,100
1456,8495,9295,1.0689890114912167e-34,0,,177,100
1457,8503,9303,1.9256982842529456e-47,0,,178,100
1458,8510,9310,3.380194626452246e-52,0,,178,100
1459,8518,9318,2.2934174817688947e-35,0,,178,100
1460,8526,9326,1.4986345069449994e-47,0,,175,100
1461,8530,9330,1.084413883712635e-41,0,,175,100
1462,8539,9339,5.353267094668924e-24,0,,173,100
1463,8542,9342,3.5996674996816973e-34,0,,173,100
1464,8546,9346,2.6085724835538763e-41,0,,173,100
1465,8550,9350,8.459559086482042e-42,0,,172,100
1466,8556,9356,9.523761875558214e-48,0,,171,100
1467,8560,9360,8.06048120478597e-50,0,,171,100
1468,8568,9368,4.9589225722843156e-39,0,,172,100
1469,8572,9372,7.553867692298735e-39,0,,173,100
1470,8576,9376,5.240544927801986e-45,0,,170,100
1471,8583,9383,1.4039625746700115e-43,0,,172,100
1472,8591,9391,1.0039220294333093e-55,0,,171,100
1473,8595,9395,1.2155687290594447e-66,0,,171,100
1474,8603,9403,4.583222585128546e-56,0,,172,100
1475,8611,9411,1.476312877273251e-98,0,,171,100
1476,8614,9414,1.1264821549237318e-91,0,,171,100
1477,8618,9418,1.0023835261593243e-71,0,,171,100
1478,8625,9425,4.0853045929166064e-80,0,,171,100
1479,8633,9433,2.057587494664324e-101,0,,174,100
1480,8637,9437,1.377277755552438e-97,0,,173,100
1481,8641,9441,4.9950519019598574e-95,0,,173,100
1482,8649,9449,2.2361752560618322e-82,0,,172,100
1483,8657,9457,2.1804940913066815e-84,0,,171,100
1484,8661,9461,4.9252725483606255e-30,0,,171,100
1485,8669,9469,3.275044682193602e-20,0,,170,100
1486,8675,9475,1.0236967834954345e-16,0,,171,100
1487,8678,9478,2.8711239338094502e-21,0,,170,100
1488,8686,9486,1.1227866799893246e-18,0,,173,100
1489,8697,9497,7.648453259674704e-14,0,,174,100
1490,8701,9501,3.7109992664358376e-13,0,,174,100
1491,8708,9508,9.04995769991809e-21,0,,174,100
1492,8717,9517,4.1469339979067735e-27,0,,172,100
1493,8720,9520,2.294726539400339e-25,0,,173,100
1494,8727,9527,5.7591995084897876e-31,0,,173,100
1495,8733,9533,1.0255123533574722e-31,0,,173,100
1496,8736,9536,9.044435435727378e-19,0,,173,100
1497,8740,9540,1.1467727814945175e-31,0,,172,100
1498,8747,9547,1.304595157512039e-31,0,,173,100
1499,8750,9550,3.6089089617513834e-21,0,,172,100
1500,8754,9554,4.336134000654384e-21,0,,172,100
1501,8761,9561,9.211176511323373e-26,0,,174,100
1502,8770,9570,8.536168876102218e-24,0,,172,100
1503,8773,9573,9.795401681963371e-30,0,,173,100
1504,8782,9582,8.589784679290938e-32,0,,172,100
1505,8791,9591,2.9378419390804105e-22,0,,173,100
1506,8796,9596,2.3530402524211703e-20,0,,172,100
1507,8804,9604,2.1042399320832637e-26,0,,177,100
1508,8813,9613,3.713989908261221e-26,0,,175,100
1509,8817,9617,3.764372613112771e-27,0,,176,100
1510,8823,9623,5.032082085238358e-38,0,,176,100
1511,8827,9627,1.536424912226331e-32,0,,175,100
1512,8835,9635,8.194099717434787e-19,0,,176,100
1513,8843,9643,1.0985137664465622e-21,0,,177,100
1514,8847,9647,1.5742956603324525e-18,0,,177,100
1515,8852,9652,1.0702845844277972e-22,0,,178,100
1516,8856,9656,1.3971736900702095e-23,0,,178,100
1517,8863,9663,8.034617159204433e-18,0,,179,100
1518,8872,9672,2.956447755815006e-17,0,,175,100
1519,8875,9675,1.9314968382764964e-23,0,,174,100
1520,8885,9685,5.046865411370459e-25,0,,175,100
1521,8888,9688,1.3784559522872413e-25,0,,175,100
1522,8896,9696,6.188246499664257e-24,0,,176,100
1523,8901,9701,8.405469838539216e-28,0,,176,100
1524,8904,9704,9.13798811964396e-16,0,,176,100
1525,8920,9720,1.037307191982072e-10,0,,178,100
1526,8924,9724,5.438915231729918e-12,0,,178,100
1527,8932,9732,8.85204568214899e-10,0,,179,100
1528,8937,9737,1.1696719963019613e-10,0,,180,100
1529,8940,9740,2.439558252046348e-12,0,,179,100
1530,8944,9744,6.426797294335178e-09,0,,180,100
1531,8952,9752,8.751107484668854e-09,0,,179,100
1532,8955,9755,4.993576025131506e-08,0,,179,100
1533,8968,9768,8.099828830687758e-07,0,,180,100
1534,8979,9779,7.59674322432041e-14,0,,181,100
1535,8983,9783,6.440251147169709e-22,0,,181,100
1536,8990,9790,3.581752653674368e-16,0,,181,100
1537,8999,9799,2.0606460556278728e-13,0,,179,100
1538,9002,9802,9.506629190046773e-16,0,,179,100
1539,9007,9807,9.723758991630542e-18,0,,179,100
1540,9014,9814,7.165120492464354e-17,0,,179,100
1541,9023,9823,6.86694220346016e-17,0,,181,100
1542,9027,9827,1.2022891922259278e-21,0,,182,100
1543,9033,9833,3.6728179438965205e-22,0,,182,100
1544,9042,9842,9.50447978562819e-25,0,,181,100
1545,9046,9846,2.0009311097668777e-26,0,,180,100
1546,9049,9849,1.369037250155586e-23,0,,181,100
1547,9057,9857,4.775770183947919e-29,0,,184,100
1548,9063,9863,1.6832598152974993e-25,0,,183,100
1549,9067,9867,6.0393575193947736e-30,0,,184,100
1550,9071,9871,2.5200902804182828e-29,0,,183,100
1551,9075,9875,6.0404079457607575e-30,0,,183,100
1552,9084,9884,2.7449590459326268e-30,0,,183,100
1553,9087,9887,2.6447111253241555e-25,0,,182,100
1554,9095,9895,1.335415498180795e-29,0,,182,100
1555,9099,9899,4.797822084026504e-27,0,,183,100
1556,9110,9910,1.7818524485924143e-42,0,,179,100
1557,9113,9913,3.1114342314668535e-44,0,,179,100
1558,9121,9921,1.9808665727242646e-39,0,,180,100
1559,9125,9925,1.9152966704618205e-43,0,,179,100
1560,9129,9929,2.5966889742311515e-36,0,,179,100
1561,9140,9940,1.2018145725553625e-36,0,,182,100
1562,9143,9943,3.3559156713157386e-34,0,,183,100
1563,9158,9958,8.976363844623034e-36,0,,182,100
1564,9162,9962,4.83418703143849e-37,0,,182,100
1565,9173,9973,2.9310685463972295e-40,0,,182,100
1566,9177,9977,1.1416582291754498e-35,0,,183,100
1567,9185,9985,3.035773819598955e-48,0,,183,100
1568,9190,9990,5.826486834481359e-51,0,,183,100
1569,9193,9993,6.457119591786655e-62,0,,183,100
1570,9197,9997,5.293055675341557e-49,0,,183,100
1571,9204,10004,1.2493741002602131e-53,0,,184,100
1572,9213,10013,4.833459562081542e-27,0,,182,100
1573,9216,10016,5.441268821462194e-24,0,,182,100
1574,9226,10026,2.285920163476567e-32,0,,182,100
1575,9231,10031,3.1200938586421777e-28,0,,182,100
1576,9239,10039,1.639647131386507e-33,0,,183,100
1577,9243,10043,1.544227235122648e-34,0,,184,100
1578,9248,10048,1.54558669909729e-39,0,,185,100
1579,9256,10056,3.807878221202401e-29,0,,185,100
1580,9259,10059,3.570151052769082e-35,0,,186,100
1581,9267,10067,2.790819222238775e-38,0,,185,100
1582,9271,10071,4.530306235029016e-23,0,,185,100
1583,9280,10080,7.457175797616948e-43,0,,184,100
1584,9283,10083,7.705023100762103e-41,0,,185,100
1585,9291,10091,1.0380260218544253e-24,0,,187,100
1586,9295,10095,8.447929614777582e-26,0,,188,100
1587,9302,10102,3.65334234245845e-24,0,,187,100
1588,9308,10108,1.3683235263978698e-28,0,,187,100
1589,9311,10111,9.768046652338004e-30,0,,187,100
1590,9320,10120,1.1726152043742924e-26,0,,188,100
1591,9324,10124,8.409524183781341e-22,0,,188,100
1592,9332,10132,1.4641845496227544e-29,0,,189,100
1593,9338,10138,1.777106931037811e-51,0,,188,100
1594,9341,10141,2.2960158213489017e-40,0,,188,100
1595,9349,10149,7.20019563708067e-45,0,,189,100
1596,9353,10153,1.1362962966634512e-36,0,,189,100
1597,9363,10163,8.806207402225647e-33,0,,189,100
1598,9367,10167,3.450703821317296e-45,0,,190,100
1599,9377,10177,5.676685840945904e-46,0,,190,100
1600,9383,10183,1.0351350734323985e-42,0,,191,100
1601,9386,10186,6.958560709902097e-45,0,,190,100
1602,9392,10192,1.0474227310441033e-37,0,,191,100
1603,9403,10203,1.126926826951165e-31,0,,193,100
1604,9412,10212,3.746638786546092e-36,0,,191,100
1605,9416,10216,1.853943516323783e-26,0,,191,100
1606,9430,10230,4.5142551530389205e-32,0,,190,100
1607,9433,10233,8.913985078147394e-30,0,,190,100
1608,9444,10244,2.1052275030026814e-35,0,,190,100
1609,9454,10254,1.0314841036807463e-29,0,,190,100
1610,9463,10263,1.2787916403754191e-38,0,,189,100
1611,9466,10266,2.2970719937408817e-35,0,,187,100
1612,9470,10270,9.979361484626432e-31,0,,189,100
1613,9478,10278,2.809850741686855e-34,0,,189,100
1614,9486,10286,2.2819357900919557e-39,0,,186,100
1615,9489,10289,3.623417121736214e-33,0,,186,100
1616,9496,10296,6.555440627237557e-47,0,,186,100
1617,9500,10300,3.578964052580636e-43,0,,187,100
1618,9507,10307,8.026159801377084e-37,0,,187,100
1619,9516,10316,3.4723225420590374e-45,0,,185,100
1620,9520,10320,1.7583981710058284e-45,0,,185,100
1621,9529,10329,8.65628457458413e-55,0,,184,100
1622,9539,10339,6.636634721012092e-35,0,,185,100
1623,9542,10342,7.896684101433585e-46,0,,184,100
1624,9546,10346,4.592433671326862e-38,0,,184,100
1625,9551,10351,2.6137026108631845e-42,0,,185,100
1626,9557,10357,2.8169655532393103e-41,0,,182,100
1627,9561,10361,9.0979956518946e-45,0,,182,100
1628,9570,10370,3.3883908538473694e-48,0,,181,100
1629,9578,10378,1.0757484100979031e-41,0,,182,100
1630,9582,10382,1.050519123060018e-41,0,,184,100
1631,9586,10386,5.551861866672059e-40,0,,184,100
1632,9589,10389,9.83135107234301e-40,0,,184,100
1633,9599,10399,4.691311835966797e-20,0,,180,100
1634,9602,10402,2.678501718873979e-19,0,,179,100
1635,9610,10410,6.363464462288083e-23,0,,179,100
1636,9615,10415,1.7513959571990464e-18,0,,177,100
1637,9621,10421,2.9423562305489667e-16,0,,178,100
1638,9629,10429,4.034791801622245e-22,0,,179,100
1639,9632,10432,2.0784564562881153e-15,0,,178,100
1640,9639,10439,1.512196782672591e-14,0,,177,100
1641,9643,10443,1.0519959848362186e-19,0,,177,100
1642,9653,10453,2.3802987823948277e-17,0,,175,100
1643,9657,10457,1.2192073906465693e-16,0,,174,100
1644,9662,10462,3.955566155795194e-19,0,,175,100
1645,9668,10468,1.5772508901575958e-20,0,,175,100
1646,9679,10479,1.6121576305521582e-15,0,,175,100
1647,9688,10488,1.0892600360947057e-16,0,,174,100
1648,9691,10491,2.7483557770984805e-11,0,,175,100
1649,9696,10496,1.0035231277797016e-21,0,,175,100
1650,9700,10500,5.021506765470057e-27,0,,176,100
1651,9708,10508,3.8594416163724603e-26,0,,174,100
1652,9711,10511,7.308246989250126e-30,0,,174,100
1653,9717,10517,1.0450805934289545e-58,0,,175,100
1654,9721,10521,5.486019219989016e-57,0,,174,100
1655,9729,10529,2.0933550341242355e-24,0,,173,100
1656,9737,10537,3.1964550928666195e-40,0,,173,100
1657,9741,10541,6.765000103283059e-21,0,,173,100
1658,9744,10544,3.7334343540134997e-22,0,,174,100
1659,9758,10558,7.941067976314654e-25,0,,173,100
1660,9761,10561,4.9414646239485885e-27,0,,171,100
1661,9767,10567,3.222345171832336e-21,0,,173,100
1662,9770,10570,5.038933808671749e-25,0,,172,100
1663,9775,10575,3.7750973193921185e-12,0,,172,100
1664,9779,10579,1.2632433187170146e-68,0,,172,100
1665,9785,10585,6.848916856240988e-16,0,,172,100
1666,9788,10588,3.936493761549071e-14,0,,171,100
1667,9792,10592,7.807256061726918e-21,0,,170,100
1668,9794,10594,6.526825601791147e-20,0,,171,100
1669,9801,10601,9.426307507132416e-29,0,,171,100
1670,9806,10606,4.958194161738559e-82,0,,170,100
1671,9811,10611,2.3844227347967893e-95,0,,170,100
1672,9815,10615,2.100074160049066e-31,0,,171,100
1673,9823,10623,3.911986732242363e-43,0,,169,100
1674,9826,10626,3.8772883619390135e-44,0,,169,100
1675,9834,10634,5.1915608972584274e-39,0,,168,100
1676,9838,10638,7.561431494228019e-38,0,,169,100
1677,9847,10647,2.048720522434382e-37,0,,168,100
1678,9849,10649,8.595017063173846e-40,0,,168,100
1679,9856,10656,9.910247048549239e-66,0,,165,100
1680,9859,10659,1.3795449759792387e-64,0,,165,100
1681,9864,10664,2.439644939695344e-89,0,,164,100
1682,9870,10670,3.5561671800862825e-71,0,,163,100
1683,9874,10674,2.3690365404307093e-84,0,,163,100
1684,9878,10678,9.95918174045627e-69,0,,163,100
1685,9889,10689,1.526119502377071e-75,0,,164,100
1686,9893,10693,6.165257120179953e-72,0,,165,100
1687,9904,10704,3.5881078309691395e-35,0,,165,100
1688,9907,10707,1.352514201345881e-52,0,,164,100
1689,9911,10711,4.462723266154536e-48,0,,164,100
1690,9916,10716,7.298495392190882e-38,0,,164,100
1691,9920,10720,3.895969030276496e-40,0,,165,100
1692,9926,10726,1.941800453831855e-37,0,,166,100
1693,9935,10735,9.504994627790489e-45,0,,162,100
1694,9938,10738,3.915900177825755e-43,0,,162,100
1695,9946,10746,1.0623340832664707e-42,0,,163,100
1696,9950,10750,2.791256032354562e-40,0,,164,100
1697,9958,10758,2.721414949956374e-45,0,,165,100
1698,9964,10764,1.2259516603159146e-49,0,,165,100
1699,9968,10768,1.25220656633813e-46,0,,166,100
1700,9976,10776,1.2713306297773506e-60,0,,166,100
1701,9979,10779,2.963784938233367e-63,0,,166,100
1702,9987,10787,2.8136922610751582e-52,0,,167,100
1703,9991,10791,8.858699127271796e-60,0,,168,100
1704,9996,10796,1.7713724319304542e-60,0,,169,100
1705,9999,10799,3.148345774237694e-70,0,,168,100
1706,10003,10803,1.3287896968109707e-65,0,,169,100
1707,10010,10810,1.715493964893681e-76,0,,170,100
1708,10019,10819,1.3140506980996778e-73,0,,170,100
1709,10033,10833,6.385024307647382e-81,0,,169,100
1710,10037,10837,5.350312822050963e-113,0,,171,100
1711,10043,10843,2.0821382007919034e-96,0,,172,100
1712,10055,10855,5.129882259559972e-75,0,,169,100
1713,10058,10858,2.991315509095422e-70,0,,169,100
1714,10066,10866,6.255313980823116e-69,0,,169,100
1715,10070,10870,1.4370352930252436e-81,0,,170,100
1716,10082,10882,1.7854058164686177e-80,0,,167,100
1717,10090,10890,6.027547264056075e-81,0,,167,100
1718,10094,10894,6.805421924969531e-78,0,,168,100
1719,10108,10908,3.665884833586174e-95,0,,166,100
1720,10112,10912,4.498977694025984e-89,0,,167,100
1721,10121,10921,8.046181338913853e-120,0,,163,100
1722,10125,10925,1.0641541720021388e-129,0,,163,100
1723,10129,10929,6.032117452006885e-121,0,,165,100
1724,10139,10939,3.5599358619030442e-87,0,,163,100
1725,10144,10944,7.03577129494847e-63,0,,164,100
1726,10149,10949,1.9031893078979314e-92,0,,164,100
1727,10152,10952,3.307581647392935e-83,0,,164,100
1728,10157,10957,1.55687165071183e-97,0,,163,100
1729,10160,10960,7.595818770328395e-93,0,,163,100
1730,10164,10964,1.0662441695943961e-110,0,,162,100
1731,10167,10967,1.2977098490666349e-82,0,,162,100
1732,10176,10976,8.0406816917510885e-78,0,,163,100
1733,10179,10979,2.1895140360042645e-39,0,,162,100
1734,10183,10983,1.7172253633367217e-45,0,,162,100
1735,10191,10991,1.3747642095635344e-32,0,,163,100
1736,10194,10994,3.7245594294162745e-34,0,,161,100
1737,10198,10998,2.1549863799871594e-52,0,,161,100
1738,10205,11005,5.5874063039194554e-30,0,,161,100
1739,10213,11013,2.676107293391015e-38,0,,160,100
1740,10223,11023,1.1873041490952733e-29,0,,161,100
1741,10226,11026,6.570951288947353e-35,0,,160,100
1742,10230,11030,8.366859651750706e-38,0,,159,100
1743,10237,11037,5.155584964330097e-36,0,,162,100
1744,10251,11051,6.733729651135256e-31,0,,163,100
1745,10255,11055,2.948255971528864e-32,0,,162,100
1746,10267,11067,1.0245869707336358e-30,0,,162,100
1747,10270,11070,8.324443989583658e-37,0,,161,100
1748,10274,11074,8.408428597894938e-34,0,,163,100
1749,10284,11084,5.193145642795924e-38,0,,164,100
1750,10288,11088,2.771175480571348e-33,0,,166,100
1751,10292,11092,1.1165756503338202e-34,0,,166,100
1752,10302,11102,4.494357882324362e-33,0,,166,100
1753,10305,11105,7.901349842852494e-35,0,,166,100
1754,10314,11114,3.293531081807603e-38,0,,166,100
1755,10318,11118,2.909959760631977e-37,0,,168,100
1756,10326,11126,5.350763731286977e-38,0,,166,100
1757,10336,11136,3.151273093513025e-33,0,,167,100
1758,10339,11139,2.367602110534938e-40,0,,167,100
1759,10343,11143,3.44619335511813e-41,0,,168,100
1760,10354,11154,5.632566169077026e-52,0,,169,100
1761,10365,11165,1.5314619309441817e-42,0,,169,100
1762,10368,11168,1.002951554008093e-53,0,,168,100
1763,10379,11179,4.4410085239682414e-49,0,,166,100
1764,10382,11182,3.198131463369987e-58,0,,167,100
1765,10391,11191,1.2472994320026233e-58,0,,167,100
1766,10401,11201,9.22858800967951e-57,0,,169,100
1767,10413,11213,1.3190798037077532e-45,0,,169,100
1768,10416,11216,2.832454477924048e-55,0,,169,100
1769,10420,11220,2.0366321126585428e-61,0,,168,100
1770,10426,11226,4.553591987465489e-63,0,,170,100
1771,10438,11238,2.1360017138063644e-63,0,,169,100
1772,10443,11243,1.1464409062025297e-70,0,,169,100
1773,10448,11248,1.495716560466108e-68,0,,169,100
1774,10457,11257,1.342200173987111e-56,0,,169,100
1775,10462,11262,1.2851771242095974e-67,0,,171,100
1776,10472,11272,2.5829874008043913e-57,0,,169,100
1777,10476,11276,2.144745955703049e-57,0,,171,100
1778,10482,11282,3.063128449822432e-64,0,,168,100
1779,10490,11290,8.888094350843899e-116,0,,169,100
1780,10493,11293,1.8987231492451046e-96,0,,168,100
1781,10498,11298,3.1094843428053446e-61,0,,168,100
1782,10501,11301,1.8044325140618517e-67,0,,168,100
1783,10509,11309,4.045606725205367e-60,0,,168,100
1784,10512,11312,7.274328426207396e-68,0,,169,100
1785,10523,11323,4.5791508773200943e-69,0,,169,100
1786,10531,11331,3.107837714504897e-66,0,,169,100
1787,10535,11335,4.33034644084247e-39,0,,169,100
1788,10539,11339,6.888530850864756e-58,0,,169,100
1789,10550,11350,2.606960407156807e-49,0,,170,100
1790,10553,11353,1.5443850818710566e-51,0,,170,100
1791,10563,11363,2.2999318655955193e-48,0,,170,100
1792,10570,11370,3.9529617346469173e-29,0,,169,100
1793,10574,11374,3.5469459933677513e-62,0,,169,100
1794,10579,11379,7.821769538640979e-51,0,,169,100
1795,10582,11382,4.802939247946275e-28,0,,168,100
1796,10593,11393,1.129658992125857e-38,0,,172,100
1797,10596,11396,2.2189443169867002e-57,0,,171,100
1798,10600,11400,1.7837088790718388e-41,0,,172,100
1799,10607,11407,9.97046713397855e-75,0,,172,100
1800,10615,11415,4.500694018594177e-59,0,,172,100
1801,10619,11419,9.97792298548274e-29,0,,172,100
1802,10622,11422,7.792570755740074e-62,0,,173,100
1803,10631,11431,6.236289997808534e-37,0,,174,100
1804,10636,11436,5.7545426971259314e-27,0,,173,100
1805,10646,11446,5.639594943353274e-19,0,,175,100
1806,10651,11451,2.2885468318358506e-14,0,,174,100
1807,10655,11455,3.643161864062225e-15,0,,175,100
1808,10662,11462,1.3280972627979654e-14,0,,177,100
1809,10672,11472,5.005905503727895e-16,0,,176,100
1810,10675,11475,4.0210280278480236e-16,0,,175,100
1811,10679,11479,4.489554027591063e-18,0,,176,100
1812,10687,11487,9.202672032778735e-19,0,,177,100
1813,10690,11490,1.0674890074249389e-23,0,,176,100
1814,10694,11494,4.2940224986907144e-19,0,,178,100
1815,10706,11506,4.571137613065739e-24,0,,178,100
1816,10709,11509,1.1115658543742007e-25,0,,178,100
1817,10713,11513,2.0868301200621683e-30,0,,177,100
1818,10719,11519,2.846020134409335e-30,0,,177,100
1819,10722,11522,3.977357111100392e-37,0,,176,100
1820,10728,11528,8.261727229441354e-38,0,,177,100
1821,10732,11532,1.6396555866497559e-43,0,,176,100
1822,10737,11537,3.216474982608684e-48,0,,179,100
1823,10743,11543,7.641483962526005e-52,0,,179,100
1824,10747,11547,6.159539111649006e-47,0,,179,100
1825,10751,11551,8.699081224821905e-41,0,,179,100
1826,10755,11555,2.984288730929453e-49,0,,179,100
1827,10764,11564,1.4812126000240887e-61,0,,180,100
1828,10767,11567,7.84157803899487e-59,0,,179,100
1829,10774,11574,2.586007944996973e-73,0,,178,100
1830,10785,11585,6.265135857173107e-71,0,,177,100
1831,10795,11595,1.957692594396359e-66,0,,177,100
1832,10807,11607,3.767136956384959e-88,0,,177,100
1833,10811,11611,2.2041499902310923e-134,0,,177,100
1834,10817,11617,7.23577997623377e-145,0,,178,100
1835,10825,11625,4.11316092610255e-148,0,,178,100
1836,10841,11641,3.83668870689411e-142,0,,175,100
1837,10844,11644,2.659117220977375e-62,0,,175,100
1838,10849,11649,3.9440322503165035e-40,0,,175,100
1839,10853,11653,2.6152759853412565e-34,0,,175,100
1840,10858,11658,2.1322318775997766e-47,0,,175,100
1841,10864,11664,1.6934809431566453e-32,0,,175,100
1842,10870,11670,1.1729307152449742e-38,0,,175,100
1843,10873,11673,1.0751212141966833e-43,0,,175,100
1844,10883,11683,8.759512970942338e-37,0,,176,100
1845,10887,11687,4.686001156151062e-34,0,,176,100
1846,10894,11694,1.3980834697103889e-34,0,,176,100
1847,10898,11698,9.104585524415314e-37,0,,176,100
1848,10907,11707,1.7082412991886878e-38,0,,176,100
1849,10912,11712,2.9861360979622355e-42,0,,175,100
1850,10922,11722,7.525574355848792e-45,0,,175,100
1851,10926,11726,3.581351417931035e-47,0,,177,100
1852,10936,11736,4.0776504275791597e-42,0,,180,100
1853,10944,11744,1.742042165404821e-47,0,,180,100
1854,10948,11748,2.5708590145076767e-56,0,,179,100
1855,10952,11752,4.8580776996269266e-51,0,,179,100
1856,10958,11758,2.9231306395211627e-53,0,,181,100
1857,10965,11765,1.080588404446034e-51,0,,181,100
1858,10972,11772,6.949593193227588e-58,0,,181,100
1859,10975,11775,3.91932678805507e-59,0,,180,100
1860,10980,11780,6.946800309461776e-60,0,,181,100
1861,10993,11793,2.763924605324204e-62,0,,181,100
1862,10996,11796,3.0467903064651045e-67,0,,180,100
1863,11000,11800,2.545740999353025e-73,0,,181,100
1864,11011,11811,1.2713782135506648e-79,0,,184,100
1865,11014,11814,2.3760311101211313e-71,0,,182,100
1866,11018,11818,9.305680899196757e-79,0,,182,100
1867,11025,11825,5.756450340523081e-97,0,,183,100
1868,11033,11833,8.39147831932829e-68,0,,183,100
1869,11036,11836,1.6545609161435333e-89,0,,182,100
1870,11039,11839,1.1057204223210234e-125,0,,182,100
1871,11043,11843,6.8789146665105736e-136,0,,182,100
1872,11054,11854,3.141227630914598e-69,0,,182,100
1873,11057,11857,6.590152510725504e-70,0,,183,100
1874,11065,11865,5.235034945024632e-69,0,,183,100
1875,11075,11875,8.409000314407532e-59,0,,180,100
1876,11083,11883,2.8877712036532377e-47,0,,179,100
1877,11086,11886,6.492991605538768e-74,0,,177,100
1878,11090,11890,1.8478038767607686e-76,0,,177,100
1879,11100,11900,2.7573455212805004e-49,0,,178,100
1880,11103,11903,2.260366363393626e-33,0,,178,100
1881,11115,11915,9.455421080038859e-35,0,,179,100
1882,11118,11918,4.595860059322221e-38,0,,177,100
1883,11123,11923,1.2175229968620914e-57,0,,179,100
1884,11131,11931,9.22409807508136e-55,0,,179,100
1885,11134,11934,3.2676016281086967e-34,0,,179,100
1886,11138,11938,7.61033105714981e-42,0,,180,100
1887,11141,11941,4.8865863355182024e-48,0,,179,100
1888,11145,11945,1.6407973431199554e-45,0,,179,100
1889,11152,11952,5.269296109308766e-48,0,,181,100
1890,11156,11956,1.0429237161146346e-30,0,,181,100
1891,11165,11965,7.56013430265873e-67,0,,182,100
1892,11171,11971,1.93760741949641e-71,0,,184,100
1893,11177,11977,5.804856117994876e-24,0,,184,100
1894,11184,11984,3.140019953007476e-14,0,,184,100
1895,11187,11987,3.438827660780803e-16,0,,184,100
1896,11194,11994,7.504551724528007e-28,0,,183,100
1897,11200,12000,5.272155785479367e-23,0,,185,100
1898,11204,12004,9.513048124932322e-23,0,,185,100
1899,11207,12007,6.4517795702453e-23,0,,186,100
1900,11218,12018,9.627793019007403e-24,0,,186,100
1901,11221,12021,2.4470706474086486e-21,0,,185,100
1902,11225,12025,2.784860153074808e-28,0,,187,100
1903,11234,12034,6.353651203362258e-23,0,,188,100
1904,11240,12040,4.033694940933249e-39,0,,188,100
1905,11243,12043,3.6700936081155566e-32,0,,188,100
1906,11247,12047,3.730244454721489e-83,0,,188,100
1907,11252,12052,7.91488869344298e-41,0,,188,100
1908,11256,12056,1.6168898855833592e-91,0,,189,100
1909,11265,12065,6.72013882961261e-85,0,,188,100
1910,11271,12071,3.000119571662382e-32,0,,190,100
1911,11279,12079,6.134670070116935e-43,0,,190,100
1912,11283,12083,9.830924403713686e-97,0,,190,100
1913,11290,12090,6.599525367724645e-49,0,,189,100
1914,11294,12094,8.98822872692305e-64,0,,189,100
1915,11296,12096,1.4555440201954933e-62,0,,187,100
1916,11300,12100,3.973962658968857e-89,0,,187,100
1917,11303,12103,4.3741170885384665e-67,0,,188,100
1918,11308,12108,1.0377161352075176e-78,0,,187,100
1919,11312,12112,1.0186172232776028e-74,0,,187,100
1920,11315,12115,9.067886831548293e-91,0,,188,100
1921,11323,12123,8.238632933843895e-64,0,,189,100
1922,11326,12126,8.052463507940486e-101,0,,189,100
1923,11331,12131,1.5500723603594506e-77,0,,188,100
1924,11344,12144,1.859093042310941e-75,0,,187,100
1925,11348,12148,3.388710698472751e-72,0,,189,100
1926,11358,12158,3.0349866104001373e-63,0,,187,100
1927,11362,12162,1.412380473880973e-68,0,,188,100
1928,11370,12170,1.1075700511252442e-78,0,,188,100
1929,11374,12174,3.1576508472426276e-86,0,,188,100
1930,11379,12179,1.1475417104618434e-67,0,,188,100
1931,11388,12188,7.97412863386358e-75,0,,187,100
1932,11392,12192,3.2854064066090663e-108,0,,187,100
1933,11402,12202,6.701141338382599e-80,0,,186,100
1934,11405,12205,2.610384275499732e-63,0,,186,100
1935,11409,12209,1.1118414673749884e-47,0,,187,100
1936,11414,12214,1.4094077608832726e-55,0,,186,100
1937,11417,12217,1.8541527097535318e-56,0,,185,100
1938,11424,12224,5.075968138462741e-60,0,,184,100
1939,11431,12231,5.307923846362935e-49,0,,183,100
1940,11437,12237,1.2159946168026024e-55,0,,184,100
1941,11441,12241,3.085228473796759e-51,0,,183,100
1942,11444,12244,5.046270057098177e-45,0,,186,100
1943,11455,12255,3.321430706594868e-53,0,,186,100
1944,11462,12262,1.718352628852807e-62,0,,187,100
1945,11467,12267,4.461710317594901e-56,0,,187,100
1946,11470,12270,2.3527058905760685e-58,0,,186,100
1947,11476,12276,2.4014085335255474e-54,0,,187,100
1948,11479,12279,1.3523977208030462e-40,0,,186,100
1949,11489,12289,4.509880688288425e-49,0,,187,100
1950,11492,12292,6.214306700460254e-60,0,,186,100
1951,11501,12301,2.506242894202827e-81,0,,185,100
1952,11505,12305,5.228466823295369e-62,0,,186,100
1953,11512,12312,3.168694073878063e-60,0,,187,100
1954,11519,12319,1.6194155216097009e-52,0,,187,100
1955,11523,12323,2.8113608765429975e-66,0,,187,100
1956,11531,12331,1.101823683120735e-65,0,,187,100
1957,11536,12336,5.136706892458716e-82,0,,183,100
1958,11539,12339,1.9494122829876617e-60,0,,183,100
1959,11544,12344,3.5615537347174117e-65,0,,183,100
1960,11547,12347,9.047631016024928e-76,0,,183,100
1961,11557,12357,7.841563530327292e-78,0,,182,100
1962,11560,12360,2.7010487285816034e-74,0,,181,100
1963,11563,12363,2.6154849764221315e-79,0,,181,100
1964,11568,12368,1.9048083236475509e-100,0,,183,100
1965,11574,12374,2.215397609412165e-118,0,,182,100
1966,11578,12378,1.4458659735024697e-114,0,,182,100
1967,11584,12384,1.0486171110934475e-104,0,,182,100
1968,11587,12387,6.15873067727089e-124,0,,182,100
1969,11596,12396,6.533683540238854e-121,0,,179,100
1970,11599,12399,2.1040103348644815e-124,0,,179,100
1971,11611,12411,3.677306220014746e-117,0,,178,100
1972,11614,12414,7.028241518854434e-91,0,,178,100
1973,11620,12420,6.313742698281777e-94,0,,178,100
1974,11628,12428,8.103712372567447e-93,0,,178,100
1975,11632,12432,3.870771037981076e-92,0,,178,100
1976,11638,12438,7.709861340324671e-91,0,,179,100
1977,11641,12441,1.6390756788185157e-98,0,,179,100
1978,11647,12447,2.704355783913653e-95,0,,179,100
1979,11654,12454,4.533640130138602e-90,0,,180,100
1980,11657,12457,6.68662289122839e-91,0,,180,100
1981,11668,12468,1.5321661204861698e-99,0,,181,100
1982,11671,12471,3.3964114076188857e-91,0,,181,100
1983,11675,12475,9.799392776664522e-92,0,,181,100
1984,11682,12482,8.845647139548046e-66,0,,182,100
1985,11685,12485,1.866140905926486e-67,0,,181,100
1986,11697,12497,1.1710159931816132e-63,0,,183,100
1987,11704,12504,5.929763505702143e-29,0,,183,100
1988,11711,12511,1.8489924579661986e-31,0,,185,100
1989,11720,12520,4.16466578991225e-34,0,,185,100
1990,11723,12523,2.5143747135056175e-38,0,,184,100
1991,11726,12526,9.504064971427901e-38,0,,184,100
1992,11734,12534,1.9130345121435044e-38,0,,185,100
1993,11737,12537,3.6478127233281996e-42,0,,184,100
1994,11741,12541,3.0627675690460345e-50,0,,187,100
1995,11744,12544,3.2641904576061893e-49,0,,188,100
1996,11749,12549,2.2564566634848257e-55,0,,187,100
1997,11755,12555,4.900301625431564e-46,0,,187,100
1998,11758,12558,2.0750468268510845e-53,0,,186,100
1999,11763,12563,2.581368083661518e-53,0,,186,100
2000,11766,12566,2.7994073643741645e-44,0,,186,100
2001,11775,12575,1.8009427640212887e-58,0,,187,100
2002,11784,12584,1.5576149540108504e-70,0,,188,100
2003,11789,12589,5.0091847187810545e-48,0,,188,100
2004,11793,12593,3.389410190472361e-41,0,,188,100
2005,11801,12601,1.3637882609006017e-39,0,,185,100
2006,11804,12604,3.544941297271001e-36,0,,184,100
2007,11815,12615,2.118437751795507e-39,0,,186,100
2008,11821,12621,4.2128466977041726e-46,0,,186,100
2009,11824,12624,1.5545279611998186e-39,0,,186,100
2010,11830,12630,6.399584137570377e-33,0,,187,100
2011,11833,12633,6.189028725954898e-48,0,,186,100
2012,11837,12637,1.6366283754156416e-37,0,,187,100
2013,11848,12648,6.527801100564159e-38,0,,189,100
2014,11851,12651,3.7661859160235084e-33,0,,189,100
2015,11860,12660,1.4044349805825255e-31,0,,190,100
2016,11863,12663,2.011537982526681e-41,0,,190,100
2017,11871,12671,4.243964629908159e-38,0,,191,100
2018,11874,12674,1.4297633639452889e-58,0,,190,100
2019,11878,12678,2.4169329921218098e-52,0,,191,100
2020,11884,12684,7.062948361673611e-66,0,,191,100
2021,11887,12687,4.724658184387706e-69,0,,191,100
2022,11891,12691,7.34766237212587e-66,0,,190,100
2023,11897,12697,3.425857050494309e-54,0,,191,100
2024,11902,12702,2.9452545330920374e-61,0,,191,100
2025,11908,12708,4.208776902002257e-69,0,,191,100
2026,11911,12711,6.683583599110355e-83,0,,191,100
2027,11920,12720,4.904879585797627e-102,0,,191,100
2028,11924,12724,8.678031645044919e-114,0,,190,100
2029,11930,12730,3.926688074760092e-67,0,,191,100
2030,11938,12738,2.0802067782491655e-51,0,,189,100
2031,11944,12744,1.4535809560418427e-49,0,,189,100
2032,11948,12748,2.3301091448905903e-57,0,,190,100
2033,11951,12751,1.1868277265170678e-61,0,,189,100
2034,11957,12757,7.014935517360305e-70,0,,189,100
2035,11961,12761,2.0315491634771708e-69,0,,188,100
2036,11968,12768,1.906910512328698e-65,0,,188,100
2037,11971,12771,1.3828770326681073e-64,0,,190,100
2038,11979,12779,1.3145742815906212e-44,0,,191,100
2039,11982,12782,1.0515628545797863e-84,0,,190,100
2040,11989,12789,2.731711056214873e-67,0,,189,100
2041,11996,12796,3.3107888063568065e-38,0,,190,100
2042,11999,12799,1.5056198632889094e-91,0,,190,100
2043,12003,12803,3.807365420929433e-82,0,,191,100
2044,12010,12810,1.6199871604906804e-82,0,,190,100
2045,12013,12813,2.233608353909328e-99,0,,190,100
2046,12023,12823,7.803654083208432e-67,0,,189,100
2047,12026,12826,6.358470977675014e-77,0,,187,100
2048,12032,12832,2.4120899532851634e-96,0,,188,100
2049,12038,12838,7.023191078437027e-107,0,,187,100
2050,12041,12841,2.128853088316535e-84,0,,189,100
2051,12047,12847,1.904130283788872e-104,0,,188,100
2052,12052,12852,1.2000849405103313e-130,0,,188,100
2053,12056,12856,1.7213601850916872e-118,0,,189,100
2054,12066,12866,1.300296156300652e-101,0,,188,100
2055,12070,12870,1.2781186200801792e-101,0,,188,100
2056,12073,12873,8.865964867108256e-35,0,,189,100
2057,12085,12885,9.215353462599809e-24,0,,191,100
2058,12088,12888,3.308249633611624e-22,0,,191,100
2059,12103,12903,1.1179476020263891e-21,0,,192,100
2060,12108,12908,4.59207689089409e-19,0,,192,100
2061,12111,12911,1.312593858835292e-22,0,,191,100
2062,12116,12916,1.6188897188516562e-23,0,,190,100
2063,12120,12920,7.798037291491354e-24,0,,190,100
2064,12122,12922,3.9312010637780847e-25,0,,190,100
2065,12130,12930,3.2032381038035962e-24,0,,190,100
2066,12140,12940,4.415920627222002e-22,0,,192,100
2067,12144,12944,8.255995157747081e-26,0,,193,100
2068,12152,12952,1.8645746030736104e-28,0,,193,100
2069,12155,12955,2.623745159424952e-26,0,,193,100
2070,12159,12959,8.94246116863056e-22,0,,193,100
2071,12168,12968,2.487012641681611e-27,0,,194,100
2072,12172,12972,5.291614429422519e-36,0,,194,100
2073,12185,12985,1.1884244827809943e-29,0,,194,100
2074,12188,12988,1.8140457994304916e-49,0,,194,100
2075,12192,12992,3.72613462978022e-54,0,,194,100
2076,12199,12999,2.331138122042026e-50,0,,195,100
2077,12205,13005,3.455687220547984e-49,0,,193,100
2078,12211,13011,1.3678733965766785e-61,0,,193,100
2079,12214,13014,1.3480720033383481e-64,0,,193,100
2080,12224,13024,9.676571473430511e-56,0,,193,100
2081,12229,13029,4.757827505626052e-52,0,,192,100
2082,12234,13034,1.9249148934070553e-46,0,,193,100
2083,12237,13037,4.3445272884479363e-69,0,,193,100
2084,12244,13044,1.8890276233718703e-41,0,,190,100
2085,12247,13047,3.167756845099571e-45,0,,189,100
2086,12253,13053,5.826889184407404e-51,0,,190,100
2087,12256,13056,7.081048172025135e-53,0,,190,100
2088,12265,13065,9.773341286847968e-54,0,,190,100
2089,12271,13071,1.241733005212169e-64,0,,189,100
2090,12274,13074,8.814020556233289e-66,0,,190,100
2091,12282,13082,1.4180467803371825e-69,0,,190,100
2092,12285,13085,4.2968380525691276e-99,0,,189,100
2093,12289,13089,5.3438450722690967e-101,0,,189,100
2094,12296,13096,1.0912671726957248e-103,0,,190,100
2095,12304,13104,5.460426905160216e-108,0,,192,100
2096,12308,13108,5.4414059260646244e-104,0,,192,100
2097,12311,13111,2.0920622931290787e-123,0,,192,100
2098,12318,13118,3.6513563397416976e-117,0,,192,100
2099,12326,13126,1.860980745572416e-107,0,,192,100
2100,12330,13130,8.273079418010376e-110,0,,193,100
2101,12337,13137,4.292535576899007e-113,0,,193,100
2102,12340,13140,1.5562898382200058e-121,0,,195,100
2103,12347,13147,4.360387935431868e-113,0,,195,100
2104,12350,13150,5.490695173615082e-136,0,,195,100
2105,12356,13156,3.74046797371892e-133,0,,195,100
2106,12362,13162,7.024931178917832e-143,0,,196,100
2107,12368,13168,1.03268298518186e-117,0,,196,100
2108,12375,13175,7.368928622854774e-133,0,,196,100
2109,12383,13183,1.364144752822813e-127,0,,195,100
2110,12387,13187,1.2023191282941958e-151,0,,195,100
2111,12395,13195,1.1133596054869479e-125,0,,195,100
2112,12398,13198,1.9928793400661747e-147,0,,195,100
2113,12402,13202,2.1248222672595113e-100,0,,195,100
2114,12412,13212,3.15959227383698e-114,0,,196,100
2115,12419,13219,1.3328924714154294e-45,0,,196,100
2116,12422,13222,3.947858861419409e-38,0,,195,100
2117,12426,13226,6.348547850476319e-39,0,,196,100
2118,12435,13235,3.355648361080779e-41,0,,195,100
2119,12446,13246,4.346350461091569e-46,0,,193,100
2120,12454,13254,3.1773437305616505e-48,0,,193,100
2121,12457,13257,2.5761169734434016e-20,0,,192,100
2122,12464,13264,2.4374211734570154e-24,0,,193,100
2123,12467,13267,8.418785196819984e-21,0,,193,100
2124,12471,13271,1.2231512926077634e-23,0,,193,100
2125,12476,13276,4.339010543864559e-18,0,,193,100
2126,12486,13286,4.709988625175367e-24,0,,195,100
2127,12491,13291,3.0206768419824934e-27,0,,195,100
2128,12495,13295,1.2296796313148092e-22,0,,194,100
2129,12501,13301,1.2237403567512e-24,0,,194,100
2130,12509,13309,1.4407877629242797e-22,0,,194,100
2131,12512,13312,4.3139240002747464e-19,0,,193,100
2132,12520,13320,6.108065693179859e-21,0,,194,100
2133,12528,13328,3.2755385010005092e-19,0,,190,100
2134,12536,13336,4.094721345062774e-19,0,,191,100
2135,12540,13340,3.584290290656702e-20,0,,188,100
2136,12543,13343,4.0926551591255896e-37,0,,188,100
2137,12549,13349,1.0270239185720734e-27,0,,188,100
2138,12555,13355,1.3640359002094907e-30,0,,191,100
2139,12561,13361,1.7654259738160407e-42,0,,191,100
2140,12566,13366,2.3502985459450094e-41,0,,191,100
2141,12570,13370,1.7424239462387617e-19,0,,193,100
2142,12578,13378,1.9861532804861235e-23,0,,193,100
2143,12588,13388,9.153006874789102e-25,0,,193,100
2144,12591,13391,1.5685731287959047e-44,0,,192,100
2145,12606,13406,4.9699201148380725e-23,0,,194,100
2146,12612,13412,1.0962916378180827e-28,0,,193,100
2147,12620,13420,3.967707264972915e-30,0,,195,100
2148,12623,13423,1.7013668873906376e-31,0,,195,100
2149,12630,13430,1.5102558152178242e-31,0,,193,100
2150,12634,13434,2.7644739833136004e-35,0,,192,100
2151,12644,13444,8.433348205374246e-47,0,,190,100
2152,12649,13449,6.737874266554592e-46,0,,190,100
2153,12656,13456,2.732989702239156e-62,0,,188,100
2154,12661,13461,4.735355686307114e-58,0,,191,100
2155,12667,13467,9.860571965082465e-66,0,,190,100
2156,12670,13470,4.387817406214741e-63,0,,190,100
2157,12678,13478,2.3347885458903997e-65,0,,189,100
2158,12683,13483,1.7162377892036485e-67,0,,190,100
2159,12687,13487,2.1009647181442288e-63,0,,190,100
2160,12693,13493,4.141000458295558e-66,0,,190,100
2161,12697,13497,9.443550072286863e-62,0,,190,100
2162,12702,13502,5.249110682204199e-64,0,,191,100
2163,12706,13506,6.837384206474557e-63,0,,192,100
2164,12713,13513,3.315941055017634e-72,0,,191,100
2165,12718,13518,2.524952959117057e-74,0,,190,100
2166,12720,13520,3.62376849234012e-77,0,,190,100
2167,12727,13527,9.992020598158812e-67,0,,190,100
2168,12730,13530,3.37659623177646e-73,0,,190,100
2169,12738,13538,9.115836613838467e-82,0,,191,100
2170,12741,13541,5.812503653690824e-79,0,,191,100
2171,12748,13548,4.543659463596516e-67,0,,188,100
2172,12753,13553,8.216154750923581e-72,0,,188,100
2173,12757,13557,7.999020471343135e-82,0,,188,100
2174,12762,13562,4.901868855629584e-84,0,,188,100
2175,12765,13565,5.066570995627768e-84,0,,188,100
2176,12776,13576,3.440680769964283e-80,0,,186,100
2177,12779,13579,2.3758766785894137e-74,0,,185,100
2178,12784,13584,1.0079374886352163e-71,0,,186,100
2179,12790,13590,3.2452620362261477e-82,0,,184,100
2180,12795,13595,4.674241183053757e-87,0,,182,100
2181,12798,13598,5.363675244446391e-93,0,,181,100
2182,12802,13602,1.5342921603422907e-90,0,,181,100
2183,12812,13612,4.295464535573865e-74,0,,178,100
2184,12816,13616,1.7521735607483131e-75,0,,178,100
2185,12827,13627,1.0105335086559727e-69,0,,175,100
2186,12830,13630,6.9294119888281635e-62,0,,174,100
2187,12841,13641,1.2224008862577615e-56,0,,172,100
2188,12844,13644,1.0499110284844886e-44,0,,171,100
2189,12850,13650,2.731343614957541e-41,0,,170,100
2190,12854,13654,6.421871109529321e-52,0,,169,100
2191,12860,13660,1.4944748067532065e-56,0,,168,100
2192,12863,13663,9.204113094644401e-71,0,,167,100
2193,12874,13674,2.3424910913200526e-30,0,,162,100
2194,12877,13677,1.8652554289622212e-29,0,,161,100
2195,12883,13683,5.639911623140346e-26,0,,160,100
2196,12890,13690,2.4064462242738744e-44,0,,158,100
2197,12898,13698,3.497561022127253e-38,0,,157,100
2198,12902,13702,9.394252315111057e-25,0,,156,100
2199,12910,13710,2.6407588237534993e-49,0,,155,100
2200,12913,13713,1.829217431003354e-67,0,,154,100
2201,12917,13717,7.335165599667854e-70,0,,153,100
2202,12927,13727,5.037681224345476e-70,0,,151,100
2203,12931,13731,2.298229070492861e-44,0,,150,100
2204,12935,13735,8.437611380456921e-50,0,,149,100
2205,12943,13743,1.2338549811223588e-48,0,,146,100
2206,12946,13746,3.17633907558227e-50,0,,146,100
2207,12953,13753,2.763545100049105e-51,0,,144,100
2208,12956,13756,2.4738522402388653e-44,0,,142,100
2209,12964,13764,2.8744891785767476e-51,0,,141,100
2210,12967,13767,1.1411612301293762e-52,0,,140,100
2211,12976,13776,6.599473941251137e-52,0,,137,100
2212,12983,13783,1.906938093542098e-58,0,,136,100
2213,12988,13788,5.924879869988121e-61,0,,135,100
2214,12992,13792,1.4448738124700085e-59,0,,134,100
2215,12995,13795,3.4167032829749826e-54,0,,134,100
2216,13006,13806,8.642373328757711e-60,0,,132,100
2217,13016,13816,3.348718700880736e-62,0,,131,100
2218,13020,13820,1.2625238350286862e-62,0,,131,100
2219,13030,13830,4.3904676336400347e-72,0,,129,100
2220,13035,13835,2.2460330363196838e-58,0,,128,100
2221,13046,13846,9.898953615850909e-54,0,,127,100
2222,13052,13852,8.493426374172657e-47,0,,124,100
2223,13056,13856,1.1991922147216707e-65,0,,123,100
2224,13060,13860,2.7327367072649777e-71,0,,122,100
2225,13064,13864,4.3206358302513156e-61,0,,122,100
2226,13072,13872,2.1749425190846083e-64,0,,120,100
2227,13075,13875,8.136660434887712e-69,0,,119,100
2228,13079,13879,4.740563075748361e-58,0,,119,100
2229,13086,13886,2.631067558198249e-69,0,,117,100
2230,13090,13890,5.938218118893504e-69,0,,116,100
2231,13099,13899,2.3222879677885148e-115,0,,112,100
2232,13104,13904,6.524151186617756e-99,0,,111,100
2233,13107,13907,1.0287091638466439e-122,0,,110,100
2234,13111,13911,1.0289365220266226e-94,0,,109,100
2235,13117,13917,5.1403707013599386e-85,0,,108,100
2236,13120,13920,3.380530446532088e-105,0,,106,100
2237,13128,13928,9.906203026707673e-108,0,,105,100
2238,13131,13931,2.83643606323507e-104,0,,104,100
2239,13140,13940,4.923156181137698e-95,0,,101,100
2240,13146,13946,3.7845774321336994e-93,0,,100,100
