window_index,char_start,char_end,p_z,extracted,error,n_tokens_in_chunk,sequence_len_tokens
0,0,800,4.158544072965488e-06,0,,185,100
1,10,810,8.848698701121981e-06,0,,183,100
2,20,820,5.674092743218424e-07,0,,183,100
3,30,830,6.3431270542152e-07,0,,184,100
4,40,840,1.672859620923909e-07,0,,182,100
5,50,850,2.342897096728196e-07,0,,183,100
6,60,860,1.1934193645949546e-08,0,,183,100
7,70,870,3.620477478686579e-08,0,,183,100
8,80,880,1.679298963599022e-08,0,,185,100
9,90,890,1.651141029034987e-11,0,,183,100
10,100,900,2.3914635156641458e-08,0,,184,100
11,110,910,1.1323343865524581e-06,0,,183,100
12,120,920,2.3212072181212363e-06,0,,182,100
13,130,930,1.8793479477067451e-06,0,,183,100
14,140,940,4.7727647578713845e-06,0,,182,100
15,150,950,7.5577113209892465e-06,0,,182,100
16,160,960,1.1096095918525798e-05,0,,184,100
17,170,970,3.856291804882439e-05,0,,183,100
18,180,980,0.013145947880781357,1,,181,100
19,190,990,0.018246189956138532,1,,184,100
20,200,1000,0.02282073739960335,1,,184,100
21,210,1010,0.0100599344340707,1,,185,100
22,220,1020,3.695685874215028e-05,0,,185,100
23,230,1030,6.674026474667805e-06,0,,185,100
24,240,1040,2.4225042391288128e-05,0,,186,100
25,250,1050,1.3647655557822062e-05,0,,187,100
26,260,1060,3.853631028495451e-05,0,,187,100
27,270,1070,8.478156486882304e-05,0,,187,100
28,280,1080,0.0015036231070620488,1,,189,100
29,290,1090,0.0008886323256687007,0,,189,100
30,300,1100,0.0005587307786659083,0,,190,100
31,310,1110,9.920975053794753e-06,0,,188,100
32,320,1120,0.00011248052426583233,0,,189,100
33,330,1130,2.640225690942783e-07,0,,189,100
34,340,1140,7.87180976045374e-11,0,,189,100
35,350,1150,4.165142503960312e-10,0,,191,100
36,360,1160,4.45991833010953e-09,0,,191,100
37,370,1170,1.8159312006712723e-09,0,,190,100
38,380,1180,8.027021960280838e-09,0,,189,100
39,390,1190,6.594527594971457e-10,0,,188,100
40,400,1200,9.143112984242973e-15,0,,187,100
41,410,1210,1.4679734912997835e-16,0,,186,100
42,420,1220,5.284710743083282e-16,0,,187,100
43,430,1230,2.2492592731537126e-14,0,,187,100
44,440,1240,5.114974531583819e-13,0,,189,100
45,450,1250,2.592621562912001e-08,0,,190,100
46,460,1260,5.787357689728711e-11,0,,189,100
47,470,1270,2.310710120174482e-10,0,,190,100
48,480,1280,3.0962443956118935e-12,0,,187,100
49,490,1290,1.624028669041559e-11,0,,189,100
50,500,1300,1.7557368144909388e-12,0,,190,100
51,510,1310,4.313323610110829e-12,0,,189,100
52,520,1320,3.390068900224888e-12,0,,188,100
53,530,1330,1.332229018275757e-12,0,,189,100
54,540,1340,1.7427022809971822e-12,0,,188,100
55,550,1350,5.3302532952089453e-17,0,,186,100
56,560,1360,1.1340783958135559e-20,0,,185,100
57,570,1370,2.6664261817968836e-26,0,,187,100
58,580,1380,2.9706870900659174e-25,0,,184,100
59,590,1390,9.108145098438227e-28,0,,186,100
60,600,1400,2.1756552146261171e-26,0,,183,100
61,610,1410,3.439227390297596e-14,0,,185,100
62,620,1420,4.4769852637792644e-11,0,,186,100
63,630,1430,7.810704545107325e-10,0,,186,100
64,640,1440,5.653038150208543e-17,0,,187,100
65,650,1450,1.056538421656731e-09,0,,188,100
66,660,1460,1.0089473230589408e-09,0,,187,100
67,670,1470,3.795746173328864e-05,0,,186,100
68,680,1480,0.00020302760854533106,0,,186,100
69,690,1490,0.00011042586790827383,0,,185,100
70,700,1500,0.002726279888255574,1,,184,100
71,710,1510,0.0028104086655590717,1,,183,100
72,720,1520,0.004111638755496837,1,,184,100
73,730,1530,0.003924394609202194,1,,185,100
74,740,1540,0.0022726327823777153,1,,186,100
75,750,1550,0.0055817202673054045,1,,183,100
76,760,1560,0.0027658220127938856,1,,184,100
77,770,1570,0.006583361550769194,1,,185,100
78,780,1580,0.0021319959841177845,1,,185,100
79,790,1590,0.0014382127906172125,1,,186,100
80,800,1600,0.003882842239523644,1,,186,100
81,810,1610,0.003894075186151828,1,,187,100
82,820,1620,0.0008580017363175106,0,,185,100
83,830,1630,0.004203439668788348,1,,183,100
84,840,1640,0.007210079483633803,1,,185,100
85,850,1650,0.018053249601653724,1,,183,100
86,860,1660,0.015224221373971062,1,,186,100
87,870,1670,0.0005660536556676176,0,,187,100
88,880,1680,8.64874694133159e-06,0,,187,100
89,890,1690,1.0849120993797288e-06,0,,186,100
90,900,1700,1.0383754218496433e-06,0,,189,100
91,910,1710,5.971810601462381e-09,0,,187,100
92,920,1720,4.859743795383904e-08,0,,188,100
93,930,1730,1.6296786708674458e-08,0,,190,100
94,940,1740,9.696079599149367e-09,0,,190,100
95,950,1750,1.500008439176086e-10,0,,189,100
96,960,1760,5.582944764430787e-08,0,,187,100
97,970,1770,1.122850680883969e-07,0,,189,100
98,980,1780,2.2635107162771e-07,0,,190,100
99,990,1790,1.4964808276495968e-06,0,,190,100
100,1000,1800,5.737985606085904e-06,0,,190,100
101,1010,1810,7.811814899776544e-06,0,,189,100
102,1020,1820,6.719334473010704e-06,0,,192,100
103,1030,1830,1.4101666801672375e-06,0,,192,100
104,1040,1840,3.6644319296629564e-07,0,,190,100
105,1050,1850,2.237414249412702e-08,0,,190,100
106,1060,1860,3.728791162697399e-08,0,,190,100
107,1070,1870,1.5611096805603023e-07,0,,190,100
108,1080,1880,1.969043490671838e-07,0,,188,100
109,1090,1890,6.334251133305999e-06,0,,189,100
110,1100,1900,1.773491788930966e-06,0,,190,100
111,1110,1910,2.150120081305947e-05,0,,190,100
112,1120,1920,6.264243919853534e-06,0,,190,100
113,1130,1930,3.821788139149626e-06,0,,190,100
114,1140,1940,1.462492466271469e-07,0,,189,100
115,1150,1950,8.277144206428593e-07,0,,189,100
116,1160,1960,6.877847886095685e-07,0,,192,100
117,1170,1970,3.721677144222178e-07,0,,192,100
118,1180,1980,2.8454648432995427e-07,0,,192,100
119,1190,1990,3.439524035516609e-07,0,,191,100
120,1200,2000,4.082056079178181e-07,0,,191,100
121,1210,2010,2.759999371676791e-07,0,,191,100
122,1220,2020,1.5320958145522427e-07,0,,192,100
123,1230,2030,5.685350200735808e-07,0,,192,100
124,1240,2040,1.1207740545483835e-07,0,,190,100
125,1250,2050,1.7656016283207172e-06,0,,190,100
126,1260,2060,1.4741136853483718e-05,0,,188,100
127,1270,2070,2.616535816902646e-05,0,,190,100
128,1280,2080,3.4637264801352646e-05,0,,190,100
129,1290,2090,6.179386326591948e-08,0,,188,100
130,1300,2100,2.509092443222248e-08,0,,188,100
131,1310,2110,1.3600571255128464e-10,0,,189,100
132,1320,2120,2.8964903811174087e-09,0,,189,100
133,1330,2130,5.8371696601748905e-09,0,,189,100
134,1340,2140,3.7363402849885893e-10,0,,189,100
135,1350,2150,9.642638294838225e-11,0,,191,100
136,1360,2160,1.0029211234292422e-10,0,,190,100
137,1370,2170,1.163414845005327e-10,0,,193,100
138,1380,2180,7.269440214771184e-12,0,,191,100
139,1390,2190,7.377498551726468e-14,0,,191,100
140,1400,2200,2.0877781698251566e-14,0,,192,100
141,1410,2210,1.2062225771463775e-14,0,,191,100
142,1420,2220,1.2882116744580153e-13,0,,191,100
143,1430,2230,2.640811620022958e-12,0,,192,100
144,1440,2240,3.6656362958757026e-13,0,,190,100
145,1450,2250,2.5484083360217603e-12,0,,192,100
146,1460,2260,1.769347563673255e-12,0,,191,100
147,1470,2270,1.2394507473551736e-12,0,,190,100
148,1480,2280,5.868458618651739e-13,0,,192,100
149,1490,2290,5.5279549070758695e-14,0,,193,100
150,1500,2300,8.779436611199531e-15,0,,194,100
151,1510,2310,7.785521446958317e-16,0,,194,100
152,1520,2320,1.593596091931024e-12,0,,193,100
153,1530,2330,2.94719636765679e-17,0,,193,100
154,1540,2340,9.665323968737296e-23,0,,193,100
155,1550,2350,4.907068804953571e-19,0,,193,100
156,1560,2360,2.1809300005630118e-18,0,,193,100
157,1570,2370,2.4838246817038724e-17,0,,193,100
158,1580,2380,3.154627719347118e-14,0,,194,100
159,1590,2390,1.0085376216303889e-11,0,,193,100
160,1600,2400,1.6333208569795385e-14,0,,195,100
161,1610,2410,8.683557949037616e-15,0,,195,100
162,1620,2420,1.5365976999160867e-13,0,,197,100
163,1630,2430,3.0101279230530044e-15,0,,197,100
164,1640,2440,1.9495555452297418e-14,0,,197,100
165,1650,2450,1.4075711426168525e-19,0,,196,100
166,1660,2460,2.119031718982079e-51,0,,196,100
167,1670,2470,7.483558613620745e-53,0,,195,100
168,1680,2480,3.75585601115313e-57,0,,193,100
169,1690,2490,7.888862085184917e-57,0,,193,100
170,1700,2500,1.530702970759098e-54,0,,191,100
171,1710,2510,7.2806906212567e-55,0,,193,100
172,1720,2520,2.050697497885754e-52,0,,193,100
173,1730,2530,5.18387908030477e-52,0,,193,100
174,1740,2540,8.086206413523838e-52,0,,192,100
175,1750,2550,1.307935409762466e-49,0,,193,100
176,1760,2560,6.440202734053643e-47,0,,193,100
177,1770,2570,4.288911059994187e-45,0,,192,100
178,1780,2580,4.953275442416437e-40,0,,191,100
179,1790,2590,6.994931118815353e-37,0,,193,100
180,1800,2600,1.2153328467717481e-32,0,,193,100
181,1810,2610,1.9552528224810031e-31,0,,191,100
182,1820,2620,1.0874173790244379e-26,0,,190,100
183,1830,2630,9.009330068065683e-26,0,,187,100
184,1840,2640,9.52800169976308e-26,0,,191,100
185,1850,2650,1.9665827759909383e-23,0,,190,100
186,1860,2660,2.1830056053159514e-20,0,,191,100
187,1870,2670,1.7981410794286206e-14,0,,190,100
188,1880,2680,9.423636458802267e-14,0,,190,100
189,1890,2690,3.5087608458499038e-12,0,,192,100
190,1900,2700,3.001218042682015e-09,0,,191,100
191,1910,2710,4.624786453370133e-07,0,,189,100
192,1920,2720,4.978600188299689e-07,0,,189,100
193,1930,2730,0.00019571545968618493,0,,189,100
194,1940,2740,0.00014470049768550573,0,,189,100
195,1950,2750,0.00014643949857634392,0,,191,100
196,1960,2760,5.067920497638419e-06,0,,189,100
197,1970,2770,2.5779102793119004e-06,0,,189,100
198,1980,2780,6.075831983319603e-07,0,,188,100
199,1990,2790,1.3521749362795752e-06,0,,189,100
200,2000,2800,1.3540057240312198e-06,0,,189,100
201,2010,2810,1.3655000661606546e-09,0,,189,100
202,2020,2820,1.4692906816202424e-10,0,,187,100
203,2030,2830,1.9116730814047292e-11,0,,187,100
204,2040,2840,1.4563553762324189e-08,0,,188,100
205,2050,2850,1.2606528388184712e-07,0,,189,100
206,2060,2860,4.1928465354014945e-09,0,,190,100
207,2070,2870,5.197028931529035e-11,0,,189,100
208,2080,2880,5.841611313360627e-12,0,,190,100
209,2090,2890,1.347754841422688e-10,0,,192,100
210,2100,2900,1.6571368270719781e-10,0,,193,100
211,2110,2910,1.2836033731451787e-10,0,,191,100
212,2120,2920,9.21995510927747e-14,0,,193,100
213,2130,2930,4.885606241815284e-12,0,,193,100
214,2140,2940,7.448500435328193e-19,0,,190,100
215,2150,2950,6.001280867147553e-20,0,,191,100
216,2160,2960,8.0425058513886265e-22,0,,192,100
217,2170,2970,8.505070703507265e-28,0,,190,100
218,2180,2980,9.482467536557537e-27,0,,191,100
219,2190,2990,4.530489550337019e-31,0,,191,100
220,2200,3000,2.283031712917649e-30,0,,191,100
221,2210,3010,2.2437607469928866e-28,0,,191,100
222,2220,3020,2.0399019641500357e-20,0,,189,100
223,2230,3030,1.0486018382296548e-20,0,,189,100
224,2240,3040,9.17633714133831e-21,0,,188,100
225,2250,3050,2.385414729851734e-20,0,,190,100
226,2260,3060,5.172118156500192e-16,0,,188,100
227,2270,3070,1.9727669643127705e-15,0,,189,100
228,2280,3080,1.1723864005607998e-08,0,,189,100
229,2290,3090,8.384676484299018e-08,0,,188,100
230,2300,3100,2.4762794290353893e-09,0,,186,100
231,2310,3110,3.069451093235054e-09,0,,187,100
232,2320,3120,2.6302884701670293e-10,0,,188,100
233,2330,3130,2.7145847436814914e-10,0,,189,100
234,2340,3140,6.7941729125444355e-09,0,,190,100
235,2350,3150,8.695321311872417e-09,0,,190,100
236,2360,3160,2.1373965151250287e-09,0,,190,100
237,2370,3170,6.2311054515089315e-09,0,,190,100
238,2380,3180,2.5363087909767997e-08,0,,192,100
239,2390,3190,1.1015240610302722e-07,0,,189,100
240,2400,3200,1.6608625303782006e-07,0,,188,100
241,2410,3210,1.0227277013784899e-06,0,,186,100
242,2420,3220,3.723359425402922e-07,0,,185,100
243,2430,3230,2.5447692188950666e-07,0,,187,100
244,2440,3240,8.315874083874949e-06,0,,185,100
245,2450,3250,4.636824489775778e-06,0,,185,100
246,2460,3260,3.5862618479162513e-06,0,,186,100
247,2470,3270,7.795048758031034e-07,0,,186,100
248,2480,3280,5.173823294906058e-07,0,,188,100
249,2490,3290,1.4867567027928196e-06,0,,188,100
250,2500,3300,2.078697893569026e-07,0,,188,100
251,2510,3310,9.351057446679423e-05,0,,185,100
252,2520,3320,5.5260236799151586e-05,0,,187,100
253,2530,3330,3.055694731580182e-05,0,,187,100
254,2540,3340,7.762011563099334e-06,0,,189,100
255,2550,3350,3.1205683725696833e-06,0,,187,100
256,2560,3360,3.352413386861279e-05,0,,187,100
257,2570,3370,0.00030621441594914537,0,,187,100
258,2580,3380,0.002326733187131559,1,,186,100
259,2590,3390,0.0002210532430644578,0,,185,100
260,2600,3400,8.242998906655508e-09,0,,185,100
261,2610,3410,1.7680123462892094e-09,0,,184,100
262,2620,3420,1.4427400829652887e-10,0,,186,100
263,2630,3430,1.3460948851147372e-10,0,,187,100
264,2640,3440,4.85188190922812e-10,0,,187,100
265,2650,3450,1.148084379986341e-09,0,,187,100
266,2660,3460,1.3542531916983958e-07,0,,187,100
267,2670,3470,4.346832111060401e-09,0,,188,100
268,2680,3480,2.3596513188769446e-09,0,,188,100
269,2690,3490,2.948751706085754e-09,0,,187,100
270,2700,3500,3.935562891669823e-09,0,,187,100
271,2710,3510,1.6278984476242174e-09,0,,187,100
272,2720,3520,7.797496516211685e-10,0,,187,100
273,2730,3530,2.5476324459173632e-11,0,,186,100
274,2740,3540,1.890241351081096e-12,0,,184,100
275,2750,3550,7.843603423453875e-17,0,,185,100
276,2760,3560,2.256212936768008e-12,0,,187,100
277,2770,3570,3.098872392226999e-16,0,,187,100
278,2780,3580,1.2750719645362416e-15,0,,187,100
279,2790,3590,1.1067132591623092e-15,0,,187,100
280,2800,3600,7.866077544093496e-13,0,,187,100
281,2810,3610,1.904128109693227e-13,0,,186,100
282,2820,3620,4.0984664418987056e-10,0,,186,100
283,2830,3630,5.862711163452055e-07,0,,186,100
284,2840,3640,3.488178154912095e-07,0,,186,100
285,2850,3650,4.063288232143381e-07,0,,185,100
286,2860,3660,1.0050561309395116e-06,0,,183,100
287,2870,3670,2.058684494582464e-06,0,,183,100
288,2880,3680,0.00010179810982588592,0,,181,100
289,2890,3690,1.3816967668783318e-06,0,,180,100
290,2900,3700,1.799742873229144e-08,0,,180,100
291,2910,3710,4.797562114403849e-08,0,,182,100
292,2920,3720,7.766789077189434e-08,0,,182,100
293,2930,3730,4.3376238729908196e-08,0,,182,100
294,2940,3740,8.044162535700839e-08,0,,181,100
295,2950,3750,3.0342897089136294e-08,0,,180,100
296,2960,3760,4.5062201396762976e-08,0,,180,100
297,2970,3770,7.360986214968233e-10,0,,181,100
298,2980,3780,1.0003209625385592e-08,0,,181,100
299,2990,3790,1.7099676628188843e-08,0,,183,100
300,3000,3800,1.2959009303229154e-08,0,,183,100
301,3010,3810,1.001560128301387e-08,0,,184,100
302,3020,3820,4.293395958815067e-09,0,,182,100
303,3030,3830,2.732397839786306e-09,0,,181,100
304,3040,3840,4.491329884954696e-10,0,,183,100
305,3050,3850,1.1445346630872463e-09,0,,183,100
306,3060,3860,4.327000924081352e-09,0,,183,100
307,3070,3870,9.101647353457685e-10,0,,182,100
308,3080,3880,3.055688798951277e-09,0,,182,100
309,3090,3890,3.3478529619979453e-09,0,,183,100
310,3100,3900,8.330853475814562e-09,0,,183,100
311,3110,3910,1.926058512532541e-05,0,,183,100
312,3120,3920,3.9725255700526626e-05,0,,183,100
313,3130,3930,1.5983977772699425e-05,0,,182,100
314,3140,3940,1.395077482070295e-05,0,,180,100
315,3150,3950,1.182562367461432e-05,0,,182,100
316,3160,3960,1.279970371407504e-05,0,,182,100
317,3170,3970,3.261696590496376e-07,0,,181,100
318,3180,3980,1.1836057486229484e-05,0,,180,100
319,3190,3990,3.592222791059216e-06,0,,181,100
320,3200,4000,1.0686612418917609e-06,0,,184,100
321,3210,4010,5.311517800918275e-07,0,,185,100
322,3220,4020,4.648551813852377e-08,0,,188,100
323,3230,4030,2.7053061631865324e-21,0,,188,100
324,3240,4040,8.79195824545618e-35,0,,189,100
325,3250,4050,1.2781642453099915e-32,0,,190,100
326,3260,4060,3.2113779179839746e-30,0,,188,100
327,3270,4070,1.0364197242858697e-28,0,,188,100
328,3280,4080,2.153172587057462e-27,0,,188,100
329,3290,4090,1.5524506992717615e-21,0,,187,100
330,3300,4100,5.334080356414087e-21,0,,188,100
331,3310,4110,2.5313733122712774e-19,0,,188,100
332,3320,4120,5.1872596625834536e-17,0,,189,100
333,3330,4130,5.052193786935244e-13,0,,187,100
334,3340,4140,1.643644098086907e-12,0,,188,100
335,3350,4150,3.712955398435383e-09,0,,187,100
336,3360,4160,8.799421269994025e-09,0,,189,100
337,3370,4170,0.0013885452003051845,1,,187,100
338,3380,4180,0.0023339000785813947,1,,190,100
339,3390,4190,0.002581593277734221,1,,189,100
340,3400,4200,0.0023321886788200915,1,,188,100
341,3410,4210,0.003147723815965797,1,,189,100
342,3420,4220,0.004521616767613357,1,,189,100
343,3430,4230,0.004164813959608247,1,,189,100
344,3440,4240,0.005490781979614633,1,,188,100
345,3450,4250,0.01011110935642615,1,,190,100
346,3460,4260,0.012855413240845303,1,,190,100
347,3470,4270,7.102173997073725e-06,0,,190,100
348,3480,4280,5.495946942509037e-06,0,,190,100
349,3490,4290,5.134185176202395e-06,0,,190,100
350,3500,4300,2.531100665054506e-06,0,,190,100
351,3510,4310,4.669294626964654e-08,0,,190,100
352,3520,4320,3.263905895240327e-11,0,,192,100
353,3530,4330,4.7162984479179556e-11,0,,193,100
354,3540,4340,1.4636311736002916e-10,0,,193,100
355,3550,4350,5.154050792700298e-11,0,,190,100
356,3560,4360,2.2539787250774102e-10,0,,190,100
357,3570,4370,9.054837839300604e-13,0,,188,100
358,3580,4380,1.4303049275725544e-14,0,,189,100
359,3590,4390,9.120773240571626e-16,0,,190,100
360,3600,4400,3.780358167572453e-16,0,,189,100
361,3610,4410,2.899269673185616e-16,0,,191,100
362,3620,4420,4.09267775907444e-17,0,,188,100
363,3630,4430,9.05191229712278e-16,0,,188,100
364,3640,4440,4.962227834699154e-16,0,,188,100
365,3650,4450,7.738207692536705e-16,0,,189,100
366,3660,4460,5.2031296702613844e-18,0,,189,100
367,3670,4470,1.510565630026214e-18,0,,190,100
368,3680,4480,5.251304587203508e-18,0,,193,100
369,3690,4490,2.4241991325537345e-18,0,,190,100
370,3700,4500,8.364108153609096e-17,0,,188,100
371,3710,4510,2.943527828138768e-17,0,,188,100
372,3720,4520,9.56771720236221e-19,0,,188,100
373,3730,4530,2.4088425849856126e-18,0,,189,100
374,3740,4540,6.047337467922171e-12,0,,190,100
375,3750,4550,2.7004769401917957e-09,0,,191,100
376,3760,4560,9.570920184685353e-09,0,,192,100
377,3770,4570,3.3767555387753e-10,0,,190,100
378,3780,4580,2.068069357579309e-09,0,,189,100
379,3790,4590,5.686547611664731e-10,0,,187,100
380,3800,4600,5.55321713530142e-07,0,,186,100
381,3810,4610,1.4257618664676637e-06,0,,187,100
382,3820,4620,5.466471126179795e-06,0,,187,100
383,3830,4630,1.763094741691412e-05,0,,188,100
384,3840,4640,9.687955786409976e-06,0,,187,100
385,3850,4650,8.77399903017596e-06,0,,186,100
386,3860,4660,2.628258954401767e-06,0,,187,100
387,3870,4670,2.1317767079272595e-05,0,,187,100
388,3880,4680,0.0006295111310331494,0,,187,100
389,3890,4690,0.0016377199350348158,1,,186,100
390,3900,4700,0.0006356657516685027,0,,186,100
391,3910,4710,0.002375254013829946,1,,184,100
392,3920,4720,0.006874749201659896,1,,182,100
393,3930,4730,0.008346409307226828,1,,185,100
394,3940,4740,0.009389528106608706,1,,186,100
395,3950,4750,0.0010580604206186553,1,,186,100
396,3960,4760,0.0006590918014876932,0,,187,100
397,3970,4770,0.00019606357802720806,0,,190,100
398,3980,4780,1.6231052651117257e-06,0,,189,100
399,3990,4790,3.7481238715987274e-06,0,,189,100
400,4000,4800,1.4379312226717814e-05,0,,189,100
401,4010,4810,1.1141934313621544e-05,0,,188,100
402,4020,4820,1.0473951011433396e-05,0,,185,100
403,4030,4830,1.848246591141511e-06,0,,186,100
404,4040,4840,5.664512120690192e-06,0,,185,100
405,4050,4850,8.472898686843282e-06,0,,186,100
406,4060,4860,5.859307906782304e-06,0,,185,100
407,4070,4870,2.0210941616566554e-06,0,,185,100
408,4080,4880,3.7367679628379733e-10,0,,185,100
409,4090,4890,3.1298906736221e-11,0,,186,100
410,4100,4900,6.101565756655202e-16,0,,185,100
411,4110,4910,5.606917050029982e-16,0,,185,100
412,4120,4920,5.542193629135008e-15,0,,183,100
413,4130,4930,2.831603420847377e-12,0,,183,100
414,4140,4940,2.024829192921433e-11,0,,184,100
415,4150,4950,2.2593590271348086e-12,0,,185,100
416,4160,4960,9.038467761770701e-13,0,,186,100
417,4170,4970,3.327145054210459e-13,0,,187,100
418,4180,4980,4.479798821375873e-12,0,,187,100
419,4190,4990,2.8752625861565148e-11,0,,186,100
420,4200,5000,1.6960410250987093e-11,0,,185,100
421,4210,5010,7.78509181554063e-12,0,,185,100
422,4220,5020,5.660081368999953e-14,0,,183,100
423,4230,5030,1.1314796783908743e-17,0,,183,100
424,4240,5040,1.561251468106138e-20,0,,182,100
425,4250,5050,1.2457407414275826e-42,0,,182,100
426,4260,5060,4.177932499584285e-53,0,,183,100
427,4270,5070,1.1829305695333994e-50,0,,180,100
428,4280,5080,3.5507155539203077e-47,0,,180,100
429,4290,5090,1.60777502834326e-30,0,,180,100
430,4300,5100,6.864418295633784e-52,0,,178,100
431,4310,5110,6.546046652971603e-49,0,,180,100
432,4320,5120,2.323372949867777e-47,0,,178,100
433,4330,5130,1.3562794795035403e-47,0,,177,100
434,4340,5140,1.0227770303026082e-46,0,,178,100
435,4350,5150,3.934087249390765e-47,0,,181,100
436,4360,5160,1.5452561491403898e-46,0,,183,100
437,4370,5170,8.860000047946011e-49,0,,183,100
438,4380,5180,9.869286291901611e-47,0,,183,100
439,4390,5190,2.5249347509833386e-49,0,,184,100
440,4400,5200,6.595813943750333e-50,0,,184,100
441,4410,5210,1.0638359361915333e-52,0,,187,100
442,4420,5220,6.641724931574336e-51,0,,186,100
443,4430,5230,1.8205474906810037e-49,0,,187,100
444,4440,5240,1.6196837110972427e-46,0,,185,100
445,4450,5250,4.1401732774525693e-47,0,,186,100
446,4460,5260,2.7043531792972358e-45,0,,188,100
447,4470,5270,7.088297974356201e-38,0,,187,100
448,4480,5280,1.6642103698641446e-42,0,,187,100
449,4490,5290,2.637807458920991e-35,0,,187,100
450,4500,5300,2.7369512698515293e-37,0,,187,100
451,4510,5310,2.5171440014044127e-38,0,,187,100
452,4520,5320,1.5169093384198766e-39,0,,187,100
453,4530,5330,1.6904848207323692e-41,0,,188,100
454,4540,5340,4.419735880951005e-36,0,,185,100
455,4550,5350,2.3277276447307355e-34,0,,186,100
456,4560,5360,2.0977276856634345e-38,0,,186,100
457,4570,5370,2.4888492449014613e-36,0,,186,100
458,4580,5380,2.0651985067924458e-35,0,,187,100
459,4590,5390,1.1057412692798353e-37,0,,187,100
460,4600,5400,4.105965986920217e-37,0,,188,100
461,4610,5410,1.4659779161686775e-36,0,,187,100
462,4620,5420,1.5147972120010623e-39,0,,186,100
463,4630,5430,1.683338878189389e-40,0,,187,100
464,4640,5440,3.924995933510279e-45,0,,187,100
465,4650,5450,1.959665686929494e-46,0,,188,100
466,4660,5460,5.697880004882742e-47,0,,188,100
467,4670,5470,6.1408651498342634e-46,0,,188,100
468,4680,5480,1.658572769618546e-51,0,,188,100
469,4690,5490,1.465399179492968e-53,0,,188,100
470,4700,5500,8.868881095594496e-45,0,,188,100
471,4710,5510,2.2276063944734566e-51,0,,190,100
472,4720,5520,5.4619968445172595e-46,0,,190,100
473,4730,5530,1.048456905067636e-44,0,,189,100
474,4740,5540,4.336638577885774e-47,0,,188,100
475,4750,5550,1.1733948461749988e-43,0,,188,100
476,4760,5560,5.351370903687995e-43,0,,187,100
477,4770,5570,2.646221743305069e-52,0,,186,100
478,4780,5580,4.180024705440049e-43,0,,184,100
479,4790,5590,3.4898624759227373e-48,0,,185,100
480,4800,5600,2.858495889878014e-50,0,,186,100
481,4810,5610,7.899117711635525e-49,0,,188,100
482,4820,5620,1.2004818649539297e-45,0,,190,100
483,4830,5630,1.412337908001284e-43,0,,190,100
484,4840,5640,2.6756982740156126e-39,0,,192,100
485,4850,5650,2.698573203297999e-36,0,,193,100
486,4860,5660,5.90572381267223e-32,0,,195,100
487,4870,5670,6.147105451723664e-30,0,,195,100
488,4880,5680,3.3697789744100146e-28,0,,194,100
489,4890,5690,1.1462200433717076e-23,0,,194,100
490,4900,5700,1.2283207879987024e-17,0,,193,100
491,4910,5710,2.9578736718842406e-15,0,,193,100
492,4920,5720,2.8632845590949133e-15,0,,193,100
493,4930,5730,1.7367698200178082e-15,0,,193,100
494,4940,5740,1.4967905300578472e-14,0,,191,100
495,4950,5750,1.2388205181087558e-12,0,,191,100
496,4960,5760,1.0788135195448733e-11,0,,188,100
497,4970,5770,1.1807865377802096e-11,0,,189,100
498,4980,5780,6.171653067229652e-12,0,,186,100
499,4990,5790,1.9848582028049365e-11,0,,187,100
500,5000,5800,9.529013241011267e-09,0,,187,100
501,5010,5810,7.720516517736245e-08,0,,188,100
502,5020,5820,6.782745523682312e-08,0,,188,100
503,5030,5830,4.401250031593776e-07,0,,189,100
504,5040,5840,6.43674765230276e-06,0,,187,100
505,5050,5850,5.483649384764641e-06,0,,186,100
506,5060,5860,0.00013154399080977274,0,,185,100
507,5070,5870,0.0031502933559917055,1,,185,100
508,5080,5880,0.010426170403127037,1,,188,100
509,5090,5890,0.008857593425119463,1,,189,100
510,5100,5900,0.010312548231895941,1,,188,100
511,5110,5910,0.010971860556194576,1,,188,100
512,5120,5920,1.5865986670911798e-06,0,,187,100
513,5130,5930,3.8409708342558385e-08,0,,186,100
514,5140,5940,3.0897150400364234e-08,0,,183,100
515,5150,5950,0.00020324629998678354,0,,182,100
516,5160,5960,6.033729767858695e-10,0,,182,100
517,5170,5970,2.0438814865045623e-26,0,,179,100
518,5180,5980,6.5149043168385e-29,0,,182,100
519,5190,5990,8.471529430564068e-27,0,,182,100
520,5200,6000,2.4920940561904234e-26,0,,180,100
521,5210,6010,1.3702722506372865e-22,0,,179,100
522,5220,6020,1.037390800254779e-21,0,,178,100
523,5230,6030,3.050928328959168e-21,0,,180,100
524,5240,6040,2.8317013132253757e-18,0,,179,100
525,5250,6050,1.3341221089448716e-13,0,,179,100
526,5260,6060,1.1372070793357688e-12,0,,179,100
527,5270,6070,2.889538305401722e-15,0,,176,100
528,5280,6080,1.221065108556516e-15,0,,177,100
529,5290,6090,5.3561443730603704e-15,0,,177,100
530,5300,6100,2.357583041970909e-15,0,,178,100
531,5310,6110,8.285025635822437e-15,0,,176,100
532,5320,6120,5.411238945995945e-15,0,,176,100
533,5330,6130,9.825592520396808e-14,0,,175,100
534,5340,6140,1.6082971071680284e-13,0,,175,100
535,5350,6150,1.3554895752347885e-13,0,,175,100
536,5360,6160,3.1790390378153225e-14,0,,174,100
537,5370,6170,7.571138623007754e-16,0,,174,100
538,5380,6180,1.1268870546332512e-11,0,,175,100
539,5390,6190,1.1788931258731468e-10,0,,175,100
540,5400,6200,4.166915890211887e-08,0,,175,100
541,5410,6210,2.2851233537634987e-07,0,,173,100
542,5420,6220,1.0227558556040328e-07,0,,175,100
543,5430,6230,1.4363536861756766e-07,0,,174,100
544,5440,6240,3.2261383371271453e-09,0,,173,100
545,5450,6250,8.398261073662829e-10,0,,175,100
546,5460,6260,1.2036499031295002e-08,0,,173,100
547,5470,6270,1.1316864576424192e-08,0,,174,100
548,5480,6280,1.5119659568034336e-09,0,,172,100
549,5490,6290,2.4138944791607578e-09,0,,172,100
550,5500,6300,4.415671753611687e-08,0,,173,100
551,5510,6310,4.118825511513327e-10,0,,173,100
552,5520,6320,1.843601477211046e-09,0,,173,100
553,5530,6330,9.355893246722564e-10,0,,174,100
554,5540,6340,2.52453433254542e-10,0,,174,100
555,5550,6350,5.261580192191785e-09,0,,172,100
556,5560,6360,6.262768177548007e-08,0,,172,100
557,5570,6370,1.6382654567605315e-07,0,,174,100
558,5580,6380,3.052384845137077e-09,0,,172,100
559,5590,6390,9.664557574094303e-08,0,,172,100
560,5600,6400,9.432632580254497e-08,0,,170,100
561,5610,6410,7.046725682706337e-09,0,,167,100
562,5620,6420,1.997379474133346e-09,0,,166,100
563,5630,6430,3.8157042314075476e-10,0,,164,100
564,5640,6440,1.1296277252146113e-07,0,,165,100
565,5650,6450,1.5562053399094728e-08,0,,166,100
566,5660,6460,9.846417493624987e-18,0,,168,100
567,5670,6470,1.0036529280667025e-39,0,,169,100
568,5680,6480,8.141419392666218e-39,0,,172,100
569,5690,6490,2.888022072028712e-35,0,,171,100
570,5700,6500,8.303962290348616e-30,0,,170,100
571,5710,6510,1.4699825459831264e-27,0,,170,100
572,5720,6520,4.082794965554396e-28,0,,171,100
573,5730,6530,1.6628251443111267e-25,0,,168,100
574,5740,6540,2.3996170239814186e-26,0,,170,100
575,5750,6550,2.202687487706928e-21,0,,170,100
576,5760,6560,1.661311659530521e-20,0,,172,100
577,5770,6570,1.6480421855165073e-19,0,,175,100
578,5780,6580,9.699296632118264e-20,0,,175,100
579,5790,6590,8.318714017688358e-16,0,,174,100
580,5800,6600,8.404654434216289e-12,0,,174,100
581,5810,6610,1.3069557727552226e-07,0,,172,100
582,5820,6620,6.949296223772286e-10,0,,174,100
583,5830,6630,2.5832616592120487e-08,0,,175,100
584,5840,6640,1.837678740878981e-06,0,,177,100
585,5850,6650,1.5553769285476182e-06,0,,177,100
586,5860,6660,1.211229410213027e-06,0,,180,100
587,5870,6670,6.751663671886438e-06,0,,181,100
588,5880,6680,0.00034495569444007124,0,,177,100
589,5890,6690,4.3342812941512324e-05,0,,178,100
590,5900,6700,8.560289243606663e-05,0,,179,100
591,5910,6710,0.00012374398007951402,0,,180,100
592,5920,6720,5.020291241955248e-05,0,,179,100
593,5930,6730,7.62181771311587e-05,0,,181,100
594,5940,6740,6.772802396680873e-05,0,,182,100
595,5950,6750,5.0330853938887715e-05,0,,180,100
596,5960,6760,0.0002474154056532707,0,,179,100
597,5970,6770,0.00042748088818788727,0,,181,100
598,5980,6780,0.00038217272176711825,0,,182,100
599,5990,6790,0.00027018083185409273,0,,181,100
600,6000,6800,0.00011806848959500071,0,,182,100
601,6010,6810,9.265523781282333e-05,0,,185,100
602,6020,6820,9.087542483525554e-05,0,,183,100
603,6030,6830,0.00011835775865909866,0,,182,100
604,6040,6840,4.3458139364574165e-05,0,,182,100
605,6050,6850,1.369132697092855e-07,0,,183,100
606,6060,6860,1.245958316418877e-07,0,,182,100
607,6070,6870,2.2057447003472647e-08,0,,183,100
608,6080,6880,6.678873581110979e-08,0,,184,100
609,6090,6890,6.883386789315492e-08,0,,184,100
610,6100,6900,1.3062483643285025e-07,0,,183,100
611,6110,6910,1.6200906077849314e-07,0,,185,100
612,6120,6920,5.180448724902696e-07,0,,186,100
613,6130,6930,8.039991784113091e-10,0,,186,100
614,6140,6940,9.239007518924945e-11,0,,185,100
615,6150,6950,1.2110291369084608e-09,0,,185,100
616,6160,6960,5.1386502170605484e-11,0,,187,100
617,6170,6970,9.509299978754296e-11,0,,187,100
618,6180,6980,1.734646219923634e-08,0,,187,100
619,6190,6990,1.873441500212628e-07,0,,189,100
620,6200,7000,1.7659378631625385e-07,0,,188,100
621,6210,7010,9.5202151614796e-08,0,,188,100
622,6220,7020,6.285141505501996e-08,0,,189,100
623,6230,7030,1.569383452009855e-08,0,,188,100
624,6240,7040,5.967722491617595e-09,0,,189,100
625,6250,7050,3.192935035426976e-07,0,,187,100
626,6260,7060,1.8513872288384068e-07,0,,188,100
627,6270,7070,5.316859234169128e-07,0,,188,100
628,6280,7080,1.7379855295710593e-06,0,,187,100
629,6290,7090,3.4864454293814085e-09,0,,186,100
630,6300,7100,9.667614292973649e-08,0,,186,100
631,6310,7110,1.4203433946833344e-06,0,,185,100
632,6320,7120,0.00020192719085290528,0,,186,100
633,6330,7130,0.00012626856299663156,0,,188,100
634,6340,7140,2.9672207850833072e-05,0,,186,100
635,6350,7150,7.214629760599071e-05,0,,187,100
636,6360,7160,7.761679897636861e-05,0,,187,100
637,6370,7170,5.1864076066145146e-05,0,,186,100
638,6380,7180,4.71812473436638e-05,0,,189,100
639,6390,7190,0.0001402152373465011,0,,187,100
640,6400,7200,9.764458485621279e-05,0,,189,100
641,6410,7210,5.35905772533644e-05,0,,189,100
642,6420,7220,9.670758886523764e-05,0,,188,100
643,6430,7230,6.56156185777368e-05,0,,187,100
644,6440,7240,0.00015693686126685925,0,,184,100
645,6450,7250,0.0003597096288815315,0,,183,100
646,6460,7260,0.00017018033604093282,0,,183,100
647,6470,7270,7.095084560767636e-05,0,,183,100
648,6480,7280,0.00012727682065384342,0,,181,100
649,6490,7290,0.00023511711809633316,0,,182,100
650,6500,7300,4.5978936196841505e-05,0,,182,100
651,6510,7310,1.2131470193577017e-05,0,,181,100
652,6520,7320,4.954936395688391e-06,0,,185,100
653,6530,7330,2.034069033911159e-05,0,,185,100
654,6540,7340,1.467798759051824e-06,0,,185,100
655,6550,7350,1.2054283927806343e-09,0,,185,100
656,6560,7360,2.3061713493153677e-14,0,,183,100
657,6570,7370,5.648632376520322e-16,0,,184,100
658,6580,7380,4.471365651094874e-14,0,,183,100
659,6590,7390,1.9804522415807413e-16,0,,184,100
660,6600,7400,6.691437286158421e-26,0,,186,100
661,6610,7410,6.40892053038268e-49,0,,186,100
662,6620,7420,2.410756374224101e-47,0,,185,100
663,6630,7430,9.30791968388986e-46,0,,185,100
664,6640,7440,4.3316939533341915e-43,0,,186,100
665,6650,7450,7.06954594630865e-43,0,,183,100
666,6660,7460,3.1280296861504986e-39,0,,183,100
667,6670,7470,4.849863134858253e-36,0,,183,100
668,6680,7480,1.6545897622492876e-31,0,,183,100
669,6690,7490,2.3816020466312955e-29,0,,183,100
670,6700,7500,1.927030783544766e-30,0,,183,100
671,6710,7510,8.123450250342325e-30,0,,186,100
672,6720,7520,2.1603946169577364e-29,0,,187,100
673,6730,7530,6.181374688868741e-28,0,,189,100
674,6740,7540,4.607935936887218e-23,0,,193,100
675,6750,7550,3.6468289196310054e-23,0,,192,100
676,6760,7560,5.9964584313348654e-24,0,,193,100
677,6770,7570,6.29075160942909e-17,0,,193,100
678,6780,7580,2.9029267416147637e-12,0,,190,100
679,6790,7590,3.612287526788057e-11,0,,190,100
680,6800,7600,8.414446376485973e-11,0,,192,100
681,6810,7610,5.545401010950286e-12,0,,192,100
682,6820,7620,3.800228678320758e-12,0,,193,100
683,6830,7630,7.966108062063134e-11,0,,193,100
684,6840,7640,5.3737534553840406e-11,0,,193,100
685,6850,7650,4.843781604864525e-12,0,,194,100
686,6860,7660,1.8904407343684606e-11,0,,194,100
687,6870,7670,7.352361340458008e-11,0,,193,100
688,6880,7680,4.325333974001538e-11,0,,194,100
689,6890,7690,1.3143236639110688e-11,0,,195,100
690,6900,7700,1.3021440247229906e-14,0,,194,100
691,6910,7710,1.2043914264319318e-14,0,,194,100
692,6920,7720,6.536226110916781e-15,0,,194,100
693,6930,7730,6.570393810881036e-14,0,,193,100
694,6940,7740,2.2480023805933416e-16,0,,194,100
695,6950,7750,5.376582649914636e-15,0,,197,100
696,6960,7760,2.582943926919368e-16,0,,196,100
697,6970,7770,4.3804645175102556e-16,0,,194,100
698,6980,7780,2.3600487795844853e-15,0,,194,100
699,6990,7790,2.652628759919041e-15,0,,195,100
700,7000,7800,3.3934097138622956e-13,0,,197,100
701,7010,7810,2.0101026246604485e-14,0,,194,100
702,7020,7820,3.127375889436305e-12,0,,195,100
703,7030,7830,2.1921775567610656e-12,0,,197,100
704,7040,7840,4.4847174508875796e-14,0,,196,100
705,7050,7850,1.7147103973303722e-14,0,,197,100
706,7060,7860,1.665119438932324e-13,0,,199,100
707,7070,7870,5.3156232737147956e-14,0,,199,100
708,7080,7880,7.36958562304848e-16,0,,200,100
709,7090,7890,1.0359177582809333e-14,0,,200,100
710,7100,7900,3.440532045813887e-15,0,,202,100
711,7110,7910,1.9487959955489055e-18,0,,201,100
712,7120,7920,1.366786872072176e-48,0,,200,100
713,7130,7930,6.57492600445789e-47,0,,199,100
714,7140,7940,4.369752419120548e-47,0,,199,100
715,7150,7950,4.534726591091944e-49,0,,199,100
716,7160,7960,2.7654920620389135e-50,0,,200,100
717,7170,7970,2.120762506489917e-48,0,,200,100
718,7180,7980,3.631702702519514e-48,0,,200,100
719,7190,7990,4.813028809696772e-50,0,,201,100
720,7200,8000,2.1899678331210383e-48,0,,201,100
721,7210,8010,2.1060596721196115e-46,0,,200,100
722,7220,8020,7.800610176696471e-45,0,,202,100
723,7230,8030,2.4010744163430547e-44,0,,202,100
724,7240,8040,8.035226925361212e-43,0,,202,100
725,7250,8050,1.609060433249504e-38,0,,201,100
726,7260,8060,2.0898442113731126e-35,0,,203,100
727,7270,8070,1.0679006778332687e-32,0,,204,100
728,7280,8080,2.155853861625868e-32,0,,204,100
729,7290,8090,4.7676492100644466e-29,0,,204,100
730,7300,8100,2.0849685043731098e-34,0,,204,100
731,7310,8110,3.630808027351736e-27,0,,205,100
732,7320,8120,1.503237218112127e-24,0,,205,100
733,7330,8130,1.7460932709431515e-23,0,,205,100
734,7340,8140,7.312580602052131e-25,0,,205,100
735,7350,8150,9.448942612826588e-25,0,,206,100
736,7360,8160,9.995550621438821e-25,0,,207,100
737,7370,8170,4.435214092062972e-22,0,,206,100
738,7380,8180,3.7354567426495706e-21,0,,206,100
739,7390,8190,1.8759037842296382e-17,0,,205,100
740,7400,8200,2.4257694394538216e-19,0,,205,100
741,7410,8210,1.1672922041140664e-20,0,,205,100
742,7420,8220,2.271560260813225e-21,0,,205,100
743,7430,8230,3.527530022838933e-19,0,,206,100
744,7440,8240,9.722941059432714e-19,0,,205,100
745,7450,8250,3.03817449300927e-17,0,,204,100
746,7460,8260,3.913707311270029e-18,0,,206,100
747,7470,8270,7.28721407750121e-19,0,,205,100
748,7480,8280,6.303713209503391e-18,0,,207,100
749,7490,8290,4.871939890354711e-19,0,,208,100
750,7500,8300,7.604723764183137e-14,0,,206,100
751,7510,8310,3.909361661941694e-16,0,,204,100
752,7520,8320,1.09714360397526e-14,0,,205,100
753,7530,8330,5.016209184490726e-14,0,,203,100
754,7540,8340,4.63465903855894e-18,0,,202,100
755,7550,8350,8.938002116158362e-16,0,,203,100
756,7560,8360,9.16121068931566e-17,0,,204,100
757,7570,8370,6.212099192751292e-40,0,,206,100
758,7580,8380,3.2861694336721326e-41,0,,205,100
759,7590,8390,6.444565867878456e-41,0,,205,100
760,7600,8400,6.646229126757875e-39,0,,204,100
761,7610,8410,9.377439349540763e-40,0,,204,100
762,7620,8420,4.138620494936749e-39,0,,204,100
763,7630,8430,5.414506116709686e-42,0,,203,100
764,7640,8440,1.5041451314292434e-40,0,,203,100
765,7650,8450,5.4540969309842766e-42,0,,203,100
766,7660,8460,2.5017748469852388e-43,0,,203,100
767,7670,8470,1.0737258923341709e-45,0,,203,100
768,7680,8480,5.427256407173305e-45,0,,203,100
769,7690,8490,1.0013582621799443e-45,0,,202,100
770,7700,8500,1.6589862528331563e-47,0,,204,100
771,7710,8510,2.0751403822223908e-48,0,,203,100
772,7720,8520,9.61987762375175e-49,0,,203,100
773,7730,8530,1.1557072785844372e-45,0,,204,100
774,7740,8540,4.471495129898797e-42,0,,203,100
775,7750,8550,1.9587297678368755e-40,0,,203,100
776,7760,8560,2.229562629532799e-39,0,,203,100
777,7770,8570,8.2079196677636e-43,0,,203,100
778,7780,8580,6.571988797339747e-42,0,,201,100
779,7790,8590,3.335400237128991e-41,0,,201,100
780,7800,8600,1.4929174019965046e-43,0,,204,100
781,7810,8610,8.474821467511091e-44,0,,204,100
782,7820,8620,1.9769999250701515e-44,0,,202,100
783,7830,8630,8.791181965866548e-45,0,,203,100
784,7840,8640,4.615154183189673e-41,0,,203,100
785,7850,8650,1.676965480200713e-41,0,,203,100
786,7860,8660,7.166375559558878e-42,0,,204,100
787,7870,8670,9.882523110897048e-44,0,,204,100
788,7880,8680,1.348577807212627e-38,0,,203,100
789,7890,8690,1.2900313324459805e-42,0,,203,100
790,7900,8700,1.7908189821166858e-41,0,,203,100
791,7910,8710,9.577111841864375e-40,0,,203,100
792,7920,8720,1.7103840479165913e-39,0,,203,100
793,7930,8730,4.1544825935339236e-39,0,,203,100
794,7940,8740,3.130490839761699e-40,0,,204,100
795,7950,8750,7.932075578407807e-40,0,,204,100
796,7960,8760,1.0340553616704277e-40,0,,203,100
797,7970,8770,1.0638165975564196e-34,0,,201,100
798,7980,8780,4.3768334281775974e-35,0,,201,100
799,7990,8790,1.5043019010574742e-34,0,,202,100
800,8000,8800,2.718116593579449e-30,0,,201,100
801,8010,8810,7.356951721891492e-29,0,,204,100
802,8020,8820,5.788282690433326e-26,0,,202,100
803,8030,8830,4.4697551125170815e-26,0,,203,100
804,8040,8840,1.0742096820496299e-23,0,,204,100
805,8050,8850,4.829290048344748e-22,0,,201,100
806,8060,8860,3.432424862786401e-22,0,,201,100
807,8070,8870,1.6458227703353984e-17,0,,198,100
808,8080,8880,1.544248041897152e-15,0,,200,100
809,8090,8890,2.8264646870146325e-15,0,,199,100
810,8100,8900,3.8108393453828363e-13,0,,198,100
811,8110,8910,1.9060191032765634e-14,0,,196,100
812,8120,8920,2.9852605885312164e-12,0,,195,100
813,8130,8930,2.952583230443451e-11,0,,198,100
814,8140,8940,9.911280535490387e-12,0,,198,100
815,8150,8950,5.974654451119868e-12,0,,198,100
816,8160,8960,4.652174336092944e-11,0,,199,100
817,8170,8970,1.3528512257662785e-09,0,,200,100
818,8180,8980,2.482129905157249e-09,0,,200,100
819,8190,8990,4.212320889341424e-10,0,,201,100
820,8200,9000,2.635344376636427e-10,0,,200,100
821,8210,9010,6.895670769679715e-14,0,,202,100
822,8220,9020,1.2218677859341403e-13,0,,200,100
823,8230,9030,7.685408562523105e-14,0,,199,100
824,8240,9040,2.6271183568419805e-13,0,,201,100
825,8250,9050,4.417416286929233e-12,0,,202,100
826,8260,9060,3.554643399602141e-11,0,,200,100
827,8270,9070,4.1089403371641484e-14,0,,200,100
828,8280,9080,9.55114962522684e-13,0,,199,100
829,8290,9090,6.478841846699239e-10,0,,199,100
830,8300,9100,2.7148839508603407e-10,0,,199,100
831,8310,9110,7.912660705648852e-10,0,,198,100
832,8320,9120,2.1049059087788247e-09,0,,197,100
833,8330,9130,7.035637341005619e-09,0,,196,100
834,8340,9140,1.7030664271398133e-10,0,,196,100
835,8350,9150,8.967293184353127e-13,0,,197,100
836,8360,9160,1.0418913161261482e-11,0,,195,100
837,8370,9170,4.317337652909507e-12,0,,196,100
838,8380,9180,3.222964811365364e-11,0,,196,100
839,8390,9190,2.8639530319570367e-12,0,,195,100
840,8400,9200,4.514369162218048e-13,0,,194,100
841,8410,9210,1.403147991751211e-12,0,,193,100
842,8420,9220,8.751527562846076e-13,0,,194,100
843,8430,9230,4.038299775263514e-11,0,,194,100
844,8440,9240,4.592680803003125e-14,0,,195,100
845,8450,9250,8.968449138627098e-24,0,,195,100
846,8460,9260,1.1844446469764281e-21,0,,195,100
847,8470,9270,3.4078158042280136e-22,0,,195,100
848,8480,9280,3.9196355242777316e-20,0,,194,100
849,8490,9290,1.6515690989526742e-19,0,,195,100
850,8500,9300,3.484363725938813e-13,0,,193,100
851,8510,9310,8.514737337719849e-12,0,,195,100
852,8520,9320,5.70863849885746e-11,0,,195,100
853,8530,9330,2.0264291077742594e-11,0,,194,100
854,8540,9340,1.2954700937884165e-11,0,,195,100
855,8550,9350,8.270484607923353e-10,0,,195,100
856,8560,9360,3.825997502588382e-09,0,,195,100
857,8570,9370,2.5077438573648645e-09,0,,195,100
858,8580,9380,4.078501398005403e-09,0,,192,100
859,8590,9390,4.027076185297568e-10,0,,194,100
860,8600,9400,1.6137422073301738e-10,0,,192,100
861,8610,9410,1.3673311240669525e-09,0,,192,100
862,8620,9420,7.551412419299343e-10,0,,194,100
863,8630,9430,8.210934722115501e-11,0,,194,100
864,8640,9440,7.271521807296786e-11,0,,194,100
865,8650,9450,1.2522312346718856e-08,0,,192,100
866,8660,9460,3.327165461457785e-09,0,,193,100
867,8670,9470,2.1891780863330153e-08,0,,192,100
868,8680,9480,2.4244784612884824e-07,0,,194,100
869,8690,9490,6.852813170945745e-08,0,,193,100
870,8700,9500,4.4960672632634955e-08,0,,193,100
871,8710,9510,4.6076959250784406e-08,0,,192,100
872,8720,9520,4.139110288270056e-08,0,,196,100
873,8730,9530,1.7743781782830582e-07,0,,195,100
874,8740,9540,9.698806985460886e-09,0,,196,100
875,8750,9550,1.0806759436261368e-08,0,,197,100
876,8760,9560,1.2700920300311867e-11,0,,197,100
877,8770,9570,2.710038486306484e-12,0,,197,100
878,8780,9580,1.504852046380212e-13,0,,197,100
879,8790,9590,2.059587187644041e-12,0,,196,100
880,8800,9600,1.1585068003155333e-15,0,,198,100
881,8810,9610,2.5804699460267914e-19,0,,197,100
882,8820,9620,6.475548527687123e-19,0,,196,100
883,8830,9630,1.7461962926480744e-22,0,,196,100
884,8840,9640,3.857557406981311e-22,0,,195,100
885,8850,9650,1.2485930727999242e-22,0,,195,100
886,8860,9660,2.2563257963601487e-25,0,,194,100
887,8870,9670,1.623592371560458e-25,0,,191,100
888,8880,9680,1.2088715581398036e-25,0,,192,100
889,8890,9690,1.8586850078714298e-25,0,,194,100
890,8900,9700,2.743070820238759e-28,0,,193,100
891,8910,9710,7.826368344520997e-31,0,,192,100
892,8920,9720,4.2166097325397174e-44,0,,192,100
893,8930,9730,1.9581137494172024e-41,0,,189,100
894,8940,9740,1.0311674792062139e-39,0,,189,100
895,8950,9750,4.059038671491266e-39,0,,189,100
896,8960,9760,3.04285924533757e-35,0,,190,100
897,8970,9770,1.7684530458249553e-32,0,,190,100
898,8980,9780,1.7031130742537617e-30,0,,189,100
899,8990,9790,5.9394964297792936e-30,0,,187,100
900,9000,9800,3.911992826820672e-30,0,,187,100
901,9010,9810,3.393377644898705e-29,0,,188,100
902,9020,9820,2.520232371479352e-29,0,,189,100
903,9030,9830,2.8558327230704433e-31,0,,191,100
904,9040,9840,7.826603930336337e-28,0,,189,100
905,9050,9850,1.047160144204274e-25,0,,188,100
906,9060,9860,1.5879148555361085e-26,0,,187,100
907,9070,9870,2.9159792466067697e-29,0,,189,100
908,9080,9880,5.18994132706344e-31,0,,189,100
909,9090,9890,1.4503992062807e-28,0,,190,100
910,9100,9900,1.0014874253360178e-26,0,,191,100
911,9110,9910,8.046202349597396e-27,0,,192,100
912,9120,9920,4.408163141892572e-22,0,,192,100
913,9130,9930,7.053991251038757e-25,0,,190,100
914,9140,9940,1.1053516446016256e-22,0,,191,100
915,9150,9950,7.752736143286038e-30,0,,191,100
916,9160,9960,1.1851903217111306e-30,0,,190,100
917,9170,9970,5.1879211874857885e-33,0,,190,100
918,9180,9980,6.9963486111338515e-34,0,,190,100
919,9190,9990,2.2258973363700933e-34,0,,191,100
920,9200,10000,3.591141101322383e-36,0,,191,100
921,9210,10010,1.841408732031583e-35,0,,190,100
922,9220,10020,5.281606123679567e-40,0,,190,100
923,9230,10030,3.7511336664193033e-39,0,,190,100
924,9240,10040,4.1615830696118e-33,0,,190,100
925,9250,10050,3.213905233752809e-43,0,,188,100
926,9260,10060,3.2740066912861204e-45,0,,189,100
927,9270,10070,1.7250627369073309e-43,0,,188,100
928,9280,10080,1.7197295731878775e-49,0,,188,100
929,9290,10090,1.918035341107548e-50,0,,189,100
930,9300,10100,1.5566254534885114e-48,0,,190,100
931,9310,10110,4.466241172112625e-48,0,,191,100
932,9320,10120,2.0180691773911977e-47,0,,190,100
933,9330,10130,7.265623007394956e-51,0,,189,100
934,9340,10140,5.531811626000146e-49,0,,186,100
935,9350,10150,8.302439640084612e-49,0,,186,100
936,9360,10160,4.9183105708734404e-49,0,,186,100
937,9370,10170,1.957323497799406e-49,0,,188,100
938,9380,10180,1.462037753136154e-45,0,,187,100
939,9390,10190,5.04930889127252e-45,0,,189,100
940,9400,10200,2.5755486755859337e-42,0,,189,100
941,9410,10210,1.1584924400903148e-38,0,,188,100
942,9420,10220,1.191648135199884e-41,0,,189,100
943,9430,10230,8.955056114436654e-41,0,,188,100
944,9440,10240,1.4818840796014947e-36,0,,189,100
945,9450,10250,5.591529337195034e-38,0,,188,100
946,9460,10260,1.93588920260046e-34,0,,188,100
947,9470,10270,2.905480313789566e-34,0,,188,100
948,9480,10280,6.456088728337731e-34,0,,186,100
949,9490,10290,1.2545199885747499e-24,0,,187,100
950,9500,10300,2.415807189255377e-23,0,,186,100
951,9510,10310,4.6819896456514964e-21,0,,187,100
952,9520,10320,2.108465868007454e-18,0,,186,100
953,9530,10330,1.1302784022771901e-17,0,,185,100
954,9540,10340,2.3762867702771934e-26,0,,185,100
955,9550,10350,3.283125260433948e-35,0,,185,100
956,9560,10360,5.055368661556213e-35,0,,184,100
957,9570,10370,6.306163428404405e-29,0,,184,100
958,9580,10380,1.8133045915391647e-24,0,,183,100
959,9590,10390,1.7393003089315054e-26,0,,184,100
960,9600,10400,2.506138567290721e-33,0,,182,100
961,9610,10410,2.2431416390148936e-35,0,,184,100
962,9620,10420,6.710454319985665e-29,0,,183,100
963,9630,10430,1.3868603252283863e-36,0,,183,100
964,9640,10440,6.728315966378989e-38,0,,185,100
965,9650,10450,1.2122193144682571e-39,0,,183,100
966,9660,10460,1.3819113742164094e-40,0,,185,100
967,9670,10470,1.1768564792660473e-41,0,,185,100
968,9680,10480,2.040079811267611e-43,0,,184,100
969,9690,10490,2.072278742454081e-44,0,,185,100
970,9700,10500,5.717448245028571e-47,0,,186,100
971,9710,10510,3.8709725811653663e-47,0,,186,100
972,9720,10520,2.5985726088488902e-48,0,,186,100
973,9730,10530,8.408870621927542e-48,0,,185,100
974,9740,10540,1.6855909463278418e-51,0,,188,100
975,9750,10550,5.759371529508971e-56,0,,188,100
976,9760,10560,5.597861919789729e-53,0,,186,100
977,9770,10570,1.1308298633229908e-52,0,,188,100
978,9780,10580,1.905399908873018e-51,0,,187,100
979,9790,10590,1.630411965374582e-54,0,,187,100
980,9800,10600,6.650421631670185e-56,0,,186,100
981,9810,10610,4.592697328290941e-55,0,,187,100
982,9820,10620,9.731118740076696e-54,0,,186,100
983,9830,10630,4.3663123914587186e-52,0,,186,100
984,9840,10640,1.354527744877571e-54,0,,187,100
985,9850,10650,4.818073097044109e-54,0,,189,100
986,9860,10660,7.728047920101734e-54,0,,190,100
987,9870,10670,2.4800011822220456e-55,0,,188,100
988,9880,10680,2.7459548039573223e-53,0,,187,100
989,9890,10690,2.3411868611557434e-56,0,,185,100
990,9900,10700,8.072238833620385e-56,0,,185,100
991,9910,10710,1.0820426493226372e-58,0,,185,100
992,9920,10720,5.706707921419358e-59,0,,187,100
993,9930,10730,1.3176402361530442e-62,0,,186,100
994,9940,10740,1.5134795103512385e-62,0,,186,100
995,9950,10750,1.7837733882175238e-60,0,,186,100
996,9960,10760,1.5767052781686034e-54,0,,182,100
997,9970,10770,4.390889280871179e-52,0,,183,100
998,9980,10780,2.3488241544067753e-53,0,,182,100
999,9990,10790,4.24221910744729e-48,0,,184,100
1000,10000,10800,1.3547711295193115e-46,0,,181,100
1001,10010,10810,2.081773713791506e-52,0,,182,100
1002,10020,10820,4.547189599122895e-46,0,,180,100
1003,10030,10830,2.2028783661842688e-51,0,,183,100
1004,10040,10840,1.3905558128988062e-44,0,,181,100
1005,10050,10850,4.620244652013412e-43,0,,181,100
1006,10060,10860,9.94938553282686e-49,0,,181,100
1007,10070,10870,1.6969129118459764e-38,0,,183,100
1008,10080,10880,8.463907816257729e-33,0,,181,100
1009,10090,10890,9.391256626673974e-36,0,,180,100
1010,10100,10900,6.787212836702343e-33,0,,181,100
1011,10110,10910,2.949728751868494e-35,0,,181,100
1012,10120,10920,6.635844837881872e-32,0,,181,100
1013,10130,10930,1.3661436695584721e-33,0,,181,100
1014,10140,10940,6.012192798240592e-39,0,,182,100
1015,10150,10950,3.5304314303889724e-32,0,,184,100
1016,10160,10960,9.238457108828544e-32,0,,182,100
1017,10170,10970,1.0337641446796297e-31,0,,182,100
1018,10180,10980,3.0379311140019724e-35,0,,183,100
1019,10190,10990,1.27944719875323e-38,0,,182,100
1020,10200,11000,9.696257994953723e-36,0,,181,100
1021,10210,11010,4.50397351761016e-29,0,,180,100
1022,10220,11020,7.741286192238768e-30,0,,181,100
1023,10230,11030,1.6570363192697938e-25,0,,181,100
1024,10240,11040,5.618972363860555e-26,0,,179,100
1025,10250,11050,1.5899111531459577e-21,0,,180,100
1026,10260,11060,9.687949668391051e-22,0,,178,100
1027,10270,11070,5.50659841386414e-19,0,,178,100
1028,10280,11080,1.0578023264237253e-21,0,,179,100
1029,10290,11090,6.216417197422156e-20,0,,178,100
1030,10300,11100,4.9657409062634375e-28,0,,178,100
1031,10310,11110,3.017248674899557e-25,0,,177,100
1032,10320,11120,7.522981491916063e-30,0,,178,100
1033,10330,11130,1.250370384248809e-35,0,,177,100
1034,10340,11140,4.989220920138983e-25,0,,176,100
1035,10350,11150,1.7295177185804533e-19,0,,178,100
1036,10360,11160,1.4037057043612406e-21,0,,178,100
1037,10370,11170,4.7460878698231384e-21,0,,178,100
1038,10380,11180,2.31043207076077e-20,0,,179,100
1039,10390,11190,4.429433132126357e-20,0,,180,100
1040,10400,11200,3.08830594140761e-19,0,,180,100
1041,10410,11210,4.932841426593407e-21,0,,180,100
1042,10420,11220,9.366053234127273e-22,0,,181,100
1043,10430,11230,7.300973958530389e-21,0,,181,100
1044,10440,11240,2.741441718668538e-20,0,,184,100
1045,10450,11250,3.027928379079642e-21,0,,183,100
1046,10460,11260,1.0447546928086895e-20,0,,183,100
1047,10470,11270,1.1864075352041912e-19,0,,183,100
1048,10480,11280,5.316294440486336e-20,0,,187,100
1049,10490,11290,1.7249212566862338e-23,0,,188,100
1050,10500,11300,9.562329018609512e-23,0,,186,100
1051,10510,11310,8.087695779735696e-25,0,,189,100
1052,10520,11320,8.562196279535802e-20,0,,188,100
1053,10530,11330,6.462974868800035e-21,0,,186,100
1054,10540,11340,9.820888419270154e-51,0,,186,100
1055,10550,11350,1.5174148957446013e-51,0,,185,100
1056,10560,11360,2.6409509861232018e-52,0,,185,100
1057,10570,11370,3.433465171198408e-55,0,,185,100
1058,10580,11380,1.5775232191715018e-55,0,,186,100
1059,10590,11390,8.264052705372615e-55,0,,188,100
1060,10600,11400,4.8332841724073294e-59,0,,186,100
1061,10610,11410,8.072358000772671e-58,0,,186,100
1062,10620,11420,3.459387584431266e-57,0,,184,100
1063,10630,11430,3.3455655790656836e-60,0,,187,100
1064,10640,11440,3.4043692378994356e-57,0,,188,100
1065,10650,11450,1.8215502353227523e-55,0,,188,100
1066,10660,11460,1.2149620743757938e-56,0,,187,100
1067,10670,11470,5.8790299863393264e-58,0,,188,100
1068,10680,11480,1.1569555189170883e-53,0,,189,100
1069,10690,11490,5.72955776231489e-53,0,,188,100
1070,10700,11500,3.0842316236201048e-52,0,,187,100
1071,10710,11510,3.15962324566297e-53,0,,189,100
1072,10720,11520,5.749788348151609e-50,0,,189,100
1073,10730,11530,6.412337645313814e-51,0,,189,100
1074,10740,11540,1.4685278729090773e-47,0,,190,100
1075,10750,11550,1.063212365186894e-47,0,,190,100
1076,10760,11560,3.546729192215994e-45,0,,192,100
1077,10770,11570,1.2159999206958032e-45,0,,194,100
1078,10780,11580,1.0053119592988717e-46,0,,198,100
1079,10790,11590,3.277991864659237e-42,0,,198,100
1080,10800,11600,1.0942950564966377e-40,0,,197,100
1081,10810,11610,2.3570122284493534e-42,0,,197,100
1082,10820,11620,4.936986038125635e-44,0,,198,100
1083,10830,11630,3.901555796642634e-43,0,,198,100
1084,10840,11640,2.423248668567584e-49,0,,197,100
1085,10850,11650,2.916899062560906e-53,0,,198,100
1086,10860,11660,2.7840914168127357e-46,0,,197,100
1087,10870,11670,2.203630502245056e-45,0,,200,100
1088,10880,11680,4.093542913421797e-48,0,,199,100
1089,10890,11690,4.9035439768006676e-49,0,,198,100
1090,10900,11700,2.0879424383412576e-49,0,,199,100
1091,10910,11710,8.462067163053862e-52,0,,199,100
1092,10920,11720,5.7605538672746035e-53,0,,198,100
1093,10930,11730,4.2888802367752306e-51,0,,199,100
1094,10940,11740,7.728363377510296e-52,0,,199,100
1095,10950,11750,5.15004159218194e-50,0,,198,100
1096,10960,11760,4.9691323932384914e-48,0,,199,100
1097,10970,11770,6.021423924721619e-38,0,,200,100
1098,10980,11780,3.707044561850985e-40,0,,197,100
1099,10990,11790,1.5208920797905129e-41,0,,199,100
1100,11000,11800,6.432778104897559e-39,0,,200,100
1101,11010,11810,5.010180110078105e-39,0,,202,100
1102,11020,11820,4.794818406328451e-42,0,,202,100
1103,11030,11830,4.0389101004280184e-41,0,,204,100
1104,11040,11840,7.088627517506782e-35,0,,204,100
1105,11050,11850,5.600625713347554e-32,0,,204,100
1106,11060,11860,8.579322165289015e-34,0,,205,100
1107,11070,11870,1.7526567926092297e-35,0,,205,100
1108,11080,11880,1.3549607642931238e-25,0,,206,100
1109,11090,11890,2.452989407410046e-23,0,,205,100
1110,11100,11900,1.4680362238254025e-22,0,,206,100
1111,11110,11910,8.459608675558694e-21,0,,207,100
1112,11120,11920,3.732988048042891e-17,0,,205,100
1113,11130,11930,9.216069316664897e-16,0,,204,100
1114,11140,11940,1.1701521178403961e-15,0,,205,100
1115,11150,11950,5.364146128650894e-14,0,,205,100
1116,11160,11960,1.111818172077583e-15,0,,204,100
1117,11170,11970,1.0049253445742125e-15,0,,204,100
1118,11180,11980,1.907502457654489e-14,0,,206,100
1119,11190,11990,4.50745097348015e-13,0,,204,100
1120,11200,12000,2.6398360342964873e-12,0,,202,100
1121,11210,12010,1.4935245575837856e-10,0,,203,100
1122,11220,12020,1.8673270189781185e-11,0,,201,100
1123,11230,12030,6.365681907886286e-13,0,,201,100
1124,11240,12040,7.15524773598669e-12,0,,203,100
1125,11250,12050,9.862663973092396e-17,0,,201,100
1126,11260,12060,2.280754217182511e-17,0,,201,100
1127,11270,12070,5.241886353286313e-21,0,,200,100
1128,11280,12080,7.591152170915528e-23,0,,197,100
1129,11290,12090,4.2190043705790766e-27,0,,194,100
1130,11300,12100,6.660615427703664e-23,0,,194,100
1131,11310,12110,7.734811051256612e-22,0,,192,100
1132,11320,12120,6.421026195924073e-23,0,,194,100
1133,11330,12130,2.1633733998181616e-22,0,,193,100
1134,11340,12140,2.126462180134138e-20,0,,196,100
1135,11350,12150,4.685338644270427e-22,0,,196,100
1136,11360,12160,3.171177124868029e-22,0,,195,100
1137,11370,12170,7.397496547026363e-23,0,,194,100
1138,11380,12180,7.912899738155866e-27,0,,193,100
1139,11390,12190,4.464246554752348e-35,0,,193,100
1140,11400,12200,5.983252276693678e-34,0,,193,100
1141,11410,12210,8.018284591538526e-53,0,,194,100
1142,11420,12220,3.19266908565261e-58,0,,194,100
1143,11430,12230,1.957097527256881e-54,0,,191,100
1144,11440,12240,1.9055352097409846e-57,0,,189,100
1145,11450,12250,5.500639107410748e-57,0,,190,100
1146,11460,12260,1.1428309362822202e-56,0,,192,100
1147,11470,12270,1.263035294020314e-50,0,,191,100
1148,11480,12280,1.9298529368832718e-53,0,,191,100
1149,11490,12290,6.185101624374306e-52,0,,193,100
1150,11500,12300,1.2771371970820858e-50,0,,192,100
1151,11510,12310,1.025381251893802e-50,0,,191,100
1152,11520,12320,1.686516447910753e-50,0,,190,100
1153,11530,12330,7.318037297256862e-49,0,,191,100
1154,11540,12340,2.0811813209865678e-48,0,,191,100
1155,11550,12350,7.967961495397281e-47,0,,190,100
1156,11560,12360,1.9443542085670872e-40,0,,188,100
1157,11570,12370,1.395997301016814e-35,0,,186,100
1158,11580,12380,4.0534460057810476e-32,0,,183,100
1159,11590,12390,3.8632638940310395e-32,0,,183,100
1160,11600,12400,7.540473963836086e-32,0,,185,100
1161,11610,12410,6.660570799905357e-28,0,,184,100
1162,11620,12420,1.1378896955037625e-26,0,,184,100
1163,11630,12430,1.9640547088916435e-25,0,,185,100
1164,11640,12440,6.885361707029453e-20,0,,185,100
1165,11650,12450,1.720726320527847e-19,0,,185,100
1166,11660,12460,6.1312114372912564e-18,0,,184,100
1167,11670,12470,7.065962192979188e-19,0,,186,100
1168,11680,12480,6.589974499358988e-12,0,,184,100
1169,11690,12490,4.311929435203441e-09,0,,183,100
1170,11700,12500,4.245985702876459e-07,0,,183,100
1171,11710,12510,1.4896573542919818e-05,0,,184,100
1172,11720,12520,2.6478232479570526e-05,0,,185,100
1173,11730,12530,2.0664564830048565e-05,0,,185,100
1174,11740,12540,8.779386036425784e-06,0,,184,100
1175,11750,12550,1.4877149441707995e-05,0,,184,100
1176,11760,12560,8.671299143076178e-07,0,,183,100
1177,11770,12570,1.1729154140690176e-06,0,,184,100
1178,11780,12580,5.7111979400799e-10,0,,184,100
1179,11790,12590,2.8692722487683382e-12,0,,184,100
1180,11800,12600,1.7108045101796454e-11,0,,182,100
1181,11810,12610,3.345259850469489e-10,0,,181,100
1182,11820,12620,2.4718485289081648e-09,0,,178,100
1183,11830,12630,1.8927062441713287e-09,0,,178,100
1184,11840,12640,1.359908025804814e-08,0,,178,100
1185,11850,12650,3.0898262535112278e-09,0,,179,100
1186,11860,12660,8.049369416935591e-11,0,,179,100
1187,11870,12670,1.641383298547734e-13,0,,179,100
1188,11880,12680,1.1144170759500906e-11,0,,179,100
1189,11890,12690,5.451236399708792e-19,0,,180,100
1190,11900,12700,2.625563579886972e-22,0,,179,100
1191,11910,12710,1.5254239395402003e-24,0,,179,100
1192,11920,12720,1.269779895293341e-25,0,,178,100
1193,11930,12730,5.975550611183827e-29,0,,180,100
1194,11940,12740,1.438956142088633e-30,0,,181,100
1195,11950,12750,4.414284168852209e-35,0,,178,100
1196,11960,12760,1.0322831123626108e-31,0,,179,100
1197,11970,12770,9.655667864315828e-34,0,,176,100
1198,11980,12780,1.110680326630278e-25,0,,176,100
1199,11990,12790,8.229088204526275e-27,0,,177,100
1200,12000,12800,1.8140471801329834e-24,0,,177,100
1201,12010,12810,2.547635470507948e-24,0,,179,100
1202,12020,12820,8.530590044072745e-22,0,,178,100
1203,12030,12830,6.114495869142818e-21,0,,177,100
1204,12040,12840,3.2140907571387853e-20,0,,178,100
1205,12050,12850,1.884867605534191e-16,0,,178,100
1206,12060,12860,7.683161846988479e-17,0,,180,100
1207,12070,12870,8.959523053724835e-15,0,,180,100
1208,12080,12880,2.3576660418670573e-13,0,,181,100
1209,12090,12890,1.2045079550166404e-13,0,,183,100
1210,12100,12900,1.1197211645607124e-12,0,,181,100
1211,12110,12910,1.6678883803654846e-12,0,,180,100
1212,12120,12920,9.451662700117746e-12,0,,182,100
1213,12130,12930,1.774141102121335e-10,0,,182,100
1214,12140,12940,4.5347811054221894e-08,0,,181,100
1215,12150,12950,4.027434927958797e-07,0,,180,100
1216,12160,12960,1.1971842515249872e-07,0,,182,100
1217,12170,12970,1.9458993207057022e-07,0,,184,100
1218,12180,12980,1.4993643998897548e-08,0,,180,100
1219,12190,12990,2.1886704358671796e-10,0,,182,100
1220,12200,13000,3.1433532603165163e-10,0,,183,100
1221,12210,13010,3.204060308213084e-11,0,,183,100
1222,12220,13020,4.2835696329242076e-15,0,,184,100
1223,12230,13030,9.401577230550255e-16,0,,184,100
1224,12240,13040,3.2503196613242093e-13,0,,183,100
1225,12250,13050,9.956251576140477e-14,0,,182,100
1226,12260,13060,2.3764313858931586e-13,0,,181,100
1227,12270,13070,8.493778152943845e-19,0,,180,100
1228,12280,13080,1.4084609110019527e-47,0,,180,100
1229,12290,13090,5.85746633428351e-48,0,,180,100
1230,12300,13100,3.543894637440453e-47,0,,182,100
1231,12310,13110,6.459995319044927e-47,0,,181,100
1232,12320,13120,8.776458139020032e-45,0,,182,100
1233,12330,13130,7.725792018851834e-48,0,,181,100
1234,12340,13140,2.763945103869572e-48,0,,183,100
1235,12350,13150,2.471453291868556e-46,0,,183,100
1236,12360,13160,9.758419480659773e-50,0,,182,100
1237,12370,13170,1.0056028610705615e-48,0,,183,100
1238,12380,13180,1.027767652418003e-48,0,,183,100
1239,12390,13190,3.57067813201222e-48,0,,184,100
1240,12400,13200,4.4627946880479343e-48,0,,185,100
1241,12410,13210,4.2131034374563566e-47,0,,187,100
1242,12420,13220,3.9860312483467e-44,0,,186,100
1243,12430,13230,5.020306135877524e-46,0,,184,100
1244,12440,13240,7.123683362877791e-50,0,,183,100
1245,12450,13250,5.7218235712902045e-52,0,,184,100
1246,12460,13260,5.971665620786561e-57,0,,182,100
1247,12470,13270,3.8629679504884817e-57,0,,185,100
1248,12480,13280,7.684547295754212e-55,0,,185,100
1249,12490,13290,1.5912142875409933e-54,0,,186,100
1250,12500,13300,7.606006899918821e-53,0,,184,100
1251,12510,13310,2.9082383414278863e-49,0,,184,100
1252,12520,13320,4.067502975299502e-49,0,,184,100
1253,12530,13330,1.061354672628963e-49,0,,184,100
1254,12540,13340,1.0210280473819417e-51,0,,182,100
1255,12550,13350,7.854059699761632e-52,0,,183,100
1256,12560,13360,1.1679811920574975e-51,0,,183,100
1257,12570,13370,1.0119177499630878e-51,0,,186,100
1258,12580,13380,1.1509892119728981e-51,0,,183,100
1259,12590,13390,1.2591075948145114e-50,0,,184,100
1260,12600,13400,6.955756899769587e-51,0,,183,100
1261,12610,13410,4.423055956573416e-52,0,,183,100
1262,12620,13420,5.896212607759488e-53,0,,182,100
1263,12630,13430,1.6032935167482465e-54,0,,184,100
1264,12640,13440,1.4155447495060191e-53,0,,184,100
1265,12650,13450,8.503976442287962e-55,0,,186,100
1266,12660,13460,1.5258172931772573e-50,0,,190,100
1267,12670,13470,1.3257939620674838e-44,0,,188,100
1268,12680,13480,1.6023244939011466e-43,0,,188,100
1269,12690,13490,1.0419419013695078e-42,0,,190,100
1270,12700,13500,3.5877219743354983e-45,0,,190,100
1271,12710,13510,2.083842342651559e-45,0,,190,100
1272,12720,13520,5.4118976408843566e-46,0,,191,100
1273,12730,13530,7.921644733539127e-47,0,,191,100
1274,12740,13540,1.1302146461121589e-46,0,,192,100
1275,12750,13550,8.856244073260803e-48,0,,189,100
1276,12760,13560,2.376543942165817e-51,0,,190,100
1277,12770,13570,2.898551602467576e-49,0,,189,100
1278,12780,13580,4.0763538525874144e-50,0,,189,100
1279,12790,13590,1.092467162968419e-51,0,,188,100
1280,12800,13600,1.225762363137542e-51,0,,188,100
1281,12810,13610,2.2362405670712892e-52,0,,186,100
1282,12820,13620,4.170306472037149e-55,0,,188,100
1283,12830,13630,5.733367393314408e-57,0,,187,100
1284,12840,13640,2.296916373639073e-57,0,,187,100
1285,12850,13650,1.7390374346872058e-56,0,,187,100
1286,12860,13660,1.8383678463732722e-52,0,,186,100
1287,12870,13670,7.734206716005115e-53,0,,187,100
1288,12880,13680,1.3692483672114722e-57,0,,186,100
1289,12890,13690,1.2832690525093847e-61,0,,185,100
1290,12900,13700,1.2613036759162252e-62,0,,186,100
1291,12910,13710,2.88977074075532e-60,0,,186,100
1292,12920,13720,2.4243853908929208e-57,0,,184,100
1293,12930,13730,5.872564566770433e-57,0,,185,100
1294,12940,13740,9.679772331168397e-56,0,,187,100
1295,12950,13750,3.36613134531675e-61,0,,186,100
1296,12960,13760,1.6581673049003198e-61,0,,187,100
1297,12970,13770,5.321695733095954e-55,0,,188,100
1298,12980,13780,1.801312538932105e-52,0,,189,100
1299,12990,13790,1.458111169955432e-51,0,,187,100
1300,13000,13800,3.1358819064974574e-55,0,,186,100
1301,13010,13810,1.096880296946147e-47,0,,188,100
1302,13020,13820,4.603532117082217e-44,0,,185,100
1303,13030,13830,1.7206463300194027e-53,0,,186,100
1304,13040,13840,1.97528363967187e-49,0,,186,100
1305,13050,13850,5.251721052104428e-46,0,,187,100
1306,13060,13860,2.0399466814366004e-43,0,,188,100
1307,13070,13870,1.744116904786094e-47,0,,187,100
1308,13080,13880,2.7916599408675e-47,0,,186,100
1309,13090,13890,3.6368021288718716e-43,0,,187,100
1310,13100,13900,6.588320606687062e-39,0,,186,100
1311,13110,13910,1.761310151851614e-36,0,,186,100
1312,13120,13920,4.899779254699333e-37,0,,186,100
1313,13130,13930,2.0911421282985414e-35,0,,187,100
1314,13140,13940,7.727661513916757e-34,0,,187,100
1315,13150,13950,7.872549251128494e-33,0,,185,100
1316,13160,13960,4.5837162723428376e-24,0,,185,100
1317,13170,13970,7.295107163542943e-28,0,,182,100
1318,13180,13980,3.296142743265993e-27,0,,183,100
1319,13190,13990,6.132126411845147e-28,0,,184,100
1320,13200,14000,9.026782650454574e-26,0,,184,100
1321,13210,14010,9.834416863388666e-18,0,,185,100
1322,13220,14020,2.0372996938892257e-15,0,,185,100
1323,13230,14030,4.882515237223745e-15,0,,186,100
1324,13240,14040,1.4250237791104822e-16,0,,186,100
1325,13250,14050,7.129805146021063e-13,0,,184,100
1326,13260,14060,3.727018004121252e-14,0,,186,100
1327,13270,14070,5.034733112130905e-18,0,,187,100
1328,13280,14080,5.701532983852714e-18,0,,185,100
1329,13290,14090,9.389758856347338e-17,0,,185,100
1330,13300,14100,8.371866378510383e-17,0,,184,100
1331,13310,14110,7.109375165885763e-16,0,,186,100
1332,13320,14120,7.8187967411947e-17,0,,185,100
1333,13330,14130,1.040930861110153e-16,0,,187,100
1334,13340,14140,5.620701940712259e-14,0,,188,100
1335,13350,14150,1.314032250747031e-16,0,,187,100
1336,13360,14160,3.4971108142988336e-17,0,,186,100
1337,13370,14170,2.864735580471602e-19,0,,185,100
1338,13380,14180,1.8661451804024562e-24,0,,187,100
1339,13390,14190,1.8112466972932847e-17,0,,189,100
1340,13400,14200,5.501564435139802e-21,0,,189,100
1341,13410,14210,1.1339093116390795e-20,0,,189,100
1342,13420,14220,1.0825515753520317e-24,0,,187,100
1343,13430,14230,2.872316707154177e-52,0,,187,100
1344,13440,14240,2.550552389429649e-49,0,,186,100
1345,13450,14250,8.252053989696202e-50,0,,184,100
1346,13460,14260,3.885642544325562e-46,0,,181,100
1347,13470,14270,6.223642279714578e-48,0,,183,100
1348,13480,14280,3.5095145717244224e-46,0,,181,100
1349,13490,14290,6.130339527065991e-44,0,,181,100
1350,13500,14300,2.808179810776449e-47,0,,180,100
1351,13510,14310,4.6507671822462036e-42,0,,181,100
1352,13520,14320,1.4473832547882138e-26,0,,179,100
1353,13530,14330,2.7119243601874784e-30,0,,179,100
1354,13540,14340,8.500150733640937e-34,0,,180,100
1355,13550,14350,1.4802124309323204e-33,0,,179,100
1356,13560,14360,1.2862371153171852e-32,0,,181,100
1357,13570,14370,6.458587892646329e-26,0,,180,100
1358,13580,14380,2.1330632739221398e-36,0,,181,100
1359,13590,14390,1.9264588671180928e-38,0,,180,100
1360,13600,14400,6.460919250180469e-42,0,,180,100
1361,13610,14410,5.645709803784646e-37,0,,183,100
1362,13620,14420,2.2915962269011253e-31,0,,183,100
1363,13630,14430,2.9392890645302313e-36,0,,181,100
1364,13640,14440,3.370099792808248e-42,0,,182,100
1365,13650,14450,1.1458148026816467e-45,0,,183,100
1366,13660,14460,1.78794030175016e-44,0,,182,100
1367,13670,14470,1.3681557773360225e-40,0,,181,100
1368,13680,14480,1.6522686947217334e-40,0,,184,100
1369,13690,14490,3.3973588565682415e-40,0,,183,100
1370,13700,14500,7.076537257340465e-39,0,,183,100
1371,13710,14510,4.170037421867795e-42,0,,181,100
1372,13720,14520,5.840189114644883e-41,0,,182,100
1373,13730,14530,5.902756045620187e-38,0,,183,100
1374,13740,14540,8.349555697901077e-38,0,,180,100
1375,13750,14550,8.436699080267307e-37,0,,181,100
1376,13760,14560,3.6826729921310936e-36,0,,182,100
1377,13770,14570,1.3726797917151182e-33,0,,181,100
1378,13780,14580,1.42729834951674e-31,0,,182,100
1379,13790,14590,9.023104308514613e-42,0,,183,100
1380,13800,14600,1.1839859668685382e-52,0,,182,100
1381,13810,14610,5.107716856335235e-50,0,,181,100
1382,13820,14620,8.840403440822795e-49,0,,181,100
1383,13830,14630,6.081043419497402e-50,0,,182,100
1384,13840,14640,3.711012233792318e-50,0,,182,100
1385,13850,14650,6.625085192267512e-49,0,,182,100
1386,13860,14660,1.1953716794013877e-46,0,,182,100
1387,13870,14670,1.6495509637647847e-46,0,,183,100
1388,13880,14680,2.7228027065236506e-41,0,,182,100
1389,13890,14690,1.493683085047406e-38,0,,182,100
1390,13900,14700,3.9883331119014136e-38,0,,183,100
1391,13910,14710,2.8165275926267745e-36,0,,183,100
1392,13920,14720,8.355858921981002e-38,0,,184,100
1393,13930,14730,1.5597442859260763e-37,0,,182,100
1394,13940,14740,4.763676338484024e-40,0,,182,100
1395,13950,14750,3.473471688443194e-42,0,,184,100
1396,13960,14760,3.628070849195945e-41,0,,183,100
1397,13970,14770,1.0924003226512716e-38,0,,183,100
1398,13980,14780,3.997149657243383e-39,0,,183,100
1399,13990,14790,1.7808658580909398e-43,0,,184,100
1400,14000,14800,1.3929713951541921e-42,0,,183,100
1401,14010,14810,1.2090935803836232e-40,0,,182,100
1402,14020,14820,2.9907236544200293e-41,0,,183,100
1403,14030,14830,3.500914382201763e-40,0,,181,100
1404,14040,14840,1.8306671961250478e-41,0,,183,100
1405,14050,14850,8.145151869525587e-40,0,,184,100
1406,14060,14860,2.5266794134123123e-42,0,,184,100
1407,14070,14870,5.47529763097621e-43,0,,184,100
1408,14080,14880,5.900835169954603e-44,0,,185,100
1409,14090,14890,6.886580618263964e-47,0,,183,100
1410,14100,14900,3.4152463890393632e-50,0,,182,100
1411,14110,14910,9.9777533816649e-53,0,,181,100
1412,14120,14920,3.786091317727072e-51,0,,181,100
1413,14130,14930,5.129758056793981e-53,0,,181,100
1414,14140,14940,5.453637938925043e-57,0,,180,100
1415,14150,14950,6.0344705372502186e-58,0,,181,100
1416,14160,14960,2.5544382691652155e-58,0,,183,100
1417,14170,14970,1.4350307250849174e-59,0,,182,100
1418,14180,14980,4.734444916116531e-62,0,,181,100
1419,14190,14990,3.6433213246071646e-64,0,,181,100
1420,14200,15000,2.2370300685951e-64,0,,184,100
1421,14210,15010,2.979482908962873e-66,0,,184,100
1422,14220,15020,4.171297872862559e-65,0,,184,100
1423,14230,15030,1.0652254451219502e-67,0,,186,100
1424,14240,15040,1.5575225172317823e-70,0,,185,100
1425,14250,15050,3.2361780246006544e-71,0,,186,100
1426,14260,15060,1.2180778273801812e-72,0,,184,100
1427,14270,15070,2.4092030959454587e-72,0,,183,100
1428,14280,15080,8.206912771855372e-74,0,,184,100
1429,14290,15090,2.86314382009558e-78,0,,183,100
1430,14300,15100,2.857472707798774e-74,0,,183,100
1431,14310,15110,2.698718929645747e-67,0,,182,100
1432,14320,15120,7.68226712042943e-69,0,,182,100
1433,14330,15130,1.2089747211979166e-67,0,,182,100
1434,14340,15140,1.1174092270394976e-66,0,,181,100
1435,14350,15150,1.8219937494913459e-65,0,,182,100
1436,14360,15160,1.9876799711055585e-65,0,,184,100
1437,14370,15170,6.796240677585986e-61,0,,184,100
1438,14380,15180,3.0441170125184253e-61,0,,183,100
1439,14390,15190,4.214050498240794e-59,0,,184,100
1440,14400,15200,7.941561762294403e-63,0,,184,100
1441,14410,15210,1.2525014376168503e-63,0,,180,100
1442,14420,15220,1.8178776549615999e-62,0,,181,100
1443,14430,15230,2.2491841656395638e-60,0,,181,100
1444,14440,15240,4.253870172356296e-59,0,,179,100
1445,14450,15250,8.213016655083744e-56,0,,179,100
1446,14460,15260,2.165203617413492e-54,0,,181,100
1447,14470,15270,2.7391551700964073e-52,0,,183,100
1448,14480,15280,1.569307578097716e-47,0,,181,100
1449,14490,15290,3.718335369577717e-49,0,,182,100
1450,14500,15300,2.438215466821984e-53,0,,183,100
1451,14510,15310,3.227425997140522e-54,0,,182,100
1452,14520,15320,1.406016400945467e-50,0,,182,100
1453,14530,15330,9.84346290436931e-51,0,,183,100
1454,14540,15340,3.5098550145101126e-51,0,,185,100
1455,14550,15350,1.3628068388360426e-47,0,,181,100
1456,14560,15360,5.1816428609791774e-51,0,,180,100
1457,14570,15370,2.4704173267104515e-49,0,,180,100
1458,14580,15380,2.9397445121789e-50,0,,182,100
1459,14590,15390,7.551249874375811e-48,0,,181,100
1460,14600,15400,1.4069954294719435e-48,0,,180,100
1461,14610,15410,3.9480613400437054e-48,0,,180,100
1462,14620,15420,1.2332640499299414e-48,0,,180,100
1463,14630,15430,1.5568865921657948e-47,0,,179,100
1464,14640,15440,9.124404866996408e-51,0,,181,100
1465,14650,15450,2.85710466668074e-45,0,,182,100
1466,14660,15460,6.4138102928224344e-52,0,,181,100
1467,14670,15470,9.446428550991317e-52,0,,179,100
1468,14680,15480,2.6039557096843133e-51,0,,180,100
1469,14690,15490,2.1104389992703188e-54,0,,179,100
1470,14700,15500,3.0641376494521355e-48,0,,180,100
1471,14710,15510,4.24323371248514e-48,0,,180,100
1472,14720,15520,3.1723806183856645e-47,0,,180,100
1473,14730,15530,4.6287733221390944e-49,0,,180,100
1474,14740,15540,1.2639318902920864e-51,0,,180,100
1475,14750,15550,1.731417574502008e-52,0,,180,100
1476,14760,15560,5.355408210007334e-51,0,,181,100
1477,14770,15570,1.4826496787317065e-53,0,,182,100
1478,14780,15580,1.1964246518205276e-56,0,,178,100
1479,14790,15590,1.8436309208154753e-57,0,,178,100
1480,14800,15600,5.884859464942177e-61,0,,179,100
1481,14810,15610,4.438288238314565e-64,0,,179,100
1482,14820,15620,1.7042802105356704e-63,0,,178,100
1483,14830,15630,9.569073460113836e-62,0,,180,100
1484,14840,15640,2.5750944012382607e-62,0,,178,100
1485,14850,15650,2.808523924842089e-56,0,,178,100
1486,14860,15660,5.61074644341077e-54,0,,176,100
1487,14870,15670,7.388118712332059e-50,0,,175,100
1488,14880,15680,2.804179178726823e-50,0,,176,100
1489,14890,15690,1.0048567758102813e-49,0,,177,100
1490,14900,15700,2.0526487918542908e-47,0,,178,100
1491,14910,15710,2.5382832027183115e-44,0,,178,100
1492,14920,15720,7.715728038056916e-42,0,,179,100
1493,14930,15730,9.011290293900806e-42,0,,179,100
1494,14940,15740,2.546784922890659e-37,0,,178,100
1495,14950,15750,2.8726801475745536e-36,0,,178,100
1496,14960,15760,1.2450966136680937e-29,0,,178,100
1497,14970,15770,6.556795566508973e-22,0,,177,100
1498,14980,15780,9.602260221777067e-19,0,,177,100
1499,14990,15790,1.3614306719069355e-15,0,,175,100
1500,15000,15800,3.268800454901671e-17,0,,174,100
1501,15010,15810,1.0079942954127449e-17,0,,174,100
1502,15020,15820,1.1532695254351155e-16,0,,173,100
1503,15030,15830,7.247188481838102e-14,0,,171,100
1504,15040,15840,3.946581881778093e-14,0,,172,100
1505,15050,15850,3.2513114489260573e-13,0,,174,100
1506,15060,15860,1.482443974345927e-14,0,,174,100
1507,15070,15870,3.4586072029664856e-16,0,,172,100
1508,15080,15880,3.0199256997720894e-14,0,,172,100
1509,15090,15890,2.9932702184039934e-14,0,,174,100
1510,15100,15900,1.4942793442887435e-14,0,,176,100
1511,15110,15910,3.197330137394766e-14,0,,174,100
1512,15120,15920,2.3787630472074598e-14,0,,175,100
1513,15130,15930,2.1484875484769052e-14,0,,177,100
1514,15140,15940,2.2369549755048437e-13,0,,175,100
1515,15150,15950,1.0499786595263357e-17,0,,175,100
1516,15160,15960,3.1931728962623695e-18,0,,174,100
1517,15170,15970,2.6230613165568436e-16,0,,175,100
1518,15180,15980,2.1105584904914953e-23,0,,175,100
1519,15190,15990,5.122609997886744e-48,0,,174,100
1520,15200,16000,3.7955212631203165e-49,0,,175,100
1521,15210,16010,3.195467398468505e-53,0,,176,100
1522,15220,16020,9.073357813338767e-55,0,,176,100
1523,15230,16030,8.254795987130152e-57,0,,176,100
1524,15240,16040,5.730268573531806e-59,0,,178,100
1525,15250,16050,5.53391399181234e-59,0,,178,100
1526,15260,16060,1.0789303919517334e-53,0,,176,100
1527,15270,16070,8.97596599069666e-57,0,,176,100
1528,15280,16080,6.21443062802866e-59,0,,175,100
1529,15290,16090,4.7414070935849645e-59,0,,177,100
1530,15300,16100,1.882290520283039e-58,0,,177,100
1531,15310,16110,3.290599133171322e-60,0,,175,100
1532,15320,16120,4.57468992693387e-64,0,,177,100
1533,15330,16130,7.07807958672927e-64,0,,176,100
1534,15340,16140,1.0907015119612019e-64,0,,177,100
1535,15350,16150,8.34211754078624e-62,0,,176,100
1536,15360,16160,9.585630290820967e-61,0,,177,100
1537,15370,16170,8.284205113343043e-58,0,,178,100
1538,15380,16180,3.2932877122582775e-54,0,,177,100
1539,15390,16190,2.1832821795822312e-54,0,,179,100
1540,15400,16200,2.2935653978303862e-48,0,,179,100
1541,15410,16210,4.269672370136518e-45,0,,179,100
1542,15420,16220,1.5737401475597864e-42,0,,180,100
1543,15430,16230,1.1455101707535572e-40,0,,179,100
1544,15440,16240,1.0463963352184494e-32,0,,179,100
1545,15450,16250,1.5380784929304486e-29,0,,180,100
1546,15460,16260,2.6431664211327388e-24,0,,179,100
1547,15470,16270,1.2574493433007486e-26,0,,178,100
1548,15480,16280,4.5921519509960417e-26,0,,178,100
1549,15490,16290,8.581505430874296e-27,0,,178,100
1550,15500,16300,2.7390840698100633e-23,0,,176,100
1551,15510,16310,2.731107963026862e-18,0,,177,100
1552,15520,16320,2.1797352851501946e-15,0,,177,100
1553,15530,16330,1.149369747869197e-10,0,,177,100
1554,15540,16340,2.0637586425554534e-09,0,,176,100
1555,15550,16350,1.2455084947100426e-09,0,,178,100
1556,15560,16360,4.998963917217342e-08,0,,177,100
1557,15570,16370,4.834353179933351e-08,0,,179,100
1558,15580,16380,3.449092143844052e-08,0,,179,100
1559,15590,16390,3.578815071688974e-07,0,,179,100
1560,15600,16400,6.231516889598779e-08,0,,180,100
1561,15610,16410,9.50436768134665e-09,0,,179,100
1562,15620,16420,9.439592817438992e-09,0,,179,100
1563,15630,16430,3.946523632680283e-08,0,,180,100
1564,15640,16440,9.551524182991854e-09,0,,179,100
1565,15650,16450,1.193642217490149e-09,0,,182,100
1566,15660,16460,5.934963640162423e-10,0,,181,100
1567,15670,16470,4.89978784852059e-09,0,,181,100
1568,15680,16480,5.94393285346959e-09,0,,181,100
1569,15690,16490,6.13372152794094e-09,0,,182,100
1570,15700,16500,1.1268388009513944e-07,0,,182,100
1571,15710,16510,6.434867338018389e-09,0,,184,100
1572,15720,16520,1.7124519041368618e-09,0,,184,100
1573,15730,16530,3.4713836959556356e-10,0,,182,100
1574,15740,16540,4.720473879884699e-13,0,,186,100
1575,15750,16550,9.886170880894428e-11,0,,185,100
1576,15760,16560,2.0722434556637106e-08,0,,186,100
1577,15770,16570,8.136973465203729e-08,0,,187,100
1578,15780,16580,1.0663307916152283e-09,0,,186,100
1579,15790,16590,3.8730492898739645e-10,0,,189,100
1580,15800,16600,8.620308491164238e-09,0,,189,100
1581,15810,16610,1.814848304143701e-12,0,,190,100
1582,15820,16620,7.947266100903221e-13,0,,189,100
1583,15830,16630,8.023390193942573e-11,0,,190,100
1584,15840,16640,1.8155683175302118e-13,0,,189,100
1585,15850,16650,1.6441350641993796e-14,0,,190,100
1586,15860,16660,1.8956804369823656e-14,0,,191,100
1587,15870,16670,5.4737220534028835e-14,0,,188,100
1588,15880,16680,2.704992491908897e-15,0,,190,100
1589,15890,16690,4.016650564484052e-14,0,,189,100
1590,15900,16700,1.0948852773889161e-15,0,,191,100
1591,15910,16710,3.83300688661075e-16,0,,191,100
1592,15920,16720,1.0772273342422141e-15,0,,190,100
1593,15930,16730,1.6293519691380476e-15,0,,191,100
1594,15940,16740,3.786983196633775e-16,0,,190,100
1595,15950,16750,4.654398285729402e-25,0,,190,100
1596,15960,16760,8.348257865602995e-21,0,,191,100
1597,15970,16770,2.1185156253961337e-41,0,,190,100
1598,15980,16780,2.3581320902970837e-41,0,,191,100
1599,15990,16790,2.7727625227382424e-42,0,,191,100
1600,16000,16800,1.6288695741612788e-47,0,,192,100
1601,16010,16810,1.2171383520980124e-46,0,,191,100
1602,16020,16820,3.2276146253050174e-48,0,,190,100
1603,16030,16830,6.887570265914e-46,0,,193,100
1604,16040,16840,2.0263897542529564e-44,0,,194,100
1605,16050,16850,1.6553958998221073e-41,0,,193,100
1606,16060,16860,5.430897441204204e-38,0,,192,100
1607,16070,16870,2.797249204071791e-35,0,,191,100
1608,16080,16880,5.16479903265934e-35,0,,191,100
1609,16090,16890,3.296334978094894e-32,0,,188,100
1610,16100,16900,6.00429461042195e-34,0,,190,100
1611,16110,16910,2.0502306817651154e-29,0,,190,100
1612,16120,16920,1.5019763397522844e-27,0,,190,100
1613,16130,16930,6.398348029623851e-29,0,,187,100
1614,16140,16940,7.272094050981958e-29,0,,186,100
1615,16150,16950,2.4218071785334454e-32,0,,186,100
1616,16160,16960,1.3925247773497143e-30,0,,187,100
1617,16170,16970,1.1856869039977119e-29,0,,187,100
1618,16180,16980,9.478505098146606e-33,0,,189,100
1619,16190,16990,2.1584174360668628e-35,0,,188,100
1620,16200,17000,4.364099652647889e-36,0,,187,100
1621,16210,17010,6.342187321442918e-33,0,,186,100
1622,16220,17020,1.2861157057332209e-33,0,,185,100
1623,16230,17030,5.118714778485613e-34,0,,186,100
1624,16240,17040,7.066977826009879e-35,0,,186,100
1625,16250,17050,3.0440682062029144e-45,0,,186,100
1626,16260,17060,1.9978869258777543e-43,0,,188,100
1627,16270,17070,1.0231148034901409e-42,0,,187,100
1628,16280,17080,2.131516143103143e-43,0,,187,100
1629,16290,17090,1.978415992830673e-43,0,,187,100
1630,16300,17100,3.41405077084003e-42,0,,188,100
1631,16310,17110,6.840562819878755e-37,0,,188,100
1632,16320,17120,4.310223663176327e-40,0,,190,100
1633,16330,17130,2.680829343482005e-40,0,,191,100
1634,16340,17140,1.3965130038884778e-37,0,,191,100
1635,16350,17150,4.409347652849642e-37,0,,190,100
1636,16360,17160,2.031260353252188e-36,0,,190,100
1637,16370,17170,3.791122031441184e-34,0,,192,100
1638,16380,17180,2.3123675031469383e-25,0,,189,100
1639,16390,17190,6.087389711894061e-23,0,,191,100
1640,16400,17200,5.277820080824191e-26,0,,191,100
1641,16410,17210,1.0112237983261249e-26,0,,194,100
1642,16420,17220,7.758528895813283e-28,0,,193,100
1643,16430,17230,3.448240739626561e-26,0,,191,100
1644,16440,17240,2.7821411455686115e-28,0,,192,100
1645,16450,17250,2.0436100343333863e-25,0,,190,100
1646,16460,17260,1.4117650251370648e-25,0,,190,100
1647,16470,17270,2.441479770935305e-22,0,,190,100
1648,16480,17280,2.3180945368225243e-24,0,,190,100
1649,16490,17290,1.1381367560526446e-22,0,,187,100
1650,16500,17300,2.8965176308346904e-24,0,,187,100
1651,16510,17310,1.841609881213308e-23,0,,187,100
1652,16520,17320,3.494556119783853e-20,0,,187,100
1653,16530,17330,3.545827232472993e-14,0,,186,100
1654,16540,17340,7.186128244139514e-16,0,,185,100
1655,16550,17350,1.0297887714949217e-13,0,,185,100
1656,16560,17360,1.457254100723326e-14,0,,184,100
1657,16570,17370,8.808175461696547e-15,0,,183,100
1658,16580,17380,8.333284015105015e-15,0,,184,100
1659,16590,17390,1.2154471878590554e-12,0,,183,100
1660,16600,17400,1.8948503571802322e-13,0,,180,100
1661,16610,17410,4.158395346677385e-14,0,,182,100
1662,16620,17420,4.361124611238597e-12,0,,183,100
1663,16630,17430,1.5934839775219552e-12,0,,183,100
1664,16640,17440,7.364380961166932e-12,0,,182,100
1665,16650,17450,2.687114324664852e-13,0,,181,100
1666,16660,17460,2.4489221923226455e-10,0,,183,100
1667,16670,17470,9.930905472708568e-10,0,,182,100
1668,16680,17480,9.652619203243103e-11,0,,183,100
1669,16690,17490,6.843291498033395e-13,0,,182,100
1670,16700,17500,2.3466561184171977e-22,0,,182,100
1671,16710,17510,3.3894180436568865e-14,0,,182,100
1672,16720,17520,9.38377335403853e-48,0,,182,100
1673,16730,17530,3.93235119008721e-48,0,,184,100
1674,16740,17540,1.1944682894495934e-42,0,,182,100
1675,16750,17550,5.313690869179392e-36,0,,183,100
1676,16760,17560,4.3594834755051984e-38,0,,183,100
1677,16770,17570,1.592146624596298e-38,0,,184,100
1678,16780,17580,4.961124786311191e-35,0,,183,100
1679,16790,17590,1.1987590879650074e-34,0,,184,100
1680,16800,17600,1.0228697124390005e-33,0,,182,100
1681,16810,17610,1.4372162908700241e-33,0,,183,100
1682,16820,17620,7.79743695912509e-33,0,,183,100
1683,16830,17630,9.172320936366293e-29,0,,182,100
1684,16840,17640,4.4608189248224047e-32,0,,183,100
1685,16850,17650,4.635975911372171e-31,0,,183,100
1686,16860,17660,8.49205959322925e-33,0,,184,100
1687,16870,17670,1.7004149844822178e-32,0,,186,100
1688,16880,17680,5.983634337624063e-33,0,,186,100
1689,16890,17690,6.623957312458586e-30,0,,186,100
1690,16900,17700,3.235386877747879e-29,0,,186,100
1691,16910,17710,7.257040839162012e-30,0,,186,100
1692,16920,17720,2.3456464891745796e-28,0,,186,100
1693,16930,17730,1.7309396901720254e-28,0,,187,100
1694,16940,17740,9.192215260111998e-26,0,,186,100
1695,16950,17750,1.6457981233007032e-25,0,,188,100
1696,16960,17760,1.1212483545029319e-28,0,,188,100
1697,16970,17770,6.546299204592278e-33,0,,187,100
1698,16980,17780,8.17269325851856e-34,0,,187,100
1699,16990,17790,1.5561435576567314e-31,0,,185,100
1700,17000,17800,1.160609932150118e-32,0,,189,100
1701,17010,17810,6.039674991214632e-33,0,,189,100
1702,17020,17820,2.131450670992704e-32,0,,189,100
1703,17030,17830,1.8513773110511514e-28,0,,187,100
1704,17040,17840,6.766771888318779e-32,0,,187,100
1705,17050,17850,1.7841648127968257e-31,0,,187,100
1706,17060,17860,5.276750727070913e-28,0,,184,100
1707,17070,17870,2.9747943645914726e-25,0,,186,100
1708,17080,17880,1.0013912318507794e-26,0,,187,100
1709,17090,17890,9.5952397966595e-26,0,,187,100
1710,17100,17900,1.0553075452020799e-24,0,,187,100
1711,17110,17910,9.032357187728864e-26,0,,185,100
1712,17120,17920,3.2729438288137204e-23,0,,185,100
1713,17130,17930,1.0381790699413038e-26,0,,185,100
1714,17140,17940,4.0610402368145514e-23,0,,185,100
1715,17150,17950,9.846072921095467e-23,0,,184,100
1716,17160,17960,1.1341060562602526e-25,0,,183,100
1717,17170,17970,1.8587324564355275e-34,0,,185,100
1718,17180,17980,1.6711702404930324e-35,0,,185,100
1719,17190,17990,8.510051939145692e-33,0,,184,100
1720,17200,18000,2.5775290788444005e-29,0,,183,100
1721,17210,18010,1.2821918275668347e-26,0,,182,100
1722,17220,18020,6.508592157817e-27,0,,182,100
1723,17230,18030,1.6004532956014888e-25,0,,184,100
1724,17240,18040,1.6223031778007954e-22,0,,184,100
1725,17250,18050,1.1021095757213193e-21,0,,186,100
1726,17260,18060,5.824673480490214e-22,0,,187,100
1727,17270,18070,5.434463403947559e-23,0,,186,100
1728,17280,18080,3.1143919402791054e-23,0,,189,100
1729,17290,18090,1.8042901514686465e-23,0,,189,100
1730,17300,18100,1.0226449724823887e-28,0,,189,100
1731,17310,18110,3.588126894867428e-32,0,,189,100
1732,17320,18120,2.8599381749771554e-31,0,,190,100
1733,17330,18130,8.405160931710469e-31,0,,191,100
1734,17340,18140,3.827679247833943e-27,0,,188,100
1735,17350,18150,1.2744474874475918e-27,0,,187,100
1736,17360,18160,6.788332982487946e-26,0,,189,100
1737,17370,18170,1.0455050614352714e-27,0,,190,100
1738,17380,18180,4.05802516734725e-27,0,,191,100
1739,17390,18190,1.369768683728199e-25,0,,191,100
1740,17400,18200,9.735743709574855e-25,0,,191,100
1741,17410,18210,4.726184191459556e-25,0,,189,100
1742,17420,18220,1.238471350822861e-24,0,,189,100
1743,17430,18230,9.4909076006058e-25,0,,191,100
1744,17440,18240,4.100087971332982e-25,0,,191,100
1745,17450,18250,6.756613413345051e-25,0,,191,100
1746,17460,18260,2.2347182876968773e-24,0,,191,100
1747,17470,18270,5.13263266337291e-26,0,,191,100
1748,17480,18280,8.178923409596762e-22,0,,189,100
1749,17490,18290,8.060791042151687e-22,0,,190,100
1750,17500,18300,7.46317704732934e-21,0,,191,100
1751,17510,18310,4.782568951492304e-22,0,,191,100
1752,17520,18320,3.847156682458333e-21,0,,193,100
1753,17530,18330,6.654719015840168e-29,0,,193,100
1754,17540,18340,3.298588266133509e-28,0,,195,100
1755,17550,18350,1.5400862905630775e-23,0,,192,100
1756,17560,18360,1.7477512717000376e-21,0,,191,100
1757,17570,18370,6.059571520908589e-22,0,,190,100
1758,17580,18380,2.3949769455291915e-22,0,,192,100
1759,17590,18390,8.784722125689496e-20,0,,190,100
1760,17600,18400,1.0574365338476021e-19,0,,191,100
1761,17610,18410,3.967271456827106e-19,0,,190,100
1762,17620,18420,2.2811790573409246e-18,0,,190,100
1763,17630,18430,3.214489412771148e-18,0,,188,100
1764,17640,18440,2.405923081234982e-18,0,,188,100
1765,17650,18450,2.8870932326290125e-18,0,,190,100
1766,17660,18460,1.5355994339144843e-19,0,,191,100
1767,17670,18470,1.3173892629827346e-23,0,,188,100
1768,17680,18480,1.5137729681519854e-22,0,,190,100
1769,17690,18490,1.4641213615930337e-21,0,,190,100
1770,17700,18500,3.967121099008784e-22,0,,187,100
1771,17710,18510,3.320359426533019e-21,0,,188,100
1772,17720,18520,9.124316269673598e-20,0,,190,100
1773,17730,18530,4.338030078548954e-19,0,,190,100
1774,17740,18540,1.7222991322399551e-19,0,,190,100
1775,17750,18550,1.4943294785667855e-17,0,,190,100
1776,17760,18560,3.5436923056204356e-18,0,,191,100
1777,17770,18570,8.861622727716493e-18,0,,190,100
1778,17780,18580,4.822545693144759e-18,0,,189,100
1779,17790,18590,5.58822873121496e-17,0,,189,100
1780,17800,18600,6.967642144545142e-16,0,,189,100
1781,17810,18610,1.9611993970100123e-14,0,,187,100
1782,17820,18620,5.763263845776559e-14,0,,188,100
1783,17830,18630,2.253610063569976e-13,0,,189,100
1784,17840,18640,1.941434662516309e-13,0,,189,100
1785,17850,18650,4.978262650479158e-14,0,,190,100
1786,17860,18660,5.54853393624685e-14,0,,190,100
1787,17870,18670,8.53162436058261e-15,0,,190,100
1788,17880,18680,6.989606104513071e-14,0,,191,100
1789,17890,18690,2.3099971239172814e-09,0,,190,100
1790,17900,18700,1.509309838713589e-11,0,,190,100
1791,17910,18710,4.174650998600786e-11,0,,189,100
1792,17920,18720,1.1427165238887867e-11,0,,188,100
1793,17930,18730,7.457986090675877e-11,0,,190,100
1794,17940,18740,5.369097153568426e-14,0,,189,100
1795,17950,18750,1.3300405659064456e-13,0,,190,100
1796,17960,18760,6.169634214012182e-11,0,,190,100
1797,17970,18770,3.42700616505716e-15,0,,190,100
1798,17980,18780,2.223259204902681e-16,0,,192,100
1799,17990,18790,4.9807971070158416e-17,0,,191,100
1800,18000,18800,2.7817792935451003e-33,0,,191,100
1801,18010,18810,1.5279874465687627e-43,0,,191,100
1802,18020,18820,1.9143807690009165e-49,0,,191,100
1803,18030,18830,1.14776257263244e-51,0,,190,100
1804,18040,18840,1.565386688670413e-50,0,,190,100
1805,18050,18850,9.413504462287533e-54,0,,188,100
1806,18060,18860,5.953717177567672e-55,0,,187,100
1807,18070,18870,7.079346332376943e-52,0,,186,100
1808,18080,18880,3.6910500389800686e-52,0,,188,100
1809,18090,18890,3.363407108437343e-50,0,,187,100
1810,18100,18900,3.933178447379409e-51,0,,186,100
1811,18110,18910,8.383063503666208e-48,0,,185,100
1812,18120,18920,2.1786588894625475e-47,0,,185,100
1813,18130,18930,1.824801953423631e-46,0,,186,100
1814,18140,18940,4.220236827108937e-46,0,,187,100
1815,18150,18950,6.1449767775668655e-43,0,,187,100
1816,18160,18960,7.908184707373355e-36,0,,187,100
1817,18170,18970,4.0009640365245515e-36,0,,188,100
1818,18180,18980,8.23497724284323e-38,0,,186,100
1819,18190,18990,8.319578334768305e-36,0,,186,100
1820,18200,19000,6.492342777732759e-33,0,,187,100
1821,18210,19010,7.327392039083296e-32,0,,186,100
1822,18220,19020,5.4290002644345195e-30,0,,186,100
1823,18230,19030,7.264376053607738e-26,0,,185,100
1824,18240,19040,1.3592164506127826e-27,0,,186,100
1825,18250,19050,1.553369186954217e-23,0,,185,100
1826,18260,19060,1.9101000491726673e-22,0,,187,100
1827,18270,19070,4.000579336309926e-15,0,,184,100
1828,18280,19080,5.936923574120829e-16,0,,184,100
1829,18290,19090,7.229375824625336e-13,0,,183,100
1830,18300,19100,2.71629369832158e-13,0,,184,100
1831,18310,19110,4.075296368655417e-14,0,,185,100
1832,18320,19120,1.3003046465458743e-09,0,,183,100
1833,18330,19130,1.2660436943232956e-10,0,,183,100
1834,18340,19140,3.0911466430462013e-09,0,,183,100
1835,18350,19150,1.793251531194354e-11,0,,182,100
1836,18360,19160,5.5949459263271397e-11,0,,182,100
1837,18370,19170,1.9592645797892527e-10,0,,182,100
1838,18380,19180,5.7112900976549124e-11,0,,180,100
1839,18390,19190,1.7631609101040357e-11,0,,182,100
1840,18400,19200,3.238147668660339e-10,0,,183,100
1841,18410,19210,1.7392857113166469e-10,0,,184,100
1842,18420,19220,6.720682832205726e-08,0,,186,100
1843,18430,19230,2.2467616015718604e-11,0,,185,100
1844,18440,19240,6.4796373755308235e-12,0,,187,100
1845,18450,19250,3.5562812493300113e-14,0,,183,100
1846,18460,19260,6.925970434876359e-59,0,,185,100
1847,18470,19270,3.169272778748667e-57,0,,184,100
1848,18480,19280,2.3620804603098594e-57,0,,186,100
1849,18490,19290,1.2031895011714122e-56,0,,187,100
1850,18500,19300,4.091351624536785e-54,0,,184,100
1851,18510,19310,3.4383987675485634e-52,0,,185,100
1852,18520,19320,1.0393128108407383e-47,0,,184,100
1853,18530,19330,3.652105071029227e-47,0,,183,100
1854,18540,19340,9.028767424855066e-49,0,,184,100
1855,18550,19350,3.2085496021803873e-49,0,,184,100
1856,18560,19360,1.379285381624934e-48,0,,183,100
1857,18570,19370,5.662683932316127e-43,0,,182,100
1858,18580,19380,8.926496994327456e-51,0,,182,100
1859,18590,19390,1.413832259105635e-49,0,,183,100
1860,18600,19400,8.395988631066866e-38,0,,182,100
1861,18610,19410,9.763170435337964e-41,0,,183,100
1862,18620,19420,9.040227089920397e-39,0,,184,100
1863,18630,19430,1.0933497072679993e-34,0,,184,100
1864,18640,19440,1.6089891446565895e-27,0,,185,100
1865,18650,19450,3.7336945093011315e-19,0,,185,100
1866,18660,19460,2.378107813590159e-19,0,,186,100
1867,18670,19470,1.52918988818726e-19,0,,183,100
1868,18680,19480,1.5869064739994013e-19,0,,184,100
1869,18690,19490,1.9473299502717327e-23,0,,184,100
1870,18700,19500,2.030404271341883e-24,0,,184,100
1871,18710,19510,6.38079967391864e-28,0,,183,100
1872,18720,19520,7.806135406203017e-29,0,,183,100
1873,18730,19530,4.24188935452645e-28,0,,183,100
1874,18740,19540,2.130241894308764e-31,0,,184,100
1875,18750,19550,1.0619232427170711e-33,0,,183,100
1876,18760,19560,1.0911352756222723e-36,0,,184,100
1877,18770,19570,2.051781194363917e-36,0,,183,100
1878,18780,19580,5.004791079770004e-45,0,,181,100
1879,18790,19590,3.4841032185496643e-45,0,,182,100
1880,18800,19600,3.6145596815473677e-47,0,,183,100
1881,18810,19610,5.133572910128604e-54,0,,180,100
1882,18820,19620,1.1353499851659327e-50,0,,179,100
1883,18830,19630,2.3007600668111638e-49,0,,180,100
1884,18840,19640,3.4934648771254264e-50,0,,180,100
1885,18850,19650,5.038336301357181e-51,0,,183,100
1886,18860,19660,1.357173803608236e-41,0,,181,100
1887,18870,19670,1.092913556302489e-40,0,,185,100
1888,18880,19680,8.986286836524814e-35,0,,183,100
1889,18890,19690,9.158942690173428e-36,0,,181,100
1890,18900,19700,1.6753406672337432e-34,0,,181,100
1891,18910,19710,2.651300944650096e-35,0,,180,100
1892,18920,19720,1.9878247210727118e-35,0,,181,100
1893,18930,19730,5.070090210458657e-32,0,,180,100
1894,18940,19740,2.0169875617799506e-33,0,,181,100
1895,18950,19750,5.642798689182979e-32,0,,182,100
1896,18960,19760,4.72562761606551e-27,0,,181,100
1897,18970,19770,9.027926732193786e-28,0,,183,100
1898,18980,19780,3.411034981091956e-26,0,,182,100
1899,18990,19790,8.138236411104464e-27,0,,183,100
1900,19000,19800,5.494948465740995e-28,0,,183,100
1901,19010,19810,7.80165956698991e-28,0,,184,100
1902,19020,19820,5.2183499618050874e-27,0,,185,100
1903,19030,19830,2.877956411261923e-22,0,,184,100
1904,19040,19840,9.225802536538855e-22,0,,186,100
1905,19050,19850,2.733682971956343e-22,0,,186,100
1906,19060,19860,2.869226483997805e-24,0,,188,100
1907,19070,19870,3.1096441699571616e-22,0,,187,100
1908,19080,19880,4.803938667099523e-22,0,,188,100
1909,19090,19890,8.631028222615458e-20,0,,187,100
1910,19100,19900,4.549958840873614e-20,0,,188,100
1911,19110,19910,3.506770182715783e-24,0,,188,100
1912,19120,19920,6.2014637627194666e-30,0,,186,100
1913,19130,19930,1.2513746767877002e-25,0,,187,100
1914,19140,19940,3.687063821746679e-26,0,,187,100
1915,19150,19950,1.5685262866216394e-27,0,,189,100
1916,19160,19960,6.321993170724085e-24,0,,190,100
1917,19170,19970,1.3225738964859439e-21,0,,191,100
1918,19180,19980,3.343789528858942e-23,0,,191,100
1919,19190,19990,7.10399254894297e-23,0,,190,100
1920,19200,20000,1.9023225486394987e-20,0,,190,100
1921,19210,20010,6.404285259113923e-20,0,,189,100
1922,19220,20020,1.0668427009177006e-20,0,,188,100
1923,19230,20030,3.0375264874711705e-22,0,,189,100
1924,19240,20040,2.3037826470547736e-21,0,,190,100
1925,19250,20050,1.3214152946812084e-18,0,,190,100
1926,19260,20060,5.943216951212149e-18,0,,189,100
1927,19270,20070,4.794150882911105e-18,0,,188,100
1928,19280,20080,9.076773365548734e-18,0,,189,100
1929,19290,20090,1.73044057362688e-17,0,,191,100
1930,19300,20100,1.508608080680599e-16,0,,191,100
1931,19310,20110,2.0768214444001004e-14,0,,193,100
1932,19320,20120,1.0823861151360722e-14,0,,195,100
1933,19330,20130,6.413549034009123e-16,0,,194,100
1934,19340,20140,1.7117975977876082e-13,0,,192,100
1935,19350,20150,2.3220116818470508e-11,0,,192,100
1936,19360,20160,3.2203478547773827e-11,0,,195,100
1937,19370,20170,9.150135164562889e-12,0,,197,100
1938,19380,20180,8.059540528368681e-15,0,,197,100
1939,19390,20190,7.305000698915313e-14,0,,198,100
1940,19400,20200,1.1578923518064099e-11,0,,197,100
1941,19410,20210,1.6157947364818528e-08,0,,194,100
1942,19420,20220,7.023301802906528e-09,0,,195,100
1943,19430,20230,1.600161896290076e-06,0,,195,100
1944,19440,20240,2.5890031747863614e-07,0,,195,100
1945,19450,20250,7.255514627895822e-09,0,,194,100
1946,19460,20260,9.652354456195681e-10,0,,194,100
1947,19470,20270,2.4644715698529935e-08,0,,195,100
1948,19480,20280,1.0581957113880381e-10,0,,193,100
1949,19490,20290,1.0004466386656411e-10,0,,194,100
1950,19500,20300,8.066779987844313e-09,0,,193,100
1951,19510,20310,2.6178620215194607e-08,0,,195,100
1952,19520,20320,1.0517137213867063e-07,0,,194,100
1953,19530,20330,5.340144127480982e-07,0,,193,100
1954,19540,20340,8.05608485893836e-07,0,,195,100
1955,19550,20350,8.633994377928564e-10,0,,193,100
1956,19560,20360,4.994160271167297e-07,0,,192,100
1957,19570,20370,4.4588867820068513e-07,0,,192,100
1958,19580,20380,1.3740201067407781e-06,0,,192,100
1959,19590,20390,1.498559158453185e-06,0,,194,100
1960,19600,20400,2.473908206650634e-06,0,,195,100
1961,19610,20410,1.5864290293287575e-06,0,,195,100
1962,19620,20420,1.3424456104910078e-10,0,,193,100
1963,19630,20430,5.754059397490376e-10,0,,193,100
1964,19640,20440,2.165682801522798e-09,0,,193,100
1965,19650,20450,6.267054647084116e-09,0,,193,100
1966,19660,20460,4.777799935806724e-10,0,,192,100
1967,19670,20470,2.175170570848189e-07,0,,190,100
1968,19680,20480,7.613265197037381e-08,0,,191,100
1969,19690,20490,4.84684916876737e-05,0,,191,100
1970,19700,20500,2.396462626805613e-05,0,,193,100
1971,19710,20510,2.7257238877069777e-06,0,,192,100
1972,19720,20520,3.160358173657035e-05,0,,194,100
1973,19730,20530,4.079146907237197e-08,0,,193,100
1974,19740,20540,1.6955058581387593e-08,0,,193,100
1975,19750,20550,2.7713061084045125e-08,0,,192,100
1976,19760,20560,3.2826348548668905e-06,0,,190,100
1977,19770,20570,1.0306300216882171e-06,0,,190,100
1978,19780,20580,4.116787691245122e-09,0,,189,100
1979,19790,20590,7.144754563271224e-09,0,,189,100
1980,19800,20600,1.4054471931773689e-09,0,,191,100
1981,19810,20610,1.5451476888549367e-08,0,,189,100
1982,19820,20620,6.488769311776188e-09,0,,189,100
1983,19830,20630,6.106716113418954e-09,0,,189,100
1984,19840,20640,1.1313640485995294e-08,0,,188,100
1985,19850,20650,8.826688482733532e-08,0,,185,100
1986,19860,20660,2.1066754344761528e-08,0,,184,100
1987,19870,20670,1.8209119243796816e-09,0,,185,100
1988,19880,20680,4.871649289097837e-09,0,,185,100
1989,19890,20690,1.406003675823576e-08,0,,185,100
1990,19900,20700,9.470806467308496e-11,0,,185,100
1991,19910,20710,3.0320859786735713e-15,0,,185,100
1992,19920,20720,3.282481985504991e-13,0,,187,100
1993,19930,20730,8.051627350404829e-13,0,,188,100
1994,19940,20740,2.2724979356035566e-09,0,,186,100
1995,19950,20750,4.06458854912334e-10,0,,186,100
1996,19960,20760,1.0023859580995777e-05,0,,184,100
1997,19970,20770,0.002498516172862122,1,,183,100
1998,19980,20780,3.845151093669205e-06,0,,183,100
1999,19990,20790,0.00033818972436586934,0,,184,100
2000,20000,20800,0.0006085605735704501,0,,185,100
2001,20010,20810,0.00010463006172574708,0,,185,100
2002,20020,20820,0.0005115497452694947,0,,185,100
2003,20030,20830,0.00016656770346216952,0,,183,100
2004,20040,20840,2.4832268800820593e-08,0,,184,100
2005,20050,20850,5.658307320131979e-09,0,,183,100
2006,20060,20860,1.114493880283735e-06,0,,183,100
2007,20070,20870,5.264940972877171e-05,0,,182,100
2008,20080,20880,1.0397213698069688e-05,0,,182,100
2009,20090,20890,2.267069258266055e-06,0,,182,100
2010,20100,20900,1.1326422774219832e-05,0,,178,100
2011,20110,20910,8.971338163829182e-07,0,,177,100
2012,20120,20920,5.957672693866405e-07,0,,176,100
2013,20130,20930,1.4233108479082547e-07,0,,177,100
2014,20140,20940,1.722176771146779e-08,0,,177,100
2015,20150,20950,2.3339490516252335e-06,0,,179,100
2016,20160,20960,9.981321878015557e-07,0,,178,100
2017,20170,20970,4.743252092839663e-07,0,,176,100
2018,20180,20980,1.5476348435650227e-06,0,,175,100
2019,20190,20990,1.104030501237557e-07,0,,176,100
2020,20200,21000,2.2197574613525777e-09,0,,178,100
2021,20210,21010,0.0001508123433038615,0,,177,100
2022,20220,21020,3.246647136415708e-05,0,,179,100
2023,20230,21030,0.0015696231403829913,1,,180,100
2024,20240,21040,0.007468133993962602,1,,179,100
2025,20250,21050,0.003976627839701835,1,,180,100
2026,20260,21060,0.008244853875680172,1,,180,100
2027,20270,21070,0.004784612748402656,1,,180,100
2028,20280,21080,0.00795075897052985,1,,180,100
2029,20290,21090,0.0011242455186809088,1,,181,100
2030,20300,21100,0.006192488865197597,1,,180,100
2031,20310,21110,0.004239763425404666,1,,179,100
2032,20320,21120,0.008696648475266102,1,,179,100
2033,20330,21130,0.0005562370749603112,0,,180,100
2034,20340,21140,0.0012427776044803733,1,,180,100
2035,20350,21150,0.0023092082168287235,1,,180,100
2036,20360,21160,0.00146106976737661,1,,181,100
2037,20370,21170,0.0009113045520680511,0,,184,100
2038,20380,21180,0.00010630994090926968,0,,180,100
2039,20390,21190,2.358447591696207e-05,0,,181,100
2040,20400,21200,7.076786861489123e-05,0,,181,100
2041,20410,21210,1.4734463503081726e-05,0,,183,100
2042,20420,21220,1.3817291334775401e-05,0,,182,100
2043,20430,21230,6.462328323142054e-06,0,,187,100
2044,20440,21240,1.750659816222488e-05,0,,188,100
2045,20450,21250,1.659192777597041e-06,0,,187,100
2046,20460,21260,6.645038639910208e-10,0,,184,100
2047,20470,21270,9.552010617181174e-19,0,,185,100
2048,20480,21280,1.9028214594581833e-15,0,,186,100
2049,20490,21290,4.133492549448624e-16,0,,187,100
2050,20500,21300,4.7556156628472406e-14,0,,186,100
2051,20510,21310,8.434203256718082e-27,0,,188,100
2052,20520,21320,6.581058009065086e-27,0,,188,100
2053,20530,21330,5.2922376807581205e-20,0,,188,100
2054,20540,21340,6.998646451481853e-17,0,,188,100
2055,20550,21350,1.923127440672069e-21,0,,191,100
2056,20560,21360,1.0734463057367068e-19,0,,190,100
2057,20570,21370,2.4423066040427216e-21,0,,189,100
2058,20580,21380,2.0995108505707607e-23,0,,190,100
2059,20590,21390,2.5115067660369563e-26,0,,191,100
2060,20600,21400,3.853519737126333e-25,0,,190,100
2061,20610,21410,9.971644178211167e-31,0,,190,100
2062,20620,21420,8.074474902195607e-26,0,,191,100
2063,20630,21430,1.8989044001933055e-29,0,,192,100
2064,20640,21440,2.1483339194773463e-43,0,,193,100
2065,20650,21450,5.045328136099513e-40,0,,195,100
2066,20660,21460,6.746862821062666e-41,0,,197,100
2067,20670,21470,1.3356001204107898e-43,0,,195,100
2068,20680,21480,8.43829953409701e-42,0,,195,100
2069,20690,21490,1.0560080169576952e-40,0,,193,100
2070,20700,21500,9.9278566450577e-41,0,,192,100
2071,20710,21510,9.327802153441555e-38,0,,193,100
2072,20720,21520,1.0693735768751913e-34,0,,191,100
2073,20730,21530,2.0223649058903294e-34,0,,193,100
2074,20740,21540,1.2025111395592582e-33,0,,190,100
2075,20750,21550,5.874153389638594e-32,0,,191,100
2076,20760,21560,7.899816399491732e-29,0,,191,100
2077,20770,21570,9.921823508228722e-25,0,,190,100
2078,20780,21580,1.2286248326343634e-24,0,,190,100
2079,20790,21590,1.0295669080106842e-19,0,,189,100
2080,20800,21600,3.745846844491165e-19,0,,190,100
2081,20810,21610,1.2579355120838726e-16,0,,189,100
2082,20820,21620,6.376056710467542e-14,0,,189,100
2083,20830,21630,4.0214102290780146e-13,0,,190,100
2084,20840,21640,9.51725700786026e-14,0,,188,100
2085,20850,21650,2.895983513465068e-13,0,,192,100
2086,20860,21660,6.818052746312078e-13,0,,193,100
2087,20870,21670,6.953300934531365e-13,0,,192,100
2088,20880,21680,1.209632747681726e-09,0,,192,100
2089,20890,21690,8.43944698270608e-09,0,,193,100
2090,20900,21700,1.9334176694514358e-08,0,,193,100
2091,20910,21710,7.049381861888606e-09,0,,192,100
2092,20920,21720,4.049096015851892e-09,0,,192,100
2093,20930,21730,1.0684669116259925e-08,0,,192,100
2094,20940,21740,1.9430768852527361e-07,0,,192,100
2095,20950,21750,2.649659651691302e-06,0,,192,100
2096,20960,21760,6.959113308783296e-06,0,,191,100
2097,20970,21770,2.827501905359657e-06,0,,190,100
2098,20980,21780,9.187487040311324e-07,0,,191,100
2099,20990,21790,9.0801414497563e-09,0,,192,100
2100,21000,21800,3.737132928466086e-08,0,,190,100
2101,21010,21810,4.907620562820095e-12,0,,191,100
2102,21020,21820,3.824689925683842e-37,0,,192,100
2103,21030,21830,6.971249886650356e-20,0,,191,100
2104,21040,21840,7.731648879917531e-14,0,,191,100
2105,21050,21850,1.1004503207249067e-13,0,,189,100
2106,21060,21860,4.2438260912677494e-20,0,,190,100
2107,21070,21870,5.042341839234109e-38,0,,190,100
2108,21080,21880,4.398754424684875e-40,0,,189,100
2109,21090,21890,9.877704053668363e-41,0,,190,100
2110,21100,21900,4.972835262861664e-37,0,,189,100
2111,21110,21910,1.6165745245486085e-47,0,,189,100
2112,21120,21920,2.47004315802035e-46,0,,189,100
2113,21130,21930,1.0020794793611571e-42,0,,189,100
2114,21140,21940,1.4369350877693792e-36,0,,188,100
2115,21150,21950,4.211570987444826e-45,0,,188,100
2116,21160,21960,7.826364891489158e-48,0,,187,100
2117,21170,21970,2.5249457636461516e-47,0,,187,100
2118,21180,21980,1.0921409487227022e-42,0,,187,100
2119,21190,21990,2.846680732417076e-43,0,,187,100
2120,21200,22000,2.0257356048692982e-44,0,,187,100
2121,21210,22010,1.9327512481069347e-41,0,,186,100
2122,21220,22020,3.311886789559718e-39,0,,185,100
2123,21230,22030,6.182677603879587e-35,0,,184,100
2124,21240,22040,3.29405044772812e-30,0,,183,100
2125,21250,22050,8.402368852395031e-30,0,,183,100
2126,21260,22060,3.0323452977850734e-29,0,,184,100
2127,21270,22070,6.009473845380404e-32,0,,185,100
2128,21280,22080,3.6254919909649e-31,0,,182,100
2129,21290,22090,1.539497274703337e-28,0,,180,100
2130,21300,22100,1.770041909740647e-19,0,,179,100
2131,21310,22110,1.1243270775928689e-16,0,,180,100
2132,21320,22120,1.964281780249276e-15,0,,180,100
2133,21330,22130,6.0544438229833345e-12,0,,179,100
2134,21340,22140,5.4358585199300846e-12,0,,179,100
2135,21350,22150,1.5817668263765817e-06,0,,179,100
2136,21360,22160,0.0001183560231366565,0,,178,100
2137,21370,22170,1.155594704072322e-06,0,,180,100
2138,21380,22180,0.0010723531881242357,1,,178,100
2139,21390,22190,5.070847776590443e-05,0,,180,100
2140,21400,22200,2.0014759888613207e-05,0,,179,100
2141,21410,22210,2.1293140446913618e-05,0,,178,100
2142,21420,22220,0.00030892591526799625,0,,178,100
2143,21430,22230,1.8691624782136178e-05,0,,177,100
2144,21440,22240,2.4256926065127713e-06,0,,176,100
2145,21450,22250,1.8706760276275135e-08,0,,175,100
2146,21460,22260,2.2884653829075772e-09,0,,176,100
2147,21470,22270,1.012457477947814e-21,0,,175,100
2148,21480,22280,1.5713999229034603e-23,0,,176,100
2149,21490,22290,4.998705147624923e-21,0,,176,100
2150,21500,22300,9.472137582621604e-22,0,,176,100
2151,21510,22310,3.8151879318997094e-13,0,,175,100
2152,21520,22320,1.3037557888091984e-12,0,,177,100
2153,21530,22330,2.6035597102945258e-18,0,,178,100
2154,21540,22340,1.8605049619192898e-19,0,,178,100
2155,21550,22350,3.8775570452349236e-19,0,,178,100
2156,21560,22360,4.88816866820479e-18,0,,178,100
2157,21570,22370,6.589060177901151e-19,0,,179,100
2158,21580,22380,3.0797736485103527e-13,0,,180,100
2159,21590,22390,3.618763490312397e-09,0,,182,100
2160,21600,22400,2.296346820765229e-06,0,,180,100
2161,21610,22410,1.369535330022127e-06,0,,180,100
2162,21620,22420,1.1183663660898682e-06,0,,181,100
2163,21630,22430,5.116668350341408e-06,0,,180,100
2164,21640,22440,3.7658714978803303e-06,0,,181,100
2165,21650,22450,1.684662518611111e-11,0,,180,100
2166,21660,22460,3.0032634259501087e-10,0,,180,100
2167,21670,22470,1.0804183933202835e-11,0,,181,100
2168,21680,22480,1.2190722831128086e-12,0,,181,100
2169,21690,22490,1.096491593377549e-13,0,,180,100
2170,21700,22500,2.391912079473931e-13,0,,181,100
2171,21710,22510,6.207172074659804e-13,0,,180,100
2172,21720,22520,9.646521298435623e-13,0,,182,100
2173,21730,22530,1.5003961871290135e-12,0,,181,100
2174,21740,22540,3.358919711405427e-13,0,,182,100
2175,21750,22550,5.560768942664743e-13,0,,183,100
2176,21760,22560,2.2861635735778176e-14,0,,182,100
2177,21770,22570,7.710120699555246e-15,0,,182,100
2178,21780,22580,1.0928644638463754e-16,0,,181,100
2179,21790,22590,2.6124551424000646e-17,0,,178,100
2180,21800,22600,7.729971182850776e-20,0,,179,100
2181,21810,22610,2.2538852445741428e-20,0,,178,100
2182,21820,22620,4.498665110411324e-19,0,,180,100
2183,21830,22630,7.269691788344157e-19,0,,180,100
2184,21840,22640,2.786155568826472e-18,0,,182,100
2185,21850,22650,9.437698945568859e-19,0,,181,100
2186,21860,22660,3.381834790366266e-19,0,,180,100
2187,21870,22670,2.254184538109967e-18,0,,181,100
2188,21880,22680,1.3938257172980536e-14,0,,180,100
2189,21890,22690,5.827018480897692e-16,0,,181,100
2190,21900,22700,6.437455585166847e-17,0,,182,100
2191,21910,22710,6.677799839950212e-34,0,,183,100
2192,21920,22720,1.307318249317114e-35,0,,183,100
2193,21930,22730,1.7493112879673225e-33,0,,183,100
2194,21940,22740,3.8174995314996067e-34,0,,183,100
2195,21950,22750,7.147827559553323e-30,0,,185,100
2196,21960,22760,8.666757118089861e-29,0,,184,100
2197,21970,22770,2.258810307379911e-34,0,,182,100
2198,21980,22780,1.8637452707897724e-34,0,,183,100
2199,21990,22790,1.5350342572865173e-32,0,,184,100
2200,22000,22800,5.446533215404154e-31,0,,184,100
2201,22010,22810,1.6780480973875194e-28,0,,184,100
2202,22020,22820,5.266400732670095e-29,0,,184,100
2203,22030,22830,4.240011062917223e-25,0,,182,100
2204,22040,22840,3.4896503014504497e-22,0,,183,100
2205,22050,22850,1.9049973217175154e-22,0,,182,100
2206,22060,22860,2.4609823007436374e-22,0,,183,100
2207,22070,22870,1.1495364564191048e-22,0,,184,100
2208,22080,22880,4.16324870679704e-21,0,,185,100
2209,22090,22890,1.4142196938605877e-22,0,,186,100
2210,22100,22900,6.888835297694511e-23,0,,184,100
2211,22110,22910,3.7165896597803745e-25,0,,183,100
2212,22120,22920,3.867375838901602e-26,0,,183,100
2213,22130,22930,3.688206955687437e-24,0,,183,100
2214,22140,22940,8.903069275659035e-24,0,,184,100
2215,22150,22950,1.1100103969750943e-20,0,,184,100
2216,22160,22960,3.192582004413531e-20,0,,184,100
2217,22170,22970,1.0313887239523014e-21,0,,182,100
2218,22180,22980,1.3321289060090818e-22,0,,183,100
2219,22190,22990,1.788933301865972e-23,0,,182,100
2220,22200,23000,2.8783205193637943e-22,0,,182,100
2221,22210,23010,1.5482945809747886e-18,0,,181,100
2222,22220,23020,1.2085470091729244e-16,0,,181,100
2223,22230,23030,2.7837720345338353e-16,0,,182,100
2224,22240,23040,7.492300356721883e-14,0,,181,100
2225,22250,23050,3.197994272879202e-13,0,,182,100
2226,22260,23060,7.219431078142541e-15,0,,181,100
2227,22270,23070,4.1837944583294585e-15,0,,183,100
2228,22280,23080,1.4897994175775417e-15,0,,182,100
2229,22290,23090,4.489754058937744e-15,0,,182,100
2230,22300,23100,1.3935927258794592e-14,0,,183,100
2231,22310,23110,7.426404285607771e-15,0,,184,100
2232,22320,23120,1.9155144499692804e-15,0,,182,100
2233,22330,23130,5.2862999001059135e-14,0,,181,100
2234,22340,23140,3.6437039544364935e-15,0,,180,100
2235,22350,23150,1.07429487163782e-15,0,,179,100
2236,22360,23160,6.589052681105722e-16,0,,180,100
2237,22370,23170,1.895300499260188e-17,0,,181,100
2238,22380,23180,4.8140336856083435e-18,0,,182,100
2239,22390,23190,1.9345347532942985e-18,0,,180,100
2240,22400,23200,5.86130794511067e-16,0,,179,100
2241,22410,23210,2.4882906278909992e-20,0,,178,100
2242,22420,23220,1.6507392481312817e-21,0,,178,100
2243,22430,23230,1.8437250674177303e-23,0,,180,100
2244,22440,23240,1.2081688990779269e-23,0,,181,100
2245,22450,23250,3.1456304147342803e-25,0,,180,100
2246,22460,23260,9.126456541630652e-25,0,,181,100
2247,22470,23270,2.6920126656617376e-31,0,,180,100
2248,22480,23280,1.6469604434022777e-34,0,,180,100
2249,22490,23290,3.564428809007227e-35,0,,181,100
2250,22500,23300,2.2334649686494615e-30,0,,181,100
2251,22510,23310,3.0336168559209723e-30,0,,183,100
2252,22520,23320,6.9700345059037555e-28,0,,183,100
2253,22530,23330,1.034973054502568e-28,0,,184,100
2254,22540,23340,9.973262603445931e-22,0,,181,100
2255,22550,23350,5.384178952305143e-20,0,,182,100
2256,22560,23360,3.1197415986029958e-15,0,,181,100
2257,22570,23370,1.556526159279598e-14,0,,181,100
2258,22580,23380,3.049795628835701e-14,0,,183,100
2259,22590,23390,7.329799704454084e-12,0,,184,100
2260,22600,23400,4.235619862501093e-06,0,,183,100
2261,22610,23410,3.093740013510723e-05,0,,182,100
2262,22620,23420,0.0002141427138896112,0,,180,100
2263,22630,23430,6.046604738600665e-05,0,,181,100
2264,22640,23440,3.928812275481263e-05,0,,178,100
2265,22650,23450,7.163962073742153e-05,0,,180,100
2266,22660,23460,3.9983698096068996e-05,0,,180,100
2267,22670,23470,4.882771459922358e-05,0,,182,100
2268,22680,23480,2.760304939705301e-05,0,,183,100
2269,22690,23490,3.2226955216512e-05,0,,181,100
2270,22700,23500,1.7261782871656834e-05,0,,181,100
2271,22710,23510,2.921299893950328e-05,0,,182,100
2272,22720,23520,8.079502253561177e-05,0,,182,100
2273,22730,23530,4.6234263906594486e-05,0,,182,100
2274,22740,23540,2.060535294455163e-05,0,,182,100
2275,22750,23550,1.1459690725624112e-05,0,,183,100
2276,22760,23560,3.850480073401673e-07,0,,181,100
2277,22770,23570,8.577189675520362e-07,0,,183,100
2278,22780,23580,2.7796341492339184e-05,0,,184,100
2279,22790,23590,7.025098013360313e-06,0,,184,100
2280,22800,23600,1.4061401285904286e-06,0,,184,100
2281,22810,23610,1.777652807500932e-37,0,,184,100
2282,22820,23620,1.2292880967032267e-39,0,,185,100
2283,22830,23630,6.591007984889493e-39,0,,185,100
2284,22840,23640,2.8789503169743125e-38,0,,186,100
2285,22850,23650,6.0215497746687375e-37,0,,187,100
2286,22860,23660,6.222499574388252e-36,0,,188,100
2287,22870,23670,3.5094016451192675e-29,0,,187,100
2288,22880,23680,2.0726054405784065e-22,0,,185,100
2289,22890,23690,6.22113434487529e-22,0,,185,100
2290,22900,23700,3.2393481956444234e-21,0,,186,100
2291,22910,23710,3.4986375137409984e-16,0,,187,100
2292,22920,23720,5.950964680903379e-15,0,,185,100
2293,22930,23730,3.0675169363773257e-16,0,,185,100
2294,22940,23740,1.3083561061679747e-14,0,,186,100
2295,22950,23750,2.861079646849538e-14,0,,186,100
2296,22960,23760,1.292225361934453e-12,0,,187,100
2297,22970,23770,1.1799335579922677e-11,0,,188,100
2298,22980,23780,5.86980708745972e-11,0,,188,100
2299,22990,23790,9.410816593419683e-08,0,,187,100
2300,23000,23800,9.493047933587399e-09,0,,188,100
2301,23010,23810,6.47985007346731e-09,0,,189,100
2302,23020,23820,3.56787252944637e-08,0,,188,100
2303,23030,23830,1.9009504130171517e-08,0,,188,100
2304,23040,23840,1.9750514572924925e-07,0,,187,100
2305,23050,23850,1.0568211377802596e-07,0,,186,100
2306,23060,23860,3.5910116721839885e-07,0,,187,100
2307,23070,23870,6.94987763254343e-09,0,,185,100
2308,23080,23880,2.013867601542951e-06,0,,186,100
2309,23090,23890,2.1204358596298738e-07,0,,186,100
2310,23100,23900,4.492395322723455e-06,0,,185,100
2311,23110,23910,1.1360241307902126e-07,0,,186,100
2312,23120,23920,5.485915830818995e-09,0,,186,100
2313,23130,23930,3.690104767304414e-09,0,,187,100
2314,23140,23940,1.1344357638266693e-06,0,,186,100
2315,23150,23950,4.8936118801060646e-06,0,,186,100
2316,23160,23960,1.3366123163711489e-05,0,,187,100
2317,23170,23970,6.15853340763105e-05,0,,186,100
2318,23180,23980,0.0005096072108174431,0,,186,100
2319,23190,23990,3.532043071002325e-05,0,,185,100
2320,23200,24000,2.1885781058068318e-05,0,,186,100
2321,23210,24010,0.0006673670011382313,0,,187,100
2322,23220,24020,0.0009373215499361391,0,,186,100
2323,23230,24030,0.00019969285978598098,0,,186,100
2324,23240,24040,0.0005329383280854095,0,,185,100
2325,23250,24050,4.9382136479538745e-08,0,,186,100
2326,23260,24060,2.456750762392526e-09,0,,184,100
2327,23270,24070,2.3819089752660525e-08,0,,184,100
2328,23280,24080,4.2392637648530673e-07,0,,182,100
2329,23290,24090,1.423960507438659e-07,0,,183,100
2330,23300,24100,2.5801357161016756e-08,0,,183,100
2331,23310,24110,2.697633084884728e-07,0,,183,100
2332,23320,24120,7.635139748710349e-09,0,,184,100
2333,23330,24130,1.4733206068067364e-08,0,,184,100
2334,23340,24140,2.6313813393846924e-08,0,,185,100
2335,23350,24150,2.8726131959761674e-09,0,,186,100
2336,23360,24160,5.434724447851163e-14,0,,186,100
2337,23370,24170,3.283742142262034e-21,0,,188,100
2338,23380,24180,4.50349499322519e-21,0,,187,100
2339,23390,24190,8.126628024118545e-21,0,,188,100
2340,23400,24200,7.415106939811989e-22,0,,186,100
2341,23410,24210,5.436564355431555e-27,0,,184,100
2342,23420,24220,5.455582756980758e-25,0,,185,100
2343,23430,24230,2.9909861147870434e-26,0,,187,100
2344,23440,24240,1.858196684927017e-27,0,,187,100
2345,23450,24250,2.65052174761595e-22,0,,185,100
2346,23460,24260,1.417283515102435e-23,0,,186,100
2347,23470,24270,2.3014154683645435e-25,0,,184,100
2348,23480,24280,6.969381584440821e-24,0,,187,100
2349,23490,24290,3.4501647817523632e-28,0,,186,100
2350,23500,24300,6.2470278769618046e-52,0,,186,100
2351,23510,24310,4.9249529454590384e-51,0,,186,100
2352,23520,24320,2.12629120029792e-48,0,,185,100
2353,23530,24330,7.586979875672433e-48,0,,187,100
2354,23540,24340,6.3977240624618034e-46,0,,186,100
2355,23550,24350,1.3004011503114007e-46,0,,186,100
2356,23560,24360,7.054192621769875e-46,0,,186,100
2357,23570,24370,3.096174933630836e-41,0,,185,100
2358,23580,24380,3.4245701850894178e-40,0,,184,100
2359,23590,24390,5.414057329796101e-37,0,,180,100
2360,23600,24400,7.72886710879781e-37,0,,182,100
2361,23610,24410,2.006457339906869e-33,0,,182,100
2362,23620,24420,3.3242816627328244e-32,0,,183,100
2363,23630,24430,5.531317982496524e-33,0,,183,100
2364,23640,24440,2.607336476499182e-29,0,,182,100
2365,23650,24450,1.2955413415957882e-26,0,,181,100
2366,23660,24460,1.647378227218721e-23,0,,179,100
2367,23670,24470,3.445741829013775e-21,0,,180,100
2368,23680,24480,8.167947958181436e-20,0,,181,100
2369,23690,24490,2.4691071384357534e-19,0,,181,100
2370,23700,24500,2.3651541542578105e-16,0,,182,100
2371,23710,24510,1.6109556376715634e-17,0,,182,100
2372,23720,24520,2.932764203880431e-17,0,,181,100
2373,23730,24530,2.7552993441350177e-17,0,,181,100
2374,23740,24540,8.518230561487955e-17,0,,181,100
2375,23750,24550,1.5145889418718271e-15,0,,180,100
2376,23760,24560,1.0532097505657506e-16,0,,179,100
2377,23770,24570,1.6979374434656027e-16,0,,179,100
2378,23780,24580,2.3260844016212416e-16,0,,182,100
2379,23790,24590,7.997861668931629e-15,0,,181,100
2380,23800,24600,2.333268329888479e-13,0,,182,100
2381,23810,24610,4.76345220050596e-12,0,,178,100
2382,23820,24620,7.296923935079707e-12,0,,180,100
2383,23830,24630,5.029350616637111e-10,0,,180,100
2384,23840,24640,2.0154458207482405e-10,0,,181,100
2385,23850,24650,9.507627790607717e-10,0,,182,100
2386,23860,24660,1.0968136568813636e-07,0,,181,100
2387,23870,24670,2.5928829349882696e-18,0,,181,100
2388,23880,24680,5.974083472777285e-13,0,,181,100
2389,23890,24690,2.101981282139822e-13,0,,181,100
2390,23900,24700,2.7850029031807956e-15,0,,181,100
2391,23910,24710,5.2073905807615445e-15,0,,180,100
2392,23920,24720,1.0714643998650841e-17,0,,181,100
2393,23930,24730,6.587726013322264e-19,0,,183,100
2394,23940,24740,1.1227808953317756e-12,0,,181,100
2395,23950,24750,2.507855608301255e-12,0,,181,100
2396,23960,24760,7.1703637872275756e-12,0,,180,100
2397,23970,24770,1.3494053131717755e-11,0,,182,100
2398,23980,24780,1.150915860856684e-13,0,,182,100
2399,23990,24790,4.7069238148758795e-15,0,,181,100
2400,24000,24800,1.2368850958545344e-16,0,,183,100
2401,24010,24810,4.1342190809420956e-19,0,,183,100
2402,24020,24820,1.545896357100946e-20,0,,183,100
2403,24030,24830,5.917009773107152e-19,0,,181,100
2404,24040,24840,1.3854314645320194e-19,0,,184,100
2405,24050,24850,2.016467572418433e-23,0,,183,100
2406,24060,24860,7.989422667021829e-27,0,,182,100
2407,24070,24870,1.7418925475038752e-31,0,,183,100
2408,24080,24880,1.0734449935148861e-40,0,,185,100
2409,24090,24890,4.932079578521652e-51,0,,184,100
2410,24100,24900,9.773089723935344e-54,0,,183,100
2411,24110,24910,2.644323140407593e-47,0,,181,100
2412,24120,24920,2.113045746392518e-43,0,,181,100
2413,24130,24930,1.7590118260531351e-41,0,,179,100
2414,24140,24940,3.27837686255427e-36,0,,177,100
2415,24150,24950,4.2161865219334153e-38,0,,178,100
2416,24160,24960,3.2478291555345924e-28,0,,178,100
2417,24170,24970,8.349921325225843e-28,0,,179,100
2418,24180,24980,6.817138018419811e-25,0,,178,100
2419,24190,24990,1.6110656457771599e-24,0,,179,100
2420,24200,25000,8.1133322151078e-24,0,,179,100
2421,24210,25010,2.6702945194975885e-21,0,,180,100
2422,24220,25020,4.70165085050687e-18,0,,182,100
2423,24230,25030,1.5077480977831856e-14,0,,180,100
2424,24240,25040,2.2705594392942297e-13,0,,181,100
2425,24250,25050,5.006962684002049e-14,0,,178,100
2426,24260,25060,2.2693986873211766e-13,0,,177,100
2427,24270,25070,5.453936239489661e-14,0,,178,100
2428,24280,25080,1.9541800166751402e-13,0,,179,100
2429,24290,25090,3.624516546334677e-11,0,,181,100
2430,24300,25100,1.5871368325940213e-09,0,,181,100
2431,24310,25110,6.747081439151906e-09,0,,179,100
2432,24320,25120,4.62857841921891e-09,0,,178,100
2433,24330,25130,1.8566572597368447e-08,0,,178,100
2434,24340,25140,4.938918684390183e-08,0,,177,100
2435,24350,25150,8.944039264319735e-08,0,,177,100
2436,24360,25160,9.179276373237912e-08,0,,180,100
2437,24370,25170,1.9721412568821306e-07,0,,181,100
2438,24380,25180,5.0021132407656864e-08,0,,183,100
2439,24390,25190,5.573131933442701e-08,0,,183,100
2440,24400,25200,2.835325902320096e-07,0,,181,100
2441,24410,25210,1.7956070793908756e-07,0,,182,100
2442,24420,25220,1.6197595643401602e-07,0,,182,100
2443,24430,25230,3.177313340908136e-10,0,,183,100
2444,24440,25240,3.545043234908167e-07,0,,183,100
2445,24450,25250,5.367148206145107e-07,0,,186,100
2446,24460,25260,3.860242675120601e-07,0,,188,100
2447,24470,25270,2.999156286626747e-07,0,,187,100
2448,24480,25280,1.3751463131126251e-07,0,,185,100
2449,24490,25290,3.472560452198131e-09,0,,185,100
2450,24500,25300,1.9135282388149064e-18,0,,184,100
2451,24510,25310,2.4619488514440897e-31,0,,184,100
2452,24520,25320,3.9754038512717035e-32,0,,185,100
2453,24530,25330,5.101571446302847e-29,0,,185,100
2454,24540,25340,5.86675826287094e-28,0,,184,100
2455,24550,25350,8.796505149857908e-29,0,,182,100
2456,24560,25360,7.390585653845864e-27,0,,182,100
2457,24570,25370,3.3932966554109278e-28,0,,182,100
2458,24580,25380,1.9390259666430262e-32,0,,182,100
2459,24590,25390,6.494874238116518e-33,0,,185,100
2460,24600,25400,4.053045273016917e-45,0,,184,100
2461,24610,25410,1.5704013122782651e-46,0,,184,100
2462,24620,25420,9.779914424062227e-32,0,,184,100
2463,24630,25430,1.523432674611479e-45,0,,184,100
2464,24640,25440,3.2686920274644816e-36,0,,184,100
2465,24650,25450,5.079600075075658e-28,0,,183,100
2466,24660,25460,4.824105862024471e-27,0,,183,100
2467,24670,25470,1.7173980848160321e-31,0,,184,100
2468,24680,25480,6.750961449657643e-39,0,,187,100
2469,24690,25490,4.022027230017591e-40,0,,186,100
2470,24700,25500,1.4558744931060084e-41,0,,187,100
2471,24710,25510,8.438385275058396e-42,0,,187,100
2472,24720,25520,2.1071161589176057e-42,0,,187,100
2473,24730,25530,5.0495773934678725e-40,0,,184,100
2474,24740,25540,3.961145858657598e-34,0,,186,100
2475,24750,25550,6.415303480382803e-34,0,,187,100
2476,24760,25560,1.3395805043124112e-34,0,,186,100
2477,24770,25570,1.3610985689352818e-26,0,,185,100
2478,24780,25580,4.0250469720230035e-30,0,,186,100
2479,24790,25590,4.1943764045611106e-29,0,,186,100
2480,24800,25600,1.8445198716471303e-24,0,,184,100
2481,24810,25610,5.090816368939586e-27,0,,185,100
2482,24820,25620,8.279694997146132e-18,0,,185,100
2483,24830,25630,2.3936160931230815e-16,0,,185,100
2484,24840,25640,2.996854686064914e-14,0,,185,100
2485,24850,25650,2.5060231212711965e-13,0,,186,100
2486,24860,25660,5.002340507200357e-13,0,,186,100
2487,24870,25670,3.3427974389147737e-12,0,,187,100
2488,24880,25680,1.594197399889127e-13,0,,188,100
2489,24890,25690,5.026694174320943e-13,0,,187,100
2490,24900,25700,7.411661511413307e-13,0,,189,100
2491,24910,25710,7.931763227300486e-13,0,,191,100
2492,24920,25720,4.477315069889273e-12,0,,191,100
2493,24930,25730,1.7499828949485666e-12,0,,191,100
2494,24940,25740,1.688342707807916e-11,0,,192,100
2495,24950,25750,1.0092993719855195e-11,0,,189,100
2496,24960,25760,6.358700319490441e-12,0,,192,100
2497,24970,25770,2.7843778433115403e-13,0,,191,100
2498,24980,25780,2.582160249138633e-13,0,,191,100
2499,24990,25790,2.5613689837129547e-15,0,,190,100
2500,25000,25800,4.951203939480029e-16,0,,190,100
2501,25010,25810,9.591959948045219e-16,0,,188,100
2502,25020,25820,7.693701024129109e-15,0,,187,100
2503,25030,25830,4.299685432107836e-15,0,,189,100
2504,25040,25840,1.3541561360676626e-13,0,,190,100
2505,25050,25850,2.191954483755799e-11,0,,191,100
2506,25060,25860,4.596606274471343e-12,0,,191,100
2507,25070,25870,8.817778500403611e-12,0,,191,100
2508,25080,25880,1.611279421566533e-11,0,,189,100
2509,25090,25890,2.0963007874915135e-09,0,,187,100
2510,25100,25900,5.751194985448463e-10,0,,190,100
2511,25110,25910,2.5954852061494436e-06,0,,189,100
2512,25120,25920,7.941467955797877e-07,0,,188,100
2513,25130,25930,1.8669236181510851e-07,0,,188,100
2514,25140,25940,3.497792760145593e-08,0,,189,100
2515,25150,25950,7.808940045413035e-08,0,,189,100
2516,25160,25960,2.803362313475586e-08,0,,186,100
2517,25170,25970,9.900265940054666e-08,0,,185,100
2518,25180,25980,4.815197820783843e-10,0,,186,100
2519,25190,25990,2.0203372449021752e-08,0,,185,100
2520,25200,26000,7.840255660334118e-08,0,,186,100
2521,25210,26010,8.343102710592963e-08,0,,188,100
2522,25220,26020,1.7451860099116085e-07,0,,188,100
2523,25230,26030,5.00410260051072e-07,0,,190,100
2524,25240,26040,3.7379479770624332e-06,0,,187,100
2525,25250,26050,4.903232125661833e-07,0,,186,100
2526,25260,26060,2.2743878634395278e-07,0,,184,100
2527,25270,26070,5.557747792157841e-07,0,,184,100
2528,25280,26080,5.882622303689645e-07,0,,185,100
2529,25290,26090,4.0220650019464355e-08,0,,185,100
2530,25300,26100,6.63565422917618e-08,0,,188,100
2531,25310,26110,8.277260348162358e-08,0,,188,100
2532,25320,26120,9.854908579397389e-08,0,,187,100
2533,25330,26130,8.378638521058106e-08,0,,189,100
2534,25340,26140,5.541378914369858e-07,0,,188,100
2535,25350,26150,4.5075578958644455e-07,0,,190,100
2536,25360,26160,8.885207823731064e-07,0,,190,100
2537,25370,26170,8.973878349373723e-07,0,,189,100
2538,25380,26180,2.019255834744149e-06,0,,189,100
2539,25390,26190,0.0028603726533905946,1,,188,100
2540,25400,26200,0.00045511810481227346,0,,188,100
2541,25410,26210,0.0002882764808791441,0,,188,100
2542,25420,26220,7.765746886266723e-13,0,,190,100
2543,25430,26230,5.86297079316488e-23,0,,190,100
2544,25440,26240,2.9809612229434814e-21,0,,190,100
2545,25450,26250,7.419408000389991e-14,0,,193,100
2546,25460,26260,3.766848389689629e-14,0,,189,100
2547,25470,26270,4.754030027582439e-14,0,,190,100
2548,25480,26280,1.3446675027992475e-13,0,,187,100
2549,25490,26290,3.3147687995695513e-13,0,,189,100
2550,25500,26300,2.573019024047684e-14,0,,188,100
2551,25510,26310,8.922403512297101e-10,0,,190,100
2552,25520,26320,5.608555082567247e-10,0,,189,100
2553,25530,26330,3.24420509947871e-16,0,,190,100
2554,25540,26340,7.81889342682228e-21,0,,189,100
2555,25550,26350,7.266821206362978e-36,0,,191,100
2556,25560,26360,3.1962332531403724e-24,0,,192,100
2557,25570,26370,4.739862429004485e-39,0,,191,100
2558,25580,26380,1.861902891169094e-38,0,,192,100
2559,25590,26390,1.3303679943307024e-43,0,,194,100
2560,25600,26400,8.864227241031748e-37,0,,193,100
2561,25610,26410,1.1756963991530058e-31,0,,192,100
2562,25620,26420,5.278445534117043e-41,0,,193,100
2563,25630,26430,4.1627730896543695e-31,0,,193,100
2564,25640,26440,7.469222122377855e-31,0,,195,100
2565,25650,26450,6.642196677270845e-42,0,,194,100
2566,25660,26460,6.671287500126415e-40,0,,191,100
2567,25670,26470,3.3355707038426255e-39,0,,192,100
2568,25680,26480,4.311088933719436e-37,0,,192,100
2569,25690,26490,2.1791531240267912e-33,0,,191,100
2570,25700,26500,3.8393844258801807e-31,0,,189,100
2571,25710,26510,5.272709295915192e-27,0,,189,100
2572,25720,26520,9.683798836885963e-21,0,,190,100
2573,25730,26530,1.4094621029125355e-19,0,,189,100
2574,25740,26540,1.2819671551582624e-18,0,,189,100
2575,25750,26550,4.2791947120166268e-19,0,,191,100
2576,25760,26560,9.385280700056822e-21,0,,193,100
2577,25770,26570,2.138209990919213e-20,0,,191,100
2578,25780,26580,2.528743717475657e-18,0,,191,100
2579,25790,26590,1.2250548630568356e-16,0,,192,100
2580,25800,26600,1.6234940726745576e-14,0,,191,100
2581,25810,26610,1.7418500105361346e-13,0,,192,100
2582,25820,26620,4.286562671318182e-13,0,,191,100
2583,25830,26630,1.3076393815198356e-09,0,,190,100
2584,25840,26640,1.1268379804698544e-09,0,,191,100
2585,25850,26650,6.481951075395781e-09,0,,194,100
2586,25860,26660,7.419077919655004e-09,0,,192,100
2587,25870,26670,1.1275407334850673e-07,0,,192,100
2588,25880,26680,5.365623883812268e-07,0,,192,100
2589,25890,26690,3.270291010006512e-07,0,,191,100
2590,25900,26700,6.870731405200497e-08,0,,192,100
2591,25910,26710,1.5674957188844152e-08,0,,191,100
2592,25920,26720,1.21639578857441e-09,0,,192,100
2593,25930,26730,1.114804910121185e-12,0,,192,100
2594,25940,26740,5.725399676925195e-12,0,,191,100
2595,25950,26750,7.775331703316553e-12,0,,193,100
2596,25960,26760,2.885441054512384e-15,0,,192,100
2597,25970,26770,4.432706966171845e-16,0,,192,100
2598,25980,26780,9.490114231813845e-21,0,,194,100
2599,25990,26790,7.182323218103103e-19,0,,194,100
2600,26000,26800,1.8144325049108938e-17,0,,193,100
2601,26010,26810,5.1478738234774835e-20,0,,191,100
2602,26020,26820,5.299407456073512e-21,0,,190,100
2603,26030,26830,1.2343956124896832e-22,0,,191,100
2604,26040,26840,2.6116097390621693e-22,0,,191,100
2605,26050,26850,3.774060375584692e-23,0,,190,100
2606,26060,26860,6.064477205632928e-22,0,,189,100
2607,26070,26870,4.844377429260709e-25,0,,191,100
2608,26080,26880,1.220031036753523e-25,0,,191,100
2609,26090,26890,6.786178723096349e-26,0,,189,100
2610,26100,26900,1.0409167893181705e-27,0,,191,100
2611,26110,26910,1.082387350269462e-23,0,,190,100
2612,26120,26920,4.155554785216192e-25,0,,188,100
2613,26130,26930,1.6880037494702953e-26,0,,188,100
2614,26140,26940,2.6678184641345734e-21,0,,189,100
2615,26150,26950,2.4778541322825616e-27,0,,189,100
2616,26160,26960,9.55770525498618e-26,0,,191,100
2617,26170,26970,5.625374188311467e-25,0,,190,100
2618,26180,26980,2.5981718270107723e-21,0,,190,100
2619,26190,26990,7.793326743826738e-22,0,,190,100
2620,26200,27000,5.370537007607665e-15,0,,188,100
2621,26210,27010,2.2953582360832593e-13,0,,187,100
2622,26220,27020,1.879488057250016e-13,0,,190,100
2623,26230,27030,1.0466999153854135e-12,0,,189,100
2624,26240,27040,2.477363594418536e-14,0,,189,100
2625,26250,27050,2.0434920530396304e-11,0,,189,100
2626,26260,27060,9.38339135399369e-13,0,,190,100
2627,26270,27070,1.5725857819749428e-15,0,,189,100
2628,26280,27080,4.993047461730633e-12,0,,188,100
2629,26290,27090,7.25415980582025e-12,0,,188,100
2630,26300,27100,7.059472389624239e-14,0,,188,100
2631,26310,27110,2.602204135575108e-14,0,,186,100
2632,26320,27120,2.131130419697629e-14,0,,184,100
2633,26330,27130,3.8489488029799436e-13,0,,186,100
2634,26340,27140,2.2502207704942515e-14,0,,183,100
2635,26350,27150,1.9901302482945255e-14,0,,184,100
2636,26360,27160,2.1521247849789233e-14,0,,184,100
2637,26370,27170,9.607248922610376e-15,0,,185,100
2638,26380,27180,6.654894982562307e-17,0,,184,100
2639,26390,27190,1.098276903413994e-16,0,,186,100
2640,26400,27200,4.6132041323806927e-26,0,,183,100
2641,26410,27210,2.380352889877511e-23,0,,182,100
2642,26420,27220,7.538301058285248e-25,0,,180,100
2643,26430,27230,5.103030843393224e-25,0,,179,100
2644,26440,27240,2.0505278445633094e-22,0,,180,100
2645,26450,27250,4.537493942544563e-25,0,,181,100
2646,26460,27260,3.104524220823684e-20,0,,182,100
2647,26470,27270,4.6311338896130135e-23,0,,182,100
2648,26480,27280,8.121962714812195e-25,0,,180,100
2649,26490,27290,7.582184529877496e-21,0,,182,100
2650,26500,27300,3.0462160714701095e-22,0,,182,100
2651,26510,27310,7.209488371951238e-22,0,,182,100
2652,26520,27320,2.7176219179044665e-58,0,,183,100
2653,26530,27330,6.88477573317532e-61,0,,183,100
2654,26540,27340,3.044054434218215e-55,0,,184,100
2655,26550,27350,3.555377239866318e-34,0,,182,100
2656,26560,27360,2.9542314209646684e-27,0,,181,100
2657,26570,27370,1.7500695584142507e-25,0,,180,100
2658,26580,27380,7.768737089159124e-27,0,,182,100
2659,26590,27390,8.48327578350844e-27,0,,184,100
2660,26600,27400,1.1599539809029697e-31,0,,184,100
2661,26610,27410,1.6384454018137207e-37,0,,184,100
2662,26620,27420,1.4528419164613294e-58,0,,184,100
2663,26630,27430,1.068510248614346e-57,0,,182,100
2664,26640,27440,5.950845287402475e-59,0,,181,100
2665,26650,27450,7.294090446735747e-56,0,,181,100
2666,26660,27460,1.334450969184275e-54,0,,180,100
2667,26670,27470,8.812258442111001e-54,0,,183,100
2668,26680,27480,3.585124307966305e-49,0,,181,100
2669,26690,27490,1.2679156747440618e-47,0,,182,100
2670,26700,27500,9.755586061877358e-41,0,,182,100
2671,26710,27510,3.2891074185044013e-39,0,,181,100
2672,26720,27520,9.819472850090588e-37,0,,182,100
2673,26730,27530,1.8436220296390144e-33,0,,182,100
2674,26740,27540,4.912197924831587e-33,0,,183,100
2675,26750,27550,7.619347865951084e-31,0,,183,100
2676,26760,27560,2.0683128533953177e-31,0,,184,100
2677,26770,27570,2.5369632773189324e-27,0,,183,100
2678,26780,27580,1.1092226918765322e-24,0,,183,100
2679,26790,27590,3.198822759841947e-25,0,,182,100
2680,26800,27600,7.840093337764011e-23,0,,183,100
2681,26810,27610,1.4800306431181612e-21,0,,184,100
2682,26820,27620,7.930676780503079e-20,0,,183,100
2683,26830,27630,7.719537356243442e-18,0,,185,100
2684,26840,27640,7.575757214664614e-19,0,,185,100
2685,26850,27650,2.48730725486745e-17,0,,185,100
2686,26860,27660,1.5011931548804743e-17,0,,185,100
2687,26870,27670,2.5508643999727347e-11,0,,185,100
2688,26880,27680,1.5919175719792045e-11,0,,187,100
2689,26890,27690,1.1233997648364812e-09,0,,187,100
2690,26900,27700,6.003757446517072e-11,0,,187,100
2691,26910,27710,2.4099287547815434e-10,0,,187,100
2692,26920,27720,9.212093477450247e-10,0,,187,100
2693,26930,27730,2.206573882169858e-09,0,,187,100
2694,26940,27740,6.453571705850215e-12,0,,185,100
2695,26950,27750,4.900871598960312e-12,0,,188,100
2696,26960,27760,4.322854023421362e-11,0,,190,100
2697,26970,27770,4.609519381476763e-09,0,,189,100
2698,26980,27780,2.8857539168392626e-08,0,,187,100
2699,26990,27790,4.053781360917213e-08,0,,189,100
2700,27000,27800,8.019296170766273e-08,0,,189,100
2701,27010,27810,1.1257422873255355e-08,0,,189,100
2702,27020,27820,3.8615931988640495e-18,0,,188,100
2703,27030,27830,4.313405029228473e-23,0,,187,100
2704,27040,27840,9.19107405737828e-24,0,,187,100
2705,27050,27850,1.808866223309032e-23,0,,189,100
2706,27060,27860,6.24665686015815e-50,0,,189,100
2707,27070,27870,2.674568020153044e-51,0,,189,100
2708,27080,27880,1.639758550336866e-51,0,,192,100
2709,27090,27890,6.005508356397571e-51,0,,194,100
2710,27100,27900,1.188646063904832e-50,0,,193,100
2711,27110,27910,6.544621466212883e-51,0,,194,100
2712,27120,27920,3.8594597868513436e-51,0,,193,100
2713,27130,27930,7.382030397873984e-55,0,,192,100
2714,27140,27940,4.386208740757319e-54,0,,193,100
2715,27150,27950,3.949296729061328e-54,0,,194,100
2716,27160,27960,6.943646897900469e-58,0,,193,100
2717,27170,27970,1.384700761006123e-56,0,,193,100
2718,27180,27980,1.9129742236013787e-51,0,,192,100
2719,27190,27990,3.886982144701994e-52,0,,192,100
2720,27200,28000,4.62023881127858e-51,0,,192,100
2721,27210,28010,1.8127760671443152e-50,0,,194,100
2722,27220,28020,8.57844559050673e-50,0,,195,100
2723,27230,28030,3.0649193001125107e-54,0,,196,100
2724,27240,28040,7.1978425322520515e-56,0,,194,100
2725,27250,28050,8.333280086163856e-51,0,,192,100
2726,27260,28060,1.77513517903547e-46,0,,194,100
2727,27270,28070,1.4175731475742879e-39,0,,192,100
2728,27280,28080,1.4442679467648873e-40,0,,191,100
2729,27290,28090,2.4004948118522134e-36,0,,192,100
2730,27300,28100,7.2276691973512295e-37,0,,193,100
2731,27310,28110,1.2387633473348058e-40,0,,192,100
2732,27320,28120,9.943050883321083e-40,0,,191,100
2733,27330,28130,1.2144123932149211e-40,0,,191,100
2734,27340,28140,4.30794932170047e-48,0,,192,100
2735,27350,28150,2.3702745055388794e-44,0,,192,100
2736,27360,28160,1.4356524977901482e-42,0,,194,100
2737,27370,28170,1.5065054949609305e-43,0,,194,100
2738,27380,28180,3.6952231331961508e-37,0,,193,100
2739,27390,28190,7.614001092524527e-44,0,,192,100
2740,27400,28200,6.109991874425342e-56,0,,192,100
2741,27410,28210,1.4078756160293545e-54,0,,191,100
2742,27420,28220,4.779714138802664e-49,0,,191,100
2743,27430,28230,3.573661654474301e-49,0,,193,100
2744,27440,28240,9.742188615216004e-43,0,,193,100
2745,27450,28250,9.877667071792335e-41,0,,194,100
2746,27460,28260,1.4701628475368317e-41,0,,193,100
2747,27470,28270,1.8644639900037815e-42,0,,194,100
2748,27480,28280,6.221023525880175e-43,0,,193,100
2749,27490,28290,5.027449600185998e-43,0,,192,100
2750,27500,28300,9.3477488690101e-47,0,,193,100
2751,27510,28310,2.1522252687597396e-46,0,,191,100
2752,27520,28320,3.667615058513566e-52,0,,190,100
2753,27530,28330,4.654622651931061e-54,0,,191,100
2754,27540,28340,7.317552235327987e-52,0,,191,100
2755,27550,28350,1.6608206091435122e-51,0,,191,100
2756,27560,28360,4.85461424213518e-57,0,,192,100
2757,27570,28370,1.670582127407227e-59,0,,190,100
2758,27580,28380,3.7169397603215814e-58,0,,192,100
2759,27590,28390,5.063078851559869e-47,0,,193,100
2760,27600,28400,1.382027538188682e-55,0,,193,100
2761,27610,28410,5.905533998594676e-48,0,,191,100
2762,27620,28420,1.1879212515132826e-60,0,,192,100
2763,27630,28430,3.37844652765948e-44,0,,190,100
2764,27640,28440,4.728808704194524e-49,0,,193,100
2765,27650,28450,6.745562268575825e-29,0,,193,100
2766,27660,28460,1.9611538691119365e-23,0,,191,100
2767,27670,28470,1.1530865169109082e-21,0,,192,100
2768,27680,28480,1.7508647362125384e-22,0,,189,100
2769,27690,28490,4.6834013676051816e-23,0,,189,100
2770,27700,28500,8.935894103938499e-21,0,,188,100
2771,27710,28510,6.657509702273828e-20,0,,188,100
2772,27720,28520,1.062749935646045e-18,0,,188,100
2773,27730,28530,4.119864497826714e-20,0,,188,100
2774,27740,28540,2.4088632616635175e-20,0,,188,100
2775,27750,28550,2.013476348790126e-20,0,,186,100
2776,27760,28560,1.1974956135485586e-16,0,,184,100
2777,27770,28570,5.559191228192022e-17,0,,185,100
2778,27780,28580,1.118936132956107e-19,0,,185,100
2779,27790,28590,6.692078012933307e-18,0,,187,100
2780,27800,28600,1.8285407845104963e-17,0,,186,100
2781,27810,28610,2.876612767950013e-17,0,,185,100
2782,27820,28620,1.3770192052856464e-16,0,,187,100
2783,27830,28630,3.21531835143374e-28,0,,185,100
2784,27840,28640,1.9105517536434497e-30,0,,184,100
2785,27850,28650,4.828914497671739e-36,0,,185,100
2786,27860,28660,5.278772367615844e-37,0,,184,100
2787,27870,28670,7.938430953517501e-35,0,,182,100
2788,27880,28680,3.789535049056803e-44,0,,180,100
2789,27890,28690,1.2394836355590826e-48,0,,179,100
2790,27900,28700,5.447715119273243e-49,0,,180,100
2791,27910,28710,2.068940100998732e-48,0,,180,100
2792,27920,28720,1.0984685835017774e-47,0,,182,100
2793,27930,28730,1.9324983773388745e-44,0,,182,100
2794,27940,28740,3.884329812119003e-44,0,,181,100
2795,27950,28750,1.1946910674183048e-42,0,,183,100
2796,27960,28760,4.764262073145363e-44,0,,183,100
2797,27970,28770,8.750033983793045e-44,0,,182,100
2798,27980,28780,5.443190960840121e-43,0,,182,100
2799,27990,28790,4.029537344908042e-42,0,,181,100
2800,28000,28800,1.903384142625847e-41,0,,183,100
2801,28010,28810,9.278396469618794e-42,0,,183,100
2802,28020,28820,3.108228063434384e-39,0,,181,100
2803,28030,28830,1.1482869107667928e-38,0,,183,100
2804,28040,28840,1.3953179113363288e-38,0,,184,100
2805,28050,28850,1.9841930831352625e-33,0,,187,100
2806,28060,28860,1.6415597266657351e-28,0,,188,100
2807,28070,28870,3.3948344455139015e-28,0,,191,100
2808,28080,28880,3.7193044555528774e-27,0,,191,100
2809,28090,28890,6.69947644010528e-25,0,,191,100
2810,28100,28900,2.6989911774882793e-22,0,,191,100
2811,28110,28910,2.912890338312724e-20,0,,190,100
2812,28120,28920,5.161664156197633e-19,0,,191,100
2813,28130,28930,3.365691407026764e-15,0,,189,100
2814,28140,28940,2.5041130736189057e-13,0,,188,100
2815,28150,28950,1.8167915121236032e-12,0,,188,100
2816,28160,28960,6.935432599298905e-14,0,,187,100
2817,28170,28970,5.2653566418880455e-18,0,,188,100
2818,28180,28980,1.071970670993456e-12,0,,188,100
2819,28190,28990,4.543645980909097e-12,0,,188,100
2820,28200,29000,1.025884693154496e-12,0,,189,100
2821,28210,29010,4.086915031338134e-12,0,,189,100
2822,28220,29020,3.669666295621572e-14,0,,189,100
2823,28230,29030,2.7279625934014893e-14,0,,188,100
2824,28240,29040,2.471765794627875e-15,0,,188,100
2825,28250,29050,7.810051822125371e-17,0,,188,100
2826,28260,29060,2.649508371392555e-25,0,,187,100
2827,28270,29070,2.671227737827429e-16,0,,187,100
2828,28280,29080,9.012877568039278e-16,0,,187,100
2829,28290,29090,3.5223908208069214e-15,0,,188,100
2830,28300,29100,1.1618595113608768e-13,0,,186,100
2831,28310,29110,2.031651704706619e-13,0,,189,100
2832,28320,29120,4.3712031327165175e-12,0,,188,100
2833,28330,29130,1.8574151356960438e-11,0,,188,100
2834,28340,29140,4.207496761776567e-11,0,,189,100
2835,28350,29150,5.348705202934991e-13,0,,188,100
2836,28360,29160,4.0658836612761556e-14,0,,189,100
2837,28370,29170,8.090716674237136e-18,0,,191,100
2838,28380,29180,1.6560942741685681e-21,0,,191,100
2839,28390,29190,4.695183068913617e-22,0,,189,100
2840,28400,29200,1.513016503727932e-23,0,,189,100
2841,28410,29210,4.4209759743998323e-23,0,,191,100
2842,28420,29220,1.125134855837339e-22,0,,191,100
2843,28430,29230,1.131030764136842e-20,0,,190,100
2844,28440,29240,5.419834135677453e-21,0,,189,100
2845,28450,29250,1.6017658333351878e-21,0,,191,100
2846,28460,29260,8.85452881916523e-22,0,,191,100
2847,28470,29270,1.5801324342014722e-24,0,,191,100
2848,28480,29280,9.862638835865623e-20,0,,192,100
2849,28490,29290,2.8415122901056584e-23,0,,191,100
2850,28500,29300,1.4955148694726917e-19,0,,193,100
2851,28510,29310,1.085460101009687e-19,0,,194,100
2852,28520,29320,1.7984625968678015e-19,0,,194,100
2853,28530,29330,2.4668113771128902e-18,0,,192,100
2854,28540,29340,3.2250024097795472e-18,0,,195,100
2855,28550,29350,1.9308953243013234e-17,0,,195,100
2856,28560,29360,1.6017447549818292e-17,0,,195,100
2857,28570,29370,4.100016782354068e-16,0,,194,100
2858,28580,29380,2.7919464340761056e-16,0,,194,100
2859,28590,29390,2.4419482137349125e-10,0,,192,100
2860,28600,29400,1.0737696754105106e-08,0,,190,100
2861,28610,29410,3.2449288586580535e-09,0,,192,100
2862,28620,29420,1.2270997269593958e-09,0,,194,100
2863,28630,29430,2.8358148285710533e-11,0,,194,100
2864,28640,29440,5.158283515561734e-11,0,,198,100
2865,28650,29450,3.9401482866733136e-11,0,,200,100
2866,28660,29460,4.4178898248847645e-11,0,,203,100
2867,28670,29470,2.7129017637815008e-12,0,,202,100
2868,28680,29480,9.389796324764581e-13,0,,202,100
2869,28690,29490,3.455648087929286e-14,0,,202,100
2870,28700,29500,4.191511910107659e-15,0,,204,100
2871,28710,29510,1.4848220381775737e-11,0,,203,100
2872,28720,29520,3.7054653790643087e-09,0,,201,100
2873,28730,29530,1.1672068922184553e-08,0,,203,100
2874,28740,29540,5.242181634866825e-09,0,,203,100
2875,28750,29550,1.3373705661396371e-08,0,,204,100
2876,28760,29560,2.7227198276828075e-09,0,,205,100
2877,28770,29570,1.1404919807723328e-07,0,,206,100
2878,28780,29580,6.600815608866217e-09,0,,206,100
2879,28790,29590,1.529315932499981e-10,0,,206,100
2880,28800,29600,6.798260701778561e-12,0,,206,100
2881,28810,29610,7.978025356686237e-12,0,,205,100
2882,28820,29620,6.227956040685469e-13,0,,204,100
2883,28830,29630,2.379524667564231e-13,0,,203,100
2884,28840,29640,5.470979690209919e-14,0,,200,100
2885,28850,29650,1.2894659955605412e-14,0,,199,100
2886,28860,29660,7.184677252060939e-14,0,,197,100
2887,28870,29670,4.577613398265293e-14,0,,197,100
2888,28880,29680,2.1127642511761722e-19,0,,196,100
2889,28890,29690,1.0015188325717197e-36,0,,196,100
2890,28900,29700,1.3435439895178025e-34,0,,196,100
2891,28910,29710,2.6970893283766376e-36,0,,198,100
2892,28920,29720,2.149926081364496e-35,0,,199,100
2893,28930,29730,2.4892478327529544e-39,0,,198,100
2894,28940,29740,1.5091872376621584e-36,0,,200,100
2895,28950,29750,9.220377539157285e-41,0,,201,100
2896,28960,29760,1.4333336921711773e-39,0,,201,100
2897,28970,29770,3.889048234699483e-36,0,,201,100
2898,28980,29780,3.02732794818355e-34,0,,201,100
2899,28990,29790,2.0260688464029486e-36,0,,201,100
2900,29000,29800,3.322877236232752e-34,0,,202,100
2901,29010,29810,6.17926876096665e-42,0,,202,100
2902,29020,29820,1.2332506362494024e-42,0,,199,100
2903,29030,29830,1.1519894001665986e-48,0,,199,100
2904,29040,29840,5.866211214158827e-53,0,,200,100
2905,29050,29850,2.5339675680470635e-54,0,,202,100
2906,29060,29860,8.344055058491387e-53,0,,203,100
2907,29070,29870,2.477360394243706e-59,0,,204,100
2908,29080,29880,1.0133389406842656e-56,0,,205,100
2909,29090,29890,2.766663755333116e-57,0,,206,100
2910,29100,29900,5.428521613650261e-59,0,,206,100
2911,29110,29910,2.154411049740225e-56,0,,202,100
2912,29120,29920,1.4176408206367312e-57,0,,204,100
2913,29130,29930,4.192543776096736e-58,0,,205,100
2914,29140,29940,2.2106078095037905e-57,0,,205,100
2915,29150,29950,4.056202147347312e-57,0,,207,100
2916,29160,29960,1.4366121158740369e-53,0,,204,100
2917,29170,29970,1.2257119235824678e-54,0,,200,100
2918,29180,29980,9.218397483441242e-53,0,,199,100
2919,29190,29990,6.714744620835114e-55,0,,198,100
2920,29200,30000,7.536017052026365e-55,0,,200,100
2921,29210,30010,1.0696512929398683e-52,0,,199,100
2922,29220,30020,2.9965160324862547e-56,0,,199,100
2923,29230,30030,2.6355102195348025e-54,0,,199,100
2924,29240,30040,2.3719844527422534e-47,0,,198,100
2925,29250,30050,1.5096666487504344e-45,0,,200,100
2926,29260,30060,1.6502645729689165e-48,0,,199,100
2927,29270,30070,7.000458676387554e-46,0,,199,100
2928,29280,30080,7.636456263537533e-49,0,,199,100
2929,29290,30090,1.1021129816676169e-46,0,,200,100
2930,29300,30100,3.2972503959313395e-44,0,,199,100
2931,29310,30110,1.269042995641686e-45,0,,198,100
2932,29320,30120,5.4811574650381804e-49,0,,198,100
2933,29330,30130,6.619896269481981e-47,0,,198,100
2934,29340,30140,1.1352913318949036e-46,0,,199,100
2935,29350,30150,8.200331836542735e-49,0,,197,100
2936,29360,30160,4.893855821405333e-48,0,,200,100
2937,29370,30170,3.1787517525191496e-47,0,,204,100
2938,29380,30180,1.0258251693965054e-44,0,,202,100
2939,29390,30190,2.859893392581299e-49,0,,204,100
2940,29400,30200,2.8131850042214446e-50,0,,203,100
2941,29410,30210,7.089202632241521e-50,0,,202,100
2942,29420,30220,2.5983626918243707e-48,0,,202,100
2943,29430,30230,2.5040607321264956e-50,0,,203,100
2944,29440,30240,9.354209300037088e-54,0,,200,100
2945,29450,30250,9.920888618171881e-52,0,,198,100
2946,29460,30260,1.032541921924198e-55,0,,197,100
2947,29470,30270,1.934264870744147e-54,0,,196,100
2948,29480,30280,3.7287526554318435e-54,0,,197,100
2949,29490,30290,1.563804529347895e-57,0,,195,100
2950,29500,30300,9.41641205805841e-56,0,,196,100
2951,29510,30310,1.6681500045507883e-53,0,,196,100
2952,29520,30320,3.033780982389236e-52,0,,196,100
2953,29530,30330,7.420051181792258e-54,0,,196,100
2954,29540,30340,1.0140373782762616e-47,0,,194,100
2955,29550,30350,5.978329686744483e-45,0,,193,100
2956,29560,30360,8.36405961646233e-41,0,,194,100
2957,29570,30370,8.386846847607124e-37,0,,192,100
2958,29580,30380,3.850356595871656e-36,0,,195,100
2959,29590,30390,4.01576862614319e-32,0,,194,100
2960,29600,30400,1.6156932756116218e-33,0,,195,100
2961,29610,30410,1.0588273893478623e-30,0,,195,100
2962,29620,30420,2.2119256647656742e-30,0,,195,100
2963,29630,30430,1.4204375782343287e-27,0,,195,100
2964,29640,30440,7.124386459413767e-29,0,,195,100
2965,29650,30450,5.773749041113937e-27,0,,193,100
2966,29660,30460,8.801812957034517e-27,0,,194,100
2967,29670,30470,1.6104057012059628e-27,0,,193,100
2968,29680,30480,5.321984757154226e-22,0,,192,100
2969,29690,30490,9.797355772591297e-17,0,,192,100
2970,29700,30500,5.170682069012466e-15,0,,190,100
2971,29710,30510,4.7754752240665945e-14,0,,192,100
2972,29720,30520,3.5082507766261433e-15,0,,192,100
2973,29730,30530,1.6301460510736651e-18,0,,192,100
2974,29740,30540,2.0429253211827042e-21,0,,192,100
2975,29750,30550,4.3985866987521525e-25,0,,190,100
2976,29760,30560,6.328126208905315e-23,0,,188,100
2977,29770,30570,5.612175631846874e-24,0,,188,100
2978,29780,30580,9.853526617464543e-25,0,,189,100
2979,29790,30590,1.3553202525440584e-26,0,,189,100
2980,29800,30600,6.344923033180517e-26,0,,189,100
2981,29810,30610,9.39477351712006e-25,0,,191,100
2982,29820,30620,3.2255486727888543e-23,0,,191,100
2983,29830,30630,2.497872144728857e-23,0,,190,100
2984,29840,30640,2.121570371643342e-23,0,,189,100
2985,29850,30650,4.517752697584421e-19,0,,189,100
2986,29860,30660,1.969172414093201e-18,0,,190,100
2987,29870,30670,3.1245958112612123e-18,0,,189,100
2988,29880,30680,2.4739007832435116e-21,0,,189,100
2989,29890,30690,4.279129185238712e-21,0,,190,100
2990,29900,30700,1.0973151339495373e-21,0,,190,100
2991,29910,30710,9.18282880475225e-22,0,,189,100
2992,29920,30720,1.6956947700074308e-19,0,,190,100
2993,29930,30730,1.0924555104649489e-14,0,,188,100
2994,29940,30740,9.648248980810485e-11,0,,187,100
2995,29950,30750,3.558300467929376e-10,0,,188,100
2996,29960,30760,2.4866277064899265e-09,0,,191,100
2997,29970,30770,3.721252376603218e-11,0,,190,100
2998,29980,30780,3.313926697614216e-10,0,,190,100
2999,29990,30790,1.6386926601229873e-11,0,,189,100
3000,30000,30800,4.760957035481502e-13,0,,189,100
3001,30010,30810,3.1067241710306867e-13,0,,189,100
3002,30020,30820,5.869156593199299e-15,0,,187,100
3003,30030,30830,3.6651200060545635e-14,0,,189,100
3004,30040,30840,4.810126973649102e-17,0,,189,100
3005,30050,30850,8.155640469280333e-19,0,,189,100
3006,30060,30860,4.730622913739688e-46,0,,191,100
3007,30070,30870,5.729557051874491e-49,0,,190,100
3008,30080,30880,2.0558874316449204e-42,0,,190,100
3009,30090,30890,4.743337079060591e-44,0,,190,100
3010,30100,30900,2.3107949706201002e-43,0,,192,100
3011,30110,30910,4.067350246425687e-45,0,,195,100
3012,30120,30920,4.1191848632225444e-41,0,,193,100
3013,30130,30930,2.1483640565846347e-42,0,,191,100
3014,30140,30940,8.566536080229647e-43,0,,191,100
3015,30150,30950,2.0844942890952537e-43,0,,192,100
3016,30160,30960,2.5761839458646593e-43,0,,189,100
3017,30170,30970,7.6802013309082e-50,0,,187,100
3018,30180,30980,1.8127550673668367e-47,0,,188,100
3019,30190,30990,4.168967653453107e-50,0,,188,100
3020,30200,31000,8.429010163850768e-49,0,,188,100
3021,30210,31010,6.053523502230876e-48,0,,188,100
3022,30220,31020,1.2088132259793282e-48,0,,188,100
3023,30230,31030,1.4375198864848532e-52,0,,187,100
3024,30240,31040,2.807825233031366e-50,0,,185,100
3025,30250,31050,1.4614226534799557e-50,0,,187,100
3026,30260,31060,1.0690794695130215e-47,0,,188,100
3027,30270,31070,3.4026696681443905e-47,0,,186,100
3028,30280,31080,1.266566850641027e-47,0,,187,100
3029,30290,31090,3.669187097935013e-47,0,,187,100
3030,30300,31100,5.509953299680958e-44,0,,184,100
3031,30310,31110,1.1823726586412038e-43,0,,186,100
3032,30320,31120,1.8912712670514422e-45,0,,187,100
3033,30330,31130,5.923623298701376e-44,0,,188,100
3034,30340,31140,7.520155861531373e-49,0,,189,100
3035,30350,31150,9.906852327472686e-48,0,,189,100
3036,30360,31160,1.3875670278180295e-45,0,,188,100
3037,30370,31170,8.044587540475741e-47,0,,190,100
3038,30380,31180,1.6225697686925074e-46,0,,189,100
3039,30390,31190,1.7807836072423806e-41,0,,189,100
3040,30400,31200,2.680936807921007e-35,0,,189,100
3041,30410,31210,2.4588552800466245e-38,0,,189,100
3042,30420,31220,1.6527447257394379e-37,0,,189,100
3043,30430,31230,3.391115125944747e-38,0,,189,100
3044,30440,31240,2.9808057458547372e-37,0,,191,100
3045,30450,31250,7.303385212955864e-41,0,,190,100
3046,30460,31260,2.898658960136974e-39,0,,189,100
3047,30470,31270,2.2290274315710197e-34,0,,191,100
3048,30480,31280,3.022698000793745e-19,0,,192,100
3049,30490,31290,7.1108795926516835e-22,0,,193,100
3050,30500,31300,5.428029436128999e-24,0,,194,100
3051,30510,31310,1.1891415868789187e-23,0,,193,100
3052,30520,31320,3.026416526427526e-31,0,,192,100
3053,30530,31330,6.544657549690918e-24,0,,191,100
3054,30540,31340,9.348924407281963e-20,0,,191,100
3055,30550,31350,2.800806255025166e-20,0,,194,100
3056,30560,31360,7.60877487612362e-19,0,,194,100
3057,30570,31370,7.485462112679726e-21,0,,197,100
3058,30580,31380,3.380938582793284e-17,0,,195,100
3059,30590,31390,3.525427196885224e-23,0,,194,100
3060,30600,31400,5.118644459846667e-21,0,,194,100
3061,30610,31410,1.7294747957278737e-23,0,,195,100
3062,30620,31420,1.2209288483816963e-27,0,,195,100
3063,30630,31430,3.6349591645081195e-22,0,,196,100
3064,30640,31440,1.501975498832851e-28,0,,194,100
3065,30650,31450,5.329592051485677e-29,0,,192,100
3066,30660,31460,1.5884170423417709e-28,0,,192,100
3067,30670,31470,2.2160485623355667e-18,0,,189,100
3068,30680,31480,1.5521016037597055e-16,0,,190,100
3069,30690,31490,1.5924323302670554e-14,0,,190,100
3070,30700,31500,1.149750447425609e-12,0,,190,100
3071,30710,31510,1.2737285280286676e-11,0,,190,100
3072,30720,31520,2.2468075575715395e-09,0,,190,100
3073,30730,31530,2.4310636889025693e-09,0,,190,100
3074,30740,31540,4.707125070254314e-09,0,,190,100
3075,30750,31550,2.4453910040737864e-08,0,,190,100
3076,30760,31560,3.4410282451266864e-07,0,,193,100
3077,30770,31570,2.1964978955974578e-07,0,,193,100
3078,30780,31580,1.6322764951447598e-06,0,,194,100
3079,30790,31590,1.427999055806379e-05,0,,194,100
3080,30800,31600,1.976663953793221e-05,0,,192,100
3081,30810,31610,5.8353439797025954e-06,0,,193,100
3082,30820,31620,0.00015532865521911466,0,,191,100
3083,30830,31630,2.4843104090342913e-06,0,,192,100
3084,30840,31640,1.4476526367743472e-06,0,,191,100
3085,30850,31650,4.61948107128882e-08,0,,191,100
3086,30860,31660,3.724482751021083e-08,0,,190,100
3087,30870,31670,3.036838057493059e-08,0,,191,100
3088,30880,31680,4.091426241728736e-10,0,,189,100
3089,30890,31690,9.788489952497538e-11,0,,188,100
3090,30900,31700,9.47941865216287e-13,0,,183,100
3091,30910,31710,1.0545906790725363e-19,0,,186,100
3092,30920,31720,1.8478967099118463e-17,0,,184,100
3093,30930,31730,6.107624275535638e-19,0,,184,100
3094,30940,31740,1.8157562880816518e-19,0,,184,100
3095,30950,31750,3.526046559880211e-19,0,,184,100
3096,30960,31760,3.031516172342154e-20,0,,186,100
3097,30970,31770,8.900890970598135e-24,0,,184,100
3098,30980,31780,3.895375849775685e-23,0,,184,100
3099,30990,31790,1.8405711150961443e-22,0,,184,100
3100,31000,31800,3.6415873546117358e-28,0,,182,100
3101,31010,31810,3.3137340169933183e-29,0,,183,100
3102,31020,31820,1.0618948407957755e-31,0,,182,100
3103,31030,31830,2.643913925668635e-31,0,,183,100
3104,31040,31840,4.929199988784849e-35,0,,183,100
3105,31050,31850,1.5807387895500176e-37,0,,183,100
3106,31060,31860,5.0133906450325315e-37,0,,183,100
3107,31070,31870,1.4248566326894348e-39,0,,184,100
3108,31080,31880,2.449120658879886e-40,0,,184,100
3109,31090,31890,1.0074431502870831e-40,0,,185,100
3110,31100,31900,3.259384139163336e-38,0,,187,100
3111,31110,31910,3.124201248091542e-43,0,,184,100
3112,31120,31920,2.236520041659702e-38,0,,183,100
3113,31130,31930,1.884599960166621e-39,0,,184,100
3114,31140,31940,4.5259216433433815e-39,0,,185,100
3115,31150,31950,8.341922629781537e-40,0,,184,100
3116,31160,31960,2.9493993343210824e-37,0,,184,100
3117,31170,31970,4.505458457391805e-36,0,,181,100
3118,31180,31980,5.151169466208717e-36,0,,182,100
3119,31190,31990,6.253548555099288e-37,0,,181,100
3120,31200,32000,2.8012589389372674e-37,0,,182,100
3121,31210,32010,4.398434680404621e-32,0,,180,100
3122,31220,32020,7.985668049507434e-32,0,,181,100
3123,31230,32030,4.263148850712098e-31,0,,183,100
3124,31240,32040,9.666563347242983e-31,0,,181,100
3125,31250,32050,2.030228857200312e-25,0,,181,100
3126,31260,32060,2.1553757631208313e-25,0,,181,100
3127,31270,32070,3.1411699565714345e-23,0,,180,100
3128,31280,32080,2.1923833691139546e-18,0,,179,100
3129,31290,32090,4.459600964456678e-24,0,,181,100
3130,31300,32100,2.040414394622622e-22,0,,181,100
3131,31310,32110,5.692370864843073e-25,0,,180,100
3132,31320,32120,1.4100844319159302e-21,0,,181,100
3133,31330,32130,1.117948972580149e-34,0,,182,100
3134,31340,32140,6.39703466719118e-39,0,,181,100
3135,31350,32150,7.54628065796492e-38,0,,182,100
3136,31360,32160,4.32930389696443e-34,0,,181,100
3137,31370,32170,1.0745900644010572e-30,0,,179,100
3138,31380,32180,3.9843699873374415e-30,0,,179,100
3139,31390,32190,2.748581033532527e-26,0,,180,100
3140,31400,32200,3.2313836927107834e-26,0,,180,100
3141,31410,32210,6.0863094015860975e-21,0,,178,100
3142,31420,32220,5.18258873696627e-19,0,,178,100
3143,31430,32230,8.302305962135451e-18,0,,179,100
3144,31440,32240,9.64998430941391e-15,0,,180,100
3145,31450,32250,1.691350724023473e-12,0,,181,100
3146,31460,32260,7.46295945905942e-13,0,,180,100
3147,31470,32270,2.3362487575324484e-12,0,,180,100
3148,31480,32280,8.803707061082984e-14,0,,179,100
3149,31490,32290,3.534076801409995e-16,0,,180,100
3150,31500,32300,1.4779853357303376e-17,0,,181,100
3151,31510,32310,2.7629647676736484e-22,0,,182,100
3152,31520,32320,6.119175869580715e-20,0,,180,100
3153,31530,32330,1.8829667137848514e-18,0,,181,100
3154,31540,32340,2.7737201798226945e-18,0,,181,100
3155,31550,32350,1.5492228110494935e-14,0,,181,100
3156,31560,32360,3.0628331090383767e-19,0,,179,100
3157,31570,32370,4.017665788989951e-19,0,,179,100
3158,31580,32380,2.3645701453399186e-19,0,,180,100
3159,31590,32390,1.2169030393872268e-19,0,,179,100
3160,31600,32400,1.4518696493461911e-18,0,,178,100
3161,31610,32410,1.378357296502279e-18,0,,179,100
3162,31620,32420,2.9040791620895977e-19,0,,180,100
3163,31630,32430,9.670662598044866e-24,0,,178,100
3164,31640,32440,2.1756679465414025e-26,0,,179,100
3165,31650,32450,2.4360397887782e-25,0,,182,100
3166,31660,32460,2.557042836709365e-34,0,,181,100
3167,31670,32470,1.9045756319141697e-38,0,,183,100
3168,31680,32480,6.092166902908725e-31,0,,183,100
3169,31690,32490,3.3578794167982617e-31,0,,184,100
3170,31700,32500,8.465183168185468e-33,0,,184,100
3171,31710,32510,1.5315115621794406e-36,0,,185,100
3172,31720,32520,1.6813894408081841e-32,0,,186,100
3173,31730,32530,5.742962173323018e-32,0,,187,100
3174,31740,32540,6.201931190347584e-36,0,,189,100
3175,31750,32550,3.6182667025278065e-44,0,,187,100
3176,31760,32560,2.4636990749773104e-50,0,,188,100
3177,31770,32570,1.9500630884783628e-51,0,,187,100
3178,31780,32580,6.877848674744837e-52,0,,186,100
3179,31790,32590,1.1277590229362672e-52,0,,189,100
3180,31800,32600,1.4729659659725724e-51,0,,189,100
3181,31810,32610,1.0969030978554968e-51,0,,191,100
3182,31820,32620,5.689665302499452e-54,0,,192,100
3183,31830,32630,7.572971369880076e-58,0,,191,100
3184,31840,32640,4.304502149339522e-55,0,,189,100
3185,31850,32650,3.7926922650097766e-57,0,,190,100
3186,31860,32660,2.6543181061858376e-57,0,,188,100
3187,31870,32670,4.990328779520832e-58,0,,188,100
3188,31880,32680,7.676913532733777e-56,0,,188,100
3189,31890,32690,6.55948929788282e-57,0,,188,100
3190,31900,32700,2.561412411652491e-56,0,,189,100
3191,31910,32710,2.920798405833204e-55,0,,190,100
3192,31920,32720,7.112106404117162e-52,0,,188,100
3193,31930,32730,4.2368109131640566e-55,0,,187,100
3194,31940,32740,7.201212836596862e-53,0,,186,100
3195,31950,32750,1.4556476670069492e-52,0,,187,100
3196,31960,32760,2.683397423183249e-53,0,,190,100
3197,31970,32770,4.2068103842413375e-53,0,,192,100
3198,31980,32780,1.3154640051980737e-51,0,,192,100
3199,31990,32790,4.1611180708725726e-53,0,,192,100
3200,32000,32800,3.235739672628064e-53,0,,192,100
3201,32010,32810,3.2621246928641275e-52,0,,191,100
3202,32020,32820,9.160360941619096e-52,0,,191,100
3203,32030,32830,3.7571751007444707e-47,0,,191,100
3204,32040,32840,3.978911393884905e-45,0,,193,100
3205,32050,32850,4.671533744746134e-44,0,,192,100
3206,32060,32860,2.4038533983400693e-39,0,,192,100
3207,32070,32870,1.0829905489448692e-38,0,,192,100
3208,32080,32880,7.694979736130828e-36,0,,191,100
3209,32090,32890,7.716811020963914e-37,0,,191,100
3210,32100,32900,8.426787878282475e-34,0,,190,100
3211,32110,32910,3.1199879132611066e-32,0,,191,100
3212,32120,32920,9.488907873741451e-32,0,,189,100
3213,32130,32930,6.389388702684796e-30,0,,189,100
3214,32140,32940,7.23264245291187e-29,0,,190,100
3215,32150,32950,4.208281412232572e-26,0,,190,100
3216,32160,32960,4.445714201703553e-23,0,,191,100
3217,32170,32970,1.041053932053474e-25,0,,191,100
3218,32180,32980,5.804250780716178e-23,0,,191,100
3219,32190,32990,1.9813631757657534e-23,0,,190,100
3220,32200,33000,5.7553950112688336e-24,0,,189,100
3221,32210,33010,5.315093448427122e-23,0,,189,100
3222,32220,33020,1.1550704020319217e-23,0,,189,100
3223,32230,33030,1.3221210950577756e-22,0,,190,100
3224,32240,33040,2.024967992467595e-25,0,,190,100
3225,32250,33050,1.6714733880267381e-34,0,,189,100
3226,32260,33060,2.558333126184093e-32,0,,188,100
3227,32270,33070,2.616233294435953e-30,0,,190,100
3228,32280,33080,8.905275888077129e-50,0,,189,100
3229,32290,33090,9.240402646837016e-34,0,,188,100
3230,32300,33100,1.826582124539884e-61,0,,186,100
3231,32310,33110,1.4672530244994355e-58,0,,188,100
3232,32320,33120,9.560301367560928e-60,0,,188,100
3233,32330,33130,1.3585926802756155e-56,0,,191,100
3234,32340,33140,1.517887175236237e-54,0,,190,100
3235,32350,33150,2.9404625222502566e-50,0,,192,100
3236,32360,33160,9.126758469875247e-48,0,,193,100
3237,32370,33170,3.357427765941961e-51,0,,194,100
3238,32380,33180,1.948545897806623e-49,0,,196,100
3239,32390,33190,9.608979300785508e-48,0,,198,100
3240,32400,33200,9.908844258959876e-48,0,,200,100
3241,32410,33210,3.1955206681712745e-47,0,,201,100
3242,32420,33220,8.803808315083179e-47,0,,201,100
3243,32430,33230,8.618688403447806e-45,0,,202,100
3244,32440,33240,7.09826483162737e-40,0,,200,100
3245,32450,33250,3.596245495701395e-38,0,,200,100
3246,32460,33260,1.7009489784187778e-32,0,,199,100
3247,32470,33270,1.0776432559261412e-30,0,,200,100
3248,32480,33280,1.2402131039595847e-27,0,,199,100
3249,32490,33290,4.59484331285921e-24,0,,199,100
3250,32500,33300,2.1221656515146235e-20,0,,200,100
3251,32510,33310,6.120720399018543e-17,0,,199,100
3252,32520,33320,2.013641897428632e-15,0,,200,100
3253,32530,33330,6.384775193946906e-17,0,,198,100
3254,32540,33340,1.3594805950170607e-17,0,,199,100
3255,32550,33350,4.8103507463013186e-18,0,,200,100
3256,32560,33360,2.3659003032121465e-16,0,,198,100
3257,32570,33370,1.1869142206869251e-15,0,,197,100
3258,32580,33380,1.0360509465878508e-15,0,,198,100
3259,32590,33390,1.3675434257378618e-11,0,,197,100
3260,32600,33400,3.311988151442256e-10,0,,196,100
3261,32610,33410,4.4315193636569766e-08,0,,194,100
3262,32620,33420,3.621274506104583e-08,0,,195,100
3263,32630,33430,2.814258330339577e-07,0,,196,100
3264,32640,33440,3.1283389506198563e-07,0,,196,100
3265,32650,33450,4.2722440061395146e-07,0,,195,100
3266,32660,33460,1.6484246518915101e-07,0,,196,100
3267,32670,33470,7.388426736823161e-12,0,,196,100
3268,32680,33480,6.284075188266608e-16,0,,195,100
3269,32690,33490,1.0463082438298248e-18,0,,197,100
3270,32700,33500,6.972797375782236e-56,0,,196,100
3271,32710,33510,5.511399301925153e-41,0,,195,100
3272,32720,33520,1.0886297876203474e-43,0,,196,100
3273,32730,33530,4.8684511643464337e-36,0,,194,100
3274,32740,33540,1.3876869829477688e-35,0,,192,100
3275,32750,33550,2.306739640799804e-33,0,,193,100
3276,32760,33560,9.512397856816457e-29,0,,190,100
3277,32770,33570,8.087288274326279e-35,0,,190,100
3278,32780,33580,2.670322545864464e-33,0,,190,100
3279,32790,33590,6.339673097270185e-33,0,,192,100
3280,32800,33600,1.5868609506829212e-34,0,,191,100
3281,32810,33610,1.6451822488342044e-31,0,,190,100
3282,32820,33620,3.440108924745656e-31,0,,192,100
3283,32830,33630,2.818842417215371e-32,0,,192,100
3284,32840,33640,2.1279463076258695e-33,0,,195,100
3285,32850,33650,6.005166282974344e-30,0,,194,100
3286,32860,33660,2.3053909312080726e-25,0,,193,100
3287,32870,33670,1.8915297697219424e-24,0,,195,100
3288,32880,33680,1.4446058627201553e-14,0,,194,100
3289,32890,33690,5.0924192409605454e-12,0,,195,100
3290,32900,33700,2.209315931506161e-12,0,,194,100
3291,32910,33710,4.3609789911687567e-13,0,,192,100
3292,32920,33720,8.381425130880871e-13,0,,193,100
3293,32930,33730,1.1439601493154277e-12,0,,194,100
3294,32940,33740,1.1311759141973519e-12,0,,195,100
3295,32950,33750,1.0491426385719142e-14,0,,193,100
3296,32960,33760,2.9733661452803195e-17,0,,194,100
3297,32970,33770,8.393491201789318e-18,0,,196,100
3298,32980,33780,1.6305647559075335e-17,0,,198,100
3299,32990,33790,3.53352102331294e-18,0,,196,100
3300,33000,33800,8.524200055438627e-18,0,,197,100
3301,33010,33810,3.324700194220755e-19,0,,196,100
3302,33020,33820,5.487503987099693e-23,0,,195,100
3303,33030,33830,2.0245363278369948e-24,0,,195,100
3304,33040,33840,1.7421569838671683e-24,0,,197,100
3305,33050,33850,3.7671330036306857e-26,0,,197,100
3306,33060,33860,2.4079641385243027e-24,0,,197,100
3307,33070,33870,1.287446320341396e-28,0,,197,100
3308,33080,33880,6.534389576913472e-37,0,,198,100
3309,33090,33890,8.313930731622069e-42,0,,197,100
3310,33100,33900,5.664270771103176e-51,0,,196,100
3311,33110,33910,7.441481903075073e-44,0,,197,100
3312,33120,33920,5.438190964655166e-41,0,,197,100
3313,33130,33930,1.5744739353303478e-43,0,,196,100
3314,33140,33940,1.0484700041955948e-33,0,,193,100
3315,33150,33950,8.705356983776215e-42,0,,192,100
3316,33160,33960,9.788909964208659e-34,0,,191,100
3317,33170,33970,1.8714726048253703e-42,0,,187,100
3318,33180,33980,5.001726797118045e-28,0,,187,100
3319,33190,33990,4.5931401946885995e-24,0,,186,100
3320,33200,34000,7.048001164658497e-38,0,,184,100
3321,33210,34010,4.1194311144921964e-41,0,,184,100
3322,33220,34020,1.7824050386861556e-40,0,,183,100
3323,33230,34030,7.952123540408173e-41,0,,183,100
3324,33240,34040,1.7706854304319794e-39,0,,182,100
3325,33250,34050,2.294036089124407e-40,0,,184,100
3326,33260,34060,1.7232856679134408e-39,0,,184,100
3327,33270,34070,6.5953016252740635e-37,0,,185,100
3328,33280,34080,1.5536577874285143e-34,0,,185,100
3329,33290,34090,2.6157782468497514e-32,0,,184,100
3330,33300,34100,2.10629987015108e-26,0,,183,100
3331,33310,34110,1.5078262177921475e-23,0,,182,100
3332,33320,34120,1.66117180743946e-24,0,,183,100
3333,33330,34130,3.3874887454335154e-23,0,,183,100
3334,33340,34140,2.13928191534975e-22,0,,183,100
3335,33350,34150,2.39633361938965e-22,0,,184,100
3336,33360,34160,4.3149019342306404e-21,0,,184,100
3337,33370,34170,1.2730112727133321e-18,0,,184,100
3338,33380,34180,5.048325869448114e-17,0,,186,100
3339,33390,34190,1.6542999489380848e-16,0,,187,100
3340,33400,34200,1.3022402677701308e-15,0,,188,100
3341,33410,34210,0.0010070043816888432,1,,187,100
3342,33420,34220,0.0011802135850629174,1,,187,100
3343,33430,34230,0.0007499718847440134,0,,186,100
3344,33440,34240,0.0081153489920431,1,,183,100
3345,33450,34250,0.013789627409025387,1,,184,100
3346,33460,34260,0.009512810921056927,1,,187,100
3347,33470,34270,0.026418116625426823,1,,186,100
3348,33480,34280,0.03841818522740395,1,,186,100
3349,33490,34290,0.005904835776517379,1,,185,100
3350,33500,34300,0.00973026765024457,1,,185,100
3351,33510,34310,0.030292390838583053,1,,185,100
3352,33520,34320,0.014006231305008254,1,,187,100
3353,33530,34330,0.012904880072540535,1,,189,100
3354,33540,34340,0.005844964629454687,1,,188,100
3355,33550,34350,0.024464391012190077,1,,188,100
3356,33560,34360,0.008143909789462285,1,,187,100
3357,33570,34370,0.008604753054571673,1,,187,100
3358,33580,34380,0.003795344355377415,1,,187,100
3359,33590,34390,0.00122102798170616,1,,189,100
3360,33600,34400,0.0025052020748384625,1,,190,100
3361,33610,34410,0.003676167900821191,1,,188,100
3362,33620,34420,0.00252278342753167,1,,187,100
3363,33630,34430,0.00019632504010885237,0,,188,100
3364,33640,34440,6.550715207681672e-05,0,,187,100
3365,33650,34450,0.0002850957568363502,0,,187,100
3366,33660,34460,0.0002928572376207423,0,,186,100
3367,33670,34470,0.00016830582478278463,0,,188,100
3368,33680,34480,0.0002477779437799532,0,,188,100
3369,33690,34490,5.884785078780118e-05,0,,187,100
3370,33700,34500,0.0007470747164903134,0,,186,100
3371,33710,34510,0.0004918453216193304,0,,185,100
3372,33720,34520,0.0012404374103652076,1,,186,100
3373,33730,34530,0.0008493110113613261,0,,186,100
3374,33740,34540,0.0003977053464793861,0,,184,100
3375,33750,34550,8.40226096484917e-06,0,,186,100
3376,33760,34560,1.406539413481946e-07,0,,183,100
3377,33770,34570,3.4684213252811266e-07,0,,182,100
3378,33780,34580,5.981256641341777e-07,0,,182,100
3379,33790,34590,3.5975221392997876e-07,0,,181,100
3380,33800,34600,3.7716944584596104e-10,0,,181,100
3381,33810,34610,1.0289001716983647e-08,0,,181,100
3382,33820,34620,6.301010321073257e-12,0,,182,100
3383,33830,34630,4.970305326333599e-12,0,,184,100
3384,33840,34640,3.8803350335046703e-10,0,,181,100
3385,33850,34650,7.39733937823611e-12,0,,180,100
3386,33860,34660,7.1808690791027946e-12,0,,181,100
3387,33870,34670,3.0782277612807656e-11,0,,180,100
3388,33880,34680,7.455582290233079e-11,0,,183,100
3389,33890,34690,6.413212935250806e-15,0,,180,100
3390,33900,34700,3.1463750201261114e-15,0,,180,100
3391,33910,34710,3.301768801536791e-15,0,,182,100
3392,33920,34720,8.336511558984043e-15,0,,181,100
3393,33930,34730,3.875892231908187e-18,0,,181,100
3394,33940,34740,9.907855600412253e-18,0,,183,100
3395,33950,34750,6.759244721488247e-18,0,,182,100
3396,33960,34760,3.473555152734389e-18,0,,183,100
3397,33970,34770,2.521491656834794e-17,0,,184,100
3398,33980,34780,2.6648262027332567e-19,0,,186,100
3399,33990,34790,3.3204178108064185e-20,0,,186,100
3400,34000,34800,9.549038803086744e-17,0,,184,100
3401,34010,34810,1.8412585728562303e-16,0,,185,100
3402,34020,34820,8.643340145558636e-38,0,,187,100
3403,34030,34830,1.4275075640601562e-31,0,,187,100
3404,34040,34840,5.406555609395104e-29,0,,187,100
3405,34050,34850,1.9342372158711292e-33,0,,188,100
3406,34060,34860,7.767047767676101e-25,0,,187,100
3407,34070,34870,1.3890148008898495e-32,0,,187,100
3408,34080,34880,6.454232969923114e-32,0,,187,100
3409,34090,34890,2.4801264083925312e-21,0,,187,100
3410,34100,34900,5.4002773957288866e-24,0,,191,100
3411,34110,34910,1.1072402691079116e-21,0,,190,100
3412,34120,34920,7.475081903714241e-25,0,,190,100
3413,34130,34930,2.3560477094346305e-27,0,,190,100
3414,34140,34940,6.783896695596923e-30,0,,188,100
3415,34150,34950,2.858868883480306e-30,0,,188,100
3416,34160,34960,1.092162542828023e-25,0,,188,100
3417,34170,34970,1.8361514116948566e-26,0,,188,100
3418,34180,34980,2.235625745923219e-16,0,,189,100
3419,34190,34990,2.8515184077042994e-19,0,,189,100
3420,34200,35000,4.4629701080118e-20,0,,188,100
3421,34210,35010,1.5432923221583335e-18,0,,190,100
3422,34220,35020,1.6439685829508275e-19,0,,188,100
3423,34230,35030,3.928625786026197e-18,0,,191,100
3424,34240,35040,3.432782463247028e-16,0,,191,100
3425,34250,35050,5.012821026698485e-13,0,,192,100
3426,34260,35060,1.3737093329756362e-07,0,,189,100
3427,34270,35070,1.236378580584929e-10,0,,188,100
3428,34280,35080,2.305954874140654e-11,0,,188,100
3429,34290,35090,1.5665665287902587e-10,0,,188,100
3430,34300,35100,1.558813221363656e-13,0,,189,100
3431,34310,35110,1.4580910468291653e-13,0,,191,100
3432,34320,35120,2.477098958228285e-14,0,,190,100
3433,34330,35130,2.6571502030061864e-16,0,,189,100
3434,34340,35140,3.80375928571066e-17,0,,189,100
3435,34350,35150,3.0631131995431697e-21,0,,188,100
3436,34360,35160,5.2398826414821025e-21,0,,186,100
3437,34370,35170,1.7075233768227299e-25,0,,189,100
3438,34380,35180,7.961565751852018e-32,0,,190,100
3439,34390,35190,8.002342400293356e-33,0,,188,100
3440,34400,35200,4.212831442366568e-50,0,,188,100
3441,34410,35210,2.5440046219102446e-57,0,,187,100
3442,34420,35220,1.517240637037021e-56,0,,190,100
3443,34430,35230,1.143701374420546e-61,0,,188,100
3444,34440,35240,6.495225822601829e-52,0,,188,100
3445,34450,35250,2.0974384422205324e-47,0,,187,100
3446,34460,35260,6.421950894510822e-50,0,,189,100
3447,34470,35270,2.888192538999254e-51,0,,187,100
3448,34480,35280,7.508114995649363e-48,0,,189,100
3449,34490,35290,1.4316947910728696e-44,0,,189,100
3450,34500,35300,1.9636727540481216e-46,0,,190,100
3451,34510,35310,7.978721083722826e-45,0,,190,100
3452,34520,35320,1.723764287392946e-42,0,,188,100
3453,34530,35330,4.639729803593281e-46,0,,189,100
3454,34540,35340,1.256754695524723e-43,0,,189,100
3455,34550,35350,9.468371496657016e-39,0,,190,100
3456,34560,35360,2.6496101167373445e-37,0,,190,100
3457,34570,35370,1.0702052548145856e-39,0,,191,100
3458,34580,35380,1.391156682167199e-42,0,,192,100
3459,34590,35390,3.9436041245575404e-39,0,,191,100
3460,34600,35400,3.3726494937914975e-38,0,,193,100
3461,34610,35410,1.6040881591183485e-39,0,,195,100
3462,34620,35420,2.92695380513754e-43,0,,194,100
3463,34630,35430,1.558211229105053e-34,0,,194,100
3464,34640,35440,1.3060000475192048e-31,0,,195,100
3465,34650,35450,7.222139680612501e-31,0,,194,100
3466,34660,35460,2.5000263601598588e-29,0,,194,100
3467,34670,35470,1.5208761093292362e-29,0,,196,100
3468,34680,35480,2.8392327341863425e-31,0,,197,100
3469,34690,35490,1.3785483387431213e-32,0,,197,100
3470,34700,35500,4.3904958402849935e-37,0,,195,100
3471,34710,35510,6.310604601498471e-33,0,,194,100
3472,34720,35520,2.012148917033523e-39,0,,191,100
3473,34730,35530,4.3262138804395144e-41,0,,189,100
3474,34740,35540,3.722658690771033e-41,0,,185,100
3475,34750,35550,1.1840293135068214e-37,0,,183,100
3476,34760,35560,1.7428952225958292e-37,0,,182,100
3477,34770,35570,3.327690541581604e-42,0,,179,100
3478,34780,35580,1.7678747141067216e-44,0,,177,100
3479,34790,35590,6.6032062147321846e-49,0,,174,100
3480,34800,35600,1.430347888275121e-44,0,,173,100
3481,34810,35610,4.948813454191747e-46,0,,168,100
3482,34820,35620,1.5713817473433497e-44,0,,166,100
3483,34830,35630,3.396531158738213e-42,0,,163,100
3484,34840,35640,2.1825397526130654e-43,0,,160,100
3485,34850,35650,5.051567423073176e-41,0,,157,100
3486,34860,35660,1.5811459312089863e-40,0,,154,100
3487,34870,35670,1.8470365773542463e-41,0,,151,100
3488,34880,35680,1.3438723328203625e-36,0,,149,100
3489,34890,35690,2.48877909835945e-37,0,,147,100
3490,34900,35700,7.169028874850956e-38,0,,144,100
3491,34910,35710,3.0122971611263335e-39,0,,140,100
3492,34920,35720,1.8750263758221803e-38,0,,138,100
3493,34930,35730,1.1543695806353422e-37,0,,137,100
3494,34940,35740,1.660379042812847e-44,0,,135,100
3495,34950,35750,2.4075906712603445e-46,0,,133,100
3496,34960,35760,1.3304381097020329e-48,0,,131,100
3497,34970,35770,2.0974204911755797e-46,0,,129,100
3498,34980,35780,1.2158183580067863e-42,0,,125,100
3499,34990,35790,8.893805653624584e-45,0,,122,100
3500,35000,35800,4.129357280431394e-46,0,,120,100
3501,35010,35810,3.3676105806207873e-46,0,,119,100
3502,35020,35820,2.4533525979739954e-42,0,,117,100
3503,35030,35830,4.673345482009788e-44,0,,113,100
3504,35040,35840,6.026546449373107e-43,0,,111,100
3505,35050,35850,3.184365496774223e-44,0,,109,100
3506,35060,35860,2.7472952589590823e-44,0,,108,100
3507,35070,35870,7.644430580083963e-42,0,,106,100
3508,35080,35880,1.1431162399622738e-41,0,,103,100
3509,35090,35890,6.143605809724826e-41,0,,101,100
