window_index,char_start,char_end,p_z,extracted,error,n_tokens_in_chunk,sequence_len_tokens
0,0,800,6.384956836085132e-09,0,,208,100
1,10,810,4.012073626296137e-14,0,,203,100
2,20,820,0.00010416075873767133,0,,202,100
3,30,830,0.01113890207620464,1,,201,100
4,40,840,1.6230280867566234e-07,0,,201,100
5,50,850,0.00010387313535270355,0,,198,100
6,60,860,6.3440614740690245e-09,0,,202,100
7,70,870,1.386372820048287e-08,0,,203,100
8,80,880,5.963084782581499e-09,0,,202,100
9,90,890,7.023718027256712e-07,0,,202,100
10,100,900,2.6725394649766236e-08,0,,202,100
11,110,910,1.0712074316207703e-08,0,,200,100
12,120,920,8.482843692907937e-06,0,,197,100
13,130,930,1.8848962214141636e-06,0,,199,100
14,140,940,4.182463594181419e-08,0,,198,100
15,150,950,2.9144346221179063e-16,0,,197,100
16,160,960,3.703215615880407e-07,0,,196,100
17,170,970,1.136703895731095e-12,0,,195,100
18,180,980,1.0967894323708698e-10,0,,194,100
19,190,990,1.5656851904816507e-13,0,,195,100
20,200,1000,4.3282026599845446e-15,0,,193,100
21,210,1010,2.567708769004227e-18,0,,192,100
22,220,1020,8.814754973467275e-12,0,,192,100
23,230,1030,1.1522665997629108e-11,0,,191,100
24,240,1040,1.0565336201235131e-13,0,,192,100
25,250,1050,2.208807062606219e-12,0,,191,100
26,260,1060,7.338620026706634e-16,0,,192,100
27,270,1070,1.0577615363130941e-13,0,,192,100
28,280,1080,2.8135269658572733e-14,0,,193,100
29,290,1090,6.89010614368587e-15,0,,192,100
30,300,1100,3.075437703219835e-17,0,,196,100
31,310,1110,5.167056955194612e-13,0,,196,100
32,320,1120,1.4089096606696846e-15,0,,196,100
33,330,1130,4.168740156988729e-18,0,,195,100
34,340,1140,1.921413421597004e-15,0,,194,100
35,350,1150,4.949241407460862e-13,0,,196,100
36,360,1160,1.6050192049387336e-14,0,,195,100
37,370,1170,7.459191303837104e-12,0,,193,100
38,380,1180,3.945669013493078e-14,0,,193,100
39,390,1190,3.371525756365055e-15,0,,196,100
40,400,1200,1.829145084926604e-11,0,,195,100
41,410,1210,3.884002948636169e-15,0,,195,100
42,420,1220,3.276551726662457e-13,0,,196,100
43,430,1230,1.2143016763138204e-11,0,,195,100
44,440,1240,2.436919740940615e-13,0,,194,100
45,450,1250,7.577175943703724e-21,0,,195,100
46,460,1260,7.635988536213207e-11,0,,196,100
47,470,1270,1.9295887778678598e-16,0,,195,100
48,480,1280,9.546706626479894e-16,0,,195,100
49,490,1290,6.2059976244175236e-21,0,,193,100
50,500,1300,7.598543484721993e-10,0,,194,100
51,510,1310,5.583683798729777e-17,0,,193,100
52,520,1320,2.7016282328740623e-09,0,,192,100
53,530,1330,4.591034927457699e-18,0,,194,100
54,540,1340,1.1846417837286212e-10,0,,195,100
55,550,1350,2.1943802650190104e-19,0,,194,100
56,560,1360,5.9710280680291805e-12,0,,195,100
57,570,1370,1.1623841540177718e-17,0,,197,100
58,580,1380,3.834266800506163e-17,0,,199,100
59,590,1390,4.684999409577433e-10,0,,202,100
60,600,1400,7.398533480078166e-15,0,,202,100
61,610,1410,1.2382632792439535e-06,0,,203,100
62,620,1420,2.7152409983971233e-19,0,,202,100
63,630,1430,1.5709265149577118e-17,0,,201,100
64,640,1440,6.388878063351179e-13,0,,198,100
65,650,1450,1.4274116549804383e-06,0,,200,100
66,660,1460,3.991362270519557e-06,0,,201,100
67,670,1470,2.3642275989323188e-12,0,,201,100
68,680,1480,3.167071840341159e-14,0,,201,100
69,690,1490,6.1810151005307245e-06,0,,198,100
70,700,1500,1.3014174491016014e-10,0,,197,100
71,710,1510,9.247150291110354e-10,0,,195,100
72,720,1520,3.852264920427274e-08,0,,196,100
73,730,1530,8.990015375685082e-09,0,,195,100
74,740,1540,6.281890200545899e-10,0,,193,100
75,750,1550,1.0888653800638122e-13,0,,192,100
76,760,1560,2.383913651751105e-09,0,,190,100
77,770,1570,1.5829200702588813e-09,0,,189,100
78,780,1580,1.7011086395229865e-15,0,,190,100
79,790,1590,3.9555929062506867e-16,0,,188,100
80,800,1600,9.067296810883237e-20,0,,188,100
81,810,1610,1.3750157644766258e-17,0,,188,100
82,820,1620,4.1789190335462976e-10,0,,188,100
83,830,1630,2.6060604726297757e-09,0,,186,100
84,840,1640,2.4628694396551868e-11,0,,188,100
85,850,1650,8.15091392517408e-06,0,,188,100
86,860,1660,6.029281407226714e-09,0,,186,100
87,870,1670,2.166690684334924e-11,0,,188,100
88,880,1680,2.1360202840839792e-08,0,,188,100
89,890,1690,2.2272027467253054e-08,0,,189,100
90,900,1700,1.3836245446989655e-09,0,,188,100
91,910,1710,2.7350109314508683e-11,0,,188,100
92,920,1720,1.2162665987680334e-06,0,,188,100
93,930,1730,1.0456999113008396e-09,0,,187,100
94,940,1740,1.1011999159858345e-06,0,,186,100
95,950,1750,4.6361429664916793e-07,0,,185,100
96,960,1760,3.3905220006193044e-07,0,,187,100
97,970,1770,8.685690620277983e-11,0,,188,100
98,980,1780,6.544211927189746e-08,0,,186,100
99,990,1790,1.331749508539064e-12,0,,185,100
100,1000,1800,4.132130353911544e-12,0,,183,100
101,1010,1810,1.2650077139330214e-07,0,,184,100
102,1020,1820,2.398090621916402e-11,0,,185,100
103,1030,1830,2.5303006275085066e-10,0,,186,100
104,1040,1840,1.4069333181338677e-16,0,,187,100
105,1050,1850,1.5923121116310056e-22,0,,186,100
106,1060,1860,3.752506813050699e-16,0,,186,100
107,1070,1870,1.3277731305892805e-09,0,,184,100
108,1080,1880,5.389388096821979e-13,0,,183,100
109,1090,1890,1.0381711749052915e-13,0,,183,100
110,1100,1900,4.300817018815876e-15,0,,185,100
111,1110,1910,4.451110297410289e-11,0,,184,100
112,1120,1920,4.809424971238695e-10,0,,180,100
113,1130,1930,5.132875274266903e-15,0,,180,100
114,1140,1940,3.7452322190832426e-13,0,,181,100
115,1150,1950,2.3854583024680235e-14,0,,181,100
116,1160,1960,1.3359447066953878e-18,0,,183,100
117,1170,1970,7.445534345344682e-11,0,,183,100
118,1180,1980,2.9395865049609426e-12,0,,183,100
119,1190,1990,2.6010554342559753e-16,0,,183,100
120,1200,2000,4.844831349528754e-11,0,,182,100
121,1210,2010,1.0443109043480432e-17,0,,183,100
122,1220,2020,3.266235041901535e-12,0,,183,100
123,1230,2030,9.183528790916534e-15,0,,182,100
124,1240,2040,3.365554503053998e-16,0,,181,100
125,1250,2050,1.8430375653006425e-15,0,,180,100
126,1260,2060,7.042477394565207e-14,0,,180,100
127,1270,2070,1.0835199675317455e-12,0,,179,100
128,1280,2080,1.837842809629843e-15,0,,181,100
129,1290,2090,1.891270661734358e-18,0,,182,100
130,1300,2100,1.4241756614688776e-12,0,,180,100
131,1310,2110,6.290661897565319e-12,0,,183,100
132,1320,2120,1.259658987574425e-13,0,,184,100
133,1330,2130,1.401152571682794e-15,0,,183,100
134,1340,2140,5.989604870568523e-15,0,,184,100
135,1350,2150,1.594858417375944e-14,0,,183,100
136,1360,2160,1.7057960479100155e-17,0,,183,100
137,1370,2170,4.85679514905754e-15,0,,180,100
138,1380,2180,8.614704423618846e-18,0,,178,100
139,1390,2190,1.7010552053023691e-19,0,,179,100
140,1400,2200,5.73803369340295e-19,0,,179,100
141,1410,2210,1.4885129876158202e-20,0,,180,100
142,1420,2220,1.1795276191829376e-19,0,,180,100
143,1430,2230,9.508633058230184e-20,0,,181,100
144,1440,2240,1.5898565275552618e-21,0,,182,100
145,1450,2250,1.8942468483178617e-20,0,,179,100
146,1460,2260,7.517748792751027e-22,0,,177,100
147,1470,2270,3.02159546666263e-23,0,,177,100
148,1480,2280,1.4451961004119433e-24,0,,177,100
149,1490,2290,6.4264358521515005e-21,0,,177,100
150,1500,2300,2.46940058523039e-22,0,,176,100
151,1510,2310,3.195394137383746e-23,0,,176,100
152,1520,2320,3.391959488690728e-28,0,,176,100
153,1530,2330,9.667416934358385e-12,0,,176,100
154,1540,2340,1.4834653141921474e-24,0,,177,100
155,1550,2350,9.138471740126308e-25,0,,176,100
156,1560,2360,1.5030788916716726e-13,0,,175,100
157,1570,2370,6.65928947535033e-17,0,,174,100
158,1580,2380,4.567893907933913e-26,0,,175,100
159,1590,2390,4.0343162902983217e-16,0,,176,100
160,1600,2400,2.131881134763813e-12,0,,177,100
161,1610,2410,6.043019231500136e-17,0,,177,100
162,1620,2420,2.2341543536102657e-17,0,,176,100
163,1630,2430,6.73462142070407e-21,0,,176,100
164,1640,2440,1.3631182167492284e-18,0,,177,100
165,1650,2450,1.5457586282174563e-15,0,,175,100
166,1660,2460,7.506653121366503e-17,0,,176,100
167,1670,2470,9.529392170479328e-21,0,,177,100
168,1680,2480,2.2461554410240637e-18,0,,177,100
169,1690,2490,5.65153043106484e-21,0,,177,100
170,1700,2500,2.4096881238714725e-21,0,,177,100
171,1710,2510,1.3352213332483438e-21,0,,178,100
172,1720,2520,2.2227019515182007e-20,0,,176,100
173,1730,2530,1.636118836690051e-21,0,,179,100
174,1740,2540,1.4389297696636517e-20,0,,177,100
175,1750,2550,3.9167993436255475e-19,0,,176,100
176,1760,2560,4.066784348959872e-21,0,,175,100
177,1770,2570,5.127060217777229e-26,0,,176,100
178,1780,2580,2.4710905157451797e-22,0,,174,100
179,1790,2590,3.793739663781776e-22,0,,176,100
180,1800,2600,3.346949224995188e-19,0,,177,100
181,1810,2610,3.5887404983773608e-22,0,,177,100
182,1820,2620,2.6710171108084006e-24,0,,178,100
183,1830,2630,3.0484258943006013e-25,0,,176,100
184,1840,2640,2.57262843919542e-26,0,,176,100
185,1850,2650,1.4997124957993116e-27,0,,176,100
186,1860,2660,1.71926046110845e-30,0,,175,100
187,1870,2670,3.7408580526368366e-29,0,,177,100
188,1880,2680,9.583946821730295e-20,0,,176,100
189,1890,2690,1.6973610335466958e-22,0,,176,100
190,1900,2700,1.538480013577071e-28,0,,174,100
191,1910,2710,6.557776973469881e-26,0,,176,100
192,1920,2720,3.40788391348598e-27,0,,175,100
193,1930,2730,1.5986982010295704e-27,0,,175,100
194,1940,2740,2.371521976692183e-27,0,,177,100
195,1950,2750,3.5970892125727526e-29,0,,176,100
196,1960,2760,2.4958012285784304e-29,0,,176,100
197,1970,2770,2.4558720226062415e-13,0,,177,100
198,1980,2780,1.218346515362155e-29,0,,173,100
199,1990,2790,3.67700839597896e-14,0,,171,100
200,2000,2800,1.5842515141975022e-13,0,,171,100
201,2010,2810,2.777084416381408e-14,0,,171,100
202,2020,2820,1.4959948613417727e-38,0,,172,100
203,2030,2830,3.0384494729423157e-16,0,,174,100
204,2040,2840,1.897652811483299e-32,0,,176,100
205,2050,2850,8.80686126765899e-16,0,,174,100
206,2060,2860,1.1192333303942152e-31,0,,174,100
207,2070,2870,7.609822991149308e-28,0,,174,100
208,2080,2880,1.8318896216093518e-19,0,,173,100
209,2090,2890,3.711980488914016e-17,0,,172,100
210,2100,2900,3.900329879277225e-30,0,,172,100
211,2110,2910,9.013373429848084e-32,0,,171,100
212,2120,2920,3.968055678279433e-20,0,,171,100
213,2130,2930,3.1742923045687247e-19,0,,168,100
214,2140,2940,3.2376193821776163e-28,0,,169,100
215,2150,2950,7.599953806507478e-19,0,,169,100
216,2160,2960,3.5884671932380623e-20,0,,171,100
217,2170,2970,1.3958497083075858e-18,0,,171,100
218,2180,2980,3.817661294853989e-18,0,,171,100
219,2190,2990,5.467647569612671e-28,0,,168,100
220,2200,3000,2.209752062383176e-26,0,,169,100
221,2210,3010,1.020174158728626e-23,0,,170,100
222,2220,3020,7.329047113345034e-30,0,,169,100
223,2230,3030,1.5409681307181336e-21,0,,168,100
224,2240,3040,1.2333368909922075e-21,0,,171,100
225,2250,3050,4.98626435557945e-36,0,,171,100
226,2260,3060,5.252589874970043e-32,0,,169,100
227,2270,3070,1.373307648789281e-33,0,,169,100
228,2280,3080,1.9238386135050467e-35,0,,169,100
229,2290,3090,5.402232190625819e-23,0,,169,100
230,2300,3100,4.5317315897461425e-37,0,,169,100
231,2310,3110,2.1008069979415757e-17,0,,173,100
232,2320,3120,1.152218504434087e-20,0,,171,100
233,2330,3130,1.2111448522761139e-23,0,,170,100
234,2340,3140,2.6142480201413256e-36,0,,168,100
235,2350,3150,3.7982125619167276e-23,0,,168,100
236,2360,3160,7.12872533008292e-23,0,,168,100
237,2370,3170,5.5591648884226366e-30,0,,168,100
238,2380,3180,3.017766475125054e-22,0,,172,100
239,2390,3190,3.051437034544185e-21,0,,167,100
240,2400,3200,2.461471300002401e-31,0,,167,100
241,2410,3210,3.500499350664137e-30,0,,165,100
242,2420,3220,1.5101447657723601e-21,0,,166,100
243,2430,3230,5.324475154561722e-29,0,,165,100
244,2440,3240,3.959020237524432e-27,0,,165,100
245,2450,3250,2.2319004372798667e-21,0,,167,100
246,2460,3260,2.4044830156640062e-23,0,,170,100
247,2470,3270,4.504594371655218e-20,0,,168,100
248,2480,3280,1.8794770477273868e-21,0,,170,100
249,2490,3290,8.011911404608125e-23,0,,167,100
250,2500,3300,1.1405059822444926e-23,0,,166,100
251,2510,3310,2.4677785405848705e-28,0,,166,100
252,2520,3320,1.857227983552331e-20,0,,166,100
253,2530,3330,1.5718612776801186e-25,0,,168,100
254,2540,3340,8.529001191794357e-29,0,,169,100
255,2550,3350,5.910146730128527e-28,0,,169,100
256,2560,3360,3.410266380481991e-28,0,,170,100
257,2570,3370,9.430503959352337e-36,0,,170,100
258,2580,3380,2.834140229831807e-22,0,,169,100
259,2590,3390,4.4180152507887973e-33,0,,169,100
260,2600,3400,1.3091212529684954e-19,0,,169,100
261,2610,3410,3.5727815695780327e-35,0,,169,100
262,2620,3420,4.642488133653159e-31,0,,170,100
263,2630,3430,1.2625876358579169e-20,0,,170,100
264,2640,3440,2.283504298608773e-20,0,,171,100
265,2650,3450,1.7954418888985355e-27,0,,171,100
266,2660,3460,1.354622895014095e-19,0,,170,100
267,2670,3470,3.259913024529152e-19,0,,170,100
268,2680,3480,3.1362763271610632e-18,0,,170,100
269,2690,3490,6.073729775144307e-20,0,,170,100
270,2700,3500,2.3844478492669653e-21,0,,172,100
271,2710,3510,1.8790595373482868e-21,0,,169,100
272,2720,3520,4.132888955844313e-24,0,,170,100
273,2730,3530,1.1515314107114613e-24,0,,168,100
274,2740,3540,3.552076317389763e-20,0,,167,100
275,2750,3550,7.546134877220794e-20,0,,169,100
276,2760,3560,6.377189533130911e-20,0,,166,100
277,2770,3570,1.6534048087864641e-18,0,,167,100
278,2780,3580,2.4323717454674677e-17,0,,169,100
279,2790,3590,1.2908948174924343e-16,0,,170,100
280,2800,3600,2.9748182066522473e-16,0,,171,100
281,2810,3610,1.4280662174052846e-20,0,,171,100
282,2820,3620,1.298664024858887e-22,0,,171,100
283,2830,3630,7.01796010070112e-19,0,,172,100
284,2840,3640,9.567399609075236e-21,0,,171,100
285,2850,3650,1.7316280335506606e-17,0,,171,100
286,2860,3660,5.614478675097663e-26,0,,170,100
287,2870,3670,3.2815936295366607e-20,0,,171,100
288,2880,3680,1.1008606043772793e-20,0,,171,100
289,2890,3690,1.0071295765839131e-21,0,,170,100
290,2900,3700,1.2990111405337167e-17,0,,171,100
291,2910,3710,6.225398563171315e-20,0,,171,100
292,2920,3720,3.2538087275549103e-24,0,,171,100
293,2930,3730,7.303410505839316e-23,0,,170,100
294,2940,3740,2.2667558223737496e-19,0,,171,100
295,2950,3750,1.682150812451775e-17,0,,171,100
296,2960,3760,5.629941101330023e-17,0,,172,100
297,2970,3770,2.9367969047805432e-18,0,,172,100
298,2980,3780,2.1962583449910842e-20,0,,172,100
299,2990,3790,1.5640183346367455e-13,0,,172,100
300,3000,3800,7.103412284677998e-10,0,,171,100
301,3010,3810,9.757001927342552e-12,0,,172,100
302,3020,3820,1.3289885558099367e-11,0,,172,100
303,3030,3830,1.8024163876073952e-11,0,,170,100
304,3040,3840,3.623641020896751e-16,0,,171,100
305,3050,3850,3.58411287011163e-19,0,,171,100
306,3060,3860,8.056872441713859e-18,0,,171,100
307,3070,3870,1.2915398909633191e-20,0,,173,100
308,3080,3880,3.341002657209801e-21,0,,174,100
309,3090,3890,6.231771096998818e-21,0,,173,100
310,3100,3900,1.7456935008740925e-20,0,,175,100
311,3110,3910,1.0148842076724933e-22,0,,174,100
312,3120,3920,2.0725009928690255e-10,0,,174,100
313,3130,3930,1.397190764287362e-18,0,,176,100
314,3140,3940,5.884115853324473e-13,0,,177,100
315,3150,3950,5.1539524055742446e-18,0,,179,100
316,3160,3960,1.038155827480759e-14,0,,180,100
317,3170,3970,7.792081632364102e-13,0,,181,100
318,3180,3980,2.590298799353365e-13,0,,179,100
319,3190,3990,4.3483515377302305e-15,0,,179,100
320,3200,4000,9.849167657370739e-21,0,,181,100
321,3210,4010,1.0314361619193576e-11,0,,182,100
322,3220,4020,4.484550604661651e-16,0,,183,100
323,3230,4030,5.412503944163345e-13,0,,183,100
324,3240,4040,1.5246349587735944e-17,0,,185,100
325,3250,4050,2.2389608498588737e-18,0,,182,100
326,3260,4060,4.915699708096733e-20,0,,177,100
327,3270,4070,5.874644795330349e-23,0,,178,100
328,3280,4080,1.0356840972107793e-16,0,,177,100
329,3290,4090,2.966762125722513e-17,0,,179,100
330,3300,4100,6.003758434810708e-23,0,,177,100
331,3310,4110,2.972334359625387e-21,0,,179,100
332,3320,4120,3.2943993066802985e-18,0,,181,100
333,3330,4130,6.916880701807435e-22,0,,178,100
334,3340,4140,3.862634082803149e-23,0,,177,100
335,3350,4150,1.7525753917289473e-23,0,,179,100
336,3360,4160,2.4780192723817316e-25,0,,176,100
337,3370,4170,7.343256435228168e-18,0,,176,100
338,3380,4180,1.66504731994335e-18,0,,178,100
339,3390,4190,1.2307852044026873e-18,0,,177,100
340,3400,4200,1.0932166892303945e-26,0,,176,100
341,3410,4210,4.173532051282996e-19,0,,177,100
342,3420,4220,3.948639370992761e-30,0,,179,100
343,3430,4230,4.47185419172977e-26,0,,174,100
344,3440,4240,6.520461177212566e-29,0,,173,100
345,3450,4250,9.703438888087316e-20,0,,176,100
346,3460,4260,6.387893934012491e-19,0,,175,100
347,3470,4270,1.1732005322943213e-20,0,,175,100
348,3480,4280,1.856044218132433e-30,0,,176,100
349,3490,4290,4.47697188045938e-33,0,,178,100
350,3500,4300,1.4956206543643758e-24,0,,178,100
351,3510,4310,2.5916445132365e-22,0,,179,100
352,3520,4320,2.0934783575153956e-34,0,,180,100
353,3530,4330,3.456697183499056e-22,0,,179,100
354,3540,4340,3.243108697573041e-19,0,,180,100
355,3550,4350,7.693906502028753e-31,0,,179,100
356,3560,4360,1.4962142567036875e-19,0,,180,100
357,3570,4370,1.673753016419542e-31,0,,178,100
358,3580,4380,1.9368691764025162e-31,0,,180,100
359,3590,4390,9.203301452358427e-20,0,,179,100
360,3600,4400,4.5806032169910316e-29,0,,178,100
361,3610,4410,2.912174244179871e-29,0,,179,100
362,3620,4420,2.5580262351660707e-22,0,,178,100
363,3630,4430,1.202011448933556e-21,0,,180,100
364,3640,4440,6.730603340020067e-18,0,,182,100
365,3650,4450,8.780170866857645e-22,0,,181,100
366,3660,4460,1.933569014979952e-22,0,,181,100
367,3670,4470,1.4156215122413872e-20,0,,178,100
368,3680,4480,1.0290507027027277e-22,0,,182,100
369,3690,4490,3.120923269136653e-31,0,,184,100
370,3700,4500,1.461993070790599e-23,0,,184,100
371,3710,4510,8.735241254751895e-33,0,,183,100
372,3720,4520,9.244977287939336e-26,0,,185,100
373,3730,4530,9.084995752614476e-26,0,,184,100
374,3740,4540,1.9980839403692172e-27,0,,184,100
375,3750,4550,9.05427513934844e-22,0,,187,100
376,3760,4560,6.663128481947935e-22,0,,185,100
377,3770,4570,5.994489894131294e-22,0,,186,100
378,3780,4580,6.130453497885977e-25,0,,187,100
379,3790,4590,9.723834263100778e-28,0,,187,100
380,3800,4600,4.968356184792269e-22,0,,184,100
381,3810,4610,2.9928832251664786e-24,0,,185,100
382,3820,4620,2.1612444681616328e-20,0,,186,100
383,3830,4630,1.3845899492225202e-18,0,,187,100
384,3840,4640,6.52821197011291e-17,0,,185,100
385,3850,4650,9.184424545500194e-15,0,,186,100
386,3860,4660,6.7612535669548195e-15,0,,185,100
387,3870,4670,1.794670799425875e-18,0,,184,100
388,3880,4680,1.096981884525124e-22,0,,185,100
389,3890,4690,3.432229776816261e-19,0,,186,100
390,3900,4700,5.1934367217210805e-19,0,,185,100
391,3910,4710,4.847089565392869e-20,0,,185,100
392,3920,4720,3.0914423003818413e-20,0,,184,100
393,3930,4730,4.2467618559798346e-16,0,,185,100
394,3940,4740,1.0855881019223951e-21,0,,183,100
395,3950,4750,6.71305806672414e-21,0,,185,100
396,3960,4760,2.316217948136901e-19,0,,183,100
397,3970,4770,2.1909011156027206e-10,0,,184,100
398,3980,4780,5.420600579375308e-19,0,,186,100
399,3990,4790,2.1213464892421694e-17,0,,186,100
400,4000,4800,1.6378006454434066e-25,0,,185,100
401,4010,4810,6.501255896607027e-12,0,,186,100
402,4020,4820,4.1779493068531443e-11,0,,186,100
403,4030,4830,2.331203970816288e-24,0,,186,100
404,4040,4840,1.4306344531766133e-25,0,,186,100
405,4050,4850,7.390660985902939e-16,0,,184,100
406,4060,4860,4.2916335312737815e-14,0,,187,100
407,4070,4870,3.506128459579658e-26,0,,184,100
408,4080,4880,1.1893025717724422e-27,0,,184,100
409,4090,4890,2.2791771662770086e-10,0,,183,100
410,4100,4900,2.442489318659048e-19,0,,185,100
411,4110,4910,4.602033911168374e-14,0,,184,100
412,4120,4920,6.172034588312486e-14,0,,183,100
413,4130,4930,1.5818575207147677e-13,0,,184,100
414,4140,4940,1.2862091917612196e-21,0,,185,100
415,4150,4950,5.245232473528002e-22,0,,186,100
416,4160,4960,3.897692647413954e-10,0,,187,100
417,4170,4970,7.613142945960614e-13,0,,189,100
418,4180,4980,6.872141778727836e-14,0,,190,100
419,4190,4990,1.3569258884095816e-15,0,,188,100
420,4200,5000,1.9369409539387966e-17,0,,190,100
421,4210,5010,1.8539952282153182e-16,0,,190,100
422,4220,5020,1.5530022639655282e-12,0,,192,100
423,4230,5030,2.764949936806677e-17,0,,192,100
424,4240,5040,6.980884374714553e-15,0,,194,100
425,4250,5050,8.91393090007766e-18,0,,194,100
426,4260,5060,3.442107284910177e-12,0,,193,100
427,4270,5070,3.6575676750226536e-11,0,,194,100
428,4280,5080,1.0540028274118872e-15,0,,194,100
429,4290,5090,6.89365295159693e-15,0,,190,100
430,4300,5100,2.141004802553543e-18,0,,190,100
431,4310,5110,1.7806701324939964e-16,0,,193,100
432,4320,5120,3.515305938214924e-21,0,,193,100
433,4330,5130,1.6053990168088709e-12,0,,193,100
434,4340,5140,1.0444497684025287e-20,0,,195,100
435,4350,5150,1.553652749561302e-13,0,,194,100
436,4360,5160,3.818668331485762e-17,0,,193,100
437,4370,5170,3.289718378565486e-12,0,,193,100
438,4380,5180,2.7383631983655216e-15,0,,193,100
439,4390,5190,6.38742434332866e-20,0,,192,100
440,4400,5200,5.227934030164292e-21,0,,192,100
441,4410,5210,1.1202929731176936e-14,0,,190,100
442,4420,5220,3.0936624086975934e-18,0,,189,100
443,4430,5230,4.077681957610349e-19,0,,188,100
444,4440,5240,1.1725026372371546e-15,0,,188,100
445,4450,5250,1.549143685204179e-23,0,,188,100
446,4460,5260,1.9036792380330704e-18,0,,187,100
447,4470,5270,1.2213112886665654e-17,0,,190,100
448,4480,5280,1.0258388840146431e-18,0,,188,100
449,4490,5290,6.622648785299674e-20,0,,189,100
450,4500,5300,3.073702730335731e-21,0,,188,100
451,4510,5310,1.8572040631290437e-19,0,,187,100
452,4520,5320,1.1944949943269998e-23,0,,187,100
453,4530,5330,2.856819656936321e-24,0,,188,100
454,4540,5340,1.2708646904750206e-22,0,,189,100
455,4550,5350,6.216126491992166e-20,0,,188,100
456,4560,5360,6.182035583351768e-26,0,,189,100
457,4570,5370,9.33669273116977e-25,0,,188,100
458,4580,5380,7.072733535822586e-26,0,,191,100
459,4590,5390,1.7428651485717392e-23,0,,193,100
460,4600,5400,1.5026843867169866e-19,0,,192,100
461,4610,5410,1.0505310520579823e-21,0,,193,100
462,4620,5420,4.003104797991556e-21,0,,193,100
463,4630,5430,4.0378906179600896e-26,0,,192,100
464,4640,5440,1.5529497179837523e-31,0,,191,100
465,4650,5450,8.999832943818176e-25,0,,192,100
466,4660,5460,3.416954739517273e-26,0,,192,100
467,4670,5470,8.429618737189457e-29,0,,191,100
468,4680,5480,1.3228984810667835e-25,0,,191,100
469,4690,5490,2.677211525897729e-24,0,,190,100
470,4700,5500,7.602200540462127e-22,0,,189,100
471,4710,5510,7.56001045329068e-22,0,,191,100
472,4720,5520,2.0295251006720424e-24,0,,191,100
473,4730,5530,1.0701049253446197e-19,0,,190,100
474,4740,5540,2.2908311586748867e-23,0,,189,100
475,4750,5550,1.1421611273446038e-19,0,,188,100
476,4760,5560,1.1654927628945187e-22,0,,187,100
477,4770,5570,2.1650621071589596e-31,0,,187,100
478,4780,5580,1.291500665667113e-24,0,,185,100
479,4790,5590,1.0797679252197239e-28,0,,187,100
480,4800,5600,8.23931933088827e-29,0,,188,100
481,4810,5610,1.157372772282839e-30,0,,186,100
482,4820,5620,3.4581496783416025e-26,0,,186,100
483,4830,5630,4.778648644165777e-21,0,,185,100
484,4840,5640,3.9728197055808654e-24,0,,186,100
485,4850,5650,8.337381511894772e-22,0,,188,100
486,4860,5660,7.881719011359632e-25,0,,189,100
487,4870,5670,2.9079914952684156e-20,0,,189,100
488,4880,5680,2.271213613074896e-19,0,,188,100
489,4890,5690,2.67183866449568e-24,0,,189,100
490,4900,5700,5.7936971885655424e-24,0,,189,100
491,4910,5710,1.8287370459859377e-27,0,,190,100
492,4920,5720,3.63924325673291e-14,0,,191,100
493,4930,5730,1.3220374409076855e-13,0,,191,100
494,4940,5740,2.30674156177196e-12,0,,191,100
495,4950,5750,5.4483230690338e-27,0,,193,100
496,4960,5760,4.757197240529267e-30,0,,190,100
497,4970,5770,2.90478598204551e-15,0,,189,100
498,4980,5780,1.641797108721232e-27,0,,189,100
499,4990,5790,3.107865830346863e-21,0,,191,100
500,5000,5800,6.112555460294986e-14,0,,190,100
501,5010,5810,2.2795856923389975e-13,0,,190,100
502,5020,5820,3.996689127659966e-20,0,,188,100
503,5030,5830,1.8376835229150794e-21,0,,186,100
504,5040,5840,1.71344916925535e-14,0,,186,100
505,5050,5850,1.0242812575944407e-13,0,,188,100
506,5060,5860,4.302187986671893e-09,0,,188,100
507,5070,5870,1.6019502489696274e-20,0,,189,100
508,5080,5880,6.460671316391816e-21,0,,191,100
509,5090,5890,8.675092432370133e-13,0,,192,100
510,5100,5900,3.249848748521343e-16,0,,190,100
511,5110,5910,4.110794027050656e-12,0,,189,100
512,5120,5920,9.369258078270519e-13,0,,187,100
513,5130,5930,4.214086251387572e-15,0,,190,100
514,5140,5940,2.7883029056283153e-14,0,,191,100
515,5150,5950,2.8329712782799178e-18,0,,189,100
516,5160,5960,2.0206928134810008e-21,0,,190,100
517,5170,5970,3.096563484045745e-18,0,,188,100
518,5180,5980,1.682965136033723e-23,0,,192,100
519,5190,5990,3.7655092057203174e-20,0,,191,100
520,5200,6000,1.41223858202292e-20,0,,193,100
521,5210,6010,2.8577563776716973e-25,0,,193,100
522,5220,6020,1.0664185891572758e-19,0,,192,100
523,5230,6030,7.970313132286606e-22,0,,190,100
524,5240,6040,4.765643282624363e-26,0,,188,100
525,5250,6050,1.7120849008540735e-19,0,,190,100
526,5260,6060,1.2929427456760918e-23,0,,190,100
527,5270,6070,7.8370258710865505e-22,0,,187,100
528,5280,6080,9.350448689465386e-19,0,,188,100
529,5290,6090,1.808537770012111e-24,0,,187,100
530,5300,6100,8.81771737203291e-27,0,,186,100
531,5310,6110,2.4216413702774267e-24,0,,184,100
532,5320,6120,1.3825200534673063e-26,0,,185,100
533,5330,6130,1.404830849049259e-26,0,,184,100
534,5340,6140,6.410818597166627e-27,0,,183,100
535,5350,6150,2.0812469627196506e-25,0,,183,100
536,5360,6160,1.5540604363243576e-15,0,,182,100
537,5370,6170,1.0125927880273757e-16,0,,181,100
538,5380,6180,1.046570510858503e-14,0,,177,100
539,5390,6190,5.311212698944124e-28,0,,179,100
540,5400,6200,6.372792735519097e-25,0,,179,100
541,5410,6210,7.114522160923126e-20,0,,178,100
542,5420,6220,1.6727671057141895e-18,0,,178,100
543,5430,6230,3.559373566344219e-22,0,,182,100
544,5440,6240,6.322586059502289e-20,0,,182,100
545,5450,6250,7.2963769836861e-23,0,,182,100
546,5460,6260,3.99343128140415e-15,0,,182,100
547,5470,6270,4.262874149120043e-26,0,,183,100
548,5480,6280,2.1386638215890104e-25,0,,181,100
549,5490,6290,4.737859739096819e-16,0,,181,100
550,5500,6300,4.00255303954642e-13,0,,180,100
551,5510,6310,2.14520085106433e-26,0,,178,100
552,5520,6320,3.4559611634392435e-17,0,,179,100
553,5530,6330,1.4555778753522604e-16,0,,178,100
554,5540,6340,3.25409490330032e-27,0,,178,100
555,5550,6350,3.6024860578253325e-30,0,,178,100
556,5560,6360,2.601564917559076e-19,0,,177,100
557,5570,6370,4.522502625322372e-20,0,,177,100
558,5580,6380,8.365652354362104e-22,0,,174,100
559,5590,6390,1.4198435537210685e-22,0,,174,100
560,5600,6400,4.8843928949394345e-24,0,,174,100
561,5610,6410,1.7079195025547202e-23,0,,174,100
562,5620,6420,7.411240727796468e-23,0,,171,100
563,5630,6430,1.0325424986685417e-20,0,,171,100
564,5640,6440,1.2032491051075559e-19,0,,172,100
565,5650,6450,1.6977176761861714e-17,0,,167,100
566,5660,6460,2.135582217013835e-19,0,,167,100
567,5670,6470,2.396104960326567e-17,0,,169,100
568,5680,6480,1.1143448007125495e-15,0,,169,100
569,5690,6490,1.4977351751480573e-12,0,,168,100
570,5700,6500,1.8878899463774265e-15,0,,167,100
571,5710,6510,4.5861397092964794e-20,0,,166,100
572,5720,6520,1.1714481768947262e-12,0,,165,100
573,5730,6530,4.302410311554321e-13,0,,165,100
574,5740,6540,5.167200675393217e-21,0,,165,100
575,5750,6550,1.476262551051517e-21,0,,165,100
576,5760,6560,4.560741230471549e-18,0,,165,100
577,5770,6570,8.200172577058568e-19,0,,166,100
578,5780,6580,2.2738534268117323e-13,0,,163,100
579,5790,6590,5.2829500520387706e-20,0,,163,100
580,5800,6600,3.510412959111875e-15,0,,165,100
581,5810,6610,1.1054529080787534e-15,0,,165,100
582,5820,6620,3.930847870414929e-15,0,,165,100
583,5830,6630,4.187173750691033e-15,0,,167,100
584,5840,6640,3.4120558081955946e-16,0,,165,100
585,5850,6650,1.7015140464971476e-20,0,,164,100
586,5860,6660,7.245057880040339e-14,0,,161,100
587,5870,6670,7.258206799409874e-19,0,,163,100
588,5880,6680,2.0447033468556325e-21,0,,162,100
589,5890,6690,1.0121563928827591e-14,0,,164,100
590,5900,6700,1.191101414948503e-16,0,,163,100
591,5910,6710,4.703167485302755e-15,0,,164,100
592,5920,6720,2.5188936610007032e-27,0,,164,100
593,5930,6730,5.5584589641747894e-12,0,,163,100
594,5940,6740,3.4319127699302305e-28,0,,166,100
595,5950,6750,4.4786075732109096e-20,0,,165,100
596,5960,6760,3.0405305737564396e-10,0,,167,100
597,5970,6770,7.011272064866904e-16,0,,165,100
598,5980,6780,4.161420286264595e-13,0,,162,100
599,5990,6790,2.948561658286931e-19,0,,163,100
600,6000,6800,6.941121012967515e-19,0,,163,100
601,6010,6810,2.108392478188322e-12,0,,165,100
602,6020,6820,1.3278067975790577e-14,0,,167,100
603,6030,6830,7.428038417555943e-16,0,,168,100
604,6040,6840,7.646117520531662e-11,0,,168,100
605,6050,6850,1.6009315267644336e-26,0,,166,100
606,6060,6860,7.721244003548748e-24,0,,168,100
607,6070,6870,1.1962037585162205e-11,0,,170,100
608,6080,6880,4.212631923446246e-24,0,,172,100
609,6090,6890,2.9046406285275846e-10,0,,170,100
610,6100,6900,5.223370058785918e-11,0,,169,100
611,6110,6910,2.8104460863821367e-11,0,,171,100
612,6120,6920,5.3863396981781426e-17,0,,168,100
613,6130,6930,1.6185460883028834e-27,0,,168,100
614,6140,6940,3.067836409071401e-16,0,,170,100
615,6150,6950,5.301700575882683e-23,0,,171,100
616,6160,6960,2.0273417592681817e-21,0,,171,100
617,6170,6970,1.2954951976287885e-17,0,,172,100
618,6180,6980,6.4537062995156e-23,0,,172,100
619,6190,6990,1.5791184362045372e-18,0,,172,100
620,6200,7000,4.1671378385896414e-23,0,,174,100
621,6210,7010,9.304149893140748e-27,0,,172,100
622,6220,7020,7.888943838061502e-24,0,,172,100
623,6230,7030,4.9686346956969846e-24,0,,169,100
624,6240,7040,7.734720275291877e-18,0,,170,100
625,6250,7050,4.738092549794868e-20,0,,169,100
626,6260,7060,3.2588911112857427e-24,0,,171,100
627,6270,7070,1.007512451116038e-15,0,,172,100
628,6280,7080,9.42963905596568e-24,0,,171,100
629,6290,7090,2.0017353827849987e-12,0,,171,100
630,6300,7100,2.529175802717799e-23,0,,172,100
631,6310,7110,7.111491736122435e-14,0,,172,100
632,6320,7120,1.827242858988441e-14,0,,172,100
633,6330,7130,5.181959807014849e-26,0,,171,100
634,6340,7140,6.811766513103036e-18,0,,171,100
635,6350,7150,1.687799857572164e-19,0,,173,100
636,6360,7160,2.12284956393496e-20,0,,172,100
637,6370,7170,4.034409992920951e-22,0,,174,100
638,6380,7180,5.347213911047494e-21,0,,173,100
639,6390,7190,3.8549283076256385e-19,0,,172,100
640,6400,7200,1.9290757851883802e-19,0,,173,100
641,6410,7210,7.982641376243181e-19,0,,174,100
642,6420,7220,1.0317403993015995e-17,0,,176,100
643,6430,7230,7.296667035840731e-19,0,,178,100
644,6440,7240,2.7097676758975087e-22,0,,178,100
645,6450,7250,4.583377223156978e-15,0,,180,100
646,6460,7260,5.2364471416142744e-27,0,,179,100
647,6470,7270,8.620921424641171e-21,0,,181,100
648,6480,7280,2.8299498486111744e-26,0,,180,100
649,6490,7290,9.122987422879733e-22,0,,181,100
650,6500,7300,2.8490889240815847e-28,0,,179,100
651,6510,7310,1.4007769629993018e-11,0,,178,100
652,6520,7320,4.2888586525129916e-19,0,,177,100
653,6530,7330,3.020321224008075e-17,0,,179,100
654,6540,7340,1.9448947328604594e-22,0,,180,100
655,6550,7350,3.3859300039818873e-19,0,,178,100
656,6560,7360,1.9530965204159832e-19,0,,176,100
657,6570,7370,3.675667828330183e-18,0,,176,100
658,6580,7380,4.1790540091705524e-14,0,,177,100
659,6590,7390,9.436552260942653e-18,0,,175,100
660,6600,7400,1.5856574652911857e-14,0,,175,100
661,6610,7410,2.4210887149163758e-14,0,,175,100
662,6620,7420,5.654218281051858e-17,0,,174,100
663,6630,7430,5.007998078787307e-13,0,,174,100
664,6640,7440,1.6530955398011965e-14,0,,176,100
665,6650,7450,4.475815887994061e-10,0,,176,100
666,6660,7460,1.8740947051199083e-14,0,,176,100
667,6670,7470,3.131789454788227e-18,0,,176,100
668,6680,7480,4.7683339639736113e-17,0,,173,100
669,6690,7490,1.2931973572578287e-19,0,,173,100
670,6700,7500,4.62132366400585e-16,0,,173,100
671,6710,7510,4.101098760761751e-15,0,,172,100
672,6720,7520,4.0871162724478435e-20,0,,172,100
673,6730,7530,3.5389709414460246e-14,0,,171,100
674,6740,7540,7.697036109507944e-14,0,,171,100
675,6750,7550,2.4271301976009144e-17,0,,170,100
676,6760,7560,2.9401163069133365e-12,0,,170,100
677,6770,7570,9.510094569334145e-18,0,,171,100
678,6780,7580,4.731517399439001e-16,0,,169,100
679,6790,7590,5.063366052057903e-10,0,,169,100
680,6800,7600,1.998043953694397e-21,0,,170,100
681,6810,7610,9.379470315443596e-19,0,,170,100
682,6820,7620,3.540280325924343e-16,0,,169,100
683,6830,7630,9.57507240517217e-13,0,,168,100
684,6840,7640,3.480614839073524e-21,0,,169,100
685,6850,7650,2.356007089160738e-19,0,,170,100
686,6860,7660,1.4214988663199005e-11,0,,166,100
687,6870,7670,2.112928939487932e-14,0,,166,100
688,6880,7680,6.354910272838277e-21,0,,166,100
689,6890,7690,2.591273741132672e-18,0,,168,100
690,6900,7700,4.7441757651223546e-18,0,,169,100
691,6910,7710,5.737128535623853e-20,0,,169,100
692,6920,7720,9.770406637926192e-20,0,,170,100
693,6930,7730,1.2277056144110065e-14,0,,169,100
694,6940,7740,1.4579064852850136e-15,0,,171,100
695,6950,7750,4.292373278263421e-18,0,,170,100
696,6960,7760,1.8866897672315742e-15,0,,171,100
697,6970,7770,1.5890370842572495e-18,0,,172,100
698,6980,7780,1.0082669436260495e-21,0,,171,100
699,6990,7790,2.0438480659656377e-18,0,,168,100
700,7000,7800,7.80542611886575e-22,0,,169,100
701,7010,7810,3.4680585620145255e-23,0,,169,100
702,7020,7820,1.3785718123493747e-17,0,,171,100
703,7030,7830,1.417590992891238e-19,0,,171,100
704,7040,7840,2.9050634935328187e-18,0,,170,100
705,7050,7850,2.7570829537003915e-25,0,,171,100
706,7060,7860,1.2673866361967068e-17,0,,167,100
707,7070,7870,1.6860446927054815e-23,0,,169,100
708,7080,7880,3.875390263152287e-23,0,,168,100
709,7090,7890,4.832717365737804e-23,0,,167,100
710,7100,7900,7.893617365513325e-23,0,,169,100
711,7110,7910,2.8677496483979884e-25,0,,169,100
712,7120,7920,8.184628028089748e-20,0,,171,100
713,7130,7930,9.20670542801484e-22,0,,170,100
714,7140,7940,4.661077890218416e-26,0,,170,100
715,7150,7950,1.1793528031839114e-24,0,,172,100
716,7160,7960,2.5069122018251583e-22,0,,173,100
717,7170,7970,7.371579593086574e-27,0,,175,100
718,7180,7980,3.2298612822017466e-22,0,,174,100
719,7190,7990,9.674210055503396e-23,0,,174,100
720,7200,8000,2.935307149996353e-21,0,,173,100
721,7210,8010,1.8300933731946934e-22,0,,172,100
722,7220,8020,8.854968721424687e-20,0,,170,100
723,7230,8030,2.924223353748073e-22,0,,170,100
724,7240,8040,6.135696095203183e-17,0,,169,100
725,7250,8050,8.815904405572283e-18,0,,168,100
726,7260,8060,5.526061918544005e-19,0,,170,100
727,7270,8070,5.808063369695447e-22,0,,169,100
728,7280,8080,1.0877359144522293e-18,0,,172,100
729,7290,8090,3.91982301310769e-23,0,,171,100
730,7300,8100,3.436618573979762e-16,0,,170,100
731,7310,8110,3.033695145558357e-27,0,,171,100
732,7320,8120,2.9197933201697286e-18,0,,171,100
733,7330,8130,2.029165790754978e-20,0,,166,100
734,7340,8140,1.5360912237403407e-22,0,,169,100
735,7350,8150,1.231783992890139e-18,0,,168,100
736,7360,8160,4.695650378947675e-13,0,,168,100
737,7370,8170,1.519581428257277e-13,0,,167,100
738,7380,8180,1.0843876897395933e-13,0,,169,100
739,7390,8190,4.429720225978428e-21,0,,168,100
740,7400,8200,2.9962600717060414e-15,0,,167,100
741,7410,8210,7.042220862937872e-15,0,,170,100
742,7420,8220,1.0630280551509975e-12,0,,169,100
743,7430,8230,1.3641259121376879e-16,0,,168,100
744,7440,8240,6.867441972132978e-12,0,,166,100
745,7450,8250,5.597918287387598e-12,0,,168,100
746,7460,8260,2.0237741956215976e-13,0,,166,100
747,7470,8270,5.910958808760651e-20,0,,167,100
748,7480,8280,1.8777490945903525e-18,0,,168,100
749,7490,8290,4.929570242424005e-16,0,,167,100
750,7500,8300,2.1364544826666516e-16,0,,169,100
751,7510,8310,7.240402588195104e-12,0,,166,100
752,7520,8320,5.1312839671642435e-11,0,,168,100
753,7530,8330,6.984268003231548e-16,0,,167,100
754,7540,8340,4.627603741008163e-16,0,,168,100
755,7550,8350,6.200556057698431e-17,0,,170,100
756,7560,8360,7.930994112670443e-20,0,,169,100
757,7570,8370,1.3443658976626624e-14,0,,171,100
758,7580,8380,6.298402884835647e-13,0,,171,100
759,7590,8390,1.8736744962226607e-13,0,,171,100
760,7600,8400,7.285244855325792e-15,0,,169,100
761,7610,8410,1.2735520765128397e-21,0,,169,100
762,7620,8420,2.814904764749664e-20,0,,170,100
763,7630,8430,5.041765516291344e-20,0,,171,100
764,7640,8440,5.732723773458368e-19,0,,170,100
765,7650,8450,3.7374884017764554e-17,0,,168,100
766,7660,8460,5.668836932118875e-09,0,,167,100
767,7670,8470,1.3577865806524257e-17,0,,168,100
768,7680,8480,4.4148862758349e-09,0,,168,100
769,7690,8490,5.093919088951996e-16,0,,169,100
770,7700,8500,2.582172290880174e-15,0,,167,100
771,7710,8510,2.9446008504693092e-18,0,,167,100
772,7720,8520,1.497434062693719e-09,0,,169,100
773,7730,8530,3.1906540531963026e-15,0,,165,100
774,7740,8540,1.5578494635281015e-09,0,,165,100
775,7750,8550,1.528672466675954e-10,0,,166,100
776,7760,8560,3.8396834659275544e-10,0,,167,100
777,7770,8570,1.2396707697035828e-13,0,,167,100
778,7780,8580,6.905684145309614e-16,0,,167,100
779,7790,8590,5.749642170251508e-20,0,,167,100
780,7800,8600,1.740755499244567e-11,0,,165,100
781,7810,8610,2.6999887643055195e-08,0,,163,100
782,7820,8620,3.3358431052178394e-18,0,,164,100
783,7830,8630,1.97736861372046e-18,0,,166,100
784,7840,8640,8.958761451999507e-12,0,,164,100
785,7850,8650,6.892891462307476e-10,0,,167,100
786,7860,8660,4.914068902310881e-08,0,,167,100
787,7870,8670,2.5183097522551236e-09,0,,167,100
788,7880,8680,1.964328589989424e-10,0,,166,100
789,7890,8690,2.680265649696428e-08,0,,167,100
790,7900,8700,3.5897137946693257e-20,0,,168,100
791,7910,8710,4.182186683538771e-11,0,,166,100
792,7920,8720,8.457633465131736e-13,0,,166,100
793,7930,8730,2.9092486668651996e-10,0,,166,100
794,7940,8740,3.687837520431815e-17,0,,166,100
795,7950,8750,6.520312536833765e-20,0,,167,100
796,7960,8760,2.872139097223781e-22,0,,166,100
797,7970,8770,6.631035188476115e-13,0,,170,100
798,7980,8780,6.5768084729103825e-18,0,,167,100
799,7990,8790,1.1924919521203894e-18,0,,170,100
800,8000,8800,4.816587745935374e-20,0,,170,100
801,8010,8810,6.70877898151921e-24,0,,169,100
802,8020,8820,3.22592171373022e-18,0,,169,100
803,8030,8830,5.8222497591672296e-12,0,,168,100
804,8040,8840,2.7883383663062437e-19,0,,171,100
805,8050,8850,1.536740073409395e-15,0,,171,100
806,8060,8860,2.0226336007128997e-16,0,,170,100
807,8070,8870,6.448178922608366e-11,0,,169,100
808,8080,8880,8.60989990404707e-14,0,,168,100
809,8090,8890,2.8982056535356444e-13,0,,169,100
810,8100,8900,1.643779918770702e-17,0,,168,100
811,8110,8910,1.414155644211504e-15,0,,173,100
812,8120,8920,1.2032600362123449e-16,0,,175,100
813,8130,8930,7.134809015717838e-13,0,,174,100
814,8140,8940,2.1744572258676996e-14,0,,172,100
815,8150,8950,2.322529829248132e-11,0,,174,100
816,8160,8960,6.871139134900913e-15,0,,176,100
817,8170,8970,3.3475969829883743e-15,0,,176,100
818,8180,8980,1.3514821347202765e-17,0,,177,100
819,8190,8990,1.2208349936473141e-12,0,,178,100
820,8200,9000,3.205993152528431e-13,0,,181,100
821,8210,9010,5.860358463591026e-21,0,,179,100
822,8220,9020,1.131784560374173e-25,0,,180,100
823,8230,9030,7.276902968087612e-29,0,,179,100
824,8240,9040,1.3441480528505018e-26,0,,178,100
825,8250,9050,9.330811026316032e-24,0,,179,100
826,8260,9060,5.3540379521707665e-24,0,,179,100
827,8270,9070,8.716682501359779e-24,0,,181,100
828,8280,9080,4.2550086720991344e-23,0,,179,100
829,8290,9090,2.3041068883293536e-15,0,,179,100
830,8300,9100,1.7609199526546526e-16,0,,180,100
831,8310,9110,2.6355024545588526e-22,0,,180,100
832,8320,9120,9.206684409716107e-25,0,,179,100
833,8330,9130,7.843881506362429e-24,0,,179,100
834,8340,9140,3.779889524690043e-21,0,,177,100
835,8350,9150,1.546845963276091e-14,0,,173,100
836,8360,9160,3.0499044336021328e-21,0,,175,100
837,8370,9170,1.5026026435901324e-20,0,,173,100
838,8380,9180,1.6044569797924767e-13,0,,175,100
839,8390,9190,8.736504848917859e-22,0,,176,100
840,8400,9200,2.8062888220819576e-16,0,,176,100
841,8410,9210,4.578680686355708e-22,0,,174,100
842,8420,9220,2.7146739561806885e-16,0,,176,100
843,8430,9230,5.771604938083226e-18,0,,174,100
844,8440,9240,6.0640894845834166e-18,0,,177,100
845,8450,9250,7.89956250522114e-23,0,,178,100
846,8460,9260,3.0562151458810914e-13,0,,179,100
847,8470,9270,2.1866119568012646e-13,0,,181,100
848,8480,9280,1.0941011609748987e-12,0,,181,100
849,8490,9290,1.1812602952421736e-17,0,,180,100
850,8500,9300,2.4444559518308118e-20,0,,178,100
851,8510,9310,2.8947539933877545e-19,0,,178,100
852,8520,9320,7.986628125363159e-20,0,,180,100
853,8530,9330,9.59292812884251e-19,0,,180,100
854,8540,9340,3.641808001211626e-24,0,,180,100
855,8550,9350,1.153374971224783e-19,0,,179,100
856,8560,9360,4.216768832835282e-19,0,,180,100
857,8570,9370,9.335697042961839e-17,0,,180,100
858,8580,9380,3.661981269008693e-16,0,,180,100
859,8590,9390,5.077319734281975e-18,0,,181,100
860,8600,9400,8.527717503944412e-17,0,,182,100
861,8610,9410,4.709647437629667e-18,0,,181,100
862,8620,9420,1.25251066947369e-15,0,,182,100
863,8630,9430,3.1177336453012266e-16,0,,180,100
864,8640,9440,1.5623979508880786e-15,0,,183,100
865,8650,9450,2.849274740258038e-14,0,,181,100
866,8660,9460,5.983548019157661e-20,0,,182,100
867,8670,9470,1.476629686022618e-15,0,,185,100
868,8680,9480,3.458719669184402e-16,0,,185,100
869,8690,9490,2.1694174695003646e-16,0,,185,100
870,8700,9500,1.4360341511384473e-18,0,,183,100
871,8710,9510,1.6135213051314919e-15,0,,183,100
872,8720,9520,1.2812714748698603e-07,0,,184,100
873,8730,9530,2.6907850245715276e-14,0,,183,100
874,8740,9540,1.5029939604966828e-12,0,,180,100
875,8750,9550,2.759591005745929e-13,0,,181,100
876,8760,9560,3.640042000419832e-11,0,,181,100
877,8770,9570,1.0561829668044964e-12,0,,179,100
878,8780,9580,1.1819908682053163e-13,0,,180,100
879,8790,9590,8.278307136210836e-11,0,,179,100
880,8800,9600,3.0818860241515777e-15,0,,180,100
881,8810,9610,1.8582334994677108e-11,0,,181,100
882,8820,9620,3.007338287065364e-11,0,,184,100
883,8830,9630,1.7082403638699803e-15,0,,182,100
884,8840,9640,3.439227540574623e-12,0,,181,100
885,8850,9650,1.1965651487998229e-11,0,,181,100
886,8860,9660,4.732808084112807e-14,0,,180,100
887,8870,9670,4.561240948643095e-12,0,,179,100
888,8880,9680,8.201302818868076e-12,0,,180,100
889,8890,9690,9.577899559630765e-14,0,,184,100
890,8900,9700,3.5693569160425573e-10,0,,181,100
891,8910,9710,2.0345616555009146e-10,0,,176,100
892,8920,9720,2.1657788703623311e-10,0,,178,100
893,8930,9730,4.1423198369683814e-08,0,,178,100
894,8940,9740,1.323731658604144e-06,0,,177,100
895,8950,9750,2.818171902673047e-10,0,,178,100
896,8960,9760,5.366841239538051e-15,0,,177,100
897,8970,9770,4.1742830846458295e-16,0,,177,100
898,8980,9780,1.1328980729647673e-10,0,,175,100
899,8990,9790,2.83449605355567e-10,0,,174,100
900,9000,9800,6.057213786032602e-10,0,,172,100
901,9010,9810,4.01388568439969e-10,0,,172,100
902,9020,9820,1.1296312377817302e-11,0,,173,100
903,9030,9830,1.5814097535038498e-13,0,,174,100
904,9040,9840,1.837762140221185e-10,0,,172,100
905,9050,9850,2.112852268745826e-11,0,,172,100
906,9060,9860,1.7570944809241424e-09,0,,172,100
907,9070,9870,1.948316991436456e-14,0,,169,100
908,9080,9880,1.65639744982899e-14,0,,172,100
909,9090,9890,2.6301740240464397e-13,0,,171,100
910,9100,9900,1.1768534852923348e-11,0,,172,100
911,9110,9910,2.0494589434750834e-14,0,,173,100
912,9120,9920,1.1318919651306235e-16,0,,173,100
913,9130,9930,4.124672188114623e-17,0,,174,100
914,9140,9940,6.650954736931952e-19,0,,173,100
915,9150,9950,9.678457875766956e-17,0,,176,100
916,9160,9960,7.411235602538136e-13,0,,175,100
917,9170,9970,1.8218673811655187e-09,0,,173,100
918,9180,9980,1.2855041295562016e-16,0,,174,100
919,9190,9990,2.599053186033247e-15,0,,174,100
920,9200,10000,2.2649606517626517e-10,0,,175,100
921,9210,10010,3.165582988542188e-16,0,,176,100
922,9220,10020,2.680907774662839e-19,0,,178,100
923,9230,10030,1.2349840645166315e-17,0,,179,100
924,9240,10040,7.917809056544905e-11,0,,177,100
925,9250,10050,3.6331356983687836e-14,0,,176,100
926,9260,10060,1.5704792183713725e-16,0,,178,100
927,9270,10070,1.6473877876591062e-11,0,,176,100
928,9280,10080,1.1949931026188017e-16,0,,174,100
929,9290,10090,1.8718418186987483e-14,0,,175,100
930,9300,10100,2.206278047638989e-15,0,,176,100
931,9310,10110,1.9047378092275981e-16,0,,176,100
932,9320,10120,1.6558927821961554e-18,0,,172,100
933,9330,10130,1.8382561066165935e-16,0,,172,100
934,9340,10140,2.4071433834324835e-19,0,,171,100
935,9350,10150,1.5673339999992558e-19,0,,171,100
936,9360,10160,9.334476293450892e-20,0,,171,100
937,9370,10170,6.41778231624002e-20,0,,171,100
938,9380,10180,6.641330687403021e-22,0,,170,100
939,9390,10190,1.2002107354061429e-21,0,,170,100
940,9400,10200,8.441056033717718e-22,0,,171,100
941,9410,10210,6.607132860662055e-23,0,,170,100
942,9420,10220,2.867320311276017e-26,0,,171,100
943,9430,10230,8.501439966731954e-24,0,,172,100
944,9440,10240,2.601244608234813e-23,0,,171,100
945,9450,10250,6.696268383787785e-22,0,,169,100
946,9460,10260,2.3064279206519293e-21,0,,168,100
947,9470,10270,2.71093969915435e-22,0,,167,100
948,9480,10280,3.9577092535024886e-27,0,,166,100
949,9490,10290,2.2932863969484694e-22,0,,167,100
950,9500,10300,5.91827530723238e-23,0,,167,100
951,9510,10310,1.353816746118623e-22,0,,167,100
952,9520,10320,1.584349611468328e-22,0,,166,100
953,9530,10330,8.719698596069417e-24,0,,169,100
954,9540,10340,8.75995863062127e-20,0,,167,100
955,9550,10350,1.6541113602583064e-18,0,,168,100
956,9560,10360,9.067848139155769e-21,0,,168,100
957,9570,10370,3.0839328970195462e-18,0,,168,100
958,9580,10380,2.3985508409631885e-20,0,,167,100
959,9590,10390,1.135512712717837e-26,0,,166,100
960,9600,10400,7.468645042725891e-20,0,,168,100
961,9610,10410,4.562588745276543e-19,0,,165,100
962,9620,10420,3.959454219753243e-26,0,,164,100
963,9630,10430,7.381376082873759e-23,0,,166,100
964,9640,10440,3.6686789484417545e-21,0,,165,100
965,9650,10450,5.529215397666562e-23,0,,168,100
966,9660,10460,1.0411377139634884e-21,0,,168,100
967,9670,10470,3.651533897984385e-24,0,,166,100
968,9680,10480,2.8665337055765307e-23,0,,166,100
969,9690,10490,2.5783459369130016e-24,0,,167,100
970,9700,10500,1.1382683586899588e-23,0,,167,100
971,9710,10510,1.9512169548378657e-25,0,,166,100
972,9720,10520,1.7296484084691678e-23,0,,166,100
973,9730,10530,4.6032758168241044e-23,0,,167,100
974,9740,10540,4.252779405596613e-25,0,,168,100
975,9750,10550,1.8070170956929583e-26,0,,168,100
976,9760,10560,4.546701611883041e-24,0,,170,100
977,9770,10570,1.4915101084851563e-20,0,,171,100
978,9780,10580,6.306511587203767e-23,0,,172,100
979,9790,10590,4.06603426521056e-20,0,,172,100
980,9800,10600,7.720528530984674e-20,0,,172,100
981,9810,10610,1.3999764663587634e-17,0,,172,100
982,9820,10620,5.281249455243099e-18,0,,171,100
983,9830,10630,8.399172387939422e-23,0,,171,100
984,9840,10640,4.649922274678104e-24,0,,172,100
985,9850,10650,6.252131553352063e-21,0,,172,100
986,9860,10660,7.282066265165237e-21,0,,172,100
987,9870,10670,3.8674536578215583e-25,0,,172,100
988,9880,10680,3.0925525717477915e-19,0,,170,100
989,9890,10690,5.7861408802849146e-18,0,,172,100
990,9900,10700,7.507640738656474e-22,0,,174,100
991,9910,10710,8.117921928992566e-23,0,,173,100
992,9920,10720,5.458172893782009e-20,0,,175,100
993,9930,10730,9.787848812707704e-18,0,,175,100
994,9940,10740,1.5642231317287628e-17,0,,172,100
995,9950,10750,5.057615538431824e-21,0,,170,100
996,9960,10760,1.9278393098498922e-17,0,,172,100
997,9970,10770,1.2232461009201121e-18,0,,171,100
998,9980,10780,3.3686250352534497e-18,0,,171,100
999,9990,10790,1.3058431931702638e-19,0,,172,100
1000,10000,10800,2.441960346570334e-15,0,,170,100
1001,10010,10810,4.1930896566316056e-17,0,,169,100
1002,10020,10820,1.4324228735222614e-23,0,,167,100
1003,10030,10830,1.9888732050145027e-26,0,,168,100
1004,10040,10840,1.517187598535812e-22,0,,167,100
1005,10050,10850,6.704020613989204e-22,0,,167,100
1006,10060,10860,5.692268949167291e-24,0,,169,100
1007,10070,10870,1.309537787088806e-22,0,,167,100
1008,10080,10880,2.8828353008349006e-22,0,,167,100
1009,10090,10890,3.176662715590737e-25,0,,166,100
1010,10100,10900,6.951928900936993e-29,0,,166,100
1011,10110,10910,7.39080434108814e-24,0,,167,100
1012,10120,10920,4.604226998897992e-24,0,,168,100
1013,10130,10930,2.9167735511641636e-27,0,,169,100
1014,10140,10940,6.650475960451966e-22,0,,170,100
1015,10150,10950,4.713776716605261e-24,0,,168,100
1016,10160,10960,1.5599892146858375e-26,0,,168,100
1017,10170,10970,9.014159651553751e-19,0,,171,100
1018,10180,10980,5.524725954553936e-23,0,,170,100
1019,10190,10990,5.219353145598567e-22,0,,169,100
1020,10200,11000,1.6865141005244624e-23,0,,169,100
1021,10210,11010,4.8014388230206184e-21,0,,168,100
1022,10220,11020,7.707986541095276e-19,0,,166,100
1023,10230,11030,2.891512010778642e-19,0,,165,100
1024,10240,11040,2.9415009568203665e-22,0,,166,100
1025,10250,11050,1.8561660561917573e-18,0,,167,100
1026,10260,11060,3.0089271811115645e-21,0,,168,100
1027,10270,11070,3.1782677183040286e-18,0,,169,100
1028,10280,11080,2.4358266983715495e-15,0,,169,100
1029,10290,11090,1.4445916101806513e-22,0,,170,100
1030,10300,11100,1.4385725311386138e-18,0,,172,100
1031,10310,11110,1.3351248690707534e-21,0,,172,100
1032,10320,11120,6.371403761360743e-20,0,,174,100
1033,10330,11130,3.2237676311319775e-15,0,,173,100
1034,10340,11140,1.5804626064487382e-19,0,,172,100
1035,10350,11150,8.285679395933699e-26,0,,172,100
1036,10360,11160,1.2346941495514536e-23,0,,171,100
1037,10370,11170,8.561875645770606e-12,0,,172,100
1038,10380,11180,2.650208036189606e-17,0,,171,100
1039,10390,11190,1.4200520917837312e-18,0,,170,100
1040,10400,11200,3.203027142993988e-25,0,,170,100
1041,10410,11210,1.0471480992520611e-14,0,,170,100
1042,10420,11220,2.3423558536215614e-17,0,,170,100
1043,10430,11230,1.9192780870506253e-20,0,,170,100
1044,10440,11240,1.0371424772817956e-18,0,,171,100
1045,10450,11250,6.353114340203822e-26,0,,169,100
1046,10460,11260,6.211206753821465e-19,0,,172,100
1047,10470,11270,1.8415914230699437e-20,0,,170,100
1048,10480,11280,7.05327552080178e-21,0,,170,100
1049,10490,11290,8.064477926075673e-15,0,,168,100
1050,10500,11300,9.366012312041654e-11,0,,171,100
1051,10510,11310,1.4442115199858076e-21,0,,172,100
1052,10520,11320,5.783848918406764e-12,0,,173,100
1053,10530,11330,1.224560496567095e-19,0,,172,100
1054,10540,11340,5.904202286903631e-13,0,,170,100
1055,10550,11350,1.7053776803374216e-14,0,,172,100
1056,10560,11360,1.3896255438836797e-11,0,,169,100
1057,10570,11370,6.196485081612493e-10,0,,168,100
1058,10580,11380,6.648493529557699e-11,0,,168,100
1059,10590,11390,7.791148020990882e-09,0,,168,100
1060,10600,11400,2.1075222419237705e-10,0,,168,100
1061,10610,11410,3.7561421866355797e-13,0,,168,100
1062,10620,11420,4.179383114593386e-10,0,,166,100
1063,10630,11430,1.2127861641013875e-12,0,,168,100
1064,10640,11440,9.64902314231257e-18,0,,171,100
1065,10650,11450,3.0364921292728e-12,0,,170,100
1066,10660,11460,3.70364678079512e-10,0,,170,100
1067,10670,11470,1.9834204617469274e-11,0,,169,100
1068,10680,11480,1.5507538943207248e-10,0,,170,100
1069,10690,11490,1.3270752460201457e-09,0,,168,100
1070,10700,11500,1.2977565464281319e-11,0,,165,100
1071,10710,11510,2.3421174486844143e-11,0,,166,100
1072,10720,11520,5.4866314007643695e-14,0,,167,100
1073,10730,11530,5.488609752818093e-13,0,,169,100
1074,10740,11540,1.2911983979769319e-09,0,,170,100
1075,10750,11550,8.42620834095862e-13,0,,170,100
1076,10760,11560,2.936522468705875e-14,0,,169,100
1077,10770,11570,8.275837235737086e-17,0,,170,100
1078,10780,11580,2.1376111116721816e-13,0,,171,100
1079,10790,11590,1.5100839627457762e-14,0,,171,100
1080,10800,11600,1.5645125556737365e-15,0,,172,100
1081,10810,11610,1.8676801714570454e-15,0,,173,100
1082,10820,11620,4.630328834546198e-16,0,,173,100
1083,10830,11630,6.464161543461138e-17,0,,172,100
1084,10840,11640,4.527150535745325e-19,0,,174,100
1085,10850,11650,5.154332198567296e-16,0,,174,100
1086,10860,11660,7.224499176730258e-21,0,,175,100
1087,10870,11670,3.848399713592035e-18,0,,175,100
1088,10880,11680,6.261747355891428e-17,0,,175,100
1089,10890,11690,3.0385998169452693e-18,0,,174,100
1090,10900,11700,1.4869269314992059e-19,0,,174,100
1091,10910,11710,3.95237409799408e-11,0,,175,100
1092,10920,11720,1.7784677880513507e-21,0,,175,100
1093,10930,11730,2.4602864284079184e-11,0,,175,100
1094,10940,11740,1.8842654000229233e-11,0,,174,100
1095,10950,11750,2.1813090156079392e-11,0,,173,100
1096,10960,11760,1.0502995308697142e-08,0,,172,100
1097,10970,11770,1.915206338959397e-11,0,,170,100
1098,10980,11780,2.2069343815757534e-14,0,,172,100
1099,10990,11790,8.643638990966518e-15,0,,172,100
1100,11000,11800,1.063606455853752e-10,0,,170,100
1101,11010,11810,5.2398581332093086e-14,0,,173,100
1102,11020,11820,2.3874610873348505e-12,0,,172,100
1103,11030,11830,4.1944750902371216e-13,0,,172,100
1104,11040,11840,1.0173654940944731e-10,0,,171,100
1105,11050,11850,2.6496203603862705e-20,0,,171,100
1106,11060,11860,1.6766202038889862e-19,0,,170,100
1107,11070,11870,6.1924389945197946e-18,0,,169,100
1108,11080,11880,5.572027842244124e-23,0,,168,100
1109,11090,11890,5.315598605389763e-26,0,,169,100
1110,11100,11900,1.93921401617393e-26,0,,166,100
1111,11110,11910,1.9102638359336403e-24,0,,167,100
1112,11120,11920,5.161780090398873e-15,0,,166,100
1113,11130,11930,5.2286728451509327e-20,0,,166,100
1114,11140,11940,1.6085079731149734e-21,0,,167,100
1115,11150,11950,4.193478600860472e-15,0,,167,100
1116,11160,11960,9.628169140193825e-22,0,,167,100
1117,11170,11970,1.6347195269483176e-15,0,,168,100
1118,11180,11980,4.189244106876989e-13,0,,166,100
1119,11190,11990,8.473874792162374e-13,0,,167,100
1120,11200,12000,7.948462900749252e-14,0,,168,100
1121,11210,12010,5.528019138844618e-15,0,,171,100
1122,11220,12020,3.033710275893895e-30,0,,171,100
1123,11230,12030,4.1899123792061514e-27,0,,168,100
1124,11240,12040,3.646463059522838e-24,0,,169,100
1125,11250,12050,9.884283755063668e-24,0,,168,100
1126,11260,12060,1.98404616932982e-24,0,,170,100
1127,11270,12070,1.2447454980935487e-21,0,,171,100
1128,11280,12080,2.944062153337527e-15,0,,171,100
1129,11290,12090,9.34540400138073e-15,0,,171,100
1130,11300,12100,5.523983530473472e-19,0,,168,100
1131,11310,12110,1.1225835827408553e-14,0,,169,100
1132,11320,12120,7.322138831350387e-18,0,,170,100
1133,11330,12130,4.9148594446492885e-18,0,,171,100
1134,11340,12140,1.8262367580687605e-14,0,,169,100
1135,11350,12150,4.535580703281873e-18,0,,169,100
1136,11360,12160,3.4544576917482137e-18,0,,171,100
1137,11370,12170,2.5714869839430005e-19,0,,170,100
1138,11380,12180,3.926873124752305e-20,0,,167,100
1139,11390,12190,2.9024859240043587e-18,0,,167,100
1140,11400,12200,1.3496127659115417e-19,0,,168,100
1141,11410,12210,5.781429472932624e-24,0,,169,100
1142,11420,12220,2.0911519671703937e-18,0,,168,100
1143,11430,12230,1.4136789337168707e-17,0,,169,100
1144,11440,12240,4.077503089079623e-15,0,,166,100
1145,11450,12250,3.446872567598992e-19,0,,165,100
1146,11460,12260,1.4716566430338236e-19,0,,165,100
1147,11470,12270,1.1816529002825147e-19,0,,165,100
1148,11480,12280,7.308748486764162e-18,0,,167,100
1149,11490,12290,5.887794407694727e-21,0,,168,100
1150,11500,12300,5.070518615834333e-24,0,,169,100
1151,11510,12310,3.5196532438840775e-21,0,,169,100
1152,11520,12320,9.477031060860754e-22,0,,167,100
1153,11530,12330,2.4111167622116858e-24,0,,167,100
1154,11540,12340,8.150206832816147e-25,0,,168,100
1155,11550,12350,8.365337980672342e-23,0,,167,100
1156,11560,12360,3.5469746118218773e-25,0,,167,100
1157,11570,12370,5.610465384137209e-22,0,,167,100
1158,11580,12380,5.166881437189266e-29,0,,166,100
1159,11590,12390,8.142249743521937e-23,0,,163,100
1160,11600,12400,1.6018928634102728e-23,0,,165,100
1161,11610,12410,2.1200678234305455e-24,0,,164,100
1162,11620,12420,1.4772949179209774e-23,0,,166,100
1163,11630,12430,6.051231299151976e-23,0,,164,100
1164,11640,12440,1.8961268364825577e-19,0,,164,100
1165,11650,12450,1.2543780437341134e-22,0,,163,100
1166,11660,12460,6.989427844049909e-15,0,,164,100
1167,11670,12470,2.865228389643324e-21,0,,168,100
1168,11680,12480,5.473759931897932e-22,0,,168,100
1169,11690,12490,4.425988486776408e-16,0,,168,100
1170,11700,12500,1.689846002081759e-20,0,,168,100
1171,11710,12510,2.419920621729683e-17,0,,167,100
1172,11720,12520,7.567331880272962e-15,0,,167,100
1173,11730,12530,8.309106260154946e-16,0,,167,100
1174,11740,12540,1.7637344263543158e-16,0,,168,100
1175,11750,12550,3.4499665288031966e-22,0,,169,100
1176,11760,12560,7.879626969629832e-21,0,,169,100
1177,11770,12570,6.072529112763269e-22,0,,171,100
1178,11780,12580,3.63619730757422e-14,0,,169,100
1179,11790,12590,2.2348856019748676e-16,0,,170,100
1180,11800,12600,3.0151942689860845e-19,0,,171,100
1181,11810,12610,9.941350968165614e-22,0,,173,100
1182,11820,12620,3.4686214883519884e-19,0,,173,100
1183,11830,12630,2.9807465966061644e-16,0,,175,100
1184,11840,12640,5.729509784934419e-16,0,,174,100
1185,11850,12650,3.645403004324134e-18,0,,174,100
1186,11860,12660,3.2958637260517086e-15,0,,174,100
1187,11870,12670,6.931333341718981e-16,0,,176,100
1188,11880,12680,3.494430891844193e-17,0,,177,100
1189,11890,12690,3.98073314985444e-22,0,,177,100
1190,11900,12700,7.279733704285507e-20,0,,176,100
1191,11910,12710,4.659101967705476e-15,0,,175,100
1192,11920,12720,9.317924124013966e-18,0,,174,100
1193,11930,12730,1.4863583765049224e-19,0,,174,100
1194,11940,12740,5.30784552570526e-16,0,,175,100
1195,11950,12750,9.894485821659886e-19,0,,176,100
1196,11960,12760,2.6623621115067165e-23,0,,176,100
1197,11970,12770,2.8795875326761622e-12,0,,175,100
1198,11980,12780,3.835473590847831e-24,0,,175,100
1199,11990,12790,2.461473280626543e-16,0,,175,100
1200,12000,12800,4.130965904131875e-16,0,,174,100
1201,12010,12810,1.4584941578408207e-20,0,,173,100
1202,12020,12820,8.950296214923354e-19,0,,173,100
1203,12030,12830,8.144262132151419e-18,0,,173,100
1204,12040,12840,7.067078392259807e-11,0,,171,100
1205,12050,12850,2.4994021720794076e-19,0,,172,100
1206,12060,12860,1.933004588130014e-15,0,,171,100
1207,12070,12870,2.1579680946088395e-21,0,,173,100
1208,12080,12880,1.1469604999924371e-15,0,,173,100
1209,12090,12890,4.523667057134713e-17,0,,172,100
1210,12100,12900,9.783434345652057e-16,0,,171,100
1211,12110,12910,2.074026458249219e-17,0,,171,100
1212,12120,12920,5.32611387186237e-18,0,,171,100
1213,12130,12930,1.5616239055379064e-19,0,,170,100
1214,12140,12940,6.427860004618713e-19,0,,174,100
1215,12150,12950,1.8104018557021352e-25,0,,173,100
1216,12160,12960,5.270676721814518e-16,0,,173,100
1217,12170,12970,9.905216393447762e-17,0,,175,100
1218,12180,12980,6.629371130434563e-16,0,,175,100
1219,12190,12990,8.315120386560916e-19,0,,176,100
1220,12200,13000,5.616946365028511e-14,0,,176,100
1221,12210,13010,6.2707761299677245e-18,0,,177,100
1222,12220,13020,4.6671383226154355e-11,0,,179,100
1223,12230,13030,9.240086084971548e-18,0,,178,100
1224,12240,13040,1.1337220953002105e-12,0,,178,100
1225,12250,13050,4.657057910517291e-12,0,,178,100
1226,12260,13060,2.947803461786114e-11,0,,177,100
1227,12270,13070,3.2686977774354946e-09,0,,174,100
1228,12280,13080,2.3209058385403154e-21,0,,175,100
1229,12290,13090,3.5869283714250663e-16,0,,175,100
1230,12300,13100,1.807336658879012e-13,0,,176,100
1231,12310,13110,1.7785487453711593e-20,0,,174,100
1232,12320,13120,1.8486588340005114e-15,0,,176,100
1233,12330,13130,3.945539608433862e-15,0,,172,100
1234,12340,13140,6.007825137128843e-15,0,,172,100
1235,12350,13150,6.5000458977510164e-18,0,,172,100
1236,12360,13160,1.1892984889666925e-12,0,,172,100
1237,12370,13170,6.660042692460717e-19,0,,173,100
1238,12380,13180,2.0033786911073035e-16,0,,174,100
1239,12390,13190,9.396029203648613e-18,0,,174,100
1240,12400,13200,3.4341600237664725e-18,0,,173,100
1241,12410,13210,9.120242759441037e-14,0,,174,100
1242,12420,13220,9.18143132113356e-16,0,,173,100
1243,12430,13230,5.389637657010195e-16,0,,173,100
1244,12440,13240,6.334175535202837e-15,0,,174,100
1245,12450,13250,2.1527918748035176e-16,0,,173,100
1246,12460,13260,2.20254926519101e-15,0,,172,100
1247,12470,13270,1.2144750549807664e-14,0,,169,100
1248,12480,13280,6.302220392811773e-16,0,,171,100
1249,12490,13290,6.339046602236996e-16,0,,173,100
1250,12500,13300,9.762063467927984e-20,0,,172,100
1251,12510,13310,8.406011194324496e-14,0,,172,100
1252,12520,13320,1.4926179439107395e-18,0,,174,100
1253,12530,13330,1.0642270741754123e-13,0,,173,100
1254,12540,13340,2.4703881358837834e-13,0,,172,100
1255,12550,13350,6.183111986060422e-13,0,,171,100
1256,12560,13360,1.024964714155892e-17,0,,175,100
1257,12570,13370,5.3832396308660154e-20,0,,175,100
1258,12580,13380,5.297595526878683e-16,0,,174,100
1259,12590,13390,2.07973221977499e-14,0,,173,100
1260,12600,13400,4.28391581990097e-11,0,,172,100
1261,12610,13410,8.751005943414316e-11,0,,172,100
1262,12620,13420,3.1328471731725916e-16,0,,173,100
1263,12630,13430,6.548010198677348e-13,0,,175,100
1264,12640,13440,1.257364997368516e-11,0,,175,100
1265,12650,13450,2.8115763588888384e-12,0,,176,100
1266,12660,13460,1.7420257445364425e-12,0,,175,100
1267,12670,13470,2.6707771685365196e-19,0,,174,100
1268,12680,13480,3.578415572394022e-14,0,,171,100
1269,12690,13490,6.298571637942019e-14,0,,174,100
1270,12700,13500,5.687761121412344e-18,0,,174,100
1271,12710,13510,4.582425118512016e-25,0,,175,100
1272,12720,13520,1.6559614080279352e-16,0,,174,100
1273,12730,13530,2.332974688041886e-19,0,,174,100
1274,12740,13540,7.211588809182899e-15,0,,173,100
1275,12750,13550,5.779766806777395e-16,0,,175,100
1276,12760,13560,8.437562771826169e-17,0,,175,100
1277,12770,13570,2.4223018031093494e-17,0,,176,100
1278,12780,13580,2.2100179407856592e-17,0,,175,100
1279,12790,13590,3.8059006263440223e-20,0,,175,100
1280,12800,13600,3.3733749701234116e-18,0,,177,100
1281,12810,13610,4.5920572368258926e-20,0,,176,100
1282,12820,13620,3.9374573490476195e-19,0,,177,100
1283,12830,13630,3.1570428701322905e-18,0,,178,100
1284,12840,13640,1.6003110317743722e-16,0,,178,100
1285,12850,13650,3.125745940694256e-16,0,,177,100
1286,12860,13660,2.6155264169715653e-18,0,,178,100
1287,12870,13670,1.9116439251800268e-18,0,,178,100
1288,12880,13680,3.8305877732149525e-16,0,,179,100
1289,12890,13690,1.0617168184834935e-23,0,,180,100
1290,12900,13700,1.975927450062206e-17,0,,179,100
1291,12910,13710,8.4241079661264765e-19,0,,180,100
1292,12920,13720,1.6072676770964852e-19,0,,179,100
1293,12930,13730,2.0332974145530572e-21,0,,179,100
1294,12940,13740,9.37298445524278e-16,0,,177,100
1295,12950,13750,1.4040662590806505e-19,0,,178,100
1296,12960,13760,1.3447198670192522e-20,0,,178,100
1297,12970,13770,1.8372034548853072e-15,0,,178,100
1298,12980,13780,3.907431635234112e-15,0,,177,100
1299,12990,13790,1.0361601600814281e-13,0,,176,100
1300,13000,13800,2.0266039758407484e-21,0,,178,100
1301,13010,13810,5.365434196923833e-22,0,,177,100
1302,13020,13820,8.066219150900673e-23,0,,176,100
1303,13030,13830,2.4973217568906567e-12,0,,176,100
1304,13040,13840,1.886226459339256e-22,0,,177,100
1305,13050,13850,2.7099115937687475e-15,0,,176,100
1306,13060,13860,1.86338957238506e-12,0,,176,100
1307,13070,13870,1.2195593827546248e-18,0,,180,100
1308,13080,13880,2.9715004730615457e-15,0,,178,100
1309,13090,13890,2.2844027921296984e-18,0,,180,100
1310,13100,13900,1.900767505082737e-15,0,,181,100
1311,13110,13910,3.591388666766157e-16,0,,184,100
1312,13120,13920,6.565795346874518e-17,0,,185,100
1313,13130,13930,6.507936889273887e-14,0,,185,100
1314,13140,13940,3.1324718304588538e-21,0,,187,100
1315,13150,13950,2.130025096367966e-14,0,,186,100
1316,13160,13960,1.3877420634274344e-17,0,,185,100
1317,13170,13970,4.2303674477249653e-10,0,,186,100
1318,13180,13980,5.74528516732648e-10,0,,187,100
1319,13190,13990,8.602315040556924e-15,0,,185,100
1320,13200,14000,7.782420872235145e-16,0,,187,100
1321,13210,14010,1.4573518210585818e-14,0,,187,100
1322,13220,14020,3.513672250467687e-11,0,,186,100
1323,13230,14030,3.5576491451454485e-15,0,,189,100
1324,13240,14040,4.1905106618029855e-16,0,,187,100
1325,13250,14050,8.424673755834115e-15,0,,187,100
1326,13260,14060,5.846722765044449e-09,0,,187,100
1327,13270,14070,9.09076881050967e-12,0,,189,100
1328,13280,14080,3.87918288196031e-09,0,,189,100
1329,13290,14090,7.0202496526146726e-12,0,,188,100
1330,13300,14100,7.25582577836e-15,0,,190,100
1331,13310,14110,5.72618921746303e-16,0,,188,100
1332,13320,14120,6.16599600375098e-08,0,,187,100
1333,13330,14130,4.281875106482854e-09,0,,186,100
1334,13340,14140,6.60387440096151e-11,0,,187,100
1335,13350,14150,4.44769113567266e-09,0,,188,100
1336,13360,14160,5.006817138411336e-11,0,,187,100
1337,13370,14170,3.0109469426031164e-10,0,,187,100
1338,13380,14180,2.7458396766127372e-08,0,,188,100
1339,13390,14190,2.713460168614015e-09,0,,189,100
1340,13400,14200,5.279532752053799e-12,0,,189,100
1341,13410,14210,5.835827058981325e-11,0,,190,100
1342,13420,14220,8.245092448591402e-09,0,,189,100
1343,13430,14230,7.288158049317956e-11,0,,185,100
1344,13440,14240,2.2252751092029258e-11,0,,184,100
1345,13450,14250,6.231546164345013e-16,0,,186,100
1346,13460,14260,5.1500879582765305e-12,0,,186,100
1347,13470,14270,2.4372587002621878e-11,0,,185,100
1348,13480,14280,6.778012588157365e-12,0,,186,100
1349,13490,14290,6.832991052273112e-14,0,,187,100
1350,13500,14300,1.4166321608123643e-16,0,,185,100
1351,13510,14310,6.854449912971984e-15,0,,184,100
1352,13520,14320,5.837523493393583e-15,0,,186,100
1353,13530,14330,7.748313736298395e-11,0,,187,100
1354,13540,14340,4.697052302254699e-10,0,,185,100
1355,13550,14350,6.434875513582048e-13,0,,184,100
1356,13560,14360,1.9080176012791528e-09,0,,187,100
1357,13570,14370,8.655094846756055e-08,0,,189,100
1358,13580,14380,7.507645900011207e-08,0,,188,100
1359,13590,14390,9.259760616127062e-08,0,,189,100
1360,13600,14400,3.0677716132041247e-12,0,,188,100
1361,13610,14410,1.641793017605066e-13,0,,186,100
1362,13620,14420,1.8419761877755013e-09,0,,185,100
1363,13630,14430,3.195708734347936e-09,0,,187,100
1364,13640,14440,2.929639109727917e-07,0,,189,100
1365,13650,14450,3.551491856184738e-09,0,,189,100
1366,13660,14460,1.7950303093690499e-09,0,,190,100
1367,13670,14470,1.7369509810169446e-07,0,,187,100
1368,13680,14480,1.9408777425960667e-06,0,,186,100
1369,13690,14490,3.971851302903813e-14,0,,187,100
1370,13700,14500,1.4368031787512318e-11,0,,187,100
1371,13710,14510,1.747442346274213e-09,0,,187,100
1372,13720,14520,3.7872450556350653e-13,0,,188,100
1373,13730,14530,3.77308895359917e-14,0,,189,100
1374,13740,14540,2.8825454411562493e-09,0,,188,100
1375,13750,14550,1.19933163052514e-07,0,,187,100
1376,13760,14560,2.972032193795226e-10,0,,187,100
1377,13770,14570,9.430187527182827e-08,0,,188,100
1378,13780,14580,4.30131268384867e-10,0,,190,100
1379,13790,14590,7.076465104309675e-13,0,,191,100
1380,13800,14600,3.1038718298537336e-10,0,,190,100
1381,13810,14610,7.187736632635826e-17,0,,190,100
1382,13820,14620,1.2532659405626153e-11,0,,191,100
1383,13830,14630,5.955316006624636e-13,0,,192,100
1384,13840,14640,2.2408219573380597e-11,0,,193,100
1385,13850,14650,1.923663616432023e-14,0,,191,100
1386,13860,14660,1.163711596401712e-10,0,,194,100
1387,13870,14670,8.833336081131025e-12,0,,190,100
1388,13880,14680,1.8800263259154342e-10,0,,191,100
1389,13890,14690,1.2461440810760505e-15,0,,194,100
1390,13900,14700,2.7315723064047536e-14,0,,191,100
1391,13910,14710,7.195575104729526e-12,0,,190,100
1392,13920,14720,1.1555544048509661e-08,0,,191,100
1393,13930,14730,2.629838039124551e-15,0,,190,100
1394,13940,14740,2.2783451351535082e-12,0,,188,100
1395,13950,14750,1.2090004146634105e-13,0,,188,100
1396,13960,14760,1.7026633656812856e-15,0,,188,100
1397,13970,14770,5.146116710733454e-16,0,,189,100
1398,13980,14780,1.8226572373879511e-19,0,,189,100
1399,13990,14790,4.144556581504659e-16,0,,189,100
1400,14000,14800,3.8476409578499696e-11,0,,188,100
1401,14010,14810,3.1026528595973985e-12,0,,188,100
1402,14020,14820,4.3438065515219876e-11,0,,187,100
1403,14030,14830,7.606364596696821e-13,0,,186,100
1404,14040,14840,1.974052560128337e-18,0,,188,100
1405,14050,14850,2.8067081114425534e-13,0,,187,100
1406,14060,14860,2.828960331054407e-13,0,,187,100
1407,14070,14870,3.557426019468298e-15,0,,185,100
1408,14080,14880,9.306956138225628e-19,0,,185,100
1409,14090,14890,5.258444660431735e-15,0,,187,100
1410,14100,14900,1.4268593361390993e-18,0,,186,100
1411,14110,14910,2.6289264133553586e-12,0,,185,100
1412,14120,14920,1.1617178327982505e-09,0,,188,100
1413,14130,14930,4.918295332936052e-16,0,,189,100
1414,14140,14940,8.116161837390986e-14,0,,188,100
1415,14150,14950,4.3491844030479236e-08,0,,186,100
1416,14160,14960,1.9156451964146398e-20,0,,186,100
1417,14170,14970,3.935636634766156e-12,0,,186,100
1418,14180,14980,4.148837784601623e-10,0,,187,100
1419,14190,14990,4.7061014492923116e-09,0,,186,100
1420,14200,15000,5.240279211858171e-11,0,,187,100
1421,14210,15010,4.160679865825381e-15,0,,185,100
1422,14220,15020,1.297720958141184e-13,0,,185,100
1423,14230,15030,6.442659433708756e-12,0,,187,100
1424,14240,15040,1.6088102757954645e-12,0,,189,100
1425,14250,15050,2.2335191521684514e-08,0,,189,100
1426,14260,15060,6.5570714834369615e-09,0,,190,100
1427,14270,15070,4.1693810714081036e-08,0,,190,100
1428,14280,15080,7.237174181208898e-13,0,,190,100
1429,14290,15090,9.345954106481394e-13,0,,188,100
1430,14300,15100,8.035124158364584e-16,0,,187,100
1431,14310,15110,4.790406357949438e-16,0,,189,100
1432,14320,15120,1.315998756496437e-10,0,,187,100
1433,14330,15130,3.8367724601642286e-23,0,,190,100
1434,14340,15140,2.7915081906768055e-18,0,,190,100
1435,14350,15150,5.642588460915534e-12,0,,188,100
1436,14360,15160,3.0752626986888567e-10,0,,184,100
1437,14370,15170,2.8191039121380407e-15,0,,187,100
1438,14380,15180,2.4122115480833563e-15,0,,188,100
1439,14390,15190,2.2656252623311308e-12,0,,188,100
1440,14400,15200,2.3626532000375726e-18,0,,187,100
1441,14410,15210,9.840172273148708e-18,0,,187,100
1442,14420,15220,2.1216359383117338e-15,0,,187,100
1443,14430,15230,1.0806078617966504e-14,0,,186,100
1444,14440,15240,7.498042439422244e-17,0,,185,100
1445,14450,15250,1.1670579925387056e-09,0,,186,100
1446,14460,15260,3.7962065297261655e-11,0,,186,100
1447,14470,15270,7.499673849589273e-19,0,,188,100
1448,14480,15280,1.6663306879217038e-18,0,,191,100
1449,14490,15290,3.143275457387657e-13,0,,187,100
1450,14500,15300,4.0375102856584496e-17,0,,188,100
1451,14510,15310,4.4189271282297246e-10,0,,187,100
1452,14520,15320,2.0561133787400482e-08,0,,191,100
1453,14530,15330,6.864446807183955e-09,0,,189,100
1454,14540,15340,2.375278901312332e-15,0,,190,100
1455,14550,15350,9.613288783697805e-22,0,,189,100
1456,14560,15360,1.1336480323506843e-07,0,,187,100
1457,14570,15370,8.042115974434755e-08,0,,185,100
1458,14580,15380,2.293099783782807e-18,0,,184,100
1459,14590,15390,2.8715018384731276e-19,0,,185,100
1460,14600,15400,3.7541938275789414e-13,0,,185,100
1461,14610,15410,2.3238217994093305e-16,0,,185,100
1462,14620,15420,5.710402889522414e-16,0,,183,100
1463,14630,15430,1.4284028901337963e-21,0,,182,100
1464,14640,15440,2.1810234256279757e-17,0,,181,100
1465,14650,15450,2.3202145007477647e-15,0,,181,100
1466,14660,15460,5.827966990914874e-12,0,,182,100
1467,14670,15470,1.0845370370081828e-19,0,,185,100
1468,14680,15480,2.3252689922274726e-11,0,,183,100
1469,14690,15490,2.3316549347782543e-17,0,,182,100
1470,14700,15500,6.8777825507161e-11,0,,182,100
1471,14710,15510,1.0177385318191583e-14,0,,181,100
1472,14720,15520,2.2458764868038996e-17,0,,180,100
1473,14730,15530,4.105709479158987e-16,0,,182,100
1474,14740,15540,1.1491065121198991e-20,0,,183,100
1475,14750,15550,2.827218329420468e-14,0,,182,100
1476,14760,15560,4.2031339211349115e-15,0,,182,100
1477,14770,15570,4.527822958988613e-16,0,,180,100
1478,14780,15580,2.476093155519808e-13,0,,179,100
1479,14790,15590,4.303661845874672e-14,0,,179,100
1480,14800,15600,2.3483122950022917e-14,0,,181,100
1481,14810,15610,2.7198313185493846e-11,0,,182,100
1482,14820,15620,2.0821638262288837e-14,0,,181,100
1483,14830,15630,1.5224810282653452e-15,0,,178,100
1484,14840,15640,2.9261754292746746e-20,0,,179,100
1485,14850,15650,5.314200140657079e-13,0,,179,100
1486,14860,15660,9.22770531108507e-16,0,,178,100
1487,14870,15670,1.0354482073127592e-16,0,,179,100
1488,14880,15680,5.282335448055086e-18,0,,179,100
1489,14890,15690,5.9527641115096835e-21,0,,179,100
1490,14900,15700,4.3116959600818115e-21,0,,180,100
1491,14910,15710,9.524357200555016e-17,0,,179,100
1492,14920,15720,1.047513483288163e-15,0,,177,100
1493,14930,15730,2.4778695324144744e-16,0,,177,100
1494,14940,15740,7.318659887942002e-19,0,,177,100
1495,14950,15750,4.144339249337091e-16,0,,178,100
1496,14960,15760,7.621841894168129e-17,0,,179,100
1497,14970,15770,2.1714122061727293e-16,0,,178,100
1498,14980,15780,5.39321099826942e-14,0,,179,100
1499,14990,15790,8.511059657270152e-15,0,,180,100
1500,15000,15800,8.25060938392096e-21,0,,182,100
1501,15010,15810,7.573855002417919e-19,0,,184,100
1502,15020,15820,5.611616213584947e-16,0,,184,100
1503,15030,15830,3.574905799733519e-14,0,,181,100
1504,15040,15840,6.305217413951865e-14,0,,180,100
1505,15050,15850,6.190782738739808e-15,0,,176,100
1506,15060,15860,2.2232390732154555e-17,0,,177,100
1507,15070,15870,2.03390712608377e-18,0,,177,100
1508,15080,15880,8.440794920343238e-16,0,,178,100
1509,15090,15890,9.730509013201717e-17,0,,179,100
1510,15100,15900,1.0636328059183382e-14,0,,179,100
1511,15110,15910,4.350312891768746e-18,0,,179,100
1512,15120,15920,1.572974840591708e-14,0,,180,100
1513,15130,15930,4.5221391764165957e-20,0,,180,100
1514,15140,15940,5.330873920738117e-16,0,,182,100
1515,15150,15950,1.809609770024207e-15,0,,183,100
1516,15160,15960,2.4322381712312744e-19,0,,182,100
1517,15170,15970,4.0901426769631926e-16,0,,182,100
1518,15180,15980,6.935437899477572e-15,0,,181,100
1519,15190,15990,1.309485855429426e-16,0,,181,100
1520,15200,16000,4.114854713732733e-15,0,,185,100
1521,15210,16010,3.3208056725655664e-17,0,,185,100
1522,15220,16020,1.3406460556265883e-17,0,,186,100
1523,15230,16030,1.7498458058057356e-15,0,,187,100
1524,15240,16040,1.0880402943329136e-19,0,,184,100
1525,15250,16050,7.926024300540968e-23,0,,183,100
1526,15260,16060,6.229226368954172e-19,0,,182,100
1527,15270,16070,6.954249133645848e-23,0,,184,100
1528,15280,16080,1.2544155358747643e-17,0,,184,100
1529,15290,16090,2.9494145391180725e-16,0,,184,100
1530,15300,16100,1.8498523283081882e-16,0,,184,100
1531,15310,16110,1.4406932439571646e-18,0,,181,100
1532,15320,16120,2.1763165516190625e-19,0,,177,100
1533,15330,16130,5.384168203321976e-19,0,,179,100
1534,15340,16140,2.418962610730257e-18,0,,181,100
1535,15350,16150,1.3025378164104652e-19,0,,181,100
1536,15360,16160,6.128634343951797e-17,0,,181,100
1537,15370,16170,1.4572142092426766e-19,0,,182,100
1538,15380,16180,1.3143095572783077e-18,0,,183,100
1539,15390,16190,1.7505730527740754e-20,0,,182,100
1540,15400,16200,2.638989043263075e-16,0,,181,100
1541,15410,16210,4.094513591006468e-19,0,,183,100
1542,15420,16220,2.2823068014612164e-23,0,,184,100
1543,15430,16230,8.296287754494413e-22,0,,185,100
1544,15440,16240,1.3536947863030147e-22,0,,185,100
1545,15450,16250,2.4366338563052105e-23,0,,182,100
1546,15460,16260,2.6523093091800283e-19,0,,181,100
1547,15470,16270,5.772629669044982e-24,0,,180,100
1548,15480,16280,4.42535207485517e-26,0,,181,100
1549,15490,16290,2.2493037074693412e-23,0,,182,100
1550,15500,16300,4.679234257750478e-28,0,,180,100
1551,15510,16310,4.808679388003219e-29,0,,181,100
1552,15520,16320,3.866855531852924e-18,0,,182,100
1553,15530,16330,4.558182643858273e-25,0,,181,100
1554,15540,16340,6.6933228869355735e-28,0,,179,100
1555,15550,16350,8.890478442198505e-21,0,,180,100
1556,15560,16360,1.3313831649435598e-17,0,,181,100
1557,15570,16370,1.4374077508690413e-29,0,,182,100
1558,15580,16380,4.3512857019938006e-29,0,,186,100
1559,15590,16390,5.9163856483050896e-33,0,,185,100
1560,15600,16400,1.1172021424261687e-18,0,,184,100
1561,15610,16410,3.364618709033409e-35,0,,184,100
1562,15620,16420,3.400039413517672e-15,0,,187,100
1563,15630,16430,3.573656897500132e-36,0,,186,100
1564,15640,16440,1.5038150674297353e-31,0,,185,100
1565,15650,16450,4.9898249605573284e-17,0,,186,100
1566,15660,16460,4.0554084048029314e-19,0,,188,100
1567,15670,16470,4.332643003824152e-31,0,,187,100
1568,15680,16480,2.9963896859570424e-34,0,,187,100
1569,15690,16490,1.605792386973895e-16,0,,188,100
1570,15700,16500,1.1206821515271365e-17,0,,187,100
1571,15710,16510,2.401015604779151e-31,0,,189,100
1572,15720,16520,1.7984058860230905e-18,0,,189,100
1573,15730,16530,9.144312132215415e-19,0,,189,100
1574,15740,16540,1.6675870390209013e-33,0,,188,100
1575,15750,16550,3.8575509207258814e-16,0,,189,100
1576,15760,16560,8.375090914989241e-35,0,,188,100
1577,15770,16570,4.7878749011706996e-35,0,,188,100
1578,15780,16580,3.5209344353132853e-15,0,,188,100
1579,15790,16590,2.3269006434246056e-15,0,,187,100
1580,15800,16600,2.3012800320822176e-34,0,,187,100
1581,15810,16610,7.146684511024624e-33,0,,188,100
1582,15820,16620,6.841626020429077e-33,0,,188,100
1583,15830,16630,1.1713291530363806e-17,0,,189,100
1584,15840,16640,8.106119478127935e-17,0,,191,100
1585,15850,16650,8.895482907639985e-31,0,,192,100
1586,15860,16660,5.630234637031845e-20,0,,190,100
1587,15870,16670,1.8744765477286978e-30,0,,192,100
1588,15880,16680,6.169706732748268e-29,0,,190,100
1589,15890,16690,9.762175936229904e-24,0,,189,100
1590,15900,16700,4.27725824750562e-18,0,,189,100
1591,15910,16710,1.355820660237153e-28,0,,187,100
1592,15920,16720,2.9276880825964588e-30,0,,188,100
1593,15930,16730,7.1251471088094375e-25,0,,187,100
1594,15940,16740,9.602183083135829e-17,0,,190,100
1595,15950,16750,2.6186949401654443e-22,0,,188,100
1596,15960,16760,4.803374498674241e-14,0,,188,100
1597,15970,16770,3.46725415666545e-18,0,,187,100
1598,15980,16780,1.4791424247010977e-26,0,,186,100
1599,15990,16790,5.491601119305738e-15,0,,186,100
1600,16000,16800,2.0736960326963168e-14,0,,184,100
1601,16010,16810,2.15287818176572e-16,0,,185,100
1602,16020,16820,7.8735460491916e-29,0,,183,100
1603,16030,16830,5.840971824042277e-29,0,,183,100
1604,16040,16840,2.8935872828298346e-16,0,,185,100
1605,16050,16850,3.42585633029297e-26,0,,185,100
1606,16060,16860,2.9612311392733406e-24,0,,185,100
1607,16070,16870,1.981354372465649e-26,0,,183,100
1608,16080,16880,1.6170748684665889e-15,0,,183,100
1609,16090,16890,1.3870986801690728e-26,0,,184,100
1610,16100,16900,5.5162450771308246e-27,0,,183,100
1611,16110,16910,2.7319613831901763e-19,0,,186,100
1612,16120,16920,2.3200095489539503e-25,0,,188,100
1613,16130,16930,9.910124011559788e-15,0,,186,100
1614,16140,16940,2.697880168439387e-23,0,,184,100
1615,16150,16950,2.7867059290606486e-17,0,,184,100
1616,16160,16960,2.6023238166188607e-13,0,,184,100
1617,16170,16970,1.078109052613298e-15,0,,184,100
1618,16180,16980,4.250346190890845e-21,0,,183,100
1619,16190,16990,1.8992965285387197e-12,0,,184,100
1620,16200,17000,1.6780302656380239e-21,0,,181,100
1621,16210,17010,3.4414950538540923e-13,0,,180,100
1622,16220,17020,1.1839192884152065e-15,0,,180,100
1623,16230,17030,2.1918000834862025e-17,0,,183,100
1624,16240,17040,8.639808127797225e-25,0,,182,100
1625,16250,17050,5.891432684327995e-17,0,,183,100
1626,16260,17060,2.1570920567906922e-13,0,,183,100
1627,16270,17070,9.43263984450828e-22,0,,184,100
1628,16280,17080,8.192389155054293e-25,0,,183,100
1629,16290,17090,3.2251402792980074e-15,0,,185,100
1630,16300,17100,2.943650870746546e-17,0,,186,100
1631,16310,17110,1.1181046437154866e-28,0,,185,100
1632,16320,17120,1.0582599460291703e-27,0,,185,100
1633,16330,17130,1.7380641455212921e-12,0,,187,100
1634,16340,17140,2.1605711846441092e-11,0,,186,100
1635,16350,17150,6.852195493951068e-11,0,,186,100
1636,16360,17160,6.569160163259763e-13,0,,186,100
1637,16370,17170,9.636340764755088e-13,0,,185,100
1638,16380,17180,7.124455700232371e-25,0,,182,100
1639,16390,17190,4.341480279141589e-19,0,,181,100
1640,16400,17200,5.865086404348197e-20,0,,184,100
1641,16410,17210,2.2412766386492076e-22,0,,182,100
1642,16420,17220,2.2600193655877046e-19,0,,181,100
1643,16430,17230,2.764002284972688e-20,0,,182,100
1644,16440,17240,1.7862742418756498e-21,0,,181,100
1645,16450,17250,1.9465017275935e-19,0,,180,100
1646,16460,17260,2.037728990695049e-21,0,,179,100
1647,16470,17270,4.037189491256027e-19,0,,179,100
1648,16480,17280,4.906747354343795e-16,0,,181,100
1649,16490,17290,6.392526042493981e-21,0,,181,100
1650,16500,17300,1.0639514532990881e-11,0,,179,100
1651,16510,17310,1.6348100130749803e-17,0,,179,100
1652,16520,17320,1.0518648458449063e-11,0,,179,100
1653,16530,17330,5.029457143985174e-18,0,,180,100
1654,16540,17340,4.231517283034487e-09,0,,181,100
1655,16550,17350,4.0156139831589316e-20,0,,182,100
1656,16560,17360,1.5386317025709218e-16,0,,180,100
1657,16570,17370,2.0264683929229237e-16,0,,181,100
1658,16580,17380,3.1047305902373932e-15,0,,181,100
1659,16590,17390,1.5629139938575188e-15,0,,180,100
1660,16600,17400,1.81976784948862e-07,0,,181,100
1661,16610,17410,7.929184233912672e-08,0,,178,100
1662,16620,17420,9.79766763705415e-19,0,,177,100
1663,16630,17430,3.1078491881356254e-08,0,,175,100
1664,16640,17440,2.8561048955173484e-08,0,,176,100
1665,16650,17450,3.448714822288245e-07,0,,175,100
1666,16660,17460,5.737395128491406e-17,0,,176,100
1667,16670,17470,4.7116095434200735e-15,0,,173,100
1668,16680,17480,8.03720852807215e-08,0,,175,100
1669,16690,17490,1.4853034002655513e-12,0,,175,100
1670,16700,17500,2.00554212716934e-13,0,,174,100
1671,16710,17510,4.514727788512659e-08,0,,174,100
1672,16720,17520,3.0297011298707127e-07,0,,173,100
1673,16730,17530,1.0194902842777879e-07,0,,171,100
1674,16740,17540,2.1808256815621096e-10,0,,171,100
1675,16750,17550,1.945886608448182e-15,0,,171,100
1676,16760,17560,1.3982826514815775e-11,0,,172,100
1677,16770,17570,4.949872156196431e-09,0,,171,100
1678,16780,17580,1.9665992923482117e-08,0,,170,100
1679,16790,17590,4.43757872795277e-11,0,,167,100
1680,16800,17600,5.501099045331709e-11,0,,168,100
1681,16810,17610,4.021456211183571e-16,0,,167,100
1682,16820,17620,2.5306811958300344e-15,0,,168,100
1683,16830,17630,2.829054814157813e-16,0,,167,100
1684,16840,17640,4.941880724991818e-17,0,,169,100
1685,16850,17650,2.5066606447305283e-13,0,,168,100
1686,16860,17660,3.188357311729537e-14,0,,169,100
1687,16870,17670,2.3831292184093648e-17,0,,167,100
1688,16880,17680,8.144663111403932e-10,0,,168,100
1689,16890,17690,1.3216186178445392e-11,0,,169,100
1690,16900,17700,5.150541992895266e-17,0,,168,100
1691,16910,17710,2.917152590477689e-14,0,,169,100
1692,16920,17720,2.888448097186245e-17,0,,168,100
1693,16930,17730,4.590070579864573e-09,0,,168,100
1694,16940,17740,1.0390285369370672e-09,0,,169,100
1695,16950,17750,1.517454179976791e-14,0,,167,100
1696,16960,17760,1.1455409504386658e-12,0,,168,100
1697,16970,17770,3.1509462456663247e-15,0,,168,100
1698,16980,17780,2.3142556485745447e-16,0,,171,100
1699,16990,17790,2.7623614353514437e-13,0,,172,100
1700,17000,17800,2.130979911608948e-16,0,,175,100
1701,17010,17810,3.040125425999241e-11,0,,175,100
1702,17020,17820,1.3496741451140144e-19,0,,173,100
1703,17030,17830,3.8399337375725884e-19,0,,175,100
1704,17040,17840,9.404547632883943e-17,0,,175,100
1705,17050,17850,1.680821798049566e-16,0,,175,100
1706,17060,17860,3.9322339037757435e-17,0,,175,100
1707,17070,17870,5.144105778541132e-21,0,,175,100
1708,17080,17880,4.858723993576375e-13,0,,174,100
1709,17090,17890,2.679722399951463e-15,0,,172,100
1710,17100,17900,8.384387090706346e-17,0,,172,100
1711,17110,17910,1.0217897850604969e-12,0,,172,100
1712,17120,17920,1.3559023441411696e-13,0,,172,100
1713,17130,17930,1.0867593198488666e-13,0,,169,100
1714,17140,17940,2.4103655582194583e-21,0,,170,100
1715,17150,17950,1.6793939095053008e-22,0,,170,100
1716,17160,17960,3.757705736372423e-15,0,,171,100
1717,17170,17970,1.2923651346138973e-25,0,,172,100
1718,17180,17980,2.6284249922615893e-27,0,,174,100
1719,17190,17990,6.98646963829857e-26,0,,172,100
1720,17200,18000,2.105303796550135e-15,0,,172,100
1721,17210,18010,7.213447387191567e-25,0,,174,100
1722,17220,18020,1.885210959765231e-25,0,,174,100
1723,17230,18030,4.768384755911018e-21,0,,174,100
1724,17240,18040,5.718382907360597e-13,0,,174,100
1725,17250,18050,1.0615471581215649e-17,0,,174,100
1726,17260,18060,5.527042160318166e-22,0,,175,100
1727,17270,18070,4.44104470764036e-20,0,,175,100
1728,17280,18080,5.3983887117698716e-24,0,,176,100
1729,17290,18090,2.7351502983908067e-23,0,,175,100
1730,17300,18100,9.035912864834318e-21,0,,175,100
1731,17310,18110,2.3450933291874116e-19,0,,175,100
1732,17320,18120,9.561646293268933e-26,0,,175,100
1733,17330,18130,2.8615498508978214e-23,0,,174,100
1734,17340,18140,3.521137996499491e-21,0,,175,100
1735,17350,18150,4.848380504868254e-19,0,,174,100
1736,17360,18160,1.4536560480789263e-22,0,,174,100
1737,17370,18170,1.3192652166904184e-18,0,,174,100
1738,17380,18180,3.822039936678633e-22,0,,174,100
1739,17390,18190,4.26757764740115e-18,0,,175,100
1740,17400,18200,3.8129922028301533e-16,0,,176,100
1741,17410,18210,5.972184796031861e-14,0,,175,100
1742,17420,18220,5.566366952064207e-22,0,,177,100
1743,17430,18230,2.126222194945052e-14,0,,179,100
1744,17440,18240,6.22883420207958e-15,0,,183,100
1745,17450,18250,2.2688507037369137e-16,0,,183,100
1746,17460,18260,2.9327309778307964e-17,0,,181,100
1747,17470,18270,2.421889110870875e-19,0,,182,100
1748,17480,18280,1.4604959961382954e-17,0,,183,100
1749,17490,18290,2.1696568470168862e-21,0,,185,100
1750,17500,18300,9.036986386129118e-20,0,,183,100
1751,17510,18310,3.631612220237804e-16,0,,184,100
1752,17520,18320,1.6463169895488216e-16,0,,187,100
1753,17530,18330,7.821178101487708e-16,0,,187,100
1754,17540,18340,3.4774932694063636e-20,0,,185,100
1755,17550,18350,2.2123549326811333e-23,0,,187,100
1756,17560,18360,4.88221895868872e-18,0,,189,100
1757,17570,18370,6.082491222984487e-23,0,,190,100
1758,17580,18380,1.0916317261708956e-20,0,,191,100
1759,17590,18390,3.1565596111009146e-18,0,,188,100
1760,17600,18400,5.277131959577737e-20,0,,191,100
1761,17610,18410,1.3873030032136289e-18,0,,191,100
1762,17620,18420,5.586237637013367e-22,0,,190,100
1763,17630,18430,5.232135378725417e-21,0,,193,100
1764,17640,18440,8.305484641787196e-21,0,,193,100
1765,17650,18450,2.3322651120950725e-17,0,,192,100
1766,17660,18460,4.5847549369359385e-17,0,,193,100
1767,17670,18470,4.0133569081254555e-21,0,,191,100
1768,17680,18480,5.607149987567446e-20,0,,192,100
1769,17690,18490,2.1916882672676145e-22,0,,191,100
1770,17700,18500,4.75657189059991e-22,0,,193,100
1771,17710,18510,1.5496089057091305e-17,0,,190,100
1772,17720,18520,8.420408223208377e-17,0,,190,100
1773,17730,18530,1.5624462444357668e-19,0,,191,100
1774,17740,18540,5.419298700008097e-20,0,,191,100
1775,17750,18550,2.1915376996877637e-18,0,,192,100
1776,17760,18560,1.9662207567443664e-15,0,,192,100
1777,17770,18570,2.4205940453715503e-16,0,,191,100
1778,17780,18580,3.8364743573273746e-17,0,,190,100
1779,17790,18590,6.649162536802725e-19,0,,192,100
1780,17800,18600,1.408479886562779e-17,0,,190,100
1781,17810,18610,8.615102984357016e-15,0,,189,100
1782,17820,18620,2.1273694742534583e-21,0,,188,100
1783,17830,18630,2.4447656280741557e-21,0,,187,100
1784,17840,18640,1.3029287328013744e-17,0,,187,100
1785,17850,18650,4.559458731999405e-20,0,,189,100
1786,17860,18660,1.2657672777031687e-15,0,,188,100
1787,17870,18670,1.59760092144057e-19,0,,189,100
1788,17880,18680,9.4396774476107e-17,0,,191,100
1789,17890,18690,2.9156580573268164e-25,0,,189,100
1790,17900,18700,6.025807374108447e-24,0,,188,100
1791,17910,18710,6.1107164970098364e-18,0,,186,100
1792,17920,18720,2.632102825017702e-19,0,,189,100
1793,17930,18730,6.69355104349304e-22,0,,188,100
1794,17940,18740,8.520579232522081e-15,0,,189,100
1795,17950,18750,1.0702348679252431e-17,0,,189,100
1796,17960,18760,7.403776889643155e-16,0,,188,100
1797,17970,18770,8.240807183787378e-20,0,,190,100
1798,17980,18780,2.096858712825156e-17,0,,189,100
1799,17990,18790,3.5677399523160645e-17,0,,186,100
1800,18000,18800,1.1504823818693491e-20,0,,188,100
1801,18010,18810,1.0667581371971788e-17,0,,186,100
1802,18020,18820,7.094868743796531e-22,0,,186,100
1803,18030,18830,1.0318681770199278e-19,0,,186,100
1804,18040,18840,7.848586057090406e-15,0,,186,100
1805,18050,18850,1.7777921093410286e-21,0,,186,100
1806,18060,18860,2.1157414793163755e-20,0,,186,100
1807,18070,18870,4.7650849058798365e-18,0,,185,100
1808,18080,18880,2.698351536061889e-20,0,,186,100
1809,18090,18890,1.9653432275192947e-14,0,,185,100
1810,18100,18900,9.962325890996056e-19,0,,183,100
1811,18110,18910,2.861908549534763e-18,0,,183,100
1812,18120,18920,3.9431564171741076e-15,0,,184,100
1813,18130,18930,1.184815100921672e-17,0,,183,100
1814,18140,18940,9.174125082159728e-22,0,,182,100
1815,18150,18950,7.142937398031656e-18,0,,182,100
1816,18160,18960,8.48002030018712e-21,0,,181,100
1817,18170,18970,3.924379580936608e-21,0,,180,100
1818,18180,18980,5.430688358181358e-16,0,,178,100
1819,18190,18990,9.912366847942654e-16,0,,179,100
1820,18200,19000,3.820597660957597e-13,0,,179,100
1821,18210,19010,7.730850377720792e-11,0,,179,100
1822,18220,19020,1.823889888915342e-12,0,,176,100
1823,18230,19030,3.2751552790164094e-17,0,,175,100
1824,18240,19040,2.2103736189009572e-14,0,,173,100
1825,18250,19050,2.063333560806093e-14,0,,172,100
1826,18260,19060,3.5996327186536057e-11,0,,173,100
1827,18270,19070,1.435613935141939e-17,0,,172,100
1828,18280,19080,2.707935487711792e-11,0,,170,100
1829,18290,19090,2.1837876997314004e-13,0,,170,100
1830,18300,19100,2.5811037874835694e-15,0,,170,100
1831,18310,19110,1.6518478315790177e-16,0,,170,100
1832,18320,19120,3.901322373337019e-17,0,,170,100
1833,18330,19130,4.398739123619117e-21,0,,170,100
1834,18340,19140,3.316976815853512e-16,0,,169,100
1835,18350,19150,7.444897031270052e-20,0,,170,100
1836,18360,19160,1.0165283387352054e-18,0,,168,100
1837,18370,19170,5.937897299436386e-23,0,,170,100
1838,18380,19180,4.367739517332886e-14,0,,169,100
1839,18390,19190,9.234255037583152e-13,0,,169,100
1840,18400,19200,5.587034573926855e-12,0,,166,100
1841,18410,19210,9.668546761551112e-18,0,,167,100
1842,18420,19220,1.6820217211213896e-12,0,,167,100
1843,18430,19230,2.6390712731387753e-14,0,,167,100
1844,18440,19240,6.694421232953485e-16,0,,165,100
1845,18450,19250,4.5506630321203e-15,0,,164,100
1846,18460,19260,4.837483413638417e-13,0,,165,100
1847,18470,19270,1.0710969238495479e-12,0,,165,100
1848,18480,19280,9.138724785793504e-17,0,,165,100
1849,18490,19290,8.939359639391512e-21,0,,164,100
1850,18500,19300,3.861292573023786e-24,0,,162,100
1851,18510,19310,3.844295621312759e-21,0,,163,100
1852,18520,19320,5.750219687245951e-21,0,,161,100
1853,18530,19330,6.293056678870874e-18,0,,159,100
1854,18540,19340,2.499712030691637e-21,0,,161,100
1855,18550,19350,2.3393575050478927e-20,0,,162,100
1856,18560,19360,2.1816455685355346e-14,0,,160,100
1857,18570,19370,4.51705048017329e-15,0,,161,100
1858,18580,19380,6.886611496617017e-14,0,,158,100
1859,18590,19390,3.8724543036258777e-22,0,,155,100
1860,18600,19400,8.94676070830753e-22,0,,156,100
1861,18610,19410,2.2446830104617544e-16,0,,157,100
1862,18620,19420,1.4432899901898868e-25,0,,159,100
1863,18630,19430,1.3645963329737655e-18,0,,158,100
1864,18640,19440,1.3895977223670206e-20,0,,158,100
1865,18650,19450,9.515211543129104e-20,0,,157,100
1866,18660,19460,2.832311413704284e-23,0,,159,100
1867,18670,19470,3.724886857495822e-20,0,,157,100
1868,18680,19480,1.0761648560754743e-27,0,,155,100
1869,18690,19490,6.336620889473358e-25,0,,160,100
1870,18700,19500,2.836438850092541e-21,0,,157,100
1871,18710,19510,2.6076156395310966e-20,0,,160,100
1872,18720,19520,1.5732353223902242e-23,0,,159,100
1873,18730,19530,6.173222550531696e-27,0,,158,100
1874,18740,19540,2.5823939127771118e-23,0,,158,100
1875,18750,19550,1.0409556733462456e-20,0,,157,100
1876,18760,19560,1.7885601445663764e-26,0,,159,100
1877,18770,19570,2.276586375812699e-18,0,,158,100
1878,18780,19580,3.8579976970241304e-18,0,,157,100
1879,18790,19590,6.114092524829198e-22,0,,158,100
1880,18800,19600,3.2127727132080387e-18,0,,158,100
1881,18810,19610,8.484485836112834e-27,0,,157,100
1882,18820,19620,6.630174753804973e-26,0,,157,100
1883,18830,19630,2.4054970405353843e-27,0,,157,100
1884,18840,19640,4.317528660738527e-24,0,,159,100
1885,18850,19650,2.222584125892643e-15,0,,159,100
1886,18860,19660,2.876432265555275e-17,0,,159,100
1887,18870,19670,4.325592926103093e-28,0,,158,100
1888,18880,19680,1.8712231918965284e-21,0,,157,100
1889,18890,19690,2.8158414333154053e-27,0,,157,100
1890,18900,19700,5.284816977199446e-26,0,,160,100
1891,18910,19710,4.1140721706836437e-29,0,,161,100
1892,18920,19720,1.2387606797532552e-29,0,,160,100
1893,18930,19730,1.5168908643232173e-17,0,,161,100
1894,18940,19740,7.322220461749271e-24,0,,160,100
1895,18950,19750,2.1409947376512924e-20,0,,161,100
1896,18960,19760,2.6793116391905846e-23,0,,163,100
1897,18970,19770,3.404815042827213e-21,0,,164,100
1898,18980,19780,5.704631789415949e-19,0,,165,100
1899,18990,19790,4.0378172565304786e-19,0,,163,100
1900,19000,19800,3.3563118783616027e-18,0,,165,100
1901,19010,19810,1.6890309618690189e-18,0,,163,100
1902,19020,19820,5.255430323538769e-19,0,,163,100
1903,19030,19830,3.037440898879219e-19,0,,165,100
1904,19040,19840,4.6807336541474273e-20,0,,167,100
1905,19050,19850,1.7034419353993962e-20,0,,166,100
1906,19060,19860,6.805480018363602e-23,0,,168,100
1907,19070,19870,1.1452360616649644e-18,0,,168,100
1908,19080,19880,2.8319178434622097e-23,0,,168,100
1909,19090,19890,1.856927824269444e-19,0,,167,100
1910,19100,19900,1.4516061100185958e-19,0,,168,100
1911,19110,19910,2.468797131923181e-22,0,,170,100
1912,19120,19920,2.6349310273281844e-20,0,,170,100
1913,19130,19930,3.920973768954308e-21,0,,171,100
1914,19140,19940,4.043674842983663e-17,0,,167,100
1915,19150,19950,5.332901658998519e-21,0,,166,100
1916,19160,19960,1.8304486283800908e-20,0,,167,100
1917,19170,19970,7.43925932048156e-18,0,,166,100
1918,19180,19980,8.921914743211375e-21,0,,167,100
1919,19190,19990,9.366016959072038e-17,0,,168,100
1920,19200,20000,1.0117518550540027e-19,0,,169,100
1921,19210,20010,4.218436141890259e-21,0,,166,100
1922,19220,20020,2.714267786081882e-18,0,,166,100
1923,19230,20030,5.45021878571176e-24,0,,166,100
1924,19240,20040,6.95385027013209e-23,0,,167,100
1925,19250,20050,3.0671176223778806e-13,0,,169,100
1926,19260,20060,3.503062556628453e-24,0,,168,100
1927,19270,20070,5.684319722763611e-12,0,,169,100
1928,19280,20080,6.96184483583543e-23,0,,170,100
1929,19290,20090,4.698623104782984e-22,0,,170,100
1930,19300,20100,3.6916412326475195e-22,0,,168,100
1931,19310,20110,1.1612691532607441e-24,0,,171,100
1932,19320,20120,1.2222687663878024e-17,0,,172,100
1933,19330,20130,3.742559205589245e-18,0,,172,100
1934,19340,20140,1.5013936092951692e-20,0,,172,100
1935,19350,20150,1.9635543402754577e-17,0,,173,100
1936,19360,20160,1.2252506082288083e-18,0,,172,100
1937,19370,20170,2.419443405879587e-22,0,,174,100
1938,19380,20180,5.2908744202791446e-21,0,,174,100
1939,19390,20190,5.916167790008603e-11,0,,175,100
1940,19400,20200,4.765245163464421e-24,0,,174,100
1941,19410,20210,1.1138844618677164e-14,0,,175,100
1942,19420,20220,5.288955247886556e-28,0,,173,100
1943,19430,20230,2.406140893846656e-23,0,,173,100
1944,19440,20240,3.3475814516958146e-12,0,,174,100
1945,19450,20250,3.0049198340658013e-15,0,,173,100
1946,19460,20260,4.791449901839224e-25,0,,175,100
1947,19470,20270,1.730418921365846e-14,0,,174,100
1948,19480,20280,4.0222641537375942e-22,0,,175,100
1949,19490,20290,1.2780900130190782e-17,0,,174,100
1950,19500,20300,3.528221676600424e-15,0,,175,100
1951,19510,20310,9.245524101940705e-15,0,,175,100
1952,19520,20320,3.3069320606464324e-20,0,,177,100
1953,19530,20330,6.02570463283279e-21,0,,176,100
1954,19540,20340,2.2648954633812004e-16,0,,174,100
1955,19550,20350,6.801621726128419e-18,0,,174,100
1956,19560,20360,1.2790671008597746e-18,0,,173,100
1957,19570,20370,2.511160745262402e-19,0,,174,100
1958,19580,20380,1.761830771970197e-19,0,,174,100
1959,19590,20390,1.3362733434375816e-13,0,,175,100
1960,19600,20400,2.4908816627826812e-20,0,,176,100
1961,19610,20410,1.2458356838290784e-21,0,,178,100
1962,19620,20420,4.00582190516421e-20,0,,179,100
1963,19630,20430,2.054253001871437e-22,0,,177,100
1964,19640,20440,4.384303824058194e-22,0,,176,100
1965,19650,20450,4.722217938912252e-18,0,,177,100
1966,19660,20460,8.227056959861214e-15,0,,175,100
1967,19670,20470,2.533319226104099e-15,0,,177,100
1968,19680,20480,1.0831402264910534e-22,0,,177,100
1969,19690,20490,2.6347656167886245e-19,0,,178,100
1970,19700,20500,8.756179693721078e-14,0,,175,100
1971,19710,20510,1.0760462389327133e-14,0,,174,100
1972,19720,20520,1.9321678879716143e-20,0,,176,100
1973,19730,20530,3.147837263660525e-15,0,,176,100
1974,19740,20540,1.7709797619292176e-17,0,,176,100
1975,19750,20550,1.6620815277863417e-18,0,,174,100
1976,19760,20560,3.091750275316008e-18,0,,172,100
1977,19770,20570,6.292970312050972e-19,0,,172,100
1978,19780,20580,4.4729065003556416e-15,0,,174,100
1979,19790,20590,3.68032485162396e-17,0,,174,100
1980,19800,20600,6.316279104563798e-23,0,,171,100
1981,19810,20610,1.1057318973722003e-23,0,,171,100
1982,19820,20620,5.010370154090982e-19,0,,171,100
1983,19830,20630,1.2121964982215783e-19,0,,171,100
1984,19840,20640,2.1915734710890045e-22,0,,170,100
1985,19850,20650,1.5113066980718756e-18,0,,172,100
1986,19860,20660,6.591635646758058e-21,0,,171,100
1987,19870,20670,3.489914670958612e-24,0,,173,100
1988,19880,20680,2.0635563937526715e-24,0,,174,100
1989,19890,20690,2.706083730160908e-21,0,,174,100
1990,19900,20700,1.617796888981746e-18,0,,172,100
1991,19910,20710,3.311089650465283e-20,0,,170,100
1992,19920,20720,9.136006901037466e-23,0,,173,100
1993,19930,20730,2.077935888436306e-25,0,,173,100
1994,19940,20740,3.767735974979499e-26,0,,173,100
1995,19950,20750,1.6656428981303933e-26,0,,173,100
1996,19960,20760,9.046010962216484e-25,0,,173,100
1997,19970,20770,3.886137638920791e-16,0,,173,100
1998,19980,20780,4.267105844301681e-21,0,,174,100
1999,19990,20790,2.1123701647022098e-16,0,,174,100
2000,20000,20800,5.2829757930551965e-24,0,,172,100
2001,20010,20810,4.421753684408902e-25,0,,174,100
2002,20020,20820,1.2986810740621225e-24,0,,174,100
2003,20030,20830,9.751880534899466e-23,0,,175,100
2004,20040,20840,8.401280712004009e-16,0,,174,100
2005,20050,20850,7.302760272244972e-17,0,,176,100
2006,20060,20860,5.886373427998768e-25,0,,175,100
2007,20070,20870,4.3026901382761674e-15,0,,178,100
2008,20080,20880,3.5867309312853975e-14,0,,177,100
2009,20090,20890,8.547057287630541e-12,0,,176,100
2010,20100,20900,8.33092538392777e-12,0,,176,100
2011,20110,20910,1.569052339597928e-26,0,,174,100
2012,20120,20920,6.39737865214247e-27,0,,175,100
2013,20130,20930,2.1228613815508452e-16,0,,175,100
2014,20140,20940,2.581506717220739e-18,0,,175,100
2015,20150,20950,3.774645001495328e-17,0,,176,100
2016,20160,20960,1.3839936536795407e-16,0,,175,100
2017,20170,20970,2.0895276932956533e-16,0,,177,100
2018,20180,20980,1.4970612124975637e-23,0,,176,100
2019,20190,20990,9.309138228608115e-26,0,,177,100
2020,20200,21000,3.5280298673369367e-25,0,,178,100
2021,20210,21010,9.006106101520965e-16,0,,178,100
2022,20220,21020,2.0475223453159999e-13,0,,178,100
2023,20230,21030,4.212254772757246e-24,0,,178,100
2024,20240,21040,4.5588144411835977e-20,0,,179,100
2025,20250,21050,1.4549965952799466e-11,0,,177,100
2026,20260,21060,7.179784096783456e-26,0,,177,100
2027,20270,21070,3.296300084053065e-13,0,,176,100
2028,20280,21080,6.612102495472742e-12,0,,177,100
2029,20290,21090,6.909179408791016e-12,0,,177,100
2030,20300,21100,7.961449836399623e-13,0,,178,100
2031,20310,21110,3.167761575694306e-14,0,,178,100
2032,20320,21120,2.2227499366905365e-26,0,,175,100
2033,20330,21130,1.4007876526322199e-28,0,,175,100
2034,20340,21140,6.003395329618817e-10,0,,177,100
2035,20350,21150,4.5775792162503935e-10,0,,178,100
2036,20360,21160,1.8188384851910873e-09,0,,179,100
2037,20370,21170,9.065720955242553e-31,0,,178,100
2038,20380,21180,1.6999923299352958e-11,0,,178,100
2039,20390,21190,9.08208653881271e-12,0,,176,100
2040,20400,21200,1.2892470332581174e-15,0,,175,100
2041,20410,21210,1.726370998774032e-14,0,,176,100
2042,20420,21220,3.750713483540418e-25,0,,178,100
2043,20430,21230,8.821193253025201e-29,0,,177,100
2044,20440,21240,4.806963498905715e-23,0,,175,100
2045,20450,21250,3.8879715610996325e-14,0,,176,100
2046,20460,21260,1.726101004572643e-12,0,,176,100
2047,20470,21270,2.8201968096699587e-29,0,,174,100
2048,20480,21280,1.7106788903926048e-29,0,,176,100
2049,20490,21290,3.511450421097422e-28,0,,175,100
2050,20500,21300,1.7540093270174893e-13,0,,175,100
2051,20510,21310,4.180869861279755e-13,0,,174,100
2052,20520,21320,2.450956973999409e-15,0,,174,100
2053,20530,21330,2.5627005189223295e-26,0,,175,100
2054,20540,21340,5.0981631048333315e-25,0,,176,100
2055,20550,21350,5.419444937885063e-16,0,,179,100
2056,20560,21360,1.33092223854718e-21,0,,178,100
2057,20570,21370,1.2987630716745996e-22,0,,179,100
2058,20580,21380,5.977404722921992e-11,0,,179,100
2059,20590,21390,1.5065618289944204e-23,0,,181,100
2060,20600,21400,6.601840731799623e-15,0,,183,100
2061,20610,21410,1.5912411593079984e-10,0,,182,100
2062,20620,21420,4.288716835909337e-12,0,,183,100
2063,20630,21430,1.791890978295182e-09,0,,182,100
2064,20640,21440,3.6042167435502994e-22,0,,182,100
2065,20650,21450,1.3482016742213162e-10,0,,181,100
2066,20660,21460,3.790248626729585e-14,0,,178,100
2067,20670,21470,1.9822254945504872e-22,0,,179,100
2068,20680,21480,2.2132389357624877e-14,0,,178,100
2069,20690,21490,1.8517383701785235e-23,0,,179,100
2070,20700,21500,1.4020867359541156e-10,0,,179,100
2071,20710,21510,3.53423026059594e-11,0,,178,100
2072,20720,21520,4.001414994298704e-21,0,,177,100
2073,20730,21530,1.6315589304767516e-10,0,,179,100
2074,20740,21540,1.1396146142552533e-20,0,,178,100
2075,20750,21550,3.7966131241869697e-20,0,,177,100
2076,20760,21560,4.9435152973195225e-12,0,,180,100
2077,20770,21570,2.719939948503752e-15,0,,180,100
2078,20780,21580,3.853731764520922e-12,0,,180,100
2079,20790,21590,2.5276927567292137e-12,0,,180,100
2080,20800,21600,5.49758600995517e-12,0,,181,100
2081,20810,21610,2.9654528563392104e-10,0,,180,100
2082,20820,21620,2.526841214043016e-20,0,,178,100
2083,20830,21630,6.348655066372442e-20,0,,183,100
2084,20840,21640,5.164894864706691e-09,0,,182,100
2085,20850,21650,1.6419682561409355e-12,0,,182,100
2086,20860,21660,1.9350867027522357e-11,0,,182,100
2087,20870,21670,8.467733705730232e-14,0,,179,100
2088,20880,21680,3.5448636606454026e-16,0,,180,100
2089,20890,21690,5.78946187441649e-15,0,,181,100
2090,20900,21700,8.167516682621936e-13,0,,180,100
2091,20910,21710,7.033744434901033e-15,0,,182,100
2092,20920,21720,8.407423489883692e-09,0,,183,100
2093,20930,21730,6.1719955841945646e-09,0,,183,100
2094,20940,21740,1.966542072955423e-12,0,,180,100
2095,20950,21750,5.598073029413758e-10,0,,179,100
2096,20960,21760,4.789347007067151e-08,0,,180,100
2097,20970,21770,4.758146962429498e-09,0,,184,100
2098,20980,21780,1.3467932561718525e-09,0,,183,100
2099,20990,21790,1.3080718044011934e-13,0,,183,100
2100,21000,21800,4.120299121141354e-09,0,,179,100
2101,21010,21810,7.833687717507782e-13,0,,178,100
2102,21020,21820,4.4533758123120924e-12,0,,178,100
2103,21030,21830,2.6439169586802336e-12,0,,180,100
2104,21040,21840,6.771804714254409e-14,0,,180,100
2105,21050,21850,2.0568942161925975e-11,0,,181,100
2106,21060,21860,8.28227391572588e-10,0,,181,100
2107,21070,21870,1.759122259631014e-18,0,,179,100
2108,21080,21880,4.017671271110736e-12,0,,180,100
2109,21090,21890,1.4299401136180467e-23,0,,178,100
2110,21100,21900,7.3849709007566e-12,0,,176,100
2111,21110,21910,6.361778229319536e-20,0,,178,100
2112,21120,21920,3.314948898423403e-10,0,,179,100
2113,21130,21930,4.607449159111505e-18,0,,181,100
2114,21140,21940,1.8641779925710363e-20,0,,179,100
2115,21150,21950,1.0831902313339605e-21,0,,179,100
2116,21160,21960,4.1030059663131226e-20,0,,179,100
2117,21170,21970,2.2641122050477622e-10,0,,180,100
2118,21180,21980,2.9776714209745292e-21,0,,181,100
2119,21190,21990,2.8692424903767236e-12,0,,180,100
2120,21200,22000,8.044882767740047e-08,0,,181,100
2121,21210,22010,2.941684776515263e-10,0,,180,100
2122,21220,22020,2.8765889122243525e-06,0,,178,100
2123,21230,22030,1.0625689996138927e-08,0,,178,100
2124,21240,22040,5.32307402354549e-22,0,,179,100
2125,21250,22050,2.7515494053949046e-10,0,,178,100
2126,21260,22060,1.3161834305997041e-23,0,,180,100
2127,21270,22070,4.5209734169630526e-09,0,,178,100
2128,21280,22080,1.3161051500494646e-24,0,,178,100
2129,21290,22090,1.1461394279080518e-13,0,,178,100
2130,21300,22100,3.174219854579285e-15,0,,179,100
2131,21310,22110,5.449419015553021e-19,0,,181,100
2132,21320,22120,3.2320048365556137e-12,0,,179,100
2133,21330,22130,7.777108486821147e-13,0,,179,100
2134,21340,22140,1.495747023099994e-14,0,,178,100
2135,21350,22150,2.9581380494122277e-19,0,,177,100
2136,21360,22160,2.142843565702062e-22,0,,176,100
2137,21370,22170,1.4971404791478868e-17,0,,175,100
2138,21380,22180,1.0301199867074151e-13,0,,173,100
2139,21390,22190,1.160063643085049e-12,0,,174,100
2140,21400,22200,1.4683980062235793e-13,0,,175,100
2141,21410,22210,3.490405615748984e-12,0,,176,100
2142,21420,22220,1.5761466840848285e-15,0,,173,100
2143,21430,22230,1.3219015114890956e-21,0,,174,100
2144,21440,22240,1.4478047344458636e-15,0,,174,100
2145,21450,22250,1.3963116004129463e-16,0,,174,100
2146,21460,22260,3.533700227721764e-15,0,,174,100
2147,21470,22270,5.703328544336153e-23,0,,175,100
2148,21480,22280,3.87952660822221e-17,0,,175,100
2149,21490,22290,4.398602811196964e-18,0,,175,100
2150,21500,22300,7.596317494958803e-20,0,,177,100
2151,21510,22310,4.737254234320575e-20,0,,178,100
2152,21520,22320,3.832284125327118e-17,0,,178,100
2153,21530,22330,2.593748555929143e-19,0,,178,100
2154,21540,22340,1.4763799229440195e-16,0,,178,100
2155,21550,22350,2.007711679135848e-15,0,,179,100
2156,21560,22360,1.5542280014172163e-22,0,,179,100
2157,21570,22370,2.580364642329507e-18,0,,178,100
2158,21580,22380,3.331425110013378e-19,0,,179,100
2159,21590,22390,1.3773032618570176e-24,0,,180,100
2160,21600,22400,3.8429605421657334e-27,0,,179,100
2161,21610,22410,1.5587463015142696e-16,0,,179,100
2162,21620,22420,3.3621300523179842e-25,0,,181,100
2163,21630,22430,3.6907628099732296e-28,0,,179,100
2164,21640,22440,1.4979585370012808e-29,0,,179,100
2165,21650,22450,1.968640489836265e-27,0,,179,100
2166,21660,22460,9.74267333986311e-23,0,,179,100
2167,21670,22470,1.744638522291266e-21,0,,180,100
2168,21680,22480,2.6385178152007334e-24,0,,180,100
2169,21690,22490,1.2274367513428537e-20,0,,180,100
2170,21700,22500,2.4737545611524765e-28,0,,180,100
2171,21710,22510,1.778833420330617e-29,0,,179,100
2172,21720,22520,2.578503344851142e-22,0,,177,100
2173,21730,22530,1.436308761418349e-24,0,,178,100
2174,21740,22540,3.8048109128617467e-25,0,,179,100
2175,21750,22550,3.7293603250032487e-25,0,,179,100
2176,21760,22560,1.886085707676505e-23,0,,178,100
2177,21770,22570,1.8090894579919372e-26,0,,176,100
2178,21780,22580,2.5241333327882635e-26,0,,174,100
2179,21790,22590,2.2612766721779222e-27,0,,176,100
2180,21800,22600,1.2265981277586077e-18,0,,178,100
2181,21810,22610,1.6683224650417451e-18,0,,181,100
2182,21820,22620,4.701994059229978e-19,0,,180,100
2183,21830,22630,4.749894193179753e-22,0,,180,100
2184,21840,22640,2.2223629194277516e-20,0,,178,100
2185,21850,22650,8.659579683810044e-21,0,,178,100
2186,21860,22660,9.832730044770983e-21,0,,176,100
2187,21870,22670,1.0325630404145067e-20,0,,178,100
2188,21880,22680,9.936168951153378e-19,0,,180,100
2189,21890,22690,9.591185635474774e-20,0,,182,100
2190,21900,22700,2.040087689377447e-20,0,,183,100
2191,21910,22710,2.2738561997668515e-16,0,,181,100
2192,21920,22720,7.70348319252988e-15,0,,177,100
2193,21930,22730,3.346018612365715e-15,0,,178,100
2194,21940,22740,4.409212193968685e-17,0,,178,100
2195,21950,22750,5.12683562081782e-15,0,,179,100
2196,21960,22760,1.2558242121482838e-18,0,,177,100
2197,21970,22770,2.4137831853663376e-17,0,,177,100
2198,21980,22780,1.1627382039307325e-15,0,,177,100
2199,21990,22790,6.734647234788567e-15,0,,176,100
2200,22000,22800,2.9023278466558628e-15,0,,177,100
2201,22010,22810,4.518034139191805e-16,0,,179,100
2202,22020,22820,2.5806991388676166e-13,0,,180,100
2203,22030,22830,1.0405993104327755e-15,0,,180,100
2204,22040,22840,4.2001442770071813e-19,0,,179,100
2205,22050,22850,1.304286358394718e-19,0,,178,100
2206,22060,22860,2.8295130338049557e-15,0,,177,100
2207,22070,22870,2.025297248422171e-12,0,,177,100
2208,22080,22880,2.4881887108947817e-16,0,,179,100
2209,22090,22890,2.3210289563257006e-12,0,,178,100
2210,22100,22900,2.9225224269825474e-14,0,,179,100
2211,22110,22910,1.8298377893203165e-12,0,,178,100
2212,22120,22920,7.56852421092986e-11,0,,180,100
2213,22130,22930,4.666543044260223e-09,0,,177,100
2214,22140,22940,2.6073767626774108e-11,0,,179,100
2215,22150,22950,6.340732511213083e-10,0,,180,100
2216,22160,22960,2.204383395957985e-08,0,,180,100
2217,22170,22970,1.1243766836775933e-10,0,,180,100
2218,22180,22980,5.726543016745276e-10,0,,181,100
2219,22190,22990,3.2218193369060276e-11,0,,179,100
2220,22200,23000,4.884097445201747e-10,0,,178,100
2221,22210,23010,1.9623377887357402e-12,0,,183,100
2222,22220,23020,1.3604341079460035e-08,0,,181,100
2223,22230,23030,7.106838644583679e-09,0,,180,100
2224,22240,23040,6.424700999901819e-09,0,,179,100
2225,22250,23050,3.105736423347851e-11,0,,180,100
2226,22260,23060,6.202736435434299e-07,0,,178,100
2227,22270,23070,2.4340424871466886e-11,0,,178,100
2228,22280,23080,1.621173552690541e-11,0,,178,100
2229,22290,23090,2.0678890257310535e-08,0,,177,100
2230,22300,23100,1.7402956310829821e-10,0,,177,100
2231,22310,23110,6.769006296158735e-11,0,,176,100
2232,22320,23120,5.0912278473346096e-09,0,,175,100
2233,22330,23130,4.753644959867442e-13,0,,175,100
2234,22340,23140,7.159030043126682e-11,0,,175,100
2235,22350,23150,1.7471021188055503e-11,0,,177,100
2236,22360,23160,1.8871073854375494e-19,0,,178,100
2237,22370,23170,7.76426081794009e-18,0,,176,100
2238,22380,23180,5.605321487182874e-25,0,,177,100
2239,22390,23190,6.927783813236145e-27,0,,177,100
2240,22400,23200,1.138436538276346e-24,0,,177,100
2241,22410,23210,4.392100974900881e-13,0,,178,100
2242,22420,23220,6.553246906556837e-11,0,,177,100
2243,22430,23230,3.580838360454642e-13,0,,175,100
2244,22440,23240,3.664266658791077e-16,0,,176,100
2245,22450,23250,3.214360363509423e-20,0,,176,100
2246,22460,23260,3.4853285284904462e-19,0,,176,100
2247,22470,23270,1.5883370050432176e-13,0,,178,100
2248,22480,23280,1.6281225799606233e-21,0,,177,100
2249,22490,23290,3.8350284618145025e-08,0,,175,100
2250,22500,23300,6.368349374088918e-12,0,,175,100
2251,22510,23310,9.478301530168927e-18,0,,178,100
2252,22520,23320,9.791787691149492e-19,0,,178,100
2253,22530,23330,8.85162934957951e-15,0,,177,100
2254,22540,23340,1.3365891908885419e-11,0,,179,100
2255,22550,23350,4.287481394746004e-21,0,,179,100
2256,22560,23360,1.6983906464672754e-16,0,,179,100
2257,22570,23370,5.627458030249701e-18,0,,178,100
2258,22580,23380,1.217700935639826e-08,0,,179,100
2259,22590,23390,4.302456880556275e-19,0,,178,100
2260,22600,23400,3.1110284527153526e-21,0,,175,100
2261,22610,23410,8.632565340823521e-10,0,,175,100
2262,22620,23420,1.2765530783140589e-21,0,,175,100
2263,22630,23430,2.8322839982949105e-21,0,,175,100
2264,22640,23440,2.1347268529075578e-23,0,,175,100
2265,22650,23450,5.408276662606999e-10,0,,175,100
2266,22660,23460,3.2513527802623716e-24,0,,179,100
2267,22670,23470,3.660468088032121e-22,0,,177,100
2268,22680,23480,2.894237286597303e-08,0,,177,100
2269,22690,23490,2.1667359024859336e-21,0,,178,100
2270,22700,23500,2.2295715148081268e-23,0,,179,100
2271,22710,23510,3.173587685352387e-07,0,,180,100
2272,22720,23520,4.4115286466507e-08,0,,181,100
2273,22730,23530,8.466484185985192e-21,0,,181,100
2274,22740,23540,1.829434636832004e-21,0,,182,100
2275,22750,23550,6.503419405205471e-24,0,,182,100
2276,22760,23560,8.008028568571131e-22,0,,182,100
2277,22770,23570,5.176919745528222e-08,0,,182,100
2278,22780,23580,5.977649812361012e-09,0,,184,100
2279,22790,23590,2.030726972568589e-10,0,,184,100
2280,22800,23600,1.5012011913769715e-16,0,,188,100
2281,22810,23610,8.326795503633715e-10,0,,186,100
2282,22820,23620,2.710633002472751e-11,0,,186,100
2283,22830,23630,6.236118909968253e-13,0,,187,100
2284,22840,23640,7.622991212445202e-16,0,,188,100
2285,22850,23650,5.289242226174434e-15,0,,189,100
2286,22860,23660,1.8029975352618206e-09,0,,187,100
2287,22870,23670,1.6194509163252427e-10,0,,188,100
2288,22880,23680,5.966658376353889e-17,0,,186,100
2289,22890,23690,2.534587674422223e-17,0,,187,100
2290,22900,23700,2.2947849844928158e-17,0,,189,100
2291,22910,23710,2.3073656039935613e-15,0,,189,100
2292,22920,23720,6.083557582413567e-16,0,,189,100
2293,22930,23730,9.442063283355806e-14,0,,191,100
2294,22940,23740,2.296576735258083e-20,0,,189,100
2295,22950,23750,5.653662794587192e-19,0,,189,100
2296,22960,23760,2.929443365458137e-22,0,,192,100
2297,22970,23770,1.4533275375841903e-21,0,,193,100
2298,22980,23780,1.3695906797668122e-26,0,,194,100
2299,22990,23790,4.996071620337099e-14,0,,192,100
2300,23000,23800,8.924698403928962e-15,0,,193,100
2301,23010,23810,3.0289611669918734e-15,0,,193,100
2302,23020,23820,1.5342437016351972e-17,0,,193,100
2303,23030,23830,6.05441703609602e-16,0,,193,100
2304,23040,23840,3.4223570870896544e-18,0,,194,100
2305,23050,23850,1.9133430278480632e-18,0,,194,100
2306,23060,23860,7.992210510957686e-23,0,,194,100
2307,23070,23870,2.862398189759086e-19,0,,194,100
2308,23080,23880,1.6191307248574336e-18,0,,194,100
2309,23090,23890,4.394939653078803e-18,0,,195,100
2310,23100,23900,7.885725104081693e-25,0,,196,100
2311,23110,23910,5.792484551826343e-26,0,,198,100
2312,23120,23920,1.167265615890977e-22,0,,197,100
2313,23130,23930,6.109661591769747e-22,0,,196,100
2314,23140,23940,8.896190588323832e-26,0,,194,100
2315,23150,23950,6.11617747350426e-23,0,,193,100
2316,23160,23960,1.2760456335503863e-27,0,,192,100
2317,23170,23970,1.3035555495456363e-21,0,,191,100
2318,23180,23980,6.95967499568007e-20,0,,192,100
2319,23190,23990,2.5458814759281964e-22,0,,190,100
2320,23200,24000,3.490571494075302e-20,0,,189,100
2321,23210,24010,4.761868303171476e-24,0,,188,100
2322,23220,24020,2.366931826327414e-25,0,,189,100
2323,23230,24030,9.939637187474475e-23,0,,189,100
2324,23240,24040,1.4688782571085822e-29,0,,189,100
2325,23250,24050,2.8388058395400594e-26,0,,189,100
2326,23260,24060,4.565344845642577e-25,0,,188,100
2327,23270,24070,1.0662183930838486e-35,0,,188,100
2328,23280,24080,4.5497710493499124e-20,0,,188,100
2329,23290,24090,1.8739597776647072e-17,0,,188,100
2330,23300,24100,2.0506535993351194e-32,0,,189,100
2331,23310,24110,3.3360911279280195e-20,0,,189,100
2332,23320,24120,5.068681525705034e-27,0,,190,100
2333,23330,24130,2.19767612071826e-16,0,,188,100
2334,23340,24140,3.141104175056894e-21,0,,189,100
2335,23350,24150,9.919528122054787e-31,0,,188,100
2336,23360,24160,5.1786030462520924e-20,0,,189,100
2337,23370,24170,1.934480749432581e-27,0,,190,100
2338,23380,24180,2.118433208456243e-29,0,,191,100
2339,23390,24190,3.3266640895145537e-28,0,,192,100
2340,23400,24200,2.552893771263842e-19,0,,193,100
2341,23410,24210,1.149190561649384e-12,0,,192,100
2342,23420,24220,3.628111523369008e-27,0,,193,100
2343,23430,24230,5.0173080682479543e-26,0,,192,100
2344,23440,24240,3.957745635852477e-25,0,,192,100
2345,23450,24250,2.2359778005291455e-15,0,,192,100
2346,23460,24260,4.509604094109668e-29,0,,190,100
2347,23470,24270,1.2954950244147813e-19,0,,190,100
2348,23480,24280,7.512004051155004e-15,0,,190,100
2349,23490,24290,4.222648804692734e-18,0,,189,100
2350,23500,24300,7.848926468779399e-15,0,,186,100
2351,23510,24310,7.537776599863298e-13,0,,189,100
2352,23520,24320,9.327518314728216e-15,0,,188,100
2353,23530,24330,2.124838763699229e-16,0,,185,100
2354,23540,24340,3.3936815127457714e-17,0,,185,100
2355,23550,24350,7.596757438790503e-12,0,,185,100
2356,23560,24360,2.5251952262143015e-14,0,,186,100
2357,23570,24370,1.1415906462738184e-13,0,,186,100
2358,23580,24380,1.7577123639868565e-29,0,,187,100
2359,23590,24390,2.4281753611240664e-33,0,,186,100
2360,23600,24400,3.532027982112326e-36,0,,180,100
2361,23610,24410,8.63784230356814e-13,0,,181,100
2362,23620,24420,1.2215932136351402e-29,0,,181,100
2363,23630,24430,2.9137587595853915e-12,0,,179,100
2364,23640,24440,1.7423792790917113e-10,0,,179,100
2365,23650,24450,1.9964306835828863e-13,0,,179,100
2366,23660,24460,6.801289315586023e-37,0,,180,100
2367,23670,24470,4.963074259251379e-14,0,,179,100
2368,23680,24480,5.275934902196979e-34,0,,178,100
2369,23690,24490,2.890881743333529e-33,0,,178,100
2370,23700,24500,5.945986119284992e-29,0,,177,100
2371,23710,24510,6.660379243629288e-15,0,,176,100
2372,23720,24520,7.438360909312599e-27,0,,176,100
2373,23730,24530,7.545988950784008e-13,0,,174,100
2374,23740,24540,7.308617195508585e-13,0,,172,100
2375,23750,24550,1.7578602762677733e-23,0,,174,100
2376,23760,24560,1.1608135331265171e-23,0,,169,100
2377,23770,24570,1.4957679704668547e-23,0,,171,100
2378,23780,24580,4.398892856923695e-15,0,,171,100
2379,23790,24590,6.8796714334281e-19,0,,170,100
2380,23800,24600,1.9809592554625938e-23,0,,170,100
2381,23810,24610,3.066303134773499e-26,0,,169,100
2382,23820,24620,3.148727644017068e-13,0,,167,100
2383,23830,24630,3.838249842650746e-24,0,,166,100
2384,23840,24640,6.831365550565716e-25,0,,168,100
2385,23850,24650,1.6208236672213092e-09,0,,167,100
2386,23860,24660,1.1458434768530074e-24,0,,166,100
2387,23870,24670,8.099594497063621e-29,0,,166,100
2388,23880,24680,1.1483254807540017e-29,0,,166,100
2389,23890,24690,1.4347941185631723e-15,0,,166,100
2390,23900,24700,1.4810284925734442e-17,0,,164,100
2391,23910,24710,5.7453546128433525e-18,0,,164,100
2392,23920,24720,7.206785509322367e-20,0,,166,100
2393,23930,24730,1.2779027537001288e-34,0,,168,100
2394,23940,24740,7.376934768875826e-36,0,,167,100
2395,23950,24750,2.9640713904669475e-39,0,,168,100
2396,23960,24760,1.2593428541229427e-18,0,,169,100
2397,23970,24770,1.0391193317873155e-16,0,,166,100
2398,23980,24780,1.1354745119438154e-39,0,,166,100
2399,23990,24790,2.3279933554882918e-38,0,,168,100
2400,24000,24800,2.360829596370559e-38,0,,168,100
2401,24010,24810,9.967216268900052e-40,0,,171,100
2402,24020,24820,6.562937469894113e-37,0,,169,100
2403,24030,24830,2.740932898880864e-35,0,,172,100
2404,24040,24840,1.1139041329528494e-35,0,,169,100
2405,24050,24850,1.9519143280142053e-35,0,,168,100
2406,24060,24860,5.484732363404349e-41,0,,167,100
2407,24070,24870,2.0552991571260176e-11,0,,166,100
2408,24080,24880,1.8694228248796223e-13,0,,165,100
2409,24090,24890,1.1983570566594559e-12,0,,165,100
2410,24100,24900,1.973389994015197e-14,0,,167,100
2411,24110,24910,7.95045169586263e-12,0,,164,100
2412,24120,24920,3.89680456150642e-14,0,,164,100
2413,24130,24930,2.4427449553682846e-13,0,,164,100
2414,24140,24940,3.98164708033444e-15,0,,165,100
2415,24150,24950,3.218060482760176e-13,0,,164,100
2416,24160,24960,1.6065246541518976e-35,0,,166,100
2417,24170,24970,1.900059398789184e-08,0,,166,100
2418,24180,24980,1.975229908691018e-34,0,,163,100
2419,24190,24990,1.017269207072351e-33,0,,163,100
2420,24200,25000,1.785372384110854e-09,0,,162,100
2421,24210,25010,3.15523339326237e-33,0,,160,100
2422,24220,25020,2.4492913129866682e-14,0,,161,100
2423,24230,25030,7.852675685428483e-30,0,,163,100
2424,24240,25040,1.671503987579907e-27,0,,164,100
2425,24250,25050,1.430782348436583e-16,0,,163,100
2426,24260,25060,4.4286379551900876e-11,0,,161,100
2427,24270,25070,5.194081196896897e-14,0,,161,100
2428,24280,25080,3.7494559979510727e-13,0,,162,100
2429,24290,25090,5.335346633973769e-23,0,,163,100
2430,24300,25100,4.492225327632468e-12,0,,164,100
2431,24310,25110,4.251154323743119e-25,0,,162,100
2432,24320,25120,7.7008228363878355e-25,0,,163,100
2433,24330,25130,1.4498866232935862e-16,0,,164,100
2434,24340,25140,3.2295033803085257e-23,0,,163,100
2435,24350,25150,1.6318372045718456e-15,0,,164,100
2436,24360,25160,6.307756953818339e-24,0,,163,100
2437,24370,25170,2.2785471904816833e-14,0,,163,100
2438,24380,25180,4.4692660808901695e-18,0,,162,100
2439,24390,25190,1.3189043519569798e-26,0,,164,100
2440,24400,25200,1.5207295722584148e-23,0,,164,100
2441,24410,25210,3.2904070812589623e-25,0,,163,100
2442,24420,25220,5.314911011050526e-13,0,,163,100
2443,24430,25230,7.19172915718858e-13,0,,163,100
2444,24440,25240,3.6048136191660855e-20,0,,163,100
2445,24450,25250,1.3303413603748024e-10,0,,167,100
2446,24460,25260,4.775143766612591e-18,0,,168,100
2447,24470,25270,9.811628411272945e-11,0,,167,100
2448,24480,25280,4.085151321444914e-18,0,,166,100
2449,24490,25290,1.2474089727028545e-13,0,,168,100
2450,24500,25300,1.8172080634453606e-16,0,,168,100
2451,24510,25310,3.9472159218328645e-18,0,,170,100
2452,24520,25320,1.3570796788707695e-16,0,,170,100
2453,24530,25330,2.914744722755859e-17,0,,171,100
2454,24540,25340,1.0496458570418815e-16,0,,171,100
2455,24550,25350,1.0230348738005404e-17,0,,172,100
2456,24560,25360,4.544153914720823e-12,0,,170,100
2457,24570,25370,1.335695784505126e-16,0,,171,100
2458,24580,25380,1.6768598848964502e-14,0,,171,100
2459,24590,25390,1.0768940449441e-14,0,,172,100
2460,24600,25400,1.951942258893686e-16,0,,173,100
2461,24610,25410,2.2098730451315867e-23,0,,174,100
2462,24620,25420,6.947253498393399e-20,0,,174,100
2463,24630,25430,9.117711420941169e-20,0,,175,100
2464,24640,25440,3.7252183395547692e-22,0,,176,100
2465,24650,25450,1.684970585784576e-16,0,,174,100
2466,24660,25460,1.604573066853516e-17,0,,177,100
2467,24670,25470,2.7125833174708713e-18,0,,175,100
2468,24680,25480,1.4442001505450359e-18,0,,179,100
2469,24690,25490,8.54897965351344e-20,0,,178,100
2470,24700,25500,2.0449023456671444e-18,0,,177,100
2471,24710,25510,1.5413558009422838e-20,0,,177,100
2472,24720,25520,9.96087499672898e-20,0,,176,100
2473,24730,25530,1.8361210645145866e-16,0,,174,100
2474,24740,25540,9.778311725063361e-17,0,,176,100
2475,24750,25550,1.5036695818407794e-25,0,,178,100
2476,24760,25560,1.1920817874317676e-23,0,,178,100
2477,24770,25570,8.069755870662061e-15,0,,179,100
2478,24780,25580,4.603079179871376e-17,0,,179,100
2479,24790,25590,3.536502272600317e-23,0,,178,100
2480,24800,25600,1.2839270614715457e-15,0,,178,100
2481,24810,25610,8.287159553253321e-13,0,,179,100
2482,24820,25620,6.066343282508532e-18,0,,179,100
2483,24830,25630,4.842061079877016e-20,0,,178,100
2484,24840,25640,1.312865650791105e-16,0,,180,100
2485,24850,25650,7.662214097157064e-20,0,,180,100
2486,24860,25660,1.76646314446412e-20,0,,180,100
2487,24870,25670,3.6682883804557786e-19,0,,182,100
2488,24880,25680,2.1980205050944427e-19,0,,183,100
2489,24890,25690,8.192267858573694e-11,0,,183,100
2490,24900,25700,3.1693771398928335e-12,0,,183,100
2491,24910,25710,5.416799999931986e-22,0,,182,100
2492,24920,25720,4.4824342823000526e-11,0,,183,100
2493,24930,25730,8.019467454253304e-19,0,,181,100
2494,24940,25740,3.338042681857849e-17,0,,180,100
2495,24950,25750,3.3957382026467217e-19,0,,181,100
2496,24960,25760,3.548161517623127e-18,0,,178,100
2497,24970,25770,1.1575917275620896e-16,0,,180,100
2498,24980,25780,3.3360473119435426e-20,0,,181,100
2499,24990,25790,1.8965579042074996e-12,0,,183,100
2500,25000,25800,1.6961720974822073e-11,0,,186,100
2501,25010,25810,3.765525114887998e-18,0,,188,100
2502,25020,25820,1.2910294271113928e-15,0,,187,100
2503,25030,25830,2.89384815618902e-12,0,,185,100
2504,25040,25840,3.005209022950898e-13,0,,185,100
2505,25050,25850,2.0590767955744656e-15,0,,188,100
2506,25060,25860,1.0736162273279462e-14,0,,187,100
2507,25070,25870,2.208648940248736e-15,0,,187,100
2508,25080,25880,4.808177997775582e-16,0,,187,100
2509,25090,25890,1.8778799034378883e-20,0,,188,100
2510,25100,25900,2.7913130078976066e-22,0,,186,100
2511,25110,25910,2.7976403459580936e-18,0,,186,100
2512,25120,25920,4.946768936024073e-19,0,,185,100
2513,25130,25930,4.403899291414595e-19,0,,187,100
2514,25140,25940,2.7044282887757066e-17,0,,187,100
2515,25150,25950,6.004178368251106e-21,0,,189,100
2516,25160,25960,2.2641749216170727e-18,0,,189,100
2517,25170,25970,1.8968951970051947e-22,0,,187,100
2518,25180,25980,2.1588358213729175e-18,0,,186,100
2519,25190,25990,9.788221561073209e-26,0,,186,100
2520,25200,26000,2.874371209294674e-22,0,,187,100
2521,25210,26010,3.654977296081444e-20,0,,189,100
2522,25220,26020,1.3655320416063588e-19,0,,191,100
2523,25230,26030,6.169407897535401e-14,0,,191,100
2524,25240,26040,2.9844943821774463e-15,0,,190,100
2525,25250,26050,2.1236702165106066e-18,0,,189,100
2526,25260,26060,5.251102833433216e-15,0,,189,100
2527,25270,26070,1.4163410733579143e-15,0,,191,100
2528,25280,26080,3.744471478349344e-15,0,,191,100
2529,25290,26090,6.307163821116999e-13,0,,192,100
2530,25300,26100,2.1208111829014383e-11,0,,192,100
2531,25310,26110,4.692032658552658e-13,0,,192,100
2532,25320,26120,2.75286174836202e-10,0,,189,100
2533,25330,26130,1.4425262023326379e-21,0,,190,100
2534,25340,26140,1.7525969348105013e-12,0,,191,100
2535,25350,26150,3.418874643345872e-17,0,,191,100
2536,25360,26160,2.787578296877745e-09,0,,194,100
2537,25370,26170,6.594129127159582e-12,0,,192,100
2538,25380,26180,3.021014372370607e-12,0,,192,100
2539,25390,26190,1.6271817768446674e-15,0,,192,100
2540,25400,26200,2.2605992677535914e-11,0,,192,100
2541,25410,26210,3.2070406730393407e-18,0,,193,100
2542,25420,26220,1.4012706826238074e-19,0,,192,100
2543,25430,26230,6.400357985324318e-13,0,,191,100
2544,25440,26240,1.6614246676494586e-15,0,,194,100
2545,25450,26250,7.280903206067456e-15,0,,192,100
2546,25460,26260,2.6131293580866333e-17,0,,191,100
2547,25470,26270,8.13382521458946e-12,0,,193,100
2548,25480,26280,3.214547752719361e-17,0,,194,100
2549,25490,26290,5.5787726611118853e-11,0,,192,100
2550,25500,26300,3.388606218235363e-16,0,,193,100
2551,25510,26310,7.057981601523697e-17,0,,193,100
2552,25520,26320,7.123148905229157e-19,0,,195,100
2553,25530,26330,1.4313256420209107e-07,0,,194,100
2554,25540,26340,7.971926642887421e-12,0,,193,100
2555,25550,26350,4.067510779904417e-17,0,,191,100
2556,25560,26360,2.0286555045706708e-14,0,,191,100
2557,25570,26370,3.216407737945312e-14,0,,190,100
2558,25580,26380,5.630780161808121e-11,0,,190,100
2559,25590,26390,6.620000740903686e-13,0,,189,100
2560,25600,26400,7.067256595781706e-13,0,,188,100
2561,25610,26410,6.712293551937064e-14,0,,190,100
2562,25620,26420,1.6165568540057933e-12,0,,192,100
2563,25630,26430,9.961176751982152e-13,0,,194,100
2564,25640,26440,1.1109373856691313e-15,0,,196,100
2565,25650,26450,3.6413756906516054e-15,0,,195,100
2566,25660,26460,1.1674602330316672e-13,0,,195,100
2567,25670,26470,1.7250236437859783e-17,0,,194,100
2568,25680,26480,4.273794001863998e-08,0,,193,100
2569,25690,26490,3.970115787696167e-12,0,,193,100
2570,25700,26500,5.4146791878806784e-12,0,,193,100
2571,25710,26510,1.163364190320588e-14,0,,194,100
2572,25720,26520,1.4906098901771733e-14,0,,195,100
2573,25730,26530,8.248599821934245e-13,0,,195,100
2574,25740,26540,5.934136228185773e-10,0,,194,100
2575,25750,26550,1.7694672559315956e-09,0,,194,100
2576,25760,26560,7.441392099887837e-11,0,,195,100
2577,25770,26570,4.141866669422372e-11,0,,196,100
2578,25780,26580,4.968605701128235e-06,0,,194,100
2579,25790,26590,4.315430064443023e-06,0,,194,100
2580,25800,26600,9.563336114029001e-13,0,,192,100
2581,25810,26610,2.0062059397551028e-09,0,,190,100
2582,25820,26620,4.015713964216115e-09,0,,192,100
2583,25830,26630,1.5384553645947316e-10,0,,191,100
2584,25840,26640,1.102685057381487e-07,0,,191,100
2585,25850,26650,3.4634476206688787e-12,0,,188,100
2586,25860,26660,8.306411168545203e-10,0,,189,100
2587,25870,26670,8.855822652431308e-06,0,,187,100
2588,25880,26680,1.095462348602122e-11,0,,190,100
2589,25890,26690,2.1311917625678915e-08,0,,190,100
2590,25900,26700,7.383461268952743e-08,0,,189,100
2591,25910,26710,1.4335848609041366e-15,0,,191,100
2592,25920,26720,1.3871943891305342e-06,0,,191,100
2593,25930,26730,4.382857262811813e-14,0,,188,100
2594,25940,26740,3.767080312192257e-16,0,,188,100
2595,25950,26750,9.513600201498862e-10,0,,187,100
2596,25960,26760,3.882972864791965e-11,0,,188,100
2597,25970,26770,7.467222001657685e-18,0,,189,100
2598,25980,26780,3.455996341682161e-17,0,,189,100
2599,25990,26790,4.895670398002982e-15,0,,188,100
2600,26000,26800,6.530897071110117e-14,0,,187,100
2601,26010,26810,1.2555648781315939e-12,0,,187,100
2602,26020,26820,2.1873168470021844e-10,0,,185,100
2603,26030,26830,6.074658528567458e-14,0,,187,100
2604,26040,26840,1.1721827969058989e-08,0,,187,100
2605,26050,26850,4.158208885039807e-12,0,,187,100
2606,26060,26860,1.678564198140801e-10,0,,188,100
2607,26070,26870,6.290766213271822e-14,0,,185,100
2608,26080,26880,2.870737608980109e-15,0,,185,100
2609,26090,26890,1.3466135721147846e-15,0,,184,100
2610,26100,26900,4.878879026567408e-18,0,,185,100
2611,26110,26910,4.326613797719566e-17,0,,185,100
2612,26120,26920,5.265446087865396e-11,0,,185,100
2613,26130,26930,8.285660692458414e-20,0,,184,100
2614,26140,26940,2.5462220622492028e-15,0,,183,100
2615,26150,26950,3.929011932455366e-16,0,,183,100
2616,26160,26960,1.1223985254145646e-12,0,,186,100
2617,26170,26970,7.293120544553534e-17,0,,184,100
2618,26180,26980,3.407486180176265e-08,0,,183,100
2619,26190,26990,1.2949138316144396e-19,0,,182,100
2620,26200,27000,1.388931661221028e-10,0,,182,100
2621,26210,27010,4.420609733243205e-11,0,,182,100
2622,26220,27020,9.168511992492312e-20,0,,184,100
2623,26230,27030,2.323761470847136e-11,0,,182,100
2624,26240,27040,2.6038779924313535e-13,0,,182,100
2625,26250,27050,2.15088630721367e-10,0,,180,100
2626,26260,27060,1.5646687876310792e-10,0,,181,100
2627,26270,27070,3.78913063378877e-13,0,,178,100
2628,26280,27080,1.208483388780048e-10,0,,178,100
2629,26290,27090,9.090235717471091e-11,0,,178,100
2630,26300,27100,2.2465592603870023e-16,0,,181,100
2631,26310,27110,1.076959043213556e-16,0,,180,100
2632,26320,27120,3.607002640118103e-18,0,,181,100
2633,26330,27130,1.0782009889346606e-20,0,,179,100
2634,26340,27140,2.1144206310637663e-15,0,,180,100
2635,26350,27150,1.4627488244646346e-23,0,,181,100
2636,26360,27160,2.686701863388442e-21,0,,180,100
2637,26370,27170,6.742915056921177e-21,0,,180,100
2638,26380,27180,1.1803022119782435e-21,0,,183,100
2639,26390,27190,2.7922771798103885e-17,0,,182,100
2640,26400,27200,4.669240871283208e-19,0,,182,100
2641,26410,27210,9.651942867525553e-22,0,,178,100
2642,26420,27220,3.35898350235498e-21,0,,177,100
2643,26430,27230,4.334116952207028e-17,0,,176,100
2644,26440,27240,5.039249797824173e-21,0,,174,100
2645,26450,27250,1.2176600812027487e-23,0,,175,100
2646,26460,27260,2.026331551635329e-21,0,,176,100
2647,26470,27270,4.0396610693535317e-19,0,,175,100
2648,26480,27280,3.877961339294491e-22,0,,177,100
2649,26490,27290,9.472873623091153e-15,0,,177,100
2650,26500,27300,4.724706963318504e-18,0,,176,100
2651,26510,27310,4.3444783116624856e-20,0,,177,100
2652,26520,27320,1.1416961427505469e-15,0,,177,100
2653,26530,27330,1.519244447447649e-23,0,,177,100
2654,26540,27340,4.739976949839915e-15,0,,176,100
2655,26550,27350,2.0253823304821157e-24,0,,176,100
2656,26560,27360,2.0913537782584906e-20,0,,178,100
2657,26570,27370,2.3513263419505773e-20,0,,178,100
2658,26580,27380,1.4208144788195787e-22,0,,178,100
2659,26590,27390,1.1619565171896273e-20,0,,178,100
2660,26600,27400,3.788513598183047e-22,0,,176,100
2661,26610,27410,7.337064021845288e-21,0,,175,100
2662,26620,27420,3.2831176316001073e-23,0,,175,100
2663,26630,27430,9.494408125181242e-29,0,,178,100
2664,26640,27440,2.48271957070918e-28,0,,177,100
2665,26650,27450,2.3502909166265185e-24,0,,176,100
2666,26660,27460,1.6730870750288786e-18,0,,175,100
2667,26670,27470,9.109852428098331e-16,0,,173,100
2668,26680,27480,1.3670290593729603e-32,0,,173,100
2669,26690,27490,4.973934861001315e-28,0,,172,100
2670,26700,27500,2.9270624245493804e-27,0,,172,100
2671,26710,27510,4.0815127687228886e-29,0,,174,100
2672,26720,27520,4.739708378566748e-16,0,,173,100
2673,26730,27530,5.504519673504703e-15,0,,172,100
2674,26740,27540,5.942161114678037e-31,0,,173,100
2675,26750,27550,2.9955389475914853e-13,0,,171,100
2676,26760,27560,5.933597056845335e-15,0,,173,100
2677,26770,27570,4.704294119171084e-16,0,,174,100
2678,26780,27580,2.2771316092707177e-14,0,,173,100
2679,26790,27590,4.702865425903944e-19,0,,173,100
2680,26800,27600,1.8680680845157356e-22,0,,174,100
2681,26810,27610,1.9836597584710964e-23,0,,174,100
2682,26820,27620,9.429015442977669e-14,0,,172,100
2683,26830,27630,3.1386961076819797e-18,0,,173,100
2684,26840,27640,1.0996516754153985e-19,0,,173,100
2685,26850,27650,1.3359734936186081e-20,0,,174,100
2686,26860,27660,3.714419371316482e-23,0,,174,100
2687,26870,27670,5.161607640744676e-16,0,,174,100
2688,26880,27680,4.672729701986636e-13,0,,174,100
2689,26890,27690,5.5837457063868997e-11,0,,174,100
2690,26900,27700,5.58734373235625e-11,0,,173,100
2691,26910,27710,2.102812155331616e-10,0,,174,100
2692,26920,27720,3.251600588236235e-09,0,,174,100
2693,26930,27730,2.113023899855655e-23,0,,175,100
2694,26940,27740,2.0662133211145897e-10,0,,172,100
2695,26950,27750,1.973726911427173e-28,0,,171,100
2696,26960,27760,3.8019755353415235e-24,0,,167,100
2697,26970,27770,3.0803383700772646e-22,0,,165,100
2698,26980,27780,2.7682063326117364e-22,0,,163,100
2699,26990,27790,2.4220775754898573e-18,0,,162,100
2700,27000,27800,1.0523515202091957e-20,0,,161,100
2701,27010,27810,1.4217669286479548e-10,0,,156,100
2702,27020,27820,1.99880354615401e-29,0,,155,100
2703,27030,27830,1.0643424568098749e-10,0,,154,100
2704,27040,27840,1.183976171814523e-22,0,,151,100
2705,27050,27850,3.065073742653937e-23,0,,149,100
2706,27060,27860,1.0350997370783683e-23,0,,147,100
2707,27070,27870,1.5605304998613306e-08,0,,144,100
2708,27080,27880,7.944748001650784e-15,0,,142,100
2709,27090,27890,4.1729302747666195e-20,0,,139,100
2710,27100,27900,1.522043509961849e-19,0,,137,100
2711,27110,27910,1.7038591781708864e-22,0,,135,100
2712,27120,27920,2.0421937274029397e-11,0,,134,100
2713,27130,27930,3.832593507759138e-09,0,,132,100
2714,27140,27940,5.9567190260033e-10,0,,130,100
2715,27150,27950,4.135102758641659e-11,0,,128,100
2716,27160,27960,5.059250749742747e-10,0,,126,100
2717,27170,27970,3.5298936110324823e-12,0,,124,100
2718,27180,27980,1.4839192719777849e-13,0,,121,100
2719,27190,27990,1.3524097651304192e-11,0,,118,100
2720,27200,28000,6.801362208807609e-11,0,,116,100
2721,27210,28010,6.456251940124708e-13,0,,115,100
2722,27220,28020,4.067829489748793e-12,0,,112,100
2723,27230,28030,8.570475628724705e-19,0,,111,100
2724,27240,28040,3.271538442448472e-19,0,,109,100
2725,27250,28050,7.825514133985811e-13,0,,105,100
2726,27260,28060,2.544600456334424e-10,0,,104,100
2727,27270,28070,1.5359014631721234e-09,0,,102,100
