window_index,char_start,char_end,p_z,extracted,error,n_tokens_in_chunk,sequence_len_tokens
0,0,800,1.6824229108858992e-64,0,,196,100
1,10,810,1.7444316734238035e-68,0,,197,100
2,20,820,5.061397165838759e-97,0,,194,100
3,30,830,8.226755739618531e-89,0,,194,100
4,40,840,6.785365406787315e-104,0,,189,100
5,50,850,4.274135215506629e-154,0,,187,100
6,60,860,7.287199143803738e-77,0,,185,100
7,70,870,7.389741548654968e-99,0,,185,100
8,80,880,3.2575863301667144e-108,0,,183,100
9,90,890,2.793369854871993e-126,0,,182,100
10,100,900,1.4751428100432759e-121,0,,183,100
11,110,910,5.632632954382971e-130,0,,183,100
12,120,920,8.840358885001038e-138,0,,185,100
13,130,930,4.2361191568578105e-140,0,,185,100
14,140,940,9.443400618692253e-132,0,,184,100
15,150,950,2.460507278349588e-159,0,,184,100
16,160,960,6.463782223319796e-136,0,,183,100
17,170,970,2.875441932181942e-130,0,,185,100
18,180,980,3.845742607461352e-96,0,,185,100
19,190,990,3.401752634999534e-139,0,,186,100
20,200,1000,5.417591043001015e-157,0,,187,100
21,210,1010,9.556546064816615e-110,0,,189,100
22,220,1020,1.0207633649620788e-138,0,,189,100
23,230,1030,4.965588114248003e-130,0,,190,100
24,240,1040,1.14643118423547e-97,0,,191,100
25,250,1050,2.1174887003288498e-95,0,,192,100
26,260,1060,1.7660356475252446e-106,0,,194,100
27,270,1070,1.2423008930626546e-125,0,,194,100
28,280,1080,3.8431124037528016e-190,0,,193,100
29,290,1090,2.0353259868138856e-183,0,,195,100
30,300,1100,1.0870806588544352e-141,0,,192,100
31,310,1110,1.4849882086790602e-196,0,,189,100
32,320,1120,2.6544294408536715e-150,0,,188,100
33,330,1130,5.124622157687299e-116,0,,189,100
34,340,1140,3.99599728358927e-151,0,,191,100
35,350,1150,1.4836052727882897e-116,0,,188,100
36,360,1160,2.542870358343903e-109,0,,188,100
37,370,1170,3.1102985883202386e-161,0,,191,100
38,380,1180,6.500756651117133e-110,0,,190,100
39,390,1190,3.166421877024792e-124,0,,189,100
40,400,1200,1.3633345096854529e-139,0,,188,100
41,410,1210,1.4835052535639693e-106,0,,190,100
42,420,1220,1.4917747377878454e-122,0,,190,100
43,430,1230,1.3051893055300775e-125,0,,191,100
44,440,1240,4.41940513641386e-119,0,,191,100
45,450,1250,2.631443578167189e-144,0,,189,100
46,460,1260,3.039695376099838e-204,0,,189,100
47,470,1270,1.1905251432625898e-154,0,,188,100
48,480,1280,1.2192979133196818e-150,0,,186,100
49,490,1290,5.997096470655329e-143,0,,186,100
50,500,1300,6.324736379563382e-115,0,,188,100
51,510,1310,1.2533008453877202e-123,0,,189,100
52,520,1320,3.4234748072062336e-124,0,,189,100
53,530,1330,1.3774072246720653e-100,0,,189,100
54,540,1340,1.81747954575833e-98,0,,191,100
55,550,1350,3.7017062590023006e-96,0,,190,100
56,560,1360,1.2785240151617118e-107,0,,191,100
57,570,1370,9.859523563669449e-89,0,,192,100
58,580,1380,2.7555237038598956e-99,0,,191,100
59,590,1390,2.4322474667570848e-111,0,,193,100
60,600,1400,1.6381746303908555e-126,0,,192,100
61,610,1410,6.997015243025961e-119,0,,191,100
62,620,1420,3.8420764663047726e-115,0,,191,100
63,630,1430,3.21592052420723e-101,0,,191,100
64,640,1440,8.271079622059228e-114,0,,191,100
65,650,1450,3.6384212632013446e-98,0,,193,100
66,660,1460,4.504179454795806e-95,0,,191,100
67,670,1470,1.262755006084053e-104,0,,190,100
68,680,1480,1.067929589059837e-88,0,,189,100
69,690,1490,8.427438688484403e-87,0,,190,100
70,700,1500,2.5472157557603333e-80,0,,190,100
71,710,1510,1.958913526326556e-88,0,,193,100
72,720,1520,6.340242421920804e-96,0,,195,100
73,730,1530,4.253282591533888e-92,0,,197,100
74,740,1540,3.9580802942196644e-100,0,,197,100
75,750,1550,2.1704689659555652e-223,0,,199,100
76,760,1560,2.8407571043901383e-130,0,,196,100
77,770,1570,3.019601540626103e-175,0,,194,100
78,780,1580,5.777463049054606e-166,0,,195,100
79,790,1590,1.894335842194356e-178,0,,195,100
80,800,1600,6.842232558152379e-199,0,,195,100
81,810,1610,9.231597171477105e-201,0,,194,100
82,820,1620,3.380660200412557e-208,0,,194,100
83,830,1630,1.029219846678236e-230,0,,194,100
84,840,1640,3.933794662826329e-247,0,,194,100
85,850,1650,1.7413042463917894e-253,0,,193,100
86,860,1660,2.8141539404727145e-234,0,,195,100
87,870,1670,4.2539674271161377e-240,0,,192,100
88,880,1680,3.11204612452356e-116,0,,193,100
89,890,1690,1.1483952892907728e-169,0,,191,100
90,900,1700,1.703918936958752e-184,0,,191,100
91,910,1710,9.42579509576012e-185,0,,190,100
92,920,1720,1.1574095207972028e-189,0,,190,100
93,930,1730,2.5072283322118755e-242,0,,192,100
94,940,1740,1.6775589187950948e-148,0,,194,100
95,950,1750,7.938918146863582e-203,0,,195,100
96,960,1760,3.498734473120978e-142,0,,194,100
97,970,1770,7.82230645177738e-106,0,,193,100
98,980,1780,9.872560443013697e-110,0,,193,100
99,990,1790,2.786020973383101e-134,0,,191,100
100,1000,1800,1.594925722424888e-139,0,,191,100
101,1010,1810,6.957665860997362e-144,0,,194,100
102,1020,1820,1.508355155698635e-86,0,,191,100
103,1030,1830,1.4452009185187698e-86,0,,192,100
104,1040,1840,1.9257410812849833e-93,0,,192,100
105,1050,1850,6.850556404201727e-102,0,,191,100
106,1060,1860,1.6444225167573825e-125,0,,188,100
107,1070,1870,9.027082267306718e-119,0,,189,100
108,1080,1880,2.753217864962127e-87,0,,188,100
109,1090,1890,7.339694826627697e-82,0,,191,100
110,1100,1900,5.240631884078368e-83,0,,191,100
111,1110,1910,1.819979064610952e-98,0,,192,100
112,1120,1920,1.5973928774059825e-87,0,,192,100
113,1130,1930,1.085017235873941e-91,0,,193,100
114,1140,1940,7.549056707622063e-95,0,,193,100
115,1150,1950,1.1829356036557611e-92,0,,192,100
116,1160,1960,9.289554019427847e-100,0,,195,100
117,1170,1970,7.1851752654886825e-140,0,,194,100
118,1180,1980,1.037065735495462e-135,0,,194,100
119,1190,1990,8.562274815544864e-153,0,,196,100
120,1200,2000,3.5763750042885395e-116,0,,195,100
121,1210,2010,2.81106076916561e-141,0,,194,100
122,1220,2020,7.203338258479017e-153,0,,195,100
123,1230,2030,3.540046376888765e-178,0,,197,100
124,1240,2040,1.1099678508753361e-147,0,,198,100
125,1250,2050,5.012251077440487e-169,0,,200,100
126,1260,2060,5.339602027015268e-136,0,,199,100
127,1270,2070,3.962886199029721e-136,0,,199,100
128,1280,2080,4.8561943392504616e-139,0,,199,100
129,1290,2090,8.478596458179892e-130,0,,199,100
130,1300,2100,4.6559059189561166e-136,0,,198,100
131,1310,2110,3.4501308939786403e-162,0,,197,100
132,1320,2120,4.219270866911645e-171,0,,196,100
133,1330,2130,6.786091024843218e-189,0,,196,100
134,1340,2140,5.852638454422966e-194,0,,196,100
135,1350,2150,1.1404481865939828e-213,0,,195,100
136,1360,2160,1.7276747259657448e-166,0,,194,100
137,1370,2170,2.640839065149536e-154,0,,195,100
138,1380,2180,2.4228849456007286e-117,0,,196,100
139,1390,2190,6.607671766547728e-143,0,,197,100
140,1400,2200,2.3050291464565763e-138,0,,197,100
141,1410,2210,6.68412068619263e-151,0,,200,100
142,1420,2220,3.7376977632411503e-122,0,,201,100
143,1430,2230,4.4491182634079215e-126,0,,203,100
144,1440,2240,2.0823678400844035e-131,0,,202,100
145,1450,2250,7.42626896904326e-142,0,,201,100
146,1460,2260,1.0420562629639873e-148,0,,201,100
147,1470,2270,3.864529166164018e-162,0,,202,100
148,1480,2280,6.103241028047783e-127,0,,202,100
149,1490,2290,1.1641990327179475e-136,0,,205,100
150,1500,2300,1.1342383834463788e-158,0,,206,100
151,1510,2310,1.114949585639715e-196,0,,203,100
152,1520,2320,1.7170095163475152e-176,0,,201,100
153,1530,2330,7.857147577536097e-135,0,,199,100
154,1540,2340,3.188466933824695e-142,0,,198,100
155,1550,2350,1.403314857186452e-148,0,,198,100
156,1560,2360,9.903780297709275e-143,0,,197,100
157,1570,2370,2.3536561848050074e-157,0,,196,100
158,1580,2380,1.5050946616713456e-139,0,,198,100
159,1590,2390,4.6311613739144926e-144,0,,197,100
160,1600,2400,2.6256741012438846e-112,0,,199,100
161,1610,2410,1.3096500970729312e-135,0,,200,100
162,1620,2420,4.907325894189271e-127,0,,201,100
163,1630,2430,1.4724073392920476e-115,0,,203,100
164,1640,2440,1.6872973738818523e-93,0,,203,100
165,1650,2450,2.2811512068529262e-95,0,,204,100
166,1660,2460,7.677777122975931e-97,0,,206,100
167,1670,2470,7.685268202411098e-65,0,,206,100
168,1680,2480,5.856419393504836e-75,0,,208,100
169,1690,2490,2.4339728688346647e-80,0,,209,100
170,1700,2500,1.936680605834693e-65,0,,209,100
171,1710,2510,1.513462095082193e-76,0,,208,100
172,1720,2520,6.1819387274904645e-81,0,,210,100
173,1730,2530,9.560816962104693e-81,0,,208,100
174,1740,2540,1.547134558653966e-82,0,,206,100
175,1750,2550,5.195480785570396e-87,0,,206,100
176,1760,2560,6.167446588825025e-95,0,,206,100
177,1770,2570,2.011173946306272e-120,0,,207,100
178,1780,2580,2.9473954037266855e-113,0,,207,100
179,1790,2590,3.960798903414252e-139,0,,207,100
180,1800,2600,1.7040383147326546e-179,0,,205,100
181,1810,2610,1.0992456590195427e-200,0,,206,100
182,1820,2620,1.0619600462666159e-187,0,,205,100
183,1830,2630,2.6004741902562795e-189,0,,206,100
184,1840,2640,4.234593612328817e-193,0,,207,100
185,1850,2650,2.938877768115817e-171,0,,208,100
186,1860,2660,3.7901704797603655e-200,0,,208,100
187,1870,2670,3.913507737337663e-201,0,,208,100
188,1880,2680,1.20531716200349e-218,0,,209,100
189,1890,2690,3.7543900881805816e-184,0,,208,100
190,1900,2700,8.927962666147747e-231,0,,208,100
191,1910,2710,7.667538855832987e-161,0,,208,100
192,1920,2720,5.83205342617069e-125,0,,206,100
193,1930,2730,3.358955863891347e-134,0,,208,100
194,1940,2740,4.057976221457796e-130,0,,208,100
195,1950,2750,2.4222879877982147e-130,0,,211,100
196,1960,2760,1.3136920757611336e-163,0,,208,100
197,1970,2770,4.251524736598833e-113,0,,208,100
198,1980,2780,7.309095610019316e-108,0,,204,100
199,1990,2790,2.815022890249925e-110,0,,205,100
200,2000,2800,4.186290680222244e-130,0,,205,100
201,2010,2810,1.3049037898220884e-171,0,,204,100
202,2020,2820,5.146354593021269e-154,0,,204,100
203,2030,2830,2.781423861465517e-181,0,,201,100
204,2040,2840,7.52057544962243e-191,0,,202,100
205,2050,2850,3.9479398299226335e-150,0,,200,100
206,2060,2860,1.3732327810796668e-223,0,,200,100
207,2070,2870,4.844528507748534e-255,0,,200,100
208,2080,2880,5.0549339249204105e-172,0,,201,100
209,2090,2890,7.062686970117727e-94,0,,201,100
210,2100,2900,3.978380461570497e-94,0,,203,100
211,2110,2910,2.03584194935799e-99,0,,203,100
212,2120,2920,1.0718821522031675e-103,0,,203,100
213,2130,2930,9.898032138872702e-103,0,,202,100
214,2140,2940,5.810852722391922e-110,0,,204,100
215,2150,2950,4.481895347291273e-108,0,,207,100
216,2160,2960,6.844593903872508e-123,0,,207,100
217,2170,2970,6.988118078897744e-143,0,,205,100
218,2180,2980,2.011600683483469e-124,0,,204,100
219,2190,2990,3.648944525172812e-131,0,,203,100
220,2200,3000,8.78945736044671e-139,0,,201,100
221,2210,3010,5.168016957250181e-137,0,,200,100
222,2220,3020,3.7828604919637587e-140,0,,202,100
223,2230,3030,1.736963026484255e-87,0,,201,100
224,2240,3040,8.421079500390141e-76,0,,200,100
225,2250,3050,3.8804107021016366e-104,0,,199,100
226,2260,3060,3.924730589925969e-89,0,,200,100
227,2270,3070,1.4634289129225779e-115,0,,200,100
228,2280,3080,1.0550609187082234e-113,0,,198,100
229,2290,3090,1.0134390755001233e-108,0,,194,100
230,2300,3100,2.0891126983403642e-118,0,,195,100
231,2310,3110,2.8787520267152216e-120,0,,195,100
232,2320,3120,6.37388954457526e-146,0,,195,100
233,2330,3130,7.387295264566474e-131,0,,198,100
234,2340,3140,9.633895125390149e-134,0,,200,100
235,2350,3150,3.672854086069327e-148,0,,201,100
236,2360,3160,2.938086631498273e-115,0,,200,100
237,2370,3170,7.102669296432711e-106,0,,202,100
238,2380,3180,1.789624980842054e-81,0,,201,100
239,2390,3190,6.527526905928331e-101,0,,202,100
240,2400,3200,1.6510664042092364e-87,0,,199,100
241,2410,3210,3.0985370563157114e-89,0,,201,100
242,2420,3220,2.2816620517187503e-104,0,,199,100
243,2430,3230,1.0582413229043458e-119,0,,198,100
244,2440,3240,6.098044426716378e-106,0,,197,100
245,2450,3250,3.4694953111510245e-116,0,,198,100
246,2460,3260,3.0960484143921446e-130,0,,197,100
247,2470,3270,4.152020196828665e-147,0,,197,100
248,2480,3280,2.4525124643907474e-107,0,,195,100
249,2490,3290,5.501386685466828e-143,0,,195,100
250,2500,3300,6.913384376093053e-104,0,,196,100
251,2510,3310,1.4464715700507792e-84,0,,196,100
252,2520,3320,6.484314208975346e-117,0,,194,100
253,2530,3330,9.032450589319006e-126,0,,193,100
254,2540,3340,2.982534085435989e-144,0,,193,100
255,2550,3350,1.034895996731701e-143,0,,194,100
256,2560,3360,6.891868266950622e-127,0,,196,100
257,2570,3370,1.559281119130265e-184,0,,196,100
258,2580,3380,8.869966525934385e-154,0,,197,100
259,2590,3390,1.4896398283253292e-159,0,,195,100
260,2600,3400,4.514861030576533e-212,0,,193,100
261,2610,3410,5.513080463243966e-184,0,,194,100
262,2620,3420,5.7952791686195784e-161,0,,192,100
263,2630,3430,2.523183479743744e-170,0,,194,100
264,2640,3440,7.433814141551851e-163,0,,194,100
265,2650,3450,4.420531758745989e-181,0,,194,100
266,2660,3460,1.0360719992862518e-139,0,,194,100
267,2670,3470,2.6171921146028306e-150,0,,193,100
268,2680,3480,3.7267157172488577e-180,0,,192,100
269,2690,3490,6.405392355014e-151,0,,189,100
270,2700,3500,5.023095578019496e-196,0,,190,100
271,2710,3510,1.9782704097557565e-198,0,,189,100
272,2720,3520,5.0721988405139505e-204,0,,189,100
273,2730,3530,8.343367228245962e-157,0,,189,100
274,2740,3540,1.849044296466465e-149,0,,187,100
275,2750,3550,6.891222444904599e-154,0,,184,100
276,2760,3560,5.175057345985309e-139,0,,184,100
277,2770,3570,5.946346810034821e-128,0,,185,100
278,2780,3580,2.3057164153815023e-144,0,,186,100
279,2790,3590,1.0774151811006403e-158,0,,187,100
280,2800,3600,2.1222724563633506e-169,0,,185,100
281,2810,3610,3.498180484411368e-227,0,,185,100
282,2820,3620,3.833933765146113e-188,0,,185,100
283,2830,3630,3.721674167646281e-197,0,,184,100
284,2840,3640,5.098841507670224e-196,0,,184,100
285,2850,3650,2.8828261383711013e-263,0,,183,100
286,2860,3660,5.080227350041577e-145,0,,183,100
287,2870,3670,1.0769211289269577e-172,0,,186,100
288,2880,3680,2.0308675252068282e-144,0,,187,100
289,2890,3690,2.1294160555421825e-111,0,,186,100
290,2900,3700,1.4950135183255753e-134,0,,186,100
291,2910,3710,5.499460411706671e-141,0,,186,100
292,2920,3720,4.0117312292087444e-151,0,,185,100
293,2930,3730,2.773009476737452e-131,0,,185,100
294,2940,3740,1.2895792264814965e-151,0,,186,100
295,2950,3750,7.962314339890596e-154,0,,185,100
296,2960,3760,5.3836398859857924e-161,0,,187,100
297,2970,3770,1.400216103406761e-140,0,,185,100
298,2980,3780,1.0659156126193627e-154,0,,187,100
299,2990,3790,5.957293058743486e-209,0,,186,100
300,3000,3800,8.583146112258702e-238,0,,186,100
301,3010,3810,2.6894828830911927e-246,0,,185,100
302,3020,3820,1.609723163113366e-179,0,,185,100
303,3030,3830,3.013132858571601e-193,0,,185,100
304,3040,3840,8.257830314488601e-241,0,,185,100
305,3050,3850,2.3170993160211214e-252,0,,187,100
306,3060,3860,1.0733417274146748e-258,0,,188,100
307,3070,3870,8.89638820003336e-278,0,,189,100
308,3080,3880,0.0,0,,189,100
309,3090,3890,0.0,0,,188,100
310,3100,3900,4.7725051363086964e-307,0,,188,100
311,3110,3910,1.2490955990781445e-307,0,,188,100
312,3120,3920,5.841246033727665e-281,0,,187,100
313,3130,3930,7.154402452643823e-222,0,,183,100
314,3140,3940,2.9175332176569533e-242,0,,181,100
315,3150,3950,2.461731886129788e-284,0,,181,100
316,3160,3960,3.954159885788595e-278,0,,179,100
317,3170,3970,1.3100974221336424e-250,0,,184,100
318,3180,3980,1.9482236001438471e-292,0,,182,100
319,3190,3990,8.690140587384598e-254,0,,184,100
320,3200,4000,1.0125733064198876e-254,0,,185,100
321,3210,4010,7.124317110605794e-211,0,,183,100
322,3220,4020,1.832333039504461e-184,0,,183,100
323,3230,4030,3.1683280289601634e-217,0,,183,100
324,3240,4040,5.1555669343822865e-155,0,,186,100
325,3250,4050,3.2951995494549435e-164,0,,187,100
326,3260,4060,7.987607314347857e-121,0,,185,100
327,3270,4070,9.461858052365121e-119,0,,187,100
328,3280,4080,6.031201705701823e-141,0,,187,100
329,3290,4090,4.97071999880148e-127,0,,188,100
330,3300,4100,1.6273197538838404e-147,0,,187,100
331,3310,4110,3.395857633060176e-154,0,,190,100
332,3320,4120,2.4133475662461355e-135,0,,194,100
333,3330,4130,1.869249178769284e-152,0,,194,100
334,3340,4140,5.691820552807625e-148,0,,194,100
335,3350,4150,6.417455576554217e-150,0,,194,100
336,3360,4160,1.3705479619255888e-147,0,,192,100
337,3370,4170,3.2203447092131403e-205,0,,192,100
338,3380,4180,1.721688019480127e-148,0,,191,100
339,3390,4190,2.751575985945962e-153,0,,191,100
340,3400,4200,1.2354456693729352e-177,0,,192,100
341,3410,4210,4.6165747826353354e-231,0,,195,100
342,3420,4220,2.2373272155595713e-195,0,,194,100
343,3430,4230,1.1915715818910149e-224,0,,194,100
344,3440,4240,6.137985262483806e-153,0,,193,100
345,3450,4250,6.887248424309805e-148,0,,193,100
346,3460,4260,7.445788747892085e-144,0,,192,100
347,3470,4270,4.1194715167725343e-140,0,,192,100
348,3480,4280,6.812758775351825e-167,0,,192,100
349,3490,4290,3.757855417601206e-188,0,,193,100
350,3500,4300,3.833752320649335e-192,0,,194,100
351,3510,4310,4.650552860639206e-140,0,,194,100
352,3520,4320,1.8138491561522167e-152,0,,196,100
353,3530,4330,4.2872843901269544e-157,0,,195,100
354,3540,4340,3.657213559416652e-142,0,,195,100
355,3550,4350,1.8145311436356153e-165,0,,195,100
356,3560,4360,9.804363737486037e-177,0,,194,100
357,3570,4370,1.2421441741307143e-179,0,,193,100
358,3580,4380,1.6266257805350407e-213,0,,193,100
359,3590,4390,4.301551258188744e-180,0,,193,100
360,3600,4400,1.723971799367826e-186,0,,195,100
361,3610,4410,8.179594322749386e-180,0,,196,100
362,3620,4420,1.353903610536762e-149,0,,196,100
363,3630,4430,2.8439637761357696e-141,0,,197,100
364,3640,4440,6.803423749221805e-134,0,,196,100
365,3650,4450,2.6677642272215753e-121,0,,196,100
366,3660,4460,1.9700969127290184e-132,0,,197,100
367,3670,4470,3.471543606273683e-148,0,,194,100
368,3680,4480,3.643050531270695e-185,0,,194,100
369,3690,4490,3.089294890391183e-191,0,,195,100
370,3700,4500,1.0400506634610295e-184,0,,195,100
371,3710,4510,8.316001068125315e-151,0,,197,100
372,3720,4520,2.453767833904837e-140,0,,197,100
373,3730,4530,5.807553983806066e-141,0,,197,100
374,3740,4540,3.1626070225025766e-130,0,,194,100
375,3750,4550,4.793728981477172e-107,0,,195,100
376,3760,4560,4.675533937758623e-103,0,,193,100
377,3770,4570,4.839311821294239e-125,0,,193,100
378,3780,4580,1.8090380427623955e-101,0,,193,100
379,3790,4590,1.8110358605400917e-116,0,,192,100
380,3800,4600,5.901667328452493e-102,0,,194,100
381,3810,4610,8.506014640731305e-105,0,,194,100
382,3820,4620,9.907302828226183e-119,0,,192,100
383,3830,4630,1.434881382185717e-123,0,,192,100
384,3840,4640,4.3101515330328687e-162,0,,189,100
385,3850,4650,2.2428814980495308e-115,0,,188,100
386,3860,4660,4.1730315704542755e-169,0,,186,100
387,3870,4670,8.938332763448412e-115,0,,188,100
388,3880,4680,3.0725687363624794e-161,0,,190,100
389,3890,4690,2.5472819898274068e-126,0,,190,100
390,3900,4700,4.579951638721885e-120,0,,190,100
391,3910,4710,2.3318206806932443e-118,0,,189,100
392,3920,4720,2.061748868945891e-129,0,,190,100
393,3930,4730,6.962786289667451e-125,0,,192,100
394,3940,4740,1.4601338682948095e-154,0,,193,100
395,3950,4750,3.6297099942927026e-158,0,,192,100
396,3960,4760,1.062886031102232e-142,0,,192,100
397,3970,4770,1.7441406433286666e-168,0,,189,100
398,3980,4780,5.662166945628075e-161,0,,189,100
399,3990,4790,1.645912748518719e-182,0,,188,100
400,4000,4800,2.4877174153583537e-180,0,,190,100
401,4010,4810,3.2889867792103795e-172,0,,191,100
402,4020,4820,2.263264161319547e-196,0,,193,100
403,4030,4830,1.2050519740650243e-220,0,,192,100
404,4040,4840,7.027533556248705e-228,0,,189,100
405,4050,4850,2.5549831687752213e-238,0,,189,100
406,4060,4860,2.6119657145871535e-276,0,,189,100
407,4070,4870,1.184062777428802e-242,0,,188,100
408,4080,4880,9.1957051763225e-244,0,,189,100
409,4090,4890,1.383476693630774e-265,0,,188,100
410,4100,4900,2.1794990160219738e-251,0,,188,100
411,4110,4910,1.883562246602611e-177,0,,187,100
412,4120,4920,1.8774858482112755e-206,0,,184,100
413,4130,4930,1.856336245179839e-167,0,,184,100
414,4140,4940,3.760658752351475e-186,0,,184,100
415,4150,4950,5.712684439145021e-204,0,,184,100
416,4160,4960,2.7738793635684026e-180,0,,186,100
417,4170,4970,6.128546861055766e-194,0,,187,100
418,4180,4980,2.04958444359703e-225,0,,186,100
419,4190,4990,1.461247343103785e-174,0,,187,100
420,4200,5000,4.809228555208916e-193,0,,185,100
421,4210,5010,2.5659580504867274e-180,0,,183,100
422,4220,5020,4.9547849161587524e-186,0,,183,100
423,4230,5030,8.10570159242751e-192,0,,184,100
424,4240,5040,5.941748397549874e-185,0,,186,100
425,4250,5050,9.304365559988503e-194,0,,187,100
426,4260,5060,5.071472013698172e-231,0,,188,100
427,4270,5070,2.7112609073874094e-267,0,,188,100
428,4280,5080,7.653382017078079e-244,0,,187,100
429,4290,5090,1.526034101384414e-171,0,,187,100
430,4300,5100,4.150495800667713e-215,0,,186,100
431,4310,5110,3.3350360572437034e-221,0,,185,100
432,4320,5120,5.162374210167755e-299,0,,185,100
433,4330,5130,4.289393915980494e-263,0,,187,100
434,4340,5140,9.599742701836476e-238,0,,187,100
435,4350,5150,1.4651625468903689e-260,0,,189,100
436,4360,5160,7.373909157261526e-268,0,,190,100
437,4370,5170,1.653089159572266e-193,0,,190,100
438,4380,5180,3.562890018477921e-149,0,,189,100
439,4390,5190,6.60772851759727e-141,0,,189,100
440,4400,5200,4.103518720382482e-144,0,,188,100
441,4410,5210,2.937685366817601e-157,0,,189,100
442,4420,5220,2.9626348141399833e-145,0,,190,100
443,4430,5230,4.114083812337806e-162,0,,190,100
444,4440,5240,2.879371168704425e-169,0,,193,100
445,4450,5250,1.7948567477036278e-211,0,,191,100
446,4460,5260,5.877778877608987e-217,0,,192,100
447,4470,5270,1.3067933232435299e-198,0,,193,100
448,4480,5280,4.109011695657123e-173,0,,197,100
449,4490,5290,1.0885133795774865e-209,0,,200,100
450,4500,5300,3.709459281115629e-108,0,,197,100
451,4510,5310,9.413766443746462e-118,0,,195,100
452,4520,5320,1.3234965530629038e-130,0,,195,100
453,4530,5330,1.4058506690417437e-104,0,,196,100
454,4540,5340,2.2270395538648446e-116,0,,197,100
455,4550,5350,2.581126888765444e-134,0,,195,100
456,4560,5360,1.0106809272787763e-163,0,,197,100
457,4570,5370,1.8786252334588507e-175,0,,197,100
458,4580,5380,8.018808298165764e-160,0,,197,100
459,4590,5390,1.5651226191743929e-142,0,,199,100
460,4600,5400,8.000101643009975e-135,0,,198,100
461,4610,5410,3.0757175525762346e-139,0,,198,100
462,4620,5420,1.7884470219645426e-136,0,,199,100
463,4630,5430,7.04925080551938e-132,0,,204,100
464,4640,5440,5.162056225928371e-108,0,,204,100
465,4650,5450,4.59793056557678e-114,0,,204,100
466,4660,5460,7.284303026245464e-107,0,,205,100
467,4670,5470,1.1408068298356045e-131,0,,203,100
468,4680,5480,1.4036631858044852e-137,0,,201,100
469,4690,5490,1.069749314777899e-147,0,,202,100
470,4700,5500,1.7112289653984474e-141,0,,204,100
471,4710,5510,4.5613841742645447e-163,0,,202,100
472,4720,5520,3.807417416750887e-147,0,,203,100
473,4730,5530,1.495033152472722e-153,0,,203,100
474,4740,5540,7.250824501767707e-170,0,,203,100
475,4750,5550,3.035581077120973e-175,0,,202,100
476,4760,5560,6.953676616318332e-193,0,,203,100
477,4770,5570,3.0815211664735894e-242,0,,201,100
478,4780,5580,1.3583980151261394e-262,0,,201,100
479,4790,5590,1.6685165553287295e-231,0,,201,100
480,4800,5600,8.27490021611587e-225,0,,201,100
481,4810,5610,1.1304802257105748e-203,0,,197,100
482,4820,5620,5.695041296279625e-203,0,,197,100
483,4830,5630,2.3059133102039368e-175,0,,200,100
484,4840,5640,3.079227785025924e-205,0,,200,100
485,4850,5650,6.709445654001789e-230,0,,198,100
486,4860,5660,2.0572278854498296e-182,0,,198,100
487,4870,5670,1.2497922171479291e-158,0,,199,100
488,4880,5680,3.838569733746847e-175,0,,199,100
489,4890,5690,6.464454092395667e-153,0,,198,100
490,4900,5700,1.8853743988230778e-155,0,,200,100
491,4910,5710,1.98260003557223e-155,0,,198,100
492,4920,5720,2.0799012693657016e-167,0,,199,100
493,4930,5730,3.269571746969439e-186,0,,199,100
494,4940,5740,2.7233803434353698e-226,0,,199,100
495,4950,5750,6.425039296816968e-152,0,,197,100
496,4960,5760,8.862973026117835e-143,0,,198,100
497,4970,5770,2.3493361789033995e-111,0,,197,100
498,4980,5780,1.1773597640722157e-121,0,,197,100
499,4990,5790,5.365492897703733e-122,0,,196,100
500,5000,5800,2.9945520390576565e-156,0,,195,100
501,5010,5810,3.3916928719070574e-140,0,,195,100
502,5020,5820,2.774953541219821e-147,0,,197,100
503,5030,5830,8.748411367424828e-126,0,,195,100
504,5040,5840,2.2488641076115103e-142,0,,196,100
505,5050,5850,1.604474171761387e-129,0,,195,100
506,5060,5860,1.0666270735737045e-118,0,,196,100
507,5070,5870,2.1130379704823298e-132,0,,198,100
508,5080,5880,1.837422111959966e-112,0,,196,100
509,5090,5890,2.448674122577014e-106,0,,196,100
510,5100,5900,3.0304619361444727e-121,0,,194,100
511,5110,5910,2.3320629400626538e-132,0,,197,100
512,5120,5920,6.088322779870512e-143,0,,196,100
513,5130,5930,2.7291785634422204e-152,0,,195,100
514,5140,5940,2.442699151083804e-180,0,,196,100
515,5150,5950,1.8523078445863742e-163,0,,194,100
516,5160,5960,1.7256031393680135e-178,0,,195,100
517,5170,5970,2.617481130438878e-194,0,,195,100
518,5180,5980,4.9132490941211666e-160,0,,195,100
519,5190,5990,1.639625272829998e-157,0,,195,100
520,5200,6000,7.98625063412924e-198,0,,194,100
521,5210,6010,1.2982837834170292e-210,0,,193,100
522,5220,6020,1.2089038411599226e-216,0,,194,100
523,5230,6030,9.733558780035698e-189,0,,193,100
524,5240,6040,1.0441314102618039e-201,0,,192,100
525,5250,6050,1.9700454799656281e-227,0,,192,100
526,5260,6060,1.1707358988677657e-209,0,,191,100
527,5270,6070,5.601454700877718e-203,0,,192,100
528,5280,6080,6.443777846459738e-231,0,,187,100
529,5290,6090,1.2452152339745814e-194,0,,187,100
530,5300,6100,1.1602758312462716e-202,0,,189,100
531,5310,6110,4.1476860271508753e-165,0,,190,100
532,5320,6120,7.461519968015e-181,0,,187,100
533,5330,6130,1.706765104652782e-149,0,,188,100
534,5340,6140,6.493128812373515e-169,0,,188,100
535,5350,6150,1.1997048760349456e-146,0,,188,100
536,5360,6160,3.5128739463621633e-172,0,,187,100
537,5370,6170,6.565082254705182e-177,0,,188,100
538,5380,6180,3.1959263230570546e-179,0,,190,100
539,5390,6190,8.594687731057029e-176,0,,192,100
540,5400,6200,5.757236888523629e-194,0,,191,100
541,5410,6210,3.7786662217887086e-188,0,,192,100
542,5420,6220,2.3163420860473577e-206,0,,189,100
543,5430,6230,1.1234686047168385e-245,0,,186,100
544,5440,6240,6.842080889812805e-191,0,,185,100
545,5450,6250,5.690193471927394e-200,0,,186,100
546,5460,6260,4.306997900292045e-140,0,,186,100
547,5470,6270,1.0419831799260779e-166,0,,185,100
548,5480,6280,1.6073277505879277e-176,0,,186,100
549,5490,6290,4.8444876154830443e-107,0,,186,100
550,5500,6300,2.604313705738225e-119,0,,188,100
551,5510,6310,1.0311018793762938e-99,0,,186,100
552,5520,6320,1.8973900199604364e-79,0,,187,100
553,5530,6330,1.5946293796862654e-141,0,,186,100
554,5540,6340,3.519785170015314e-98,0,,186,100
555,5550,6350,2.7634125014294406e-118,0,,185,100
556,5560,6360,1.3177456887777393e-88,0,,184,100
557,5570,6370,1.075287130725512e-103,0,,188,100
558,5580,6380,2.1272608416804112e-113,0,,189,100
559,5590,6390,1.9263136996591025e-110,0,,190,100
560,5600,6400,3.979864269106062e-105,0,,192,100
561,5610,6410,1.4152698784380468e-87,0,,192,100
562,5620,6420,6.271911828518649e-99,0,,192,100
563,5630,6430,1.489184901016466e-108,0,,189,100
564,5640,6440,4.5809449649884445e-102,0,,192,100
565,5650,6450,2.1531489278827425e-113,0,,193,100
566,5660,6460,6.342294365138062e-125,0,,191,100
567,5670,6470,3.8229949026857546e-135,0,,192,100
568,5680,6480,3.6768723839666656e-127,0,,194,100
569,5690,6490,6.577751550450045e-141,0,,191,100
570,5700,6500,4.255207826610686e-170,0,,191,100
571,5710,6510,2.1018269184724713e-153,0,,190,100
572,5720,6520,9.750638082352797e-179,0,,191,100
573,5730,6530,4.4074747665300667e-160,0,,191,100
574,5740,6540,2.694097301069211e-169,0,,191,100
575,5750,6550,1.717618626902599e-187,0,,192,100
576,5760,6560,3.907520497466351e-187,0,,191,100
577,5770,6570,4.3833319260643016e-221,0,,190,100
578,5780,6580,8.891813587520847e-243,0,,190,100
579,5790,6590,1.0209824637831398e-207,0,,190,100
580,5800,6600,5.0283458915351074e-217,0,,192,100
581,5810,6610,9.707963372039803e-180,0,,192,100
582,5820,6620,5.814122427602553e-171,0,,193,100
583,5830,6630,1.5047344959328881e-158,0,,191,100
584,5840,6640,6.021624112344428e-170,0,,191,100
585,5850,6650,4.65548977603049e-180,0,,191,100
586,5860,6660,3.762078213190199e-218,0,,190,100
587,5870,6670,1.5757145160766294e-208,0,,191,100
588,5880,6680,1.8839704868980745e-208,0,,191,100
589,5890,6690,1.546619911309847e-219,0,,192,100
590,5900,6700,4.0026351994151246e-235,0,,191,100
591,5910,6710,6.788208793993569e-278,0,,193,100
592,5920,6720,1.0582874539572215e-277,0,,194,100
593,5930,6730,5.265908490651134e-240,0,,193,100
594,5940,6740,3.944386717500073e-236,0,,194,100
595,5950,6750,2.945751980137525e-212,0,,193,100
596,5960,6760,2.0514032441157035e-156,0,,193,100
597,5970,6770,1.3067890297438202e-166,0,,193,100
598,5980,6780,1.4195824669455332e-153,0,,194,100
599,5990,6790,1.3242602675046223e-201,0,,196,100
600,6000,6800,1.607604879058186e-173,0,,196,100
601,6010,6810,8.814824295885995e-200,0,,196,100
602,6020,6820,1.2442315428170255e-195,0,,196,100
603,6030,6830,1.2697769137903866e-126,0,,196,100
604,6040,6840,2.994728704365064e-116,0,,195,100
605,6050,6850,1.2165213269473702e-123,0,,195,100
606,6060,6860,3.407931477533628e-117,0,,194,100
607,6070,6870,7.40641699785283e-125,0,,193,100
608,6080,6880,3.6739347065010765e-136,0,,194,100
609,6090,6890,6.0617494318576035e-158,0,,197,100
610,6100,6900,5.142483955172993e-144,0,,195,100
611,6110,6910,5.790646466532195e-142,0,,195,100
612,6120,6920,5.743850002246761e-144,0,,197,100
613,6130,6930,7.881404292972146e-169,0,,196,100
614,6140,6940,9.45260986861863e-163,0,,196,100
615,6150,6950,2.418285088409799e-184,0,,195,100
616,6160,6960,2.0727691788146807e-199,0,,199,100
617,6170,6970,3.2320086757303954e-202,0,,199,100
618,6180,6980,1.808827302680224e-132,0,,197,100
619,6190,6990,2.692045998608559e-143,0,,197,100
620,6200,7000,4.118431874214872e-162,0,,199,100
621,6210,7010,3.6789883081108097e-113,0,,199,100
622,6220,7020,6.126094989292681e-124,0,,200,100
623,6230,7030,4.593981902141887e-109,0,,200,100
624,6240,7040,1.404014309845469e-103,0,,199,100
625,6250,7050,9.353689740005532e-102,0,,199,100
626,6260,7060,2.764294522605175e-187,0,,200,100
627,6270,7070,1.5319679871406989e-137,0,,199,100
628,6280,7080,3.0483288188926096e-106,0,,200,100
629,6290,7090,4.2952075806420685e-145,0,,200,100
630,6300,7100,1.6441545992354972e-150,0,,199,100
631,6310,7110,6.428542889972336e-101,0,,201,100
632,6320,7120,9.370199219779216e-138,0,,202,100
633,6330,7130,5.774150975621158e-149,0,,203,100
634,6340,7140,2.340195133412259e-110,0,,205,100
635,6350,7150,6.218497564514184e-93,0,,204,100
636,6360,7160,1.5423033681633704e-98,0,,205,100
637,6370,7170,3.6604228943402995e-108,0,,202,100
638,6380,7180,1.8265968233890252e-129,0,,201,100
639,6390,7190,1.0173324889918332e-163,0,,198,100
640,6400,7200,8.06017445304718e-161,0,,199,100
641,6410,7210,9.127911195491498e-184,0,,199,100
642,6420,7220,1.5405465151980355e-192,0,,199,100
643,6430,7230,7.727299319035225e-220,0,,199,100
644,6440,7240,3.618263665981326e-235,0,,198,100
645,6450,7250,1.8532431920590881e-252,0,,197,100
646,6460,7260,1.9906716793704065e-282,0,,198,100
647,6470,7270,7.270011458664233e-209,0,,197,100
648,6480,7280,1.2152898658088367e-219,0,,200,100
649,6490,7290,8.42366421373069e-216,0,,199,100
650,6500,7300,9.99809059512138e-209,0,,199,100
651,6510,7310,3.1945543935536756e-217,0,,199,100
652,6520,7320,1.4231719027891787e-231,0,,200,100
653,6530,7330,8.932602750927264e-260,0,,198,100
654,6540,7340,2.5025661187226676e-231,0,,198,100
655,6550,7350,3.306600286175489e-196,0,,199,100
656,6560,7360,1.861425926482938e-206,0,,199,100
657,6570,7370,9.743358452079879e-180,0,,199,100
658,6580,7380,4.4394316144965234e-176,0,,200,100
659,6590,7390,2.3084524913730507e-180,0,,201,100
660,6600,7400,4.157953255308052e-162,0,,200,100
661,6610,7410,2.752993188324984e-153,0,,200,100
662,6620,7420,1.7709632106400116e-119,0,,201,100
663,6630,7430,1.19857921958874e-131,0,,201,100
664,6640,7440,3.0434391528769485e-109,0,,202,100
665,6650,7450,1.5762009559144618e-102,0,,200,100
666,6660,7460,1.8909752460810343e-96,0,,198,100
667,6670,7470,3.191464753560572e-98,0,,200,100
668,6680,7480,2.9109267408758923e-96,0,,200,100
669,6690,7490,6.9369718360949844e-105,0,,201,100
670,6700,7500,2.559693231250888e-108,0,,201,100
671,6710,7510,4.619906584486013e-115,0,,199,100
672,6720,7520,2.360294077797591e-72,0,,198,100
673,6730,7530,1.1665253386878328e-69,0,,196,100
674,6740,7540,2.778678049366186e-71,0,,200,100
675,6750,7550,3.935544938034238e-73,0,,204,100
676,6760,7560,9.571577156259301e-70,0,,204,100
677,6770,7570,6.462966261817996e-89,0,,203,100
678,6780,7580,1.737160872205563e-94,0,,204,100
679,6790,7590,9.084982295119846e-146,0,,202,100
680,6800,7600,5.390200311105035e-147,0,,202,100
681,6810,7610,2.616691948589251e-116,0,,202,100
682,6820,7620,2.020651588186275e-139,0,,201,100
683,6830,7630,9.036597095182443e-146,0,,203,100
684,6840,7640,3.1847946274930135e-145,0,,203,100
685,6850,7650,4.446457060840667e-136,0,,203,100
686,6860,7660,1.1930916230926499e-191,0,,204,100
687,6870,7670,8.498286312582103e-155,0,,205,100
688,6880,7680,2.838448126931042e-147,0,,206,100
689,6890,7690,3.279269024034193e-151,0,,201,100
690,6900,7700,5.892255021178663e-151,0,,201,100
691,6910,7710,3.150238041992036e-151,0,,201,100
692,6920,7720,1.0136095969930887e-151,0,,199,100
693,6930,7730,1.6571366500128827e-171,0,,199,100
694,6940,7740,2.084734577193016e-176,0,,200,100
695,6950,7750,3.6688424549906573e-165,0,,201,100
696,6960,7760,1.143163399529027e-185,0,,195,100
697,6970,7770,4.872733756412319e-198,0,,194,100
698,6980,7780,1.842310930454633e-206,0,,194,100
699,6990,7790,3.663874130729387e-222,0,,192,100
700,7000,7800,9.41469992344071e-178,0,,192,100
701,7010,7810,1.6120855282046583e-199,0,,196,100
702,7020,7820,5.117056119814111e-198,0,,198,100
703,7030,7830,1.2503396454458705e-188,0,,199,100
704,7040,7840,1.6140382601335473e-163,0,,198,100
705,7050,7850,1.6607417648423882e-167,0,,200,100
706,7060,7860,2.397973040606857e-177,0,,199,100
707,7070,7870,3.9172951217634994e-178,0,,200,100
708,7080,7880,2.1552344779408164e-192,0,,199,100
709,7090,7890,2.9012694113927036e-200,0,,200,100
710,7100,7900,7.77116138644432e-128,0,,199,100
711,7110,7910,9.41435107627462e-140,0,,198,100
712,7120,7920,1.464606233798693e-127,0,,196,100
713,7130,7930,4.249095886647888e-133,0,,196,100
714,7140,7940,4.301724254138001e-158,0,,195,100
715,7150,7950,5.299864435234256e-109,0,,195,100
716,7160,7960,7.905718748832497e-127,0,,194,100
717,7170,7970,7.228992892578115e-145,0,,197,100
718,7180,7980,4.590296732198491e-137,0,,199,100
719,7190,7990,2.0541748286004063e-146,0,,201,100
720,7200,8000,2.6047352010708765e-126,0,,201,100
721,7210,8010,1.0912677140940888e-114,0,,201,100
722,7220,8020,1.4795069592410117e-181,0,,201,100
723,7230,8030,1.50738080866792e-163,0,,201,100
724,7240,8040,5.5532435756556874e-148,0,,202,100
725,7250,8050,5.684217294794062e-101,0,,203,100
726,7260,8060,5.4091414705338796e-117,0,,203,100
727,7270,8070,1.8336111978650457e-133,0,,201,100
728,7280,8080,1.05508879514494e-155,0,,200,100
729,7290,8090,5.198914557982003e-157,0,,200,100
730,7300,8100,5.399150000605378e-179,0,,201,100
731,7310,8110,2.5288071405677075e-175,0,,202,100
732,7320,8120,4.4661606355948923e-153,0,,200,100
733,7330,8130,9.473754388402297e-140,0,,202,100
734,7340,8140,3.6399753596912805e-157,0,,201,100
735,7350,8150,1.1269226603263682e-158,0,,200,100
736,7360,8160,2.2862095177387342e-154,0,,201,100
737,7370,8170,4.366123847368602e-181,0,,200,100
738,7380,8180,1.6571491406544758e-210,0,,198,100
739,7390,8190,1.49433691740751e-215,0,,198,100
740,7400,8200,6.256003484777218e-190,0,,197,100
741,7410,8210,4.585228835149754e-196,0,,198,100
742,7420,8220,9.488840006618521e-189,0,,198,100
743,7430,8230,3.933543606610049e-125,0,,196,100
744,7440,8240,5.446908134899942e-130,0,,196,100
745,7450,8250,3.7147300228797176e-141,0,,195,100
746,7460,8260,2.2251916317359984e-123,0,,196,100
747,7470,8270,1.6174414912836824e-88,0,,194,100
748,7480,8280,1.6302689799737946e-110,0,,193,100
749,7490,8290,4.110047160809338e-127,0,,193,100
750,7500,8300,2.484071037512908e-150,0,,192,100
751,7510,8310,6.434476221029344e-137,0,,192,100
752,7520,8320,5.3198845020719064e-129,0,,192,100
753,7530,8330,2.7004630155342227e-147,0,,192,100
754,7540,8340,1.8817104563888063e-240,0,,187,100
755,7550,8350,1.9443400595501547e-202,0,,187,100
756,7560,8360,1.0688281173018753e-230,0,,183,100
757,7570,8370,7.70461732705566e-216,0,,183,100
758,7580,8380,2.0737456522736665e-242,0,,182,100
759,7590,8390,5.971524729726846e-224,0,,182,100
760,7600,8400,9.903372097222391e-219,0,,178,100
761,7610,8410,2.626146314841356e-236,0,,179,100
762,7620,8420,1.3927308531641939e-232,0,,178,100
763,7630,8430,9.216902062910215e-223,0,,177,100
764,7640,8440,2.2341003295771383e-183,0,,177,100
765,7650,8450,4.992705867368015e-183,0,,178,100
766,7660,8460,5.507768189978603e-193,0,,176,100
767,7670,8470,6.502195264082883e-205,0,,175,100
768,7680,8480,1.278123840524049e-156,0,,174,100
769,7690,8490,1.4933638508593046e-163,0,,173,100
770,7700,8500,3.691193525676651e-157,0,,174,100
771,7710,8510,3.33651621157368e-166,0,,175,100
772,7720,8520,8.906948971658731e-165,0,,174,100
773,7730,8530,1.839327192935098e-135,0,,173,100
774,7740,8540,3.922220378302508e-130,0,,175,100
775,7750,8550,1.5128583271785236e-125,0,,178,100
776,7760,8560,1.5803737640269827e-100,0,,178,100
777,7770,8570,3.1824443101014983e-106,0,,178,100
778,7780,8580,2.4971973808390726e-108,0,,181,100
779,7790,8590,1.1019018435729625e-122,0,,181,100
780,7800,8600,6.524442412269235e-126,0,,180,100
781,7810,8610,3.4498849934838543e-128,0,,177,100
782,7820,8620,7.502375367668579e-133,0,,176,100
783,7830,8630,1.4713326008033108e-161,0,,175,100
784,7840,8640,1.9292603251262743e-210,0,,175,100
785,7850,8650,1.7523685409175701e-212,0,,175,100
786,7860,8660,1.3221671087226463e-211,0,,177,100
787,7870,8670,1.0328291310630806e-184,0,,179,100
788,7880,8680,2.023589885287486e-189,0,,180,100
789,7890,8690,7.407485159622924e-158,0,,178,100
790,7900,8700,8.184332409080038e-140,0,,181,100
791,7910,8710,2.8526961624763744e-167,0,,182,100
792,7920,8720,2.7173561495729894e-171,0,,183,100
793,7930,8730,3.1584895431526925e-167,0,,184,100
794,7940,8740,2.2465522223819806e-167,0,,185,100
795,7950,8750,3.0408977273453664e-125,0,,186,100
796,7960,8760,1.741343849598887e-123,0,,185,100
797,7970,8770,1.031494263259988e-131,0,,182,100
798,7980,8780,7.36211900702845e-112,0,,180,100
799,7990,8790,1.0455811313781683e-91,0,,179,100
800,8000,8800,5.204754816573616e-90,0,,181,100
801,8010,8810,5.186188532456164e-78,0,,180,100
802,8020,8820,1.4067456918816507e-90,0,,182,100
803,8030,8830,8.679850234558554e-85,0,,181,100
804,8040,8840,2.5004124389808653e-81,0,,179,100
805,8050,8850,6.516853231416441e-86,0,,179,100
806,8060,8860,5.305863659136173e-93,0,,180,100
807,8070,8870,2.458914253203825e-139,0,,180,100
808,8080,8880,1.0877843529436344e-128,0,,179,100
809,8090,8890,8.916362313680342e-142,0,,180,100
810,8100,8900,2.273995559107482e-171,0,,181,100
811,8110,8910,8.526147879681492e-138,0,,181,100
812,8120,8920,2.9423358066136656e-156,0,,181,100
813,8130,8930,9.84528591018318e-213,0,,179,100
814,8140,8940,1.9227540158836676e-286,0,,180,100
815,8150,8950,3.333205215792081e-275,0,,179,100
816,8160,8960,3.860605256e-315,0,,181,100
817,8170,8970,8.1600532113357e-311,0,,179,100
818,8180,8980,2.84369868547e-312,0,,180,100
819,8190,8990,0.0,0,,180,100
820,8200,9000,0.0,0,,177,100
821,8210,9010,4.822474965607417e-302,0,,178,100
822,8220,9020,0.0,0,,179,100
823,8230,9030,1.0203829933e-313,0,,181,100
824,8240,9040,1.2059705631564323e-253,0,,179,100
825,8250,9050,8.780410777539625e-205,0,,182,100
826,8260,9060,9.425632676851924e-149,0,,184,100
827,8270,9070,7.262881159027169e-128,0,,183,100
828,8280,9080,9.416417251060589e-121,0,,183,100
829,8290,9090,1.8483648865523663e-125,0,,184,100
830,8300,9100,8.620313893150425e-175,0,,188,100
831,8310,9110,8.495652669492172e-106,0,,188,100
832,8320,9120,1.4264140681746026e-137,0,,188,100
833,8330,9130,1.0241809256311717e-123,0,,189,100
834,8340,9140,1.4384096370310444e-104,0,,189,100
835,8350,9150,1.7751387382751866e-106,0,,191,100
836,8360,9160,4.564199890807356e-93,0,,190,100
837,8370,9170,1.1906376537000373e-97,0,,191,100
838,8380,9180,1.1966898953785856e-88,0,,191,100
839,8390,9190,8.219440354286132e-92,0,,192,100
840,8400,9200,7.54044414465912e-102,0,,193,100
841,8410,9210,9.232182176835283e-89,0,,193,100
842,8420,9220,4.9522249378256816e-88,0,,194,100
843,8430,9230,1.1542071815160251e-76,0,,195,100
844,8440,9240,1.2611740142911737e-90,0,,195,100
845,8450,9250,6.326634277801519e-105,0,,194,100
846,8460,9260,1.1166154427032981e-89,0,,197,100
847,8470,9270,4.5058830155129075e-87,0,,197,100
848,8480,9280,2.2544653555861753e-101,0,,197,100
849,8490,9290,6.169179335815311e-98,0,,202,100
850,8500,9300,9.622772117135707e-112,0,,203,100
851,8510,9310,6.18864961022827e-118,0,,202,100
852,8520,9320,3.9016964521804424e-126,0,,203,100
853,8530,9330,6.733515181827076e-147,0,,203,100
854,8540,9340,6.12107889413455e-176,0,,199,100
855,8550,9350,3.591685798478984e-196,0,,201,100
856,8560,9360,1.732005977863211e-219,0,,201,100
857,8570,9370,7.268710136996648e-183,0,,201,100
858,8580,9380,3.918822180023927e-214,0,,202,100
859,8590,9390,1.2076833587370706e-215,0,,201,100
860,8600,9400,3.421196515493283e-217,0,,200,100
861,8610,9410,1.0769799040148716e-192,0,,201,100
862,8620,9420,2.419052933953935e-143,0,,199,100
863,8630,9430,2.9570180276340147e-164,0,,198,100
864,8640,9440,1.3157245363726587e-172,0,,201,100
865,8650,9450,9.19028302582026e-179,0,,204,100
866,8660,9460,4.305064292082951e-202,0,,200,100
867,8670,9470,7.282505806387605e-188,0,,200,100
868,8680,9480,1.6026293277673738e-218,0,,198,100
869,8690,9490,1.13878852646715e-217,0,,199,100
870,8700,9500,6.846326285555978e-230,0,,196,100
871,8710,9510,4.409645852916023e-259,0,,197,100
872,8720,9520,9.43088549653085e-262,0,,199,100
873,8730,9530,7.094187162539375e-190,0,,197,100
874,8740,9540,3.52617252394775e-209,0,,199,100
875,8750,9550,5.9626682624198356e-238,0,,200,100
876,8760,9560,1.733861510915615e-165,0,,199,100
877,8770,9570,1.6473462075177387e-179,0,,199,100
878,8780,9580,3.2208269199737454e-166,0,,200,100
879,8790,9590,4.828820775242328e-185,0,,199,100
880,8800,9600,2.0506786928811888e-190,0,,198,100
881,8810,9610,6.357936715046066e-202,0,,197,100
882,8820,9620,3.389601556968814e-221,0,,198,100
883,8830,9630,5.171480777912464e-243,0,,199,100
884,8840,9640,5.983759008876866e-205,0,,201,100
885,8850,9650,1.7076246552628134e-217,0,,201,100
886,8860,9660,1.9828835265264786e-227,0,,201,100
887,8870,9670,5.754172005759081e-246,0,,205,100
888,8880,9680,4.783245150036984e-241,0,,206,100
889,8890,9690,3.496680070935793e-226,0,,206,100
890,8900,9700,1.4834601845421329e-248,0,,208,100
891,8910,9710,9.627894218167798e-208,0,,210,100
892,8920,9720,1.0157960390262766e-189,0,,211,100
893,8930,9730,2.4062014538031254e-139,0,,212,100
894,8940,9740,2.835342191194734e-107,0,,210,100
895,8950,9750,1.0215670123040374e-153,0,,212,100
896,8960,9760,3.720513634851132e-100,0,,211,100
897,8970,9770,2.1689060489707474e-126,0,,212,100
898,8980,9780,1.9045231318366572e-101,0,,213,100
899,8990,9790,8.006885184431143e-95,0,,213,100
900,9000,9800,2.0388709605151978e-109,0,,213,100
901,9010,9810,2.1181277966385973e-114,0,,216,100
902,9020,9820,7.311710346679407e-104,0,,215,100
903,9030,9830,1.1998605360713675e-91,0,,215,100
904,9040,9840,7.23050175867057e-91,0,,220,100
905,9050,9850,1.3923774212347963e-119,0,,220,100
906,9060,9860,2.0735845384005473e-88,0,,218,100
907,9070,9870,5.085439304789862e-108,0,,219,100
908,9080,9880,2.248900254743431e-93,0,,221,100
909,9090,9890,1.2086194814012275e-117,0,,217,100
910,9100,9900,2.9774011417195025e-161,0,,214,100
911,9110,9910,1.580004032045098e-176,0,,215,100
912,9120,9920,2.326976779811879e-187,0,,215,100
913,9130,9930,8.732525953980834e-143,0,,216,100
914,9140,9940,1.1656046595408972e-161,0,,220,100
915,9150,9950,5.805315317387921e-192,0,,221,100
916,9160,9960,3.726407999960227e-213,0,,222,100
917,9170,9970,7.485536006273466e-148,0,,219,100
918,9180,9980,4.6467703816262476e-166,0,,222,100
919,9190,9990,2.8193853374382784e-185,0,,222,100
920,9200,10000,4.197123645403046e-181,0,,222,100
921,9210,10010,3.6059026389959593e-262,0,,221,100
922,9220,10020,6.010011615175701e-236,0,,220,100
923,9230,10030,8.94535345711268e-240,0,,221,100
924,9240,10040,1.7059853514093505e-295,0,,220,100
925,9250,10050,1.0904453998139122e-187,0,,221,100
926,9260,10060,1.8299971784156185e-141,0,,223,100
927,9270,10070,1.651968487301074e-145,0,,223,100
928,9280,10080,1.6989272316160763e-121,0,,222,100
929,9290,10090,3.2926503680449406e-114,0,,218,100
930,9300,10100,6.772041096213976e-173,0,,219,100
931,9310,10110,2.406857177282294e-190,0,,220,100
932,9320,10120,5.813309105591089e-155,0,,219,100
933,9330,10130,3.0509803113829295e-161,0,,222,100
934,9340,10140,7.075429903067863e-158,0,,222,100
935,9350,10150,1.3688817227157692e-167,0,,222,100
936,9360,10160,9.276770027985423e-272,0,,220,100
937,9370,10170,3.769602359440478e-168,0,,219,100
938,9380,10180,5.890494295016933e-167,0,,220,100
939,9390,10190,2.7708518699852827e-182,0,,225,100
940,9400,10200,6.75824426692585e-158,0,,222,100
941,9410,10210,2.236631996818248e-170,0,,224,100
942,9420,10220,4.6465855862369004e-91,0,,226,100
943,9430,10230,5.5323903549410146e-92,0,,228,100
944,9440,10240,5.445123161914255e-122,0,,228,100
945,9450,10250,7.777493709366754e-128,0,,227,100
946,9460,10260,9.722005568774435e-143,0,,227,100
947,9470,10270,1.3170344880166655e-130,0,,227,100
948,9480,10280,6.553574307494081e-138,0,,231,100
949,9490,10290,3.0992159099323264e-121,0,,233,100
950,9500,10300,2.710889450394256e-123,0,,233,100
951,9510,10310,5.126095565208885e-103,0,,234,100
952,9520,10320,5.668320172081212e-75,0,,231,100
953,9530,10330,8.230976791731832e-82,0,,236,100
954,9540,10340,1.2394027380091725e-78,0,,234,100
955,9550,10350,1.2474322020349564e-76,0,,236,100
956,9560,10360,2.3567535606808524e-83,0,,238,100
957,9570,10370,5.399738691651824e-62,0,,238,100
958,9580,10380,4.238207766261888e-86,0,,237,100
959,9590,10390,1.7480841413279371e-68,0,,239,100
960,9600,10400,2.700768975034639e-64,0,,240,100
961,9610,10410,1.166165632068927e-69,0,,243,100
962,9620,10420,2.1010611897701728e-88,0,,243,100
963,9630,10430,2.530997628329461e-61,0,,242,100
964,9640,10440,8.855605870481824e-66,0,,239,100
965,9650,10450,2.813450490975308e-48,0,,238,100
966,9660,10460,1.2700182067260171e-59,0,,237,100
967,9670,10470,1.569239000220723e-81,0,,232,100
968,9680,10480,5.867846578668656e-82,0,,237,100
969,9690,10490,2.029207646297164e-83,0,,237,100
970,9700,10500,1.899636176692655e-97,0,,236,100
971,9710,10510,1.792615558784397e-111,0,,236,100
972,9720,10520,1.2350310391000448e-132,0,,233,100
973,9730,10530,2.0826676454216116e-122,0,,236,100
974,9740,10540,1.2180151866489282e-151,0,,236,100
975,9750,10550,5.161425020858768e-154,0,,235,100
976,9760,10560,8.901603132808072e-152,0,,234,100
977,9770,10570,1.8116350412788988e-150,0,,236,100
978,9780,10580,7.718078277839762e-190,0,,236,100
979,9790,10590,1.391258160337541e-165,0,,236,100
980,9800,10600,6.95414014966079e-205,0,,236,100
981,9810,10610,2.3717207238947672e-179,0,,234,100
982,9820,10620,7.07415693636028e-181,0,,233,100
983,9830,10630,1.2312414283518295e-182,0,,235,100
984,9840,10640,1.3048946701738464e-146,0,,231,100
985,9850,10650,1.975981967273711e-99,0,,230,100
986,9860,10660,1.6882418613829143e-76,0,,231,100
987,9870,10670,3.61930619259863e-104,0,,231,100
988,9880,10680,1.2433452383450118e-85,0,,230,100
989,9890,10690,3.343215362434903e-94,0,,230,100
990,9900,10700,2.549188782251919e-74,0,,231,100
991,9910,10710,2.204215523779828e-82,0,,233,100
992,9920,10720,1.2637596251817418e-94,0,,231,100
993,9930,10730,7.364644865245794e-91,0,,227,100
994,9940,10740,5.0159936893750335e-80,0,,226,100
995,9950,10750,6.209694650568757e-67,0,,225,100
996,9960,10760,1.4209679386506411e-72,0,,225,100
997,9970,10770,2.5818509418114858e-80,0,,225,100
998,9980,10780,1.5521417617481658e-81,0,,225,100
999,9990,10790,1.4475307885108814e-84,0,,223,100
1000,10000,10800,4.2825728168191433e-78,0,,225,100
1001,10010,10810,1.398345965233943e-86,0,,226,100
1002,10020,10820,1.0271475914849952e-81,0,,227,100
1003,10030,10830,3.049692113934444e-86,0,,224,100
1004,10040,10840,3.369424944791993e-76,0,,225,100
1005,10050,10850,3.0042252747868644e-125,0,,226,100
1006,10060,10860,7.234709248540997e-92,0,,227,100
1007,10070,10870,7.354776123095927e-99,0,,226,100
1008,10080,10880,3.46145403115411e-84,0,,226,100
1009,10090,10890,1.9662722661301948e-80,0,,229,100
1010,10100,10900,1.1712812962785004e-70,0,,229,100
1011,10110,10910,2.2389683603839544e-74,0,,230,100
1012,10120,10920,2.5960330107186563e-118,0,,231,100
1013,10130,10930,1.0697573796590771e-108,0,,231,100
1014,10140,10940,1.1420049100176259e-153,0,,230,100
1015,10150,10950,9.660509852785323e-124,0,,229,100
1016,10160,10960,6.747981042554806e-126,0,,231,100
1017,10170,10970,8.293365312857682e-100,0,,230,100
1018,10180,10980,6.891206548003245e-99,0,,229,100
1019,10190,10990,1.644386879604085e-88,0,,227,100
1020,10200,11000,4.2430584626848366e-82,0,,227,100
1021,10210,11010,2.1483898797651924e-77,0,,228,100
1022,10220,11020,1.0360807602389623e-81,0,,226,100
1023,10230,11030,2.4467247777233018e-73,0,,222,100
1024,10240,11040,1.013085491421602e-101,0,,220,100
1025,10250,11050,3.0482977336109433e-71,0,,220,100
1026,10260,11060,5.625228084703914e-86,0,,219,100
1027,10270,11070,2.2665385435832616e-102,0,,217,100
1028,10280,11080,2.3702640133666095e-72,0,,215,100
1029,10290,11090,8.516387994510261e-76,0,,212,100
1030,10300,11100,8.299501289145886e-80,0,,212,100
1031,10310,11110,1.378053590499879e-82,0,,211,100
1032,10320,11120,1.8665971799583497e-71,0,,209,100
1033,10330,11130,1.82634655772542e-78,0,,207,100
1034,10340,11140,5.726631757750024e-87,0,,206,100
1035,10350,11150,5.4675905020738e-114,0,,203,100
1036,10360,11160,6.84966404749809e-118,0,,205,100
1037,10370,11170,9.832062775885957e-127,0,,208,100
1038,10380,11180,5.611917908597918e-116,0,,206,100
1039,10390,11190,1.5489744358674254e-135,0,,205,100
1040,10400,11200,4.1452427972411376e-147,0,,206,100
1041,10410,11210,1.252721087917188e-193,0,,203,100
1042,10420,11220,2.689606357345954e-165,0,,203,100
1043,10430,11230,1.9355042206121095e-201,0,,202,100
1044,10440,11240,1.7032969012936824e-203,0,,202,100
1045,10450,11250,3.170477357760061e-247,0,,203,100
1046,10460,11260,7.639720977453416e-278,0,,204,100
1047,10470,11270,1.6556090327127738e-187,0,,204,100
1048,10480,11280,1.6017003746113594e-184,0,,201,100
1049,10490,11290,5.265313657965592e-190,0,,200,100
1050,10500,11300,2.6614232440511294e-200,0,,199,100
1051,10510,11310,8.232849617162169e-197,0,,201,100
1052,10520,11320,2.1553326651645038e-208,0,,198,100
1053,10530,11330,1.8258138630043239e-149,0,,198,100
1054,10540,11340,8.684840789511145e-161,0,,197,100
1055,10550,11350,6.353410083425676e-173,0,,198,100
1056,10560,11360,3.7060639284171016e-178,0,,200,100
1057,10570,11370,2.199896418032013e-185,0,,199,100
1058,10580,11380,7.320341412408895e-215,0,,199,100
1059,10590,11390,7.386711845825126e-175,0,,200,100
1060,10600,11400,7.289805837138727e-129,0,,200,100
1061,10610,11410,8.388530293481931e-117,0,,203,100
1062,10620,11420,3.462607854913005e-145,0,,202,100
1063,10630,11430,1.09956189711391e-169,0,,203,100
1064,10640,11440,3.709794303511699e-169,0,,205,100
1065,10650,11450,9.625833220383154e-216,0,,204,100
1066,10660,11460,2.572523907830974e-130,0,,204,100
1067,10670,11470,1.0463533851999884e-122,0,,203,100
1068,10680,11480,4.073511397610251e-104,0,,204,100
1069,10690,11490,8.904116569943388e-111,0,,205,100
1070,10700,11500,1.2782930593817568e-101,0,,203,100
1071,10710,11510,6.947785341705884e-126,0,,204,100
1072,10720,11520,5.107776212113663e-113,0,,204,100
1073,10730,11530,1.0765189092847429e-94,0,,202,100
1074,10740,11540,4.351911403962353e-65,0,,203,100
1075,10750,11550,3.0791125380095894e-76,0,,203,100
1076,10760,11560,4.086491444855155e-75,0,,204,100
1077,10770,11570,2.0041724072580546e-77,0,,204,100
1078,10780,11580,7.90442966741223e-83,0,,202,100
1079,10790,11590,4.415080102046719e-96,0,,202,100
1080,10800,11600,1.5541099074602674e-114,0,,201,100
1081,10810,11610,1.7356973642028473e-130,0,,202,100
1082,10820,11620,6.90112836416805e-138,0,,203,100
1083,10830,11630,1.9213865920743753e-159,0,,203,100
1084,10840,11640,5.312481137711756e-109,0,,202,100
1085,10850,11650,2.1619723793056475e-91,0,,201,100
1086,10860,11660,6.273311724003764e-110,0,,202,100
1087,10870,11670,1.744763636919606e-126,0,,203,100
1088,10880,11680,3.7348485858779615e-130,0,,204,100
1089,10890,11690,4.60988375175496e-101,0,,200,100
1090,10900,11700,3.173768924669965e-115,0,,199,100
1091,10910,11710,1.1980578602359723e-188,0,,199,100
1092,10920,11720,2.2494110504593696e-180,0,,196,100
1093,10930,11730,9.788355731581164e-197,0,,196,100
1094,10940,11740,8.923214318950342e-185,0,,198,100
1095,10950,11750,6.859214398268384e-231,0,,199,100
1096,10960,11760,5.315583691556377e-202,0,,197,100
1097,10970,11770,1.7907160163432112e-170,0,,198,100
1098,10980,11780,1.4179403448747402e-191,0,,197,100
1099,10990,11790,9.520707861473056e-196,0,,198,100
1100,11000,11800,8.51509151461559e-224,0,,195,100
1101,11010,11810,1.011554107359756e-186,0,,194,100
1102,11020,11820,7.782848523648933e-202,0,,195,100
1103,11030,11830,2.150090440640639e-210,0,,200,100
1104,11040,11840,1.2849781616787585e-105,0,,200,100
1105,11050,11850,4.124494201668205e-108,0,,201,100
1106,11060,11860,1.7193659336134273e-118,0,,200,100
1107,11070,11870,1.7889552903094408e-119,0,,200,100
1108,11080,11880,1.6301752740700436e-129,0,,200,100
1109,11090,11890,1.3893932014554566e-140,0,,198,100
1110,11100,11900,3.7540933425468e-134,0,,198,100
1111,11110,11910,1.714743777163015e-142,0,,197,100
1112,11120,11920,9.033510131755936e-148,0,,198,100
1113,11130,11930,2.1169228462138144e-151,0,,197,100
1114,11140,11940,8.53010476522178e-142,0,,199,100
1115,11150,11950,1.606124799481798e-128,0,,197,100
1116,11160,11960,9.097869887030737e-157,0,,196,100
1117,11170,11970,3.0984570870633966e-149,0,,195,100
1118,11180,11980,7.203778310300848e-108,0,,196,100
1119,11190,11990,1.3884456016662456e-107,0,,197,100
1120,11200,12000,2.8373631290208865e-126,0,,196,100
1121,11210,12010,5.126078441343137e-111,0,,195,100
1122,11220,12020,6.761327590740024e-105,0,,197,100
1123,11230,12030,1.4911452461038502e-122,0,,197,100
1124,11240,12040,8.010383294687093e-157,0,,197,100
1125,11250,12050,6.410630796126132e-192,0,,197,100
1126,11260,12060,3.721273095807766e-137,0,,197,100
1127,11270,12070,3.0841890507807207e-143,0,,197,100
1128,11280,12080,3.1486501077682865e-116,0,,197,100
1129,11290,12090,1.973562085019066e-158,0,,197,100
1130,11300,12100,1.4932361224924492e-158,0,,198,100
1131,11310,12110,1.346766998115254e-140,0,,199,100
1132,11320,12120,6.185333754093131e-162,0,,199,100
1133,11330,12130,2.83380846985976e-135,0,,199,100
1134,11340,12140,7.058717868612827e-157,0,,199,100
1135,11350,12150,1.2609690038385832e-183,0,,197,100
1136,11360,12160,4.81455199714205e-185,0,,198,100
1137,11370,12170,7.805105985635805e-233,0,,197,100
1138,11380,12180,4.6036925091738725e-219,0,,196,100
1139,11390,12190,3.892377450002024e-204,0,,197,100
1140,11400,12200,4.0614688331367846e-268,0,,195,100
1141,11410,12210,3.3541289506955016e-202,0,,195,100
1142,11420,12220,3.2478157686094807e-184,0,,195,100
1143,11430,12230,4.1811733215434656e-173,0,,190,100
1144,11440,12240,1.2214407121495926e-173,0,,190,100
1145,11450,12250,2.556966203351173e-189,0,,189,100
1146,11460,12260,1.4155931837515277e-154,0,,190,100
1147,11470,12270,7.773304155304724e-161,0,,190,100
1148,11480,12280,1.2267013595280988e-160,0,,191,100
1149,11490,12290,2.2244781724248473e-181,0,,191,100
1150,11500,12300,2.7153936973934248e-136,0,,191,100
1151,11510,12310,2.1078682832370844e-152,0,,195,100
1152,11520,12320,1.2794772582242051e-142,0,,194,100
1153,11530,12330,1.2969414946860205e-153,0,,196,100
1154,11540,12340,4.227702982084439e-127,0,,195,100
1155,11550,12350,5.498693681394009e-155,0,,194,100
1156,11560,12360,9.248863557087524e-122,0,,193,100
1157,11570,12370,1.9187303794220698e-130,0,,194,100
1158,11580,12380,2.2004120480641653e-121,0,,193,100
1159,11590,12390,4.114710886063897e-109,0,,193,100
1160,11600,12400,3.608305403892735e-111,0,,193,100
1161,11610,12410,3.1299547841767774e-79,0,,193,100
1162,11620,12420,3.594160637984759e-90,0,,192,100
1163,11630,12430,1.6893323897520405e-112,0,,193,100
1164,11640,12440,1.0501202222435645e-130,0,,192,100
1165,11650,12450,6.486264547617442e-175,0,,191,100
1166,11660,12460,5.478986415401615e-131,0,,191,100
1167,11670,12470,6.93235575400908e-108,0,,190,100
1168,11680,12480,2.329735787303789e-69,0,,190,100
1169,11690,12490,4.941047131083851e-76,0,,190,100
1170,11700,12500,1.2228207128629178e-57,0,,191,100
1171,11710,12510,3.7957047475357045e-60,0,,195,100
1172,11720,12520,1.920137430934576e-61,0,,196,100
1173,11730,12530,3.09441224109455e-63,0,,196,100
1174,11740,12540,2.4054574947876057e-73,0,,195,100
1175,11750,12550,2.0276050488136742e-83,0,,195,100
1176,11760,12560,1.1378465357903784e-91,0,,194,100
1177,11770,12570,3.1206610393394844e-100,0,,193,100
1178,11780,12580,2.925692836762302e-104,0,,193,100
1179,11790,12590,3.840027382073593e-122,0,,194,100
1180,11800,12600,2.713252114190749e-120,0,,193,100
1181,11810,12610,4.86719562853949e-133,0,,193,100
1182,11820,12620,2.5517017678414054e-153,0,,192,100
1183,11830,12630,4.739766659982828e-157,0,,190,100
1184,11840,12640,2.1215503014838506e-132,0,,190,100
1185,11850,12650,2.3299097457686666e-123,0,,191,100
1186,11860,12660,9.927066793166181e-147,0,,191,100
1187,11870,12670,8.52781983667336e-154,0,,192,100
1188,11880,12680,1.322393170856157e-193,0,,193,100
1189,11890,12690,3.6854106757381794e-235,0,,192,100
1190,11900,12700,5.056572904516778e-244,0,,193,100
1191,11910,12710,2.883444115358829e-142,0,,195,100
1192,11920,12720,1.9275275055591244e-136,0,,194,100
1193,11930,12730,2.3356466364750532e-145,0,,195,100
1194,11940,12740,4.242477714561734e-155,0,,194,100
1195,11950,12750,5.680364694893487e-195,0,,194,100
1196,11960,12760,3.327680434759634e-167,0,,193,100
1197,11970,12770,7.958512855341898e-164,0,,193,100
1198,11980,12780,5.323877255554788e-178,0,,191,100
1199,11990,12790,8.337708587869828e-138,0,,193,100
1200,12000,12800,3.7945128484845744e-133,0,,192,100
1201,12010,12810,2.7632974618477363e-136,0,,192,100
1202,12020,12820,1.1404117750134943e-171,0,,189,100
1203,12030,12830,2.7018905425685403e-163,0,,190,100
1204,12040,12840,2.404222299959947e-181,0,,190,100
1205,12050,12850,1.2108666639963894e-177,0,,190,100
1206,12060,12860,5.518627971175767e-187,0,,190,100
1207,12070,12870,1.1125324982904267e-170,0,,189,100
1208,12080,12880,6.564641180269535e-139,0,,189,100
1209,12090,12890,7.143562293933613e-142,0,,189,100
1210,12100,12900,1.1059188693414034e-153,0,,188,100
1211,12110,12910,1.0601475693729268e-151,0,,189,100
1212,12120,12920,1.0509544295754657e-138,0,,190,100
1213,12130,12930,5.60402793849751e-163,0,,189,100
1214,12140,12940,1.705703956577106e-168,0,,189,100
1215,12150,12950,1.3446442617391797e-195,0,,190,100
1216,12160,12960,4.7448333065396105e-189,0,,188,100
1217,12170,12970,8.38490336652303e-124,0,,192,100
1218,12180,12980,7.199856608482687e-148,0,,192,100
1219,12190,12990,6.47284138051401e-120,0,,192,100
1220,12200,13000,1.1740030678113293e-123,0,,192,100
1221,12210,13010,1.2415552099597256e-156,0,,191,100
1222,12220,13020,4.089365469091283e-151,0,,192,100
1223,12230,13030,1.859131183711565e-168,0,,191,100
1224,12240,13040,2.6327105814265816e-182,0,,193,100
1225,12250,13050,3.0463876942926446e-138,0,,191,100
1226,12260,13060,6.852150773280883e-119,0,,190,100
1227,12270,13070,9.606184194927919e-121,0,,191,100
1228,12280,13080,2.510662704177209e-103,0,,191,100
1229,12290,13090,4.057836293261802e-99,0,,191,100
1230,12300,13100,2.501514465093343e-118,0,,191,100
1231,12310,13110,1.25798878245619e-140,0,,190,100
1232,12320,13120,2.4878516570063572e-144,0,,190,100
1233,12330,13130,1.3154302071362836e-102,0,,191,100
1234,12340,13140,3.6520309512799455e-105,0,,189,100
1235,12350,13150,3.161310113011568e-131,0,,190,100
1236,12360,13160,1.2478560985290556e-151,0,,190,100
1237,12370,13170,1.1479411102145835e-157,0,,190,100
1238,12380,13180,1.5892814455569258e-160,0,,191,100
1239,12390,13190,4.037179548470596e-125,0,,191,100
1240,12400,13200,2.1900879569772676e-104,0,,190,100
1241,12410,13210,2.3317294727876113e-119,0,,191,100
1242,12420,13220,1.4257589128087953e-115,0,,192,100
1243,12430,13230,5.591442632745131e-86,0,,191,100
1244,12440,13240,2.668546650911775e-124,0,,191,100
1245,12450,13250,2.985757616956604e-107,0,,190,100
1246,12460,13260,1.029467537893814e-115,0,,190,100
1247,12470,13270,1.792931439618962e-100,0,,190,100
1248,12480,13280,6.95490125624139e-79,0,,191,100
1249,12490,13290,1.0580380984214166e-179,0,,189,100
1250,12500,13300,1.746931776273378e-76,0,,188,100
1251,12510,13310,1.6320713927424358e-103,0,,185,100
1252,12520,13320,2.564862739662083e-117,0,,183,100
1253,12530,13330,7.355148492623543e-70,0,,183,100
1254,12540,13340,3.12043470572868e-95,0,,183,100
1255,12550,13350,5.556555629225586e-84,0,,185,100
1256,12560,13360,1.7173933054050658e-99,0,,184,100
1257,12570,13370,1.5310848316265699e-139,0,,185,100
1258,12580,13380,3.0663401614076777e-94,0,,184,100
1259,12590,13390,1.429174738790004e-62,0,,186,100
1260,12600,13400,1.6510909829539416e-80,0,,186,100
1261,12610,13410,6.554074756303816e-98,0,,187,100
1262,12620,13420,4.7044830259307924e-89,0,,186,100
1263,12630,13430,9.533917101615432e-78,0,,186,100
1264,12640,13440,2.205927409624749e-78,0,,185,100
1265,12650,13450,3.700581153973538e-92,0,,185,100
1266,12660,13460,3.968671492813923e-107,0,,184,100
1267,12670,13470,1.0077827866844855e-99,0,,185,100
1268,12680,13480,3.937539904180281e-94,0,,187,100
1269,12690,13490,2.1301745220381256e-99,0,,189,100
1270,12700,13500,6.087533638741566e-99,0,,188,100
1271,12710,13510,1.9941159768473735e-93,0,,189,100
1272,12720,13520,3.8959721137134913e-100,0,,188,100
1273,12730,13530,3.0909258684590607e-93,0,,187,100
1274,12740,13540,3.4443310762995477e-104,0,,186,100
1275,12750,13550,1.1143760328346598e-106,0,,187,100
1276,12760,13560,6.72721970422856e-116,0,,187,100
1277,12770,13570,4.9953163953247136e-126,0,,187,100
1278,12780,13580,1.5238858115643463e-133,0,,187,100
1279,12790,13590,4.1992385927499506e-142,0,,186,100
1280,12800,13600,6.24143231540308e-138,0,,187,100
1281,12810,13610,9.145988808931913e-125,0,,188,100
1282,12820,13620,6.182697775875933e-150,0,,187,100
1283,12830,13630,1.5588023818377911e-137,0,,187,100
1284,12840,13640,6.48233106294795e-140,0,,187,100
1285,12850,13650,6.0919943304919585e-137,0,,188,100
1286,12860,13660,4.70123997469239e-178,0,,185,100
1287,12870,13670,7.921597134394991e-192,0,,186,100
1288,12880,13680,6.676181842119344e-193,0,,186,100
1289,12890,13690,8.991463272981572e-174,0,,186,100
1290,12900,13700,7.525162529747479e-190,0,,186,100
1291,12910,13710,1.2347740547328401e-211,0,,187,100
1292,12920,13720,1.6155828340830956e-187,0,,188,100
1293,12930,13730,5.623044764293532e-190,0,,188,100
1294,12940,13740,1.2673053263998784e-163,0,,188,100
1295,12950,13750,2.461794180939325e-156,0,,187,100
1296,12960,13760,2.3104744416464595e-167,0,,188,100
1297,12970,13770,2.173631791707062e-221,0,,189,100
1298,12980,13780,1.546999410982116e-275,0,,191,100
1299,12990,13790,3.3192498418135365e-210,0,,190,100
1300,13000,13800,1.9523592798863873e-220,0,,190,100
1301,13010,13810,1.0168206189325715e-221,0,,191,100
1302,13020,13820,2.711415605971876e-205,0,,194,100
1303,13030,13830,3.2143834869322254e-304,0,,194,100
1304,13040,13840,1.7031912264729233e-228,0,,195,100
1305,13050,13850,2.603974600047845e-308,0,,196,100
1306,13060,13860,4.216169363431984e-222,0,,198,100
1307,13070,13870,7.71180855087642e-170,0,,198,100
1308,13080,13880,2.378324901246431e-149,0,,197,100
1309,13090,13890,8.649828028062554e-155,0,,195,100
1310,13100,13900,4.126560641667472e-152,0,,196,100
1311,13110,13910,1.7954756974419768e-176,0,,193,100
1312,13120,13920,1.3457108766461533e-148,0,,193,100
1313,13130,13930,8.623413188813975e-164,0,,192,100
1314,13140,13940,2.219424331867503e-165,0,,193,100
1315,13150,13950,3.110201276090304e-197,0,,193,100
1316,13160,13960,8.172023522864757e-197,0,,190,100
1317,13170,13970,5.447569863351101e-214,0,,190,100
1318,13180,13980,6.25550431283918e-227,0,,190,100
1319,13190,13990,5.708334259710583e-246,0,,189,100
1320,13200,14000,2.4105915286509175e-204,0,,189,100
1321,13210,14010,4.104282745508601e-182,0,,191,100
1322,13220,14020,4.8234451591412324e-201,0,,188,100
1323,13230,14030,1.2194970243173755e-202,0,,191,100
1324,13240,14040,5.262027952390524e-175,0,,192,100
1325,13250,14050,9.323804134698496e-151,0,,192,100
1326,13260,14060,5.190573584820161e-153,0,,193,100
1327,13270,14070,6.361676606906732e-191,0,,192,100
1328,13280,14080,9.502701922069764e-246,0,,192,100
1329,13290,14090,5.11089700309584e-242,0,,191,100
1330,13300,14100,2.619022684312673e-234,0,,192,100
1331,13310,14110,3.0167284715964422e-179,0,,191,100
1332,13320,14120,3.257880283631801e-215,0,,193,100
1333,13330,14130,2.4040981969504792e-213,0,,193,100
1334,13340,14140,1.1067376806764744e-206,0,,191,100
1335,13350,14150,2.0733766772442743e-164,0,,194,100
1336,13360,14160,1.801821775490919e-145,0,,195,100
1337,13370,14170,6.385560270372715e-167,0,,195,100
1338,13380,14180,2.5661737565350654e-141,0,,196,100
1339,13390,14190,4.513174318107532e-118,0,,198,100
1340,13400,14200,5.990742084693684e-113,0,,199,100
1341,13410,14210,1.8976874396018232e-104,0,,199,100
1342,13420,14220,4.094270283998555e-139,0,,200,100
1343,13430,14230,4.928539019783758e-119,0,,200,100
1344,13440,14240,1.1738857399303905e-73,0,,201,100
1345,13450,14250,1.3118474943506423e-93,0,,203,100
1346,13460,14260,5.456408459940002e-106,0,,205,100
1347,13470,14270,3.7573430914111245e-112,0,,204,100
1348,13480,14280,4.354181337198636e-143,0,,202,100
1349,13490,14290,5.949654584841004e-132,0,,202,100
1350,13500,14300,4.398396662682412e-169,0,,202,100
1351,13510,14310,2.434597318443971e-180,0,,201,100
1352,13520,14320,1.7371617080944326e-179,0,,203,100
1353,13530,14330,1.661303098265384e-170,0,,203,100
1354,13540,14340,1.3907052884033375e-187,0,,205,100
1355,13550,14350,2.259166779166145e-191,0,,208,100
1356,13560,14360,2.5950495995357127e-251,0,,208,100
1357,13570,14370,2.284998429498821e-258,0,,207,100
1358,13580,14380,4.3713382970075243e-265,0,,208,100
1359,13590,14390,5.42332820461237e-227,0,,206,100
1360,13600,14400,8.745750633895277e-280,0,,207,100
1361,13610,14410,3.696122045709729e-285,0,,208,100
1362,13620,14420,1.151589238742145e-245,0,,207,100
1363,13630,14430,2.943429903376233e-277,0,,208,100
1364,13640,14440,4.044538206844159e-288,0,,208,100
1365,13650,14450,3.9428786493559205e-301,0,,208,100
1366,13660,14460,5.84054876258172e-308,0,,212,100
1367,13670,14470,4.050556207779063e-183,0,,211,100
1368,13680,14480,4.607732841725127e-154,0,,212,100
1369,13690,14490,6.981641017143065e-166,0,,212,100
1370,13700,14500,4.582555427825066e-172,0,,214,100
1371,13710,14510,9.720681977562039e-153,0,,213,100
1372,13720,14520,3.599002869718301e-164,0,,212,100
1373,13730,14530,5.790387655009675e-207,0,,211,100
1374,13740,14540,2.0790319979045713e-191,0,,211,100
1375,13750,14550,9.166047862083264e-197,0,,211,100
1376,13760,14560,7.566687392706259e-158,0,,210,100
1377,13770,14570,4.054294884870391e-139,0,,209,100
1378,13780,14580,4.6070395268097484e-90,0,,209,100
1379,13790,14590,5.776973020938397e-93,0,,211,100
1380,13800,14600,4.8693020225171895e-98,0,,211,100
1381,13810,14610,9.233991480488748e-84,0,,209,100
1382,13820,14620,5.462804847751302e-126,0,,206,100
1383,13830,14630,4.39673516977847e-114,0,,206,100
1384,13840,14640,5.8479194947303e-100,0,,208,100
1385,13850,14650,1.934872787984144e-104,0,,205,100
1386,13860,14660,7.822201372269427e-79,0,,205,100
1387,13870,14670,2.639115075655023e-94,0,,205,100
1388,13880,14680,7.430698438649153e-96,0,,206,100
1389,13890,14690,1.0235526096903358e-107,0,,205,100
1390,13900,14700,1.6692300215013494e-87,0,,206,100
1391,13910,14710,6.362528419741686e-96,0,,207,100
1392,13920,14720,1.9865327725991536e-93,0,,208,100
1393,13930,14730,6.690762581769591e-102,0,,210,100
1394,13940,14740,4.0154891569926515e-101,0,,211,100
1395,13950,14750,1.3201354946772904e-112,0,,213,100
1396,13960,14760,3.963215599722716e-121,0,,213,100
1397,13970,14770,8.439143372791681e-117,0,,214,100
1398,13980,14780,3.6738136190236975e-107,0,,216,100
1399,13990,14790,1.7349457763773017e-112,0,,217,100
1400,14000,14800,3.917528055307479e-127,0,,216,100
1401,14010,14810,5.111018884405022e-143,0,,217,100
1402,14020,14820,1.0081293456524576e-112,0,,216,100
1403,14030,14830,9.608958761746306e-119,0,,215,100
1404,14040,14840,4.444720858776036e-126,0,,214,100
1405,14050,14850,5.37993739183668e-122,0,,214,100
1406,14060,14860,5.069960485418659e-124,0,,213,100
1407,14070,14870,1.5292723141607817e-123,0,,213,100
1408,14080,14880,5.0663383657290375e-120,0,,213,100
1409,14090,14890,1.4601285974343025e-116,0,,212,100
1410,14100,14900,2.8880841914545192e-127,0,,210,100
1411,14110,14910,1.4121034321837127e-124,0,,210,100
1412,14120,14920,7.617701481915497e-130,0,,212,100
1413,14130,14930,4.0239913364535275e-124,0,,214,100
1414,14140,14940,2.458290525983475e-151,0,,213,100
1415,14150,14950,2.657240634153986e-146,0,,211,100
1416,14160,14960,6.494016194937833e-135,0,,211,100
1417,14170,14970,1.0127916143814516e-158,0,,210,100
1418,14180,14980,8.186635243346713e-180,0,,214,100
1419,14190,14990,4.410858735904178e-130,0,,210,100
1420,14200,15000,9.594586125267923e-101,0,,211,100
1421,14210,15010,9.053742701269995e-90,0,,209,100
1422,14220,15020,4.1544136151309644e-79,0,,209,100
1423,14230,15030,8.408390630722403e-72,0,,211,100
1424,14240,15040,9.170606395601354e-61,0,,210,100
1425,14250,15050,2.063366440316401e-78,0,,206,100
1426,14260,15060,3.47207244223802e-80,0,,205,100
1427,14270,15070,7.840690017083574e-92,0,,204,100
1428,14280,15080,1.1595092855542222e-106,0,,203,100
1429,14290,15090,7.620664460711284e-96,0,,206,100
1430,14300,15100,3.296437610674587e-101,0,,206,100
1431,14310,15110,1.2759693556226331e-104,0,,206,100
1432,14320,15120,2.6533644982004114e-106,0,,207,100
1433,14330,15130,6.737378330494336e-113,0,,208,100
1434,14340,15140,5.730286749913688e-127,0,,206,100
1435,14350,15150,1.5804004308816627e-115,0,,205,100
1436,14360,15160,2.312275668425831e-113,0,,204,100
1437,14370,15170,3.5624709434264176e-125,0,,204,100
1438,14380,15180,5.63748245397749e-134,0,,207,100
1439,14390,15190,2.544160494962077e-156,0,,205,100
1440,14400,15200,2.2436915378824276e-132,0,,204,100
1441,14410,15210,2.643374514376243e-165,0,,203,100
1442,14420,15220,3.5308683461240765e-181,0,,203,100
1443,14430,15230,4.486275952737e-186,0,,204,100
1444,14440,15240,9.228134655601354e-211,0,,203,100
1445,14450,15250,9.090949536372643e-201,0,,203,100
1446,14460,15260,3.020196494203542e-203,0,,200,100
1447,14470,15270,4.720484092763973e-191,0,,199,100
1448,14480,15280,9.101397652431151e-236,0,,199,100
1449,14490,15290,1.5402793709232257e-224,0,,200,100
1450,14500,15300,2.913289099044815e-190,0,,195,100
1451,14510,15310,7.913815356944652e-201,0,,197,100
1452,14520,15320,1.420846736986513e-204,0,,199,100
1453,14530,15330,2.3473716791545276e-207,0,,199,100
1454,14540,15340,2.53614805195363e-198,0,,197,100
1455,14550,15350,5.1817335548201e-261,0,,198,100
1456,14560,15360,2.8511041966469163e-203,0,,199,100
1457,14570,15370,1.2330813914314122e-213,0,,196,100
1458,14580,15380,4.211264969542141e-200,0,,196,100
1459,14590,15390,7.34760804254787e-204,0,,194,100
1460,14600,15400,2.0136580896330064e-201,0,,195,100
1461,14610,15410,1.6455786170209853e-174,0,,194,100
1462,14620,15420,1.5990044849451305e-145,0,,193,100
1463,14630,15430,8.770740485844998e-136,0,,193,100
1464,14640,15440,2.9219723017226644e-126,0,,194,100
1465,14650,15450,4.1500287178115407e-156,0,,197,100
1466,14660,15460,4.31373995389604e-166,0,,197,100
1467,14670,15470,1.3381051220208569e-149,0,,197,100
1468,14680,15480,9.95443896427745e-152,0,,197,100
1469,14690,15490,1.0525522087357261e-147,0,,197,100
1470,14700,15500,4.121213446004727e-126,0,,197,100
1471,14710,15510,1.8110578123524948e-113,0,,198,100
1472,14720,15520,1.0395049930683243e-146,0,,197,100
1473,14730,15530,3.914167256274892e-139,0,,195,100
1474,14740,15540,8.484710434487295e-119,0,,194,100
1475,14750,15550,2.6183920799037463e-102,0,,197,100
1476,14760,15560,4.1861851567854914e-91,0,,196,100
1477,14770,15570,6.640660687940322e-95,0,,196,100
1478,14780,15580,1.0214656387092e-92,0,,196,100
1479,14790,15590,2.15898893922874e-111,0,,193,100
1480,14800,15600,1.1238383505853652e-116,0,,194,100
1481,14810,15610,4.658473157112372e-111,0,,195,100
1482,14820,15620,1.3182271402680718e-120,0,,195,100
1483,14830,15630,5.18388891435526e-114,0,,199,100
1484,14840,15640,1.3193669652195732e-106,0,,199,100
1485,14850,15650,2.5134865931281585e-104,0,,199,100
1486,14860,15660,7.2822376830556e-102,0,,199,100
1487,14870,15670,5.783607966253856e-99,0,,202,100
1488,14880,15680,1.8593896138649456e-101,0,,203,100
1489,14890,15690,1.6164732056745652e-116,0,,203,100
1490,14900,15700,5.0489063963047165e-121,0,,204,100
1491,14910,15710,7.5233061651010735e-121,0,,204,100
1492,14920,15720,2.7621442909968946e-141,0,,203,100
1493,14930,15730,6.68950271041468e-155,0,,202,100
1494,14940,15740,5.254910122810532e-163,0,,205,100
1495,14950,15750,2.2322957878998835e-189,0,,208,100
1496,14960,15760,4.471083921685936e-196,0,,207,100
1497,14970,15770,2.8242615966819134e-214,0,,209,100
1498,14980,15780,1.5880380279571202e-161,0,,207,100
1499,14990,15790,3.3266506208782825e-140,0,,206,100
1500,15000,15800,1.814053878617449e-128,0,,206,100
1501,15010,15810,3.075974490739709e-135,0,,206,100
1502,15020,15820,1.804625083727774e-108,0,,212,100
1503,15030,15830,1.9115668332734368e-97,0,,209,100
1504,15040,15840,1.896433392733472e-120,0,,209,100
1505,15050,15850,1.4183172723185632e-110,0,,209,100
1506,15060,15860,4.928891641136503e-125,0,,211,100
1507,15070,15870,1.9933559271459427e-96,0,,214,100
1508,15080,15880,1.9856847075683122e-112,0,,214,100
1509,15090,15890,1.6232952479896882e-111,0,,210,100
1510,15100,15900,4.897932881385639e-122,0,,209,100
1511,15110,15910,7.757300513914688e-117,0,,211,100
1512,15120,15920,8.775816874682029e-110,0,,211,100
1513,15130,15930,2.500071825355479e-175,0,,209,100
1514,15140,15940,1.4866629362528918e-114,0,,210,100
1515,15150,15950,3.6559628895570447e-103,0,,210,100
1516,15160,15960,2.9643263332968102e-108,0,,212,100
1517,15170,15970,3.720476975903953e-103,0,,212,100
1518,15180,15980,2.7970729524201535e-110,0,,217,100
1519,15190,15990,1.056628786157617e-130,0,,216,100
1520,15200,16000,7.146319069996616e-138,0,,216,100
1521,15210,16010,1.0086339510511212e-159,0,,218,100
1522,15220,16020,3.0629558228004473e-171,0,,215,100
1523,15230,16030,5.712807503270221e-170,0,,216,100
1524,15240,16040,3.687125617102571e-148,0,,215,100
1525,15250,16050,2.4895560084478193e-171,0,,216,100
1526,15260,16060,2.146651910179061e-137,0,,216,100
1527,15270,16070,1.018017939896511e-120,0,,217,100
1528,15280,16080,7.447797879982344e-144,0,,217,100
1529,15290,16090,1.2901856196077798e-126,0,,220,100
1530,15300,16100,8.477645601848139e-147,0,,221,100
1531,15310,16110,4.3769550471320116e-97,0,,217,100
1532,15320,16120,2.964694625470701e-80,0,,218,100
1533,15330,16130,8.841164124450583e-88,0,,217,100
1534,15340,16140,1.726277605564405e-93,0,,217,100
1535,15350,16150,4.4627197348425573e-157,0,,217,100
1536,15360,16160,2.129102781827614e-110,0,,215,100
1537,15370,16170,2.6345631225597416e-98,0,,215,100
1538,15380,16180,6.093894481438261e-111,0,,216,100
1539,15390,16190,1.4519097752337794e-103,0,,217,100
1540,15400,16200,2.962081415211711e-109,0,,218,100
1541,15410,16210,4.387954674447824e-92,0,,217,100
1542,15420,16220,3.356545497870548e-94,0,,219,100
1543,15430,16230,1.5663289743167333e-68,0,,220,100
1544,15440,16240,1.677614143103117e-78,0,,219,100
1545,15450,16250,5.3534509095185905e-89,0,,218,100
1546,15460,16260,4.385547824084803e-92,0,,219,100
1547,15470,16270,1.6310036249274868e-100,0,,219,100
1548,15480,16280,1.6462178091853025e-131,0,,217,100
1549,15490,16290,1.4479801192131817e-122,0,,215,100
1550,15500,16300,2.8598829773065295e-147,0,,215,100
1551,15510,16310,4.947282114951019e-153,0,,217,100
1552,15520,16320,2.244353305163974e-146,0,,216,100
1553,15530,16330,4.830851659206518e-140,0,,217,100
1554,15540,16340,9.173502880110298e-141,0,,217,100
1555,15550,16350,4.216690263584941e-167,0,,215,100
1556,15560,16360,2.5476401682431675e-165,0,,218,100
1557,15570,16370,1.1016262116937756e-145,0,,219,100
1558,15580,16380,1.0316126316390144e-137,0,,218,100
1559,15590,16390,1.3682739484993878e-181,0,,216,100
1560,15600,16400,1.3106628261115146e-174,0,,219,100
1561,15610,16410,2.333565740950503e-211,0,,216,100
1562,15620,16420,1.4166452492814094e-205,0,,214,100
1563,15630,16430,1.3688961273562772e-183,0,,216,100
1564,15640,16440,1.2578139182329825e-213,0,,219,100
1565,15650,16450,2.3721996300928698e-148,0,,219,100
1566,15660,16460,6.388751076493107e-149,0,,220,100
1567,15670,16470,2.2562178048121154e-181,0,,218,100
1568,15680,16480,3.0017872446859246e-158,0,,217,100
1569,15690,16490,2.7722797802149305e-152,0,,219,100
1570,15700,16500,2.5686493784456963e-144,0,,217,100
1571,15710,16510,7.408696996973819e-145,0,,218,100
1572,15720,16520,3.9201606690813432e-165,0,,219,100
1573,15730,16530,2.9730321474795105e-173,0,,218,100
1574,15740,16540,1.7215147619340198e-153,0,,216,100
1575,15750,16550,9.162722462172886e-185,0,,212,100
1576,15760,16560,3.367796943115933e-207,0,,211,100
1577,15770,16570,1.9604282175763493e-203,0,,210,100
1578,15780,16580,3.0654565343002553e-172,0,,211,100
1579,15790,16590,1.581222552571554e-196,0,,210,100
1580,15800,16600,3.7064250032658386e-183,0,,212,100
1581,15810,16610,3.829456306850976e-165,0,,212,100
1582,15820,16620,2.7408494543278364e-161,0,,210,100
1583,15830,16630,7.960693345414e-153,0,,212,100
1584,15840,16640,4.4249148726564355e-151,0,,211,100
1585,15850,16650,6.879175497130351e-157,0,,214,100
1586,15860,16660,5.315393759703312e-124,0,,212,100
1587,15870,16670,1.770433544044359e-123,0,,212,100
1588,15880,16680,2.2345401696168972e-232,0,,212,100
1589,15890,16690,1.5601623235801404e-135,0,,213,100
1590,15900,16700,8.55891147302987e-150,0,,215,100
1591,15910,16710,2.203067440661718e-149,0,,215,100
1592,15920,16720,2.51244606344757e-121,0,,216,100
1593,15930,16730,1.7155007511988762e-117,0,,215,100
1594,15940,16740,1.3223424100536771e-146,0,,215,100
1595,15950,16750,1.8931271997171239e-152,0,,216,100
1596,15960,16760,4.99669027495982e-163,0,,214,100
1597,15970,16770,2.6166949998960904e-173,0,,213,100
1598,15980,16780,2.4241733742296543e-121,0,,211,100
1599,15990,16790,1.6654214602239624e-131,0,,215,100
1600,16000,16800,3.0081915385887825e-144,0,,214,100
1601,16010,16810,5.933210416513219e-156,0,,215,100
1602,16020,16820,4.89514965078077e-145,0,,217,100
1603,16030,16830,4.466569118033981e-150,0,,219,100
1604,16040,16840,3.0889312836822567e-135,0,,219,100
1605,16050,16850,8.634597219477028e-146,0,,219,100
1606,16060,16860,4.826758406729766e-133,0,,218,100
1607,16070,16870,5.458591293564345e-127,0,,219,100
1608,16080,16880,3.893860161543394e-120,0,,217,100
1609,16090,16890,8.89597180628354e-168,0,,216,100
1610,16100,16900,4.235886395126463e-167,0,,219,100
1611,16110,16910,9.607271351796754e-129,0,,219,100
1612,16120,16920,1.863898672799306e-127,0,,220,100
1613,16130,16930,7.665795073713332e-146,0,,221,100
1614,16140,16940,1.196448391418861e-117,0,,222,100
1615,16150,16950,2.8283209673283923e-120,0,,223,100
1616,16160,16960,2.5654693965952273e-109,0,,223,100
1617,16170,16970,3.07984262592159e-87,0,,225,100
1618,16180,16980,1.8658448350314103e-101,0,,224,100
1619,16190,16990,5.006950864225349e-101,0,,222,100
1620,16200,17000,1.450845613214001e-132,0,,223,100
1621,16210,17010,7.723912534633272e-150,0,,222,100
1622,16220,17020,6.847758264993885e-174,0,,220,100
1623,16230,17030,6.42961586314797e-180,0,,219,100
1624,16240,17040,2.0934832676002127e-183,0,,218,100
1625,16250,17050,1.0659664008284481e-225,0,,217,100
1626,16260,17060,1.5601139462233106e-214,0,,218,100
1627,16270,17070,6.271394454754087e-276,0,,218,100
1628,16280,17080,2.5015135972589896e-200,0,,218,100
1629,16290,17090,1.5593065463167376e-188,0,,216,100
1630,16300,17100,8.545723004275335e-181,0,,217,100
1631,16310,17110,4.738888367722101e-188,0,,214,100
1632,16320,17120,1.1121684661647298e-140,0,,217,100
1633,16330,17130,1.2002709270368928e-140,0,,217,100
1634,16340,17140,8.69751548083174e-149,0,,217,100
1635,16350,17150,1.7957854896454337e-146,0,,215,100
1636,16360,17160,1.7702548472037721e-149,0,,215,100
1637,16370,17170,1.9482089984195348e-131,0,,213,100
1638,16380,17180,2.7086314281793115e-130,0,,213,100
1639,16390,17190,6.043482248525686e-139,0,,213,100
1640,16400,17200,1.21510621419343e-131,0,,214,100
1641,16410,17210,3.760004607701382e-167,0,,213,100
1642,16420,17220,4.858045114510951e-171,0,,214,100
1643,16430,17230,1.8483702450556225e-136,0,,211,100
1644,16440,17240,1.8143627428168052e-124,0,,208,100
1645,16450,17250,2.163362626462421e-137,0,,207,100
1646,16460,17260,3.2234923884090354e-124,0,,207,100
1647,16470,17270,6.591255667020273e-131,0,,209,100
1648,16480,17280,9.94557885811967e-133,0,,208,100
1649,16490,17290,7.634515968463114e-149,0,,208,100
1650,16500,17300,9.820029996632667e-158,0,,208,100
1651,16510,17310,1.551704235549e-148,0,,209,100
1652,16520,17320,3.983206205417598e-162,0,,209,100
1653,16530,17330,1.6742977182801616e-144,0,,207,100
1654,16540,17340,9.00276625264599e-160,0,,207,100
1655,16550,17350,8.086814138144845e-147,0,,208,100
1656,16560,17360,2.1792159471752705e-139,0,,208,100
1657,16570,17370,1.0483363494747733e-179,0,,208,100
1658,16580,17380,3.6412120348062955e-162,0,,208,100
1659,16590,17390,7.465849669353434e-182,0,,209,100
1660,16600,17400,1.2620684338366121e-136,0,,206,100
1661,16610,17410,6.217407397482674e-129,0,,205,100
1662,16620,17420,1.2777024590978933e-132,0,,204,100
1663,16630,17430,4.234512011834991e-141,0,,203,100
1664,16640,17440,4.431287595457984e-128,0,,204,100
1665,16650,17450,1.848389678339107e-143,0,,202,100
1666,16660,17460,2.674851698902752e-147,0,,200,100
1667,16670,17470,7.136899828142645e-155,0,,201,100
1668,16680,17480,1.6216506655797765e-148,0,,201,100
1669,16690,17490,6.879759854840264e-150,0,,199,100
1670,16700,17500,5.884148631157487e-148,0,,198,100
1671,16710,17510,1.1166080588111093e-156,0,,198,100
1672,16720,17520,4.539371971559526e-165,0,,201,100
1673,16730,17530,5.973343416785284e-238,0,,198,100
1674,16740,17540,1.48800333918033e-155,0,,197,100
1675,16750,17550,1.4041937180196978e-160,0,,195,100
1676,16760,17560,1.5349586548088744e-160,0,,195,100
1677,16770,17570,3.7314809445954e-160,0,,195,100
1678,16780,17580,6.261571770869021e-173,0,,197,100
1679,16790,17590,2.1162246174272955e-184,0,,195,100
1680,16800,17600,7.573256170906804e-205,0,,193,100
1681,16810,17610,1.4948517449018642e-155,0,,192,100
1682,16820,17620,1.2410317182065238e-128,0,,193,100
1683,16830,17630,1.8838529591191716e-160,0,,192,100
1684,16840,17640,4.200210601621701e-130,0,,192,100
1685,16850,17650,1.631895947242689e-173,0,,194,100
1686,16860,17660,5.676339404913889e-187,0,,194,100
1687,16870,17670,1.55205030164559e-208,0,,194,100
1688,16880,17680,5.359572868652016e-222,0,,195,100
1689,16890,17690,1.0886686761730034e-233,0,,195,100
1690,16900,17700,1.2720057827319161e-180,0,,192,100
1691,16910,17710,9.778445333089464e-193,0,,194,100
1692,16920,17720,1.7256189591766777e-218,0,,193,100
1693,16930,17730,1.2541835032177457e-177,0,,192,100
1694,16940,17740,2.0138548677632394e-202,0,,192,100
1695,16950,17750,2.0538549365598576e-283,0,,191,100
1696,16960,17760,1.416406603216706e-244,0,,190,100
1697,16970,17770,4.688488236938433e-263,0,,189,100
1698,16980,17780,1.1566499039837713e-244,0,,189,100
1699,16990,17790,9.056348109e-314,0,,193,100
1700,17000,17800,2.575462523564269e-261,0,,193,100
1701,17010,17810,9.903411336220827e-227,0,,194,100
1702,17020,17820,1.41562021223702e-237,0,,195,100
1703,17030,17830,1.0751143637414055e-192,0,,194,100
1704,17040,17840,7.987386769785252e-215,0,,196,100
1705,17050,17850,1.3136684145372298e-222,0,,200,100
1706,17060,17860,1.20585725193669e-232,0,,200,100
1707,17070,17870,1.5115145890248013e-131,0,,200,100
1708,17080,17880,3.1664182867993316e-140,0,,201,100
1709,17090,17890,8.484611139000702e-128,0,,201,100
1710,17100,17900,1.773152611880262e-120,0,,204,100
1711,17110,17910,6.1932041108237516e-120,0,,204,100
1712,17120,17920,3.2988686007378695e-119,0,,203,100
1713,17130,17930,2.737841622665319e-105,0,,205,100
1714,17140,17940,1.8186012557862126e-114,0,,210,100
1715,17150,17950,5.477825727994935e-108,0,,208,100
1716,17160,17960,2.2743401075759916e-116,0,,208,100
1717,17170,17970,8.355284423123405e-141,0,,209,100
1718,17180,17980,2.2891065696910665e-141,0,,210,100
1719,17190,17990,3.6698041494082563e-150,0,,209,100
1720,17200,18000,1.044750647316767e-102,0,,212,100
1721,17210,18010,1.776031799546507e-86,0,,211,100
1722,17220,18020,5.218737431374029e-103,0,,212,100
1723,17230,18030,4.9097349231598335e-108,0,,214,100
1724,17240,18040,1.72129119499521e-102,0,,214,100
1725,17250,18050,5.841252648264491e-109,0,,215,100
1726,17260,18060,1.1455070768973029e-114,0,,215,100
1727,17270,18070,1.0824258221715991e-116,0,,215,100
1728,17280,18080,1.2438639492400781e-118,0,,215,100
1729,17290,18090,4.163809982371857e-125,0,,217,100
1730,17300,18100,1.9198662143545572e-136,0,,217,100
1731,17310,18110,5.534583338437886e-144,0,,219,100
1732,17320,18120,8.21139277510302e-142,0,,219,100
1733,17330,18130,3.0669730681021244e-139,0,,220,100
1734,17340,18140,2.1080986290838864e-100,0,,219,100
1735,17350,18150,2.957105408349113e-116,0,,218,100
1736,17360,18160,9.847801601455768e-120,0,,222,100
1737,17370,18170,7.477984325179081e-145,0,,222,100
1738,17380,18180,2.6144748189146963e-139,0,,222,100
1739,17390,18190,1.2632050726850178e-140,0,,221,100
1740,17400,18200,4.666987467543677e-116,0,,221,100
1741,17410,18210,9.480182561595058e-136,0,,221,100
1742,17420,18220,4.1858928870893314e-179,0,,222,100
1743,17430,18230,1.330946809856579e-170,0,,222,100
1744,17440,18240,6.395839972940118e-174,0,,224,100
1745,17450,18250,3.0080290791338293e-180,0,,225,100
1746,17460,18260,4.539208936435051e-182,0,,224,100
1747,17470,18270,1.0442468539806474e-134,0,,224,100
1748,17480,18280,1.7202640780603882e-163,0,,223,100
1749,17490,18290,9.621581236235174e-160,0,,223,100
1750,17500,18300,3.6654198341657083e-165,0,,224,100
1751,17510,18310,1.0368079380366773e-157,0,,224,100
1752,17520,18320,4.3490975409859937e-175,0,,224,100
1753,17530,18330,1.4836614018137362e-176,0,,223,100
1754,17540,18340,1.4635481268231224e-155,0,,224,100
1755,17550,18350,1.95525786780913e-159,0,,225,100
1756,17560,18360,1.483193702090396e-204,0,,226,100
1757,17570,18370,5.855625121574882e-166,0,,229,100
1758,17580,18380,2.3929171194599995e-169,0,,226,100
1759,17590,18390,1.2653911978416892e-156,0,,230,100
1760,17600,18400,4.926750477014449e-140,0,,232,100
1761,17610,18410,1.325151658297589e-134,0,,234,100
1762,17620,18420,6.668854279598125e-123,0,,231,100
1763,17630,18430,1.710167374490653e-122,0,,230,100
1764,17640,18440,2.6498427599782255e-65,0,,231,100
1765,17650,18450,2.1054682311766833e-69,0,,233,100
1766,17660,18460,3.165037302520959e-80,0,,233,100
1767,17670,18470,3.996731488803646e-93,0,,232,100
1768,17680,18480,1.352442557408898e-137,0,,232,100
1769,17690,18490,7.540752303206221e-110,0,,232,100
1770,17700,18500,1.033232571664713e-82,0,,232,100
1771,17710,18510,2.1890151699060782e-105,0,,232,100
1772,17720,18520,3.176205174582905e-61,0,,231,100
1773,17730,18530,2.0208742032389318e-63,0,,232,100
1774,17740,18540,6.917320200063486e-62,0,,234,100
1775,17750,18550,5.765594025716261e-62,0,,232,100
1776,17760,18560,3.547641459286596e-51,0,,232,100
1777,17770,18570,6.690124177443555e-53,0,,232,100
1778,17780,18580,1.095257586607093e-53,0,,231,100
1779,17790,18590,6.004887973612125e-66,0,,229,100
1780,17800,18600,9.748815168827495e-62,0,,230,100
1781,17810,18610,2.1718795934111965e-61,0,,230,100
1782,17820,18620,1.4270210313341074e-85,0,,230,100
1783,17830,18630,1.7095745597876427e-89,0,,228,100
1784,17840,18640,2.651278489036128e-128,0,,229,100
1785,17850,18650,2.309221766270399e-157,0,,226,100
1786,17860,18660,1.190476696314178e-161,0,,226,100
1787,17870,18670,5.953176551208976e-115,0,,224,100
1788,17880,18680,1.3691556290846689e-132,0,,228,100
1789,17890,18690,7.409170450147606e-145,0,,227,100
1790,17900,18700,3.739961509406454e-153,0,,229,100
1791,17910,18710,2.256274665221362e-162,0,,228,100
1792,17920,18720,1.313013651501611e-227,0,,226,100
1793,17930,18730,6.955074030326014e-172,0,,225,100
1794,17940,18740,3.934750485056376e-170,0,,222,100
1795,17950,18750,2.4319605891810707e-124,0,,223,100
1796,17960,18760,2.0931903221593758e-140,0,,222,100
1797,17970,18770,2.4595991872605864e-137,0,,223,100
1798,17980,18780,4.081388485943645e-127,0,,222,100
1799,17990,18790,4.665670150542559e-158,0,,220,100
1800,18000,18800,1.542113612904003e-88,0,,220,100
1801,18010,18810,1.6083053862149645e-90,0,,220,100
1802,18020,18820,7.114585103637193e-89,0,,222,100
1803,18030,18830,1.3403068223906632e-104,0,,218,100
1804,18040,18840,2.3860860390894286e-101,0,,221,100
1805,18050,18850,2.1818607533306406e-90,0,,217,100
1806,18060,18860,1.186174046986831e-71,0,,217,100
1807,18070,18870,3.0524431363799744e-88,0,,216,100
1808,18080,18880,1.5353397561749824e-88,0,,215,100
1809,18090,18890,2.7829583657694582e-146,0,,215,100
1810,18100,18900,1.5106371909707673e-171,0,,214,100
1811,18110,18910,4.0951670342227437e-113,0,,211,100
1812,18120,18920,8.066930122605187e-119,0,,215,100
1813,18130,18930,6.045772885537364e-103,0,,214,100
1814,18140,18940,2.588290937670309e-91,0,,216,100
1815,18150,18950,4.751903362426179e-109,0,,215,100
1816,18160,18960,3.267728771606509e-110,0,,213,100
1817,18170,18970,5.299206760483855e-124,0,,212,100
1818,18180,18980,1.4352693734882743e-137,0,,210,100
1819,18190,18990,1.6415043404741241e-156,0,,211,100
1820,18200,19000,3.6650861573971194e-124,0,,209,100
1821,18210,19010,2.4313576168453996e-131,0,,211,100
1822,18220,19020,2.7348635200225208e-137,0,,209,100
1823,18230,19030,2.459900752042941e-170,0,,209,100
1824,18240,19040,8.693480454173211e-170,0,,208,100
1825,18250,19050,4.592488063289081e-174,0,,209,100
1826,18260,19060,9.308174361140976e-134,0,,209,100
1827,18270,19070,1.784010140966573e-134,0,,209,100
1828,18280,19080,2.4593069161158525e-140,0,,209,100
1829,18290,19090,1.2596967155386157e-145,0,,210,100
1830,18300,19100,9.873377294363449e-172,0,,211,100
1831,18310,19110,1.097197248716201e-145,0,,210,100
1832,18320,19120,5.9499398838514375e-142,0,,213,100
1833,18330,19130,4.009503011391973e-112,0,,213,100
1834,18340,19140,5.086071832850591e-111,0,,212,100
1835,18350,19150,1.728233547115692e-123,0,,213,100
1836,18360,19160,2.7706654568822448e-109,0,,212,100
1837,18370,19170,7.724569170456577e-99,0,,210,100
1838,18380,19180,4.526607821879145e-79,0,,214,100
1839,18390,19190,5.039335645466736e-83,0,,210,100
1840,18400,19200,2.0670325664180747e-89,0,,207,100
1841,18410,19210,2.086525098246142e-79,0,,209,100
1842,18420,19220,7.360360845553132e-78,0,,210,100
1843,18430,19230,1.311468989729941e-85,0,,210,100
1844,18440,19240,6.481400470487727e-100,0,,209,100
1845,18450,19250,9.853665252083222e-102,0,,208,100
1846,18460,19260,3.741609704098043e-127,0,,208,100
1847,18470,19270,1.562973806098336e-115,0,,208,100
1848,18480,19280,7.007565409271875e-118,0,,209,100
1849,18490,19290,4.2378482181583315e-124,0,,212,100
1850,18500,19300,1.2147876225039604e-143,0,,212,100
1851,18510,19310,1.9398066766132472e-146,0,,211,100
1852,18520,19320,2.433044635616647e-113,0,,212,100
1853,18530,19330,6.404303857366721e-132,0,,210,100
1854,18540,19340,2.333416044144607e-152,0,,211,100
1855,18550,19350,7.29373310564124e-164,0,,212,100
1856,18560,19360,2.2651387689823637e-129,0,,211,100
1857,18570,19370,4.470857720507979e-146,0,,212,100
1858,18580,19380,8.459591563944062e-172,0,,214,100
1859,18590,19390,2.524653720557641e-193,0,,214,100
1860,18600,19400,3.93386294894497e-142,0,,214,100
1861,18610,19410,1.7877771903709503e-165,0,,215,100
1862,18620,19420,1.0134895454356287e-156,0,,215,100
1863,18630,19430,3.7522897210498104e-170,0,,216,100
1864,18640,19440,1.7587178762937035e-163,0,,212,100
1865,18650,19450,1.2273858427655648e-167,0,,213,100
1866,18660,19460,1.0297418706375074e-130,0,,211,100
1867,18670,19470,5.0159368541997995e-155,0,,213,100
1868,18680,19480,2.6308520630545743e-153,0,,211,100
1869,18690,19490,6.530387545933759e-139,0,,211,100
1870,18700,19500,1.0627102913102143e-175,0,,209,100
1871,18710,19510,1.2067366672462933e-181,0,,209,100
1872,18720,19520,2.4950577934799715e-199,0,,209,100
1873,18730,19530,1.7462208074728474e-175,0,,210,100
1874,18740,19540,8.272853527088306e-193,0,,211,100
1875,18750,19550,2.722645583201056e-146,0,,212,100
1876,18760,19560,8.167446743276274e-148,0,,212,100
1877,18770,19570,8.71641355802695e-129,0,,211,100
1878,18780,19580,1.6188981556620696e-135,0,,212,100
1879,18790,19590,9.044209798851639e-116,0,,212,100
1880,18800,19600,1.8085669763049436e-152,0,,211,100
1881,18810,19610,1.7127776547846747e-116,0,,211,100
1882,18820,19620,7.551365330548408e-90,0,,210,100
1883,18830,19630,1.3398227154254189e-117,0,,212,100
1884,18840,19640,3.525442000507051e-136,0,,213,100
1885,18850,19650,1.4052070051937959e-94,0,,212,100
1886,18860,19660,2.6459945884865107e-193,0,,214,100
1887,18870,19670,1.1181603375079511e-195,0,,214,100
1888,18880,19680,1.5825286921275976e-199,0,,215,100
1889,18890,19690,8.159198436151921e-123,0,,212,100
1890,18900,19700,4.004303389817804e-198,0,,212,100
1891,18910,19710,6.211975791288333e-71,0,,211,100
1892,18920,19720,3.6114030901554606e-88,0,,209,100
1893,18930,19730,1.2682235689210473e-79,0,,209,100
1894,18940,19740,1.585900780362748e-89,0,,211,100
1895,18950,19750,5.891359703018007e-123,0,,211,100
1896,18960,19760,3.935921228679919e-142,0,,211,100
1897,18970,19770,1.8661961908962265e-155,0,,212,100
1898,18980,19780,6.172462911478388e-98,0,,216,100
1899,18990,19790,5.917059537020319e-116,0,,217,100
1900,19000,19800,6.067969137060795e-108,0,,216,100
1901,19010,19810,1.3821178835893426e-146,0,,216,100
1902,19020,19820,1.0593818404688789e-100,0,,216,100
1903,19030,19830,7.426166018861046e-121,0,,216,100
1904,19040,19840,4.171210502021932e-99,0,,216,100
1905,19050,19850,6.936252530068068e-97,0,,216,100
1906,19060,19860,7.419546528156403e-91,0,,217,100
1907,19070,19870,2.019349232402346e-119,0,,217,100
1908,19080,19880,8.887337517241738e-128,0,,215,100
1909,19090,19890,1.513918467122752e-123,0,,214,100
1910,19100,19900,1.8475269763249302e-143,0,,212,100
1911,19110,19910,2.124953536031323e-162,0,,213,100
1912,19120,19920,3.3458912641614803e-133,0,,212,100
1913,19130,19930,6.90883949641203e-142,0,,212,100
1914,19140,19940,5.735197334014924e-174,0,,214,100
1915,19150,19950,2.8651076276399334e-164,0,,213,100
1916,19160,19960,1.0063570472666146e-106,0,,211,100
1917,19170,19970,4.503789438198357e-112,0,,209,100
1918,19180,19980,4.275304090645495e-128,0,,207,100
1919,19190,19990,8.427993999142891e-140,0,,211,100
1920,19200,20000,1.3984953161069855e-160,0,,208,100
1921,19210,20010,2.6737508165066752e-196,0,,206,100
1922,19220,20020,5.424486763383864e-155,0,,206,100
1923,19230,20030,3.550481857460942e-159,0,,208,100
1924,19240,20040,1.4436928446427687e-146,0,,207,100
1925,19250,20050,6.725692926843505e-168,0,,208,100
1926,19260,20060,5.914514148172363e-154,0,,208,100
1927,19270,20070,5.462744321265162e-127,0,,206,100
1928,19280,20080,9.745186308880506e-153,0,,207,100
1929,19290,20090,3.98523018654543e-174,0,,204,100
1930,19300,20100,2.2578293904895256e-174,0,,203,100
1931,19310,20110,1.5073137716499394e-129,0,,203,100
1932,19320,20120,3.2281187949097507e-141,0,,202,100
1933,19330,20130,6.256182757711401e-139,0,,203,100
1934,19340,20140,4.245160330622435e-180,0,,202,100
1935,19350,20150,2.1232104786038174e-161,0,,202,100
1936,19360,20160,9.611513308150563e-166,0,,202,100
1937,19370,20170,2.7683518538143194e-124,0,,203,100
1938,19380,20180,1.958852724698935e-150,0,,199,100
1939,19390,20190,2.5341982132696274e-144,0,,198,100
1940,19400,20200,6.719517135279526e-129,0,,198,100
1941,19410,20210,5.796854064835693e-144,0,,197,100
1942,19420,20220,3.1536998819120444e-132,0,,197,100
1943,19430,20230,6.77275968195756e-151,0,,197,100
1944,19440,20240,1.3860520178839788e-156,0,,196,100
1945,19450,20250,2.098974519149193e-170,0,,198,100
1946,19460,20260,6.101179537565782e-196,0,,197,100
1947,19470,20270,1.852231087913097e-147,0,,195,100
1948,19480,20280,4.497480083826879e-128,0,,194,100
1949,19490,20290,1.0810930418817874e-136,0,,195,100
1950,19500,20300,4.245522913386839e-120,0,,196,100
1951,19510,20310,5.198916120443544e-141,0,,196,100
1952,19520,20320,3.976870136844783e-157,0,,192,100
1953,19530,20330,4.244847723871353e-167,0,,193,100
1954,19540,20340,3.308007534347768e-176,0,,194,100
1955,19550,20350,1.0097372725917253e-140,0,,192,100
1956,19560,20360,6.021558022025172e-121,0,,195,100
1957,19570,20370,1.7931738964381712e-74,0,,194,100
1958,19580,20380,1.4049067447137555e-75,0,,192,100
1959,19590,20390,7.55404407550801e-75,0,,192,100
1960,19600,20400,2.196363846836474e-85,0,,192,100
1961,19610,20410,6.65853685911026e-82,0,,194,100
1962,19620,20420,3.7288472009573856e-93,0,,192,100
1963,19630,20430,3.5970191239158846e-94,0,,194,100
1964,19640,20440,3.6076216210989335e-102,0,,194,100
1965,19650,20450,1.3064955617187642e-113,0,,193,100
1966,19660,20460,5.177082681493598e-134,0,,194,100
1967,19670,20470,2.584743288879093e-147,0,,195,100
1968,19680,20480,7.85979066680748e-66,0,,193,100
1969,19690,20490,3.0747152433141807e-75,0,,193,100
1970,19700,20500,3.0803305560682785e-72,0,,193,100
1971,19710,20510,7.645551299820686e-77,0,,194,100
1972,19720,20520,2.4263647998946446e-84,0,,195,100
1973,19730,20530,1.9717649946984727e-84,0,,195,100
1974,19740,20540,8.320298414864726e-92,0,,192,100
1975,19750,20550,2.451902877700942e-127,0,,191,100
1976,19760,20560,7.460697635687882e-122,0,,193,100
1977,19770,20570,2.7109416280913865e-127,0,,193,100
1978,19780,20580,4.1040660300429156e-151,0,,189,100
1979,19790,20590,6.873478290316903e-131,0,,191,100
1980,19800,20600,6.164262539896922e-155,0,,190,100
1981,19810,20610,6.044985573303831e-174,0,,189,100
1982,19820,20620,8.345824128117237e-176,0,,189,100
1983,19830,20630,1.1545902862776542e-176,0,,188,100
1984,19840,20640,9.14450142243433e-191,0,,189,100
1985,19850,20650,2.012181212537698e-189,0,,190,100
1986,19860,20660,4.422002531983101e-187,0,,192,100
1987,19870,20670,4.9519631158419526e-203,0,,192,100
1988,19880,20680,8.600049193925747e-194,0,,194,100
1989,19890,20690,2.022691580952187e-240,0,,193,100
1990,19900,20700,2.8855946133349212e-251,0,,192,100
1991,19910,20710,4.1070051945541836e-241,0,,192,100
1992,19920,20720,5.607420101400052e-199,0,,192,100
1993,19930,20730,2.5684932497220956e-237,0,,193,100
1994,19940,20740,8.153785367755454e-171,0,,191,100
1995,19950,20750,1.8252091815803672e-140,0,,191,100
1996,19960,20760,1.11781065598763e-138,0,,192,100
1997,19970,20770,4.066029576824624e-134,0,,196,100
1998,19980,20780,3.781321732195315e-148,0,,193,100
1999,19990,20790,8.95044255883799e-145,0,,194,100
2000,20000,20800,5.514090665138146e-138,0,,194,100
2001,20010,20810,7.456657546593575e-135,0,,194,100
2002,20020,20820,9.465035018006894e-142,0,,194,100
2003,20030,20830,1.8518962311518296e-158,0,,193,100
2004,20040,20840,6.03384473725825e-185,0,,192,100
2005,20050,20850,3.199795764419371e-209,0,,192,100
2006,20060,20860,2.0262253410076056e-227,0,,190,100
2007,20070,20870,9.35882744668376e-118,0,,191,100
2008,20080,20880,8.268408802357028e-155,0,,190,100
2009,20090,20890,2.8755599813459628e-151,0,,189,100
2010,20100,20900,2.9030647667987886e-163,0,,190,100
2011,20110,20910,2.034893876846535e-183,0,,191,100
2012,20120,20920,5.020248550023698e-186,0,,196,100
2013,20130,20930,3.0229535442291365e-235,0,,194,100
2014,20140,20940,4.5873801914141886e-243,0,,197,100
2015,20150,20950,4.3903086899632186e-245,0,,195,100
2016,20160,20960,4.236455191522603e-200,0,,196,100
2017,20170,20970,1.0152671039523861e-185,0,,197,100
2018,20180,20980,1.3055699318508742e-229,0,,197,100
2019,20190,20990,2.094840679104338e-214,0,,197,100
2020,20200,21000,2.2620691229956902e-257,0,,196,100
2021,20210,21010,2.131704649297695e-261,0,,196,100
2022,20220,21020,4.87302158789769e-272,0,,199,100
2023,20230,21030,5.938906512239603e-221,0,,198,100
2024,20240,21040,2.0323429873290024e-200,0,,199,100
2025,20250,21050,6.245065887220803e-215,0,,200,100
2026,20260,21060,2.88085263559281e-231,0,,200,100
2027,20270,21070,2.6903629221687375e-225,0,,202,100
2028,20280,21080,1.5157922867284893e-193,0,,206,100
2029,20290,21090,3.5740617415117975e-199,0,,206,100
2030,20300,21100,2.1501076165426007e-194,0,,206,100
2031,20310,21110,3.2743610149065734e-173,0,,207,100
2032,20320,21120,7.947883812477288e-176,0,,207,100
2033,20330,21130,1.3187040952154295e-187,0,,206,100
2034,20340,21140,7.500031190674407e-177,0,,203,100
2035,20350,21150,1.0095651795482175e-131,0,,203,100
2036,20360,21160,1.806802351594125e-130,0,,203,100
2037,20370,21170,9.949204145520156e-144,0,,206,100
2038,20380,21180,5.47343417886324e-130,0,,208,100
2039,20390,21190,4.0163524022444407e-144,0,,207,100
2040,20400,21200,5.075431833342546e-132,0,,207,100
2041,20410,21210,3.792256432343072e-155,0,,207,100
2042,20420,21220,2.1241884711144133e-125,0,,207,100
2043,20430,21230,1.1014022211572825e-145,0,,206,100
2044,20440,21240,6.3489619043085284e-152,0,,207,100
2045,20450,21250,3.892603506055482e-166,0,,210,100
2046,20460,21260,1.4282096221441083e-146,0,,209,100
2047,20470,21270,2.2175192170605507e-136,0,,209,100
2048,20480,21280,5.292324857989294e-133,0,,209,100
2049,20490,21290,3.7207778621966966e-142,0,,208,100
2050,20500,21300,1.479251161176087e-179,0,,207,100
2051,20510,21310,1.8279390544861022e-145,0,,208,100
2052,20520,21320,9.928085063051866e-148,0,,208,100
2053,20530,21330,3.9882278559571744e-151,0,,207,100
2054,20540,21340,6.506131605936165e-145,0,,207,100
2055,20550,21350,3.1640455191342617e-158,0,,206,100
2056,20560,21360,3.19300548852857e-155,0,,205,100
2057,20570,21370,3.510017362613449e-235,0,,205,100
2058,20580,21380,1.827132653550698e-260,0,,206,100
2059,20590,21390,3.111489542259842e-272,0,,206,100
2060,20600,21400,1.9989684290838564e-245,0,,206,100
2061,20610,21410,0.0,0,,207,100
2062,20620,21420,1.42367955660644e-189,0,,207,100
2063,20630,21430,1.2950237093413436e-221,0,,207,100
2064,20640,21440,4.2416434819353424e-151,0,,207,100
2065,20650,21450,5.800090601077959e-142,0,,205,100
2066,20660,21460,9.988573623722e-138,0,,206,100
2067,20670,21470,1.1007724069629452e-161,0,,204,100
2068,20680,21480,1.4665176163315134e-155,0,,203,100
2069,20690,21490,3.5475867743830913e-110,0,,203,100
2070,20700,21500,7.131474332828982e-101,0,,204,100
2071,20710,21510,8.048222348515383e-110,0,,204,100
2072,20720,21520,1.287685814414177e-113,0,,204,100
2073,20730,21530,1.6518877033684178e-133,0,,204,100
2074,20740,21540,1.675305183924043e-145,0,,206,100
2075,20750,21550,1.0710157790052791e-119,0,,205,100
2076,20760,21560,1.0972470534151567e-101,0,,203,100
2077,20770,21570,2.5668246792047793e-104,0,,204,100
2078,20780,21580,1.82565208012506e-115,0,,202,100
2079,20790,21590,5.256632559840858e-90,0,,203,100
2080,20800,21600,1.7842709139723866e-97,0,,202,100
2081,20810,21610,1.261540099872802e-72,0,,203,100
2082,20820,21620,1.0657384489935613e-72,0,,203,100
2083,20830,21630,2.218425140610769e-71,0,,202,100
2084,20840,21640,9.910717673086646e-73,0,,203,100
2085,20850,21650,1.939708608684701e-83,0,,203,100
2086,20860,21660,8.282134854409854e-110,0,,203,100
2087,20870,21670,2.020488042899355e-84,0,,205,100
2088,20880,21680,9.28826205955152e-108,0,,203,100
2089,20890,21690,5.400756189620858e-101,0,,207,100
2090,20900,21700,1.2257412242606905e-108,0,,207,100
2091,20910,21710,6.774095917650739e-134,0,,203,100
2092,20920,21720,9.084864884786154e-119,0,,201,100
2093,20930,21730,1.1798945262900346e-138,0,,202,100
2094,20940,21740,3.6907806376479585e-197,0,,200,100
2095,20950,21750,1.6644769158692534e-174,0,,200,100
2096,20960,21760,2.109838737028247e-211,0,,200,100
2097,20970,21770,1.133813989324939e-161,0,,201,100
2098,20980,21780,3.471649359389155e-160,0,,200,100
2099,20990,21790,8.896616279857523e-175,0,,201,100
2100,21000,21800,1.461362726166927e-197,0,,203,100
2101,21010,21810,1.2764607928563759e-182,0,,203,100
2102,21020,21820,1.4274655465546455e-245,0,,199,100
2103,21030,21830,1.6414697923817148e-246,0,,200,100
2104,21040,21840,1.0984145076007987e-225,0,,199,100
2105,21050,21850,2.386128792757203e-156,0,,200,100
2106,21060,21860,5.136511574265096e-178,0,,200,100
2107,21070,21870,2.7722965312120952e-179,0,,199,100
2108,21080,21880,3.402436319927439e-137,0,,194,100
2109,21090,21890,2.5639047141108554e-139,0,,194,100
2110,21100,21900,2.8194868469730834e-145,0,,195,100
2111,21110,21910,8.624294514346921e-155,0,,193,100
2112,21120,21920,2.4876210706976827e-102,0,,194,100
2113,21130,21930,8.492038950345512e-124,0,,194,100
2114,21140,21940,1.0300984648750538e-115,0,,195,100
2115,21150,21950,9.757132120233473e-113,0,,193,100
2116,21160,21960,2.373891411718405e-114,0,,192,100
2117,21170,21970,4.951499803881514e-138,0,,189,100
2118,21180,21980,3.386363843727871e-113,0,,194,100
2119,21190,21990,1.1768119750555457e-85,0,,194,100
2120,21200,22000,1.9646886313144963e-82,0,,195,100
2121,21210,22010,4.690879038829598e-116,0,,194,100
2122,21220,22020,9.420302357111257e-93,0,,194,100
2123,21230,22030,2.717977424691859e-106,0,,195,100
2124,21240,22040,5.529717443008068e-122,0,,195,100
2125,21250,22050,2.6403750105211326e-68,0,,191,100
2126,21260,22060,1.3499555171277213e-67,0,,191,100
2127,21270,22070,3.476555237408543e-84,0,,192,100
2128,21280,22080,2.3158979941338786e-85,0,,195,100
2129,21290,22090,9.554864655690398e-97,0,,196,100
2130,21300,22100,8.560868879896953e-92,0,,195,100
2131,21310,22110,3.203036949754054e-95,0,,198,100
2132,21320,22120,1.5500478607440936e-115,0,,198,100
2133,21330,22130,5.944148048182725e-111,0,,199,100
2134,21340,22140,1.804413501199282e-132,0,,198,100
2135,21350,22150,3.223757193209288e-126,0,,197,100
2136,21360,22160,4.038736392142948e-105,0,,197,100
2137,21370,22170,4.260029340535472e-131,0,,196,100
2138,21380,22180,4.326946325628124e-147,0,,196,100
2139,21390,22190,1.4019403408852728e-146,0,,197,100
2140,21400,22200,1.1087878054376338e-125,0,,194,100
2141,21410,22210,2.612169369043201e-168,0,,195,100
2142,21420,22220,3.3994374504993736e-150,0,,196,100
2143,21430,22230,7.297032965171091e-149,0,,198,100
2144,21440,22240,2.7005802000704e-141,0,,201,100
2145,21450,22250,4.324553200002446e-170,0,,198,100
2146,21460,22260,1.0062830438395255e-169,0,,199,100
2147,21470,22270,5.201224971041564e-183,0,,203,100
2148,21480,22280,1.7915378098965052e-177,0,,205,100
2149,21490,22290,9.95897171689927e-199,0,,204,100
2150,21500,22300,7.500729988844962e-207,0,,203,100
2151,21510,22310,3.814854481289325e-254,0,,202,100
2152,21520,22320,1.3345206851820507e-243,0,,203,100
2153,21530,22330,1.1431567463937944e-215,0,,204,100
2154,21540,22340,5.4229788821307605e-111,0,,200,100
2155,21550,22350,1.2816801127912556e-112,0,,201,100
2156,21560,22360,1.5065764555596205e-124,0,,202,100
2157,21570,22370,1.5592177333859146e-138,0,,201,100
2158,21580,22380,9.019238301109187e-146,0,,203,100
2159,21590,22390,5.778036654042145e-141,0,,204,100
2160,21600,22400,3.678247863363111e-139,0,,204,100
2161,21610,22410,2.310091709485243e-164,0,,203,100
2162,21620,22420,3.181754863318005e-155,0,,204,100
2163,21630,22430,1.631454533848837e-151,0,,206,100
2164,21640,22440,7.982435329663565e-150,0,,206,100
2165,21650,22450,1.9716350081933626e-170,0,,206,100
2166,21660,22460,3.7503044418671885e-133,0,,205,100
2167,21670,22470,1.8524368581908273e-128,0,,207,100
2168,21680,22480,2.5519936347308753e-146,0,,205,100
2169,21690,22490,4.5442130456364637e-153,0,,204,100
2170,21700,22500,2.5489504669540692e-139,0,,206,100
2171,21710,22510,3.9030320169262687e-132,0,,206,100
2172,21720,22520,2.2692253503913241e-150,0,,206,100
2173,21730,22530,1.9204652185215936e-130,0,,204,100
2174,21740,22540,9.374431963153741e-143,0,,204,100
2175,21750,22550,1.2051168801864814e-182,0,,205,100
2176,21760,22560,2.4024985822051278e-161,0,,204,100
2177,21770,22570,6.425864535911083e-155,0,,206,100
2178,21780,22580,4.750289217868717e-168,0,,207,100
2179,21790,22590,4.6314468228439575e-183,0,,206,100
2180,21800,22600,8.734611599317433e-199,0,,205,100
2181,21810,22610,1.0834259763572742e-120,0,,203,100
2182,21820,22620,6.476880682505397e-104,0,,203,100
2183,21830,22630,2.473297609494869e-118,0,,202,100
2184,21840,22640,7.141332439940018e-144,0,,203,100
2185,21850,22650,5.15202492765887e-148,0,,203,100
2186,21860,22660,2.140472080192609e-130,0,,204,100
2187,21870,22670,1.7331151427943195e-163,0,,204,100
2188,21880,22680,5.148467806289185e-158,0,,208,100
2189,21890,22690,2.509395067916273e-184,0,,209,100
2190,21900,22700,1.531591221571679e-183,0,,211,100
2191,21910,22710,6.369424534511703e-212,0,,207,100
2192,21920,22720,4.5642394049212076e-195,0,,206,100
2193,21930,22730,2.0248425551008195e-221,0,,211,100
2194,21940,22740,1.246684558260661e-193,0,,212,100
2195,21950,22750,5.606427165157868e-188,0,,214,100
2196,21960,22760,7.519256479704811e-190,0,,216,100
2197,21970,22770,9.719674146921043e-202,0,,216,100
2198,21980,22780,3.115702012748104e-190,0,,211,100
2199,21990,22790,3.379371461440393e-170,0,,212,100
2200,22000,22800,1.977761786740325e-198,0,,212,100
2201,22010,22810,2.1523689244276515e-199,0,,213,100
2202,22020,22820,3.5040746349390476e-238,0,,213,100
2203,22030,22830,7.745026303145014e-262,0,,212,100
2204,22040,22840,3.897019044031238e-263,0,,217,100
2205,22050,22850,5.056654788091274e-274,0,,217,100
2206,22060,22860,4.1114665777802227e-271,0,,220,100
2207,22070,22870,2.6570146487145184e-237,0,,218,100
2208,22080,22880,8.244431713643143e-205,0,,217,100
2209,22090,22890,1.2663865689857842e-263,0,,217,100
2210,22100,22900,6.9174338036117505e-242,0,,218,100
2211,22110,22910,1.221273222287886e-178,0,,217,100
2212,22120,22920,1.5293389148811254e-189,0,,216,100
2213,22130,22930,5.2443186994625873e-216,0,,216,100
2214,22140,22940,2.994967438206242e-234,0,,218,100
2215,22150,22950,1.9556681083778342e-239,0,,218,100
2216,22160,22960,5.4219475647581104e-263,0,,219,100
2217,22170,22970,2.7131388033203963e-212,0,,218,100
2218,22180,22980,3.236735228693933e-225,0,,216,100
2219,22190,22990,1.2233409276000083e-230,0,,218,100
2220,22200,23000,2.601314956032506e-177,0,,218,100
2221,22210,23010,4.183780592641093e-172,0,,219,100
2222,22220,23020,7.845926060409493e-192,0,,217,100
2223,22230,23030,1.4391834198981128e-177,0,,216,100
2224,22240,23040,5.8357898489637925e-174,0,,212,100
2225,22250,23050,2.132483410565723e-187,0,,217,100
2226,22260,23060,1.2277956963273658e-198,0,,216,100
2227,22270,23070,1.2629610961908302e-164,0,,213,100
2228,22280,23080,7.447688940895507e-132,0,,212,100
2229,22290,23090,1.5186257812342361e-127,0,,213,100
2230,22300,23100,3.666700071566427e-136,0,,213,100
2231,22310,23110,2.10548072627616e-190,0,,213,100
2232,22320,23120,1.0332005957270301e-154,0,,215,100
2233,22330,23130,8.331706224600496e-134,0,,217,100
2234,22340,23140,3.8772433519798355e-137,0,,219,100
2235,22350,23150,3.584996334626045e-108,0,,217,100
2236,22360,23160,5.370482875794119e-115,0,,219,100
2237,22370,23170,2.6271535381859034e-66,0,,217,100
2238,22380,23180,7.605851430191577e-96,0,,218,100
2239,22390,23190,1.9786867941587585e-99,0,,219,100
2240,22400,23200,4.154809900954792e-82,0,,219,100
2241,22410,23210,3.721285520788221e-75,0,,219,100
2242,22420,23220,1.732767005542412e-83,0,,219,100
2243,22430,23230,3.2509837337424693e-56,0,,217,100
2244,22440,23240,4.372532376157836e-62,0,,215,100
2245,22450,23250,5.191820982492748e-66,0,,216,100
2246,22460,23260,1.4270026066812116e-57,0,,215,100
2247,22470,23270,7.427158305352595e-76,0,,215,100
2248,22480,23280,7.094740060012121e-82,0,,217,100
2249,22490,23290,1.735982663790755e-97,0,,218,100
2250,22500,23300,3.332519786811473e-63,0,,219,100
2251,22510,23310,5.388372831708935e-61,0,,219,100
2252,22520,23320,1.9989602142335583e-54,0,,219,100
2253,22530,23330,1.0183615086402034e-64,0,,220,100
2254,22540,23340,1.3679332997202161e-67,0,,219,100
2255,22550,23350,5.4795235655300136e-73,0,,222,100
2256,22560,23360,7.352261545234925e-75,0,,225,100
2257,22570,23370,1.5876182492693142e-97,0,,223,100
2258,22580,23380,3.157990266789568e-88,0,,223,100
2259,22590,23390,6.131849510542978e-89,0,,226,100
2260,22600,23400,9.732271932135105e-93,0,,227,100
2261,22610,23410,9.945005991343959e-113,0,,228,100
2262,22620,23420,2.534481046369335e-115,0,,232,100
2263,22630,23430,1.5288302934392624e-118,0,,233,100
2264,22640,23440,1.003506376323996e-116,0,,234,100
2265,22650,23450,2.1371797013458056e-138,0,,234,100
2266,22660,23460,6.31178758905388e-150,0,,234,100
2267,22670,23470,5.951998339598081e-164,0,,234,100
2268,22680,23480,2.3296156789052547e-167,0,,231,100
2269,22690,23490,6.5812817990236054e-158,0,,230,100
2270,22700,23500,2.30368386997796e-164,0,,232,100
2271,22710,23510,3.7303555946904637e-162,0,,234,100
2272,22720,23520,3.793520136385985e-186,0,,235,100
2273,22730,23530,9.856936756513902e-153,0,,232,100
2274,22740,23540,1.289474829966976e-189,0,,233,100
2275,22750,23550,4.0241869118956085e-157,0,,231,100
2276,22760,23560,2.182953528308693e-151,0,,231,100
2277,22770,23570,2.119770201109301e-168,0,,232,100
2278,22780,23580,4.507205386407387e-151,0,,232,100
2279,22790,23590,8.159725388438578e-179,0,,229,100
2280,22800,23600,2.1682419070767502e-111,0,,227,100
2281,22810,23610,9.533739528442892e-92,0,,229,100
2282,22820,23620,4.3953321470633086e-85,0,,232,100
2283,22830,23630,7.104711964050118e-173,0,,235,100
2284,22840,23640,1.7650459700204107e-150,0,,231,100
2285,22850,23650,1.835848328316107e-165,0,,232,100
2286,22860,23660,6.7030940514701705e-87,0,,231,100
2287,22870,23670,6.240022258023274e-110,0,,230,100
2288,22880,23680,2.580346880169557e-165,0,,229,100
2289,22890,23690,3.0963496271292504e-119,0,,230,100
2290,22900,23700,8.371954350660417e-172,0,,231,100
2291,22910,23710,7.116620416725659e-108,0,,232,100
2292,22920,23720,1.5167271495658312e-228,0,,231,100
2293,22930,23730,6.509400391083006e-218,0,,231,100
2294,22940,23740,1.9867963470230994e-160,0,,232,100
2295,22950,23750,1.256505952250761e-240,0,,232,100
2296,22960,23760,4.981047876171979e-249,0,,232,100
2297,22970,23770,1.2702018712508365e-229,0,,234,100
2298,22980,23780,2.5133787219889866e-228,0,,235,100
2299,22990,23790,4.83563687077259e-276,0,,233,100
2300,23000,23800,1.9034912961454035e-235,0,,234,100
2301,23010,23810,2.80541273336e-313,0,,231,100
2302,23020,23820,3.253534674648742e-215,0,,232,100
2303,23030,23830,5.843598415725191e-183,0,,231,100
2304,23040,23840,1.6604571238673398e-195,0,,231,100
2305,23050,23850,3.3295319952513964e-170,0,,229,100
2306,23060,23860,5.705411180943805e-134,0,,228,100
2307,23070,23870,1.1484351252893242e-154,0,,228,100
2308,23080,23880,1.1874897517813127e-142,0,,228,100
2309,23090,23890,1.8083064950156203e-149,0,,229,100
2310,23100,23900,3.6513221873399258e-124,0,,228,100
2311,23110,23910,2.045939536513876e-134,0,,227,100
2312,23120,23920,3.594522883207705e-137,0,,224,100
2313,23130,23930,1.1889987108005554e-153,0,,224,100
2314,23140,23940,3.563479946107158e-142,0,,222,100
2315,23150,23950,1.1493974280548453e-148,0,,222,100
2316,23160,23960,1.450603272972462e-168,0,,221,100
2317,23170,23970,3.4095366915955024e-149,0,,221,100
2318,23180,23980,2.100913021449676e-150,0,,220,100
2319,23190,23990,4.1616483999233206e-140,0,,220,100
2320,23200,24000,5.642610345580477e-133,0,,220,100
2321,23210,24010,1.8318701305683288e-145,0,,219,100
2322,23220,24020,1.4748928323533916e-153,0,,219,100
2323,23230,24030,2.808122824046192e-153,0,,219,100
2324,23240,24040,1.124113846200988e-143,0,,217,100
2325,23250,24050,1.4744539667960913e-150,0,,218,100
2326,23260,24060,9.538106063849601e-155,0,,218,100
2327,23270,24070,3.649458800526301e-138,0,,219,100
2328,23280,24080,2.664669650660051e-165,0,,217,100
2329,23290,24090,2.5160213334095788e-161,0,,217,100
2330,23300,24100,8.816704969047068e-170,0,,216,100
2331,23310,24110,1.1859674635003112e-182,0,,216,100
2332,23320,24120,1.2524801203671275e-139,0,,215,100
2333,23330,24130,8.251365897314852e-179,0,,215,100
2334,23340,24140,5.976411795944743e-161,0,,216,100
2335,23350,24150,5.991179556613267e-148,0,,211,100
2336,23360,24160,5.507605969357025e-196,0,,210,100
2337,23370,24170,6.099498866909685e-194,0,,211,100
2338,23380,24180,6.441436033170634e-181,0,,208,100
2339,23390,24190,7.598160903993389e-113,0,,208,100
2340,23400,24200,4.149595512562371e-105,0,,208,100
2341,23410,24210,4.697621027188176e-124,0,,206,100
2342,23420,24220,3.595637668616794e-156,0,,202,100
2343,23430,24230,9.68198694577217e-127,0,,204,100
2344,23440,24240,8.087480621310291e-175,0,,204,100
2345,23450,24250,1.2404952403523024e-166,0,,204,100
2346,23460,24260,4.555263801311756e-208,0,,203,100
2347,23470,24270,1.66442851875356e-211,0,,205,100
2348,23480,24280,3.12108335997359e-247,0,,206,100
2349,23490,24290,1.919458267699132e-174,0,,204,100
2350,23500,24300,9.152726006595066e-137,0,,204,100
2351,23510,24310,1.9965224412380377e-152,0,,203,100
2352,23520,24320,1.485124657462422e-224,0,,202,100
2353,23530,24330,6.653461558413631e-175,0,,201,100
2354,23540,24340,8.891938271695793e-259,0,,200,100
2355,23550,24350,1.4618776214511818e-303,0,,201,100
2356,23560,24360,1.3329607059069052e-252,0,,202,100
2357,23570,24370,1.1157065428780094e-231,0,,201,100
2358,23580,24380,8.5915305199635975e-280,0,,202,100
2359,23590,24390,1.4855754918176983e-206,0,,203,100
2360,23600,24400,1.0597708779128057e-221,0,,205,100
2361,23610,24410,1.1895353255998234e-180,0,,205,100
2362,23620,24420,1.127234256314153e-168,0,,200,100
2363,23630,24430,1.0985307361829453e-191,0,,198,100
2364,23640,24440,1.1434021816013465e-216,0,,200,100
2365,23650,24450,2.5187490946675858e-216,0,,198,100
2366,23660,24460,1.890001637534145e-170,0,,199,100
2367,23670,24470,3.132281820259227e-172,0,,201,100
2368,23680,24480,8.963598476967677e-192,0,,199,100
2369,23690,24490,1.1157442736750521e-212,0,,197,100
2370,23700,24500,7.658720934697784e-175,0,,202,100
2371,23710,24510,2.795096463887624e-187,0,,202,100
2372,23720,24520,1.644559336210209e-183,0,,199,100
2373,23730,24530,5.604348375247251e-178,0,,201,100
2374,23740,24540,5.399086632473426e-200,0,,200,100
2375,23750,24550,3.7907312703336386e-199,0,,200,100
2376,23760,24560,2.5555152320466973e-167,0,,199,100
2377,23770,24570,1.9849326645246431e-162,0,,198,100
2378,23780,24580,2.655186145763576e-110,0,,197,100
2379,23790,24590,1.5855996633884404e-102,0,,196,100
2380,23800,24600,6.523156467169755e-107,0,,196,100
2381,23810,24610,1.5208416320964505e-110,0,,195,100
2382,23820,24620,2.5082103716438855e-97,0,,197,100
2383,23830,24630,1.4684947277785038e-119,0,,197,100
2384,23840,24640,1.5062212922701485e-97,0,,197,100
2385,23850,24650,2.5100972769123448e-76,0,,197,100
2386,23860,24660,1.429737265319435e-71,0,,198,100
2387,23870,24670,2.1505150163746132e-88,0,,197,100
2388,23880,24680,4.129226280641797e-87,0,,202,100
2389,23890,24690,9.813838272288271e-101,0,,200,100
2390,23900,24700,2.5357339441108402e-110,0,,202,100
2391,23910,24710,2.398562109988091e-88,0,,203,100
2392,23920,24720,4.600195739798891e-99,0,,201,100
2393,23930,24730,1.5166323852486763e-68,0,,203,100
2394,23940,24740,2.1787408407630947e-54,0,,202,100
2395,23950,24750,1.2728829935152632e-56,0,,204,100
2396,23960,24760,6.836383794539453e-57,0,,205,100
2397,23970,24770,2.66819145769421e-66,0,,206,100
2398,23980,24780,7.296605304647823e-76,0,,205,100
2399,23990,24790,2.2123866674314665e-93,0,,205,100
2400,24000,24800,1.889919639829904e-83,0,,206,100
2401,24010,24810,1.8145037418800215e-93,0,,206,100
2402,24020,24820,3.1942705881814697e-105,0,,209,100
2403,24030,24830,1.3632543363804754e-118,0,,209,100
2404,24040,24840,5.049113484764114e-115,0,,208,100
2405,24050,24850,1.1617919161697201e-110,0,,208,100
2406,24060,24860,1.692743170000922e-120,0,,210,100
2407,24070,24870,1.0768295546839249e-141,0,,209,100
2408,24080,24880,1.5305422281388742e-137,0,,210,100
2409,24090,24890,1.136507210222371e-137,0,,210,100
2410,24100,24900,7.1070537181988e-146,0,,210,100
2411,24110,24910,2.4690772476355907e-175,0,,209,100
2412,24120,24920,1.6222435854853966e-160,0,,208,100
2413,24130,24930,7.356639209185818e-153,0,,209,100
2414,24140,24940,1.763834599937918e-133,0,,207,100
2415,24150,24950,8.286136012543711e-161,0,,208,100
2416,24160,24960,6.963848312900756e-167,0,,208,100
2417,24170,24970,3.3256979337717542e-161,0,,209,100
2418,24180,24980,1.0035693885625169e-160,0,,208,100
2419,24190,24990,1.2039006294865572e-146,0,,207,100
2420,24200,25000,1.8113642969664362e-144,0,,207,100
2421,24210,25010,6.284413837681882e-150,0,,207,100
2422,24220,25020,1.1800742256707137e-191,0,,206,100
2423,24230,25030,3.094322653895103e-210,0,,204,100
2424,24240,25040,1.0138823436394847e-196,0,,203,100
2425,24250,25050,9.637045309047844e-178,0,,204,100
2426,24260,25060,3.509413420734402e-243,0,,201,100
2427,24270,25070,2.126674519798778e-179,0,,201,100
2428,24280,25080,6.3627104989339224e-173,0,,202,100
2429,24290,25090,1.447550237677876e-129,0,,202,100
2430,24300,25100,1.939482572522307e-88,0,,201,100
2431,24310,25110,2.525823423571746e-93,0,,200,100
2432,24320,25120,2.4409707246322774e-104,0,,200,100
2433,24330,25130,4.904081967582209e-104,0,,201,100
2434,24340,25140,4.849188419765745e-104,0,,202,100
2435,24350,25150,3.082075176414604e-97,0,,200,100
2436,24360,25160,2.0691194949963507e-93,0,,200,100
2437,24370,25170,1.0730880792246436e-97,0,,199,100
2438,24380,25180,5.428739709132798e-84,0,,197,100
2439,24390,25190,5.1729232978327044e-86,0,,197,100
2440,24400,25200,1.3222009653664844e-107,0,,194,100
2441,24410,25210,5.720686352582808e-73,0,,197,100
2442,24420,25220,5.532683107877907e-91,0,,197,100
2443,24430,25230,6.564372580489867e-92,0,,198,100
2444,24440,25240,1.1606308520922613e-60,0,,195,100
2445,24450,25250,4.986420618516382e-55,0,,198,100
2446,24460,25260,3.9727984902002e-65,0,,197,100
2447,24470,25270,1.4035016483741396e-88,0,,198,100
2448,24480,25280,2.7877174334916893e-91,0,,198,100
2449,24490,25290,2.3047427599844487e-88,0,,197,100
2450,24500,25300,1.954929866052352e-116,0,,195,100
2451,24510,25310,9.389231913663427e-121,0,,198,100
2452,24520,25320,1.8388463178499618e-142,0,,199,100
2453,24530,25330,1.1358646412252698e-150,0,,199,100
2454,24540,25340,3.748405583852125e-148,0,,201,100
2455,24550,25350,4.9885777661500365e-154,0,,200,100
2456,24560,25360,6.330726761649802e-155,0,,202,100
2457,24570,25370,8.009730311711306e-182,0,,202,100
2458,24580,25380,4.406300720048339e-186,0,,202,100
2459,24590,25390,1.975856358720449e-164,0,,203,100
2460,24600,25400,2.576419325892456e-195,0,,203,100
2461,24610,25410,2.1649604803082045e-148,0,,205,100
2462,24620,25420,2.217682588086483e-162,0,,205,100
2463,24630,25430,1.2294337445759482e-185,0,,204,100
2464,24640,25440,2.8719360273635904e-209,0,,204,100
2465,24650,25450,8.641753192095934e-244,0,,202,100
2466,24660,25460,1.7040246495904714e-265,0,,200,100
2467,24670,25470,1.8635645103474493e-292,0,,201,100
2468,24680,25480,1.932738079e-314,0,,197,100
2469,24690,25490,7.351964666106445e-296,0,,196,100
2470,24700,25500,6.45450714173e-312,0,,194,100
2471,24710,25510,6.0848692555e-314,0,,196,100
2472,24720,25520,6.398904618458732e-300,0,,195,100
2473,24730,25530,1.1179314914159337e-221,0,,192,100
2474,24740,25540,5.473140481547714e-236,0,,191,100
2475,24750,25550,3.3225067157878432e-251,0,,190,100
2476,24760,25560,5.864764880685671e-211,0,,189,100
2477,24770,25570,8.190113487882712e-244,0,,190,100
2478,24780,25580,2.0662948380613518e-242,0,,188,100
2479,24790,25590,1.0714964653282724e-180,0,,187,100
2480,24800,25600,5.815493224800801e-178,0,,188,100
2481,24810,25610,6.905142344565992e-167,0,,187,100
2482,24820,25620,2.967093692467811e-160,0,,185,100
2483,24830,25630,3.379765342244715e-126,0,,185,100
2484,24840,25640,2.719766873691128e-120,0,,184,100
2485,24850,25650,1.3932695003611712e-136,0,,185,100
2486,24860,25660,1.1186995461084393e-126,0,,187,100
2487,24870,25670,2.7726247370506215e-121,0,,184,100
2488,24880,25680,2.3434337299864777e-127,0,,186,100
2489,24890,25690,5.67127887738873e-128,0,,187,100
2490,24900,25700,7.876830163670377e-128,0,,186,100
2491,24910,25710,2.0337436900198657e-130,0,,189,100
2492,24920,25720,1.730719831478084e-146,0,,190,100
2493,24930,25730,1.7913024945083802e-115,0,,190,100
2494,24940,25740,3.967935425565667e-144,0,,190,100
2495,24950,25750,3.4198484773429254e-132,0,,190,100
2496,24960,25760,5.109382448742221e-145,0,,188,100
2497,24970,25770,5.431171317974578e-113,0,,189,100
2498,24980,25780,1.2098040585468637e-102,0,,189,100
2499,24990,25790,2.059717694561589e-99,0,,190,100
2500,25000,25800,3.581278948798386e-97,0,,190,100
2501,25010,25810,9.560093863462437e-92,0,,190,100
2502,25020,25820,2.7996086313274546e-107,0,,190,100
2503,25030,25830,2.3588005896596668e-123,0,,189,100
2504,25040,25840,1.0927799633090188e-127,0,,190,100
2505,25050,25850,2.7332600624535528e-135,0,,191,100
2506,25060,25860,7.422819734071016e-150,0,,192,100
2507,25070,25870,1.7134468916983385e-144,0,,190,100
2508,25080,25880,1.719882170103162e-163,0,,189,100
2509,25090,25890,1.3576177577368268e-187,0,,191,100
2510,25100,25900,1.7724183344399098e-186,0,,192,100
2511,25110,25910,7.895686577134915e-204,0,,191,100
2512,25120,25920,1.1855005655194073e-205,0,,191,100
2513,25130,25930,3.490552610265496e-267,0,,191,100
2514,25140,25940,4.692402712792447e-258,0,,188,100
2515,25150,25950,2.169475164668876e-239,0,,189,100
2516,25160,25960,2.6176892054358992e-256,0,,189,100
2517,25170,25970,1.228956008866581e-281,0,,190,100
2518,25180,25980,9.441221396954148e-297,0,,189,100
2519,25190,25990,6.557694508726664e-305,0,,188,100
2520,25200,26000,0.0,0,,188,100
2521,25210,26010,7.966073533871111e-277,0,,184,100
2522,25220,26020,5.7229555704852716e-272,0,,183,100
2523,25230,26030,2.795852093771521e-250,0,,183,100
2524,25240,26040,4.5810740142921775e-197,0,,183,100
2525,25250,26050,3.813445461230039e-210,0,,183,100
2526,25260,26060,1.4654016493856898e-178,0,,183,100
2527,25270,26070,1.052462256367693e-174,0,,183,100
2528,25280,26080,4.6855526641005535e-279,0,,179,100
2529,25290,26090,5.074146993e-315,0,,178,100
2530,25300,26100,2.5203334549724915e-183,0,,174,100
2531,25310,26110,7.592261909783096e-170,0,,168,100
2532,25320,26120,2.805279101216321e-151,0,,166,100
2533,25330,26130,2.1534548040992214e-136,0,,163,100
2534,25340,26140,1.8580726474154977e-151,0,,161,100
2535,25350,26150,3.7713640653149255e-104,0,,158,100
2536,25360,26160,5.51028465801464e-104,0,,155,100
2537,25370,26170,5.47612197583832e-107,0,,153,100
2538,25380,26180,6.2499117698597e-117,0,,151,100
2539,25390,26190,3.1520986791447026e-122,0,,150,100
2540,25400,26200,5.50632389617909e-155,0,,146,100
2541,25410,26210,4.788359234248262e-156,0,,143,100
2542,25420,26220,1.3302391490831045e-186,0,,141,100
2543,25430,26230,5.605984326307375e-116,0,,139,100
2544,25440,26240,1.1248521958633523e-120,0,,138,100
2545,25450,26250,3.865376522738574e-127,0,,137,100
2546,25460,26260,4.5741728882847217e-116,0,,136,100
2547,25470,26270,5.973607235823732e-180,0,,134,100
2548,25480,26280,2.4551269864059793e-151,0,,132,100
2549,25490,26290,6.940616022210329e-121,0,,130,100
2550,25500,26300,3.1417752893805552e-127,0,,128,100
2551,25510,26310,1.1025815348250537e-136,0,,128,100
2552,25520,26320,6.2424464790643296e-133,0,,126,100
2553,25530,26330,6.4210610702593e-148,0,,124,100
2554,25540,26340,3.415386574440189e-191,0,,120,100
2555,25550,26350,4.765814637402023e-191,0,,119,100
2556,25560,26360,2.0559701325219638e-228,0,,117,100
2557,25570,26370,5.934488697183501e-207,0,,115,100
2558,25580,26380,2.8676925701436074e-213,0,,113,100
2559,25590,26390,1.442601505019409e-257,0,,110,100
2560,25600,26400,5.3023503846121225e-253,0,,107,100
2561,25610,26410,9.293052800557157e-224,0,,106,100
2562,25620,26420,4.6733009695613154e-247,0,,103,100
2563,25630,26430,5.584188292999575e-261,0,,101,100
