window_index,char_start,char_end,p_z,extracted,error,n_tokens_in_chunk,sequence_len_tokens
0,0,800,7.261812473509995e-07,0,,165,100
1,5,805,4.231528865660435e-07,0,,164,100
2,15,815,6.995350228872145e-08,0,,164,100
3,18,818,5.628388083090333e-08,0,,163,100
4,22,822,6.5514754043373e-09,0,,162,100
5,29,829,7.514669527408461e-09,0,,161,100
6,32,832,3.2040390231421363e-09,0,,161,100
7,36,836,1.4447635695117594e-08,0,,161,100
8,43,843,4.806443829838559e-10,0,,162,100
9,51,851,2.1630072107992063e-09,0,,160,100
10,54,854,1.6007745751944433e-07,0,,160,100
11,60,860,4.252280652325735e-08,0,,160,100
12,63,863,2.933139264598807e-07,0,,160,100
13,68,868,2.353644333622039e-07,0,,161,100
14,70,870,2.3552662855856822e-07,0,,160,100
15,75,875,9.939866269501523e-07,0,,160,100
16,83,883,1.2873462357812323e-06,0,,161,100
17,90,890,1.434271197363615e-08,0,,160,100
18,100,900,6.056368951633846e-08,0,,162,100
19,109,909,3.248988879214527e-08,0,,162,100
20,116,916,2.8850124136236003e-09,0,,163,100
21,125,925,3.760690321942875e-08,0,,164,100
22,138,938,4.197770447283014e-09,0,,160,100
23,146,946,5.337518554170147e-09,0,,162,100
24,150,950,1.235866618570513e-09,0,,162,100
25,154,954,3.732243662054208e-08,0,,162,100
26,161,961,3.472219889213289e-08,0,,164,100
27,170,970,1.9584076149037956e-10,0,,164,100
28,178,978,1.4594095861091622e-11,0,,164,100
29,182,982,2.0583608732143813e-10,0,,165,100
30,190,990,4.3370655786037216e-11,0,,167,100
31,199,999,3.4955321996144896e-12,0,,166,100
32,203,1003,1.953691778255594e-12,0,,165,100
33,210,1010,1.0602554432550191e-11,0,,167,100
34,214,1014,9.928642285903131e-12,0,,167,100
35,224,1024,2.1599328220230484e-11,0,,167,100
36,227,1027,2.4344217477147983e-12,0,,167,100
37,235,1035,1.673504598392289e-09,0,,170,100
38,238,1038,1.0881212349077369e-09,0,,171,100
39,248,1048,5.132242342985624e-11,0,,169,100
40,252,1052,4.9693157334556506e-11,0,,169,100
41,256,1056,3.082232938329638e-09,0,,169,100
42,267,1067,6.32236266977144e-09,0,,168,100
43,270,1070,7.726248860980593e-08,0,,167,100
44,277,1077,5.85441141944776e-07,0,,167,100
45,281,1081,2.5028133092855753e-07,0,,167,100
46,291,1091,2.4839015129452177e-06,0,,169,100
47,296,1096,1.5848522443466339e-06,0,,169,100
48,309,1109,1.9994294399074618e-07,0,,169,100
49,313,1113,4.0825485164072377e-07,0,,169,100
50,317,1117,2.5894286591673102e-08,0,,169,100
51,324,1124,1.342068665726398e-08,0,,169,100
52,331,1131,7.782718444712235e-08,0,,170,100
53,334,1134,7.363500341603915e-07,0,,168,100
54,345,1145,3.13248890700297e-08,0,,166,100
55,353,1153,6.761594810452182e-07,0,,167,100
56,356,1156,7.453355118374553e-08,0,,165,100
57,364,1164,3.533861553107404e-08,0,,164,100
58,367,1167,1.796326172048214e-11,0,,162,100
59,371,1171,9.29095600903678e-11,0,,164,100
60,383,1183,5.792216271421509e-11,0,,162,100
61,390,1190,2.0223099407524973e-11,0,,162,100
62,397,1197,2.9963754548260585e-11,0,,164,100
63,405,1205,2.0716470591246934e-12,0,,163,100
64,411,1211,7.971658974949801e-11,0,,163,100
65,414,1214,5.395051254941994e-11,0,,163,100
66,421,1221,1.9079077165477403e-10,0,,162,100
67,424,1224,1.9918605587918416e-10,0,,162,100
68,426,1226,1.1010949692588602e-10,0,,162,100
69,435,1235,3.2755455197210945e-10,0,,162,100
70,438,1238,1.5504421776631902e-09,0,,162,100
71,442,1242,1.3114894285451896e-09,0,,162,100
72,449,1249,4.2397363737170767e-11,0,,162,100
73,457,1257,1.6758028210564475e-12,0,,162,100
74,463,1263,7.231325891466849e-13,0,,161,100
75,469,1269,4.575651870304538e-13,0,,163,100
76,477,1277,7.59776257014921e-11,0,,162,100
77,480,1280,5.542267920155619e-12,0,,162,100
78,482,1282,9.190149928481143e-10,0,,161,100
79,489,1289,9.462825168161533e-10,0,,161,100
80,493,1293,3.2510881533542155e-10,0,,161,100
81,499,1299,5.80742671839896e-09,0,,161,100
82,502,1302,7.3042368740745315e-09,0,,161,100
83,520,1320,3.2533087827264834e-12,0,,162,100
84,528,1328,5.0182536265367966e-12,0,,162,100
85,531,1331,6.440848694112877e-12,0,,160,100
86,535,1335,1.8538280242164602e-09,0,,158,100
87,541,1341,1.7569231585768033e-10,0,,157,100
88,544,1344,6.262352591816944e-10,0,,158,100
89,560,1360,1.946474129444497e-12,0,,160,100
90,566,1366,3.722870439235843e-12,0,,161,100
91,569,1369,2.372531976854503e-12,0,,162,100
92,578,1378,2.000161068961792e-13,0,,161,100
93,581,1381,5.067570916707114e-11,0,,161,100
94,589,1389,3.579429020251869e-12,0,,163,100
95,596,1396,1.116445636589503e-12,0,,163,100
96,602,1402,1.405288541391072e-14,0,,163,100
97,609,1409,5.888288581101615e-15,0,,162,100
98,614,1414,1.516841481567269e-13,0,,162,100
99,617,1417,1.2189845018818604e-13,0,,162,100
100,621,1421,1.032777865483851e-14,0,,162,100
101,628,1428,3.464195048043341e-13,0,,162,100
102,631,1431,1.0997852363974694e-15,0,,161,100
103,635,1435,1.3188896184621868e-15,0,,161,100
104,643,1443,7.99677158147243e-16,0,,161,100
105,651,1451,2.260514082666898e-17,0,,161,100
106,655,1455,1.1750766682646544e-16,0,,161,100
107,659,1459,7.20512025830178e-22,0,,160,100
108,668,1468,2.878604429318421e-14,0,,160,100
109,671,1471,1.1868425316582932e-20,0,,160,100
110,676,1476,7.533287681633418e-19,0,,160,100
111,682,1482,6.074691979906401e-20,0,,160,100
112,688,1488,8.009795704264082e-16,0,,160,100
113,693,1493,6.491529827529191e-16,0,,160,100
114,697,1497,1.0009870696183718e-15,0,,160,100
115,712,1512,5.4846664378217034e-14,0,,162,100
116,722,1522,3.717992318674751e-13,0,,162,100
117,726,1526,2.694677291153767e-15,0,,162,100
118,735,1535,1.5066860981569766e-14,0,,161,100
119,738,1538,5.154625600198768e-13,0,,160,100
120,742,1542,7.619770437709456e-13,0,,161,100
121,747,1547,7.31393210600087e-13,0,,162,100
122,756,1556,1.7659581718305512e-13,0,,163,100
123,763,1563,4.0632441956338456e-13,0,,163,100
124,766,1566,2.484321486641552e-13,0,,163,100
125,770,1570,4.252281240050969e-13,0,,163,100
126,776,1576,2.5466339195505663e-13,0,,166,100
127,790,1590,4.277188906359535e-13,0,,163,100
128,793,1593,2.4120468473154443e-13,0,,162,100
129,800,1600,1.822469624275611e-13,0,,163,100
130,806,1606,2.0306325794934582e-14,0,,164,100
131,809,1609,1.0897461308136943e-14,0,,163,100
132,811,1611,1.2918733093857376e-14,0,,164,100
133,826,1626,6.902691062071186e-14,0,,162,100
134,830,1630,5.273829874077739e-14,0,,162,100
135,836,1636,2.0687091078728944e-14,0,,162,100
136,840,1640,1.8227063117271477e-15,0,,162,100
137,845,1645,5.765916288585489e-16,0,,163,100
138,854,1654,2.9674965876448226e-16,0,,163,100
139,857,1657,1.6853476539708138e-14,0,,162,100
140,861,1661,4.484367104235199e-12,0,,162,100
141,865,1665,2.7895007124391035e-11,0,,162,100
142,868,1668,5.211242969176564e-11,0,,163,100
143,875,1675,1.6228093421450567e-11,0,,162,100
144,880,1680,3.7040811676133744e-10,0,,162,100
145,887,1687,3.2617746621223033e-10,0,,161,100
146,891,1691,1.5639399963192635e-09,0,,161,100
147,896,1696,9.215911395307853e-10,0,,161,100
148,902,1702,9.549868666249591e-10,0,,161,100
149,908,1708,6.283142334593248e-10,0,,162,100
150,910,1710,4.5215449495522714e-10,0,,162,100
151,918,1718,4.05004835904848e-11,0,,162,100
152,921,1721,4.377337037566565e-12,0,,161,100
153,925,1725,2.1393107849311914e-10,0,,160,100
154,932,1732,2.729673407374198e-10,0,,160,100
155,940,1740,2.289258301325934e-11,0,,160,100
156,944,1744,2.6779860906370668e-11,0,,159,100
157,948,1748,3.68752261629087e-09,0,,160,100
158,954,1754,3.606694486456638e-10,0,,159,100
159,959,1759,2.3914772341733743e-11,0,,157,100
160,964,1764,1.648656953011764e-10,0,,157,100
161,973,1773,3.498124959044842e-10,0,,158,100
162,976,1776,9.056086577470613e-10,0,,158,100
163,979,1779,1.822766177286469e-10,0,,157,100
164,990,1790,3.931465046329278e-12,0,,157,100
165,993,1793,1.552443003438662e-10,0,,156,100
166,998,1798,3.046389680560499e-11,0,,155,100
167,1004,1804,2.7402385606582058e-11,0,,155,100
168,1007,1807,2.337741945409962e-12,0,,155,100
169,1013,1813,4.1471577633710845e-10,0,,156,100
170,1016,1816,1.760678921399839e-10,0,,154,100
171,1022,1822,1.6169842663616326e-09,0,,155,100
172,1025,1825,2.074105536142959e-09,0,,156,100
173,1034,1834,4.763515420384575e-12,0,,154,100
174,1050,1850,1.6222115840335992e-11,0,,154,100
175,1054,1854,1.2942899807568213e-12,0,,154,100
176,1061,1861,1.09644367372074e-12,0,,155,100
177,1067,1867,2.6742583733996557e-13,0,,154,100
178,1073,1873,2.980857490114968e-13,0,,154,100
179,1076,1876,2.2551378866686897e-13,0,,154,100
180,1088,1888,6.208128090144608e-13,0,,152,100
181,1094,1894,2.19789682010556e-11,0,,152,100
182,1098,1898,6.033298337985165e-13,0,,152,100
183,1106,1906,2.2331167902181327e-13,0,,152,100
184,1113,1913,1.3223248625414284e-12,0,,152,100
185,1119,1919,2.0570020756699233e-11,0,,153,100
186,1123,1923,3.912613583645064e-13,0,,154,100
187,1126,1926,1.81476952391872e-10,0,,154,100
188,1135,1935,6.483931657815936e-11,0,,156,100
189,1142,1942,1.5424501206606476e-14,0,,156,100
190,1147,1947,2.8214457907558865e-12,0,,156,100
191,1154,1954,1.8326630138782683e-13,0,,156,100
192,1164,1964,1.1186032078286852e-14,0,,156,100
193,1167,1967,4.663543013726675e-17,0,,155,100
194,1173,1973,1.356919100268574e-16,0,,157,100
195,1184,1984,1.9009949835327444e-15,0,,157,100
196,1193,1993,5.146759093461154e-15,0,,156,100
197,1199,1999,8.916521098311269e-13,0,,157,100
198,1205,2005,2.615590228904851e-16,0,,157,100
199,1208,2008,3.580733395952519e-17,0,,157,100
200,1219,2019,2.8109361391129177e-16,0,,158,100
201,1222,2022,1.719475991658101e-15,0,,158,100
202,1229,2029,3.0898760656147276e-16,0,,157,100
203,1232,2032,1.2847048948941608e-15,0,,158,100
204,1236,2036,1.0552419568419096e-13,0,,157,100
205,1242,2042,5.91760919190047e-14,0,,157,100
206,1249,2049,1.244232379451615e-13,0,,158,100
207,1252,2052,1.7304684449872667e-16,0,,158,100
208,1257,2057,1.0033083554247315e-16,0,,159,100
209,1266,2066,1.8823377116078218e-13,0,,157,100
210,1276,2076,2.9278995419909696e-16,0,,160,100
211,1282,2082,3.2912385372978194e-15,0,,161,100
212,1288,2088,2.3226164244825087e-16,0,,160,100
213,1291,2091,1.2692237685944852e-15,0,,159,100
214,1299,2099,3.475830072877489e-17,0,,160,100
215,1303,2103,6.753913997617677e-18,0,,160,100
216,1305,2105,3.959631425404045e-18,0,,160,100
217,1310,2110,1.6075748350344293e-18,0,,158,100
218,1313,2113,3.958264149375202e-16,0,,158,100
219,1320,2120,3.64715227524715e-17,0,,156,100
220,1324,2124,1.0786299456050474e-15,0,,156,100
221,1334,2134,1.4907085660283401e-15,0,,159,100
222,1342,2142,4.33718890173061e-17,0,,158,100
223,1346,2146,2.3442891871223774e-17,0,,159,100
224,1353,2153,5.94364532590396e-21,0,,157,100
225,1359,2159,1.1317138671883036e-20,0,,157,100
226,1366,2166,5.373090285500223e-22,0,,155,100
227,1369,2169,5.193616097211654e-22,0,,154,100
228,1373,2173,4.982522798489673e-21,0,,154,100
229,1379,2179,6.776420010817056e-22,0,,156,100
230,1388,2188,4.561821908398287e-25,0,,155,100
231,1392,2192,1.0040578261824515e-22,0,,155,100
232,1399,2199,9.895161315726683e-24,0,,154,100
233,1411,2211,8.535935276016094e-24,0,,156,100
234,1417,2217,1.7393251703069828e-24,0,,156,100
235,1420,2220,2.1379066550841633e-24,0,,158,100
236,1425,2225,4.0265332463253835e-27,0,,158,100
237,1432,2232,3.7753316587115014e-25,0,,159,100
238,1438,2238,1.154435936694455e-25,0,,159,100
239,1444,2244,1.011423604008547e-27,0,,158,100
240,1450,2250,1.5985975126545487e-29,0,,157,100
241,1454,2254,5.702922534707048e-26,0,,157,100
242,1460,2260,1.772175896086349e-27,0,,158,100
243,1468,2268,4.1006299161805396e-22,0,,158,100
244,1471,2271,1.4292645552924502e-27,0,,157,100
245,1475,2275,6.097345870061819e-27,0,,157,100
246,1484,2284,8.954340727355914e-27,0,,158,100
247,1487,2287,1.9760608427064008e-27,0,,157,100
248,1491,2291,2.9078804154171333e-25,0,,156,100
249,1498,2298,3.432141057700515e-22,0,,158,100
250,1506,2306,3.482110634886827e-26,0,,157,100
251,1510,2310,2.5507456848366e-26,0,,157,100
252,1517,2317,5.10158535201332e-24,0,,157,100
253,1523,2323,1.809283093891182e-24,0,,158,100
254,1534,2334,1.639051143066696e-20,0,,160,100
255,1539,2339,4.509551272896278e-22,0,,160,100
256,1542,2342,9.92580539038089e-24,0,,162,100
257,1546,2346,1.1811824712012102e-22,0,,163,100
258,1553,2353,7.73800202667563e-23,0,,164,100
259,1556,2356,5.3115118170396e-22,0,,164,100
260,1561,2361,2.3446449170500107e-21,0,,164,100
261,1568,2368,1.326291405649064e-19,0,,163,100
262,1571,2371,9.869163306654948e-23,0,,163,100
263,1576,2376,9.434959994006386e-22,0,,162,100
264,1582,2382,4.339475326065441e-21,0,,162,100
265,1585,2385,2.270514124719534e-22,0,,162,100
266,1589,2389,1.1229011843899754e-20,0,,161,100
267,1597,2397,1.018476864730175e-21,0,,161,100
268,1601,2401,2.9380715884829345e-20,0,,160,100
269,1608,2408,1.6016643747433026e-18,0,,161,100
270,1611,2411,9.42660895362301e-19,0,,162,100
271,1627,2427,2.06413704208099e-20,0,,162,100
272,1633,2433,8.695242820269377e-19,0,,162,100
273,1637,2437,1.2704915153063592e-18,0,,164,100
274,1644,2444,3.782091824709134e-18,0,,163,100
275,1648,2448,5.456755029981755e-18,0,,163,100
276,1652,2452,2.8550218681032874e-16,0,,163,100
277,1658,2458,4.390132021115163e-16,0,,166,100
278,1665,2465,1.1757928105612492e-16,0,,163,100
279,1675,2475,6.015946100887365e-16,0,,163,100
280,1679,2479,1.0076112283248948e-16,0,,163,100
281,1684,2484,6.584602093334669e-19,0,,163,100
282,1690,2490,2.8865347354399006e-21,0,,164,100
283,1696,2496,4.0375215613922236e-19,0,,164,100
284,1701,2501,4.380376726341778e-19,0,,163,100
285,1704,2504,3.5473576480208025e-19,0,,163,100
286,1710,2510,3.1377360498684943e-18,0,,163,100
287,1714,2514,5.102093969771682e-18,0,,164,100
288,1730,2530,3.792509319615412e-15,0,,168,100
289,1734,2534,1.248189085761383e-15,0,,168,100
290,1740,2540,5.902541384450849e-16,0,,166,100
291,1745,2545,2.9264499752779867e-16,0,,166,100
292,1757,2557,9.530887263749326e-17,0,,167,100
293,1763,2563,1.0222514274645227e-16,0,,167,100
294,1766,2566,3.900466188283041e-17,0,,166,100
295,1772,2572,2.49293268644601e-16,0,,165,100
296,1776,2576,6.517405179286456e-17,0,,165,100
297,1782,2582,1.3940514029104703e-17,0,,165,100
298,1785,2585,1.0328786631640526e-16,0,,165,100
299,1789,2589,4.642893680751913e-18,0,,167,100
300,1799,2599,3.0742673793910566e-16,0,,165,100
301,1805,2605,4.16883190567532e-18,0,,166,100
302,1808,2608,2.2567761178526815e-18,0,,166,100
303,1817,2617,9.226419254935502e-19,0,,166,100
304,1820,2620,1.7551489889418765e-16,0,,166,100
305,1826,2626,1.4044766605723675e-18,0,,165,100
306,1833,2633,2.878681750227633e-20,0,,165,100
307,1847,2647,3.989737445635946e-19,0,,167,100
308,1854,2654,9.569910855871813e-23,0,,167,100
309,1860,2660,1.603859377507776e-21,0,,166,100
310,1867,2667,1.3754536376944626e-20,0,,167,100
311,1871,2671,3.677935593610909e-21,0,,168,100
312,1882,2682,1.5427813513262882e-21,0,,168,100
313,1894,2694,1.316828841950061e-22,0,,168,100
314,1899,2699,1.5871557460332061e-21,0,,167,100
315,1911,2711,1.5243759632572897e-26,0,,168,100
316,1917,2717,7.26390889402986e-26,0,,167,100
317,1926,2726,4.327576121356795e-23,0,,167,100
318,1931,2731,2.8179707585077612e-25,0,,165,100
319,1935,2735,1.7379942362879544e-25,0,,166,100
320,1942,2742,6.270125075550678e-24,0,,166,100
321,1948,2748,2.2037960877980314e-25,0,,165,100
322,1961,2761,7.517444548906406e-24,0,,167,100
323,1968,2768,5.0740804172289784e-26,0,,168,100
324,1977,2777,8.910287680024873e-26,0,,168,100
325,1982,2782,5.808769927968852e-30,0,,167,100
326,1991,2791,9.632511227361539e-26,0,,168,100
327,1996,2796,1.621721491516161e-23,0,,167,100
328,2005,2805,1.8237601963479176e-22,0,,168,100
329,2010,2810,8.699781898120028e-23,0,,167,100
330,2016,2816,1.3471470359154136e-22,0,,168,100
331,2025,2825,3.1585423524079436e-24,0,,169,100
332,2031,2831,1.746679542080995e-21,0,,168,100
333,2037,2837,1.2000062385325232e-21,0,,170,100
334,2046,2846,6.657054611614101e-22,0,,170,100
335,2052,2852,8.161134860838022e-21,0,,169,100
336,2056,2856,1.2939148203243575e-19,0,,169,100
337,2064,2864,2.204894581204367e-19,0,,170,100
338,2072,2872,3.103254035507197e-18,0,,167,100
339,2077,2877,5.988341698408275e-18,0,,169,100
340,2087,2887,2.6327435526199383e-19,0,,170,100
341,2094,2894,4.705962123355932e-19,0,,170,100
342,2097,2897,6.877945426731654e-18,0,,170,100
343,2101,2901,1.4541665429728606e-21,0,,170,100
344,2116,2916,4.428666277355963e-21,0,,171,100
345,2121,2921,1.5555687782844728e-21,0,,171,100
346,2125,2925,7.969984665050751e-21,0,,171,100
347,2132,2932,7.719449755271408e-20,0,,170,100
348,2136,2936,3.2772513665991814e-21,0,,171,100
349,2146,2946,5.836557576630155e-19,0,,172,100
350,2156,2956,5.616337209045366e-19,0,,175,100
351,2164,2964,4.427345378666393e-19,0,,174,100
352,2170,2970,1.3821464245962007e-15,0,,175,100
353,2176,2976,2.245553674503804e-15,0,,176,100
354,2182,2982,1.0433061974999489e-19,0,,175,100
355,2185,2985,4.0913930319425234e-18,0,,174,100
356,2194,2994,1.8838469555482045e-19,0,,175,100
357,2197,2997,2.7392007230609953e-16,0,,174,100
358,2202,3002,5.800116773263887e-19,0,,174,100
359,2207,3007,4.79144902251824e-19,0,,174,100
360,2219,3019,2.312619146606852e-18,0,,173,100
361,2223,3023,1.55964234403728e-19,0,,173,100
362,2229,3029,3.4312626448387575e-22,0,,171,100
363,2232,3032,1.1602986565674784e-21,0,,172,100
364,2248,3048,1.7565535141952173e-21,0,,175,100
365,2254,3054,1.0515616723073868e-20,0,,173,100
366,2260,3060,1.0380565840685159e-22,0,,172,100
367,2266,3066,4.202071018566567e-23,0,,172,100
368,2274,3074,8.909851379342921e-24,0,,173,100
369,2278,3078,8.562169859088407e-23,0,,172,100
370,2284,3084,1.3539508508953577e-22,0,,173,100
371,2294,3094,3.2060855960384697e-22,0,,171,100
372,2298,3098,8.244911540224819e-22,0,,171,100
373,2304,3104,3.703675792416148e-25,0,,171,100
374,2309,3109,2.1299859561676106e-25,0,,171,100
375,2313,3113,1.0470556446690106e-27,0,,171,100
376,2318,3118,1.8770417617947036e-26,0,,171,100
377,2324,3124,5.2050119423210505e-27,0,,171,100
378,2327,3127,6.937713031881487e-26,0,,171,100
379,2341,3141,9.742330924448418e-29,0,,168,100
380,2349,3149,1.1923393631673106e-24,0,,166,100
381,2352,3152,8.181789478347026e-24,0,,164,100
382,2356,3156,1.5611687027715653e-26,0,,164,100
383,2363,3163,6.924160999285352e-27,0,,164,100
384,2366,3166,2.7438607308034638e-27,0,,164,100
385,2370,3170,1.6594062437784428e-25,0,,164,100
386,2377,3177,1.0982166326862576e-26,0,,166,100
387,2384,3184,7.03062140671642e-27,0,,167,100
388,2390,3190,4.680318554002662e-26,0,,167,100
389,2393,3193,6.809662542168021e-26,0,,168,100
390,2402,3202,1.8909965665670585e-27,0,,169,100
391,2405,3205,2.459649068608217e-24,0,,167,100
392,2409,3209,1.257855667990082e-24,0,,168,100
393,2418,3218,1.385753361214169e-24,0,,168,100
394,2423,3223,6.245543722968854e-18,0,,169,100
395,2428,3228,2.9188417414412475e-19,0,,168,100
396,2435,3235,2.3058949927145694e-18,0,,168,100
397,2442,3242,9.772508991555264e-18,0,,168,100
398,2445,3245,9.835386197046566e-17,0,,168,100
399,2449,3249,1.4342303584231586e-18,0,,170,100
400,2461,3261,5.946127335074515e-17,0,,170,100
401,2470,3270,5.128778480059758e-13,0,,169,100
402,2474,3274,8.395389666371121e-13,0,,170,100
403,2478,3278,8.573564923371068e-12,0,,169,100
404,2485,3285,2.495585507410799e-12,0,,169,100
405,2489,3289,1.1402499131205845e-11,0,,168,100
406,2494,3294,2.23764333273319e-14,0,,168,100
407,2502,3302,6.370120937354568e-16,0,,169,100
408,2508,3308,2.6063958226515728e-15,0,,169,100
409,2513,3313,2.0090952084476278e-11,0,,169,100
410,2517,3317,1.0362216859934052e-12,0,,169,100
411,2524,3324,2.566859969396724e-13,0,,167,100
412,2536,3336,3.9918259855051535e-14,0,,169,100
413,2542,3342,1.5232853835898923e-14,0,,170,100
414,2547,3347,7.171456539020783e-13,0,,170,100
415,2553,3353,8.910576018592584e-14,0,,171,100
416,2556,3356,4.7116646011356935e-12,0,,171,100
417,2566,3366,6.1527308984589786e-12,0,,172,100
418,2569,3369,7.209064847006992e-14,0,,172,100
419,2581,3381,1.1983104856431404e-14,0,,172,100
420,2584,3384,9.64406856850039e-15,0,,172,100
421,2588,3388,7.353772610860524e-16,0,,172,100
422,2594,3394,3.34142385657318e-16,0,,172,100
423,2604,3404,1.5605944276569436e-16,0,,173,100
424,2609,3409,9.028868647547017e-16,0,,174,100
425,2615,3415,9.94443399386876e-17,0,,175,100
426,2618,3418,1.2629787110251409e-16,0,,176,100
427,2626,3426,5.939268933976836e-19,0,,175,100
428,2629,3429,2.8037981582925143e-19,0,,175,100
429,2637,3437,1.4870122621098834e-16,0,,175,100
430,2640,3440,7.152378914736956e-17,0,,175,100
431,2644,3444,3.4227915981169703e-17,0,,174,100
432,2647,3447,3.0779021635424407e-18,0,,173,100
433,2652,3452,1.758397597911051e-20,0,,173,100
434,2658,3458,2.1198116959439552e-19,0,,174,100
435,2667,3467,7.081094941352835e-16,0,,172,100
436,2671,3471,7.067113743045e-16,0,,174,100
437,2677,3477,4.645848149318283e-19,0,,173,100
438,2680,3480,3.7591792961674357e-20,0,,173,100
439,2684,3484,6.748323600025816e-20,0,,174,100
440,2693,3493,1.0192992354685318e-18,0,,174,100
441,2696,3496,1.7158558229218665e-19,0,,174,100
442,2700,3500,7.133199791320499e-20,0,,173,100
443,2706,3506,4.463239275411981e-19,0,,174,100
444,2712,3512,2.7375849473074213e-19,0,,175,100
445,2718,3518,6.814051121888341e-23,0,,174,100
446,2721,3521,1.0000513090837162e-22,0,,175,100
447,2729,3529,5.682818476869567e-21,0,,174,100
448,2732,3532,3.1681028135600367e-25,0,,174,100
449,2736,3536,2.333456595401448e-24,0,,172,100
450,2747,3547,1.5579697732567661e-24,0,,176,100
451,2750,3550,9.649779797915374e-25,0,,175,100
452,2754,3554,1.4225417332019148e-25,0,,175,100
453,2761,3561,4.722583666026164e-23,0,,176,100
454,2767,3567,5.949479216518664e-26,0,,176,100
455,2770,3570,1.4910119170504029e-24,0,,175,100
456,2774,3574,4.641930809544443e-27,0,,174,100
457,2781,3581,1.4587432762900242e-26,0,,174,100
458,2787,3587,1.3104254961243661e-24,0,,175,100
459,2790,3590,4.452832507273309e-26,0,,175,100
460,2794,3594,2.0934773281360127e-27,0,,174,100
461,2805,3605,3.856379345811231e-27,0,,174,100
462,2808,3608,8.55008789478547e-25,0,,174,100
463,2812,3612,4.1085042919293565e-25,0,,175,100
464,2819,3619,1.81658907584587e-29,0,,176,100
465,2825,3625,3.204602601822341e-29,0,,175,100
466,2829,3629,6.710055628258972e-28,0,,175,100
467,2832,3632,2.269545398237675e-25,0,,175,100
468,2836,3636,4.669390965081003e-27,0,,175,100
469,2842,3642,9.572540596355228e-25,0,,176,100
470,2848,3648,5.966275589561206e-25,0,,176,100
471,2851,3651,1.3495538108910604e-27,0,,176,100
472,2855,3655,2.7715087517819316e-23,0,,173,100
473,2866,3666,1.2480254206874548e-24,0,,176,100
474,2869,3669,3.4125600841224576e-24,0,,176,100
475,2873,3673,3.716213484101425e-24,0,,176,100
476,2879,3679,3.6508144902334455e-23,0,,175,100
477,2885,3685,5.52196360032084e-23,0,,174,100
478,2888,3688,3.0522774516722296e-22,0,,174,100
479,2893,3693,5.955398205435304e-21,0,,173,100
480,2897,3697,2.3342644513717215e-19,0,,174,100
481,2903,3703,1.3914163247847872e-19,0,,174,100
482,2907,3707,2.0661843069346215e-20,0,,173,100
483,2910,3710,1.6341128365404417e-20,0,,174,100
484,2917,3717,1.3249298590021235e-21,0,,173,100
485,2923,3723,2.448014148593784e-18,0,,173,100
486,2930,3730,9.979197862971522e-20,0,,175,100
487,2936,3736,7.005386147389501e-19,0,,175,100
488,2940,3740,1.3338647998561274e-18,0,,174,100
489,2943,3743,5.99105293743234e-16,0,,174,100
490,2953,3753,1.450151209142992e-17,0,,175,100
491,2960,3760,1.3487093788202119e-15,0,,174,100
492,2963,3763,4.343520732179927e-15,0,,174,100
493,2976,3776,1.7010361825367286e-16,0,,174,100
494,2979,3779,5.668001934255086e-18,0,,174,100
495,2990,3790,1.7168280690577122e-15,0,,175,100
496,2997,3797,4.252783622775676e-15,0,,177,100
497,3001,3801,6.711113563066561e-15,0,,177,100
498,3008,3808,3.103862522241358e-14,0,,175,100
499,3011,3811,1.920926331319436e-17,0,,175,100
500,3015,3815,9.04462531776272e-15,0,,177,100
501,3027,3827,4.0568177401694496e-14,0,,176,100
502,3030,3830,2.900269713935438e-13,0,,176,100
503,3034,3834,7.201492733249357e-16,0,,176,100
504,3041,3841,2.3643369776585604e-20,0,,176,100
505,3045,3845,9.319106568689616e-17,0,,177,100
506,3055,3855,1.446734704967239e-16,0,,180,100
507,3063,3863,2.3494239379726298e-17,0,,180,100
508,3067,3867,4.2525516977683593e-20,0,,180,100
509,3072,3872,4.8621316146680866e-20,0,,181,100
510,3082,3882,8.773730707461957e-16,0,,180,100
511,3095,3895,9.657377623007509e-16,0,,181,100
512,3101,3901,2.8382372043371808e-15,0,,181,100
513,3105,3905,1.726836163942159e-13,0,,181,100
514,3110,3910,1.4380789193953148e-12,0,,181,100
515,3118,3918,1.7440476029532259e-15,0,,182,100
516,3121,3921,6.1846097210133086e-15,0,,182,100
517,3125,3925,1.3438646114931126e-15,0,,183,100
518,3138,3938,5.772536935181479e-16,0,,181,100
519,3144,3944,7.037992951648471e-14,0,,183,100
520,3150,3950,1.8681240698145066e-14,0,,183,100
521,3155,3955,1.5138030753320025e-16,0,,183,100
522,3160,3960,7.341950608661633e-14,0,,183,100
523,3165,3965,4.9859728792261754e-17,0,,183,100
524,3177,3977,5.3932875450059434e-17,0,,180,100
525,3180,3980,1.219042156475694e-17,0,,179,100
526,3187,3987,6.629885573308689e-18,0,,179,100
527,3193,3993,7.760172691787112e-19,0,,179,100
528,3196,3996,5.5345230196673335e-18,0,,179,100
529,3198,3998,1.9167956063756135e-18,0,,179,100
530,3206,4006,8.724646186264264e-21,0,,179,100
531,3210,4010,1.5273528780731283e-21,0,,179,100
532,3216,4016,1.5107320445901574e-22,0,,179,100
533,3220,4020,2.1696946828701284e-22,0,,179,100
534,3225,4025,9.312163451217852e-23,0,,180,100
535,3234,4034,2.792906165553115e-22,0,,179,100
536,3237,4037,2.8217836825325497e-19,0,,178,100
537,3241,4041,1.2237442949206289e-22,0,,181,100
538,3245,4045,1.679770157921992e-22,0,,181,100
539,3248,4048,1.3072682171339164e-22,0,,181,100
540,3255,4055,3.435620007971785e-21,0,,181,100
541,3262,4062,3.070830084284291e-22,0,,181,100
542,3266,4066,2.7121830229694913e-24,0,,181,100
543,3271,4071,2.849466976424058e-24,0,,183,100
544,3276,4076,9.580319919454883e-24,0,,181,100
545,3282,4082,5.41705716351285e-22,0,,181,100
546,3284,4084,1.0425986097059193e-22,0,,182,100
547,3292,4092,3.158507176891654e-26,0,,181,100
548,3295,4095,2.1257011546990897e-23,0,,181,100
549,3299,4099,2.982453403346559e-21,0,,180,100
550,3306,4106,2.3910957134309014e-22,0,,181,100
551,3314,4114,4.451103053569545e-25,0,,180,100
552,3318,4118,7.630449121163494e-23,0,,179,100
553,3322,4122,5.683104556384965e-21,0,,179,100
554,3328,4128,1.1595428397433339e-22,0,,180,100
555,3333,4133,3.559169349228502e-20,0,,179,100
556,3338,4138,3.8988286089037854e-24,0,,178,100
557,3347,4147,5.076740439541549e-28,0,,177,100
558,3350,4150,5.943183455498568e-27,0,,177,100
559,3353,4153,1.6193597487793878e-27,0,,177,100
560,3364,4164,3.9445909761159025e-26,0,,176,100
561,3367,4167,1.679719622107805e-27,0,,176,100
562,3372,4172,4.070110761013822e-25,0,,176,100
563,3378,4178,8.414575870865835e-27,0,,176,100
564,3382,4182,2.1173751540111747e-27,0,,176,100
565,3388,4188,5.796183224468712e-27,0,,177,100
566,3391,4191,1.6370048918215946e-25,0,,177,100
567,3397,4197,8.998572200600157e-25,0,,177,100
568,3400,4200,6.1908047059682675e-25,0,,177,100
569,3409,4209,4.1862746363425887e-23,0,,174,100
570,3413,4213,2.362773727347741e-21,0,,174,100
571,3418,4218,4.329097535368048e-25,0,,174,100
572,3428,4228,1.341979833089539e-23,0,,175,100
573,3431,4231,3.439552009968951e-24,0,,174,100
574,3435,4235,2.3791174487491956e-22,0,,174,100
575,3442,4242,9.265009839845068e-21,0,,175,100
576,3449,4249,6.199070025497201e-23,0,,174,100
577,3455,4255,7.739402820186597e-22,0,,174,100
578,3458,4258,1.002820189240657e-20,0,,174,100
579,3468,4268,1.2475587442789037e-21,0,,175,100
580,3471,4271,7.404938010383632e-22,0,,173,100
581,3475,4275,6.637905481785194e-19,0,,173,100
582,3483,4283,8.898451210229019e-21,0,,172,100
583,3487,4287,2.237113365140322e-20,0,,172,100
584,3493,4293,2.5826784616524918e-23,0,,172,100
585,3498,4298,1.794162301621934e-20,0,,172,100
586,3501,4301,3.6885882987220717e-22,0,,172,100
587,3507,4307,1.725151199130149e-21,0,,172,100
588,3514,4314,5.724441715425555e-23,0,,173,100
589,3519,4319,4.5819360779287764e-20,0,,174,100
590,3522,4322,1.1549663816750398e-20,0,,175,100
591,3530,4330,7.706341444403545e-21,0,,174,100
592,3540,4340,3.132688044787951e-22,0,,172,100
593,3544,4344,4.064740779818277e-23,0,,172,100
594,3551,4351,1.3762182252806707e-21,0,,171,100
595,3557,4357,3.800895739775859e-21,0,,172,100
596,3563,4363,8.577499381971709e-19,0,,173,100
597,3569,4369,2.9249251809266853e-20,0,,174,100
598,3575,4375,3.761696161089848e-20,0,,178,100
599,3585,4385,3.559182979668792e-20,0,,178,100
600,3589,4389,9.250369205986629e-21,0,,177,100
601,3594,4394,2.3297566426985114e-16,0,,177,100
602,3596,4396,4.844102415342813e-19,0,,176,100
603,3606,4406,8.462233047246497e-20,0,,178,100
604,3610,4410,1.2748429781974503e-19,0,,177,100
605,3619,4419,2.0967627679948038e-22,0,,175,100
606,3622,4422,1.0954771033756964e-21,0,,175,100
607,3626,4426,9.138855634905832e-23,0,,175,100
608,3634,4434,4.393964055378208e-21,0,,174,100
609,3637,4437,2.3469312871002835e-20,0,,173,100
610,3641,4441,9.068353039899388e-23,0,,173,100
611,3646,4446,6.458494206770253e-22,0,,174,100
612,3657,4457,2.0091475830134864e-20,0,,172,100
613,3660,4460,9.368586141948065e-20,0,,171,100
614,3665,4465,6.082037446842051e-21,0,,172,100
615,3668,4468,2.992120805177109e-20,0,,171,100
616,3674,4474,6.402158270218822e-20,0,,171,100
617,3683,4483,2.2913190307147227e-21,0,,172,100
618,3687,4487,5.389387206314946e-21,0,,171,100
619,3694,4494,7.239012578004363e-21,0,,172,100
620,3697,4497,1.6028474350075312e-23,0,,172,100
621,3707,4507,3.883766545182888e-20,0,,171,100
622,3710,4510,7.211850219719762e-20,0,,171,100
623,3714,4514,3.2514537795577265e-20,0,,171,100
624,3721,4521,8.985807576411565e-19,0,,172,100
625,3730,4530,6.559385293080292e-21,0,,170,100
626,3734,4534,2.1110194207594064e-23,0,,169,100
627,3741,4541,1.469801112827334e-19,0,,170,100
628,3747,4547,2.5826561910354357e-21,0,,170,100
629,3752,4552,1.704107646113205e-22,0,,170,100
630,3756,4556,6.251792677723265e-19,0,,170,100
631,3761,4561,5.141495305023164e-20,0,,170,100
632,3767,4567,4.35806420885948e-20,0,,171,100
633,3770,4570,6.455001740051429e-20,0,,170,100
634,3774,4574,2.2646616977709295e-21,0,,170,100
635,3778,4578,3.7293618745200333e-19,0,,170,100
636,3792,4592,1.6439136897224203e-20,0,,167,100
637,3797,4597,2.275958415287941e-20,0,,168,100
638,3805,4605,1.8043103785900948e-21,0,,168,100
639,3809,4609,1.06094470042162e-22,0,,169,100
640,3814,4614,5.476509539909708e-22,0,,168,100
641,3823,4623,1.372361858842835e-20,0,,168,100
642,3828,4628,3.2649787406674315e-17,0,,169,100
643,3834,4634,9.197017379026522e-20,0,,169,100
644,3837,4637,4.2825392200385964e-19,0,,170,100
645,3840,4640,4.375656553991323e-20,0,,170,100
646,3845,4645,1.8733710804784924e-17,0,,169,100
647,3848,4648,8.361445508323327e-20,0,,168,100
648,3861,4661,3.808867605971757e-17,0,,166,100
649,3866,4666,4.1048749614176094e-16,0,,166,100
650,3870,4670,1.381806528261441e-15,0,,166,100
651,3880,4680,2.816252342287506e-17,0,,167,100
652,3883,4683,3.0305110844904594e-18,0,,166,100
653,3887,4687,3.3493978184675905e-19,0,,166,100
654,3894,4694,4.657254527621067e-17,0,,167,100
655,3901,4701,4.801817483213688e-19,0,,168,100
656,3904,4704,6.18389469124027e-19,0,,168,100
657,3911,4711,1.7121236172386414e-17,0,,166,100
658,3915,4715,4.593034554599986e-21,0,,166,100
659,3921,4721,1.8988939434336777e-20,0,,167,100
660,3929,4729,9.241821168069779e-18,0,,168,100
661,3935,4735,1.1506033284468868e-18,0,,167,100
662,3944,4744,2.269399579341562e-20,0,,166,100
663,3948,4748,3.063445543350083e-22,0,,168,100
664,3951,4751,2.3754338920170628e-18,0,,166,100
665,3958,4758,2.8523776865983627e-18,0,,166,100
666,3964,4764,2.6570143231434048e-18,0,,166,100
667,3967,4767,2.6160378032714763e-18,0,,167,100
668,3977,4777,6.030695743674174e-21,0,,167,100
669,3985,4785,6.623958402073149e-21,0,,167,100
670,3989,4789,4.923138438761086e-19,0,,167,100
671,4001,4801,1.0882121754387284e-19,0,,168,100
672,4004,4804,6.120572259654286e-19,0,,169,100
673,4008,4808,5.2003698661147e-19,0,,171,100
674,4015,4815,4.635279891238731e-22,0,,173,100
675,4018,4818,5.1756123885920784e-20,0,,172,100
676,4022,4822,1.2700429750829216e-21,0,,172,100
677,4030,4830,2.725122260685862e-22,0,,172,100
678,4040,4840,1.2178970454787392e-21,0,,170,100
679,4049,4849,4.245878688272485e-21,0,,170,100
680,4052,4852,4.8526903170475364e-20,0,,170,100
681,4058,4858,2.7574214432369e-22,0,,169,100
682,4061,4861,2.2821587693958156e-22,0,,170,100
683,4073,4873,1.2252773027371922e-22,0,,169,100
684,4079,4879,1.763462942517254e-22,0,,169,100
685,4083,4883,2.6995293025990645e-23,0,,169,100
686,4090,4890,5.135868955074789e-24,0,,167,100
687,4098,4898,2.309390724683703e-25,0,,168,100
688,4103,4903,1.3252405206551132e-25,0,,169,100
689,4106,4906,1.9601200634995102e-25,0,,168,100
690,4114,4914,2.035964960747296e-25,0,,170,100
691,4119,4919,1.3582812156977555e-24,0,,169,100
692,4127,4927,7.481101856709829e-24,0,,169,100
693,4131,4931,3.1000042701765105e-23,0,,170,100
694,4148,4948,6.523631776347675e-24,0,,169,100
695,4151,4951,5.315088328596789e-21,0,,169,100
696,4156,4956,5.9468850696224146e-21,0,,169,100
697,4160,4960,1.2684882736446986e-20,0,,171,100
698,4166,4966,1.42413682991234e-20,0,,170,100
699,4170,4970,4.89449194844992e-19,0,,170,100
700,4177,4977,3.815070662567004e-18,0,,171,100
701,4180,4980,6.668871407753904e-18,0,,172,100
702,4187,4987,5.531009828992687e-20,0,,170,100
703,4193,4993,6.28201519736814e-17,0,,169,100
704,4196,4996,1.6437539175883323e-19,0,,169,100
705,4203,5003,4.453011385217942e-17,0,,170,100
706,4209,5009,5.148858229341746e-19,0,,170,100
707,4213,5013,1.3108109228663816e-20,0,,170,100
708,4220,5020,1.3769530666872329e-19,0,,171,100
709,4228,5028,3.8107788250989703e-23,0,,172,100
710,4232,5032,7.296016480150807e-21,0,,172,100
711,4236,5036,9.072960648147261e-24,0,,172,100
712,4242,5042,6.670040443977283e-24,0,,173,100
713,4252,5052,4.416730339361185e-22,0,,172,100
714,4258,5058,4.188706396308338e-22,0,,173,100
715,4271,5071,2.978921380830028e-21,0,,173,100
716,4274,5074,7.088858034582443e-20,0,,173,100
717,4281,5081,2.2238548094647143e-23,0,,173,100
718,4285,5085,2.9353160337387413e-25,0,,173,100
719,4293,5093,3.826720091503197e-26,0,,174,100
720,4296,5096,1.3792036562453618e-23,0,,173,100
721,4308,5108,3.3408679573510476e-22,0,,173,100
722,4315,5115,3.1023019014250514e-23,0,,174,100
723,4324,5124,1.989921935686382e-24,0,,174,100
724,4328,5128,2.1854498364218383e-20,0,,174,100
725,4340,5140,5.8341714777117e-23,0,,173,100
726,4350,5150,7.674274902268332e-22,0,,174,100
727,4353,5153,5.9757380812112e-21,0,,174,100
728,4360,5160,5.720923100776005e-20,0,,174,100
729,4368,5168,2.6458201598219004e-20,0,,172,100
730,4371,5171,1.579279482409717e-18,0,,170,100
731,4375,5175,1.9734049403067678e-22,0,,170,100
732,4382,5182,1.6141415076825052e-22,0,,168,100
733,4389,5189,2.867344826310376e-22,0,,169,100
734,4393,5193,4.0975728577171537e-20,0,,169,100
735,4400,5200,4.251183765525786e-22,0,,169,100
736,4403,5203,1.4192086469141075e-21,0,,168,100
737,4411,5211,1.7892024851978726e-22,0,,168,100
738,4421,5221,1.335209055411979e-22,0,,169,100
739,4425,5225,2.26718198522507e-22,0,,170,100
740,4434,5234,1.2823307667775424e-23,0,,169,100
741,4438,5238,2.1934483206311425e-23,0,,170,100
742,4455,5255,5.396637403744514e-24,0,,171,100
743,4461,5261,1.8725406462749003e-24,0,,170,100
744,4464,5264,1.281077622800031e-24,0,,172,100
745,4475,5275,3.0775807292774915e-24,0,,172,100
746,4478,5278,1.1166484559669044e-21,0,,172,100
747,4483,5283,8.183145269595355e-24,0,,171,100
748,4489,5289,1.7670226647995355e-24,0,,172,100
749,4492,5292,4.383206395449435e-24,0,,172,100
750,4496,5296,7.343928855048494e-25,0,,173,100
751,4508,5308,1.478866692173458e-23,0,,176,100
752,4517,5317,4.928331900060664e-21,0,,177,100
753,4521,5321,5.451406316511881e-19,0,,177,100
754,4525,5325,1.006274689349103e-19,0,,177,100
755,4534,5334,4.1954607983496934e-23,0,,177,100
756,4538,5338,1.1139178510996392e-22,0,,177,100
757,4541,5341,9.867737126892843e-22,0,,177,100
758,4545,5345,9.127639832331395e-24,0,,177,100
759,4550,5350,3.436001363895859e-22,0,,176,100
760,4553,5353,2.0372367508372937e-22,0,,176,100
761,4557,5357,7.533205901496633e-23,0,,176,100
762,4562,5362,2.1134502062919973e-24,0,,175,100
763,4565,5365,1.2147000261500344e-23,0,,175,100
764,4571,5371,5.956855164486206e-23,0,,175,100
765,4576,5376,1.6624986648824948e-23,0,,176,100
766,4589,5389,1.1159334455973756e-23,0,,176,100
767,4596,5396,1.7821694126751047e-24,0,,177,100
768,4599,5399,1.1760516431934465e-22,0,,176,100
769,4602,5402,1.0411790323014409e-23,0,,176,100
770,4606,5406,3.884610933076869e-23,0,,175,100
771,4613,5413,2.1685313210664554e-23,0,,177,100
772,4616,5416,1.079124170839946e-23,0,,176,100
773,4624,5424,1.0130843769297025e-22,0,,177,100
774,4635,5435,2.1999849231884146e-20,0,,174,100
775,4639,5439,7.5643566925024e-22,0,,175,100
776,4648,5448,4.2026856987755727e-26,0,,175,100
777,4654,5454,9.712233564127664e-27,0,,175,100
778,4663,5463,2.261937182022092e-25,0,,175,100
779,4666,5466,3.287671913492308e-26,0,,175,100
780,4672,5472,4.0297892679868386e-26,0,,177,100
781,4677,5477,3.807757371540539e-25,0,,177,100
782,4680,5480,3.1570190278179725e-24,0,,177,100
783,4686,5486,3.662791483430296e-25,0,,178,100
784,4692,5492,7.9038424935075425e-25,0,,178,100
785,4696,5496,6.63921948755871e-25,0,,179,100
786,4701,5501,9.119758235721039e-25,0,,179,100
787,4709,5509,6.648059301553199e-26,0,,179,100
788,4715,5515,6.704626193364236e-24,0,,180,100
789,4718,5518,2.1482925051287184e-22,0,,179,100
790,4721,5521,7.670631263912543e-21,0,,178,100
791,4725,5525,1.0369351125287364e-22,0,,178,100
792,4731,5531,6.505381154209176e-26,0,,179,100
793,4738,5538,6.629038680841881e-24,0,,179,100
794,4741,5541,6.598052578377907e-25,0,,178,100
795,4751,5551,5.423904633820605e-26,0,,179,100
796,4758,5558,2.6492245315171305e-22,0,,180,100
797,4763,5563,4.4276814659206245e-21,0,,179,100
798,4769,5569,2.3967892033472027e-24,0,,180,100
799,4772,5572,4.0049088034110843e-25,0,,180,100
800,4776,5576,1.4166516943162255e-24,0,,179,100
801,4784,5584,2.740842391551986e-26,0,,180,100
802,4786,5586,4.4457977678353015e-25,0,,179,100
803,4796,5596,1.2271730625992156e-24,0,,181,100
804,4802,5602,1.2471014574157931e-31,0,,177,100
805,4810,5610,2.2765936665803072e-26,0,,178,100
806,4813,5613,2.547206523768926e-26,0,,176,100
807,4818,5618,1.6859167664437805e-24,0,,175,100
808,4824,5624,3.427319319313785e-26,0,,178,100
809,4830,5630,2.1594919762847736e-24,0,,177,100
810,4833,5633,2.1730260778477526e-24,0,,176,100
811,4837,5637,8.512867658326703e-25,0,,177,100
812,4843,5643,9.365065674181568e-25,0,,177,100
813,4846,5646,1.549950437529367e-23,0,,177,100
814,4850,5650,1.6687888549575124e-23,0,,178,100
815,4861,5661,8.167003686627726e-25,0,,176,100
816,4869,5669,3.775638678259126e-23,0,,177,100
817,4873,5673,1.1733126071217165e-23,0,,178,100
818,4888,5688,7.537039899985169e-25,0,,179,100
819,4891,5691,2.76380853585402e-22,0,,178,100
820,4895,5695,3.2686968271050486e-24,0,,178,100
821,4899,5699,6.411554069572089e-22,0,,178,100
822,4908,5708,4.4474996346875664e-24,0,,179,100
823,4912,5712,2.8928933567686157e-25,0,,179,100
824,4914,5714,3.2669709396456992e-25,0,,179,100
825,4923,5723,3.822111287907929e-23,0,,179,100
826,4926,5726,4.498781541205414e-25,0,,179,100
827,4931,5731,2.239176628201174e-20,0,,179,100
828,4937,5737,4.144683211765547e-21,0,,180,100
829,4948,5748,2.4470980558246314e-21,0,,181,100
830,4950,5750,1.1517435822046447e-20,0,,181,100
831,4957,5757,8.920566684421781e-23,0,,181,100
832,4960,5760,5.0735407707538996e-23,0,,180,100
833,4963,5763,1.709395102344157e-23,0,,180,100
834,4973,5773,1.488815437846279e-26,0,,179,100
835,4977,5777,4.764466468309068e-24,0,,179,100
836,4979,5779,2.9821759884050146e-24,0,,180,100
837,4987,5787,3.5762992391221105e-26,0,,179,100
838,4994,5794,9.084350954428487e-27,0,,180,100
839,4998,5798,1.599210796484813e-23,0,,179,100
840,5006,5806,8.274104761699339e-24,0,,179,100
841,5011,5811,8.137595987620281e-26,0,,179,100
842,5015,5815,6.036699135732616e-24,0,,178,100
843,5018,5818,4.820462074174871e-26,0,,180,100
844,5023,5823,5.093653337779388e-25,0,,181,100
845,5027,5827,1.9424238140974592e-24,0,,180,100
846,5031,5831,5.009248201155835e-22,0,,182,100
847,5034,5834,3.7893063277923995e-23,0,,182,100
848,5045,5845,3.882875663330255e-21,0,,182,100
849,5048,5848,5.131097809785261e-21,0,,183,100
850,5055,5855,6.749015079847492e-24,0,,181,100
851,5059,5859,7.62855318514576e-24,0,,182,100
852,5070,5870,2.2160479070972125e-25,0,,181,100
853,5073,5873,4.39272322309377e-25,0,,182,100
854,5080,5880,7.57947117954745e-25,0,,181,100
855,5089,5889,8.754945135944515e-28,0,,181,100
856,5092,5892,3.7024843362092594e-24,0,,179,100
857,5097,5897,2.0346066209562147e-27,0,,179,100
858,5105,5905,1.1482556160658404e-19,0,,177,100
859,5109,5909,7.953400262616959e-19,0,,176,100
860,5115,5915,1.6436966202439467e-21,0,,178,100
861,5120,5920,1.4449399664226412e-22,0,,179,100
862,5130,5930,8.892904634439947e-26,0,,177,100
863,5133,5933,2.3447305741432193e-28,0,,177,100
864,5138,5938,1.3731545653871304e-26,0,,178,100
865,5144,5944,6.2632561773604105e-28,0,,179,100
866,5148,5948,4.043697596385015e-28,0,,178,100
867,5158,5958,3.064226326814934e-25,0,,177,100
868,5163,5963,3.463188138262718e-28,0,,177,100
869,5169,5969,1.082017653549267e-24,0,,177,100
870,5173,5973,5.7945592283592715e-25,0,,178,100
871,5183,5983,4.3280424519410867e-26,0,,177,100
872,5187,5987,3.345831573097263e-23,0,,177,100
873,5193,5993,6.654582417214313e-25,0,,178,100
874,5196,5996,1.4119885712720095e-21,0,,177,100
875,5200,6000,3.393969683289475e-24,0,,177,100
876,5213,6013,5.987262998330273e-26,0,,180,100
877,5220,6020,6.954359179670596e-28,0,,179,100
878,5224,6024,3.0016843154740407e-22,0,,179,100
879,5232,6032,6.4654410913784146e-24,0,,180,100
880,5236,6036,6.4513459965518984e-24,0,,182,100
881,5247,6047,2.808024068561293e-26,0,,182,100
882,5258,6058,2.73108579945517e-26,0,,183,100
883,5263,6063,2.4713757467291623e-27,0,,182,100
884,5268,6068,1.7578050076047544e-29,0,,182,100
885,5272,6072,3.3749062417793056e-31,0,,182,100
886,5284,6084,8.987574740390767e-28,0,,182,100
887,5287,6087,5.168510708603486e-29,0,,181,100
888,5291,6091,3.4170731879104574e-29,0,,182,100
889,5299,6099,2.5446242226284913e-26,0,,179,100
890,5305,6105,3.94527739850188e-29,0,,179,100
891,5307,6107,7.810284728112206e-28,0,,178,100
892,5316,6116,1.9853008317844873e-24,0,,175,100
893,5321,6121,9.111904431093659e-27,0,,175,100
894,5327,6127,2.5470256615264337e-28,0,,175,100
895,5333,6133,4.3696155198326814e-29,0,,176,100
896,5338,6138,5.37971952286771e-28,0,,175,100
897,5340,6140,2.5233694946727913e-27,0,,175,100
898,5348,6148,1.0122468063132734e-28,0,,174,100
899,5351,6151,5.027952986639264e-27,0,,173,100
900,5355,6155,5.582496744439828e-28,0,,174,100
901,5368,6168,2.2080714673275328e-27,0,,175,100
902,5372,6172,5.304193325679965e-29,0,,175,100
903,5377,6177,1.856069486761505e-21,0,,175,100
904,5382,6182,2.744342892081983e-22,0,,175,100
905,5385,6185,1.2439242102177146e-22,0,,174,100
906,5390,6190,3.5690204514427586e-27,0,,174,100
907,5398,6198,6.391222498577235e-28,0,,175,100
908,5402,6202,3.5357906263140486e-26,0,,175,100
909,5408,6208,1.0438653217614016e-24,0,,175,100
910,5418,6218,7.849859226060563e-27,0,,175,100
911,5423,6223,7.011127427882367e-29,0,,175,100
912,5429,6229,7.222468731637444e-26,0,,175,100
913,5432,6232,1.0080945872971318e-23,0,,175,100
914,5436,6236,1.0578774777358354e-24,0,,175,100
915,5439,6239,6.895352965259978e-24,0,,174,100
916,5445,6245,4.0735151264289435e-23,0,,176,100
917,5454,6254,2.707633159072368e-26,0,,176,100
918,5462,6262,3.061491906246456e-25,0,,176,100
919,5471,6271,6.877962441093834e-23,0,,173,100
920,5475,6275,6.915407375854668e-24,0,,173,100
921,5479,6279,3.116029234243074e-24,0,,173,100
922,5484,6284,6.167567048756277e-24,0,,173,100
923,5488,6288,7.070314545616934e-24,0,,172,100
924,5493,6293,7.348741431749867e-23,0,,171,100
925,5496,6296,1.284072330706682e-22,0,,173,100
926,5500,6300,1.6349222294559168e-25,0,,173,100
927,5508,6308,1.4707779166274935e-21,0,,173,100
928,5511,6311,2.1963826214245003e-22,0,,173,100
929,5518,6318,1.203864853842472e-25,0,,172,100
930,5524,6324,2.537490024621136e-20,0,,172,100
931,5527,6327,2.1887827922971684e-21,0,,171,100
932,5531,6331,5.031818127563969e-22,0,,172,100
933,5540,6340,1.456205609465044e-20,0,,172,100
934,5547,6347,2.763107606736944e-20,0,,172,100
935,5550,6350,2.895174255091415e-21,0,,171,100
936,5554,6354,3.527769106644176e-21,0,,173,100
937,5561,6361,5.205286578320557e-18,0,,172,100
938,5564,6364,9.103959278552281e-23,0,,172,100
939,5568,6368,2.8908816324028223e-22,0,,173,100
940,5574,6374,3.516286531160359e-19,0,,172,100
941,5577,6377,6.638282186440601e-21,0,,172,100
942,5583,6383,1.814514507543941e-21,0,,171,100
943,5592,6392,2.3293635590497182e-21,0,,171,100
944,5595,6395,3.525848001761299e-21,0,,171,100
945,5603,6403,1.5279563424736744e-20,0,,172,100
946,5606,6406,2.858198594513774e-21,0,,171,100
947,5610,6410,6.000486909813263e-22,0,,170,100
948,5620,6420,1.8675693577814336e-23,0,,168,100
949,5628,6428,1.0550791544415954e-23,0,,168,100
950,5635,6435,2.065670540332139e-24,0,,168,100
951,5642,6442,1.1902773969687802e-22,0,,168,100
952,5646,6446,2.2476881538316337e-24,0,,167,100
953,5654,6454,2.688766538625148e-24,0,,169,100
954,5657,6457,5.822547253978438e-24,0,,168,100
955,5667,6467,2.4623819906844406e-23,0,,168,100
956,5674,6474,2.454135994086236e-23,0,,168,100
957,5682,6482,3.186345062156296e-22,0,,169,100
958,5686,6486,3.0395150175624517e-21,0,,169,100
959,5694,6494,2.4761535312797213e-23,0,,170,100
960,5697,6497,1.0511462979501926e-21,0,,170,100
961,5701,6501,3.2524100243383946e-24,0,,170,100
962,5708,6508,4.7050862982653226e-23,0,,169,100
963,5716,6516,2.2233066151122072e-23,0,,169,100
964,5720,6520,1.3593770955426235e-22,0,,168,100
965,5725,6525,1.8961930743948328e-26,0,,169,100
966,5730,6530,3.738202405116556e-26,0,,169,100
967,5736,6536,1.889007106806951e-26,0,,170,100
968,5742,6542,3.823219442695744e-24,0,,168,100
969,5746,6546,1.3759884833778818e-26,0,,168,100
970,5749,6549,4.2407031077089945e-26,0,,169,100
971,5753,6553,8.003286874155566e-24,0,,169,100
972,5759,6559,3.791596559114365e-25,0,,169,100
973,5765,6565,3.050655752310356e-23,0,,169,100
974,5770,6570,8.995913023256402e-25,0,,168,100
975,5775,6575,5.785749046447462e-23,0,,169,100
976,5778,6578,1.2498945666685617e-25,0,,168,100
977,5784,6584,3.407945237361232e-23,0,,168,100
978,5788,6588,3.020645439018717e-24,0,,168,100
979,5792,6592,3.5491392595908544e-24,0,,169,100
980,5799,6599,2.925321326926493e-23,0,,168,100
981,5805,6605,3.443605790732162e-21,0,,167,100
982,5808,6608,8.251297116225845e-21,0,,169,100
983,5818,6618,1.308414883374496e-26,0,,167,100
984,5826,6626,2.035744773077397e-21,0,,166,100
985,5829,6629,3.6625896903844635e-23,0,,164,100
986,5833,6633,2.0730223642563918e-22,0,,165,100
987,5842,6642,4.899736841394633e-24,0,,164,100
988,5846,6646,4.4098492628980536e-24,0,,165,100
989,5862,6662,1.7274769135569483e-27,0,,166,100
990,5868,6668,2.7987589415209517e-26,0,,166,100
991,5876,6676,3.45664350161498e-25,0,,168,100
992,5878,6678,4.0833455991918965e-25,0,,169,100
993,5891,6691,1.5115668585430027e-22,0,,173,100
994,5895,6695,2.8406991194204373e-25,0,,172,100
995,5901,6701,6.557753070229179e-25,0,,173,100
996,5911,6711,7.190027050953985e-22,0,,172,100
997,5914,6714,1.752956080080378e-21,0,,172,100
998,5917,6717,2.4934134935654273e-22,0,,173,100
999,5929,6729,1.2765770475658086e-22,0,,171,100
1000,5932,6732,1.4715548154099165e-25,0,,170,100
1001,5937,6737,1.1108689999047685e-23,0,,170,100
1002,5941,6741,1.0097958200047088e-23,0,,170,100
1003,5946,6746,1.2084474871467116e-23,0,,170,100
1004,5950,6750,2.7316140169243036e-24,0,,170,100
1005,5953,6753,7.727040534568124e-24,0,,170,100
1006,5957,6757,1.1109814352106409e-24,0,,171,100
1007,5966,6766,7.702498164248285e-22,0,,169,100
1008,5969,6769,6.476487599257546e-26,0,,168,100
1009,5973,6773,1.2787707478439917e-23,0,,168,100
1010,5980,6780,6.153761632744702e-26,0,,168,100
1011,5988,6788,3.4163207592676496e-22,0,,168,100
1012,5993,6793,4.77113582448883e-22,0,,168,100
1013,5999,6799,6.172488766503615e-21,0,,168,100
1014,6002,6802,3.757241087821757e-21,0,,167,100
1015,6006,6806,4.399407258719812e-21,0,,167,100
1016,6013,6813,3.9619154028675774e-22,0,,166,100
1017,6020,6820,3.989624572079895e-25,0,,166,100
1018,6029,6829,8.733025438807543e-24,0,,166,100
1019,6036,6836,3.315453731977043e-23,0,,164,100
1020,6040,6840,3.6533402031455514e-22,0,,167,100
1021,6047,6847,5.843212058564394e-21,0,,166,100
1022,6050,6850,8.453568706820786e-22,0,,166,100
1023,6054,6854,2.0320820416884967e-22,0,,166,100
1024,6061,6861,2.1670652179968303e-21,0,,164,100
1025,6064,6864,4.2742836107843214e-21,0,,165,100
1026,6075,6875,4.751636077146998e-23,0,,165,100
1027,6080,6880,4.578941013989579e-23,0,,166,100
1028,6087,6887,5.0355201182322994e-24,0,,166,100
1029,6094,6894,3.9708585266842255e-21,0,,166,100
1030,6100,6900,2.477187390539973e-20,0,,166,100
1031,6111,6911,3.1480378123232154e-19,0,,166,100
1032,6114,6914,3.65736625529729e-19,0,,165,100
1033,6118,6918,2.660886357291576e-19,0,,165,100
1034,6126,6926,5.3179599726493804e-21,0,,167,100
1035,6129,6929,2.2703892423540708e-20,0,,167,100
1036,6135,6935,2.3242279905291472e-20,0,,167,100
1037,6146,6946,7.349449721945695e-20,0,,169,100
1038,6154,6954,3.6285947618048374e-23,0,,169,100
1039,6158,6958,1.650306909251504e-22,0,,169,100
1040,6161,6961,1.0646625523276277e-23,0,,168,100
1041,6167,6967,1.0380099024025435e-25,0,,168,100
1042,6170,6970,8.474507472879714e-26,0,,168,100
1043,6174,6974,6.871890674217483e-26,0,,168,100
1044,6184,6984,3.7333911715069255e-26,0,,168,100
1045,6189,6989,9.785722276824752e-29,0,,168,100
1046,6193,6993,3.3721663477083204e-30,0,,167,100
1047,6199,6999,3.6231959659542122e-25,0,,166,100
1048,6203,7003,2.8680001125988563e-27,0,,167,100
1049,6207,7007,4.9052257322548027e-26,0,,167,100
1050,6211,7011,1.1199106185343579e-26,0,,167,100
1051,6218,7018,7.869938462388565e-28,0,,167,100
1052,6221,7021,8.558019348989751e-28,0,,168,100
1053,6228,7028,5.533367100079362e-28,0,,167,100
1054,6231,7031,7.820371322232311e-26,0,,167,100
1055,6238,7038,6.991655664489163e-25,0,,169,100
1056,6245,7045,6.373891849649808e-25,0,,169,100
1057,6250,7050,3.3651258419173805e-25,0,,169,100
1058,6256,7056,2.4591713943252385e-26,0,,169,100
1059,6260,7060,3.098841668433945e-25,0,,168,100
1060,6263,7063,1.7021723097403542e-25,0,,169,100
1061,6274,7074,3.8754124818830344e-25,0,,171,100
1062,6277,7077,1.005759633545519e-26,0,,170,100
1063,6281,7081,2.3596548253679442e-26,0,,170,100
1064,6287,7087,3.652551530652766e-30,0,,170,100
1065,6295,7095,3.1397910003380943e-25,0,,168,100
1066,6298,7098,4.847459927516133e-30,0,,167,100
1067,6306,7106,1.5248385974345973e-31,0,,169,100
1068,6309,7109,6.892310132097692e-31,0,,169,100
1069,6324,7124,1.4142665033985144e-31,0,,170,100
1070,6331,7131,1.843657692983628e-27,0,,168,100
1071,6338,7138,2.6338451195242355e-28,0,,170,100
1072,6342,7142,3.912262303737314e-27,0,,170,100
1073,6347,7147,1.1682078577370358e-30,0,,169,100
1074,6351,7151,1.6585447096450123e-30,0,,169,100
1075,6357,7157,1.6720380504921004e-30,0,,169,100
1076,6360,7160,3.736766208842563e-29,0,,168,100
1077,6364,7164,2.2134125705500023e-29,0,,168,100
1078,6373,7173,1.4763804359793145e-26,0,,168,100
1079,6376,7176,1.2772674421048655e-28,0,,168,100
1080,6386,7186,1.6776105408154928e-26,0,,170,100
1081,6389,7189,1.8459649034525078e-24,0,,170,100
1082,6393,7193,1.8142694110156347e-26,0,,169,100
1083,6399,7199,7.282420972521392e-27,0,,169,100
1084,6406,7206,2.4150970762166442e-26,0,,169,100
1085,6412,7212,9.456089026114847e-25,0,,169,100
1086,6416,7216,9.945508242645893e-26,0,,169,100
1087,6426,7226,2.0227977319669774e-24,0,,171,100
1088,6429,7229,1.2074509886404537e-23,0,,171,100
1089,6433,7233,8.779028025846305e-22,0,,170,100
1090,6440,7240,5.365523509666246e-23,0,,171,100
1091,6448,7248,1.5738120568148172e-22,0,,170,100
1092,6454,7254,4.868140502419217e-22,0,,170,100
1093,6460,7260,3.0945838287557496e-19,0,,171,100
1094,6465,7265,7.428720709434028e-25,0,,170,100
1095,6470,7270,7.568136011282916e-24,0,,170,100
1096,6479,7279,9.944574611040679e-25,0,,170,100
1097,6482,7282,1.157604756877781e-26,0,,169,100
1098,6486,7286,1.1294604025183673e-26,0,,170,100
1099,6497,7297,1.295876875900466e-26,0,,169,100
1100,6505,7305,2.093714157838916e-26,0,,168,100
1101,6511,7311,4.9227926386216345e-27,0,,170,100
1102,6516,7316,6.432833429423185e-26,0,,170,100
1103,6521,7321,3.9858329553263077e-25,0,,170,100
1104,6531,7331,2.9069311775547815e-24,0,,170,100
1105,6538,7338,1.7736880264203726e-20,0,,169,100
1106,6543,7343,2.679712449037973e-21,0,,170,100
1107,6549,7349,1.695854515870098e-21,0,,168,100
1108,6553,7353,1.8675681964368115e-19,0,,168,100
1109,6556,7356,2.5881737144057727e-21,0,,169,100
1110,6563,7363,6.2695103335116e-20,0,,170,100
1111,6571,7371,1.9546681305424618e-20,0,,170,100
1112,6575,7375,3.961099298739461e-21,0,,171,100
1113,6582,7382,8.865251875532426e-22,0,,172,100
1114,6588,7388,1.0756186086857674e-19,0,,172,100
1115,6592,7392,1.2160935506489129e-20,0,,171,100
1116,6599,7399,6.819537981059443e-20,0,,173,100
1117,6607,7407,1.453387628139902e-19,0,,171,100
1118,6613,7413,8.576921965359114e-17,0,,172,100
1119,6616,7416,3.6826365378000483e-19,0,,171,100
1120,6618,7418,1.6034668963222599e-18,0,,170,100
1121,6625,7425,3.2781288911684736e-16,0,,171,100
1122,6628,7428,8.704938714138273e-16,0,,171,100
1123,6635,7435,7.258682573796352e-16,0,,171,100
1124,6641,7441,1.1087426367724178e-16,0,,171,100
1125,6648,7448,2.5382712465833404e-20,0,,171,100
1126,6652,7452,3.296529280480025e-19,0,,172,100
1127,6664,7464,1.850498196681244e-18,0,,173,100
1128,6667,7467,3.298774200968136e-19,0,,173,100
1129,6676,7476,1.3380407271242341e-19,0,,170,100
1130,6684,7484,9.37639882836243e-17,0,,170,100
1131,6687,7487,7.825040146856268e-18,0,,169,100
1132,6691,7491,9.35899290249528e-19,0,,170,100
1133,6697,7497,4.0532611567828053e-17,0,,169,100
1134,6701,7501,5.170912572530082e-17,0,,169,100
1135,6709,7509,1.8830165352142558e-18,0,,170,100
1136,6717,7517,2.2150911810100893e-17,0,,170,100
1137,6723,7523,3.181637958319482e-17,0,,172,100
1138,6733,7533,1.5764895476023087e-17,0,,171,100
1139,6736,7536,4.1801905271620203e-17,0,,171,100
1140,6740,7540,1.5085992888657112e-17,0,,171,100
1141,6746,7546,2.37264412940377e-15,0,,171,100
1142,6749,7549,8.142767133203545e-16,0,,171,100
1143,6766,7566,3.057145636307501e-13,0,,173,100
1144,6770,7570,5.274211991521784e-15,0,,173,100
1145,6774,7574,2.577471646344865e-15,0,,174,100
1146,6781,7581,1.682239698275846e-17,0,,175,100
1147,6785,7585,1.6152659029743953e-17,0,,175,100
1148,6793,7593,1.3638049149341945e-16,0,,176,100
1149,6796,7596,6.121126088001279e-17,0,,176,100
1150,6803,7603,2.5931945573693437e-16,0,,175,100
1151,6808,7608,6.228415045131133e-19,0,,177,100
1152,6819,7619,2.888492094050951e-17,0,,177,100
1153,6822,7622,1.3233546279272632e-17,0,,176,100
1154,6825,7625,1.4510993963921316e-15,0,,175,100
1155,6831,7631,7.309765617212486e-16,0,,176,100
1156,6839,7639,7.228852143019456e-22,0,,173,100
1157,6845,7645,1.1895082591807849e-23,0,,173,100
1158,6850,7650,2.88829113846649e-24,0,,173,100
1159,6856,7656,1.3415091476047246e-23,0,,173,100
1160,6862,7662,6.551410447781583e-24,0,,174,100
1161,6867,7667,1.7516454504003827e-21,0,,173,100
1162,6874,7674,8.671262642228511e-24,0,,174,100
1163,6878,7678,6.337335110729479e-24,0,,173,100
1164,6884,7684,1.0431397585615883e-21,0,,174,100
1165,6887,7687,3.607667762942822e-22,0,,174,100
1166,6903,7703,4.1198394061217925e-23,0,,175,100
1167,6907,7707,3.1303702082276625e-23,0,,175,100
1168,6911,7711,1.364427696552824e-22,0,,175,100
1169,6919,7719,5.2327870851054606e-23,0,,175,100
1170,6926,7726,5.244115055113224e-26,0,,173,100
1171,6933,7733,6.525402858821807e-25,0,,174,100
1172,6936,7736,3.181625031050259e-25,0,,175,100
1173,6943,7743,2.688103583667405e-23,0,,173,100
1174,6945,7745,6.193093119851103e-25,0,,173,100
1175,6950,7750,3.345156656082683e-23,0,,171,100
1176,6953,7753,5.0926452485911595e-23,0,,172,100
1177,6963,7763,8.21364684104947e-24,0,,173,100
1178,6966,7766,7.91819269787841e-23,0,,173,100
1179,6970,7770,3.292738767489798e-24,0,,174,100
1180,6980,7780,9.172011124908749e-23,0,,176,100
1181,6983,7783,9.567237574229678e-26,0,,176,100
1182,6987,7787,1.7809246476492136e-24,0,,175,100
1183,6994,7794,3.1549669734496206e-24,0,,176,100
1184,7002,7802,2.3077350590493537e-25,0,,175,100
1185,7005,7805,6.3433519983973094e-24,0,,175,100
1186,7008,7808,6.65583645969634e-24,0,,175,100
1187,7016,7816,5.722431050891784e-23,0,,174,100
1188,7019,7819,9.476908422296468e-23,0,,174,100
1189,7025,7825,1.7945588424023857e-23,0,,175,100
1190,7030,7830,2.3570636833733426e-24,0,,175,100
1191,7034,7834,3.2410061106019493e-21,0,,174,100
1192,7038,7838,1.5923252470822177e-20,0,,174,100
1193,7041,7841,2.1024239524050903e-20,0,,174,100
1194,7045,7845,2.2664328113026174e-21,0,,174,100
1195,7048,7848,7.56802443846768e-17,0,,175,100
1196,7054,7854,1.8653218663801297e-21,0,,175,100
1197,7061,7861,5.272932996760807e-20,0,,176,100
1198,7065,7865,8.160026569958745e-22,0,,176,100
1199,7070,7870,4.0972462886783246e-24,0,,176,100
1200,7074,7874,7.916338837038746e-20,0,,176,100
1201,7085,7885,3.4967079882679385e-21,0,,177,100
1202,7088,7888,1.2814578985753354e-22,0,,177,100
1203,7093,7893,8.450750771394951e-20,0,,177,100
1204,7099,7899,6.486202550827419e-18,0,,177,100
1205,7102,7902,1.485403710872852e-18,0,,177,100
1206,7108,7908,6.676345465611122e-17,0,,176,100
1207,7111,7911,3.6516503813811494e-19,0,,176,100
1208,7117,7917,2.4509163493785494e-19,0,,176,100
1209,7122,7922,1.5782477652205305e-19,0,,177,100
1210,7134,7934,2.2583972269764906e-18,0,,176,100
1211,7138,7938,1.7156586331336579e-16,0,,176,100
1212,7144,7944,1.6780863203221435e-18,0,,177,100
1213,7150,7950,2.6274229130830213e-17,0,,178,100
1214,7154,7954,9.485968278212368e-16,0,,178,100
1215,7165,7965,2.5679833821054184e-18,0,,178,100
1216,7168,7968,7.047165719098012e-19,0,,178,100
1217,7174,7974,5.916241843995084e-20,0,,178,100
1218,7177,7977,3.00036257593801e-20,0,,178,100
1219,7183,7983,2.8827773100577256e-20,0,,179,100
1220,7192,7992,2.3734030274887976e-20,0,,181,100
1221,7196,7996,2.5529177767840187e-20,0,,181,100
1222,7204,8004,2.5869122425273727e-22,0,,182,100
1223,7207,8007,8.135780324088254e-22,0,,183,100
1224,7218,8018,1.5811654794965424e-21,0,,183,100
1225,7222,8022,1.1404306105675655e-18,0,,182,100
1226,7225,8025,4.2360991155182083e-19,0,,182,100
1227,7231,8031,1.0407830121742008e-19,0,,182,100
1228,7236,8036,1.3133532997367147e-17,0,,182,100
1229,7252,8052,1.2082845523650935e-20,0,,182,100
1230,7256,8056,5.7028663574008744e-21,0,,182,100
1231,7263,8063,4.469324572330262e-23,0,,182,100
1232,7266,8066,9.51682807723791e-25,0,,181,100
1233,7271,8071,1.5015782795986615e-24,0,,182,100
1234,7277,8077,1.0486797532833674e-22,0,,182,100
1235,7283,8083,2.6939216920720794e-22,0,,181,100
1236,7289,8089,2.0075437872703152e-22,0,,180,100
1237,7292,8092,1.4043197396104574e-21,0,,180,100
1238,7297,8097,1.4370745847741585e-23,0,,181,100
1239,7301,8101,8.649114073406142e-23,0,,180,100
1240,7307,8107,7.373649721023949e-22,0,,179,100
1241,7310,8110,3.3063332035734145e-22,0,,178,100
1242,7316,8116,2.968661156719434e-22,0,,180,100
1243,7319,8119,2.5297115099704906e-21,0,,179,100
1244,7325,8125,8.436892819165078e-19,0,,178,100
1245,7334,8134,1.4253686487645526e-20,0,,179,100
1246,7339,8139,3.228845189866608e-22,0,,179,100
1247,7343,8143,8.698940987252652e-21,0,,180,100
1248,7355,8155,5.929789212034547e-25,0,,180,100
1249,7358,8158,6.042680780608576e-24,0,,179,100
1250,7362,8162,3.452337370678692e-25,0,,178,100
1251,7368,8168,7.455617489536898e-23,0,,179,100
1252,7375,8175,4.5275151052251065e-24,0,,178,100
1253,7378,8178,1.4658479599254186e-23,0,,177,100
1254,7384,8184,2.5986914527725067e-24,0,,178,100
1255,7387,8187,7.632839368883896e-23,0,,177,100
1256,7393,8193,6.313527599927626e-23,0,,178,100
1257,7402,8202,5.553459570643802e-23,0,,178,100
1258,7405,8205,3.5819367054984904e-23,0,,179,100
1259,7419,8219,3.7650858598875525e-21,0,,178,100
1260,7423,8223,6.5613335072319e-19,0,,178,100
1261,7426,8226,4.771688020997635e-21,0,,177,100
1262,7435,8235,3.1758091367453926e-21,0,,178,100
1263,7438,8238,3.8510922885027694e-23,0,,178,100
1264,7442,8242,1.1467165801622735e-22,0,,179,100
1265,7449,8249,1.6154652750225573e-25,0,,178,100
1266,7452,8252,3.296084585778947e-21,0,,177,100
1267,7457,8257,1.6834770515336082e-22,0,,177,100
1268,7464,8264,8.820139368443486e-21,0,,178,100
1269,7467,8267,7.3763983729422405e-22,0,,178,100
1270,7473,8273,2.5704488896033126e-22,0,,179,100
1271,7480,8280,4.431066401983175e-22,0,,179,100
1272,7482,8282,1.731976650013698e-24,0,,178,100
1273,7487,8287,1.1963543404386712e-23,0,,176,100
1274,7491,8291,4.956129566887736e-21,0,,176,100
1275,7494,8294,5.778063178536756e-21,0,,177,100
1276,7498,8298,1.0595388405061067e-20,0,,176,100
1277,7503,8303,1.7790116543929163e-20,0,,177,100
1278,7509,8309,2.5821983208211666e-21,0,,177,100
1279,7513,8313,2.0888340316894736e-21,0,,178,100
1280,7519,8319,2.6602291836816514e-19,0,,178,100
1281,7522,8322,1.1933223858869508e-20,0,,178,100
1282,7527,8327,2.926959889255246e-21,0,,178,100
1283,7534,8334,8.62416276025295e-22,0,,178,100
1284,7540,8340,1.0223636005690172e-22,0,,178,100
1285,7543,8343,2.5909630836550204e-22,0,,179,100
1286,7554,8354,2.2572461954374122e-21,0,,179,100
1287,7557,8357,6.181471453578586e-23,0,,179,100
1288,7562,8362,1.591919522124068e-23,0,,177,100
1289,7566,8366,5.222432857495715e-22,0,,175,100
1290,7572,8372,1.2599823142272544e-22,0,,174,100
1291,7576,8376,2.38129807322126e-23,0,,174,100
1292,7580,8380,7.792978146326969e-21,0,,173,100
1293,7586,8386,1.0701051854625453e-21,0,,174,100
1294,7589,8389,3.7213265649604895e-21,0,,174,100
1295,7593,8393,1.05537813172471e-21,0,,174,100
1296,7601,8401,3.6293998650586515e-23,0,,174,100
1297,7608,8408,6.735902918582893e-23,0,,173,100
1298,7612,8412,1.4757672653010006e-22,0,,172,100
1299,7616,8416,2.7599729886984876e-22,0,,172,100
1300,7624,8424,4.379468313060238e-23,0,,172,100
1301,7628,8428,6.6614008231002055e-25,0,,172,100
1302,7633,8433,1.479659534274732e-25,0,,172,100
1303,7639,8439,1.0209364316072479e-22,0,,173,100
1304,7642,8442,1.4943342790488917e-25,0,,174,100
1305,7650,8450,4.380967099222549e-24,0,,175,100
1306,7653,8453,2.0689005834744874e-22,0,,177,100
1307,7657,8457,2.0561442863008323e-22,0,,178,100
1308,7665,8465,1.5471732261838956e-22,0,,179,100
1309,7668,8468,1.1799225071962762e-21,0,,178,100
1310,7673,8473,9.418212756395518e-24,0,,178,100
1311,7679,8479,1.0154283607525292e-22,0,,179,100
1312,7693,8493,1.2736798499038e-21,0,,179,100
1313,7696,8496,5.324628248145851e-21,0,,179,100
1314,7700,8500,3.0300607989437373e-24,0,,178,100
1315,7705,8505,5.637146611855432e-23,0,,178,100
1316,7711,8511,1.1239441797902107e-25,0,,179,100
1317,7715,8515,5.5324384951839936e-27,0,,179,100
1318,7718,8518,2.7561596442785166e-26,0,,180,100
1319,7727,8527,6.445674341208118e-26,0,,181,100
1320,7730,8530,2.753646030088673e-25,0,,181,100
1321,7734,8534,1.9722148256156914e-27,0,,181,100
1322,7744,8544,3.42549094731512e-26,0,,183,100
1323,7751,8551,2.792003881964037e-25,0,,184,100
1324,7755,8555,2.291891215077843e-24,0,,184,100
1325,7760,8560,3.0350658805571856e-25,0,,184,100
1326,7769,8569,9.81822541609503e-27,0,,182,100
1327,7779,8579,2.1623563969887803e-27,0,,181,100
1328,7785,8585,2.639848509367411e-27,0,,181,100
1329,7788,8588,1.8785642549293958e-26,0,,181,100
1330,7794,8594,1.0092936261185797e-26,0,,180,100
1331,7799,8599,7.64514250787908e-27,0,,180,100
1332,7804,8604,7.722818471170169e-27,0,,181,100
1333,7814,8614,1.270442294881601e-28,0,,181,100
1334,7817,8617,4.066453589361268e-23,0,,180,100
1335,7822,8622,4.6118714212300214e-27,0,,179,100
1336,7826,8626,1.0839740386136028e-28,0,,179,100
1337,7831,8631,1.1360283208548743e-27,0,,178,100
1338,7837,8637,1.1595091946832584e-27,0,,180,100
1339,7840,8640,6.664449183760736e-28,0,,179,100
1340,7842,8642,3.786142558230133e-26,0,,179,100
1341,7847,8647,1.174793162774244e-25,0,,177,100
1342,7850,8650,6.914165859110177e-26,0,,178,100
1343,7855,8655,1.1948155612134946e-24,0,,178,100
1344,7862,8662,3.78000517974073e-24,0,,179,100
1345,7865,8665,2.555100543072705e-27,0,,179,100
1346,7868,8668,5.013761362240616e-27,0,,178,100
1347,7871,8671,4.313061330456129e-28,0,,178,100
1348,7875,8675,2.375665903222532e-28,0,,178,100
1349,7882,8682,6.029024017522549e-26,0,,179,100
1350,7886,8686,2.395945191089543e-28,0,,177,100
1351,7893,8693,3.713881836786922e-27,0,,176,100
1352,7897,8697,3.6819313502045175e-24,0,,176,100
1353,7906,8706,5.801166056563014e-25,0,,177,100
1354,7909,8709,2.391282016461369e-22,0,,176,100
1355,7915,8715,1.9932234457388955e-24,0,,176,100
1356,7927,8727,2.5348166029551586e-25,0,,179,100
1357,7935,8735,9.75578330391365e-23,0,,178,100
1358,7939,8739,9.6824344276723e-25,0,,178,100
1359,7947,8747,5.3321160225451e-22,0,,178,100
1360,7950,8750,5.135108321036497e-25,0,,178,100
1361,7956,8756,3.999040211405811e-27,0,,178,100
1362,7961,8761,6.410443554852527e-26,0,,178,100
1363,7964,8764,3.26076469169946e-25,0,,177,100
1364,7970,8770,1.2600372497143311e-26,0,,179,100
1365,7974,8774,1.7411096393256327e-27,0,,180,100
1366,7977,8777,7.306419480468851e-30,0,,180,100
1367,7979,8779,8.309660731849125e-28,0,,179,100
1368,7985,8785,5.0413563218187735e-27,0,,175,100
1369,7991,8791,9.95384354169993e-28,0,,175,100
1370,7998,8798,8.609075302246047e-24,0,,174,100
1371,8010,8810,6.225541563306157e-26,0,,173,100
1372,8013,8813,1.429008327387576e-27,0,,174,100
1373,8018,8818,1.8881674073657188e-29,0,,174,100
1374,8021,8821,5.547763200541961e-27,0,,174,100
1375,8027,8827,1.204148166713982e-27,0,,174,100
1376,8031,8831,2.51905436688627e-27,0,,174,100
1377,8043,8843,3.1400730891861845e-26,0,,174,100
1378,8046,8846,3.5119272766047755e-29,0,,173,100
1379,8050,8850,2.9679745908967e-25,0,,173,100
1380,8057,8857,4.8818020748841005e-29,0,,174,100
1381,8061,8861,3.407248001562436e-30,0,,173,100
1382,8067,8867,2.6120150190180157e-29,0,,173,100
1383,8070,8870,1.84669189809747e-29,0,,175,100
1384,8086,8886,5.48806948174674e-31,0,,178,100
1385,8090,8890,2.161361324212235e-33,0,,178,100
1386,8093,8893,1.3637738863928543e-29,0,,178,100
1387,8103,8903,1.3713475641184937e-28,0,,178,100
1388,8111,8911,3.179355241095642e-29,0,,177,100
1389,8114,8914,2.9001256670436846e-28,0,,177,100
1390,8116,8916,6.891143778402595e-29,0,,177,100
1391,8125,8925,8.688122462782471e-30,0,,178,100
1392,8128,8928,1.0640151857842373e-30,0,,178,100
1393,8141,8941,2.4743782816225267e-27,0,,176,100
1394,8147,8947,7.411134540026089e-27,0,,176,100
1395,8150,8950,2.603393984329495e-26,0,,178,100
1396,8160,8960,3.8276007300771954e-22,0,,177,100
1397,8163,8963,3.0989937279195616e-22,0,,176,100
1398,8167,8967,5.682264994955411e-22,0,,176,100
1399,8177,8977,1.004270794834717e-22,0,,177,100
1400,8180,8980,7.960649038045188e-21,0,,176,100
1401,8184,8984,5.028307849129615e-21,0,,176,100
1402,8191,8991,6.302347791017006e-20,0,,176,100
1403,8199,8999,6.852975985726076e-20,0,,177,100
1404,8203,9003,1.9878009239129568e-19,0,,178,100
1405,8210,9010,1.3898324951000421e-19,0,,178,100
1406,8214,9014,7.667204209347608e-18,0,,179,100
1407,8219,9019,4.333982549306367e-18,0,,178,100
1408,8225,9025,3.62068553567198e-19,0,,178,100
1409,8230,9030,1.4185140240523685e-18,0,,178,100
1410,8238,9038,3.2594740236712424e-16,0,,177,100
1411,8244,9044,5.125138187411358e-16,0,,178,100
1412,8247,9047,8.942432755762696e-17,0,,178,100
1413,8256,9056,4.397918353337013e-16,0,,178,100
1414,8259,9059,1.5973430242048954e-14,0,,178,100
1415,8264,9064,3.5765382616354988e-12,0,,178,100
1416,8267,9067,1.419632715963613e-12,0,,178,100
1417,8273,9073,3.587827740951891e-12,0,,178,100
1418,8285,9085,7.993325128557711e-13,0,,178,100
1419,8288,9088,2.9678206039106455e-12,0,,178,100
1420,8293,9093,3.101559442268783e-11,0,,176,100
1421,8299,9099,1.6076458440198647e-11,0,,178,100
1422,8302,9102,3.782496680959425e-12,0,,178,100
1423,8311,9111,1.2151244893184262e-11,0,,179,100
1424,8314,9114,2.9602200658594325e-11,0,,179,100
1425,8318,9118,4.51618448130011e-11,0,,180,100
1426,8325,9125,1.384028523045534e-11,0,,179,100
1427,8328,9128,1.5209456199364526e-09,0,,178,100
1428,8332,9132,9.779570886715763e-09,0,,178,100
1429,8339,9139,1.636045075801484e-09,0,,178,100
1430,8343,9143,1.716449059692941e-11,0,,179,100
1431,8349,9149,1.101610506076355e-10,0,,179,100
1432,8352,9152,1.6511091729165056e-10,0,,178,100
1433,8369,9169,6.71778038712956e-14,0,,180,100
1434,8379,9179,2.9741639294580293e-13,0,,179,100
1435,8382,9182,2.054793211158041e-12,0,,179,100
1436,8386,9186,5.585190750620852e-10,0,,178,100
1437,8392,9192,2.5807916649424415e-12,0,,178,100
1438,8396,9196,7.982302235381473e-12,0,,179,100
1439,8408,9208,6.108993047851292e-10,0,,180,100
1440,8419,9219,2.4445309026491025e-09,0,,183,100
1441,8422,9222,5.642088622385557e-10,0,,183,100
1442,8426,9226,2.7069472673854834e-10,0,,182,100
1443,8431,9231,3.2153242616612916e-10,0,,182,100
1444,8434,9234,8.572390252457471e-11,0,,181,100
1445,8436,9236,8.625424153940415e-14,0,,180,100
1446,8443,9243,1.941709535107872e-15,0,,178,100
1447,8451,9251,5.2145215880567236e-14,0,,178,100
1448,8454,9254,1.30803441324978e-11,0,,175,100
1449,8458,9258,6.418045468705902e-12,0,,177,100
1450,8467,9267,1.7532647707239846e-12,0,,178,100
1451,8473,9273,2.641919165084961e-12,0,,178,100
1452,8478,9278,3.2114011816290736e-12,0,,178,100
1453,8484,9284,2.5377277407337124e-13,0,,178,100
1454,8487,9287,4.858542246319021e-13,0,,178,100
1455,8491,9291,2.5673937291767832e-12,0,,177,100
1456,8495,9295,6.396680493233083e-13,0,,177,100
1457,8503,9303,6.953636744900699e-13,0,,178,100
1458,8510,9310,9.692481904029913e-12,0,,178,100
1459,8518,9318,2.893335986013099e-14,0,,178,100
1460,8526,9326,1.4039332041405365e-14,0,,175,100
1461,8530,9330,2.316331314965189e-13,0,,175,100
1462,8539,9339,1.0823975955329856e-11,0,,173,100
1463,8542,9342,5.804879050536502e-12,0,,173,100
1464,8546,9346,5.026749945865187e-13,0,,173,100
1465,8550,9350,1.1749377223427363e-10,0,,172,100
1466,8556,9356,2.3911982275670782e-12,0,,171,100
1467,8560,9360,6.264037972916466e-13,0,,171,100
1468,8568,9368,1.6375606008728798e-12,0,,172,100
1469,8572,9372,5.23504421878718e-13,0,,173,100
1470,8576,9376,7.103958061489761e-15,0,,170,100
1471,8583,9383,2.6895636852421332e-14,0,,172,100
1472,8591,9391,3.1345469572940474e-16,0,,171,100
1473,8595,9395,6.531110001458217e-17,0,,171,100
1474,8603,9403,3.3766672433208805e-17,0,,172,100
1475,8611,9411,4.0362723443609574e-17,0,,171,100
1476,8614,9414,2.2523337750974997e-16,0,,171,100
1477,8618,9418,1.2914554420677339e-17,0,,171,100
1478,8625,9425,1.1965643974129216e-16,0,,171,100
1479,8633,9433,3.484512335394107e-17,0,,174,100
1480,8637,9437,3.963622461188681e-16,0,,173,100
1481,8641,9441,2.9003376989048847e-16,0,,173,100
1482,8649,9449,4.086075517347471e-17,0,,172,100
1483,8657,9457,2.393360969361978e-16,0,,171,100
1484,8661,9461,6.978474162252559e-19,0,,171,100
1485,8669,9469,3.611986803286791e-18,0,,170,100
1486,8675,9475,5.204166574940476e-15,0,,171,100
1487,8678,9478,4.3361934942583506e-14,0,,170,100
1488,8686,9486,1.2564295540729435e-13,0,,173,100
1489,8697,9497,4.87459837670807e-13,0,,174,100
1490,8701,9501,5.304135112475049e-15,0,,174,100
1491,8708,9508,6.693744097347328e-12,0,,174,100
1492,8717,9517,6.955946832735547e-15,0,,172,100
1493,8720,9520,3.8644742963396114e-14,0,,173,100
1494,8727,9527,7.762832156085416e-16,0,,173,100
1495,8733,9533,1.8507934731330555e-14,0,,173,100
1496,8736,9536,4.137979674858836e-15,0,,173,100
1497,8740,9540,2.8670045466211244e-18,0,,172,100
1498,8747,9547,1.1135114132081796e-17,0,,173,100
1499,8750,9550,1.5446534686847714e-15,0,,172,100
1500,8754,9554,1.7243293656929147e-18,0,,172,100
1501,8761,9561,5.95884172368006e-17,0,,174,100
1502,8770,9570,1.6259140335455348e-16,0,,172,100
1503,8773,9573,6.04506624106984e-17,0,,173,100
1504,8782,9582,7.685327907891996e-16,0,,172,100
1505,8791,9591,3.335947718554867e-16,0,,173,100
1506,8796,9596,1.0018384784993949e-15,0,,172,100
1507,8804,9604,2.145614571827695e-16,0,,177,100
1508,8813,9613,4.275524014872101e-16,0,,175,100
1509,8817,9617,1.0833688088588677e-17,0,,176,100
1510,8823,9623,2.842123346828706e-15,0,,176,100
1511,8827,9627,4.041817051507622e-17,0,,175,100
1512,8835,9635,2.526689090985425e-16,0,,176,100
1513,8843,9643,2.216592158005967e-18,0,,177,100
1514,8847,9647,8.962089412729991e-20,0,,177,100
1515,8852,9652,2.49446132153224e-19,0,,178,100
1516,8856,9656,4.70916551144746e-18,0,,178,100
1517,8863,9663,2.817282329867529e-17,0,,179,100
1518,8872,9672,1.3319966815397425e-17,0,,175,100
1519,8875,9675,1.3278178803502417e-17,0,,174,100
1520,8885,9685,2.0750849128705055e-16,0,,175,100
1521,8888,9688,6.911083614116912e-18,0,,175,100
1522,8896,9696,4.6248253681446604e-14,0,,176,100
1523,8901,9701,3.724464018839662e-16,0,,176,100
1524,8904,9704,2.549285487786884e-16,0,,176,100
1525,8920,9720,1.247048904780527e-16,0,,178,100
1526,8924,9724,2.1483336965796344e-14,0,,178,100
1527,8932,9732,2.5067039719289044e-14,0,,179,100
1528,8937,9737,8.667203988633144e-16,0,,180,100
1529,8940,9740,7.051049058551243e-15,0,,179,100
1530,8944,9744,4.087736171303764e-15,0,,180,100
1531,8952,9752,2.0644820515224324e-16,0,,179,100
1532,8955,9755,3.26779226649108e-16,0,,179,100
1533,8968,9768,1.8860299155869147e-14,0,,180,100
1534,8979,9779,3.368432274734191e-14,0,,181,100
1535,8983,9783,4.2347502309662674e-15,0,,181,100
1536,8990,9790,1.4443693377158022e-14,0,,181,100
1537,8999,9799,3.909469424864569e-15,0,,179,100
1538,9002,9802,2.250670336744666e-14,0,,179,100
1539,9007,9807,1.4232445761360834e-15,0,,179,100
1540,9014,9814,2.9043230635503475e-15,0,,179,100
1541,9023,9823,2.3350319887434136e-14,0,,181,100
1542,9027,9827,1.02938288034933e-15,0,,182,100
1543,9033,9833,1.1975084627457734e-15,0,,182,100
1544,9042,9842,1.5128467470592496e-11,0,,181,100
1545,9046,9846,5.810070474244393e-11,0,,180,100
1546,9049,9849,5.63135663778386e-13,0,,181,100
1547,9057,9857,2.1093038146354288e-11,0,,184,100
1548,9063,9863,2.050199857036752e-14,0,,183,100
1549,9067,9867,9.919240406483785e-12,0,,184,100
1550,9071,9871,9.843578665028458e-13,0,,183,100
1551,9075,9875,8.682190792935298e-13,0,,183,100
1552,9084,9884,6.644464676984404e-13,0,,183,100
1553,9087,9887,6.442698632872688e-14,0,,182,100
1554,9095,9895,6.90394176742503e-14,0,,182,100
1555,9099,9899,5.2678061750856513e-14,0,,183,100
1556,9110,9910,3.446731815271917e-14,0,,179,100
1557,9113,9913,7.351156541958412e-17,0,,179,100
1558,9121,9921,8.06619446071103e-17,0,,180,100
1559,9125,9925,2.288897793233718e-15,0,,179,100
1560,9129,9929,9.353456205249816e-17,0,,179,100
1561,9140,9940,1.6453519503816954e-17,0,,182,100
1562,9143,9943,1.5369363127521848e-17,0,,183,100
1563,9158,9958,6.81820133406395e-16,0,,182,100
1564,9162,9962,2.826063923674893e-16,0,,182,100
1565,9173,9973,6.22058109743508e-14,0,,182,100
1566,9177,9977,1.273096872983946e-13,0,,183,100
1567,9185,9985,2.6511079239054805e-15,0,,183,100
1568,9190,9990,6.105679666632689e-17,0,,183,100
1569,9193,9993,5.512967023843925e-16,0,,183,100
1570,9197,9997,3.0737545584121006e-15,0,,183,100
1571,9204,10004,1.4305432481905367e-14,0,,184,100
1572,9213,10013,3.4307636118312235e-16,0,,182,100
1573,9216,10016,2.23946498327372e-16,0,,182,100
1574,9226,10026,2.652612136043578e-18,0,,182,100
1575,9231,10031,1.219287524197787e-18,0,,182,100
1576,9239,10039,2.1979879195808815e-19,0,,183,100
1577,9243,10043,1.226271211035947e-18,0,,184,100
1578,9248,10048,1.2948417335879136e-18,0,,185,100
1579,9256,10056,1.4641505704678648e-20,0,,185,100
1580,9259,10059,1.1382808493344028e-19,0,,186,100
1581,9267,10067,1.664356565989427e-23,0,,185,100
1582,9271,10071,4.150751381744346e-22,0,,185,100
1583,9280,10080,9.069580372421674e-25,0,,184,100
1584,9283,10083,1.561454392331007e-22,0,,185,100
1585,9291,10091,1.7586160802003287e-25,0,,187,100
1586,9295,10095,1.6926709425221451e-25,0,,188,100
1587,9302,10102,7.346223311554616e-24,0,,187,100
1588,9308,10108,7.279317540120468e-21,0,,187,100
1589,9311,10111,5.693634234502938e-21,0,,187,100
1590,9320,10120,1.2163906061847696e-21,0,,188,100
1591,9324,10124,1.1657544331412492e-22,0,,188,100
1592,9332,10132,4.431683108389905e-21,0,,189,100
1593,9338,10138,1.402325272576546e-20,0,,188,100
1594,9341,10141,7.045009652662322e-21,0,,188,100
1595,9349,10149,1.1713229475550417e-16,0,,189,100
1596,9353,10153,4.776214934701661e-21,0,,189,100
1597,9363,10163,6.036617826840452e-23,0,,189,100
1598,9367,10167,6.461127013768606e-21,0,,190,100
1599,9377,10177,2.6591180560162965e-18,0,,190,100
1600,9383,10183,1.2191867374019962e-20,0,,191,100
1601,9386,10186,6.651273680287565e-22,0,,190,100
1602,9392,10192,1.3126175363060491e-21,0,,191,100
1603,9403,10203,1.2062023606505155e-19,0,,193,100
1604,9412,10212,5.494604045205843e-17,0,,191,100
1605,9416,10216,2.1440793726483873e-16,0,,191,100
1606,9430,10230,1.3606674100103591e-17,0,,190,100
1607,9433,10233,1.3489205967155688e-17,0,,190,100
1608,9444,10244,5.0535243692287316e-17,0,,190,100
1609,9454,10254,2.220250151109965e-17,0,,190,100
1610,9463,10263,1.3145270506943931e-17,0,,189,100
1611,9466,10266,6.718741863439648e-16,0,,187,100
1612,9470,10270,3.3006589489287067e-16,0,,189,100
1613,9478,10278,2.979628009883294e-17,0,,189,100
1614,9486,10286,5.624924022445098e-19,0,,186,100
1615,9489,10289,3.849375430647063e-16,0,,186,100
1616,9496,10296,5.320180650750915e-19,0,,186,100
1617,9500,10300,1.3526939684523948e-19,0,,187,100
1618,9507,10307,2.906962248506707e-19,0,,187,100
1619,9516,10316,1.3053133974745144e-21,0,,185,100
1620,9520,10320,9.847875757082941e-20,0,,185,100
1621,9529,10329,1.5351754127137691e-15,0,,184,100
1622,9539,10339,8.512889840170823e-18,0,,185,100
1623,9542,10342,4.125870488208591e-18,0,,184,100
1624,9546,10346,1.8666365899553317e-17,0,,184,100
1625,9551,10351,2.319084152868837e-17,0,,185,100
1626,9557,10357,9.655939328949648e-19,0,,182,100
1627,9561,10361,3.9280248019507553e-19,0,,182,100
1628,9570,10370,1.2038497669084505e-18,0,,181,100
1629,9578,10378,1.0786083201323208e-17,0,,182,100
1630,9582,10382,1.1688318301951158e-18,0,,184,100
1631,9586,10386,7.187924977869474e-18,0,,184,100
1632,9589,10389,5.9297758696997135e-18,0,,184,100
1633,9599,10399,6.501598165689697e-19,0,,180,100
1634,9602,10402,2.811391470946682e-19,0,,179,100
1635,9610,10410,5.976587280604357e-20,0,,179,100
1636,9615,10415,2.4529016046445317e-21,0,,177,100
1637,9621,10421,1.9507640798093976e-19,0,,178,100
1638,9629,10429,1.0011835734252774e-20,0,,179,100
1639,9632,10432,1.7848866060530005e-19,0,,178,100
1640,9639,10439,3.26576594014868e-19,0,,177,100
1641,9643,10443,1.2831096549122751e-17,0,,177,100
1642,9653,10453,1.0315762569460123e-15,0,,175,100
1643,9657,10457,7.426166844542142e-14,0,,174,100
1644,9662,10462,3.949406814393861e-15,0,,175,100
1645,9668,10468,1.0224271752532121e-14,0,,175,100
1646,9679,10479,5.887080096718927e-15,0,,175,100
1647,9688,10488,2.573059019620174e-13,0,,174,100
1648,9691,10491,7.175124070098607e-14,0,,175,100
1649,9696,10496,2.1679711465372904e-14,0,,175,100
1650,9700,10500,4.1637645532322295e-13,0,,176,100
1651,9708,10508,8.090063339503434e-14,0,,174,100
1652,9711,10511,2.839528671947533e-13,0,,174,100
1653,9717,10517,3.5430826617633146e-14,0,,175,100
1654,9721,10521,6.342456926580866e-13,0,,174,100
1655,9729,10529,5.213644510933097e-13,0,,173,100
1656,9737,10537,1.64575034450605e-15,0,,173,100
1657,9741,10541,7.170866816484002e-15,0,,173,100
1658,9744,10544,2.982644719116678e-15,0,,174,100
1659,9758,10558,2.1498170309783256e-12,0,,173,100
1660,9761,10561,7.472270984755958e-11,0,,171,100
1661,9767,10567,1.0804511349426149e-13,0,,173,100
1662,9770,10570,3.062026870601365e-12,0,,172,100
1663,9775,10575,3.2022598383667277e-10,0,,172,100
1664,9779,10579,2.714468206816369e-10,0,,172,100
1665,9785,10585,7.019223607056602e-11,0,,172,100
1666,9788,10588,3.302075673460491e-11,0,,171,100
1667,9792,10592,3.222597302778299e-10,0,,170,100
1668,9794,10594,1.449553118239275e-10,0,,171,100
1669,9801,10601,9.705475690183004e-11,0,,171,100
1670,9806,10606,2.2596445484808207e-12,0,,170,100
1671,9811,10611,9.9995574506358e-12,0,,170,100
1672,9815,10615,3.8993564362490844e-12,0,,171,100
1673,9823,10623,2.296925194912325e-11,0,,169,100
1674,9826,10626,3.569451731031848e-12,0,,169,100
1675,9834,10634,1.4111741936443577e-11,0,,168,100
1676,9838,10638,2.0419600306671497e-11,0,,169,100
1677,9847,10647,1.9654824400627016e-13,0,,168,100
1678,9849,10649,2.845354525232358e-13,0,,168,100
1679,9856,10656,2.997275601542387e-10,0,,165,100
1680,9859,10659,4.3914980918688286e-10,0,,165,100
1681,9864,10664,7.241955906075971e-12,0,,164,100
1682,9870,10670,1.6497268151360582e-10,0,,163,100
1683,9874,10674,6.896577391542715e-11,0,,163,100
1684,9878,10678,2.7282100036531134e-10,0,,163,100
1685,9889,10689,1.251153572442779e-10,0,,164,100
1686,9893,10693,2.193246114119925e-10,0,,165,100
1687,9904,10704,3.0568554030780882e-12,0,,165,100
1688,9907,10707,2.119884026248912e-12,0,,164,100
1689,9911,10711,1.2530752368575255e-12,0,,164,100
1690,9916,10716,1.70256364486133e-11,0,,164,100
1691,9920,10720,3.47352298395857e-11,0,,165,100
1692,9926,10726,1.259791623067437e-12,0,,166,100
1693,9935,10735,7.098424011845893e-12,0,,162,100
1694,9938,10738,8.630516809075036e-15,0,,162,100
1695,9946,10746,2.1285889745176555e-13,0,,163,100
1696,9950,10750,1.792282877548698e-13,0,,164,100
1697,9958,10758,1.283375530697303e-15,0,,165,100
1698,9964,10764,1.1652683342509752e-15,0,,165,100
1699,9968,10768,1.454409244569152e-15,0,,166,100
1700,9976,10776,3.09710352259517e-15,0,,166,100
1701,9979,10779,7.402472669113514e-15,0,,166,100
1702,9987,10787,3.289818926369854e-14,0,,167,100
1703,9991,10791,4.703760342797247e-14,0,,168,100
1704,9996,10796,1.1069024435265311e-15,0,,169,100
1705,9999,10799,9.884006313500904e-16,0,,168,100
1706,10003,10803,5.6050357267624305e-15,0,,169,100
1707,10010,10810,4.252828336905964e-18,0,,170,100
1708,10019,10819,1.9955594968019982e-17,0,,170,100
1709,10033,10833,5.642525682858982e-18,0,,169,100
1710,10037,10837,1.2945909639782194e-18,0,,171,100
1711,10043,10843,1.8863671689247377e-18,0,,172,100
1712,10055,10855,5.838442644532185e-19,0,,169,100
1713,10058,10858,9.822497963616306e-21,0,,169,100
1714,10066,10866,3.8202539665145774e-23,0,,169,100
1715,10070,10870,1.8028630415876625e-23,0,,170,100
1716,10082,10882,1.1073565523828804e-22,0,,167,100
1717,10090,10890,7.394444341794032e-23,0,,167,100
1718,10094,10894,6.504093324494972e-23,0,,168,100
1719,10108,10908,3.162063778962545e-22,0,,166,100
1720,10112,10912,8.009373593224627e-22,0,,167,100
1721,10121,10921,3.5181068205286333e-23,0,,163,100
1722,10125,10925,2.113283232423133e-24,0,,163,100
1723,10129,10929,4.405419634138958e-22,0,,165,100
1724,10139,10939,1.2792757803001226e-25,0,,163,100
1725,10144,10944,9.304729221569823e-25,0,,164,100
1726,10149,10949,2.562800844896271e-22,0,,164,100
1727,10152,10952,4.871802407894358e-25,0,,164,100
1728,10157,10957,1.5097063859794637e-23,0,,163,100
1729,10160,10960,7.820158004116042e-26,0,,163,100
1730,10164,10964,2.868082992755848e-24,0,,162,100
1731,10167,10967,4.915950076596329e-25,0,,162,100
1732,10176,10976,3.769846043768147e-25,0,,163,100
1733,10179,10979,5.090784599199229e-24,0,,162,100
1734,10183,10983,4.567607550432742e-25,0,,162,100
1735,10191,10991,1.813573902173434e-23,0,,163,100
1736,10194,10994,1.8273979917195564e-22,0,,161,100
1737,10198,10998,1.1159497085765234e-27,0,,161,100
1738,10205,11005,2.808882774277592e-24,0,,161,100
1739,10213,11013,4.328706765956784e-23,0,,160,100
1740,10223,11023,7.931875792722235e-23,0,,161,100
1741,10226,11026,4.444818597376835e-21,0,,160,100
1742,10230,11030,2.7418716953189282e-24,0,,159,100
1743,10237,11037,1.094192851567396e-24,0,,162,100
1744,10251,11051,1.1148890386464845e-21,0,,163,100
1745,10255,11055,3.4035960386444546e-22,0,,162,100
1746,10267,11067,8.874941260579218e-25,0,,162,100
1747,10270,11070,5.553618270467852e-23,0,,161,100
1748,10274,11074,5.222615049485703e-23,0,,163,100
1749,10284,11084,1.1157073523289557e-21,0,,164,100
1750,10288,11088,8.140407740227815e-24,0,,166,100
1751,10292,11092,3.466166280635996e-23,0,,166,100
1752,10302,11102,2.6114583840870635e-22,0,,166,100
1753,10305,11105,9.170934421628348e-22,0,,166,100
1754,10314,11114,6.465209827943069e-21,0,,166,100
1755,10318,11118,6.467730476316774e-21,0,,168,100
1756,10326,11126,3.009960538525226e-18,0,,166,100
1757,10336,11136,3.645822857253211e-17,0,,167,100
1758,10339,11139,1.513992385504674e-16,0,,167,100
1759,10343,11143,9.26246884480266e-17,0,,168,100
1760,10354,11154,4.082969672559483e-18,0,,169,100
1761,10365,11165,1.4448515829400266e-18,0,,169,100
1762,10368,11168,8.87610939105987e-19,0,,168,100
1763,10379,11179,2.3461253040552116e-16,0,,166,100
1764,10382,11182,4.642523063686879e-16,0,,167,100
1765,10391,11191,6.81421053511257e-20,0,,167,100
1766,10401,11201,2.6403893281073257e-20,0,,169,100
1767,10413,11213,1.5320292044148807e-16,0,,169,100
1768,10416,11216,2.466476660368829e-16,0,,169,100
1769,10420,11220,3.0690684169746357e-21,0,,168,100
1770,10426,11226,1.2332635390768684e-20,0,,170,100
1771,10438,11238,1.1161698570581081e-15,0,,169,100
1772,10443,11243,2.2057392568864905e-18,0,,169,100
1773,10448,11248,9.05864113417202e-18,0,,169,100
1774,10457,11257,3.3834249412978117e-22,0,,169,100
1775,10462,11262,3.30660813909173e-20,0,,171,100
1776,10472,11272,6.465332016119911e-21,0,,169,100
1777,10476,11276,4.465476437581806e-21,0,,171,100
1778,10482,11282,2.4045456881847672e-18,0,,168,100
1779,10490,11290,6.474848736616037e-19,0,,169,100
1780,10493,11293,2.677913630261368e-22,0,,168,100
1781,10498,11298,5.214720901544531e-27,0,,168,100
1782,10501,11301,1.2674321491656853e-28,0,,168,100
1783,10509,11309,7.920566853183626e-30,0,,168,100
1784,10512,11312,2.298645391004235e-29,0,,169,100
1785,10523,11323,6.56396771876132e-25,0,,169,100
1786,10531,11331,1.5896872801352403e-25,0,,169,100
1787,10535,11335,3.5779635926796606e-26,0,,169,100
1788,10539,11339,2.623433488400489e-25,0,,169,100
1789,10550,11350,5.3833555024121544e-24,0,,170,100
1790,10553,11353,5.87503847931807e-24,0,,170,100
1791,10563,11363,6.985614418075908e-24,0,,170,100
1792,10570,11370,2.0869008094370398e-21,0,,169,100
1793,10574,11374,1.1809567787321976e-22,0,,169,100
1794,10579,11379,6.027784358760196e-21,0,,169,100
1795,10582,11382,7.212579739614311e-22,0,,168,100
1796,10593,11393,5.678166898498184e-24,0,,172,100
1797,10596,11396,2.660456650486908e-25,0,,171,100
1798,10600,11400,4.286075410371969e-25,0,,172,100
1799,10607,11407,5.282283828959108e-22,0,,172,100
1800,10615,11415,6.966916809801044e-25,0,,172,100
1801,10619,11419,9.903801575253572e-23,0,,172,100
1802,10622,11422,7.122934144800324e-24,0,,173,100
1803,10631,11431,1.0404357081742661e-22,0,,174,100
1804,10636,11436,1.5756879999325757e-21,0,,173,100
1805,10646,11446,1.3135878684075359e-21,0,,175,100
1806,10651,11451,9.14745054957247e-25,0,,174,100
1807,10655,11455,6.387815652666427e-24,0,,175,100
1808,10662,11462,3.7767833661781256e-25,0,,177,100
1809,10672,11472,1.144565981150169e-25,0,,176,100
1810,10675,11475,1.8897080897220324e-22,0,,175,100
1811,10679,11479,9.147636563515365e-23,0,,176,100
1812,10687,11487,5.424663837874545e-19,0,,177,100
1813,10690,11490,1.662880465948777e-23,0,,176,100
1814,10694,11494,4.225096677267316e-19,0,,178,100
1815,10706,11506,4.006325551354605e-22,0,,178,100
1816,10709,11509,8.05185657733014e-22,0,,178,100
1817,10713,11513,1.7511902274343308e-21,0,,177,100
1818,10719,11519,1.6325080431355442e-20,0,,177,100
1819,10722,11522,7.162157261688385e-23,0,,176,100
1820,10728,11528,2.8447031310410974e-23,0,,177,100
1821,10732,11532,5.5291810703272785e-24,0,,176,100
1822,10737,11537,1.7111438168809364e-22,0,,179,100
1823,10743,11543,7.298677611472521e-23,0,,179,100
1824,10747,11547,1.6347710177109428e-22,0,,179,100
1825,10751,11551,7.117110958722218e-22,0,,179,100
1826,10755,11555,1.7627802551767013e-18,0,,179,100
1827,10764,11564,4.1069669203005925e-17,0,,180,100
1828,10767,11567,4.2718711182711316e-16,0,,179,100
1829,10774,11574,1.7081638111789092e-13,0,,178,100
1830,10785,11585,3.931230060712238e-14,0,,177,100
1831,10795,11595,2.0648822619497322e-14,0,,177,100
1832,10807,11607,2.4820781111532262e-17,0,,177,100
1833,10811,11611,8.004391745282221e-16,0,,177,100
1834,10817,11617,1.5538946637492085e-14,0,,178,100
1835,10825,11625,2.8696470573730374e-17,0,,178,100
1836,10841,11641,9.672541284055417e-19,0,,175,100
1837,10844,11644,1.6103954362439612e-18,0,,175,100
1838,10849,11649,2.4915919208424194e-16,0,,175,100
1839,10853,11653,5.200037543477378e-17,0,,175,100
1840,10858,11658,3.202973560873818e-19,0,,175,100
1841,10864,11664,4.958901837621273e-21,0,,175,100
1842,10870,11670,3.8066559035239006e-19,0,,175,100
1843,10873,11673,1.3590377581645935e-21,0,,175,100
1844,10883,11683,2.093514259488516e-20,0,,176,100
1845,10887,11687,1.7368451427481464e-22,0,,176,100
1846,10894,11694,4.462448173407437e-21,0,,176,100
1847,10898,11698,2.230387494737478e-21,0,,176,100
1848,10907,11707,4.770880614759716e-20,0,,176,100
1849,10912,11712,1.9624192768666634e-25,0,,175,100
1850,10922,11722,2.4259494028595896e-26,0,,175,100
1851,10926,11726,1.2411590025949168e-24,0,,177,100
1852,10936,11736,4.396068360857712e-22,0,,180,100
1853,10944,11744,2.0295850644931237e-21,0,,180,100
1854,10948,11748,1.4815581677339927e-23,0,,179,100
1855,10952,11752,1.1447819406048518e-22,0,,179,100
1856,10958,11758,5.050036910779314e-23,0,,181,100
1857,10965,11765,2.1737339499806645e-20,0,,181,100
1858,10972,11772,4.4316118487342036e-20,0,,181,100
1859,10975,11775,8.822365565784535e-24,0,,180,100
1860,10980,11780,2.9260229527198213e-24,0,,181,100
1861,10993,11793,6.054470445004188e-27,0,,181,100
1862,10996,11796,3.7142280266011397e-23,0,,180,100
1863,11000,11800,2.142776575983719e-24,0,,181,100
1864,11011,11811,5.321802421266186e-23,0,,184,100
1865,11014,11814,6.817842611586514e-23,0,,182,100
1866,11018,11818,1.8252895695057596e-23,0,,182,100
1867,11025,11825,1.4778913270620475e-22,0,,183,100
1868,11033,11833,1.6513441895912492e-26,0,,183,100
1869,11036,11836,4.679072748696799e-27,0,,182,100
1870,11039,11839,5.26937864509406e-26,0,,182,100
1871,11043,11843,3.655302296036754e-26,0,,182,100
1872,11054,11854,1.4268336063392272e-26,0,,182,100
1873,11057,11857,1.8423349377703626e-26,0,,183,100
1874,11065,11865,1.0319270278513685e-25,0,,183,100
1875,11075,11875,5.435010288519866e-23,0,,180,100
1876,11083,11883,6.544614200991316e-20,0,,179,100
1877,11086,11886,6.085683548906237e-22,0,,177,100
1878,11090,11890,1.1103153018554831e-21,0,,177,100
1879,11100,11900,3.2900819319875052e-21,0,,178,100
1880,11103,11903,1.2400294000323191e-22,0,,178,100
1881,11115,11915,9.96025866334914e-21,0,,179,100
1882,11118,11918,3.152185599058112e-23,0,,177,100
1883,11123,11923,2.3155353318433248e-24,0,,179,100
1884,11131,11931,8.872291971373702e-20,0,,179,100
1885,11134,11934,1.6012778710649377e-18,0,,179,100
1886,11138,11938,6.138062799124181e-22,0,,180,100
1887,11141,11941,6.620970548916147e-21,0,,179,100
1888,11145,11945,2.4381418457392844e-21,0,,179,100
1889,11152,11952,9.48893183982679e-22,0,,181,100
1890,11156,11956,2.8560031661579233e-21,0,,181,100
1891,11165,11965,1.1682683281896694e-20,0,,182,100
1892,11171,11971,3.7306268084257073e-19,0,,184,100
1893,11177,11977,7.840665033422998e-21,0,,184,100
1894,11184,11984,7.093514571044969e-23,0,,184,100
1895,11187,11987,1.390691129247561e-22,0,,184,100
1896,11194,11994,1.3642306986980318e-21,0,,183,100
1897,11200,12000,3.8651695901534777e-22,0,,185,100
1898,11204,12004,7.271638489602664e-21,0,,185,100
1899,11207,12007,5.9850339192835296e-21,0,,186,100
1900,11218,12018,2.534528427961269e-20,0,,186,100
1901,11221,12021,3.2340073727547067e-19,0,,185,100
1902,11225,12025,1.7833393798271367e-17,0,,187,100
1903,11234,12034,1.0888079113275592e-18,0,,188,100
1904,11240,12040,2.7362532611017857e-16,0,,188,100
1905,11243,12043,2.9450808020672798e-15,0,,188,100
1906,11247,12047,3.3770474631123235e-17,0,,188,100
1907,11252,12052,4.468778543903666e-14,0,,188,100
1908,11256,12056,7.68048823940311e-14,0,,189,100
1909,11265,12065,7.539757019805196e-18,0,,188,100
1910,11271,12071,1.3205985335351789e-17,0,,190,100
1911,11279,12079,4.03461294076203e-14,0,,190,100
1912,11283,12083,7.612351253172162e-19,0,,190,100
1913,11290,12090,7.792545691760558e-18,0,,189,100
1914,11294,12094,1.4706338806688254e-15,0,,189,100
1915,11296,12096,2.535047090087598e-16,0,,187,100
1916,11300,12100,7.755018975596835e-15,0,,187,100
1917,11303,12103,5.92477903572518e-15,0,,188,100
1918,11308,12108,9.070570553109842e-14,0,,187,100
1919,11312,12112,1.9082070644224477e-15,0,,187,100
1920,11315,12115,1.5934066641733945e-15,0,,188,100
1921,11323,12123,3.179035216912344e-13,0,,189,100
1922,11326,12126,8.429437542752754e-15,0,,189,100
1923,11331,12131,2.756304848526574e-13,0,,188,100
1924,11344,12144,3.60894471733956e-17,0,,187,100
1925,11348,12148,6.86899874710118e-13,0,,189,100
1926,11358,12158,3.765107988126064e-15,0,,187,100
1927,11362,12162,4.7985304384818484e-15,0,,188,100
1928,11370,12170,9.02837904134181e-16,0,,188,100
1929,11374,12174,2.398396537392345e-18,0,,188,100
1930,11379,12179,1.1867737925526446e-16,0,,188,100
1931,11388,12188,1.2230673017138152e-18,0,,187,100
1932,11392,12192,1.383950736785977e-20,0,,187,100
1933,11402,12202,1.5548565115461972e-20,0,,186,100
1934,11405,12205,9.522873856864469e-23,0,,186,100
1935,11409,12209,4.517475794559832e-23,0,,187,100
1936,11414,12214,7.488334502041364e-24,0,,186,100
1937,11417,12217,3.440620831512038e-21,0,,185,100
1938,11424,12224,6.834830967546963e-24,0,,184,100
1939,11431,12231,2.6655242530842553e-24,0,,183,100
1940,11437,12237,6.100796539601776e-26,0,,184,100
1941,11441,12241,4.230200494354319e-24,0,,183,100
1942,11444,12244,9.457326667104883e-24,0,,186,100
1943,11455,12255,1.8895683301142353e-23,0,,186,100
1944,11462,12262,1.1728827512475016e-23,0,,187,100
1945,11467,12267,7.465937837730828e-24,0,,187,100
1946,11470,12270,2.2645319114310954e-26,0,,186,100
1947,11476,12276,1.2657782192843006e-25,0,,187,100
1948,11479,12279,1.48017946102953e-24,0,,186,100
1949,11489,12289,3.834651014999258e-28,0,,187,100
1950,11492,12292,6.184215767590515e-25,0,,186,100
1951,11501,12301,4.631485496174623e-27,0,,185,100
1952,11505,12305,3.416656894780328e-23,0,,186,100
1953,11512,12312,3.105253623821473e-25,0,,187,100
1954,11519,12319,2.6054859636604987e-26,0,,187,100
1955,11523,12323,1.4325305017130488e-24,0,,187,100
1956,11531,12331,4.286743045337354e-24,0,,187,100
1957,11536,12336,5.560252060092592e-25,0,,183,100
1958,11539,12339,3.9351486233163066e-26,0,,183,100
1959,11544,12344,4.293573545655949e-28,0,,183,100
1960,11547,12347,1.0902533156035357e-28,0,,183,100
1961,11557,12357,1.7430670521107188e-27,0,,182,100
1962,11560,12360,1.698780987613312e-25,0,,181,100
1963,11563,12363,2.0732614608383516e-27,0,,181,100
1964,11568,12368,9.667915133247766e-27,0,,183,100
1965,11574,12374,9.65139355936557e-26,0,,182,100
1966,11578,12378,1.8117216453041422e-26,0,,182,100
1967,11584,12384,5.907644135320997e-26,0,,182,100
1968,11587,12387,2.587304338400242e-26,0,,182,100
1969,11596,12396,5.570131838554935e-23,0,,179,100
1970,11599,12399,1.5152619169014627e-26,0,,179,100
1971,11611,12411,3.0755690938403902e-24,0,,178,100
1972,11614,12414,4.538464293681956e-26,0,,178,100
1973,11620,12420,5.838544974664839e-27,0,,178,100
1974,11628,12428,2.4384339137081942e-24,0,,178,100
1975,11632,12432,2.232250945820607e-25,0,,178,100
1976,11638,12438,5.947686529060549e-27,0,,179,100
1977,11641,12441,3.331362493529108e-27,0,,179,100
1978,11647,12447,2.7987500722365462e-27,0,,179,100
1979,11654,12454,1.5991287739427555e-27,0,,180,100
1980,11657,12457,1.0127509592532927e-28,0,,180,100
1981,11668,12468,1.2668634389578267e-24,0,,181,100
1982,11671,12471,9.545981505534902e-26,0,,181,100
1983,11675,12475,1.078129511665352e-25,0,,181,100
1984,11682,12482,2.2421767424726808e-29,0,,182,100
1985,11685,12485,2.4586392324253585e-29,0,,181,100
1986,11697,12497,7.660168130502965e-29,0,,183,100
1987,11704,12504,1.4263642220656667e-28,0,,183,100
1988,11711,12511,1.72624736326114e-28,0,,185,100
1989,11720,12520,5.712135225681722e-27,0,,185,100
1990,11723,12523,3.276839539898329e-27,0,,184,100
1991,11726,12526,6.08810798950778e-28,0,,184,100
1992,11734,12534,5.72317848857475e-24,0,,185,100
1993,11737,12537,1.4490486254289684e-22,0,,184,100
1994,11741,12541,3.061524827572841e-23,0,,187,100
1995,11744,12544,8.002514063998427e-24,0,,188,100
1996,11749,12549,3.6979137358523715e-24,0,,187,100
1997,11755,12555,5.151916553482381e-23,0,,187,100
1998,11758,12558,6.465794553255679e-23,0,,186,100
1999,11763,12563,3.252325287887384e-23,0,,186,100
2000,11766,12566,8.021219349386721e-21,0,,186,100
2001,11775,12575,6.249859606057752e-21,0,,187,100
2002,11784,12584,8.185870089203699e-22,0,,188,100
2003,11789,12589,2.036549205286556e-22,0,,188,100
2004,11793,12593,3.3194516727727786e-22,0,,188,100
2005,11801,12601,4.306026657291701e-22,0,,185,100
2006,11804,12604,2.824873006128711e-22,0,,184,100
2007,11815,12615,2.8838602333120674e-19,0,,186,100
2008,11821,12621,6.897937929389548e-20,0,,186,100
2009,11824,12624,2.4613544706355215e-23,0,,186,100
2010,11830,12630,4.781599549734983e-21,0,,187,100
2011,11833,12633,5.398890904445924e-20,0,,186,100
2012,11837,12637,1.914816351472446e-20,0,,187,100
2013,11848,12648,1.910867506295865e-20,0,,189,100
2014,11851,12651,8.431150764918251e-19,0,,189,100
2015,11860,12660,4.8377373657435186e-18,0,,190,100
2016,11863,12663,7.5403901819689e-18,0,,190,100
2017,11871,12671,1.3128062212005184e-21,0,,191,100
2018,11874,12674,2.743289533427513e-18,0,,190,100
2019,11878,12678,6.416024552741458e-18,0,,191,100
2020,11884,12684,4.082807152819331e-18,0,,191,100
2021,11887,12687,8.067340616715669e-21,0,,191,100
2022,11891,12691,1.6382593878536018e-22,0,,190,100
2023,11897,12697,1.4987149083064808e-21,0,,191,100
2024,11902,12702,1.1078017516591485e-21,0,,191,100
2025,11908,12708,6.896270899712165e-20,0,,191,100
2026,11911,12711,2.0958133613109396e-21,0,,191,100
2027,11920,12720,9.01376012076077e-25,0,,191,100
2028,11924,12724,5.452664283544435e-20,0,,190,100
2029,11930,12730,6.444134066320086e-25,0,,191,100
2030,11938,12738,1.6096200763912598e-22,0,,189,100
2031,11944,12744,2.6802232338069063e-21,0,,189,100
2032,11948,12748,3.6214424530122175e-20,0,,190,100
2033,11951,12751,4.969056920851702e-18,0,,189,100
2034,11957,12757,1.3059442732718222e-18,0,,189,100
2035,11961,12761,3.584411081394135e-18,0,,188,100
2036,11968,12768,1.4304535061153996e-18,0,,188,100
2037,11971,12771,3.6730139050072784e-20,0,,190,100
2038,11979,12779,7.857158155737851e-18,0,,191,100
2039,11982,12782,9.721530125124892e-17,0,,190,100
2040,11989,12789,3.714665210468624e-19,0,,189,100
2041,11996,12796,4.449557561246685e-19,0,,190,100
2042,11999,12799,1.398597123888423e-17,0,,190,100
2043,12003,12803,1.6743891265043242e-17,0,,191,100
2044,12010,12810,1.4689817143137175e-19,0,,190,100
2045,12013,12813,3.4023937208672846e-19,0,,190,100
2046,12023,12823,8.635470076912085e-17,0,,189,100
2047,12026,12826,1.7144911563703315e-17,0,,187,100
2048,12032,12832,3.4360759867490037e-18,0,,188,100
2049,12038,12838,3.304454143255588e-18,0,,187,100
2050,12041,12841,7.283004968417734e-18,0,,189,100
2051,12047,12847,7.473097725519323e-18,0,,188,100
2052,12052,12852,7.616703297191835e-17,0,,188,100
2053,12056,12856,2.2116254302344058e-16,0,,189,100
2054,12066,12866,3.0113582891781464e-17,0,,188,100
2055,12070,12870,6.696232735469553e-19,0,,188,100
2056,12073,12873,1.5050113263543142e-19,0,,189,100
2057,12085,12885,3.453894783473664e-18,0,,191,100
2058,12088,12888,3.6008692473123076e-18,0,,191,100
2059,12103,12903,4.671765404425806e-18,0,,192,100
2060,12108,12908,1.150951556148393e-19,0,,192,100
2061,12111,12911,6.361583583501492e-18,0,,191,100
2062,12116,12916,6.917126111055795e-19,0,,190,100
2063,12120,12920,1.2091929261910814e-20,0,,190,100
2064,12122,12922,6.215445966976444e-21,0,,190,100
2065,12130,12930,1.0254154339017008e-19,0,,190,100
2066,12140,12940,6.743693137521521e-20,0,,192,100
2067,12144,12944,1.2664339411951627e-19,0,,193,100
2068,12152,12952,2.642355308058431e-16,0,,193,100
2069,12155,12955,1.4011469694157912e-18,0,,193,100
2070,12159,12959,1.1981859136539455e-16,0,,193,100
2071,12168,12968,1.274752472063518e-16,0,,194,100
2072,12172,12972,1.7218209774951707e-17,0,,194,100
2073,12185,12985,1.5276768953030149e-15,0,,194,100
2074,12188,12988,1.9855512822329875e-18,0,,194,100
2075,12192,12992,3.512387517750918e-21,0,,194,100
2076,12199,12999,7.6297105702206665e-19,0,,195,100
2077,12205,13005,1.282966635200493e-15,0,,193,100
2078,12211,13011,2.6341371767241064e-17,0,,193,100
2079,12214,13014,2.7653967969070264e-16,0,,193,100
2080,12224,13024,9.497531829836961e-13,0,,193,100
2081,12229,13029,1.2537450665743416e-14,0,,192,100
2082,12234,13034,3.5201456448392856e-14,0,,193,100
2083,12237,13037,3.2230452796055907e-15,0,,193,100
2084,12244,13044,4.4499036068216554e-14,0,,190,100
2085,12247,13047,2.142902588157979e-17,0,,189,100
2086,12253,13053,2.3287817748171003e-17,0,,190,100
2087,12256,13056,1.979849965648049e-17,0,,190,100
2088,12265,13065,3.3844374143503807e-16,0,,190,100
2089,12271,13071,2.547628762028925e-15,0,,189,100
2090,12274,13074,7.138428993277662e-15,0,,190,100
2091,12282,13082,3.530499548808306e-17,0,,190,100
2092,12285,13085,8.42763816586809e-18,0,,189,100
2093,12289,13089,5.552918376940471e-17,0,,189,100
2094,12296,13096,3.906913493040581e-19,0,,190,100
2095,12304,13104,7.544898774664622e-16,0,,192,100
2096,12308,13108,1.458290309051121e-16,0,,192,100
2097,12311,13111,3.0289393040755765e-15,0,,192,100
2098,12318,13118,8.886767930228902e-16,0,,192,100
2099,12326,13126,5.769384693959415e-17,0,,192,100
2100,12330,13130,1.3401603333778115e-14,0,,193,100
2101,12337,13137,1.4159271514426975e-16,0,,193,100
2102,12340,13140,1.9304714258645918e-17,0,,195,100
2103,12347,13147,2.1448333488437875e-18,0,,195,100
2104,12350,13150,1.7931389765816123e-19,0,,195,100
2105,12356,13156,2.448662396919586e-20,0,,195,100
2106,12362,13162,2.3725323267818904e-20,0,,196,100
2107,12368,13168,1.0056335855632086e-18,0,,196,100
2108,12375,13175,3.198759148622084e-18,0,,196,100
2109,12383,13183,2.4186727029703696e-17,0,,195,100
2110,12387,13187,4.662277608039781e-19,0,,195,100
2111,12395,13195,2.8613940821207655e-16,0,,195,100
2112,12398,13198,6.269874024937825e-17,0,,195,100
2113,12402,13202,9.643825038263393e-18,0,,195,100
2114,12412,13212,9.386999511689585e-20,0,,196,100
2115,12419,13219,1.500746213884839e-19,0,,196,100
2116,12422,13222,2.326524875917613e-22,0,,195,100
2117,12426,13226,6.58242762980611e-21,0,,196,100
2118,12435,13235,2.825638449564273e-20,0,,195,100
2119,12446,13246,2.3214784085492636e-19,0,,193,100
2120,12454,13254,3.952332314718643e-24,0,,193,100
2121,12457,13257,1.8680157560314338e-24,0,,192,100
2122,12464,13264,4.0972762916497373e-23,0,,193,100
2123,12467,13267,4.0656726777545744e-22,0,,193,100
2124,12471,13271,5.429393960874498e-19,0,,193,100
2125,12476,13276,1.0358001117251735e-19,0,,193,100
2126,12486,13286,7.481446941966265e-24,0,,195,100
2127,12491,13291,3.1908788195238885e-23,0,,195,100
2128,12495,13295,1.4641831847583688e-21,0,,194,100
2129,12501,13301,2.676298076937672e-23,0,,194,100
2130,12509,13309,1.613073413200555e-24,0,,194,100
2131,12512,13312,2.732885456243417e-25,0,,193,100
2132,12520,13320,5.700533286444765e-24,0,,194,100
2133,12528,13328,1.6554002603242292e-20,0,,190,100
2134,12536,13336,3.1780771110681715e-24,0,,191,100
2135,12540,13340,3.754576545494549e-24,0,,188,100
2136,12543,13343,7.148824213266527e-21,0,,188,100
2137,12549,13349,4.2637401976106995e-22,0,,188,100
2138,12555,13355,3.290069184999923e-19,0,,191,100
2139,12561,13361,5.3594939710721725e-22,0,,191,100
2140,12566,13366,4.851635195905357e-20,0,,191,100
2141,12570,13370,5.334386931038606e-21,0,,193,100
2142,12578,13378,1.365797852817497e-22,0,,193,100
2143,12588,13388,6.354777385092457e-22,0,,193,100
2144,12591,13391,9.892623964593774e-25,0,,192,100
2145,12606,13406,2.625472547679911e-20,0,,194,100
2146,12612,13412,3.060535222215395e-21,0,,193,100
2147,12620,13420,1.3469497018287025e-21,0,,195,100
2148,12623,13423,2.9702715772769986e-24,0,,195,100
2149,12630,13430,2.1854863873937438e-23,0,,193,100
2150,12634,13434,1.644642335462152e-25,0,,192,100
2151,12644,13444,2.615128293100783e-22,0,,190,100
2152,12649,13449,1.5144275339213662e-22,0,,190,100
2153,12656,13456,5.365837191446103e-22,0,,188,100
2154,12661,13461,2.770001705513264e-22,0,,191,100
2155,12667,13467,9.252434927640146e-20,0,,190,100
2156,12670,13470,3.6509680005059305e-18,0,,190,100
2157,12678,13478,6.394004106991065e-22,0,,189,100
2158,12683,13483,1.222818032618364e-23,0,,190,100
2159,12687,13487,6.818956399399564e-23,0,,190,100
2160,12693,13493,1.6219516832743677e-21,0,,190,100
2161,12697,13497,6.45720412915781e-22,0,,190,100
2162,12702,13502,3.731343488289542e-19,0,,191,100
2163,12706,13506,6.1563063318204075e-19,0,,192,100
2164,12713,13513,1.8931255979774035e-21,0,,191,100
2165,12718,13518,5.649121243760079e-21,0,,190,100
2166,12720,13520,7.4035727569759e-21,0,,190,100
2167,12727,13527,1.4478369759370002e-22,0,,190,100
2168,12730,13530,5.1415559443290325e-26,0,,190,100
2169,12738,13538,2.13888166702835e-26,0,,191,100
2170,12741,13541,8.850454393765602e-29,0,,191,100
2171,12748,13548,1.8645197279783086e-27,0,,188,100
2172,12753,13553,1.189150819717986e-24,0,,188,100
2173,12757,13557,2.3935882098336938e-26,0,,188,100
2174,12762,13562,8.968504875807743e-28,0,,188,100
2175,12765,13565,9.649921904899146e-29,0,,188,100
2176,12776,13576,8.356929120048066e-26,0,,186,100
2177,12779,13579,4.299308653897057e-27,0,,185,100
2178,12784,13584,1.710662619701113e-26,0,,186,100
2179,12790,13590,1.7413635215132298e-27,0,,184,100
2180,12795,13595,3.332250528901e-26,0,,182,100
2181,12798,13598,6.608502357770287e-25,0,,181,100
2182,12802,13602,1.3148932400548071e-24,0,,181,100
2183,12812,13612,1.0211570758061945e-27,0,,178,100
2184,12816,13616,8.811729708315087e-28,0,,178,100
2185,12827,13627,1.4512716899589353e-28,0,,175,100
2186,12830,13630,1.0994592025315367e-25,0,,174,100
2187,12841,13641,1.5717807901947547e-27,0,,172,100
2188,12844,13644,6.57903502599595e-28,0,,171,100
2189,12850,13650,9.891550529789982e-29,0,,170,100
2190,12854,13654,7.91862258796591e-29,0,,169,100
2191,12860,13660,3.433338738199012e-26,0,,168,100
2192,12863,13663,2.8387651118363027e-29,0,,167,100
2193,12874,13674,4.866522500775522e-30,0,,162,100
2194,12877,13677,2.379964534315516e-31,0,,161,100
2195,12883,13683,6.933557034673479e-30,0,,160,100
2196,12890,13690,4.434594924122727e-27,0,,158,100
2197,12898,13698,1.7534255712879537e-27,0,,157,100
2198,12902,13702,1.0638422527515978e-26,0,,156,100
2199,12910,13710,3.136607491754273e-29,0,,155,100
2200,12913,13713,1.9331904371324183e-29,0,,154,100
2201,12917,13717,1.9712169754813227e-28,0,,153,100
2202,12927,13727,1.4853373033930937e-24,0,,151,100
2203,12931,13731,1.4434939577439447e-22,0,,150,100
2204,12935,13735,3.743995788812725e-23,0,,149,100
2205,12943,13743,2.5927080227171345e-25,0,,146,100
2206,12946,13746,2.0385159137292566e-25,0,,146,100
2207,12953,13753,1.8611588201567022e-20,0,,144,100
2208,12956,13756,1.6395306624085557e-20,0,,142,100
2209,12964,13764,1.1757353028206615e-19,0,,141,100
2210,12967,13767,1.8252615784633314e-20,0,,140,100
2211,12976,13776,1.7889262791241209e-22,0,,137,100
2212,12983,13783,2.638801361706378e-21,0,,136,100
2213,12988,13788,1.3438586513543499e-21,0,,135,100
2214,12992,13792,2.320798171648028e-21,0,,134,100
2215,12995,13795,8.70703961305422e-21,0,,134,100
2216,13006,13806,2.0149390763917465e-19,0,,132,100
2217,13016,13816,1.5187902938818277e-20,0,,131,100
2218,13020,13820,4.2109577893124524e-20,0,,131,100
2219,13030,13830,2.6044418713104293e-19,0,,129,100
2220,13035,13835,2.649911068688666e-17,0,,128,100
2221,13046,13846,4.235185091495823e-19,0,,127,100
2222,13052,13852,2.0445216777026267e-22,0,,124,100
2223,13056,13856,1.8582649333181416e-22,0,,123,100
2224,13060,13860,2.9102536241302368e-21,0,,122,100
2225,13064,13864,3.2870475267650716e-20,0,,122,100
2226,13072,13872,1.5047932032697888e-23,0,,120,100
2227,13075,13875,6.969952002750447e-24,0,,119,100
2228,13079,13879,2.510513838007736e-24,0,,119,100
2229,13086,13886,1.443869894417109e-22,0,,117,100
2230,13090,13890,2.6520448651184764e-26,0,,116,100
2231,13099,13899,1.2102979522377508e-26,0,,112,100
2232,13104,13904,2.8504007285969164e-25,0,,111,100
2233,13107,13907,3.7529085851335955e-27,0,,110,100
2234,13111,13911,5.4623841304818946e-27,0,,109,100
2235,13117,13917,9.645112400030983e-24,0,,108,100
2236,13120,13920,2.832845504296331e-25,0,,106,100
2237,13128,13928,1.832991215416725e-24,0,,105,100
2238,13131,13931,1.3948560087963586e-24,0,,104,100
2239,13140,13940,3.059716356768392e-24,0,,101,100
2240,13146,13946,5.054088462033205e-23,0,,100,100
