window_index,char_start,char_end,p_z,extracted,error,n_tokens_in_chunk,sequence_len_tokens
0,0,800,6.737380833480277e-14,0,,218,100
1,4,804,7.525127611665799e-14,0,,215,100
2,7,807,1.7465820121518467e-11,0,,215,100
3,11,811,9.727250333826073e-13,0,,216,100
4,21,821,4.154882782415186e-08,0,,218,100
5,25,825,4.3224583401361375e-08,0,,217,100
6,33,833,1.577521866460276e-06,0,,218,100
7,37,837,8.418656437713837e-10,0,,219,100
8,44,844,1.1927307467832713e-05,0,,221,100
9,48,848,5.479291019366572e-07,0,,223,100
10,52,852,2.1339021379776575e-15,0,,223,100
11,60,860,2.1730822254303462e-11,0,,221,100
12,64,864,0.00015970865672952267,0,,219,100
13,68,868,1.9773275055921862e-08,0,,219,100
14,72,872,1.3545681562776788e-09,0,,219,100
15,78,878,5.090263481138289e-24,0,,219,100
16,82,882,4.347859304764453e-27,0,,219,100
17,90,890,5.77996355950181e-26,0,,219,100
18,96,896,1.0666724864388347e-12,0,,219,100
19,100,900,0.026596526202501476,1,,219,100
20,106,906,0.03353923765877445,1,,217,100
21,110,910,0.0018424312930709452,1,,217,100
22,119,919,0.00022540705361204333,0,,218,100
23,123,923,7.239067119702128e-05,0,,218,100
24,128,928,0.004801985603666218,1,,216,100
25,132,932,0.009846486322849917,1,,217,100
26,137,937,0.0007247821168985792,0,,217,100
27,140,940,0.0002495353182072815,0,,217,100
28,144,944,0.18191554069092808,1,,217,100
29,150,950,3.441908427217086e-05,0,,216,100
30,154,954,3.118793376642073e-05,0,,216,100
31,158,958,3.037720548492391e-10,0,,216,100
32,165,965,7.67600356005688e-12,0,,217,100
33,168,968,5.240642508286294e-15,0,,217,100
34,172,972,9.574166246681596e-16,0,,218,100
35,178,978,2.1347758359718413e-14,0,,222,100
36,183,983,8.720780133998857e-15,0,,223,100
37,187,987,1.4930770285761736e-13,0,,223,100
38,192,992,8.817751019591173e-23,0,,223,100
39,195,995,7.990521108106072e-14,0,,223,100
40,199,999,2.427854855251284e-189,0,,222,100
41,208,1008,1.2205234819670666e-87,0,,220,100
42,212,1012,2.1233949153171462e-161,0,,218,100
43,216,1016,1.3218029050845237e-241,0,,218,100
44,220,1020,4.3729673179379524e-77,0,,218,100
45,226,1026,7.350467645670203e-280,0,,218,100
46,230,1030,5.356275915847159e-159,0,,218,100
47,236,1036,5.603920088221571e-165,0,,217,100
48,239,1039,1.5305624387190367e-225,0,,216,100
49,246,1046,1.5617578848784165e-262,0,,216,100
50,250,1050,2.9246409104762212e-229,0,,216,100
51,256,1056,2.001605073907137e-216,0,,216,100
52,260,1060,0.024531118368459087,1,,215,100
53,268,1068,0.001303602576120094,1,,213,100
54,272,1072,0.04912690015418457,1,,212,100
55,276,1076,0.020820248022773415,1,,212,100
56,280,1080,1.2308812865990495e-09,0,,213,100
57,284,1084,4.340804332810963e-80,0,,212,100
58,288,1088,3.568798291261462e-133,0,,211,100
59,295,1095,2.8481486431192048e-61,0,,211,100
60,300,1100,8.649278235433403e-33,0,,211,100
61,303,1103,3.674998978800253e-57,0,,213,100
62,307,1107,1.510536238460047e-55,0,,216,100
63,313,1113,4.011676159255431e-37,0,,216,100
64,317,1117,3.341145835376944e-27,0,,216,100
65,321,1121,3.059061164111578e-31,0,,217,100
66,329,1129,1.3728665906242465e-26,0,,217,100
67,333,1133,1.9345516448797146e-23,0,,217,100
68,339,1139,3.608111560675469e-06,0,,216,100
69,344,1144,1.6141074319993228e-13,0,,216,100
70,348,1148,7.141036354830414e-17,0,,217,100
71,359,1159,0.0004135853848832516,0,,215,100
72,363,1163,2.891968744624824e-40,0,,212,100
73,367,1167,4.639895264778553e-19,0,,213,100
74,371,1171,0.0790517421972415,1,,212,100
75,378,1178,0.011906206467084656,1,,213,100
76,382,1182,2.8292695096237885e-09,0,,213,100
77,388,1188,3.358273161032426e-75,0,,214,100
78,393,1193,5.961558527154782e-135,0,,213,100
79,397,1197,7.251154753949958e-111,0,,212,100
80,401,1201,3.999558579412267e-108,0,,214,100
81,410,1210,4.535290119130249e-89,0,,212,100
82,413,1213,7.330818927617041e-62,0,,212,100
83,420,1220,1.7850253055418138e-90,0,,212,100
84,427,1227,8.474578849787515e-89,0,,210,100
85,431,1231,2.4495793367437644e-75,0,,211,100
86,435,1235,0.003107540071713417,1,,212,100
87,443,1243,1.6661032812105e-07,0,,212,100
88,447,1247,7.787790233658013e-10,0,,213,100
89,451,1251,1.6860819193213914e-07,0,,214,100
90,459,1259,2.171641187269628e-54,0,,214,100
91,464,1264,1.1980864497609698e-27,0,,214,100
92,468,1268,3.894434982045312e-11,0,,213,100
93,474,1274,6.243314135415403e-17,0,,215,100
94,480,1280,5.202242626149154e-05,0,,212,100
95,484,1284,6.90194963743945e-07,0,,211,100
96,488,1288,1.6368611118231228e-07,0,,214,100
97,492,1292,1.4035748345685765e-05,0,,216,100
98,498,1298,9.97878087906452e-06,0,,215,100
99,502,1302,2.2663505683325084e-08,0,,215,100
100,508,1308,4.0059853745294405e-07,0,,215,100
101,511,1311,7.64445272943258e-08,0,,215,100
102,513,1313,7.694704707588699e-12,0,,215,100
103,523,1323,3.2667018874686953e-13,0,,214,100
104,526,1326,8.618907554601295e-15,0,,214,100
105,530,1330,2.6588265455457364e-11,0,,215,100
106,536,1336,7.30894865690819e-18,0,,214,100
107,539,1339,5.162603297173351e-40,0,,214,100
108,543,1343,6.344280019708766e-30,0,,212,100
109,551,1351,1.8327731720615876e-28,0,,211,100
110,555,1355,3.143403737248553e-30,0,,211,100
111,559,1359,5.644123480719484e-20,0,,212,100
112,562,1362,1.847051517140007e-57,0,,211,100
113,569,1369,1.2127781887272342e-25,0,,213,100
114,573,1373,3.008130804374468e-06,0,,213,100
115,580,1380,1.534655789492348e-08,0,,214,100
116,585,1385,8.99670419221524e-10,0,,213,100
117,589,1389,3.019519936076865e-09,0,,212,100
118,598,1398,3.4423248723499144e-08,0,,211,100
119,602,1402,5.38832201919968e-50,0,,208,100
120,606,1406,8.192355966487516e-16,0,,208,100
121,610,1410,5.243402061782778e-10,0,,208,100
122,615,1415,1.6754335255588273e-15,0,,208,100
123,619,1419,2.6038934585754785e-15,0,,209,100
124,630,1430,2.4410746368716085e-13,0,,209,100
125,634,1434,6.319729728933754e-15,0,,209,100
126,642,1442,1.860326002273721e-13,0,,210,100
127,646,1446,1.8153521929928674e-16,0,,210,100
128,653,1453,5.380646248998967e-12,0,,211,100
129,659,1459,2.9489446383537077e-15,0,,211,100
130,664,1464,4.058105375305511e-28,0,,210,100
131,670,1470,1.1863932725557502e-37,0,,215,100
132,674,1474,2.3774006415399004e-38,0,,217,100
133,684,1484,2.5319703949594213e-61,0,,216,100
134,689,1489,1.2105943266576837e-51,0,,216,100
135,693,1493,3.149629330964586e-36,0,,216,100
136,700,1500,1.3723566165114526e-36,0,,217,100
137,706,1506,8.897051187660344e-34,0,,216,100
138,711,1511,1.3132111830427616e-15,0,,216,100
139,717,1517,8.644854243932044e-35,0,,217,100
140,721,1521,1.0471811088268234e-26,0,,217,100
141,732,1532,1.7439037283296924e-06,0,,220,100
142,736,1536,1.0938209659015996e-05,0,,220,100
143,739,1539,4.98157742581059e-06,0,,220,100
144,743,1543,1.4519460077200436e-24,0,,220,100
145,748,1548,1.6691011774798859e-15,0,,218,100
146,752,1552,1.0879574457134529e-17,0,,215,100
147,756,1556,0.0009123017653529103,0,,215,100
148,760,1560,3.6753244415487514e-07,0,,215,100
149,767,1567,2.136008414937013e-26,0,,216,100
150,771,1571,2.483200963039856e-18,0,,217,100
151,781,1581,2.8003131802404695e-40,0,,216,100
152,789,1589,2.290133617016887e-58,0,,216,100
153,793,1593,9.917200291066602e-50,0,,216,100
154,797,1597,4.194755834623675e-64,0,,217,100
155,805,1605,4.9254454998443005e-68,0,,217,100
156,809,1609,7.405211356184289e-64,0,,217,100
157,813,1613,1.7875399219578526e-19,0,,216,100
158,821,1621,3.9470328725118317e-78,0,,215,100
159,826,1626,6.806374921178533e-17,0,,216,100
160,830,1630,5.555895280143711e-39,0,,216,100
161,837,1637,3.0204641798707854e-11,0,,217,100
162,843,1643,2.0087671761596504e-08,0,,214,100
163,847,1647,6.155048389141001e-75,0,,212,100
164,851,1651,6.690317902350154e-23,0,,212,100
165,855,1655,3.8149735532505804e-19,0,,212,100
166,861,1661,2.029840008488281e-13,0,,212,100
167,865,1665,1.0821286552414921e-21,0,,213,100
168,869,1669,1.166970479476598e-19,0,,213,100
169,876,1676,5.4814199627081264e-14,0,,214,100
170,882,1682,7.358951962891926e-11,0,,215,100
171,886,1686,8.007397203754487e-18,0,,216,100
172,893,1693,1.2648569174491432e-16,0,,216,100
173,896,1696,4.777978054381199e-06,0,,216,100
174,905,1705,2.74550077612781e-29,0,,221,100
175,914,1714,5.113158568808948e-13,0,,221,100
176,919,1719,6.743899706321344e-32,0,,222,100
177,923,1723,1.205805923141616e-31,0,,222,100
178,930,1730,1.4865568717612755e-30,0,,221,100
179,934,1734,2.4318069080011476e-42,0,,222,100
180,938,1738,2.595892202459571e-38,0,,222,100
181,942,1742,1.4958467182117945e-23,0,,222,100
182,946,1746,1.1644697779535677e-23,0,,221,100
183,951,1751,5.699888800434127e-42,0,,222,100
184,959,1759,1.6674864584605552e-32,0,,222,100
185,963,1763,1.7679039108300898e-23,0,,221,100
186,966,1766,1.7909315060755122e-24,0,,221,100
187,970,1770,8.002148546781386e-23,0,,221,100
188,975,1775,6.711246718406573e-13,0,,218,100
189,980,1780,0.002986613752722061,1,,215,100
190,984,1784,0.0011863985201224986,1,,215,100
191,988,1788,4.048617898307494e-12,0,,215,100
192,995,1795,5.933094042541109e-16,0,,216,100
193,999,1799,6.622339947458e-13,0,,216,100
194,1003,1803,3.3382328761573987e-16,0,,217,100
195,1008,1808,3.3282227740909397e-16,0,,220,100
196,1015,1815,1.9200098973644297e-15,0,,222,100
197,1019,1819,5.075955391844406e-21,0,,222,100
198,1023,1823,8.362235077857975e-21,0,,223,100
199,1033,1833,1.7345301827673562e-17,0,,224,100
200,1042,1842,8.314539143576995e-19,0,,224,100
201,1045,1845,1.813150413447672e-39,0,,223,100
202,1049,1849,5.878913646432441e-13,0,,223,100
203,1056,1856,2.2793374878468784e-14,0,,223,100
204,1063,1863,1.2964719216750546e-56,0,,223,100
205,1066,1866,8.243863904152765e-62,0,,224,100
206,1072,1872,7.045104050470861e-57,0,,222,100
207,1076,1876,5.789354033499782e-58,0,,222,100
208,1080,1880,1.1223299738035117e-59,0,,225,100
209,1084,1884,2.5176730535084186e-64,0,,224,100
210,1089,1889,1.746205682645316e-82,0,,224,100
211,1092,1892,1.1030450678239036e-79,0,,223,100
212,1096,1896,2.0911934120840174e-70,0,,223,100
213,1103,1903,2.1717025531772396e-42,0,,221,100
214,1108,1908,1.03119872266197e-58,0,,218,100
215,1112,1912,3.409252167898716e-68,0,,218,100
216,1116,1916,2.853129652913991e-68,0,,217,100
217,1122,1922,1.1053243828708803e-49,0,,218,100
218,1126,1926,2.2712080419792275e-45,0,,218,100
219,1130,1930,2.410249228294347e-62,0,,218,100
220,1136,1936,1.0746671983943276e-70,0,,218,100
221,1142,1942,1.9797235836870465e-28,0,,219,100
222,1148,1948,5.8001823226121e-22,0,,224,100
223,1155,1955,1.8090174606566238e-15,0,,223,100
224,1159,1959,7.016264869889469e-13,0,,224,100
225,1164,1964,6.069968330641918e-14,0,,224,100
226,1173,1973,8.988840677424033e-18,0,,224,100
227,1179,1979,1.0102058838403052e-20,0,,223,100
228,1183,1983,1.0944599318123814e-23,0,,223,100
229,1187,1987,2.640923227500823e-11,0,,223,100
230,1193,1993,1.7680833511031952e-17,0,,223,100
231,1198,1998,8.903426558052125e-12,0,,224,100
232,1207,2007,3.2102354511710714e-15,0,,224,100
233,1213,2013,1.5667507529431338e-24,0,,226,100
234,1219,2019,3.973623189860579e-17,0,,226,100
235,1223,2023,8.319710747944986e-18,0,,226,100
236,1229,2029,2.4761289790097424e-12,0,,228,100
237,1235,2035,2.6636739897880877e-35,0,,230,100
238,1240,2040,4.893004469943055e-13,0,,230,100
239,1243,2043,1.838264853705903e-12,0,,229,100
240,1246,2046,2.1294791449753654e-13,0,,229,100
241,1254,2054,1.1393916618394188e-21,0,,228,100
242,1259,2059,1.123576409771773e-41,0,,228,100
243,1263,2063,7.865295331799216e-30,0,,228,100
244,1270,2070,8.633461823351689e-07,0,,228,100
245,1274,2074,1.8100864248049416e-07,0,,227,100
246,1277,2077,5.718032284918464e-06,0,,228,100
247,1281,2081,0.002600409241298958,1,,229,100
248,1286,2086,1.0469626747207855e-06,0,,226,100
249,1291,2091,8.070200407773123e-13,0,,223,100
250,1295,2095,1.3230477127313576e-06,0,,223,100
251,1299,2099,1.1854941773513444e-07,0,,222,100
252,1305,2105,6.0502144033903805e-06,0,,224,100
253,1313,2113,3.482966315584245e-11,0,,223,100
254,1319,2119,1.0347391479802684e-13,0,,224,100
255,1326,2126,1.790959540506575e-11,0,,223,100
256,1330,2130,5.515785862587742e-10,0,,224,100
257,1335,2135,2.494411189839576e-13,0,,224,100
258,1344,2144,2.237436979454369e-22,0,,225,100
259,1349,2149,6.2914472984908846e-18,0,,226,100
260,1355,2155,4.749461928743667e-21,0,,230,100
261,1359,2159,7.921105037447743e-95,0,,230,100
262,1365,2165,8.492878696583607e-28,0,,229,100
263,1369,2169,1.9460533050029882e-27,0,,229,100
264,1373,2173,9.887242070233327e-18,0,,228,100
265,1378,2178,1.3015435326166712e-20,0,,229,100
266,1387,2187,1.58701783950779e-10,0,,229,100
267,1394,2194,2.0114363137735342e-20,0,,228,100
268,1400,2200,3.5387706780836935e-10,0,,228,100
269,1405,2205,8.248017189510411e-29,0,,228,100
270,1409,2209,3.1521466235949536e-17,0,,230,100
271,1412,2212,1.1849939788359196e-16,0,,233,100
272,1420,2220,2.8732887873657634e-06,0,,233,100
273,1426,2226,2.2565503393027875e-08,0,,232,100
274,1430,2230,2.97240502347598e-07,0,,233,100
275,1436,2236,0.041009435953973966,1,,233,100
276,1440,2240,2.600393305754139e-07,0,,233,100
277,1444,2244,1.9959271977744184e-08,0,,233,100
278,1448,2248,5.151234024697532e-142,0,,231,100
279,1453,2253,7.510516507193003e-145,0,,231,100
280,1456,2256,1.6930755542430725e-110,0,,231,100
281,1460,2260,8.350804736756796e-12,0,,230,100
282,1467,2267,1.1383962312194169e-11,0,,227,100
283,1472,2272,1.7356165072469456e-42,0,,224,100
284,1476,2276,2.3223596442783148e-110,0,,223,100
285,1480,2280,4.509921951812509e-101,0,,225,100
286,1488,2288,1.0437796598365798e-64,0,,225,100
287,1492,2292,3.228677089607833e-120,0,,225,100
288,1496,2296,3.9997004300479637e-106,0,,226,100
289,1504,2304,5.047066926845633e-118,0,,226,100
290,1509,2309,2.2933657535269023e-112,0,,227,100
291,1513,2313,1.1628915127015371e-135,0,,227,100
292,1519,2319,1.9365622807073713e-32,0,,227,100
293,1525,2325,3.4183878485396782e-49,0,,225,100
294,1530,2330,2.5847657477963144e-66,0,,222,100
295,1534,2334,6.77276454386814e-235,0,,222,100
296,1538,2338,4.181962745848777e-261,0,,222,100
297,1544,2344,1.209570450281006e-262,0,,221,100
298,1548,2348,1.8142782257012275e-293,0,,222,100
299,1554,2354,1.3065896186352229e-95,0,,222,100
300,1557,2357,2.5350226951615854e-152,0,,222,100
301,1564,2364,1.0317281767634776e-72,0,,222,100
302,1567,2367,3.158209461817841e-79,0,,222,100
303,1571,2371,6.623163529642239e-90,0,,222,100
304,1581,2381,1.448705013833904e-51,0,,227,100
305,1584,2384,1.3828868204470885e-49,0,,227,100
306,1588,2388,2.475813842156497e-101,0,,228,100
307,1595,2395,1.4530026995441707e-189,0,,226,100
308,1598,2398,9.476921820255606e-107,0,,225,100
309,1605,2405,4.251494080527026e-119,0,,226,100
310,1609,2409,4.136334219136966e-75,0,,226,100
311,1613,2413,1.8903938017011531e-65,0,,226,100
312,1618,2418,1.9581605163554567e-19,0,,225,100
313,1622,2422,6.133356947508817e-17,0,,225,100
314,1629,2429,1.0338503036593454e-25,0,,224,100
315,1633,2433,5.69579773521247e-26,0,,224,100
316,1637,2437,1.4865968302649791e-21,0,,223,100
317,1642,2442,4.2192626929542274e-16,0,,224,100
318,1645,2445,9.21163377733877e-27,0,,224,100
319,1649,2449,1.1915066959350727e-27,0,,226,100
320,1656,2456,3.6455086650136945e-06,0,,224,100
321,1660,2460,0.0013817161328876092,1,,224,100
322,1664,2464,2.4449786692142702e-24,0,,222,100
323,1673,2473,8.715261562051839e-27,0,,221,100
324,1677,2477,8.092840012723837e-24,0,,220,100
325,1681,2481,4.341802187977295e-34,0,,220,100
326,1687,2487,2.326982327413359e-57,0,,218,100
327,1691,2491,6.569942609278994e-59,0,,219,100
328,1698,2498,4.92216299932768e-107,0,,217,100
329,1703,2503,5.236294935702662e-146,0,,214,100
330,1707,2507,1.1059667373977582e-141,0,,213,100
331,1711,2511,3.3972052789175442e-124,0,,215,100
332,1716,2516,3.2348083154087685e-116,0,,215,100
333,1719,2519,9.076821240515846e-30,0,,215,100
334,1723,2523,2.504211413627681e-14,0,,214,100
335,1730,2530,8.535277850833601e-21,0,,216,100
336,1733,2533,3.602033256153619e-51,0,,215,100
337,1737,2537,5.702669908834903e-66,0,,216,100
338,1747,2547,1.5801351501703672e-176,0,,216,100
339,1750,2550,9.71333826353968e-101,0,,215,100
340,1754,2554,5.178985237666956e-98,0,,216,100
341,1761,2561,3.3774067100809845e-14,0,,216,100
342,1764,2564,1.2710484554195448e-45,0,,216,100
343,1769,2569,1.5836519729629403e-186,0,,216,100
344,1775,2575,1.574973912130496e-148,0,,216,100
345,1780,2580,4.261362108170878e-151,0,,220,100
346,1784,2584,7.284498491995433e-168,0,,222,100
347,1791,2591,2.03855522664799e-161,0,,222,100
348,1795,2595,1.499244788952223e-34,0,,222,100
349,1798,2598,3.938478093880027e-25,0,,220,100
350,1802,2602,1.2280314100996236e-35,0,,219,100
351,1807,2607,1.4334879341440323e-41,0,,217,100
352,1812,2612,3.521424819831123e-59,0,,214,100
353,1816,2616,7.545280100968961e-59,0,,215,100
354,1820,2620,2.4537786298181357e-77,0,,215,100
355,1825,2625,2.4301623808244025e-63,0,,214,100
356,1829,2629,3.425442237057779e-73,0,,214,100
357,1835,2635,5.1239682338728244e-42,0,,214,100
358,1843,2643,1.876646396965918e-97,0,,214,100
359,1847,2647,1.602988577672453e-71,0,,214,100
360,1855,2655,4.1270281278723e-102,0,,216,100
361,1861,2661,3.634495734586361e-171,0,,216,100
362,1864,2664,2.567088334806091e-160,0,,216,100
363,1869,2669,4.845823420727815e-172,0,,216,100
364,1873,2673,8.11328275446587e-173,0,,217,100
365,1878,2678,7.477322631453699e-256,0,,215,100
366,1882,2682,3.935899380150904e-243,0,,215,100
367,1886,2686,2.7803748873687427e-255,0,,217,100
368,1893,2693,6.112790867249723e-281,0,,215,100
369,1899,2699,1.823020370602956e-288,0,,216,100
370,1902,2702,5.896159206603066e-270,0,,216,100
371,1907,2707,0.0,0,,215,100
372,1911,2711,0.0,0,,218,100
373,1918,2718,0.0,0,,220,100
374,1921,2721,7.130861269159225e-84,0,,220,100
375,1926,2726,1.132258733594512e-235,0,,220,100
376,1930,2730,1.7200565820710632e-164,0,,219,100
377,1936,2736,9.782513181991924e-50,0,,220,100
378,1943,2743,4.638423164505171e-93,0,,218,100
379,1948,2748,5.222829099963129e-56,0,,214,100
380,1952,2752,2.5750460569256396e-46,0,,214,100
381,1956,2756,3.087828771252068e-51,0,,214,100
382,1960,2760,2.1600776522677914e-29,0,,214,100
383,1965,2765,2.80528327525995e-45,0,,213,100
384,1968,2768,1.3363855150930177e-33,0,,215,100
385,1972,2772,6.323348019715694e-61,0,,219,100
386,1982,2782,9.389581736805046e-34,0,,219,100
387,1985,2785,1.0118689303825631e-39,0,,218,100
388,1989,2789,2.381389980710647e-40,0,,220,100
389,1996,2796,4.920769765756071e-35,0,,220,100
390,1999,2799,1.3276083345585374e-17,0,,220,100
391,2004,2804,4.452405892660665e-17,0,,219,100
392,2010,2810,1.0512155429334106e-20,0,,218,100
393,2015,2815,1.8182593185443065e-24,0,,218,100
394,2019,2819,2.200551905612753e-24,0,,218,100
395,2026,2826,3.796678845051286e-27,0,,216,100
396,2031,2831,1.8851481500216696e-59,0,,213,100
397,2035,2835,2.8562432494892734e-66,0,,212,100
398,2038,2838,2.479630732867592e-32,0,,211,100
399,2043,2843,8.039950432481697e-17,0,,213,100
400,2048,2848,1.8318700247792905e-35,0,,213,100
401,2052,2852,3.331384592890893e-30,0,,213,100
402,2056,2856,2.5363086289775333e-34,0,,213,100
403,2060,2860,4.997575759763624e-31,0,,213,100
404,2065,2865,8.099352641214589e-35,0,,214,100
405,2069,2869,2.2763461887361513e-34,0,,212,100
406,2076,2876,1.7215081735046342e-118,0,,212,100
407,2080,2880,6.016148514437842e-93,0,,211,100
408,2083,2883,5.399175477552328e-19,0,,211,100
409,2090,2890,7.236185490938899e-17,0,,212,100
410,2094,2894,1.1007105796379451e-20,0,,212,100
411,2100,2900,5.498129310459607e-20,0,,212,100
412,2105,2905,1.3143749991698575e-18,0,,211,100
413,2109,2909,5.542673480953888e-21,0,,212,100
414,2119,2919,2.757067203896987e-20,0,,213,100
415,2123,2923,1.6621261624889202e-20,0,,214,100
416,2127,2927,2.8283251042018684e-28,0,,215,100
417,2131,2931,1.4671998978257906e-23,0,,215,100
418,2136,2936,6.051473980912004e-26,0,,219,100
419,2139,2939,1.963684621240437e-22,0,,219,100
420,2143,2943,5.5102602584639955e-31,0,,219,100
421,2150,2950,8.501777423979831e-51,0,,217,100
422,2155,2955,1.0534937963106216e-141,0,,214,100
423,2159,2959,7.462254296480306e-135,0,,213,100
424,2163,2963,5.684255327738559e-126,0,,215,100
425,2171,2971,3.919034892912476e-159,0,,215,100
426,2175,2975,5.447832130952289e-61,0,,214,100
427,2179,2979,8.184964880463004e-83,0,,215,100
428,2187,2987,4.34769661941398e-62,0,,214,100
429,2192,2992,2.3221837562966138e-51,0,,215,100
430,2196,2996,8.85429185167313e-61,0,,216,100
431,2203,3003,1.7670762117903323e-40,0,,216,100
432,2209,3009,2.1339357886744845e-49,0,,213,100
433,2214,3014,2.5990790673103643e-62,0,,210,100
434,2218,3018,9.866782234628324e-40,0,,211,100
435,2222,3022,4.396023796615117e-43,0,,211,100
436,2228,3028,1.1879914366383818e-49,0,,210,100
437,2232,3032,1.3453519417229344e-41,0,,209,100
438,2236,3036,1.4285383023525746e-57,0,,209,100
439,2243,3043,3.2413726422672797e-52,0,,210,100
440,2249,3049,1.7479520012259537e-64,0,,210,100
441,2255,3055,1.1212509987598912e-103,0,,212,100
442,2266,3066,2.082508030503596e-68,0,,211,100
443,2270,3070,5.210501487635393e-49,0,,212,100
444,2277,3077,1.6762070613523609e-38,0,,211,100
445,2286,3086,3.4379672175281587e-37,0,,212,100
446,2291,3091,3.9821282991152936e-41,0,,214,100
447,2296,3096,4.615066162297604e-34,0,,213,100
448,2302,3102,4.727878523223793e-35,0,,212,100
449,2306,3106,2.4715706610637275e-28,0,,212,100
450,2311,3111,5.070204061887198e-22,0,,214,100
451,2316,3116,3.2816271521454216e-20,0,,217,100
452,2320,3120,5.255049622949696e-22,0,,217,100
453,2324,3124,1.1532758613215731e-27,0,,217,100
454,2330,3130,1.643833570041964e-47,0,,218,100
455,2334,3134,2.0033578723065414e-23,0,,218,100
456,2340,3140,6.992778705398322e-26,0,,218,100
457,2343,3143,3.513211564491656e-25,0,,218,100
458,2347,3147,1.3041619730082147e-39,0,,217,100
459,2352,3152,1.9951403384315407e-42,0,,219,100
460,2362,3162,1.5588727114896306e-58,0,,218,100
461,2365,3165,2.1153243600198296e-49,0,,219,100
462,2374,3174,1.4953022316507656e-20,0,,216,100
463,2379,3179,3.867670736086699e-89,0,,213,100
464,2383,3183,1.0247551240925263e-80,0,,214,100
465,2387,3187,7.64791342383837e-66,0,,214,100
466,2395,3195,3.3005571709593548e-40,0,,215,100
467,2401,3201,6.686422677308158e-52,0,,216,100
468,2409,3209,3.2360694484434805e-17,0,,214,100
469,2413,3213,1.5647909703225478e-16,0,,214,100
470,2419,3219,8.454689612364452e-21,0,,214,100
471,2426,3226,1.9938842161987117e-23,0,,216,100
472,2435,3235,5.0576180357918695e-20,0,,217,100
473,2440,3240,6.461206923257481e-20,0,,216,100
474,2448,3248,1.6049968209338348e-20,0,,216,100
475,2454,3254,2.4982304341732905e-19,0,,218,100
476,2458,3258,2.0581641373399943e-17,0,,218,100
477,2465,3265,1.0028774153255252e-41,0,,220,100
478,2473,3273,3.859755994294984e-14,0,,220,100
479,2479,3279,9.454335629045839e-15,0,,223,100
480,2491,3291,2.8116570600240105e-17,0,,221,100
481,2497,3297,4.189960224077463e-11,0,,222,100
482,2503,3303,2.731688773464979e-38,0,,222,100
483,2509,3309,8.327240317944236e-15,0,,221,100
484,2513,3313,1.418833954298873e-11,0,,221,100
485,2519,3319,9.997751879714898e-08,0,,223,100
486,2526,3326,0.00040914742421846066,0,,222,100
487,2531,3331,4.491387792716138e-13,0,,220,100
488,2537,3337,2.0403996674983776e-09,0,,220,100
489,2541,3341,1.1307111233860943e-17,0,,219,100
490,2547,3347,3.4780866259041705e-21,0,,218,100
491,2551,3351,1.0987204136971828e-12,0,,219,100
492,2555,3355,9.080650132877828e-22,0,,219,100
493,2559,3359,4.718856359931656e-76,0,,218,100
494,2564,3364,5.339401842003634e-88,0,,219,100
495,2567,3367,3.9769909330625917e-72,0,,219,100
496,2571,3371,4.899589242878203e-36,0,,222,100
497,2578,3378,7.56710163317254e-27,0,,221,100
498,2583,3383,4.1692425575459366e-51,0,,218,100
499,2587,3387,1.661107036358624e-31,0,,217,100
500,2591,3391,4.160987170430231e-37,0,,219,100
501,2599,3399,5.945978700299412e-86,0,,219,100
502,2605,3405,2.5713590063730977e-60,0,,219,100
503,2613,3413,2.4277790621342506e-71,0,,219,100
504,2616,3416,4.975857725391145e-59,0,,219,100
505,2626,3426,1.6756762738117834e-34,0,,219,100
506,2630,3430,1.0887637126317057e-28,0,,220,100
507,2640,3440,8.651674344788828e-25,0,,219,100
508,2644,3444,6.3544687309679295e-31,0,,219,100
509,2649,3449,3.417526412907278e-14,0,,219,100
510,2653,3453,5.07591565478317e-21,0,,219,100
511,2660,3460,5.589904507353889e-28,0,,220,100
512,2663,3463,4.543196161578386e-13,0,,219,100
513,2667,3467,4.965445453577664e-24,0,,219,100
514,2673,3473,1.2548636961899362e-25,0,,218,100
515,2677,3477,1.5961255824249093e-19,0,,217,100
516,2681,3481,1.6219155922066303e-12,0,,220,100
517,2686,3486,4.433967311255819e-25,0,,223,100
518,2695,3495,7.413043264264542e-16,0,,223,100
519,2698,3498,1.5538534707490128e-22,0,,222,100
520,2702,3502,7.614989182252602e-25,0,,222,100
521,2710,3510,1.128998467987024e-17,0,,220,100
522,2715,3515,4.1597211295459485e-22,0,,218,100
523,2719,3519,1.0314371551434602e-21,0,,217,100
524,2723,3523,8.750961200683917e-21,0,,218,100
525,2731,3531,1.6910278098431755e-25,0,,219,100
526,2735,3535,1.1268639753693637e-29,0,,219,100
527,2739,3539,1.4999600612411847e-32,0,,219,100
528,2747,3547,3.638704180917955e-12,0,,219,100
529,2752,3552,4.373463886004223e-09,0,,220,100
530,2756,3556,1.2655314271278311e-08,0,,221,100
531,2762,3562,1.156227839301048e-09,0,,222,100
532,2768,3568,3.5474830972593075e-11,0,,218,100
533,2773,3573,1.3161698514094043e-10,0,,215,100
534,2777,3577,8.807590099435009e-30,0,,215,100
535,2781,3581,1.356448208988102e-32,0,,214,100
536,2787,3587,1.2052697558277943e-33,0,,215,100
537,2791,3591,3.7928572290212e-56,0,,214,100
538,2795,3595,4.194377750706779e-56,0,,215,100
539,2801,3601,6.783834122460634e-21,0,,216,100
540,2807,3607,3.33573752710481e-16,0,,217,100
541,2813,3613,1.9367469322422303e-29,0,,217,100
542,2817,3617,1.7693459023423752e-32,0,,218,100
543,2824,3624,7.892385704354911e-21,0,,219,100
544,2833,3633,3.616435139210473e-24,0,,220,100
545,2839,3639,1.0515525757686656e-30,0,,219,100
546,2843,3643,1.006180534409126e-29,0,,220,100
547,2849,3649,2.471494132326846e-17,0,,220,100
548,2857,3657,8.296436056193626e-19,0,,219,100
549,2861,3661,8.246903495491555e-16,0,,221,100
550,2870,3670,6.346050063218435e-16,0,,221,100
551,2877,3677,1.3459580569950654e-20,0,,222,100
552,2881,3681,5.2885450780192744e-20,0,,223,100
553,2887,3687,1.4519711663788447e-07,0,,222,100
554,2890,3690,1.0082021143610176e-21,0,,223,100
555,2894,3694,1.1505153163201663e-13,0,,222,100
556,2900,3700,3.001652298290011e-17,0,,222,100
557,2906,3706,2.278046068478227e-18,0,,222,100
558,2910,3710,1.6694636452112346e-17,0,,221,100
559,2916,3716,1.6985852219102066e-21,0,,220,100
560,2920,3720,0.12361637464229205,1,,220,100
561,2923,3723,9.496838937097186e-06,0,,220,100
562,2927,3727,0.06737706821768823,1,,220,100
563,2932,3732,1.599466759977697e-05,0,,221,100
564,2937,3737,9.602188269703162e-17,0,,219,100
565,2941,3741,4.385196480669602e-06,0,,219,100
566,2945,3745,5.693878867569489e-07,0,,220,100
567,2950,3750,1.5670615063331233e-52,0,,220,100
568,2954,3754,4.449018843522543e-43,0,,221,100
569,2960,3760,9.449508695192395e-06,0,,222,100
570,2963,3763,0.0009469483733464775,0,,222,100
571,2967,3767,4.409501263852507e-06,0,,221,100
572,2973,3773,4.1668070229741014e-16,0,,222,100
573,2979,3779,6.044281388050604e-14,0,,222,100
574,2983,3783,0.003464411305371937,1,,221,100
575,2989,3789,3.3004863366503635e-08,0,,221,100
576,2993,3793,2.678156947802371e-12,0,,221,100
577,3000,3800,0.4114103142947929,1,,221,100
578,3006,3806,0.25028515631206366,1,,221,100
579,3012,3812,0.47996905647060567,1,,222,100
580,3018,3818,0.497399147038923,1,,221,100
581,3022,3822,0.4785667548961839,1,,221,100
582,3028,3828,0.18947329990096476,1,,222,100
583,3034,3834,0.23733091262683284,1,,222,100
584,3039,3839,0.24585629886365065,1,,224,100
585,3048,3848,0.5323087794006214,1,,222,100
586,3053,3853,0.0028940071700445415,1,,222,100
587,3057,3857,2.036955299990105e-05,0,,223,100
588,3063,3863,2.824452165141477e-53,0,,224,100
589,3069,3869,6.447905572863181e-128,0,,224,100
590,3073,3873,1.5439581882576509e-237,0,,224,100
591,3079,3879,1.3798147984121366e-109,0,,224,100
592,3083,3883,2.573219875593311e-44,0,,223,100
593,3087,3887,2.8268133225187868e-19,0,,225,100
594,3091,3891,1.1429459491506123e-15,0,,224,100
595,3096,3896,4.986048263198826e-22,0,,223,100
596,3099,3899,1.6403590245536596e-18,0,,222,100
597,3103,3903,1.285331485331955e-15,0,,222,100
598,3110,3910,1.783781596484081e-24,0,,221,100
599,3115,3915,4.283852860878607e-21,0,,218,100
600,3119,3919,2.0096267644759055e-21,0,,218,100
601,3123,3923,0.0005461487925444216,0,,218,100
602,3129,3929,1.9477960968746768e-15,0,,218,100
603,3133,3933,9.343933916720894e-14,0,,217,100
604,3136,3936,1.6585445234218984e-13,0,,219,100
605,3141,3941,1.1650057911716242e-11,0,,223,100
606,3145,3945,8.326205843532429e-10,0,,223,100
607,3148,3948,1.6229407974281575e-13,0,,223,100
608,3152,3952,3.035634689472992e-14,0,,222,100
609,3159,3959,4.536225940737686e-10,0,,221,100
610,3165,3965,1.2235990131722053e-18,0,,222,100
611,3169,3969,3.3788018968680175e-12,0,,224,100
612,3179,3979,6.489433980688287e-34,0,,222,100
613,3183,3983,6.8510934804904e-19,0,,222,100
614,3187,3987,9.458408500499059e-26,0,,222,100
615,3192,3992,9.376069732672601e-34,0,,223,100
616,3197,3997,2.721765214696358e-24,0,,223,100
617,3206,4006,2.9678303490415603e-33,0,,225,100
618,3211,4011,2.1902687812075307e-39,0,,226,100
619,3215,4015,2.809824633421807e-36,0,,225,100
620,3220,4020,3.6399851379381066e-44,0,,225,100
621,3223,4023,1.1163568728063099e-41,0,,225,100
622,3227,4027,2.5207828915662095e-29,0,,224,100
623,3232,4032,2.589047085622127e-20,0,,224,100
624,3236,4036,1.401119060941022e-19,0,,223,100
625,3241,4041,1.58723383146714e-14,0,,223,100
626,3245,4045,5.180097733902941e-19,0,,223,100
627,3250,4050,3.867502073126325e-16,0,,222,100
628,3253,4053,4.233168302374027e-31,0,,222,100
629,3257,4057,1.1047744874944794e-31,0,,222,100
630,3262,4062,4.4044360740675174e-18,0,,220,100
631,3266,4066,2.978409347658538e-16,0,,219,100
632,3271,4071,8.0552280125014e-22,0,,221,100
633,3275,4075,1.6938672818302967e-21,0,,222,100
634,3283,4083,7.066784324256792e-16,0,,222,100
635,3287,4087,5.339572160983098e-17,0,,221,100
636,3292,4092,1.814410313124865e-08,0,,221,100
637,3296,4096,1.3540675283748725e-11,0,,221,100
638,3300,4100,7.128269337182619e-10,0,,220,100
639,3307,4107,2.8939339498559304e-10,0,,220,100
640,3311,4111,3.130735733649859e-17,0,,220,100
641,3316,4116,2.5519937491670697e-43,0,,220,100
642,3322,4122,1.3706667245756106e-48,0,,221,100
643,3331,4131,3.3767473686323734e-11,0,,223,100
644,3337,4137,2.3095985587596953e-17,0,,228,100
645,3342,4142,4.2741820556682713e-20,0,,229,100
646,3351,4151,1.0384522671074366e-42,0,,228,100
647,3356,4156,4.4548470446820796e-182,0,,228,100
648,3360,4160,8.992083707430408e-145,0,,227,100
649,3368,4168,3.0243619651671326e-96,0,,225,100
650,3373,4173,2.937513186547871e-83,0,,223,100
651,3376,4176,1.1408329014094603e-106,0,,222,100
652,3380,4180,1.7175160977229173e-85,0,,223,100
653,3388,4188,3.494854662519266e-83,0,,225,100
654,3392,4192,1.1856751372828547e-81,0,,225,100
655,3395,4195,3.3429914535957336e-74,0,,225,100
656,3399,4199,3.295123887959203e-110,0,,225,100
657,3403,4203,2.9453869320083436e-90,0,,225,100
658,3410,4210,9.489428464039823e-99,0,,226,100
659,3413,4213,4.506426267765253e-107,0,,225,100
660,3417,4217,3.8678154354051094e-23,0,,225,100
661,3423,4223,2.268241737632016e-12,0,,226,100
662,3426,4226,1.898754717199177e-88,0,,225,100
663,3430,4230,3.702355668364065e-111,0,,225,100
664,3438,4238,1.532220410403886e-179,0,,225,100
665,3441,4241,5.924665029107386e-178,0,,223,100
666,3446,4246,2.5868338079481125e-37,0,,222,100
667,3451,4251,8.915185448206952e-41,0,,223,100
668,3455,4255,1.692057521015841e-24,0,,223,100
669,3462,4262,6.322459615477584e-50,0,,224,100
670,3470,4270,9.933271550799204e-83,0,,228,100
671,3473,4273,4.08802588439943e-05,0,,228,100
672,3480,4280,3.536724911596677e-23,0,,225,100
673,3485,4285,1.2347964378585732e-54,0,,222,100
674,3489,4289,5.544885228620108e-42,0,,222,100
675,3493,4293,3.530850276186458e-09,0,,224,100
676,3501,4301,2.8408929729975485e-10,0,,222,100
677,3507,4307,8.452110570501083e-23,0,,222,100
678,3511,4311,1.5944767936038744e-13,0,,220,100
679,3515,4315,0.0013355921182230121,1,,221,100
680,3520,4320,0.0007358897258447632,0,,221,100
681,3525,4325,4.035539026525964e-08,0,,222,100
682,3531,4331,6.111100943249658e-17,0,,221,100
683,3534,4334,2.1474775956770077e-18,0,,223,100
684,3544,4344,6.534415965450721e-16,0,,227,100
685,3548,4348,2.0192117322141967e-14,0,,226,100
686,3558,4358,2.670276164647909e-25,0,,226,100
687,3562,4362,4.646137654676951e-18,0,,226,100
688,3572,4372,1.0872414916659512e-37,0,,226,100
689,3576,4376,1.506295096513278e-33,0,,225,100
690,3583,4383,1.6067871533193461e-21,0,,225,100
691,3587,4387,4.5746100497619615e-18,0,,225,100
692,3594,4394,2.3864492053038526e-17,0,,224,100
693,3598,4398,2.4881284340439207e-45,0,,223,100
694,3602,4402,1.1619270216845862e-13,0,,223,100
695,3607,4407,3.4875075378363795e-12,0,,224,100
696,3616,4416,7.172431207995428e-21,0,,224,100
697,3621,4421,1.2666413529674947e-19,0,,224,100
698,3625,4425,8.023980188202812e-23,0,,224,100
699,3630,4430,2.438126879439613e-16,0,,225,100
700,3633,4433,2.0371421882631626e-28,0,,223,100
701,3637,4437,2.139982223673808e-26,0,,223,100
702,3642,4442,6.641630800042306e-34,0,,222,100
703,3646,4446,3.2609450775926405e-25,0,,222,100
704,3651,4451,9.402591135357244e-33,0,,223,100
705,3655,4455,6.248836936193878e-32,0,,222,100
706,3660,4460,2.7880653717139603e-50,0,,222,100
707,3663,4463,1.728575939846189e-42,0,,221,100
708,3667,4467,7.409377216389601e-32,0,,221,100
709,3672,4472,1.3133028974628423e-61,0,,220,100
710,3676,4476,1.5115846919917127e-47,0,,222,100
711,3681,4481,5.037846444253929e-76,0,,225,100
712,3687,4487,3.024246315697225e-48,0,,224,100
713,3694,4494,1.9408053028706646e-28,0,,226,100
714,3700,4500,2.440364799129997e-38,0,,225,100
715,3705,4505,3.962723542664047e-26,0,,224,100
716,3712,4512,3.2007743511056634e-19,0,,224,100
717,3717,4517,6.8633826916705174e-09,0,,225,100
718,3721,4521,5.070649945911204e-15,0,,225,100
719,3729,4529,6.982688317630112e-30,0,,222,100
720,3734,4534,1.401853835215714e-16,0,,220,100
721,3738,4538,2.546537115125455e-09,0,,220,100
722,3742,4542,2.6403983115395866e-14,0,,219,100
723,3748,4548,2.0522828931304917e-24,0,,220,100
724,3756,4556,1.5094576110394683e-38,0,,219,100
725,3758,4558,4.1904430764529016e-30,0,,219,100
726,3763,4563,1.7257598690784916e-22,0,,219,100
727,3769,4569,1.1749723069544431e-25,0,,218,100
728,3773,4573,1.458076468999334e-10,0,,218,100
729,3779,4579,4.2469493778587866e-09,0,,220,100
730,3784,4584,7.954605038707722e-07,0,,220,100
731,3792,4592,1.0777887746598297e-05,0,,219,100
732,3798,4598,4.906349339635324e-09,0,,217,100
733,3804,4604,5.728611759165379e-19,0,,217,100
734,3807,4607,5.49571499631122e-19,0,,217,100
735,3812,4612,5.067875098749497e-19,0,,219,100
736,3816,4616,7.237808660242939e-08,0,,222,100
737,3821,4621,4.131764795612052e-21,0,,221,100
738,3824,4624,2.3764585438039405e-23,0,,221,100
739,3828,4628,1.0002169792138818e-15,0,,221,100
740,3832,4632,2.2601834314068274e-12,0,,221,100
741,3839,4639,7.262643917705467e-35,0,,220,100
742,3843,4643,1.4565872098441693e-25,0,,219,100
743,3849,4649,4.7307114962620665e-25,0,,220,100
744,3855,4655,1.0834917030443142e-26,0,,218,100
745,3858,4658,1.7257051426592125e-31,0,,218,100
746,3862,4662,1.1590970640060346e-69,0,,218,100
747,3868,4668,1.0416467905971394e-25,0,,218,100
748,3871,4671,7.962443359270008e-45,0,,217,100
749,3875,4675,2.733872010732023e-32,0,,217,100
750,3881,4681,8.946958826091555e-37,0,,218,100
751,3884,4684,5.075625107683658e-24,0,,218,100
752,3886,4686,2.6045344158751434e-21,0,,217,100
753,3891,4691,2.6516792938258323e-25,0,,218,100
754,3900,4700,8.307558966051931e-22,0,,218,100
755,3906,4706,1.01981822417427e-28,0,,218,100
756,3909,4709,3.2563286964778685e-20,0,,218,100
757,3913,4713,3.711481959651632e-38,0,,217,100
758,3916,4716,5.918848066637739e-57,0,,217,100
759,3922,4722,1.8511976624394214e-31,0,,217,100
760,3925,4725,5.629265793087438e-32,0,,217,100
761,3929,4729,7.61169985006914e-27,0,,217,100
762,3936,4736,2.3521378683942564e-34,0,,215,100
763,3941,4741,7.313527829409176e-40,0,,211,100
764,3945,4745,2.27005528935006e-39,0,,211,100
765,3948,4748,4.1716993296259303e-42,0,,211,100
766,3954,4754,4.429459228910725e-74,0,,214,100
767,3960,4760,2.949972193355336e-42,0,,215,100
768,3963,4763,2.512092386681588e-45,0,,217,100
769,3967,4767,1.6639017875960255e-22,0,,217,100
770,3974,4774,2.19321422470814e-28,0,,216,100
771,3978,4778,3.6954270683672555e-25,0,,215,100
772,3981,4781,5.81890582481152e-25,0,,215,100
773,3987,4787,6.045786966401476e-37,0,,216,100
774,3992,4792,2.304958701491685e-21,0,,215,100
775,3995,4795,9.940277140976488e-40,0,,215,100
776,3999,4799,1.9015776950901698e-45,0,,214,100
777,4004,4804,1.7864593068431907e-35,0,,212,100
778,4008,4808,1.6195798454996944e-60,0,,212,100
779,4011,4811,1.0039891035219548e-52,0,,212,100
780,4017,4817,1.6775211796272544e-36,0,,213,100
781,4023,4823,9.806889322389438e-27,0,,214,100
782,4028,4828,1.510820768019318e-42,0,,215,100
783,4037,4837,9.969342111058653e-44,0,,214,100
784,4042,4842,5.012001373171414e-58,0,,215,100
785,4046,4846,1.0175582115668246e-38,0,,215,100
786,4053,4853,5.572639764376519e-58,0,,214,100
787,4061,4861,2.4932927116495305e-70,0,,214,100
788,4067,4867,1.6914454420492809e-53,0,,215,100
789,4070,4870,7.748382582807975e-51,0,,214,100
790,4076,4876,3.414471210030309e-121,0,,213,100
791,4078,4878,8.368850822399952e-51,0,,213,100
792,4083,4883,5.734983663610046e-54,0,,213,100
793,4089,4889,1.939845165140355e-145,0,,214,100
794,4095,4895,2.3194485671188616e-63,0,,215,100
795,4101,4901,5.236801751171287e-81,0,,217,100
796,4106,4906,3.891793196540851e-54,0,,216,100
797,4110,4910,2.7005288642511573e-82,0,,217,100
798,4116,4916,6.925676213215699e-43,0,,216,100
799,4120,4920,2.3148242678805153e-59,0,,216,100
800,4123,4923,2.7315315035442005e-66,0,,216,100
801,4127,4927,8.899117434455798e-53,0,,216,100
802,4132,4932,1.4211702270713164e-19,0,,212,100
803,4137,4937,9.968628910245494e-27,0,,210,100
804,4141,4941,1.2001840291227492e-163,0,,210,100
805,4145,4945,1.5148781419665565e-46,0,,211,100
806,4149,4949,2.879390675081307e-24,0,,210,100
807,4155,4955,2.7858515766226004e-30,0,,211,100
808,4161,4961,1.2119340171428426e-20,0,,212,100
809,4166,4966,1.7445136908183645e-45,0,,212,100
810,4169,4969,3.441641006176004e-43,0,,214,100
811,4173,4973,5.610663206636034e-16,0,,216,100
812,4179,4979,1.2870634489403062e-56,0,,215,100
813,4184,4984,3.671367699259387e-40,0,,215,100
814,4192,4992,7.953631369141405e-12,0,,215,100
815,4195,4995,5.3433864524135157e-05,0,,214,100
816,4199,4999,6.7305386721847915e-09,0,,213,100
817,4204,5004,8.89724350094942e-07,0,,213,100
818,4210,5010,2.3088855055209948e-09,0,,213,100
819,4214,5014,2.231060428742964e-12,0,,213,100
820,4218,5018,4.1114634404626086e-23,0,,214,100
821,4226,5026,1.8191691143964917e-14,0,,213,100
822,4230,5030,3.3211188002871607e-19,0,,213,100
823,4234,5034,1.1965490192425456e-19,0,,213,100
824,4242,5042,5.798987240841882e-05,0,,214,100
825,4247,5047,0.00022944781389005998,0,,215,100
826,4251,5051,0.0024878169442296566,1,,215,100
827,4257,5057,2.175114941016716e-06,0,,217,100
828,4263,5063,4.194580111443331e-09,0,,216,100
829,4267,5067,1.8824435948815958e-06,0,,214,100
830,4272,5072,4.4482659677633346e-14,0,,214,100
831,4276,5076,9.779948945071704e-19,0,,215,100
832,4284,5084,2.9274239005667885e-23,0,,215,100
833,4288,5088,4.577204971618316e-28,0,,215,100
834,4292,5092,6.495384933958837e-25,0,,215,100
835,4298,5098,3.3305639288745095e-22,0,,216,100
836,4303,5103,8.354712692487946e-25,0,,216,100
837,4313,5113,6.695966909944311e-29,0,,215,100
838,4317,5117,2.1896931299116198e-30,0,,216,100
839,4321,5121,7.592153321811619e-34,0,,217,100
840,4325,5125,8.291050397645132e-42,0,,217,100
841,4330,5130,1.4598004058891483e-41,0,,218,100
842,4333,5133,4.1606289285142847e-38,0,,217,100
843,4340,5140,1.4223960111372131e-46,0,,214,100
844,4344,5144,1.500177473367185e-42,0,,212,100
845,4348,5148,3.587245376099309e-39,0,,212,100
846,4351,5151,5.903832047445526e-47,0,,212,100
847,4355,5155,2.0463898324327236e-46,0,,212,100
848,4363,5163,1.8787704134270056e-57,0,,212,100
849,4367,5167,4.699551169709196e-73,0,,213,100
850,4371,5171,1.1462176657990745e-65,0,,213,100
851,4377,5177,1.891526401365458e-64,0,,213,100
852,4381,5181,4.367892290189716e-64,0,,213,100
853,4386,5186,3.9901116397273264e-70,0,,213,100
854,4392,5192,1.4849682206321385e-58,0,,214,100
855,4395,5195,4.7821074575937354e-60,0,,215,100
856,4399,5199,6.4384876421909805e-55,0,,218,100
857,4405,5205,1.220758546330839e-97,0,,219,100
858,4409,5209,1.803750376238128e-79,0,,218,100
859,4412,5212,2.7673893796247544e-131,0,,219,100
860,4419,5219,3.568762095620754e-120,0,,218,100
861,4422,5222,2.5043401246605746e-90,0,,217,100
862,4426,5226,1.1064937722443688e-95,0,,218,100
863,4434,5234,1.286157005313382e-129,0,,217,100
864,4438,5238,3.7716231156308936e-131,0,,217,100
865,4443,5243,5.647170390960205e-131,0,,217,100
866,4447,5247,6.2680095258066946e-145,0,,218,100
867,4451,5251,2.1856276326378794e-165,0,,217,100
868,4456,5256,2.0561892412692556e-52,0,,218,100
869,4462,5262,2.4408097591178772e-55,0,,218,100
870,4465,5265,5.149795649962602e-53,0,,218,100
871,4469,5269,7.078708109255686e-43,0,,219,100
872,4476,5276,0.0,0,,217,100
873,4480,5280,1.5660759156093203e-61,0,,215,100
874,4484,5284,4.438235766858067e-87,0,,215,100
875,4488,5288,5.771936105716506e-76,0,,217,100
876,4496,5296,1.659648795842127e-75,0,,215,100
877,4500,5300,3.140300908998461e-75,0,,219,100
878,4508,5308,1.659229798358633e-46,0,,221,100
879,4513,5313,5.462238566412255e-35,0,,220,100
880,4517,5317,3.7025777096583975e-37,0,,221,100
881,4528,5328,4.954104582188649e-114,0,,220,100
882,4532,5332,6.2698920917002645e-89,0,,219,100
883,4540,5340,2.6128892506871665e-103,0,,220,100
884,4545,5345,5.759227140993526e-83,0,,219,100
885,4548,5348,6.107874381488222e-116,0,,219,100
886,4551,5351,3.658008659956856e-106,0,,219,100
887,4554,5354,1.046364681693823e-201,0,,218,100
888,4558,5358,3.710359539139343e-89,0,,219,100
889,4565,5365,8.149084749152233e-116,0,,218,100
890,4570,5370,1.4480612874575232e-240,0,,219,100
891,4574,5374,5.373988230577068e-193,0,,220,100
892,4578,5378,1.0096702538696424e-252,0,,218,100
893,4583,5383,1.848352110563047e-182,0,,219,100
894,4589,5389,7.207038060578408e-266,0,,219,100
895,4593,5393,1.452853798729575e-255,0,,220,100
896,4601,5401,9.317729295635481e-293,0,,220,100
897,4605,5405,2.87058877528925e-307,0,,220,100
898,4612,5412,1.28659264e-315,0,,219,100
899,4616,5416,0.0,0,,217,100
900,4622,5422,0.0,0,,217,100
901,4626,5426,0.0,0,,217,100
902,4630,5430,0.0,0,,218,100
903,4642,5442,3.9026185244834016e-163,0,,220,100
904,4645,5445,1.6047016636012557e-93,0,,220,100
905,4649,5449,5.300411698307771e-104,0,,221,100
906,4657,5457,3.2636231864191475e-119,0,,221,100
907,4661,5461,8.867109006501597e-126,0,,221,100
908,4664,5464,1.753807698291176e-75,0,,221,100
909,4668,5468,1.552267571049618e-64,0,,221,100
910,4674,5474,8.913263087373963e-125,0,,221,100
911,4679,5479,2.2913826247101863e-99,0,,221,100
912,4684,5484,1.4455684505131462e-131,0,,221,100
913,4689,5489,1.9631513208892657e-67,0,,220,100
914,4698,5498,1.2130134929695085e-74,0,,220,100
915,4701,5501,4.6955571059945596e-74,0,,220,100
916,4705,5505,7.930322900364705e-69,0,,220,100
917,4709,5509,1.1168241035086897e-43,0,,223,100
918,4714,5514,5.241582421574563e-47,0,,225,100
919,4718,5518,8.128550520635925e-47,0,,227,100
920,4723,5523,5.430926511706723e-38,0,,225,100
921,4727,5527,1.4214488991428747e-32,0,,226,100
922,4732,5532,3.3928045919471414e-34,0,,225,100
923,4736,5536,3.112358911410635e-39,0,,226,100
924,4742,5542,9.027588670955942e-43,0,,226,100
925,4746,5546,1.7391850544974346e-38,0,,226,100
926,4750,5550,1.6553379457448741e-31,0,,225,100
927,4759,5559,1.7619991205308358e-66,0,,223,100
928,4763,5563,2.255299830955338e-57,0,,221,100
929,4767,5567,1.7360895126253808e-54,0,,221,100
930,4773,5573,4.327054779555091e-63,0,,221,100
931,4779,5579,2.239243509590377e-56,0,,223,100
932,4782,5582,2.8965968662166837e-52,0,,223,100
933,4786,5586,3.722163985262854e-61,0,,223,100
934,4792,5592,3.457595282082165e-88,0,,223,100
935,4799,5599,5.178046673775404e-55,0,,224,100
936,4802,5602,1.5551027578641111e-112,0,,224,100
937,4806,5606,2.1808665674589007e-77,0,,223,100
938,4809,5609,4.2550652436576586e-63,0,,223,100
939,4813,5613,1.6882850786408323e-49,0,,222,100
940,4820,5620,3.296963282076285e-36,0,,221,100
941,4824,5624,1.0083492265004676e-48,0,,224,100
942,4830,5630,1.093935454036029e-46,0,,227,100
943,4835,5635,9.136985872358331e-39,0,,226,100
944,4838,5638,2.117773158346395e-43,0,,226,100
945,4842,5642,1.9185850324957742e-53,0,,226,100
946,4848,5648,2.124284955309112e-25,0,,226,100
947,4855,5655,1.5811835333708886e-31,0,,227,100
948,4858,5658,8.213310506449697e-34,0,,229,100
949,4864,5664,3.067000719496676e-09,0,,228,100
950,4868,5668,9.061858940774304e-12,0,,228,100
951,4872,5672,9.979387366187074e-15,0,,229,100
952,4877,5677,4.711093282460889e-18,0,,228,100
953,4881,5681,3.3860082728366378e-12,0,,228,100
954,4885,5685,3.1874904621373325e-13,0,,227,100
955,4889,5689,3.3810410501961053e-14,0,,226,100
956,4896,5696,4.603355756158325e-15,0,,226,100
957,4899,5699,2.3930298906550022e-18,0,,226,100
958,4902,5702,3.3512442704467313e-22,0,,226,100
959,4907,5707,8.185103809621076e-25,0,,226,100
960,4912,5712,7.137336262071069e-11,0,,227,100
961,4916,5716,3.567798387511605e-12,0,,228,100
962,4923,5723,3.866332167370433e-19,0,,227,100
963,4927,5727,4.638639233740457e-22,0,,227,100
964,4933,5733,7.3380020833686e-14,0,,227,100
965,4937,5737,9.98658561707395e-16,0,,230,100
966,4941,5741,4.871922889997992e-15,0,,232,100
967,4943,5743,3.9255251408794604e-23,0,,231,100
968,4947,5747,1.6567584971485782e-19,0,,231,100
969,4950,5750,2.2043260940451833e-13,0,,232,100
970,4955,5755,3.397077050668406e-10,0,,231,100
971,4959,5759,1.4379997389331769e-05,0,,230,100
972,4968,5768,0.00011241567125773237,0,,229,100
973,4972,5772,6.836691791530072e-12,0,,227,100
974,4976,5776,2.7255001826066696e-14,0,,228,100
975,4982,5782,1.2431404821764715e-17,0,,228,100
976,4987,5787,2.9813756008465877e-15,0,,229,100
977,4990,5790,7.762015419938257e-18,0,,228,100
978,4992,5792,2.0955074485743586e-10,0,,228,100
979,4997,5797,1.1423072807012485e-14,0,,229,100
980,5002,5802,3.731205468391559e-25,0,,229,100
981,5006,5806,3.3336358185988676e-35,0,,230,100
982,5013,5813,1.404488862131918e-55,0,,230,100
983,5017,5817,1.0462147896210575e-47,0,,234,100
984,5025,5825,8.646996826166932e-29,0,,235,100
985,5029,5829,3.256899022953481e-115,0,,235,100
986,5035,5835,2.1349042738633202e-152,0,,235,100
987,5040,5840,6.806510382193992e-129,0,,235,100
988,5043,5843,1.1789718169324841e-147,0,,235,100
989,5047,5847,1.6756474785046726e-74,0,,234,100
990,5056,5856,2.0361647235048856e-64,0,,232,100
991,5060,5860,1.8898449097230995e-29,0,,231,100
992,5064,5864,3.389585935345512e-36,0,,232,100
993,5068,5868,2.1147579694225296e-34,0,,233,100
994,5073,5873,1.9507865342738788e-25,0,,232,100
995,5077,5877,2.3643674849331817e-38,0,,233,100
996,5084,5884,4.133569885587481e-86,0,,234,100
997,5088,5888,5.761206907922691e-75,0,,234,100
998,5091,5891,8.510114340159875e-72,0,,233,100
999,5095,5895,2.6678216426422104e-73,0,,233,100
1000,5100,5900,9.540179638548696e-46,0,,233,100
1001,5103,5903,1.6816032705528487e-48,0,,233,100
1002,5107,5907,4.555511065981646e-39,0,,232,100
1003,5115,5915,2.068370333516081e-78,0,,233,100
1004,5119,5919,8.027044584092345e-55,0,,230,100
1005,5128,5928,7.866363643681446e-40,0,,235,100
1006,5133,5933,3.418433793065219e-60,0,,235,100
1007,5137,5937,1.2709297658076168e-49,0,,235,100
1008,5146,5946,7.006567380178178e-64,0,,235,100
1009,5150,5950,7.814642305020822e-62,0,,236,100
1010,5157,5957,7.68846193252642e-65,0,,236,100
1011,5160,5960,4.157852868627405e-58,0,,235,100
1012,5166,5966,7.443112821032672e-69,0,,235,100
1013,5170,5970,2.6317864877794106e-64,0,,236,100
1014,5174,5974,3.9438833813092616e-56,0,,238,100
1015,5181,5981,3.3624466369921143e-35,0,,238,100
1016,5183,5983,7.656389382605592e-43,0,,238,100
1017,5190,5990,9.163267253586242e-149,0,,238,100
1018,5197,5997,7.663668304726912e-123,0,,235,100
1019,5201,6001,3.5810385193209684e-66,0,,232,100
1020,5205,6005,6.9396597184723415e-112,0,,232,100
1021,5209,6009,7.231719882440956e-103,0,,233,100
1022,5214,6014,2.8990743439408703e-114,0,,233,100
1023,5218,6018,6.308593837092726e-20,0,,233,100
1024,5226,6026,5.255395786027528e-25,0,,235,100
1025,5228,6028,1.38178670393718e-55,0,,235,100
1026,5235,6035,4.932243322352637e-23,0,,235,100
1027,5244,6044,8.845066562106399e-27,0,,235,100
1028,5247,6047,1.5043687123361136e-24,0,,236,100
1029,5253,6053,3.6710949202655675e-16,0,,235,100
1030,5257,6057,1.6688153174393746e-22,0,,235,100
1031,5263,6063,1.37378800665933e-20,0,,240,100
1032,5266,6066,4.664549007610851e-159,0,,239,100
1033,5270,6070,3.2096335446862714e-169,0,,239,100
1034,5274,6074,1.9204545600809784e-27,0,,239,100
1035,5278,6078,6.2285243075530844e-40,0,,240,100
1036,5283,6083,1.4220921684672253e-23,0,,239,100
1037,5286,6086,1.632226199327359e-21,0,,239,100
1038,5290,6090,2.3671452044000412e-60,0,,239,100
1039,5299,6099,7.415939247944174e-37,0,,238,100
1040,5303,6103,8.30441836101911e-100,0,,236,100
1041,5307,6107,2.3238188116434706e-91,0,,236,100
1042,5311,6111,9.466444614883666e-70,0,,235,100
1043,5314,6114,2.353912689750198e-51,0,,235,100
1044,5318,6118,1.1936493932190834e-51,0,,235,100
1045,5325,6125,9.06425223136078e-83,0,,235,100
1046,5330,6130,3.0409341937383915e-76,0,,237,100
1047,5334,6134,1.364071403841636e-114,0,,239,100
1048,5339,6139,1.7376687770292445e-80,0,,237,100
1049,5343,6143,9.442313425227395e-73,0,,238,100
1050,5346,6146,2.5923946239379665e-166,0,,237,100
1051,5351,6151,2.0840273831857314e-54,0,,238,100
1052,5357,6157,1.0341731991877925e-60,0,,238,100
1053,5362,6162,8.010006728110077e-59,0,,242,100
1054,5367,6167,4.1074718537733024e-60,0,,244,100
1055,5370,6170,3.3940903930255023e-41,0,,243,100
1056,5379,6179,2.4796393666869917e-46,0,,244,100
1057,5382,6182,1.3435072616819122e-52,0,,244,100
1058,5386,6186,5.348958736148435e-44,0,,244,100
1059,5393,6193,3.081769707729159e-55,0,,242,100
1060,5397,6197,1.9137802475050272e-90,0,,242,100
1061,5402,6202,7.438675044298746e-46,0,,243,100
1062,5406,6206,1.2412720982592094e-54,0,,243,100
1063,5412,6212,2.1535239166088496e-129,0,,243,100
1064,5416,6216,4.1751000380329996e-193,0,,242,100
1065,5421,6221,2.2644913915544733e-94,0,,242,100
1066,5424,6224,1.8498772711173435e-100,0,,242,100
1067,5429,6229,4.2393338974486935e-87,0,,242,100
1068,5434,6234,8.368199216953116e-84,0,,243,100
1069,5437,6237,3.517727959854356e-91,0,,243,100
1070,5441,6241,5.013944144166065e-87,0,,241,100
1071,5447,6247,9.145449456690194e-75,0,,241,100
1072,5450,6250,2.4585908019604014e-81,0,,241,100
1073,5454,6254,2.421658531606125e-74,0,,240,100
1074,5462,6262,4.059700551184827e-87,0,,242,100
1075,5466,6266,5.227072453389119e-83,0,,245,100
1076,5470,6270,1.6655427087996546e-83,0,,245,100
1077,5475,6275,3.796030347886173e-76,0,,245,100
1078,5478,6278,5.435017487774256e-111,0,,245,100
1079,5488,6288,9.132862552593828e-92,0,,246,100
1080,5491,6291,2.9815301230658655e-103,0,,246,100
1081,5496,6296,3.756061542188728e-92,0,,246,100
1082,5500,6300,1.1361545795143026e-86,0,,246,100
1083,5507,6307,3.0573088072648154e-114,0,,244,100
1084,5512,6312,3.932261772521599e-89,0,,241,100
1085,5516,6316,5.076234505073858e-121,0,,241,100
1086,5518,6318,1.7774958690154778e-126,0,,241,100
1087,5524,6324,1.5088426809313253e-161,0,,241,100
1088,5529,6329,2.1801123704965808e-184,0,,241,100
1089,5533,6333,3.465933098478665e-213,0,,241,100
1090,5536,6336,3.967614633620709e-220,0,,242,100
1091,5541,6341,6.72829957359086e-130,0,,241,100
1092,5544,6344,3.1604732250769328e-174,0,,242,100
1093,5550,6350,1.8295656592747946e-192,0,,243,100
1094,5554,6354,9.544300095632743e-165,0,,243,100
1095,5562,6362,5.689070529942337e-184,0,,242,100
1096,5566,6366,1.6930255214987487e-212,0,,242,100
1097,5571,6371,1.890523101650298e-91,0,,243,100
1098,5578,6378,3.1790682825490337e-122,0,,242,100
1099,5581,6381,7.293014395380827e-117,0,,242,100
1100,5585,6385,1.329990963639768e-119,0,,242,100
1101,5593,6393,8.171635038055223e-116,0,,240,100
1102,5597,6397,1.9477506228351852e-117,0,,241,100
1103,5604,6404,1.6112484804193872e-151,0,,240,100
1104,5609,6409,8.694889143278587e-144,0,,244,100
1105,5614,6414,1.6797620763660237e-157,0,,246,100
1106,5622,6422,5.40027148302693e-260,0,,244,100
1107,5627,6427,9.422387342667016e-42,0,,241,100
1108,5631,6431,5.32697185880625e-74,0,,241,100
1109,5636,6436,6.0365322361449705e-83,0,,242,100
1110,5639,6439,2.7985277677218657e-81,0,,242,100
1111,5643,6443,2.905795090628383e-97,0,,242,100
1112,5649,6449,1.352207656537921e-69,0,,242,100
1113,5652,6452,3.086061952560873e-50,0,,242,100
1114,5659,6459,4.496057112543681e-140,0,,241,100
1115,5664,6464,1.737009617705587e-54,0,,241,100
1116,5667,6467,1.844422688126878e-120,0,,241,100
1117,5670,6470,3.182878284754811e-132,0,,240,100
1118,5676,6476,1.357767291619441e-32,0,,241,100
1119,5687,6487,4.258547845773926e-99,0,,243,100
1120,5691,6491,3.228279490195417e-36,0,,241,100
1121,5697,6497,6.8872248157712725e-37,0,,242,100
1122,5702,6502,5.3455333041037935e-42,0,,242,100
1123,5705,6505,4.298126479146647e-55,0,,242,100
1124,5714,6514,1.5224114665709914e-45,0,,240,100
1125,5720,6520,1.994029888389131e-37,0,,243,100
1126,5726,6526,4.93277193631909e-56,0,,246,100
1127,5729,6529,1.0413026687017822e-30,0,,246,100
1128,5735,6535,2.372975966812134e-28,0,,245,100
1129,5740,6540,1.800393042999707e-53,0,,242,100
1130,5744,6544,3.2381577481497704e-35,0,,242,100
1131,5748,6548,2.595415162241473e-95,0,,241,100
1132,5753,6553,2.8937579782960475e-43,0,,242,100
1133,5756,6556,1.3823777331446705e-50,0,,241,100
1134,5761,6561,1.0733295152444302e-68,0,,240,100
1135,5766,6566,1.6688432612305145e-77,0,,240,100
1136,5769,6569,2.2810835352541107e-70,0,,239,100
1137,5775,6575,4.9913397535539515e-53,0,,239,100
1138,5781,6581,1.0123503324622822e-70,0,,239,100
1139,5784,6584,7.152931804225628e-59,0,,238,100
1140,5793,6593,9.064176607571322e-144,0,,239,100
1141,5797,6597,4.277133156846109e-158,0,,239,100
1142,5801,6601,1.6435886338870073e-164,0,,238,100
1143,5806,6606,5.810461126104163e-141,0,,238,100
1144,5814,6614,3.532877555344629e-26,0,,237,100
1145,5819,6619,1.7853025818461063e-27,0,,235,100
1146,5823,6623,7.82272103222322e-35,0,,235,100
1147,5827,6627,1.1174530462884709e-31,0,,235,100
1148,5832,6632,1.0203756036803937e-23,0,,234,100
1149,5835,6635,1.1651277415303868e-30,0,,233,100
1150,5839,6639,1.510972176521641e-25,0,,233,100
1151,5846,6646,3.194534155625966e-31,0,,234,100
1152,5852,6652,6.182173694462321e-103,0,,234,100
1153,5855,6655,1.2004922954650654e-49,0,,235,100
1154,5862,6662,2.4084925346656156e-67,0,,233,100
1155,5866,6666,3.9023063912751165e-54,0,,232,100
1156,5871,6671,2.8250695685632237e-31,0,,232,100
1157,5874,6674,5.655774402663016e-38,0,,232,100
1158,5877,6677,5.048643391172457e-35,0,,232,100
1159,5882,6682,2.8849808109074946e-95,0,,232,100
1160,5893,6693,4.476018768373513e-87,0,,231,100
1161,5897,6697,2.001947387548661e-84,0,,230,100
1162,5903,6703,1.057391312170862e-98,0,,231,100
1163,5908,6708,1.1689464485750694e-54,0,,230,100
1164,5911,6711,1.169226017151655e-72,0,,232,100
1165,5922,6722,2.5064069760701485e-80,0,,229,100
1166,5927,6727,3.6061210405643526e-62,0,,226,100
1167,5931,6731,1.9615572089581878e-86,0,,226,100
1168,5935,6735,1.8807327197310622e-49,0,,226,100
1169,5940,6740,9.61051283969614e-55,0,,226,100
1170,5943,6743,7.670998260233233e-53,0,,226,100
1171,5947,6747,2.763072544711958e-42,0,,226,100
1172,5953,6753,1.703786954417862e-35,0,,225,100
1173,5959,6759,1.7327581474710568e-35,0,,230,100
1174,5962,6762,1.3273809944164259e-33,0,,231,100
1175,5972,6772,3.219868550995998e-39,0,,228,100
1176,5977,6777,6.576054143850754e-47,0,,228,100
1177,5980,6780,1.7409667423992603e-32,0,,227,100
1178,5983,6783,3.771292366932367e-36,0,,227,100
1179,5989,6789,1.2021818020419273e-39,0,,227,100
1180,5995,6795,1.0128001071867997e-47,0,,227,100
1181,6002,6802,9.203975386709028e-67,0,,227,100
1182,6006,6806,2.7936584264167322e-93,0,,227,100
1183,6011,6811,4.048629938376271e-49,0,,228,100
1184,6014,6814,1.174984744538016e-72,0,,228,100
1185,6023,6823,5.740231178504012e-73,0,,227,100
1186,6027,6827,3.29274834519763e-104,0,,228,100
1187,6031,6831,8.63313670856028e-126,0,,230,100
1188,6038,6838,1.0727966086130016e-36,0,,229,100
1189,6044,6844,1.8297601824868504e-45,0,,229,100
1190,6047,6847,9.11128967106464e-32,0,,229,100
1191,6059,6859,7.553875026776818e-51,0,,226,100
1192,6064,6864,1.1051504019816396e-26,0,,223,100
1193,6068,6868,1.1911094280255055e-41,0,,223,100
1194,6072,6872,1.9567431121396033e-48,0,,224,100
1195,6077,6877,3.924595276953806e-43,0,,223,100
1196,6081,6881,2.3787755689422225e-49,0,,224,100
1197,6086,6886,4.83372838201484e-46,0,,223,100
1198,6090,6890,2.6494838905668068e-27,0,,223,100
1199,6095,6895,3.4055151488203728e-25,0,,223,100
1200,6099,6899,1.649014738028511e-24,0,,223,100
1201,6103,6903,1.357152184869037e-30,0,,223,100
1202,6107,6907,1.5495588893655417e-20,0,,223,100
1203,6112,6912,5.194479265196322e-25,0,,224,100
1204,6116,6916,1.799575614627128e-28,0,,227,100
1205,6123,6923,2.1402587009964097e-247,0,,229,100
1206,6126,6926,1.8068394009185826e-82,0,,228,100
1207,6131,6931,7.159835851691514e-25,0,,227,100
1208,6134,6934,1.9286168554697906e-54,0,,226,100
1209,6140,6940,5.8056141802270375e-33,0,,226,100
1210,6143,6943,0.0,0,,226,100
1211,6147,6947,0.0,0,,227,100
1212,6150,6950,0.0,0,,226,100
1213,6155,6955,9.366823419733836e-50,0,,226,100
1214,6160,6960,1.9791982261982556e-52,0,,223,100
1215,6165,6965,9.659914995525234e-12,0,,220,100
1216,6169,6969,2.5417218855200925e-06,0,,220,100
1217,6173,6973,7.5158810224373e-09,0,,221,100
1218,6178,6978,6.257056133660046e-15,0,,221,100
1219,6182,6982,2.448354733617123e-19,0,,223,100
1220,6192,6992,3.908529713091106e-16,0,,226,100
1221,6196,6996,1.2762823216456957e-15,0,,226,100
1222,6201,7001,5.819287443995092e-14,0,,226,100
1223,6209,7009,2.956496895369629e-05,0,,225,100
1224,6212,7012,0.00015833362809446812,0,,225,100
1225,6218,7018,1.3238489555089042e-22,0,,226,100
1226,6223,7023,3.203696071023577e-21,0,,226,100
1227,6226,7026,1.2308396789158305e-07,0,,225,100
1228,6230,7030,9.145393579937895e-12,0,,224,100
1229,6237,7037,4.489076468388459e-14,0,,226,100
1230,6242,7042,8.406187383693612e-10,0,,225,100
1231,6249,7049,4.006528250418719e-18,0,,225,100
1232,6256,7056,2.5138879359642034e-50,0,,225,100
1233,6261,7061,4.949369543012942e-68,0,,227,100
1234,6266,7066,8.84030172634541e-67,0,,225,100
1235,6270,7070,8.116566572758519e-81,0,,225,100
1236,6273,7073,4.650501871467066e-65,0,,225,100
1237,6277,7077,1.3548381174335208e-74,0,,226,100
1238,6282,7082,1.5297733573064712e-48,0,,226,100
1239,6285,7085,1.3269211019902623e-53,0,,225,100
1240,6289,7089,3.0239727815336028e-55,0,,226,100
1241,6299,7099,4.416497535514607e-55,0,,226,100
1242,6302,7102,2.9456466781770164e-40,0,,225,100
1243,6307,7107,1.4254769083015262e-120,0,,225,100
1244,6311,7111,2.0262383686723224e-108,0,,225,100
1245,6317,7117,3.3677991736194437e-106,0,,226,100
1246,6322,7122,7.423621087368575e-111,0,,227,100
1247,6328,7128,1.0012488701100132e-53,0,,227,100
1248,6332,7132,7.447450201551064e-78,0,,228,100
1249,6336,7136,1.1533235805935806e-83,0,,228,100
1250,6339,7139,6.616760612592421e-78,0,,227,100
1251,6343,7143,7.528448404214883e-51,0,,225,100
1252,6347,7147,1.826831326366115e-56,0,,225,100
1253,6350,7150,7.812484356700801e-58,0,,225,100
1254,6354,7154,6.59641366259123e-58,0,,225,100
1255,6358,7158,1.6979492913631198e-29,0,,225,100
1256,6363,7163,1.739506424857401e-29,0,,228,100
1257,6368,7168,3.718352707874257e-39,0,,230,100
1258,6375,7175,5.480272903837237e-38,0,,230,100
1259,6383,7183,2.7230415873602843e-39,0,,232,100
1260,6388,7188,1.98730164952088e-49,0,,232,100
1261,6394,7194,3.156751523487924e-53,0,,232,100
1262,6401,7201,8.144216712182278e-42,0,,232,100
1263,6407,7207,4.0156236366125955e-50,0,,230,100
1264,6412,7212,1.3134348996315153e-40,0,,227,100
1265,6416,7216,1.7290588334622827e-47,0,,227,100
1266,6420,7220,6.359103500118541e-21,0,,228,100
1267,6425,7225,4.2728036807190734e-94,0,,227,100
1268,6429,7229,4.621611531444386e-58,0,,228,100
1269,6435,7235,1.925183604607996e-64,0,,229,100
1270,6438,7238,2.3569403851906247e-115,0,,229,100
1271,6441,7241,4.542659954547789e-122,0,,229,100
1272,6445,7245,8.413555094437685e-126,0,,228,100
1273,6450,7250,4.748909604022953e-119,0,,229,100
1274,6455,7255,1.7108215958129024e-121,0,,228,100
1275,6459,7259,8.370883757360662e-13,0,,229,100
1276,6463,7263,6.365474912558585e-27,0,,229,100
1277,6470,7270,5.288970123621862e-39,0,,228,100
1278,6473,7273,1.8274924743675426e-67,0,,227,100
1279,6480,7280,7.246199667599829e-169,0,,227,100
1280,6482,7282,5.592265986145611e-159,0,,226,100
1281,6487,7287,1.132971857480224e-145,0,,226,100
1282,6492,7292,3.0546222418228697e-93,0,,227,100
1283,6496,7296,3.651277159097568e-167,0,,227,100
1284,6499,7299,2.080638970253414e-155,0,,229,100
1285,6504,7304,8.438182814211632e-22,0,,232,100
1286,6509,7309,4.808191680565934e-22,0,,232,100
1287,6513,7313,4.3169377899438085e-29,0,,231,100
1288,6519,7319,2.6242063111113476e-21,0,,228,100
1289,6524,7324,5.286983703338087e-26,0,,225,100
1290,6528,7328,8.645671340488287e-26,0,,226,100
1291,6532,7332,1.735338144398273e-25,0,,225,100
1292,6535,7335,2.3114889586749687e-18,0,,225,100
1293,6539,7339,6.661268726497384e-17,0,,225,100
1294,6546,7346,1.8444229916541445e-16,0,,225,100
1295,6550,7350,1.1404952252333409e-17,0,,226,100
1296,6555,7355,1.3375405913657501e-14,0,,225,100
1297,6559,7359,7.516230884099736e-15,0,,225,100
1298,6566,7366,9.34640880632143e-21,0,,226,100
1299,6572,7372,1.160618753548939e-14,0,,228,100
1300,6578,7378,4.958024216815227e-17,0,,227,100
1301,6581,7381,1.978282158138751e-23,0,,227,100
1302,6585,7385,9.970509030518005e-31,0,,226,100
1303,6592,7392,9.959189693407178e-52,0,,226,100
1304,6596,7396,1.108254950739225e-66,0,,226,100
1305,6602,7402,5.383489785192808e-67,0,,226,100
1306,6607,7407,3.5459162611571566e-54,0,,225,100
1307,6610,7410,2.9781533710059406e-70,0,,225,100
1308,6614,7414,2.341558002123765e-100,0,,225,100
1309,6619,7419,1.3620916145094075e-59,0,,225,100
1310,6623,7423,4.348698893002302e-68,0,,229,100
1311,6631,7431,1.9568962387160871e-78,0,,230,100
1312,6636,7436,4.869118557133039e-100,0,,230,100
1313,6641,7441,1.9692871617870943e-91,0,,230,100
1314,6646,7446,1.8160665022000259e-32,0,,230,100
1315,6649,7449,1.1783825810655305e-214,0,,229,100
1316,6653,7453,4.105300782236488e-52,0,,229,100
1317,6658,7458,6.452739382087457e-98,0,,229,100
1318,6661,7461,1.768885499176629e-51,0,,229,100
1319,6667,7467,1.5944012528073758e-51,0,,230,100
1320,6672,7472,1.2053666099913554e-47,0,,230,100
1321,6678,7478,3.971018498754945e-92,0,,230,100
1322,6682,7482,1.2135650709001322e-106,0,,231,100
1323,6693,7493,2.6614941829839484e-39,0,,232,100
1324,6698,7498,4.4685252086736e-34,0,,236,100
1325,6705,7505,7.583234524393228e-43,0,,238,100
1326,6711,7511,1.1182083500946952e-26,0,,238,100
1327,6718,7518,3.0303417534457697e-22,0,,237,100
1328,6728,7528,9.831329626793209e-15,0,,236,100
1329,6733,7533,2.3975850512631956e-15,0,,237,100
1330,6737,7537,7.466313175513588e-24,0,,237,100
1331,6741,7541,2.0873738288940452e-82,0,,237,100
1332,6746,7546,1.1507682573504972e-67,0,,237,100
1333,6756,7556,3.9649705082804187e-78,0,,235,100
1334,6761,7561,5.3866618574739026e-68,0,,232,100
1335,6765,7565,4.2661978725597783e-44,0,,231,100
1336,6770,7570,3.7796393834229647e-60,0,,234,100
1337,6775,7575,1.6745591537404065e-48,0,,233,100
1338,6781,7581,1.2115194988574252e-36,0,,233,100
1339,6784,7584,2.077206944588262e-24,0,,233,100
1340,6788,7588,1.29487979228173e-19,0,,234,100
1341,6796,7596,1.891773506357816e-52,0,,234,100
1342,6800,7600,9.111250942001972e-108,0,,233,100
1343,6803,7603,1.2531104800019583e-196,0,,233,100
1344,6807,7607,1.0152326895712511e-225,0,,233,100
1345,6812,7612,8.093156610824274e-192,0,,232,100
1346,6815,7615,6.415739306819689e-175,0,,231,100
1347,6819,7619,1.0748472928994578e-199,0,,232,100
1348,6824,7624,1.4213030502235912e-275,0,,232,100
1349,6828,7628,8.801250791060676e-259,0,,232,100
1350,6831,7631,1.501580627343977e-264,0,,232,100
1351,6837,7637,1.692782794527444e-299,0,,234,100
1352,6843,7643,1.56569423804475e-310,0,,234,100
1353,6846,7646,2.1962756811427745e-259,0,,234,100
1354,6850,7650,7.694089926715741e-278,0,,234,100
1355,6857,7657,0.0,0,,234,100
1356,6861,7661,1.1725886358290088e-189,0,,233,100
1357,6865,7665,1.7846073116527652e-201,0,,233,100
1358,6870,7670,1.0508859777504043e-211,0,,233,100
1359,6876,7676,2.1990398405824786e-215,0,,234,100
1360,6880,7680,2.180609121601089e-229,0,,234,100
1361,6884,7684,0.0,0,,235,100
1362,6890,7690,5.308800107e-314,0,,237,100
1363,6893,7693,0.0,0,,236,100
1364,6898,7698,0.0,0,,236,100
1365,6903,7703,0.0,0,,236,100
1366,6907,7707,8.385680187740119e-243,0,,237,100
1367,6913,7713,6.622412858832121e-120,0,,234,100
1368,6918,7718,1.365228302298435e-94,0,,231,100
1369,6922,7722,1.0700857715640882e-96,0,,230,100
1370,6926,7726,1.802104505155318e-151,0,,232,100
1371,6931,7731,7.050181038004018e-141,0,,232,100
1372,6935,7735,1.6318758558258004e-134,0,,233,100
1373,6942,7742,1.2561326589666253e-144,0,,233,100
1374,6944,7744,5.957843707933331e-148,0,,232,100
1375,6949,7749,6.234028071175133e-156,0,,232,100
1376,6955,7755,6.285975441370102e-154,0,,233,100
1377,6958,7758,7.725509280017934e-147,0,,232,100
1378,6963,7763,2.960653712343051e-152,0,,232,100
1379,6968,7768,1.216876620837179e-75,0,,233,100
1380,6974,7774,9.601216882974688e-155,0,,231,100
1381,6978,7778,1.2429496849918e-48,0,,234,100
1382,6981,7781,2.319187468316524e-23,0,,234,100
1383,6988,7788,2.3130347078125313e-28,0,,232,100
1384,6992,7792,6.8232440810175774e-31,0,,232,100
1385,6995,7795,1.2017088658321566e-19,0,,233,100
1386,7000,7800,2.6053891776465544e-72,0,,232,100
1387,7004,7804,8.024105211599494e-76,0,,232,100
1388,7007,7807,2.818648082982809e-35,0,,231,100
1389,7011,7811,7.432293297858158e-30,0,,231,100
1390,7017,7817,4.829031385295988e-35,0,,230,100
1391,7021,7821,2.476205229048956e-30,0,,231,100
1392,7028,7828,3.3933742233169637e-17,0,,231,100
1393,7031,7831,5.73596084165798e-14,0,,231,100
1394,7035,7835,5.011625247829526e-13,0,,232,100
1395,7041,7841,3.535651948668231e-06,0,,231,100
1396,7049,7849,4.340493425183545e-08,0,,232,100
1397,7058,7858,4.700693287018927e-272,0,,231,100
1398,7063,7863,6.180751114617698e-26,0,,228,100
1399,7067,7867,4.744959336152118e-09,0,,228,100
1400,7071,7871,2.8498581022884687e-07,0,,228,100
1401,7076,7876,0.00017199222370602058,0,,227,100
1402,7082,7882,2.2123778243532816e-06,0,,228,100
1403,7086,7886,0.00010686577687458588,0,,230,100
1404,7091,7891,4.20804808122326e-07,0,,229,100
1405,7095,7895,1.1764076915104098e-07,0,,228,100
1406,7099,7899,4.3024221665028695e-25,0,,228,100
1407,7105,7905,2.7243415741343675e-33,0,,228,100
1408,7110,7910,1.5908413926198622e-29,0,,228,100
1409,7115,7915,7.872745268504159e-10,0,,228,100
1410,7120,7920,7.342524363220451e-101,0,,229,100
1411,7123,7923,3.9271936605516233e-159,0,,228,100
1412,7125,7925,7.03709341768033e-165,0,,229,100
1413,7132,7932,1.5212767886054294e-176,0,,232,100
1414,7136,7936,7.621355188084511e-154,0,,233,100
1415,7144,7944,9.57587282064224e-13,0,,233,100
1416,7148,7948,7.396012598762518e-11,0,,232,100
1417,7153,7953,1.7147764785734735e-13,0,,232,100
1418,7157,7957,4.5860845358402024e-18,0,,232,100
1419,7163,7963,3.403167636078876e-24,0,,229,100
1420,7168,7968,9.779263948201871e-13,0,,227,100
1421,7172,7972,4.672927276595668e-10,0,,227,100
1422,7177,7977,3.0807896398771042e-21,0,,227,100
1423,7183,7983,1.5967714432321827e-16,0,,226,100
1424,7188,7988,5.676752597504208e-18,0,,226,100
1425,7191,7991,1.7485865983490327e-22,0,,226,100
1426,7195,7995,2.0974563240317257e-23,0,,229,100
1427,7200,8000,7.313198559878248e-23,0,,231,100
1428,7203,8003,8.544719379326445e-29,0,,230,100
1429,7206,8006,1.231505047906667e-175,0,,230,100
1430,7213,8013,6.304185180224867e-113,0,,230,100
1431,7217,8017,2.0511057212906095e-103,0,,231,100
1432,7223,8023,4.0380886770065785e-122,0,,231,100
1433,7226,8026,6.973377122805719e-101,0,,231,100
1434,7229,8029,5.7504102553144e-41,0,,229,100
1435,7236,8036,7.4081976999517925e-34,0,,228,100
1436,7240,8040,8.95961538646663e-39,0,,228,100
1437,7246,8046,8.250123612494991e-32,0,,229,100
1438,7249,8049,1.2936647693997188e-32,0,,228,100
1439,7256,8056,7.970065840778561e-29,0,,229,100
1440,7263,8063,8.879295785057354e-33,0,,228,100
1441,7271,8071,1.1886729134640449e-33,0,,230,100
1442,7275,8075,1.7859852837799413e-37,0,,230,100
1443,7279,8079,2.1944034936985265e-60,0,,230,100
1444,7285,8085,1.8893748749755045e-43,0,,231,100
1445,7289,8089,2.114181025636293e-98,0,,231,100
1446,7292,8092,3.4019232316045424e-51,0,,230,100
1447,7298,8098,4.72687633296024e-62,0,,228,100
1448,7303,8103,5.8559111535623414e-92,0,,226,100
1449,7313,8113,1.6895521056582003e-84,0,,226,100
1450,7319,8119,1.1361180498265406e-84,0,,226,100
1451,7321,8121,1.887808312422397e-126,0,,226,100
1452,7325,8125,6.814239272299074e-95,0,,226,100
1453,7331,8131,4.9560709948344355e-113,0,,231,100
1454,7335,8135,5.676153111525973e-59,0,,231,100
1455,7342,8142,3.9378782341673756e-155,0,,231,100
1456,7346,8146,3.0080543368721765e-123,0,,231,100
1457,7350,8150,4.695715873772985e-129,0,,231,100
1458,7358,8158,3.742421838856324e-103,0,,230,100
1459,7362,8162,6.573883589388726e-146,0,,230,100
1460,7368,8168,1.4286529565907328e-95,0,,230,100
1461,7375,8175,1.0671848440891401e-61,0,,229,100
1462,7380,8180,3.888375870630998e-77,0,,229,100
1463,7384,8184,8.796604457369819e-67,0,,229,100
1464,7390,8190,4.066740016408931e-127,0,,229,100
1465,7394,8194,5.341742331582342e-92,0,,229,100
1466,7399,8199,5.414016678263253e-77,0,,231,100
1467,7405,8205,9.019105604391005e-69,0,,231,100
1468,7408,8208,2.503244164814351e-64,0,,230,100
1469,7412,8212,5.335027398850496e-66,0,,231,100
1470,7420,8220,5.518782589922577e-40,0,,228,100
1471,7425,8225,4.516257818208154e-72,0,,226,100
1472,7429,8229,2.851147107769037e-35,0,,226,100
1473,7434,8234,2.9177065140525093e-47,0,,226,100
1474,7439,8239,3.627991311155558e-38,0,,227,100
1475,7444,8244,5.002165402069839e-36,0,,228,100
1476,7451,8251,4.965452990297205e-18,0,,226,100
1477,7455,8255,2.3253321235593987e-59,0,,226,100
1478,7459,8259,5.035480887797797e-81,0,,226,100
1479,7463,8263,8.618343483856356e-56,0,,227,100
1480,7467,8267,1.1880091684175087e-50,0,,227,100
1481,7473,8273,3.069540914292963e-82,0,,227,100
1482,7477,8277,4.370434328901174e-79,0,,227,100
1483,7482,8282,2.296717315538991e-75,0,,227,100
1484,7486,8286,1.1140794381899764e-86,0,,226,100
1485,7496,8296,6.451386456577907e-42,0,,223,100
1486,7500,8300,1.5754815594638626e-46,0,,221,100
1487,7504,8304,2.2625617047432063e-29,0,,221,100
1488,7508,8308,1.0868168072120737e-34,0,,222,100
1489,7516,8316,2.838089765717777e-59,0,,223,100
1490,7520,8320,5.6767376680434604e-40,0,,222,100
1491,7525,8325,2.6185621143959057e-45,0,,222,100
1492,7532,8332,9.654862341750161e-55,0,,223,100
1493,7537,8337,2.0114224954633656e-50,0,,223,100
1494,7541,8341,2.3008079049201045e-46,0,,224,100
1495,7547,8347,6.911241953790634e-48,0,,222,100
1496,7550,8350,5.157944026977105e-60,0,,222,100
1497,7554,8354,6.244498638690701e-64,0,,223,100
1498,7560,8360,5.78881019770752e-191,0,,224,100
1499,7566,8366,2.243399005311695e-55,0,,223,100
1500,7570,8370,2.974725700888883e-80,0,,226,100
1501,7575,8375,4.076606412134448e-147,0,,228,100
1502,7579,8379,2.8066297363546387e-56,0,,228,100
1503,7583,8383,1.2232712068149873e-243,0,,228,100
1504,7589,8389,3.548711970808103e-265,0,,227,100
1505,7593,8393,5.651399022616788e-171,0,,227,100
1506,7596,8396,1.3292620388133192e-166,0,,227,100
1507,7601,8401,2.2308168193704822e-25,0,,227,100
1508,7606,8406,1.089211339173264e-79,0,,227,100
1509,7610,8410,2.5133609173724046e-26,0,,227,100
1510,7617,8417,3.399268905633529e-26,0,,227,100
1511,7622,8422,7.190155014033553e-75,0,,226,100
1512,7627,8427,1.8574699666950375e-23,0,,225,100
1513,7631,8431,1.5225896107104875e-16,0,,224,100
1514,7637,8437,2.266622718016463e-23,0,,223,100
1515,7640,8440,1.39331498899844e-21,0,,223,100
1516,7646,8446,1.2355139072780582e-45,0,,224,100
1517,7650,8450,1.2646820727065333e-46,0,,224,100
1518,7654,8454,5.1005521581030695e-20,0,,224,100
1519,7657,8457,3.5119291708910856e-23,0,,223,100
1520,7663,8463,2.6909624045567443e-25,0,,224,100
1521,7668,8468,2.581957910746418e-46,0,,225,100
1522,7671,8471,1.0434947583979684e-50,0,,225,100
1523,7675,8475,1.5182742052839703e-48,0,,224,100
1524,7683,8483,2.413249876378152e-85,0,,221,100
1525,7687,8487,0.0,0,,220,100
1526,7691,8491,5.844315461059361e-50,0,,220,100
1527,7695,8495,6.765220982223038e-57,0,,220,100
1528,7701,8501,5.013017286211913e-39,0,,220,100
1529,7706,8506,5.733666831312282e-69,0,,219,100
1530,7711,8511,1.0609531050972463e-55,0,,219,100
1531,7715,8515,8.35346613347741e-57,0,,223,100
1532,7724,8524,1.5465195513814315e-57,0,,224,100
1533,7727,8527,8.511194154685956e-45,0,,224,100
1534,7731,8531,6.321119694709483e-67,0,,223,100
1535,7735,8535,1.0511499538256957e-47,0,,223,100
1536,7738,8538,1.1044748561202368e-61,0,,223,100
1537,7742,8542,5.66490739903942e-48,0,,222,100
1538,7748,8548,9.597896674325127e-56,0,,223,100
1539,7751,8551,4.458139700807421e-152,0,,223,100
1540,7755,8555,4.2156631357608593e-159,0,,224,100
1541,7761,8561,1.1348771674830102e-148,0,,223,100
1542,7764,8564,7.985632092439885e-163,0,,223,100
1543,7768,8568,1.1782689041824393e-155,0,,222,100
1544,7776,8576,1.8363885542142016e-60,0,,221,100
1545,7780,8580,1.4856227599798348e-39,0,,218,100
1546,7784,8584,7.693533867229753e-156,0,,219,100
1547,7787,8587,4.3552357541098576e-66,0,,219,100
1548,7791,8591,1.5452324492718242e-50,0,,220,100
1549,7797,8597,1.4688913127572883e-79,0,,220,100
1550,7800,8600,1.7962082126044852e-54,0,,220,100
1551,7804,8604,4.912960568650522e-58,0,,220,100
1552,7809,8609,6.5598865433504095e-65,0,,221,100
1553,7815,8615,0.0,0,,221,100
1554,7818,8618,4.355006518322686e-78,0,,221,100
1555,7821,8621,1.0790776574797009e-105,0,,220,100
1556,7825,8625,3.3679021761242116e-135,0,,222,100
1557,7831,8631,1.4390337288187563e-68,0,,221,100
1558,7834,8634,1.1416180902472093e-84,0,,220,100
1559,7838,8638,1.0813877770548964e-60,0,,220,100
1560,7846,8646,1.3203754022925496e-102,0,,217,100
1561,7850,8650,1.2063818274585163e-76,0,,218,100
1562,7855,8655,4.159882957935654e-87,0,,218,100
1563,7861,8661,9.316536079433642e-59,0,,218,100
1564,7864,8664,2.022413848530647e-55,0,,218,100
1565,7870,8670,8.708525672382265e-40,0,,219,100
1566,7874,8674,6.617593128103006e-45,0,,218,100
1567,7878,8678,2.445310308470675e-36,0,,218,100
1568,7881,8681,3.839953155838393e-36,0,,217,100
1569,7885,8685,2.5907833057783897e-44,0,,217,100
1570,7893,8693,1.3550761144062823e-57,0,,216,100
1571,7899,8699,7.6467618236949025e-59,0,,217,100
1572,7902,8702,8.452596190742605e-53,0,,217,100
1573,7908,8708,1.549913234721127e-54,0,,217,100
1574,7912,8712,2.0846256047126935e-64,0,,219,100
1575,7917,8717,3.567474010986064e-74,0,,219,100
1576,7920,8720,2.524105566762681e-84,0,,219,100
1577,7926,8726,1.0310096176082909e-122,0,,216,100
1578,7930,8730,2.2053230803654413e-203,0,,214,100
1579,7934,8734,8.914766271689816e-47,0,,214,100
1580,7938,8738,1.7698091663422318e-143,0,,215,100
1581,7946,8746,2.0925899325006136e-213,0,,214,100
1582,7951,8751,4.029312288484153e-136,0,,215,100
1583,7956,8756,2.2477471111708847e-216,0,,216,100
1584,7960,8760,1.2548306641527586e-151,0,,215,100
1585,7967,8767,4.749227289580105e-97,0,,215,100
1586,7970,8770,4.9720440309688344e-52,0,,215,100
1587,7976,8776,9.23544945276946e-114,0,,215,100
1588,7980,8780,3.252371637814724e-113,0,,217,100
1589,7987,8787,2.2137046375113427e-43,0,,221,100
1590,7992,8792,6.497048730278028e-84,0,,220,100
1591,7996,8796,1.6290142861038532e-72,0,,218,100
1592,8000,8800,1.0901304620466858e-83,0,,217,100
1593,8004,8804,1.5539096657439334e-55,0,,219,100
1594,8009,8809,1.1531952296353633e-57,0,,217,100
1595,8014,8814,1.65621482801951e-51,0,,218,100
1596,8019,8819,1.3688959741915614e-40,0,,217,100
1597,8022,8822,5.459377672952121e-31,0,,217,100
1598,8026,8826,2.6720663393442102e-52,0,,217,100
1599,8030,8830,2.3246558264711314e-45,0,,217,100
1600,8033,8833,4.984412522473333e-50,0,,216,100
1601,8037,8837,2.3264940698243108e-51,0,,218,100
1602,8046,8846,1.0937570675880743e-62,0,,219,100
1603,8051,8851,3.6817950120667306e-73,0,,219,100
1604,8056,8856,4.0569380118649847e-75,0,,220,100
1605,8061,8861,2.049390979265532e-87,0,,220,100
1606,8067,8867,1.8766206412817624e-165,0,,220,100
1607,8070,8870,2.7180315956068506e-113,0,,220,100
1608,8078,8878,2.6900422382332185e-144,0,,220,100
1609,8082,8882,7.366255786770876e-157,0,,220,100
1610,8085,8885,4.210799941303221e-161,0,,220,100
1611,8091,8891,3.592141416099317e-154,0,,220,100
1612,8094,8894,1.3841863996779174e-132,0,,222,100
1613,8097,8897,3.5032323166092564e-130,0,,225,100
1614,8103,8903,1.6061861196486934e-111,0,,225,100
1615,8111,8911,6.299182622703884e-134,0,,226,100
1616,8116,8916,1.971339812635743e-175,0,,226,100
1617,8120,8920,1.415064089503099e-169,0,,226,100
1618,8127,8927,8.104683380266003e-170,0,,223,100
1619,8131,8931,7.0505710229308846e-158,0,,221,100
1620,8135,8935,1.0105741881424181e-81,0,,221,100
1621,8140,8940,1.8519742694794773e-53,0,,221,100
1622,8144,8944,7.970747169713338e-43,0,,221,100
1623,8150,8950,1.7074635670510585e-48,0,,222,100
1624,8154,8954,5.50815301960443e-41,0,,222,100
1625,8159,8959,7.433745308442298e-52,0,,222,100
1626,8163,8963,2.7718497893189476e-30,0,,222,100
1627,8168,8968,3.4750800467920498e-50,0,,223,100
1628,8172,8972,4.5855073886592765e-97,0,,223,100
1629,8177,8977,9.172281411183748e-75,0,,224,100
1630,8181,8981,1.0171872277596542e-56,0,,223,100
1631,8187,8987,1.773462975141235e-46,0,,224,100
1632,8191,8991,2.795383921239919e-27,0,,223,100
1633,8196,8996,1.0489719270337243e-43,0,,222,100
1634,8199,8999,7.179060679196349e-66,0,,221,100
1635,8203,9003,7.251775662238548e-66,0,,221,100
1636,8212,9012,1.2549415948469057e-59,0,,222,100
1637,8215,9015,3.458739675731752e-62,0,,222,100
1638,8219,9019,2.802758171165786e-67,0,,221,100
1639,8225,9025,4.708727809107341e-44,0,,221,100
1640,8229,9029,3.681499639020398e-71,0,,221,100
1641,8231,9031,1.2717101749363284e-68,0,,222,100
1642,8236,9036,7.602599366891323e-66,0,,225,100
1643,8239,9039,1.3961639236833664e-68,0,,225,100
1644,8242,9042,3.332583885708019e-65,0,,225,100
1645,8250,9050,2.5532796192451896e-70,0,,226,100
1646,8253,9053,1.6614021055200212e-79,0,,226,100
1647,8258,9058,1.1441121353284977e-82,0,,226,100
1648,8262,9062,1.3679211697878317e-27,0,,224,100
1649,8268,9068,3.260508130085849e-27,0,,224,100
1650,8272,9072,7.846878948971749e-30,0,,224,100
1651,8277,9077,6.579988024733478e-55,0,,223,100
1652,8280,9080,5.390276855427618e-42,0,,225,100
1653,8284,9084,5.395930767705117e-63,0,,225,100
1654,8290,9090,1.5625726816446368e-46,0,,226,100
1655,8299,9099,1.3089133619666164e-16,0,,227,100
1656,8303,9103,2.4225564348647614e-16,0,,228,100
1657,8307,9107,6.752636881046708e-18,0,,229,100
1658,8312,9112,1.5864668128032922e-24,0,,228,100
1659,8316,9116,3.5993019953727645e-24,0,,229,100
1660,8321,9121,2.9539764908904934e-22,0,,229,100
1661,8326,9126,1.3795433176694281e-21,0,,230,100
1662,8331,9131,3.078445524732838e-28,0,,229,100
1663,8335,9135,1.3726849025491864e-26,0,,231,100
1664,8343,9143,5.953229772336887e-28,0,,235,100
1665,8348,9148,3.596078704510455e-31,0,,235,100
1666,8353,9153,1.1939770822366018e-31,0,,234,100
1667,8357,9157,1.9933246048218707e-25,0,,234,100
1668,8360,9160,3.998394460525789e-37,0,,234,100
1669,8364,9164,3.6139274190020244e-30,0,,234,100
1670,8370,9170,2.2025665334217395e-34,0,,231,100
1671,8374,9174,2.3579157307189104e-33,0,,229,100
1672,8378,9178,4.2502863315577323e-38,0,,229,100
1673,8382,9182,7.178197855783035e-44,0,,230,100
1674,8387,9187,3.8139300987944703e-47,0,,230,100
1675,8390,9190,1.1467004097836958e-47,0,,229,100
1676,8395,9195,8.268206377764595e-45,0,,229,100
1677,8400,9200,6.745040831770585e-36,0,,229,100
1678,8405,9205,2.465835203441294e-38,0,,229,100
1679,8413,9213,3.224616780128394e-71,0,,231,100
1680,8417,9217,8.214681852851801e-73,0,,231,100
1681,8422,9222,9.926312324584222e-67,0,,232,100
1682,8427,9227,3.859127993825558e-55,0,,231,100
1683,8432,9232,5.8483636918005115e-49,0,,231,100
1684,8437,9237,5.59534586932526e-38,0,,231,100
1685,8442,9242,4.9441938892595634e-36,0,,232,100
1686,8449,9249,6.941080213955024e-96,0,,230,100
1687,8453,9253,1.1334215526376518e-67,0,,230,100
1688,8458,9258,1.956465465805633e-30,0,,232,100
1689,8464,9264,9.261397492320708e-30,0,,232,100
1690,8468,9268,2.4297294120578137e-31,0,,233,100
1691,8475,9275,2.3365543557430722e-33,0,,235,100
1692,8485,9285,8.05070859578519e-74,0,,238,100
1693,8489,9289,3.671516788302819e-46,0,,238,100
1694,8494,9294,8.002766330087482e-51,0,,239,100
1695,8505,9305,1.066610743553896e-27,0,,238,100
1696,8514,9314,9.155784977786475e-176,0,,236,100
1697,8518,9318,5.220833141637279e-105,0,,233,100
1698,8522,9322,4.184333628103261e-108,0,,233,100
1699,8527,9327,2.2671081724804773e-83,0,,233,100
1700,8533,9333,2.0619786670136075e-189,0,,233,100
1701,8537,9337,1.1451472715260164e-149,0,,233,100
1702,8543,9343,2.0336484286900163e-147,0,,234,100
1703,8546,9346,2.2685249301493984e-168,0,,233,100
1704,8550,9350,5.001973176410683e-246,0,,235,100
1705,8555,9355,4.623672576275527e-140,0,,234,100
1706,8559,9359,7.614185708891803e-275,0,,234,100
1707,8567,9367,2.9413564667432173e-223,0,,235,100
1708,8570,9370,1.0304899963215401e-241,0,,234,100
1709,8574,9374,4.5384978397488016e-246,0,,234,100
1710,8581,9381,1.6914332280651961e-193,0,,234,100
1711,8584,9384,4.086139955790137e-158,0,,233,100
1712,8588,9388,4.041401275053411e-141,0,,233,100
1713,8593,9393,5.33510228200206e-27,0,,233,100
1714,8596,9396,2.8785917295465915e-165,0,,232,100
1715,8600,9400,7.626343044853227e-49,0,,232,100
1716,8605,9405,2.9751708537875525e-45,0,,231,100
1717,8609,9409,1.3012418421326426e-150,0,,231,100
1718,8614,9414,2.804901944460898e-67,0,,233,100
1719,8618,9418,3.3866306859243634e-138,0,,233,100
1720,8622,9422,1.6510078668012904e-201,0,,232,100
1721,8627,9427,1.0985382574968227e-201,0,,233,100
1722,8631,9431,1.2550280425340082e-149,0,,233,100
1723,8642,9442,9.487197273981845e-61,0,,233,100
1724,8647,9447,2.2811564174288103e-145,0,,234,100
1725,8651,9451,1.7739951903806402e-149,0,,233,100
1726,8660,9460,2.2536420818716007e-63,0,,233,100
1727,8663,9463,6.485963106664632e-56,0,,233,100
1728,8667,9467,5.265509853639249e-53,0,,233,100
1729,8672,9472,3.544416744342171e-60,0,,233,100
1730,8676,9476,1.2174786121767853e-56,0,,234,100
1731,8684,9484,2.1520780941343577e-79,0,,234,100
1732,8688,9488,1.0402726080745932e-63,0,,236,100
1733,8694,9494,9.444032721124207e-87,0,,235,100
1734,8697,9497,2.4524114059340883e-54,0,,235,100
1735,8701,9501,1.773795127978174e-60,0,,238,100
1736,8710,9510,1.8309464463173392e-181,0,,238,100
1737,8714,9514,0.0,0,,236,100
1738,8718,9518,0.0,0,,236,100
1739,8722,9522,0.0,0,,237,100
1740,8727,9527,1.455075664267964e-171,0,,237,100
1741,8731,9531,3.7168083839710866e-135,0,,237,100
1742,8738,9538,2.3475208369127495e-148,0,,237,100
1743,8743,9543,1.0094926201274915e-128,0,,237,100
1744,8749,9549,1.2527719144424754e-108,0,,238,100
1745,8753,9553,2.736641327129116e-121,0,,238,100
1746,8758,9558,8.160058789359882e-124,0,,238,100
1747,8763,9563,7.519665119819292e-116,0,,238,100
1748,8768,9568,3.107459143807236e-114,0,,236,100
1749,8774,9574,2.1770141609506379e-156,0,,237,100
1750,8778,9578,5.72107045152496e-127,0,,236,100
1751,8784,9584,4.192861825296134e-70,0,,233,100
1752,8789,9589,4.280362130830703e-161,0,,231,100
1753,8793,9593,1.3004600276221427e-134,0,,231,100
1754,8796,9596,1.921867791955509e-182,0,,230,100
1755,8802,9602,2.283449592944857e-143,0,,230,100
1756,8804,9604,5.308432522654559e-212,0,,230,100
1757,8810,9610,1.2606709052634902e-164,0,,230,100
1758,8814,9614,2.430393560949948e-181,0,,231,100
1759,8820,9620,2.3741503322472492e-279,0,,232,100
1760,8823,9623,3.320321414242573e-212,0,,232,100
1761,8827,9627,7.241958684976407e-187,0,,232,100
1762,8835,9635,1.51213985641918e-166,0,,231,100
1763,8839,9639,6.81270787854279e-247,0,,231,100
1764,8841,9641,6.034853363995155e-200,0,,231,100
1765,8845,9645,4.243666783444663e-161,0,,230,100
1766,8853,9653,8.57161583605681e-119,0,,234,100
1767,8861,9661,3.3327726225364144e-147,0,,236,100
1768,8863,9663,0.0,0,,235,100
1769,8867,9667,0.0,0,,236,100
1770,8874,9674,2.197025792484471e-243,0,,234,100
1771,8878,9678,2.6526861333324255e-242,0,,236,100
1772,8880,9680,6.076698450679327e-115,0,,235,100
1773,8884,9684,3.34473171945687e-178,0,,236,100
1774,8893,9693,1.79281758832453e-131,0,,232,100
1775,8898,9698,6.550782339635944e-96,0,,228,100
1776,8902,9702,2.3646301232005718e-74,0,,228,100
1777,8905,9705,3.347214561266441e-70,0,,228,100
1778,8911,9711,3.728124055969234e-83,0,,227,100
1779,8915,9715,2.2607514656516922e-86,0,,227,100
1780,8920,9720,5.5762102204257756e-89,0,,229,100
1781,8925,9725,1.9201832333976384e-84,0,,228,100
1782,8930,9730,4.0459114848815135e-80,0,,228,100
1783,8935,9735,3.3159762973966814e-72,0,,229,100
1784,8940,9740,1.1697651651106933e-77,0,,228,100
1785,8947,9747,5.297751863366331e-52,0,,227,100
1786,8952,9752,4.481005702447748e-39,0,,227,100
1787,8957,9757,6.025095379888364e-33,0,,226,100
1788,8963,9763,2.027697372326741e-39,0,,224,100
1789,8966,9766,3.945697514738332e-111,0,,224,100
1790,8970,9770,5.187304432122156e-113,0,,224,100
1791,8976,9776,4.8880820263304704e-60,0,,223,100
1792,8984,9784,8.379876628994047e-57,0,,224,100
1793,8986,9786,1.9367678637217134e-73,0,,225,100
1794,8996,9796,3.525341594972705e-46,0,,226,100
1795,9001,9801,2.2920888796411894e-60,0,,226,100
1796,9006,9806,2.4951562138552592e-51,0,,227,100
1797,9011,9811,1.4724361244695188e-28,0,,226,100
1798,9021,9821,1.694623027677652e-45,0,,227,100
1799,9025,9825,2.536422981082399e-84,0,,227,100
1800,9030,9830,3.275842590459604e-27,0,,224,100
1801,9035,9835,6.367332626417017e-18,0,,221,100
1802,9039,9839,1.618987301408435e-16,0,,221,100
1803,9043,9843,1.947091209106067e-58,0,,222,100
1804,9047,9847,4.954474286601428e-78,0,,225,100
1805,9053,9853,2.5549579057589118e-31,0,,226,100
1806,9057,9857,4.230911524325658e-31,0,,225,100
1807,9063,9863,6.63836062895138e-36,0,,227,100
1808,9068,9868,4.454775024331383e-34,0,,227,100
1809,9073,9873,4.7802954647982117e-32,0,,227,100
1810,9080,9880,5.455808841696577e-30,0,,225,100
1811,9083,9883,3.412312614734821e-18,0,,224,100
1812,9086,9886,1.1534350188626314e-16,0,,224,100
1813,9091,9891,8.491271533616223e-23,0,,224,100
1814,9095,9895,1.0007914880028571e-50,0,,223,100
1815,9099,9899,1.1511077867469211e-36,0,,222,100
1816,9104,9904,7.384457321275713e-27,0,,221,100
1817,9107,9907,2.1877210025144996e-33,0,,221,100
1818,9110,9910,2.292187548987953e-137,0,,221,100
1819,9114,9914,4.547665964895765e-37,0,,220,100
1820,9120,9920,3.910324734224404e-39,0,,221,100
1821,9124,9924,8.513522487056245e-22,0,,221,100
1822,9126,9926,2.9680128482000138e-49,0,,220,100
1823,9130,9930,1.214737452192228e-42,0,,221,100
1824,9136,9936,5.011372293423781e-33,0,,218,100
1825,9141,9941,1.589830780862372e-45,0,,216,100
1826,9145,9945,1.7721074986621276e-32,0,,215,100
1827,9149,9949,2.4070784073660753e-30,0,,216,100
1828,9154,9954,2.8189636417684947e-36,0,,215,100
1829,9158,9958,1.0722235450433156e-48,0,,216,100
1830,9163,9963,1.5314648333844447e-45,0,,217,100
1831,9168,9968,2.0978625429589434e-34,0,,217,100
1832,9172,9972,2.596069421575114e-34,0,,216,100
1833,9179,9979,1.7019820729586398e-44,0,,215,100
1834,9184,9984,1.646764933194542e-24,0,,217,100
1835,9187,9987,2.110008554401579e-53,0,,217,100
1836,9192,9992,2.067247945906671e-30,0,,218,100
1837,9197,9997,1.1311892159748672e-61,0,,219,100
1838,9202,10002,9.58842310181786e-13,0,,219,100
1839,9207,10007,3.4135989103982916e-25,0,,217,100
1840,9213,10013,4.292538871863259e-31,0,,217,100
1841,9217,10017,1.998866871811394e-40,0,,218,100
1842,9221,10021,1.192060367246605e-124,0,,217,100
1843,9227,10027,1.6355293341405312e-165,0,,218,100
1844,9233,10033,6.729402561576475e-124,0,,217,100
1845,9237,10037,9.32048211171362e-77,0,,217,100
1846,9245,10045,5.825853288385939e-104,0,,217,100
1847,9254,10054,4.52057903345849e-57,0,,218,100
1848,9258,10058,8.28292038078521e-63,0,,217,100
1849,9262,10062,4.672729116203961e-77,0,,217,100
1850,9264,10064,1.0663791287661759e-50,0,,216,100
1851,9268,10068,2.7982825690250803e-59,0,,216,100
1852,9274,10074,2.574735616923057e-30,0,,213,100
1853,9279,10079,1.5405464598927634e-58,0,,210,100
1854,9283,10083,9.142056311562908e-57,0,,211,100
1855,9287,10087,1.6966107892832805e-50,0,,212,100
1856,9292,10092,1.6555377073836417e-77,0,,211,100
1857,9296,10096,7.638547978248616e-85,0,,211,100
1858,9301,10101,4.7667002330494975e-82,0,,211,100
1859,9306,10106,1.929280730890418e-16,0,,211,100
1860,9310,10110,3.4129312014671426e-25,0,,214,100
1861,9319,10119,1.5458394725626597e-31,0,,215,100
1862,9327,10127,4.273810339081238e-22,0,,219,100
1863,9332,10132,1.745143290360386e-18,0,,219,100
1864,9337,10137,1.7152561300662037e-28,0,,218,100
1865,9342,10142,1.6353142957715872e-37,0,,217,100
1866,9348,10148,1.1503322387876821e-34,0,,218,100
1867,9353,10153,9.099520564725401e-86,0,,216,100
1868,9357,10157,1.923774071643241e-105,0,,217,100
1869,9364,10164,1.5397945244908959e-152,0,,217,100
1870,9370,10170,3.429801069547853e-166,0,,218,100
1871,9374,10174,5.2466524655242525e-177,0,,219,100
1872,9382,10182,4.84794283757611e-106,0,,218,100
1873,9386,10186,2.5119003385080274e-94,0,,217,100
1874,9392,10192,9.33395852861559e-71,0,,218,100
1875,9398,10198,2.274151894785828e-62,0,,221,100
1876,9404,10204,1.4411083063445966e-55,0,,221,100
1877,9407,10207,1.8316461651644756e-48,0,,221,100
1878,9411,10211,3.129992425934563e-29,0,,220,100
1879,9418,10218,3.1715939240635963e-45,0,,223,100
1880,9423,10223,1.652175995710953e-33,0,,224,100
1881,9427,10227,3.881337070607066e-36,0,,225,100
1882,9433,10233,1.8538477321740406e-28,0,,225,100
1883,9439,10239,1.1539914826400896e-43,0,,225,100
1884,9444,10244,1.1088436051241425e-53,0,,224,100
1885,9448,10248,2.3140560157641963e-44,0,,223,100
1886,9452,10252,1.3562858314426283e-47,0,,223,100
1887,9457,10257,3.9456417695609615e-30,0,,224,100
1888,9463,10263,9.019674571599292e-54,0,,225,100
1889,9468,10268,1.0827915031495756e-49,0,,226,100
1890,9472,10272,1.968101922792176e-42,0,,225,100
1891,9476,10276,1.06522553701015e-70,0,,225,100
1892,9480,10280,2.1871815151771803e-79,0,,224,100
1893,9485,10285,5.377165061018398e-67,0,,224,100
1894,9488,10288,3.936730459731125e-51,0,,223,100
1895,9492,10292,6.25330747406837e-41,0,,223,100
1896,9498,10298,1.7475182204930646e-42,0,,222,100
1897,9503,10303,1.8159656696285508e-20,0,,219,100
1898,9507,10307,4.8621431212783456e-29,0,,219,100
1899,9509,10309,1.362423877454267e-34,0,,219,100
1900,9514,10314,6.615121508350343e-47,0,,219,100
1901,9518,10318,3.2567597888248556e-40,0,,219,100
1902,9525,10325,1.3106591480393751e-27,0,,217,100
1903,9533,10333,4.583433794630803e-31,0,,221,100
1904,9538,10338,2.7703885517782008e-36,0,,220,100
1905,9542,10342,5.178181306149134e-55,0,,220,100
1906,9546,10346,1.7820820379304262e-86,0,,219,100
1907,9553,10353,6.959188736228019e-61,0,,219,100
1908,9557,10357,1.9952093505902192e-74,0,,219,100
1909,9565,10365,6.16957164848463e-53,0,,220,100
1910,9569,10369,2.4284245142436854e-95,0,,219,100
1911,9574,10374,5.254840855083197e-110,0,,219,100
1912,9578,10378,4.534521404353361e-91,0,,218,100
1913,9582,10382,3.456412411031637e-85,0,,221,100
1914,9588,10388,1.3740391865902264e-73,0,,223,100
1915,9591,10391,9.386051597619376e-91,0,,223,100
1916,9597,10397,4.9679585871280585e-37,0,,223,100
1917,9604,10404,4.1253657898938846e-57,0,,222,100
1918,9608,10408,7.02735830790127e-42,0,,222,100
1919,9614,10414,1.5213106008841754e-77,0,,221,100
1920,9618,10418,3.324740578642563e-75,0,,222,100
1921,9623,10423,4.5923988996721164e-52,0,,223,100
1922,9629,10429,9.573620581400306e-78,0,,222,100
1923,9636,10436,1.6940792793714312e-102,0,,221,100
1924,9640,10440,7.73665594292303e-62,0,,221,100
1925,9647,10447,1.1139509897587084e-49,0,,218,100
1926,9652,10452,2.738065762722287e-48,0,,216,100
1927,9657,10457,2.1707687471523994e-69,0,,216,100
1928,9661,10461,5.505837466514914e-63,0,,216,100
1929,9667,10467,2.596720227773628e-51,0,,218,100
1930,9670,10470,7.251114161629268e-53,0,,220,100
1931,9676,10476,2.1768356548272364e-49,0,,221,100
1932,9678,10478,2.893882321015252e-37,0,,220,100
1933,9683,10483,1.3618263474507458e-39,0,,221,100
1934,9691,10491,2.942460009644431e-42,0,,222,100
1935,9700,10500,1.6729615595043003e-41,0,,223,100
1936,9704,10504,3.2420542190969697e-49,0,,223,100
1937,9711,10511,2.8590158706877805e-59,0,,223,100
1938,9715,10515,8.615119328502398e-44,0,,222,100
1939,9719,10519,3.754197048638162e-51,0,,223,100
1940,9731,10531,2.089125156096845e-49,0,,222,100
1941,9734,10534,1.7601438386497425e-56,0,,224,100
1942,9741,10541,3.452290525410846e-61,0,,225,100
1943,9746,10546,1.6241455741668553e-49,0,,225,100
1944,9752,10552,2.0802153492211324e-202,0,,225,100
1945,9758,10558,2.31006853248074e-235,0,,226,100
1946,9764,10564,7.621811036203899e-170,0,,231,100
1947,9774,10574,1.4745284082110626e-41,0,,231,100
1948,9778,10578,1.988304122200124e-57,0,,231,100
1949,9782,10582,9.072809291595588e-27,0,,230,100
1950,9789,10589,4.6940760839765e-54,0,,230,100
1951,9795,10595,3.193047434956178e-39,0,,232,100
1952,9798,10598,1.2359443201753806e-39,0,,231,100
1953,9801,10601,3.1320823918932503e-37,0,,231,100
1954,9805,10605,8.211170643134451e-38,0,,232,100
1955,9814,10614,4.605491456869213e-57,0,,231,100
1956,9818,10618,1.8359787737273323e-43,0,,231,100
1957,9821,10621,3.0962646136806174e-70,0,,231,100
1958,9827,10627,5.107763312933823e-57,0,,233,100
1959,9832,10632,7.456936169720693e-59,0,,234,100
1960,9837,10637,1.4108232359660027e-52,0,,235,100
1961,9844,10644,8.203138378707582e-23,0,,232,100
1962,9849,10649,2.2099539352359626e-55,0,,229,100
1963,9853,10653,2.593032487125814e-71,0,,229,100
1964,9858,10658,1.7606948970569627e-140,0,,230,100
1965,9863,10663,3.2065037334734296e-116,0,,230,100
1966,9866,10666,1.0696897500548045e-79,0,,230,100
1967,9872,10672,9.694282585693721e-52,0,,230,100
1968,9880,10680,4.243825609236768e-47,0,,231,100
1969,9885,10685,6.02099660898285e-136,0,,231,100
1970,9890,10690,9.488103677531051e-76,0,,231,100
1971,9900,10700,1.6836654323262535e-49,0,,230,100
1972,9905,10705,3.0253698040529973e-52,0,,232,100
1973,9909,10709,2.9200733566943625e-63,0,,232,100
1974,9915,10715,4.508193587757163e-54,0,,231,100
1975,9918,10718,8.974309088577318e-51,0,,231,100
1976,9922,10722,1.173043168557386e-55,0,,232,100
1977,9928,10728,1.2470288772735443e-101,0,,231,100
1978,9932,10732,4.589036307866261e-83,0,,233,100
1979,9937,10737,5.4685675710149415e-68,0,,233,100
1980,9943,10743,4.972471720251822e-64,0,,232,100
1981,9946,10746,4.784632097444514e-91,0,,232,100
1982,9950,10750,5.74335979455507e-89,0,,233,100
1983,9956,10756,1.0583824493288445e-126,0,,236,100
1984,9959,10759,7.639574904472738e-118,0,,235,100
1985,9965,10765,1.6164516327124458e-85,0,,235,100
1986,9967,10767,7.018451055990787e-101,0,,235,100
1987,9977,10777,1.485105381922683e-107,0,,238,100
1988,9983,10783,6.3531429175994526e-96,0,,236,100
1989,9991,10791,2.5100103317055794e-100,0,,235,100
1990,9996,10796,1.6210271350451752e-129,0,,235,100
1991,10002,10802,2.3215461624053527e-108,0,,235,100
1992,10006,10806,5.360678286300455e-59,0,,234,100
1993,10010,10810,2.138070668825601e-109,0,,234,100
1994,10013,10813,1.4772921386322564e-100,0,,234,100
1995,10017,10817,2.6284998849072262e-84,0,,234,100
1996,10024,10824,1.7535167663465653e-63,0,,234,100
1997,10027,10827,1.1137872065946811e-55,0,,234,100
1998,10031,10831,1.6700311043807025e-54,0,,234,100
1999,10038,10838,3.7594918040643773e-50,0,,235,100
2000,10042,10842,5.907413373724389e-91,0,,235,100
2001,10046,10846,1.8409578751165151e-88,0,,235,100
2002,10052,10852,1.4225062374004286e-103,0,,233,100
2003,10055,10855,2.6649845485423713e-95,0,,233,100
2004,10062,10862,9.862970494953547e-44,0,,234,100
2005,10068,10868,5.610254525643886e-98,0,,239,100
2006,10073,10873,1.9413499718981064e-97,0,,239,100
2007,10077,10877,1.6124828482414915e-83,0,,239,100
2008,10080,10880,1.09169900171103e-87,0,,238,100
2009,10083,10883,1.0294846789473734e-83,0,,238,100
2010,10087,10887,1.074501913783036e-82,0,,238,100
2011,10091,10891,1.5613608331437196e-84,0,,238,100
2012,10096,10896,2.6397008999860477e-59,0,,239,100
2013,10099,10899,1.600765744804339e-68,0,,239,100
2014,10103,10903,5.15067394409264e-70,0,,239,100
2015,10109,10909,8.922000784066844e-102,0,,237,100
2016,10114,10914,1.2091221533475509e-104,0,,234,100
2017,10121,10921,1.589671711811613e-40,0,,233,100
2018,10126,10926,4.4778807927695474e-42,0,,233,100
2019,10130,10930,1.0514545572685025e-36,0,,233,100
2020,10139,10939,6.385973353291889e-43,0,,234,100
2021,10145,10945,4.271486314733767e-36,0,,234,100
2022,10148,10948,1.2743792029940296e-35,0,,234,100
2023,10154,10954,3.232994312780365e-160,0,,236,100
2024,10160,10960,7.55583130064772e-77,0,,237,100
2025,10163,10963,1.527154135882922e-70,0,,238,100
2026,10169,10969,5.070141226653857e-65,0,,235,100
2027,10173,10973,2.2195764089253133e-76,0,,236,100
2028,10178,10978,2.555052123473805e-71,0,,235,100
2029,10184,10984,5.155179297355568e-59,0,,235,100
2030,10188,10988,3.3481476710083163e-80,0,,234,100
2031,10192,10992,5.034777462830756e-85,0,,233,100
2032,10197,10997,1.9541447499457858e-51,0,,233,100
2033,10200,11000,1.0638999590765565e-48,0,,233,100
2034,10204,11004,1.2442495275130421e-74,0,,232,100
2035,10211,11011,1.0389947086335365e-42,0,,232,100
2036,10216,11016,2.2172618705494942e-58,0,,230,100
2037,10219,11019,5.77407825948629e-66,0,,229,100
2038,10223,11023,2.017034844154252e-60,0,,231,100
2039,10229,11029,5.982969162037555e-66,0,,230,100
2040,10232,11032,1.2377413641070128e-94,0,,229,100
2041,10236,11036,2.3497079069069863e-101,0,,232,100
2042,10241,11041,1.3507498327883858e-86,0,,235,100
2043,10247,11047,1.8252432385286133e-62,0,,235,100
2044,10252,11052,1.3490039035733401e-95,0,,234,100
2045,10256,11056,4.3107102357185294e-47,0,,234,100
2046,10263,11063,3.65638714397582e-73,0,,233,100
2047,10268,11068,2.152453714956691e-95,0,,234,100
2048,10273,11073,1.1317730268083284e-121,0,,233,100
2049,10280,11080,1.4382857095647487e-129,0,,233,100
2050,10285,11085,2.9795202427792905e-128,0,,233,100
2051,10289,11089,1.785097569617674e-123,0,,233,100
2052,10297,11097,3.737821969466609e-136,0,,233,100
2053,10301,11101,6.5278831953288096e-152,0,,234,100
2054,10305,11105,2.658305279827242e-140,0,,234,100
2055,10308,11108,4.691898613975626e-128,0,,235,100
2056,10311,11111,2.2226420651203282e-126,0,,236,100
2057,10316,11116,2.296116492807295e-130,0,,237,100
2058,10321,11121,1.136757520750534e-124,0,,235,100
2059,10328,11128,3.151517709501088e-151,0,,235,100
2060,10332,11132,3.4262212608159064e-86,0,,234,100
2061,10337,11137,5.231962112106482e-95,0,,235,100
2062,10342,11142,4.6653874984488916e-88,0,,234,100
2063,10347,11147,9.002534909611241e-82,0,,235,100
2064,10351,11151,2.5074241353546428e-67,0,,238,100
2065,10356,11156,1.1383159442184787e-100,0,,238,100
2066,10361,11161,7.444420237340639e-73,0,,239,100
2067,10367,11167,3.653458624292916e-101,0,,239,100
2068,10372,11172,1.805158561652583e-67,0,,238,100
2069,10381,11181,5.6946908208526515e-67,0,,235,100
2070,10386,11186,9.855698083466551e-73,0,,232,100
2071,10390,11190,7.817553632519897e-60,0,,233,100
2072,10395,11195,3.8593725979429383e-19,0,,233,100
2073,10402,11202,9.483878225888986e-26,0,,234,100
2074,10406,11206,1.2438755086656063e-27,0,,235,100
2075,10413,11213,5.038961398239296e-23,0,,234,100
2076,10418,11218,1.5136645130694704e-21,0,,236,100
2077,10423,11223,2.2996166000664364e-24,0,,235,100
2078,10431,11231,1.9467672338182114e-23,0,,236,100
2079,10435,11235,6.758660571319484e-16,0,,237,100
2080,10439,11239,3.22683764366214e-22,0,,236,100
2081,10443,11243,1.438106311475116e-20,0,,237,100
2082,10450,11250,2.4491240465000687e-18,0,,237,100
2083,10453,11253,4.189815038703125e-14,0,,236,100
2084,10457,11257,1.652138282628383e-17,0,,237,100
2085,10466,11266,5.435500761928885e-27,0,,239,100
2086,10471,11271,5.827698744196032e-16,0,,236,100
2087,10476,11276,1.282279263316868e-10,0,,234,100
2088,10481,11281,4.450353003033792e-09,0,,235,100
2089,10486,11286,4.521354930046127e-09,0,,235,100
2090,10490,11290,3.819085565392208e-08,0,,235,100
2091,10493,11293,2.9415346656456637e-10,0,,235,100
2092,10497,11297,4.175350513201571e-14,0,,235,100
2093,10502,11302,4.88984000176571e-29,0,,236,100
2094,10506,11306,1.1414509975587738e-72,0,,235,100
2095,10510,11310,2.886076401553462e-72,0,,237,100
2096,10515,11315,8.150738648904598e-73,0,,235,100
2097,10519,11319,3.4919472185284855e-70,0,,234,100
2098,10524,11324,2.2006964798065608e-67,0,,236,100
2099,10530,11330,3.018492708635663e-39,0,,237,100
2100,10533,11333,6.09458552803657e-44,0,,235,100
2101,10540,11340,1.8022313765945296e-204,0,,235,100
2102,10544,11344,1.8548766609673235e-194,0,,235,100
2103,10552,11352,1.2522784596226943e-211,0,,234,100
2104,10559,11359,2.9716305508185667e-216,0,,231,100
2105,10564,11364,3.5808374775561945e-238,0,,228,100
2106,10568,11368,6.146808731109943e-134,0,,228,100
2107,10572,11372,8.186941631519107e-33,0,,228,100
2108,10577,11377,1.1743731493637406e-50,0,,231,100
2109,10581,11381,8.013649368745783e-127,0,,232,100
2110,10587,11387,9.730316480295116e-147,0,,231,100
2111,10595,11395,5.512531259665707e-72,0,,231,100
2112,10599,11399,8.848022026874327e-169,0,,231,100
2113,10603,11403,3.8456179259000345e-115,0,,231,100
2114,10606,11406,1.1041981703456915e-87,0,,231,100
2115,10613,11413,1.2177948115966205e-81,0,,231,100
2116,10616,11416,2.1071212328193903e-39,0,,231,100
2117,10620,11420,1.850980094526662e-29,0,,230,100
2118,10623,11423,2.9564725939505624e-24,0,,230,100
2119,10627,11427,1.9329001793864144e-53,0,,229,100
2120,10630,11430,8.976641046461128e-38,0,,228,100
2121,10635,11435,8.561575773493676e-39,0,,227,100
2122,10640,11440,2.7200305164772847e-18,0,,228,100
2123,10644,11444,4.234646294852938e-33,0,,229,100
2124,10650,11450,3.965520213191771e-37,0,,228,100
2125,10654,11454,3.2747437250236017e-56,0,,228,100
2126,10659,11459,1.2741307757255078e-67,0,,227,100
2127,10664,11464,4.970558725628867e-82,0,,228,100
2128,10667,11467,1.2300702869001979e-60,0,,227,100
2129,10671,11471,1.517514541703803e-63,0,,228,100
2130,10677,11477,1.4098520140053651e-75,0,,228,100
2131,10681,11481,1.4023952005890326e-72,0,,227,100
2132,10687,11487,5.979715409861651e-81,0,,226,100
2133,10691,11491,5.03599718703256e-100,0,,226,100
2134,10696,11496,9.406249764433087e-71,0,,226,100
2135,10701,11501,4.7708377479200045e-35,0,,225,100
2136,10704,11504,2.5390966496968386e-68,0,,225,100
2137,10708,11508,2.6003530277023998e-67,0,,226,100
2138,10713,11513,9.072422530925761e-41,0,,226,100
2139,10716,11516,2.9584609869044687e-50,0,,227,100
2140,10722,11522,1.6956456748705885e-54,0,,229,100
2141,10726,11526,1.9389592725728937e-76,0,,229,100
2142,10731,11531,4.8867024756241235e-70,0,,228,100
2143,10735,11535,5.714613349489512e-70,0,,228,100
2144,10740,11540,1.7137033869199872e-85,0,,228,100
2145,10744,11544,1.0507596645251634e-77,0,,228,100
2146,10750,11550,1.0362480542860846e-84,0,,226,100
2147,10755,11555,3.0269084033464215e-82,0,,223,100
2148,10765,11565,1.5596856592533193e-90,0,,225,100
2149,10769,11569,9.522586338672395e-98,0,,223,100
2150,10774,11574,1.7422225938093983e-71,0,,223,100
2151,10778,11578,2.8641383567508973e-65,0,,224,100
2152,10783,11583,3.443252786314136e-67,0,,224,100
2153,10787,11587,7.837302993865046e-91,0,,224,100
2154,10793,11593,8.330311936565687e-71,0,,224,100
2155,10798,11598,3.427394784392141e-48,0,,225,100
2156,10802,11602,3.5140342236062586e-119,0,,225,100
2157,10809,11609,7.083654292257e-70,0,,226,100
2158,10812,11612,3.4565490961775316e-91,0,,226,100
2159,10818,11618,5.8458243785661424e-36,0,,224,100
2160,10821,11621,5.867991060295591e-34,0,,225,100
2161,10826,11626,8.773801701807091e-35,0,,226,100
2162,10830,11630,4.6458166190281574e-40,0,,229,100
2163,10837,11637,7.218837682765394e-31,0,,228,100
2164,10842,11642,7.872107327980321e-29,0,,229,100
2165,10849,11649,3.2785069594214976e-55,0,,229,100
2166,10852,11652,4.691307481762331e-49,0,,228,100
2167,10856,11656,2.6720126740069815e-157,0,,229,100
2168,10864,11664,1.7911286475855228e-35,0,,227,100
2169,10869,11669,5.860488327997362e-41,0,,224,100
2170,10872,11672,9.898450194877714e-33,0,,224,100
2171,10875,11675,5.566962106260199e-33,0,,225,100
2172,10881,11681,1.3544492788347717e-49,0,,225,100
2173,10885,11685,1.1013778795779934e-50,0,,225,100
2174,10889,11689,9.986316851445904e-43,0,,225,100
2175,10894,11694,5.835073305322212e-60,0,,225,100
2176,10898,11698,4.984044812915913e-57,0,,225,100
2177,10901,11701,9.20664671966123e-55,0,,225,100
2178,10908,11708,3.112160882918634e-57,0,,225,100
2179,10911,11711,8.607749898423764e-27,0,,225,100
2180,10915,11715,6.055679170252056e-31,0,,226,100
2181,10920,11720,6.127151045845986e-30,0,,228,100
2182,10923,11723,2.1805596422011113e-30,0,,228,100
2183,10927,11727,8.480179423583767e-36,0,,228,100
2184,10934,11734,2.634525029999286e-29,0,,228,100
2185,10937,11737,1.5846892777693443e-28,0,,229,100
2186,10942,11742,1.6425097095564463e-42,0,,229,100
2187,10953,11753,4.140648733885068e-27,0,,227,100
2188,10957,11757,2.302774695300955e-24,0,,228,100
2189,10959,11759,4.952702068994527e-33,0,,228,100
2190,10967,11767,2.175006981965522e-31,0,,229,100
2191,10973,11773,4.150079763498064e-47,0,,229,100
2192,10979,11779,1.7393141886427775e-56,0,,229,100
2193,10986,11786,2.075970757680371e-43,0,,230,100
2194,10992,11792,1.5718779732049182e-37,0,,230,100
2195,10997,11797,1.664570193032959e-44,0,,230,100
2196,11000,11800,2.0385144885074618e-56,0,,230,100
2197,11005,11805,5.798217622641532e-58,0,,230,100
2198,11009,11809,6.8306559894839854e-43,0,,230,100
2199,11013,11813,3.528098682469281e-52,0,,230,100
2200,11016,11816,1.0838775456817976e-49,0,,230,100
2201,11020,11820,2.020490946597913e-45,0,,230,100
2202,11025,11825,8.198872245373437e-32,0,,230,100
2203,11028,11828,1.2542007011033967e-34,0,,231,100
2204,11035,11835,3.717024228564562e-51,0,,230,100
2205,11039,11839,1.1230007729069566e-55,0,,227,100
2206,11043,11843,3.9155450669139195e-49,0,,227,100
2207,11048,11848,2.0232091626727896e-46,0,,229,100
2208,11053,11853,7.937155119757101e-62,0,,229,100
2209,11057,11857,6.318871305831864e-125,0,,228,100
2210,11061,11861,2.4552559097880804e-139,0,,228,100
2211,11067,11867,8.656572256911611e-136,0,,227,100
2212,11071,11871,1.4024871144162215e-129,0,,226,100
2213,11075,11875,2.7550632628538933e-109,0,,227,100
2214,11086,11886,6.619721388259566e-125,0,,231,100
2215,11090,11890,3.275244733096906e-106,0,,231,100
2216,11095,11895,3.230410618351683e-126,0,,232,100
2217,11101,11901,4.811574505007293e-131,0,,231,100
2218,11105,11905,1.1061055221751868e-91,0,,229,100
2219,11111,11911,7.53097988371179e-62,0,,228,100
2220,11113,11913,9.100566321357145e-57,0,,228,100
2221,11118,11918,4.0178914150008573e-57,0,,229,100
2222,11125,11925,1.1165826322024863e-56,0,,228,100
2223,11127,11927,8.093417810931214e-59,0,,228,100
2224,11131,11931,3.189153476938404e-62,0,,228,100
2225,11136,11936,1.6204899262457933e-53,0,,228,100
2226,11140,11940,1.6854137273936844e-52,0,,229,100
2227,11147,11947,1.5324992751454283e-57,0,,227,100
2228,11151,11951,1.5030430185144266e-85,0,,224,100
2229,11155,11955,7.27029194844152e-50,0,,225,100
2230,11159,11959,3.70902713522475e-57,0,,225,100
2231,11165,11965,1.2719202963899044e-195,0,,226,100
2232,11170,11970,2.694695711484713e-139,0,,226,100
2233,11174,11974,8.142941243605297e-84,0,,225,100
2234,11182,11982,3.451280846285772e-62,0,,228,100
2235,11188,11988,2.282355302062608e-105,0,,226,100
2236,11192,11992,2.543947632756594e-80,0,,227,100
2237,11197,11997,8.865427176366283e-58,0,,227,100
2238,11201,12001,1.0094349223370273e-56,0,,225,100
2239,11203,12003,1.937038239346321e-43,0,,225,100
2240,11210,12010,1.9893274212982067e-47,0,,225,100
2241,11213,12013,2.8100336086254523e-39,0,,224,100
2242,11220,12020,8.919274175063975e-46,0,,223,100
2243,11224,12024,5.41145160732129e-46,0,,225,100
2244,11229,12029,2.9136400462379895e-44,0,,224,100
2245,11233,12033,2.591115704487651e-38,0,,224,100
2246,11235,12035,1.6683376707635066e-34,0,,225,100
2247,11242,12042,1.1634927818703501e-95,0,,227,100
2248,11245,12045,5.53417147856514e-209,0,,227,100
2249,11249,12049,1.793971890376646e-165,0,,227,100
2250,11258,12058,1.095772714186156e-124,0,,225,100
2251,11262,12062,5.0458637532063294e-282,0,,223,100
2252,11266,12066,0.0,0,,222,100
2253,11269,12069,0.0,0,,223,100
2254,11277,12077,0.0,0,,224,100
2255,11280,12080,6.1229078440029495e-261,0,,223,100
2256,11285,12085,0.0,0,,223,100
2257,11288,12088,0.0,0,,223,100
2258,11293,12093,0.0,0,,222,100
2259,11296,12096,0.0,0,,223,100
2260,11302,12102,6.736026945403576e-283,0,,223,100
2261,11307,12107,1.2523595530176377e-291,0,,225,100
2262,11312,12112,3.4277029445483886e-205,0,,226,100
2263,11320,12120,0.0,0,,227,100
2264,11323,12123,3.4841216395165256e-277,0,,227,100
2265,11327,12127,0.0,0,,226,100
2266,11333,12133,0.0,0,,226,100
2267,11336,12136,0.0,0,,226,100
2268,11340,12140,0.0,0,,226,100
2269,11347,12147,1.0910162909401758e-191,0,,228,100
2270,11350,12150,2.7458556698389196e-161,0,,231,100
2271,11359,12159,1.195358809914861e-282,0,,232,100
2272,11364,12164,0.0,0,,233,100
2273,11368,12168,0.0,0,,233,100
2274,11375,12175,4.862668855340836e-128,0,,232,100
2275,11379,12179,5.829924378410761e-132,0,,230,100
2276,11383,12183,5.483990044852188e-89,0,,230,100
2277,11389,12189,3.008368438562764e-49,0,,230,100
2278,11392,12192,8.166880195805528e-38,0,,230,100
2279,11397,12197,7.070994165226905e-51,0,,230,100
2280,11405,12205,4.484921031493904e-41,0,,230,100
2281,11408,12208,1.0556855759892634e-48,0,,230,100
2282,11412,12212,4.745819256417309e-53,0,,230,100
2283,11423,12223,6.950378389342164e-21,0,,230,100
2284,11426,12226,1.4047134356936e-16,0,,230,100
2285,11430,12230,5.2161873340476316e-23,0,,231,100
2286,11436,12236,1.8800723132299204e-18,0,,230,100
2287,11440,12240,1.5941712533311888e-47,0,,231,100
2288,11443,12243,1.8728794059196325e-77,0,,230,100
2289,11447,12247,2.817461298357684e-80,0,,230,100
2290,11451,12251,1.0189566584579687e-84,0,,232,100
2291,11460,12260,5.967481348655796e-63,0,,235,100
2292,11464,12264,3.616584003025138e-56,0,,235,100
2293,11468,12268,3.4581023336210856e-74,0,,236,100
2294,11473,12273,7.0184965626860794e-71,0,,235,100
2295,11477,12277,1.3806339656603142e-58,0,,234,100
2296,11485,12285,7.775805187700355e-61,0,,235,100
2297,11490,12290,5.710219522336502e-68,0,,236,100
2298,11495,12295,6.95972552944633e-54,0,,235,100
2299,11499,12299,1.3963532948488444e-55,0,,236,100
2300,11502,12302,1.0716080081861256e-63,0,,235,100
2301,11506,12306,4.216356744630951e-60,0,,233,100
2302,11516,12316,4.475413110138129e-85,0,,231,100
2303,11520,12320,1.5709634962182356e-57,0,,230,100
2304,11524,12324,4.404060242126777e-77,0,,230,100
2305,11529,12329,8.05974474684596e-58,0,,231,100
2306,11534,12334,7.327865475916998e-54,0,,229,100
2307,11538,12338,8.209246411699892e-47,0,,229,100
2308,11541,12341,7.660750986531304e-56,0,,229,100
2309,11545,12345,3.436102333896152e-58,0,,230,100
2310,11554,12354,4.279948912606544e-74,0,,229,100
2311,11557,12357,1.81810440668663e-75,0,,229,100
2312,11561,12361,8.819205830739679e-78,0,,229,100
2313,11565,12365,1.3443739063793802e-100,0,,229,100
2314,11574,12374,7.527581489962383e-112,0,,232,100
2315,11578,12378,5.307161071799383e-111,0,,233,100
2316,11583,12383,1.894708224283408e-163,0,,232,100
2317,11587,12387,1.2067207724071411e-192,0,,233,100
2318,11592,12392,4.1907606880148534e-191,0,,234,100
2319,11599,12399,3.689284179754304e-195,0,,233,100
2320,11603,12403,1.4839647262597457e-163,0,,232,100
2321,11607,12407,2.837856074093665e-163,0,,233,100
2322,11619,12419,2.092883289821869e-136,0,,234,100
2323,11626,12426,4.729543522562571e-83,0,,231,100
2324,11630,12430,6.317090633889364e-63,0,,229,100
2325,11634,12434,3.859474927658764e-93,0,,228,100
2326,11638,12438,3.913126859456658e-108,0,,229,100
2327,11643,12443,8.029123555027592e-75,0,,228,100
2328,11648,12448,2.5433013169761227e-63,0,,228,100
2329,11653,12453,3.013822993656414e-74,0,,230,100
2330,11659,12459,1.5527726123666198e-66,0,,230,100
2331,11663,12463,1.046171381361758e-52,0,,230,100
2332,11667,12467,1.2584442887656823e-80,0,,231,100
2333,11672,12472,4.1572426954626557e-54,0,,230,100
2334,11679,12479,9.706335234934744e-74,0,,229,100
2335,11683,12483,2.3316543012321113e-69,0,,229,100
2336,11687,12487,3.8802483729778953e-66,0,,230,100
2337,11690,12490,4.221475657974009e-54,0,,229,100
2338,11694,12494,3.3581047634277783e-56,0,,228,100
2339,11706,12506,1.6856252006572253e-62,0,,231,100
2340,11714,12514,4.134926877241726e-80,0,,230,100
2341,11718,12518,3.654374945269993e-153,0,,231,100
2342,11721,12521,2.046243367617994e-164,0,,232,100
2343,11726,12526,2.360555354204588e-181,0,,232,100
2344,11732,12532,1.2158371125679389e-176,0,,230,100
2345,11738,12538,8.18033587569835e-76,0,,231,100
2346,11744,12544,4.980739928720998e-55,0,,231,100
2347,11749,12549,8.896216426532764e-64,0,,231,100
2348,11753,12553,1.5539584573973708e-71,0,,231,100
2349,11756,12556,2.2897477729877713e-48,0,,230,100
2350,11766,12566,9.174934668560972e-58,0,,229,100
2351,11770,12570,3.8251040508104777e-47,0,,228,100
2352,11773,12573,5.307604269411619e-75,0,,229,100
2353,11778,12578,7.171025844433041e-85,0,,228,100
2354,11784,12584,4.526613211354627e-62,0,,228,100
2355,11788,12588,4.336889162262094e-38,0,,228,100
2356,11794,12594,5.7556240485750835e-43,0,,232,100
2357,11798,12598,1.1176755617198308e-129,0,,233,100
2358,11804,12604,4.2362832868997006e-52,0,,234,100
2359,11807,12607,7.192086717005448e-49,0,,233,100
2360,11811,12611,4.790533653274565e-41,0,,233,100
2361,11817,12617,4.951659795489731e-74,0,,232,100
2362,11821,12621,8.058094027182293e-44,0,,232,100
2363,11826,12626,5.132387960701535e-43,0,,231,100
2364,11831,12631,9.286974026877795e-30,0,,230,100
2365,11837,12637,2.9753054464255945e-24,0,,231,100
2366,11840,12640,4.435011902863606e-21,0,,230,100
2367,11844,12644,1.0280588515349463e-21,0,,231,100
2368,11852,12652,2.9269529338497836e-25,0,,230,100
2369,11856,12656,3.5098564835779497e-22,0,,231,100
2370,11861,12661,4.7383743424024645e-77,0,,232,100
2371,11867,12667,2.511299398485189e-60,0,,232,100
2372,11872,12672,2.853120143908321e-42,0,,232,100
2373,11877,12677,2.645928204711035e-27,0,,232,100
2374,11883,12683,1.724842413243935e-63,0,,230,100
2375,11887,12687,3.846629775942422e-65,0,,228,100
2376,11891,12691,1.094930796076292e-62,0,,229,100
2377,11896,12696,1.094559027738905e-42,0,,229,100
2378,11903,12703,2.110254884717742e-61,0,,230,100
2379,11908,12708,2.241922467410369e-97,0,,231,100
2380,11913,12713,1.0139244001493661e-146,0,,230,100
2381,11917,12717,4.4312135203398135e-114,0,,231,100
2382,11926,12726,3.841571163749185e-117,0,,231,100
2383,11930,12730,1.7144091915137687e-141,0,,232,100
2384,11933,12733,8.397473147971396e-107,0,,232,100
2385,11938,12738,1.2854598028490677e-113,0,,232,100
2386,11941,12741,1.3647855858007721e-120,0,,233,100
2387,11947,12747,7.477585112106497e-78,0,,233,100
2388,11952,12752,3.336945565110494e-69,0,,231,100
2389,11957,12757,4.969213623388024e-128,0,,232,100
2390,11962,12762,2.7556129627508274e-204,0,,233,100
2391,11965,12765,1.8660604324129666e-195,0,,233,100
2392,11969,12769,2.67e-322,0,,232,100
2393,11976,12776,4.550084271198415e-94,0,,232,100
2394,11981,12781,2.7559527924758472e-124,0,,234,100
2395,11986,12786,1.0484046821484457e-90,0,,233,100
2396,11991,12791,2.932221549967568e-77,0,,232,100
2397,11994,12794,0.0,0,,232,100
2398,12002,12802,0.0,0,,235,100
2399,12007,12807,2.7047976508000574e-136,0,,234,100
2400,12011,12811,1.8008866898192351e-90,0,,234,100
2401,12020,12820,0.0,0,,233,100
2402,12024,12824,0.0,0,,235,100
2403,12029,12829,6.81691675891493e-258,0,,237,100
2404,12035,12835,1.1572326185101143e-190,0,,237,100
2405,12039,12839,9.884842679783648e-47,0,,235,100
2406,12043,12843,1.101539827333518e-87,0,,235,100
2407,12047,12847,3.089890965362444e-96,0,,236,100
2408,12052,12852,1.8339571206843783e-47,0,,235,100
2409,12057,12857,8.148646544379042e-65,0,,235,100
2410,12062,12862,1.0088039605134305e-76,0,,237,100
2411,12068,12868,7.134580369639835e-49,0,,235,100
2412,12074,12874,1.3963942385034907e-76,0,,234,100
2413,12077,12877,1.926622350180026e-69,0,,236,100
2414,12082,12882,1.9106214922710164e-128,0,,235,100
2415,12086,12886,1.608376862425684e-107,0,,235,100
2416,12095,12895,1.288941940405613e-78,0,,237,100
2417,12099,12899,1.4603120960518237e-73,0,,238,100
2418,12102,12902,1.756027221221265e-80,0,,237,100
2419,12108,12908,4.900418658185377e-177,0,,236,100
2420,12110,12910,1.6898376167551368e-83,0,,235,100
2421,12115,12915,4.696651041055597e-80,0,,236,100
2422,12120,12920,2.4020245265061268e-86,0,,235,100
2423,12123,12923,2.2359485196589208e-151,0,,235,100
2424,12125,12925,1.333465248894642e-130,0,,234,100
2425,12128,12928,6.84065146462287e-103,0,,234,100
2426,12138,12938,4.501246182018665e-93,0,,235,100
2427,12146,12946,2.1488681881653457e-119,0,,234,100
2428,12151,12951,4.7017751998843535e-117,0,,231,100
2429,12155,12955,4.759028498106089e-99,0,,231,100
2430,12158,12958,1.7292157146366688e-105,0,,231,100
2431,12164,12964,3.452042422010364e-290,0,,231,100
2432,12169,12969,1.3352818811614408e-297,0,,230,100
2433,12174,12974,7.833489731376667e-171,0,,231,100
2434,12179,12979,1.183850857909672e-257,0,,230,100
2435,12185,12985,2.296993350588389e-127,0,,229,100
2436,12189,12989,4.454794965781527e-142,0,,228,100
2437,12195,12995,2.5006514760384974e-176,0,,229,100
2438,12198,12998,3.0265588747546303e-136,0,,229,100
2439,12202,13002,5.272085471484121e-135,0,,228,100
2440,12212,13012,5.427330890567927e-150,0,,230,100
2441,12218,13018,1.6726117915540207e-184,0,,234,100
2442,12225,13025,3.767364506543838e-190,0,,233,100
2443,12230,13030,1.0159761028505758e-171,0,,233,100
2444,12233,13033,6.894313675359365e-199,0,,233,100
2445,12238,13038,4.480596585693228e-186,0,,232,100
2446,12242,13042,3.900503567763312e-187,0,,232,100
2447,12251,13051,2.4909313010235068e-98,0,,230,100
2448,12256,13056,2.5662020291777336e-71,0,,227,100
2449,12260,13060,8.22368444225818e-69,0,,227,100
2450,12264,13064,3.177142607187506e-62,0,,226,100
2451,12268,13068,2.3154690035898225e-64,0,,228,100
2452,12273,13073,1.9317267912380055e-71,0,,229,100
2453,12280,13080,1.256580767858904e-52,0,,229,100
2454,12285,13085,5.489566179757928e-62,0,,230,100
2455,12289,13089,2.7741123689394317e-59,0,,230,100
2456,12296,13096,1.0598717296504475e-49,0,,232,100
2457,12302,13102,1.358847452973332e-51,0,,233,100
2458,12307,13107,4.625419559063505e-70,0,,232,100
2459,12314,13114,3.542693529894214e-65,0,,234,100
2460,12318,13118,4.789699700999968e-81,0,,234,100
2461,12324,13124,4.550168832204705e-87,0,,238,100
2462,12327,13127,3.222752018251797e-90,0,,238,100
2463,12335,13135,6.332865973557877e-110,0,,238,100
2464,12339,13139,3.102764797929695e-88,0,,238,100
2465,12349,13149,8.339187220495313e-125,0,,239,100
2466,12355,13155,2.2708392619273153e-91,0,,240,100
2467,12360,13160,1.64847149737369e-88,0,,239,100
2468,12364,13164,4.415522625040448e-121,0,,238,100
2469,12370,13170,1.9241044154362027e-90,0,,238,100
2470,12375,13175,6.051445894785119e-102,0,,235,100
2471,12380,13180,2.427486155919638e-78,0,,236,100
2472,12385,13185,4.331369114268913e-79,0,,235,100
2473,12393,13193,1.4807923910344176e-53,0,,236,100
2474,12397,13197,1.0640403309456826e-53,0,,236,100
2475,12405,13205,1.1586704534846129e-60,0,,237,100
2476,12408,13208,1.562287670590245e-64,0,,236,100
2477,12414,13214,4.574465667446511e-65,0,,237,100
2478,12418,13218,2.1669648168065384e-59,0,,236,100
2479,12429,13229,2.1175698168823873e-60,0,,237,100
2480,12435,13235,3.3738388651668816e-73,0,,237,100
2481,12440,13240,2.3697849142271842e-67,0,,239,100
2482,12445,13245,4.213818714979397e-50,0,,238,100
2483,12449,13249,6.728658367685519e-73,0,,237,100
2484,12459,13259,3.09756350577779e-73,0,,236,100
2485,12461,13261,1.451111139816992e-71,0,,238,100
2486,12470,13270,6.871481462382135e-77,0,,238,100
2487,12474,13274,2.5325003900638196e-77,0,,241,100
2488,12476,13276,1.3509602125041874e-76,0,,242,100
2489,12485,13285,3.5774539626782206e-55,0,,243,100
2490,12491,13291,1.7629292148327722e-55,0,,244,100
2491,12496,13296,1.1356812703639968e-68,0,,243,100
2492,12499,13299,1.1068480975413153e-89,0,,243,100
2493,12502,13302,5.8371170238830275e-86,0,,243,100
2494,12506,13306,4.350410631520992e-84,0,,243,100
2495,12514,13314,1.5483910461708908e-66,0,,242,100
2496,12519,13319,3.1538497409994664e-44,0,,240,100
2497,12523,13323,1.3988263437559276e-46,0,,242,100
2498,12528,13328,2.7172912101022574e-136,0,,242,100
2499,12533,13333,2.1149292474009176e-69,0,,244,100
2500,12538,13338,1.4594172019908797e-118,0,,245,100
2501,12542,13342,1.1376598481189353e-68,0,,247,100
2502,12548,13348,9.737229950881504e-99,0,,246,100
2503,12551,13351,1.585870495501042e-93,0,,247,100
2504,12562,13362,4.139367009770029e-59,0,,249,100
2505,12565,13365,1.205833107456012e-104,0,,249,100
2506,12573,13373,1.070765966736589e-57,0,,250,100
2507,12578,13378,3.812145705685215e-74,0,,251,100
2508,12580,13380,1.6002197394808607e-67,0,,250,100
2509,12584,13384,3.202500265417682e-51,0,,250,100
2510,12591,13391,9.833800359194364e-97,0,,250,100
2511,12596,13396,5.284116273945757e-86,0,,251,100
2512,12604,13404,8.58725484756493e-88,0,,251,100
2513,12609,13409,1.0905709149459251e-75,0,,253,100
2514,12614,13414,4.793105882555077e-98,0,,253,100
2515,12621,13421,1.0707206831645889e-77,0,,252,100
2516,12624,13424,6.20970785207335e-98,0,,252,100
2517,12628,13428,4.1988368461912336e-92,0,,252,100
2518,12633,13433,2.6360199839823033e-103,0,,253,100
2519,12637,13437,3.7185847852280592e-112,0,,253,100
2520,12642,13442,1.6147006406197256e-64,0,,253,100
2521,12646,13446,1.5207064650542246e-40,0,,253,100
2522,12651,13451,6.826606430128792e-33,0,,253,100
2523,12654,13454,4.408655205722671e-31,0,,253,100
2524,12658,13458,4.602163217591982e-30,0,,252,100
2525,12665,13465,6.936382442665969e-29,0,,254,100
2526,12669,13469,2.2052652991276868e-27,0,,254,100
2527,12674,13474,1.0728740998866786e-57,0,,254,100
2528,12678,13478,4.798397466903252e-47,0,,254,100
2529,12683,13483,1.4724817570979344e-49,0,,255,100
2530,12689,13489,2.291794954612867e-50,0,,255,100
2531,12691,13491,4.9499351385084707e-45,0,,255,100
2532,12694,13494,2.1946865142833528e-39,0,,254,100
2533,12699,13499,2.729104029580622e-41,0,,257,100
2534,12703,13503,8.364503511508682e-44,0,,260,100
2535,12705,13505,3.2551677314810775e-49,0,,259,100
2536,12711,13511,4.093023198154861e-39,0,,260,100
2537,12714,13514,4.16002479750898e-42,0,,260,100
2538,12716,13516,2.975200734235055e-42,0,,260,100
2539,12725,13525,2.917763306314763e-45,0,,261,100
2540,12729,13529,5.093958348288955e-50,0,,260,100
2541,12731,13531,2.8483309209206017e-51,0,,260,100
2542,12740,13540,2.2664834311622774e-53,0,,259,100
2543,12743,13543,3.216953311378491e-57,0,,258,100
2544,12747,13547,3.940620605399185e-60,0,,258,100
2545,12754,13554,1.1859365814976027e-63,0,,258,100
2546,12758,13558,1.2388435248992294e-61,0,,257,100
2547,12761,13561,2.842199578310393e-61,0,,257,100
2548,12767,13567,4.7477449191302335e-61,0,,257,100
2549,12772,13572,1.802837740974745e-52,0,,259,100
2550,12775,13575,6.397330778828874e-51,0,,259,100
2551,12781,13581,1.860164719060701e-59,0,,259,100
2552,12786,13586,2.800660043864579e-53,0,,259,100
2553,12792,13592,4.671307632185518e-60,0,,259,100
2554,12796,13596,1.915703727605359e-65,0,,258,100
2555,12801,13601,4.822488163698091e-66,0,,262,100
2556,12809,13609,8.88914195483759e-106,0,,263,100
2557,12812,13612,3.0286677920841292e-108,0,,263,100
2558,12818,13618,1.5137491064687054e-106,0,,262,100
2559,12823,13623,5.928004358028687e-76,0,,262,100
2560,12828,13628,1.479925461893881e-44,0,,259,100
2561,12833,13633,2.117516247423559e-43,0,,256,100
2562,12837,13637,1.4464904932766751e-77,0,,258,100
2563,12841,13641,2.9870805796032464e-74,0,,259,100
2564,12846,13646,4.958365866993834e-70,0,,258,100
2565,12851,13651,1.848392032059467e-78,0,,258,100
2566,12856,13656,9.405759368106274e-33,0,,258,100
2567,12861,13661,2.2386118074208614e-32,0,,257,100
2568,12871,13671,4.6938446287667615e-19,0,,260,100
2569,12881,13681,3.2066755777488356e-80,0,,259,100
2570,12889,13689,1.1890629789626228e-35,0,,258,100
2571,12895,13695,2.652628235882647e-18,0,,255,100
2572,12905,13705,1.1544533336960617e-21,0,,260,100
2573,12911,13711,2.400136714357668e-159,0,,261,100
2574,12914,13714,1.7158040787524467e-172,0,,262,100
2575,12920,13720,5.107790439604759e-22,0,,263,100
2576,12923,13723,6.935250077298758e-278,0,,262,100
2577,12927,13727,7.780514858135548e-211,0,,262,100
2578,12938,13738,3.409910334496009e-43,0,,262,100
2579,12942,13742,3.9193638063518735e-42,0,,263,100
2580,12946,13746,7.149581256143168e-93,0,,264,100
2581,12951,13751,3.6777924002302754e-63,0,,262,100
2582,12955,13755,3.6600844917719286e-106,0,,263,100
2583,12957,13757,1.2911355812214728e-222,0,,263,100
2584,12962,13762,2.494209078330698e-48,0,,261,100
2585,12967,13767,2.0978163909040058e-41,0,,263,100
2586,12973,13773,7.517927094236177e-150,0,,263,100
2587,12978,13778,3.404957043278576e-140,0,,263,100
2588,12982,13782,3.204947494698861e-132,0,,263,100
2589,12990,13790,2.135326325182722e-122,0,,263,100
2590,12994,13794,3.925921837249541e-102,0,,264,100
2591,13001,13801,7.415311897246136e-102,0,,265,100
2592,13006,13806,3.871738675404838e-125,0,,264,100
2593,13012,13812,1.2690047646415655e-117,0,,262,100
2594,13017,13817,8.035786282908093e-75,0,,260,100
2595,13021,13821,2.1950730792127236e-73,0,,261,100
2596,13026,13826,2.388880432974648e-73,0,,260,100
2597,13031,13831,3.017819390236706e-82,0,,262,100
2598,13035,13835,2.175928771847888e-81,0,,265,100
2599,13040,13840,1.6777055861473677e-73,0,,267,100
2600,13044,13844,2.2008370423610065e-76,0,,268,100
2601,13053,13853,2.0355614579812524e-74,0,,269,100
2602,13056,13856,1.4249007298392879e-74,0,,269,100
2603,13060,13860,1.9662880132620413e-72,0,,270,100
2604,13066,13866,3.109733132771436e-63,0,,269,100
2605,13070,13870,1.5108184995868448e-28,0,,269,100
2606,13076,13876,0.0,0,,269,100
2607,13079,13879,0.0,0,,269,100
2608,13083,13883,5.31498753047358e-141,0,,268,100
2609,13088,13888,1.4927302699311785e-161,0,,270,100
2610,13091,13891,7.47641577617178e-172,0,,269,100
2611,13096,13896,1.0350819310996591e-125,0,,268,100
2612,13099,13899,3.321269132662488e-126,0,,267,100
2613,13103,13903,1.089577506118091e-108,0,,269,100
2614,13108,13908,6.021711808123388e-115,0,,270,100
2615,13111,13911,3.254046843028722e-123,0,,270,100
2616,13118,13918,1.3793382723372868e-256,0,,267,100
2617,13123,13923,1.7980788889679837e-140,0,,266,100
2618,13127,13927,4.4923337990380075e-107,0,,267,100
2619,13132,13932,7.318703362203581e-55,0,,268,100
2620,13137,13937,3.958606532700994e-279,0,,267,100
2621,13141,13941,2.490393115848055e-125,0,,267,100
2622,13147,13947,2.163304853283926e-75,0,,267,100
2623,13151,13951,8.9636841258382e-65,0,,267,100
2624,13155,13955,9.763196164199548e-67,0,,269,100
2625,13166,13966,8.957726071548212e-60,0,,268,100
2626,13170,13970,7.668828380367888e-59,0,,268,100
2627,13175,13975,3.4002302168623115e-76,0,,270,100
2628,13182,13982,2.433052403261639e-103,0,,268,100
2629,13186,13986,2.5209736424387358e-58,0,,269,100
2630,13189,13989,1.1934027112666936e-74,0,,268,100
2631,13197,13997,4.780966677726367e-83,0,,268,100
2632,13199,13999,1.4310949352318824e-72,0,,267,100
2633,13205,14005,5.3952877571767806e-71,0,,267,100
2634,13209,14009,8.644620120531935e-60,0,,267,100
2635,13216,14016,6.576688548408751e-68,0,,271,100
2636,13220,14020,1.0107029494904003e-58,0,,273,100
2637,13225,14025,1.6405429137261828e-72,0,,274,100
2638,13228,14028,2.92933540526538e-99,0,,273,100
2639,13232,14032,7.32409433553986e-75,0,,272,100
2640,13238,14038,1.651208265725103e-69,0,,272,100
2641,13244,14044,5.485266042057135e-39,0,,273,100
2642,13248,14048,2.0006928478701158e-29,0,,273,100
2643,13253,14053,3.9896703817757445e-21,0,,272,100
2644,13256,14056,1.4478299288755456e-20,0,,273,100
2645,13260,14060,3.325980445878042e-42,0,,271,100
2646,13265,14065,6.554112562956017e-27,0,,271,100
2647,13273,14073,2.1864291105242322e-158,0,,268,100
2648,13278,14078,1.7324222444779112e-45,0,,265,100
2649,13282,14082,1.2144718419960253e-59,0,,266,100
2650,13287,14087,1.8628259312411178e-58,0,,266,100
2651,13293,14093,1.6197490408561008e-66,0,,268,100
2652,13297,14097,1.2071397885061554e-57,0,,271,100
2653,13302,14102,1.7011163798924112e-73,0,,271,100
2654,13308,14108,4.771181268108546e-103,0,,269,100
2655,13312,14112,8.448580198188239e-91,0,,269,100
2656,13317,14117,1.0802281412841292e-84,0,,268,100
2657,13323,14123,4.2028851788030424e-142,0,,268,100
2658,13333,14133,6.075956173339266e-116,0,,265,100
2659,13337,14137,2.5132309689572567e-130,0,,264,100
2660,13346,14146,3.2342692006259554e-139,0,,263,100
2661,13352,14152,6.149947364578147e-75,0,,264,100
2662,13363,14163,1.1866879095542152e-56,0,,262,100
2663,13367,14167,1.6196913634774252e-71,0,,263,100
2664,13377,14177,1.5794478345235325e-23,0,,262,100
2665,13383,14183,2.2574994968778266e-22,0,,262,100
2666,13392,14192,2.0028589446726725e-25,0,,259,100
2667,13397,14197,2.2140484909993727e-51,0,,256,100
2668,13401,14201,1.0586224342048058e-47,0,,256,100
2669,13408,14208,1.0005772690183301e-50,0,,254,100
2670,13413,14213,2.416318677011628e-54,0,,254,100
2671,13418,14218,2.1043696200427765e-64,0,,253,100
2672,13422,14222,2.1963284575346008e-66,0,,252,100
2673,13426,14226,9.028431749186783e-64,0,,252,100
2674,13433,14233,4.481357105511454e-71,0,,252,100
2675,13437,14237,1.8360848050570754e-58,0,,252,100
2676,13442,14242,4.6609417729092375e-94,0,,253,100
2677,13445,14245,5.375706270199907e-103,0,,253,100
2678,13449,14249,9.005633771687325e-94,0,,252,100
2679,13453,14253,2.8348693949917294e-107,0,,252,100
2680,13457,14257,3.2903932911326903e-130,0,,254,100
2681,13463,14263,2.137265996912172e-107,0,,255,100
2682,13467,14267,2.0260924157600224e-104,0,,255,100
2683,13471,14271,5.799573332942358e-100,0,,255,100
2684,13476,14276,4.073525024535038e-107,0,,256,100
2685,13479,14279,2.698215466807911e-110,0,,256,100
2686,13483,14283,3.341607351634354e-92,0,,256,100
2687,13489,14289,1.7581486391373665e-96,0,,256,100
2688,13498,14298,1.6993788717438916e-101,0,,252,100
2689,13503,14303,1.0164483953582774e-125,0,,249,100
2690,13507,14307,1.5082876317484794e-57,0,,249,100
2691,13512,14312,9.67872275430687e-154,0,,249,100
2692,13517,14317,2.145427160607758e-81,0,,250,100
2693,13524,14324,1.174316708415623e-95,0,,248,100
2694,13527,14327,9.752444270714161e-136,0,,248,100
2695,13531,14331,5.330599939873657e-274,0,,248,100
2696,13535,14335,7.021177884530314e-122,0,,249,100
2697,13542,14342,8.064371603302696e-113,0,,250,100
2698,13545,14345,2.447478123207334e-104,0,,250,100
2699,13550,14350,6.417903451268867e-102,0,,250,100
2700,13553,14353,7.644177674031173e-116,0,,250,100
2701,13559,14359,3.396667264994237e-111,0,,250,100
2702,13562,14362,1.1366545863513974e-119,0,,251,100
2703,13569,14369,2.3345432151459454e-116,0,,248,100
2704,13573,14373,3.1718607983357077e-246,0,,248,100
2705,13576,14376,5.063912847394519e-234,0,,248,100
2706,13581,14381,3.0851010613251947e-242,0,,248,100
2707,13584,14384,2.097296053798336e-258,0,,248,100
2708,13589,14389,1.2175671296192286e-262,0,,251,100
2709,13598,14398,5.511510813152345e-225,0,,251,100
2710,13603,14403,2.6387529899862628e-179,0,,248,100
2711,13607,14407,1.2873086698241852e-158,0,,248,100
2712,13611,14411,9.641103935452916e-199,0,,248,100
2713,13621,14421,4.710470573013647e-187,0,,248,100
2714,13626,14426,9.125003280799687e-147,0,,248,100
2715,13630,14430,8.543943402693142e-202,0,,248,100
2716,13637,14437,5.4063633302868735e-224,0,,246,100
2717,13640,14440,1.4822041448878173e-280,0,,246,100
2718,13644,14444,8.128671094355767e-216,0,,246,100
2719,13648,14448,2.8114172605235975e-120,0,,246,100
2720,13655,14455,1.489478012409651e-89,0,,247,100
2721,13658,14458,2.9124971517126176e-97,0,,247,100
2722,13662,14462,3.593319740838061e-207,0,,248,100
2723,13667,14467,7.715302087235881e-266,0,,246,100
2724,13670,14470,1.616990676679255e-239,0,,246,100
2725,13677,14477,2.9426244439291027e-186,0,,247,100
2726,13681,14481,2.3334999501852874e-180,0,,248,100
2727,13686,14486,5.589316795286977e-106,0,,246,100
2728,13690,14490,1.2267066800079596e-133,0,,247,100
2729,13698,14498,1.2402528487642351e-107,0,,244,100
2730,13703,14503,2.619906218284934e-79,0,,242,100
2731,13707,14507,1.928121798469449e-74,0,,243,100
2732,13715,14515,4.98578682046728e-56,0,,243,100
2733,13719,14519,8.844722067574798e-57,0,,243,100
2734,13724,14524,1.6206277247185834e-61,0,,244,100
2735,13729,14529,4.656451941677482e-65,0,,245,100
2736,13740,14540,1.3666695512833418e-63,0,,242,100
2737,13743,14543,8.854284166588427e-66,0,,243,100
2738,13754,14554,1.5181586383964866e-75,0,,244,100
2739,13757,14557,4.104716756602995e-73,0,,242,100
2740,13763,14563,6.511371771611649e-108,0,,242,100
2741,13773,14573,6.973041342665554e-81,0,,241,100
2742,13776,14576,7.624723278674799e-70,0,,241,100
2743,13782,14582,1.9553764145633763e-117,0,,240,100
2744,13786,14586,3.4360176676175783e-112,0,,240,100
2745,13792,14592,8.088552196082552e-107,0,,240,100
2746,13796,14596,1.4052672073067254e-111,0,,240,100
2747,13800,14600,6.610837486204329e-107,0,,242,100
2748,13807,14607,8.65497335378597e-101,0,,242,100
2749,13810,14610,1.7581743437481002e-99,0,,242,100
2750,13820,14620,1.1522251636244445e-83,0,,241,100
2751,13824,14624,3.517036089290961e-81,0,,240,100
2752,13833,14633,5.1996199649182736e-92,0,,240,100
2753,13838,14638,7.343594757909522e-122,0,,237,100
2754,13842,14642,6.710215066465725e-148,0,,237,100
2755,13849,14649,4.886357131904875e-148,0,,236,100
2756,13854,14654,4.45656613955673e-232,0,,237,100
2757,13859,14659,2.4136022682234853e-264,0,,235,100
2758,13863,14663,4.1525173058263956e-206,0,,235,100
2759,13870,14670,2.0782129326917857e-161,0,,234,100
2760,13875,14675,3.6158225055892987e-224,0,,234,100
2761,13879,14679,2.1267917358491547e-198,0,,234,100
2762,13887,14687,6.279215649294247e-212,0,,233,100
2763,13892,14692,4.7949909683485125e-232,0,,233,100
2764,13895,14695,6.814773234322378e-182,0,,233,100
2765,13902,14702,3.3797622210521414e-153,0,,233,100
2766,13905,14705,6.327398514106274e-147,0,,232,100
2767,13911,14711,5.267308131541836e-167,0,,233,100
2768,13914,14714,1.451979971178801e-143,0,,232,100
2769,13922,14722,2.5009133281439104e-107,0,,230,100
2770,13930,14730,8.951838405871278e-106,0,,228,100
2771,13935,14735,2.776770394333092e-120,0,,229,100
2772,13938,14738,1.923552749257668e-116,0,,229,100
2773,13946,14746,1.7412344079427137e-112,0,,228,100
2774,13950,14750,3.35434534039686e-126,0,,228,100
2775,13952,14752,3.236638134917016e-149,0,,228,100
2776,13957,14757,2.4318752894972307e-140,0,,229,100
2777,13963,14763,4.807257007402418e-145,0,,232,100
2778,13965,14765,6.458406482480092e-145,0,,231,100
2779,13969,14769,1.9611075600977862e-100,0,,232,100
2780,13972,14772,2.328207058345044e-126,0,,231,100
2781,13975,14775,1.2331748199568696e-122,0,,231,100
2782,13985,14785,1.3821344750793416e-296,0,,230,100
2783,13989,14789,5.750056287062063e-244,0,,230,100
2784,13991,14791,3.397849610856643e-152,0,,229,100
2785,13997,14797,5.382954628549463e-136,0,,230,100
2786,14001,14801,2.383077352596389e-79,0,,230,100
2787,14004,14804,1.8231913061668663e-52,0,,230,100
2788,14007,14807,4.487539245717162e-79,0,,230,100
2789,14014,14814,3.3501146494852872e-68,0,,227,100
2790,14019,14819,2.3194441031677492e-88,0,,225,100
2791,14022,14822,2.897026781533003e-89,0,,225,100
2792,14027,14827,5.250316944287743e-165,0,,225,100
2793,14033,14833,2.1765994463368944e-73,0,,223,100
2794,14036,14836,8.593123086999769e-217,0,,224,100
2795,14044,14844,7.235899849406147e-210,0,,225,100
2796,14055,14855,7.466797728503984e-201,0,,226,100
2797,14061,14861,1.3201948779231957e-189,0,,226,100
2798,14068,14868,2.3407848455878465e-173,0,,225,100
2799,14076,14876,1.7226503255942417e-134,0,,227,100
2800,14080,14880,2.637561527443459e-286,0,,226,100
2801,14092,14892,7.822653226184762e-169,0,,224,100
2802,14097,14897,1.822928915307815e-67,0,,221,100
2803,14101,14901,9.999873862313867e-98,0,,221,100
2804,14106,14906,1.8765284619468096e-96,0,,222,100
2805,14111,14911,2.1547075483904943e-141,0,,222,100
2806,14115,14915,1.0913547061991553e-161,0,,221,100
2807,14120,14920,5.8668912835101756e-145,0,,222,100
2808,14127,14927,3.3473757312846626e-135,0,,220,100
2809,14131,14931,1.0048007120930867e-158,0,,220,100
2810,14135,14935,3.2857351333093345e-182,0,,220,100
2811,14140,14940,4.222593396374459e-132,0,,219,100
2812,14142,14942,3.983211470454963e-165,0,,220,100
2813,14147,14947,3.6509380238528266e-179,0,,219,100
2814,14151,14951,8.586476867309124e-51,0,,219,100
2815,14158,14958,3.5123904461260056e-75,0,,223,100
2816,14162,14962,2.21930954432361e-67,0,,223,100
2817,14167,14967,1.83458182217643e-87,0,,224,100
2818,14173,14973,1.5238038162103176e-67,0,,222,100
2819,14177,14977,3.9473445414485074e-88,0,,222,100
2820,14182,14982,1.9892463045862258e-83,0,,222,100
2821,14187,14987,5.082901333159643e-71,0,,221,100
2822,14192,14992,2.509996762934852e-59,0,,221,100
2823,14197,14997,1.6655040957012089e-96,0,,220,100
2824,14207,15007,1.928740491810248e-74,0,,222,100
2825,14210,15010,1.1006089506158332e-46,0,,222,100
2826,14218,15018,2.123051293452658e-74,0,,225,100
2827,14223,15023,1.800770247404918e-72,0,,228,100
2828,14231,15031,2.1960589878816457e-113,0,,230,100
2829,14234,15034,1.2169476211650253e-105,0,,230,100
2830,14240,15040,4.0109551546846886e-72,0,,229,100
2831,14245,15045,1.03976064016134e-179,0,,229,100
2832,14250,15050,1.7791156658132923e-169,0,,230,100
2833,14257,15057,3.793983247987288e-132,0,,228,100
2834,14262,15062,1.3752139214317948e-72,0,,224,100
2835,14266,15066,6.388341609107694e-157,0,,224,100
2836,14269,15069,2.825670484137946e-156,0,,226,100
2837,14275,15075,1.954408406176667e-115,0,,223,100
2838,14278,15078,1.1776723849903091e-127,0,,223,100
2839,14282,15082,4.8846051799609974e-167,0,,222,100
2840,14287,15087,3.245128377590867e-185,0,,222,100
2841,14293,15093,9.125238152957416e-97,0,,224,100
2842,14297,15097,1.8089329006860055e-132,0,,224,100
2843,14302,15102,2.049077677067173e-117,0,,224,100
2844,14304,15104,3.1562810802733385e-124,0,,224,100
2845,14309,15109,9.73876680025148e-100,0,,223,100
2846,14313,15113,2.135609642317277e-144,0,,223,100
2847,14316,15116,3.8634690834472637e-181,0,,221,100
2848,14323,15123,2.624291700147322e-119,0,,226,100
2849,14327,15127,5.815393644911473e-99,0,,225,100
2850,14332,15132,1.5889942849199375e-156,0,,225,100
2851,14338,15138,1.501904552317493e-139,0,,223,100
2852,14343,15143,1.6055059018347314e-128,0,,225,100
2853,14349,15149,1.5900442025941554e-196,0,,224,100
2854,14353,15153,1.5596838384535926e-174,0,,224,100
2855,14356,15156,4.3495995112653777e-166,0,,223,100
2856,14361,15161,1.4373560061649858e-231,0,,225,100
2857,14366,15166,2.0482762975449433e-174,0,,225,100
2858,14370,15170,2.5340162235417948e-186,0,,225,100
2859,14375,15175,6.3725922839154695e-214,0,,224,100
2860,14378,15178,1.0577345191629623e-209,0,,224,100
2861,14382,15182,1.2705696525368036e-248,0,,225,100
2862,14389,15189,3.555358428152496e-190,0,,222,100
2863,14393,15193,1.9658516515494617e-184,0,,220,100
2864,14398,15198,7.213228596738727e-169,0,,223,100
2865,14401,15201,8.385875444096576e-94,0,,225,100
2866,14405,15205,3.847556034810978e-140,0,,225,100
2867,14410,15210,1.0576671629562017e-142,0,,226,100
2868,14413,15213,4.0205223741504276e-139,0,,225,100
2869,14417,15217,1.235660563100213e-136,0,,226,100
2870,14429,15229,3.1880440787456924e-81,0,,226,100
2871,14432,15232,4.5099442107991766e-77,0,,226,100
2872,14438,15238,3.6283524730036835e-52,0,,226,100
2873,14441,15241,4.0047895063619624e-108,0,,226,100
2874,14445,15245,4.764680218124323e-64,0,,226,100
2875,14449,15249,1.9962910335594713e-72,0,,228,100
2876,14454,15254,1.7547100066732905e-89,0,,231,100
2877,14458,15258,7.717334190357564e-123,0,,230,100
2878,14466,15266,1.6182888652441158e-154,0,,231,100
2879,14471,15271,6.903236289124229e-122,0,,231,100
2880,14474,15274,1.5907658948250311e-136,0,,231,100
2881,14478,15278,6.657596556723451e-122,0,,233,100
2882,14487,15287,7.11040384982976e-165,0,,232,100
2883,14490,15290,7.687763677343178e-147,0,,233,100
2884,14494,15294,4.645284120843604e-151,0,,233,100
2885,14499,15299,4.67478080668963e-116,0,,232,100
2886,14502,15302,1.5886974417121574e-125,0,,233,100
2887,14507,15307,3.5177047187606215e-117,0,,229,100
2888,14511,15311,6.560764823794564e-60,0,,227,100
2889,14516,15316,1.8036396039044992e-82,0,,227,100
2890,14520,15320,2.501708121322719e-63,0,,226,100
2891,14527,15327,1.1832435146920387e-69,0,,227,100
2892,14535,15335,1.0404520828777709e-82,0,,228,100
2893,14538,15338,2.7485632506530492e-80,0,,228,100
2894,14544,15344,2.334610530311516e-61,0,,228,100
2895,14548,15348,1.918813274036923e-81,0,,230,100
2896,14556,15356,3.583063135109068e-77,0,,231,100
2897,14562,15362,9.882904432021287e-98,0,,232,100
2898,14566,15366,3.0271544493384607e-85,0,,232,100
2899,14573,15373,1.9855118376931623e-83,0,,232,100
2900,14579,15379,1.395513770635352e-82,0,,233,100
2901,14584,15384,4.4075979401559387e-63,0,,234,100
2902,14590,15390,2.2984380541175854e-64,0,,233,100
2903,14593,15393,7.391527014381628e-79,0,,233,100
2904,14597,15397,1.7083735150541755e-245,0,,232,100
2905,14601,15401,1.0572920392113403e-308,0,,231,100
2906,14606,15406,9.859528232616631e-94,0,,232,100
2907,14611,15411,0.0,0,,232,100
2908,14616,15416,5.438495231691496e-171,0,,232,100
2909,14626,15426,1.1215095867228955e-166,0,,231,100
2910,14630,15430,4.636484546362497e-50,0,,230,100
2911,14634,15434,2.5008359099521236e-58,0,,233,100
2912,14639,15439,2.790162775717673e-59,0,,235,100
2913,14645,15445,3.893748568178101e-62,0,,235,100
2914,14648,15448,6.985056063750728e-65,0,,236,100
2915,14656,15456,8.69109859167376e-90,0,,236,100
2916,14660,15460,1.0829501117979787e-46,0,,235,100
2917,14667,15467,5.080300272353504e-23,0,,235,100
2918,14674,15474,6.68468236222866e-54,0,,234,100
2919,14678,15478,1.0113159618216178e-45,0,,235,100
2920,14684,15484,2.4225815063965717e-52,0,,235,100
2921,14686,15486,8.162716699189443e-114,0,,235,100
2922,14690,15490,1.685032275011941e-92,0,,237,100
2923,14693,15493,8.239229168707913e-57,0,,239,100
2924,14697,15497,2.6205665481725773e-165,0,,238,100
2925,14701,15501,3.829004830361961e-56,0,,242,100
2926,14711,15511,3.104958219777949e-80,0,,241,100
2927,14715,15515,8.016783677759685e-86,0,,241,100
2928,14721,15521,2.4566143980612674e-95,0,,241,100
2929,14725,15525,1.1361826643038151e-121,0,,241,100
2930,14732,15532,6.739212827629397e-127,0,,241,100
2931,14736,15536,5.089469367135238e-136,0,,242,100
2932,14743,15543,5.899251480295291e-133,0,,243,100
2933,14747,15547,1.2359221470972267e-107,0,,243,100
2934,14752,15552,1.0310399646482324e-81,0,,243,100
2935,14758,15558,1.8404513330391603e-94,0,,240,100
2936,14762,15562,5.6409542662186374e-92,0,,238,100
2937,14766,15566,7.524122793967444e-49,0,,236,100
2938,14770,15570,9.34395173406432e-63,0,,238,100
2939,14775,15575,3.4194422210990115e-58,0,,238,100
2940,14778,15578,5.4434492940747916e-52,0,,239,100
2941,14783,15583,2.2898984178482307e-36,0,,239,100
2942,14789,15589,1.3169892107976932e-40,0,,239,100
2943,14792,15592,5.618522915570239e-40,0,,239,100
2944,14796,15596,2.757594784656777e-186,0,,237,100
2945,14805,15605,7.286587872381457e-143,0,,242,100
2946,14810,15610,1.0019441048653765e-58,0,,241,100
2947,14815,15615,3.559161230621911e-47,0,,242,100
2948,14821,15621,1.4274835923634008e-56,0,,243,100
2949,14829,15629,6.606588062094989e-57,0,,243,100
2950,14836,15636,5.976350605166103e-82,0,,243,100
2951,14840,15640,6.088266789825824e-66,0,,244,100
2952,14843,15643,5.667376981851369e-61,0,,243,100
2953,14849,15649,2.462010282890136e-45,0,,242,100
2954,14854,15654,7.987323829597887e-39,0,,242,100
2955,14858,15658,1.0858454305908236e-20,0,,243,100
2956,14869,15669,2.557823101364003e-266,0,,242,100
2957,14873,15673,5.390425867887446e-222,0,,240,100
2958,14877,15677,2.659181522216662e-47,0,,242,100
2959,14881,15681,6.828698076446241e-155,0,,245,100
2960,14885,15685,6.459046268505445e-77,0,,245,100
2961,14890,15690,2.8576567640879696e-59,0,,246,100
2962,14895,15695,9.971982617739239e-198,0,,247,100
2963,14900,15700,1.0262004317684722e-77,0,,248,100
2964,14906,15706,7.712511441697109e-77,0,,246,100
2965,14911,15711,8.242085250263918e-212,0,,247,100
2966,14916,15716,6.144389932079353e-221,0,,248,100
2967,14924,15724,1.0177023218388958e-96,0,,247,100
2968,14928,15728,1.700301935193059e-86,0,,248,100
2969,14935,15735,1.8632717310686733e-90,0,,249,100
2970,14942,15742,9.61466351201544e-78,0,,249,100
2971,14946,15746,8.321638540469977e-93,0,,252,100
2972,14949,15749,2.962329839210114e-91,0,,254,100
2973,14956,15756,1.1231484309391801e-69,0,,251,100
2974,14960,15760,2.709145346431878e-85,0,,250,100
2975,14964,15764,9.3900635285114e-58,0,,251,100
2976,14969,15769,6.683975130086973e-68,0,,251,100
2977,14975,15775,1.041681048828682e-79,0,,250,100
2978,14978,15778,4.4180598058755395e-82,0,,251,100
2979,14986,15786,2.256526083182226e-55,0,,251,100
2980,14990,15790,1.1484490943766842e-71,0,,251,100
2981,14995,15795,2.6472692998057505e-73,0,,251,100
2982,15002,15802,2.276204928788299e-75,0,,249,100
2983,15006,15806,8.54681354396623e-74,0,,249,100
2984,15012,15812,4.111316359493761e-128,0,,249,100
2985,15018,15818,1.266432668203112e-66,0,,246,100
2986,15022,15822,2.400960891563452e-97,0,,245,100
2987,15026,15826,3.281999487884989e-30,0,,244,100
2988,15031,15831,1.191459776835844e-10,0,,245,100
2989,15037,15837,4.4530579102606244e-67,0,,244,100
2990,15043,15843,4.5007456850394854e-210,0,,245,100
2991,15046,15846,3.353240164335443e-67,0,,244,100
2992,15052,15852,1.2035161446031035e-38,0,,244,100
2993,15057,15857,4.928987809029527e-105,0,,246,100
2994,15063,15863,5.123178705920241e-128,0,,247,100
2995,15071,15871,3.075515101884195e-112,0,,247,100
2996,15075,15875,4.8923592750586076e-217,0,,247,100
2997,15081,15881,2.7502051458507825e-84,0,,249,100
2998,15088,15888,2.4507517810413614e-69,0,,250,100
2999,15092,15892,1.323986817922084e-80,0,,249,100
3000,15098,15898,1.0659633492370405e-69,0,,248,100
3001,15103,15903,1.6018780031426131e-27,0,,249,100
3002,15107,15907,7.543396275646077e-79,0,,248,100
3003,15118,15918,8.580128853843383e-207,0,,246,100
3004,15122,15922,2.511390123719922e-202,0,,244,100
3005,15126,15926,5.06638652066217e-251,0,,243,100
3006,15130,15930,2.8856145090460743e-213,0,,244,100
3007,15134,15934,1.284106687310306e-215,0,,244,100
3008,15139,15939,2.8166855384784033e-213,0,,244,100
3009,15142,15942,8.558849981599809e-162,0,,246,100
3010,15147,15947,2.990061177857761e-178,0,,249,100
3011,15152,15952,3.562257277628472e-171,0,,251,100
3012,15157,15957,6.773993174352863e-237,0,,248,100
3013,15165,15965,1.5855811556509445e-250,0,,248,100
3014,15169,15969,4.0754687116410534e-242,0,,249,100
3015,15176,15976,3.925101902534021e-98,0,,248,100
3016,15183,15983,1.3335863612112964e-83,0,,247,100
3017,15187,15987,6.556995245577323e-70,0,,247,100
3018,15190,15990,1.066143870969538e-49,0,,248,100
3019,15197,15997,3.2686630462566875e-77,0,,245,100
3020,15201,16001,1.7564631793333686e-56,0,,243,100
3021,15205,16005,2.3608195441556953e-59,0,,243,100
3022,15210,16010,2.5408480619678823e-52,0,,245,100
3023,15216,16016,4.1074531788168554e-70,0,,247,100
3024,15223,16023,6.4326867658317914e-177,0,,250,100
3025,15230,16030,5.982291817980348e-153,0,,249,100
3026,15234,16034,2.0078730897444412e-182,0,,249,100
3027,15240,16040,2.7917788087397846e-171,0,,249,100
3028,15248,16048,1.1729900557442386e-187,0,,246,100
3029,15253,16053,1.587072802437246e-186,0,,244,100
3030,15257,16057,2.938353958768e-312,0,,244,100
3031,15262,16062,2.351670339367739e-187,0,,245,100
3032,15268,16068,6.362806149932422e-163,0,,243,100
3033,15274,16074,1.2045893383165426e-113,0,,242,100
3034,15277,16077,0.0,0,,241,100
3035,15283,16083,2.9424054149778345e-205,0,,244,100
3036,15290,16090,0.0,0,,243,100
3037,15296,16096,1.1264900818344178e-267,0,,244,100
3038,15304,16104,2.948405557278344e-304,0,,244,100
3039,15308,16108,0.0,0,,245,100
3040,15316,16116,2.4272925917910137e-225,0,,248,100
3041,15323,16123,1.9012756697829586e-235,0,,248,100
3042,15327,16127,1.1381921717593773e-197,0,,248,100
3043,15333,16133,2.2876599003236903e-147,0,,247,100
3044,15338,16138,4.517933700144003e-120,0,,247,100
3045,15342,16142,1.4577261964494494e-110,0,,247,100
3046,15353,16153,1.2431154976039594e-81,0,,246,100
3047,15358,16158,0.0,0,,244,100
3048,15362,16162,0.0,0,,244,100
3049,15366,16166,0.0,0,,243,100
3050,15370,16170,1.4058949976758536e-226,0,,243,100
3051,15375,16175,6.2471915670273376e-282,0,,243,100
3052,15378,16178,1.4679392308273013e-296,0,,243,100
3053,15383,16183,0.0,0,,243,100
3054,15388,16188,0.0,0,,244,100
3055,15393,16193,4.7127447475497744e-191,0,,246,100
3056,15401,16201,8.92117988770935e-34,0,,249,100
3057,15405,16205,9.777139043188471e-40,0,,249,100
3058,15410,16210,1.7018680006598498e-42,0,,249,100
3059,15417,16217,8.482296316686863e-278,0,,248,100
3060,15421,16221,1.98075180991739e-58,0,,248,100
3061,15424,16224,4.530170126281933e-59,0,,249,100
3062,15431,16231,6.304950945178875e-125,0,,245,100
3063,15436,16236,1.6143178235809605e-54,0,,243,100
3064,15440,16240,3.172096378068705e-63,0,,244,100
3065,15447,16247,1.0296213234107887e-79,0,,244,100
3066,15453,16253,7.074004804613254e-63,0,,245,100
3067,15461,16261,1.5025871976503554e-79,0,,249,100
3068,15467,16267,1.5251497648079263e-93,0,,252,100
3069,15471,16271,7.033119950679878e-94,0,,252,100
3070,15477,16277,2.6620723408453274e-80,0,,251,100
3071,15489,16289,6.815299607963058e-286,0,,248,100
3072,15494,16294,8.174526340054588e-161,0,,244,100
3073,15498,16298,1.382986177568612e-164,0,,244,100
3074,15505,16305,7.292120569293654e-176,0,,244,100
3075,15511,16311,1.9381559819367366e-129,0,,243,100
3076,15517,16317,7.053587749198295e-146,0,,245,100
3077,15520,16320,8.933142456893302e-141,0,,244,100
3078,15526,16326,1.3072867354462142e-65,0,,245,100
3079,15537,16337,3.4224294802104617e-172,0,,243,100
3080,15543,16343,2.0410557766492784e-123,0,,244,100
3081,15551,16351,1.3709766352408364e-80,0,,245,100
3082,15555,16355,5.624661149545377e-69,0,,246,100
3083,15561,16361,4.025954479656637e-211,0,,245,100
3084,15568,16368,3.9879434450149223e-168,0,,245,100
3085,15572,16372,3.2792846462495397e-182,0,,247,100
3086,15578,16378,2.239778647175965e-297,0,,246,100
3087,15583,16383,5.32559618728792e-271,0,,247,100
3088,15587,16387,5.98570591756508e-304,0,,247,100
3089,15598,16398,2.0776790854377975e-133,0,,248,100
3090,15603,16403,0.0,0,,245,100
3091,15607,16407,1.5028005e-317,0,,244,100
3092,15611,16411,5.807538391750615e-289,0,,244,100
3093,15615,16415,7.616708191082836e-274,0,,243,100
3094,15620,16420,1.1490911976123331e-225,0,,244,100
3095,15623,16423,2.5004665601552918e-276,0,,244,100
3096,15630,16430,1.8002282230980928e-213,0,,242,100
3097,15635,16435,8.557545628092681e-60,0,,241,100
3098,15640,16440,8.433292356147059e-75,0,,244,100
3099,15648,16448,0.0,0,,246,100
3100,15652,16452,0.0,0,,246,100
3101,15656,16456,1.3537948884662797e-98,0,,246,100
3102,15663,16463,6.347678719838071e-306,0,,245,100
3103,15667,16467,6.710191969202124e-240,0,,246,100
3104,15670,16470,4.5008254554060085e-156,0,,248,100
3105,15677,16477,2.501550107694679e-35,0,,245,100
3106,15682,16482,2.7381481106545797e-118,0,,242,100
3107,15686,16486,2.0190857832455346e-209,0,,243,100
3108,15697,16497,2.0725917208960028e-197,0,,242,100
3109,15703,16503,3.389778044806872e-212,0,,243,100
3110,15709,16509,2.5409258215717674e-229,0,,247,100
3111,15713,16513,4.916581503148913e-225,0,,247,100
3112,15718,16518,2.8251419798150084e-111,0,,247,100
3113,15725,16525,6.202304983465474e-101,0,,249,100
3114,15729,16529,1.370832687482552e-112,0,,248,100
3115,15735,16535,3.967685323434056e-129,0,,249,100
3116,15742,16542,3.7839864687050184e-137,0,,246,100
3117,15747,16547,2.895190804522096e-87,0,,241,100
3118,15751,16551,6.676482356426299e-115,0,,241,100
3119,15762,16562,3.650414040736481e-88,0,,240,100
3120,15768,16568,2.242322164723516e-122,0,,240,100
3121,15774,16574,7.419486688877634e-111,0,,241,100
3122,15777,16577,9.659087121837502e-119,0,,242,100
3123,15783,16583,3.752722855323364e-83,0,,244,100
3124,15789,16589,6.055618245519734e-106,0,,248,100
3125,15795,16595,1.5222595241191078e-75,0,,250,100
3126,15803,16603,1.5884923354548647e-71,0,,250,100
3127,15807,16607,1.9970691161253414e-95,0,,252,100
3128,15814,16614,9.427117550089081e-298,0,,250,100
3129,15821,16621,5.504847078854477e-142,0,,250,100
3130,15825,16625,3.785281078698945e-140,0,,250,100
3131,15831,16631,0.0,0,,251,100
3132,15836,16636,1.3063469513332172e-117,0,,252,100
3133,15840,16640,1.0643376349694013e-189,0,,252,100
3134,15851,16651,1.7290390875100298e-124,0,,250,100
3135,15856,16656,5.309270940901643e-279,0,,247,100
3136,15860,16660,1.2861172005898795e-237,0,,247,100
3137,15864,16664,7.726119239969791e-279,0,,247,100
3138,15868,16668,5.301723072254961e-214,0,,247,100
3139,15873,16673,4.1454688520556025e-249,0,,248,100
3140,15876,16676,2.254710654124731e-46,0,,246,100
3141,15887,16687,2.6594696800354537e-73,0,,245,100
3142,15892,16692,0.0,0,,246,100
3143,15898,16698,0.0,0,,246,100
3144,15906,16706,2.638317968721247e-189,0,,251,100
3145,15913,16713,0.0,0,,251,100
3146,15917,16717,0.0,0,,251,100
3147,15922,16722,0.0,0,,251,100
3148,15929,16729,0.0,0,,253,100
3149,15933,16733,0.0,0,,253,100
3150,15936,16736,0.0,0,,255,100
3151,15943,16743,9.952993433863013e-228,0,,252,100
3152,15948,16748,2.5670982117426753e-158,0,,248,100
3153,15952,16752,3.3352467840897e-193,0,,248,100
3154,15958,16758,2.877742470968569e-114,0,,248,100
3155,15964,16764,4.4255768279918155e-130,0,,248,100
3156,15967,16767,1.282404294178749e-73,0,,248,100
3157,15975,16775,2.097959373632351e-79,0,,250,100
3158,15981,16781,1.7542225340065476e-134,0,,249,100
3159,15985,16785,8.220414453153569e-141,0,,249,100
3160,15989,16789,2.7685715046631266e-155,0,,251,100
3161,15996,16796,7.229959757261977e-130,0,,254,100
3162,16000,16800,5.412412915885274e-189,0,,254,100
3163,16003,16803,1.4311472182682688e-130,0,,255,100
3164,16009,16809,1.3293314410553135e-94,0,,253,100
3165,16016,16816,1.8541006475084528e-56,0,,251,100
3166,16021,16821,1.9155873973426927e-187,0,,247,100
3167,16025,16825,7.07799231850521e-136,0,,249,100
3168,16031,16831,3.4114881607182777e-82,0,,248,100
3169,16037,16837,1.6855304969924982e-89,0,,248,100
3170,16043,16843,1.159285544857613e-58,0,,248,100
3171,16046,16846,3.130132212802353e-42,0,,248,100
3172,16052,16852,7.037799227846194e-101,0,,248,100
3173,16058,16858,6.205626620317398e-69,0,,249,100
3174,16064,16864,3.267916072477924e-104,0,,254,100
3175,16072,16872,7.177157105268562e-62,0,,255,100
3176,16079,16879,5.61490168947929e-76,0,,253,100
3177,16083,16883,1.9812538830010553e-97,0,,253,100
3178,16089,16889,1.3326552530752647e-110,0,,253,100
3179,16094,16894,7.910865788244723e-114,0,,253,100
3180,16098,16898,1.0825059131671016e-107,0,,254,100
3181,16109,16909,2.4012315423308445e-70,0,,253,100
3182,16114,16914,9.861089755153055e-58,0,,250,100
3183,16118,16918,3.964634458349277e-65,0,,249,100
3184,16122,16922,6.290295479214154e-50,0,,249,100
3185,16126,16926,8.600070076486375e-50,0,,248,100
3186,16131,16931,1.6800403340583643e-43,0,,250,100
3187,16134,16934,6.500701763993799e-43,0,,250,100
3188,16140,16940,3.0493047760555124e-40,0,,248,100
3189,16145,16945,3.478780937037325e-51,0,,250,100
3190,16150,16950,6.313108452870387e-48,0,,248,100
3191,16158,16958,1.362003767479747e-52,0,,249,100
3192,16164,16964,1.994342292552189e-60,0,,249,100
3193,16168,16968,1.696437868381481e-75,0,,249,100
3194,16172,16972,1.6158336058682213e-59,0,,249,100
3195,16179,16979,7.737110812774865e-42,0,,249,100
3196,16183,16983,9.808072789683563e-59,0,,248,100
3197,16186,16986,2.3528415683219827e-70,0,,249,100
3198,16193,16993,3.480644056727781e-67,0,,246,100
3199,16198,16998,7.658316532816559e-50,0,,244,100
3200,16202,17002,1.5306818478192825e-97,0,,243,100
3201,16208,17008,8.118334246823363e-124,0,,244,100
3202,16214,17014,2.1144493156955708e-125,0,,243,100
3203,16220,17020,8.109338296442106e-93,0,,242,100
3204,16224,17024,8.395863386527814e-70,0,,244,100
3205,16229,17029,7.65721260459961e-39,0,,248,100
3206,16236,17036,9.053956812231811e-97,0,,247,100
3207,16240,17040,3.418490082385011e-92,0,,249,100
3208,16246,17046,1.1292713324363344e-120,0,,249,100
3209,16258,17058,5.9564256493827834e-61,0,,244,100
3210,16263,17063,1.5818860632159096e-44,0,,241,100
3211,16267,17067,2.9900261214635175e-68,0,,241,100
3212,16273,17073,6.957119279167215e-144,0,,241,100
3213,16280,17080,2.734684150678899e-23,0,,240,100
3214,16285,17085,1.1724057319311188e-24,0,,239,100
3215,16289,17089,1.8460028395963844e-23,0,,239,100
3216,16295,17095,3.3301100458293055e-83,0,,240,100
3217,16298,17098,6.401350490129159e-78,0,,241,100
3218,16304,17104,1.1927632242828549e-29,0,,241,100
3219,16315,17115,2.525616687064744e-87,0,,239,100
3220,16321,17121,1.9252214498773474e-79,0,,241,100
3221,16329,17129,5.369585759873206e-77,0,,238,100
3222,16336,17136,1.014479573220999e-82,0,,242,100
3223,16340,17140,7.3846055298619405e-56,0,,242,100
3224,16346,17146,4.587434554518245e-33,0,,242,100
3225,16351,17151,5.935705709227169e-27,0,,242,100
3226,16355,17155,7.056776580371269e-29,0,,243,100
3227,16366,17166,1.435086028665519e-82,0,,244,100
3228,16371,17171,8.933899245438697e-76,0,,241,100
3229,16375,17175,5.70605893625053e-79,0,,241,100
3230,16379,17179,3.746349969463637e-89,0,,241,100
3231,16383,17183,4.85319800044259e-90,0,,240,100
3232,16388,17188,5.616302491893503e-85,0,,239,100
3233,16391,17191,2.9637159209019677e-88,0,,239,100
3234,16397,17197,2.025585882886055e-139,0,,237,100
3235,16402,17202,3.714687286797697e-107,0,,237,100
3236,16408,17208,3.764149650690494e-102,0,,239,100
3237,16416,17216,3.069865376440303e-98,0,,240,100
3238,16422,17222,1.660920941387994e-120,0,,241,100
3239,16426,17226,3.2368848335900875e-148,0,,244,100
3240,16431,17231,4.980320113911703e-206,0,,245,100
3241,16438,17238,2.414726992637154e-101,0,,243,100
3242,16443,17243,4.555583560086109e-18,0,,241,100
3243,16447,17247,1.9742551707672003e-18,0,,240,100
3244,16453,17253,2.6745076828516093e-18,0,,240,100
3245,16460,17260,3.5894970225292685e-61,0,,239,100
3246,16465,17265,5.686020552465196e-157,0,,239,100
3247,16470,17270,3.863048818753754e-141,0,,238,100
3248,16474,17274,5.146394465294658e-111,0,,238,100
3249,16477,17277,2.3606551730116568e-80,0,,238,100
3250,16481,17281,8.190187257833373e-57,0,,238,100
3251,16486,17286,4.2821115966991965e-74,0,,239,100
3252,16490,17290,2.1182356889230433e-84,0,,240,100
3253,16494,17294,7.542025441274703e-66,0,,242,100
3254,16499,17299,2.7473530217397685e-91,0,,242,100
3255,16505,17305,4.06060008521587e-43,0,,240,100
3256,16510,17310,1.1363952980868663e-37,0,,236,100
3257,16514,17314,1.994410878503756e-44,0,,236,100
3258,16525,17325,2.4432769530453623e-56,0,,232,100
3259,16531,17331,3.788513816541457e-76,0,,230,100
3260,16534,17334,1.2631242012871698e-65,0,,230,100
3261,16542,17342,2.0338677938976658e-51,0,,229,100
3262,16549,17349,1.1242963633234039e-258,0,,227,100
3263,16553,17353,5.63780392913624e-139,0,,226,100
3264,16559,17359,6.116727312682276e-142,0,,225,100
3265,16566,17366,1.5240598880535963e-84,0,,223,100
3266,16570,17370,6.612369102134273e-62,0,,222,100
3267,16576,17376,9.446100665759089e-35,0,,219,100
3268,16585,17385,3.854782863169546e-40,0,,213,100
3269,16590,17390,4.186482212107089e-67,0,,209,100
3270,16594,17394,7.437499268326457e-81,0,,209,100
3271,16605,17405,3.928076286379696e-23,0,,205,100
3272,16611,17411,1.2169510922758093e-51,0,,203,100
3273,16617,17417,2.9993244805577615e-64,0,,202,100
3274,16620,17420,3.5287511746621187e-68,0,,201,100
3275,16626,17426,3.8871964958263165e-40,0,,199,100
3276,16633,17433,1.6284049496587663e-101,0,,196,100
3277,16639,17439,1.0169148449265522e-67,0,,196,100
3278,16647,17447,1.8394641057744105e-48,0,,195,100
3279,16654,17454,1.4088155995441714e-31,0,,192,100
3280,16658,17458,3.983238901727705e-33,0,,191,100
3281,16662,17462,1.9128373217755364e-20,0,,190,100
3282,16669,17469,3.2369306577874155e-31,0,,188,100
3283,16673,17473,8.849978337462418e-68,0,,187,100
3284,16679,17479,1.3540962154869632e-22,0,,185,100
3285,16684,17484,1.9555800910247715e-20,0,,184,100
3286,16688,17488,8.527119593805584e-19,0,,184,100
3287,16699,17499,8.285772160125825e-67,0,,180,100
3288,16704,17504,2.568295127166317e-75,0,,176,100
3289,16708,17508,5.153564103120048e-81,0,,175,100
3290,16712,17512,2.9052669093141517e-83,0,,174,100
3291,16716,17516,4.4100229462005556e-43,0,,173,100
3292,16721,17521,1.7564743669586976e-146,0,,172,100
3293,16724,17524,4.062156048726708e-87,0,,170,100
3294,16735,17535,2.8994703924498643e-139,0,,165,100
3295,16740,17540,1.2642727736017614e-76,0,,165,100
3296,16745,17545,3.606575298043848e-61,0,,164,100
3297,16753,17553,8.564827863399739e-88,0,,163,100
3298,16759,17559,3.05485862949822e-80,0,,161,100
3299,16763,17563,5.425894060459079e-84,0,,161,100
3300,16768,17568,3.1730938965114696e-64,0,,159,100
3301,16775,17575,1.608258261691021e-70,0,,157,100
3302,16779,17579,4.496598335548377e-70,0,,156,100
3303,16782,17582,9.088497900211575e-66,0,,156,100
3304,16789,17589,2.6912020385417198e-102,0,,151,100
3305,16794,17594,2.0894946563721366e-100,0,,147,100
3306,16798,17598,7.322288604952097e-88,0,,146,100
3307,16805,17605,2.4201667901008172e-119,0,,144,100
3308,16811,17611,1.697691832150936e-132,0,,142,100
3309,16814,17614,1.9089552884287566e-140,0,,142,100
3310,16822,17622,5.175279614038876e-93,0,,141,100
3311,16829,17629,6.306008825415056e-113,0,,139,100
3312,16833,17633,1.204744552402343e-113,0,,138,100
3313,16837,17637,2.458741153142032e-94,0,,137,100
3314,16844,17644,3.1775172020282483e-80,0,,135,100
3315,16848,17648,2.793005044411796e-83,0,,134,100
3316,16854,17654,1.946324230752944e-73,0,,132,100
3317,16856,17656,7.654046800553313e-75,0,,130,100
3318,16861,17661,3.132207332967533e-63,0,,127,100
3319,16866,17666,1.1975678571759634e-66,0,,123,100
3320,16870,17670,4.7275340142552004e-60,0,,122,100
3321,16873,17673,1.6855337032034263e-54,0,,121,100
3322,16880,17680,1.9015617354163195e-55,0,,120,100
3323,16884,17684,3.164286172730771e-63,0,,119,100
3324,16889,17689,1.646615061327376e-58,0,,119,100
3325,16895,17695,1.842684751502237e-58,0,,117,100
3326,16903,17703,1.4083832374721845e-51,0,,114,100
3327,16908,17708,4.397325384686718e-50,0,,113,100
3328,16913,17713,5.1092114832300364e-141,0,,112,100
3329,16919,17719,6.2259577197187405e-93,0,,111,100
3330,16927,17727,9.79860980392933e-189,0,,109,100
3331,16930,17730,3.463429839286423e-205,0,,109,100
3332,16941,17741,5.458439785895063e-171,0,,107,100
3333,16945,17745,1.4860103452472318e-196,0,,106,100
3334,16950,17750,1.237804936196781e-149,0,,105,100
3335,16954,17754,9.071431673018991e-166,0,,104,100
3336,16959,17759,1.239871960084945e-194,0,,102,100
3337,16962,17762,3.297573916674525e-162,0,,101,100
3338,16966,17766,2.8928837831006155e-111,0,,100,100
