window_index,char_start,char_end,p_z,extracted,error,n_tokens_in_chunk,sequence_len_tokens
0,0,800,2.1251753099191823e-17,0,,218,100
1,4,804,1.5338110508220054e-252,0,,215,100
2,7,807,6.307209972897359e-63,0,,215,100
3,11,811,1.346869749287228e-86,0,,216,100
4,21,821,3.3549749637522405e-203,0,,218,100
5,25,825,1.6931139572134845e-150,0,,217,100
6,33,833,1.6354619345076147e-152,0,,218,100
7,37,837,1.609122135928979e-147,0,,219,100
8,44,844,3.7082958030015045e-21,0,,221,100
9,48,848,6.012083159581687e-15,0,,223,100
10,52,852,1.3950056402526514e-16,0,,223,100
11,60,860,0.00014814439889373167,0,,221,100
12,64,864,1.4631831236680931e-10,0,,219,100
13,68,868,4.0060797324370266e-18,0,,219,100
14,72,872,1.5170616166338478e-19,0,,219,100
15,78,878,2.234620830193855e-16,0,,219,100
16,82,882,1.7543915641875046e-14,0,,219,100
17,90,890,2.8334183961170226e-17,0,,219,100
18,96,896,1.2815397290916915e-06,0,,219,100
19,100,900,4.3821783659626835e-08,0,,219,100
20,106,906,3.660026074437075e-06,0,,217,100
21,110,910,7.658051997846548e-09,0,,217,100
22,119,919,0.0002781124236546671,0,,218,100
23,123,923,1.259101348402893e-05,0,,218,100
24,128,928,4.581847156073136e-06,0,,216,100
25,132,932,0.019313186503130374,1,,217,100
26,137,937,0.00024120534149454676,0,,217,100
27,140,940,0.004132264037244442,1,,217,100
28,144,944,0.011455324826941867,1,,217,100
29,150,950,0.00010920033074825792,0,,216,100
30,154,954,5.088760691901057e-06,0,,216,100
31,158,958,0.0006932826723629898,0,,216,100
32,165,965,2.0186323147571283e-05,0,,217,100
33,168,968,5.1631315981232506e-05,0,,217,100
34,172,972,2.349273968158892e-05,0,,218,100
35,178,978,1.2300281107469917e-05,0,,222,100
36,183,983,1.4232194700304103e-10,0,,223,100
37,187,987,3.298520300674136e-06,0,,223,100
38,192,992,2.111042032302856e-09,0,,223,100
39,195,995,1.3954620745374873e-05,0,,223,100
40,199,999,2.189300071152692e-10,0,,222,100
41,208,1008,1.8992916032214163e-27,0,,220,100
42,212,1012,8.829260633189364e-50,0,,218,100
43,216,1016,9.209940487062457e-41,0,,218,100
44,220,1020,4.96373959328816e-09,0,,218,100
45,226,1026,1.723961158509152e-24,0,,218,100
46,230,1030,9.993341893428381e-75,0,,218,100
47,236,1036,8.608833292954656e-28,0,,217,100
48,239,1039,5.2147220769050485e-90,0,,216,100
49,246,1046,4.570970102141767e-304,0,,216,100
50,250,1050,4.0377731339351475e-201,0,,216,100
51,256,1056,1.5746266555897423e-16,0,,216,100
52,260,1060,1.6832275783743948e-13,0,,215,100
53,268,1068,5.336650108506152e-37,0,,213,100
54,272,1072,1.8951268686249727e-27,0,,212,100
55,276,1076,8.072361554444661e-08,0,,212,100
56,280,1080,3.9742829031807525e-08,0,,213,100
57,284,1084,5.598169492047239e-05,0,,212,100
58,288,1088,1.0918561069292566e-05,0,,211,100
59,295,1095,1.7714661147790998e-05,0,,211,100
60,300,1100,2.072310012083577e-07,0,,211,100
61,303,1103,0.000158494695582345,0,,213,100
62,307,1107,9.436260179716561e-06,0,,216,100
63,313,1113,5.132252029508855e-10,0,,216,100
64,317,1117,7.823412701445461e-08,0,,216,100
65,321,1121,2.5464409727409806e-07,0,,217,100
66,329,1129,5.8446607987663925e-06,0,,217,100
67,333,1133,5.691291169659342e-06,0,,217,100
68,339,1139,4.3681830375437875e-11,0,,216,100
69,344,1144,3.4349112073993033e-15,0,,216,100
70,348,1148,3.351354332273035e-07,0,,217,100
71,359,1159,5.947427798756645e-05,0,,215,100
72,363,1163,4.090714343551513e-15,0,,212,100
73,367,1167,6.259348960541405e-19,0,,213,100
74,371,1171,4.970072042600802e-19,0,,212,100
75,378,1178,0.000838205829699124,0,,213,100
76,382,1182,3.3323239442496515e-10,0,,213,100
77,388,1188,0.05616746611736795,1,,214,100
78,393,1193,0.03453327783811279,1,,213,100
79,397,1197,0.0011160515466268224,1,,212,100
80,401,1201,0.0019621101249973926,1,,214,100
81,410,1210,0.04775028020682352,1,,212,100
82,413,1213,0.4030198720746693,1,,212,100
83,420,1220,4.836551216390682e-06,0,,212,100
84,427,1227,7.82625888137255e-12,0,,210,100
85,431,1231,1.899167650839848e-16,0,,211,100
86,435,1235,1.3432282959370613e-23,0,,212,100
87,443,1243,2.9162263193761136e-19,0,,212,100
88,447,1247,6.351595252380518e-14,0,,213,100
89,451,1251,3.441367955897254e-25,0,,214,100
90,459,1259,1.4088333131095028e-21,0,,214,100
91,464,1264,1.2686062941252245e-19,0,,214,100
92,468,1268,2.7360026544045532e-14,0,,213,100
93,474,1274,2.7108317624401826e-14,0,,215,100
94,480,1280,2.3016425203442817e-08,0,,212,100
95,484,1284,1.681352306839706e-135,0,,211,100
96,488,1288,3.669921305952368e-138,0,,214,100
97,492,1292,1.5397052836125093e-124,0,,216,100
98,498,1298,1.9120245324932758e-168,0,,215,100
99,502,1302,2.4790237842337426e-47,0,,215,100
100,508,1308,8.36148307159467e-14,0,,215,100
101,511,1311,2.1857371582038897e-26,0,,215,100
102,513,1313,3.5934142666226465e-12,0,,215,100
103,523,1323,3.7132605228304917e-45,0,,214,100
104,526,1326,1.3929744625266526e-22,0,,214,100
105,530,1330,8.176341688527888e-17,0,,215,100
106,536,1336,1.234974107463778e-22,0,,214,100
107,539,1339,8.435265628299925e-33,0,,214,100
108,543,1343,3.5945945400038513e-34,0,,212,100
109,551,1351,9.463985894063367e-37,0,,211,100
110,555,1355,4.5518865306535525e-46,0,,211,100
111,559,1359,4.241254738563879e-50,0,,212,100
112,562,1362,9.671430722835411e-24,0,,211,100
113,569,1369,1.1905272405883178e-49,0,,213,100
114,573,1373,1.5123296617415536e-49,0,,213,100
115,580,1380,2.682139445192289e-49,0,,214,100
116,585,1385,7.96130720560821e-17,0,,213,100
117,589,1389,2.0864841291350256e-46,0,,212,100
118,598,1398,1.3527681884673511e-34,0,,211,100
119,602,1402,4.323123044117417e-15,0,,208,100
120,606,1406,4.504835583703784e-15,0,,208,100
121,610,1410,2.9894462172069907e-06,0,,208,100
122,615,1415,1.2047125652240248e-12,0,,208,100
123,619,1419,4.412497226816024e-10,0,,209,100
124,630,1430,3.8406170711242136e-16,0,,209,100
125,634,1434,1.5713366659685985e-16,0,,209,100
126,642,1442,6.38614839753141e-25,0,,210,100
127,646,1446,2.597510779160595e-21,0,,210,100
128,653,1453,1.4652588854028387e-07,0,,211,100
129,659,1459,2.9094037183052462e-09,0,,211,100
130,664,1464,8.011893268717888e-12,0,,210,100
131,670,1470,5.619108297927278e-25,0,,215,100
132,674,1474,3.910173229225793e-10,0,,217,100
133,684,1484,8.514706130514556e-13,0,,216,100
134,689,1489,2.2686386730991477e-13,0,,216,100
135,693,1493,5.079740317238854e-16,0,,216,100
136,700,1500,2.983951041061175e-13,0,,217,100
137,706,1506,1.712513768958075e-12,0,,216,100
138,711,1511,7.69584717772463e-18,0,,216,100
139,717,1517,2.700108598970554e-15,0,,217,100
140,721,1521,3.3965498317103915e-16,0,,217,100
141,732,1532,7.62448889685662e-23,0,,220,100
142,736,1536,4.272145875615712e-35,0,,220,100
143,739,1539,7.976244298824334e-31,0,,220,100
144,743,1543,2.8559912955211855e-32,0,,220,100
145,748,1548,1.4602281665332405e-29,0,,218,100
146,752,1552,4.2249165552075734e-41,0,,215,100
147,756,1556,1.227207674048874e-33,0,,215,100
148,760,1560,7.470814905883807e-30,0,,215,100
149,767,1567,3.621790877003529e-34,0,,216,100
150,771,1571,1.9059217310733704e-29,0,,217,100
151,781,1581,1.842984759677468e-33,0,,216,100
152,789,1589,5.626484336578278e-34,0,,216,100
153,793,1593,1.5694250246114886e-18,0,,216,100
154,797,1597,3.1240066899655555e-17,0,,217,100
155,805,1605,1.920053534052187e-17,0,,217,100
156,809,1609,1.8251008287802267e-23,0,,217,100
157,813,1613,1.5257900870626576e-15,0,,216,100
158,821,1621,1.8275923442699073e-08,0,,215,100
159,826,1626,4.5871197909205026e-09,0,,216,100
160,830,1630,8.633081207952835e-10,0,,216,100
161,837,1637,3.7030523980312176e-11,0,,217,100
162,843,1643,2.122913104943256e-22,0,,214,100
163,847,1647,5.703684436958582e-27,0,,212,100
164,851,1651,8.501007131043482e-32,0,,212,100
165,855,1655,7.880445151310681e-20,0,,212,100
166,861,1661,8.068857524515626e-32,0,,212,100
167,865,1665,1.67205437414137e-34,0,,213,100
168,869,1669,1.5923412330833035e-49,0,,213,100
169,876,1676,8.377011303956829e-25,0,,214,100
170,882,1682,3.702972630877753e-18,0,,215,100
171,886,1686,9.056114318683895e-19,0,,216,100
172,893,1693,8.193154773134042e-17,0,,216,100
173,896,1696,3.2503589796688504e-15,0,,216,100
174,905,1705,4.304913528343983e-12,0,,221,100
175,914,1714,4.35095500218248e-12,0,,221,100
176,919,1719,7.592769903602253e-13,0,,222,100
177,923,1723,9.97752758084151e-13,0,,222,100
178,930,1730,2.569514632675379e-13,0,,221,100
179,934,1734,3.3253824033938964e-14,0,,222,100
180,938,1738,3.153876006636615e-11,0,,222,100
181,942,1742,3.685648220771853e-11,0,,222,100
182,946,1746,7.901241018346136e-15,0,,221,100
183,951,1751,2.841895000364972e-14,0,,222,100
184,959,1759,1.8737380768329373e-21,0,,222,100
185,963,1763,1.2662421680430298e-20,0,,221,100
186,966,1766,8.400682819351417e-21,0,,221,100
187,970,1770,3.333091232942452e-08,0,,221,100
188,975,1775,9.624670034060405e-38,0,,218,100
189,980,1780,7.506475118678924e-29,0,,215,100
190,984,1784,7.843964331542342e-18,0,,215,100
191,988,1788,3.8554633692571625e-17,0,,215,100
192,995,1795,8.802256791104474e-24,0,,216,100
193,999,1799,1.2041518750984175e-25,0,,216,100
194,1003,1803,5.307180112549749e-25,0,,217,100
195,1008,1808,1.0861994131865423e-38,0,,220,100
196,1015,1815,9.883700030971249e-39,0,,222,100
197,1019,1819,1.286551968186927e-40,0,,222,100
198,1023,1823,4.849485401657582e-40,0,,223,100
199,1033,1833,2.4955686060591005e-32,0,,224,100
200,1042,1842,2.463811935947513e-30,0,,224,100
201,1045,1845,7.933434861217752e-35,0,,223,100
202,1049,1849,6.84010692921386e-36,0,,223,100
203,1056,1856,2.317204514527978e-53,0,,223,100
204,1063,1863,2.3633386726909393e-133,0,,223,100
205,1066,1866,1.2653517956124945e-112,0,,224,100
206,1072,1872,6.7251173920902e-181,0,,222,100
207,1076,1876,1.3319471297500033e-27,0,,222,100
208,1080,1880,7.364463466018415e-35,0,,225,100
209,1084,1884,1.4874958384041763e-39,0,,224,100
210,1089,1889,2.2391899812958576e-38,0,,224,100
211,1092,1892,4.8163337358829615e-29,0,,223,100
212,1096,1896,9.74806399978054e-43,0,,223,100
213,1103,1903,2.0307391695242277e-07,0,,221,100
214,1108,1908,4.296738774012345e-15,0,,218,100
215,1112,1912,3.7538941246474155e-16,0,,218,100
216,1116,1916,7.500466383284454e-10,0,,217,100
217,1122,1922,1.1551067362106292e-05,0,,218,100
218,1126,1926,1.1719286492338519e-07,0,,218,100
219,1130,1930,2.716284593708112e-08,0,,218,100
220,1136,1936,1.093219404972473e-84,0,,218,100
221,1142,1942,2.3127479156871677e-73,0,,219,100
222,1148,1948,1.3369117861880263e-78,0,,224,100
223,1155,1955,4.553061778683687e-56,0,,223,100
224,1159,1959,2.3820230701419327e-37,0,,224,100
225,1164,1964,2.610373896382974e-28,0,,224,100
226,1173,1973,8.814802320953162e-17,0,,224,100
227,1179,1979,1.940878392676596e-33,0,,223,100
228,1183,1983,4.916490719121178e-34,0,,223,100
229,1187,1987,8.369210144058143e-10,0,,223,100
230,1193,1993,2.171740078506181e-36,0,,223,100
231,1198,1998,1.654862099698073e-34,0,,224,100
232,1207,2007,6.66049883998572e-29,0,,224,100
233,1213,2013,2.0092157503609656e-09,0,,226,100
234,1219,2019,1.2215754333097704e-10,0,,226,100
235,1223,2023,2.0329908125997386e-08,0,,226,100
236,1229,2029,2.522127040298308e-25,0,,228,100
237,1235,2035,2.3679699323092505e-19,0,,230,100
238,1240,2040,8.920944722778396e-32,0,,230,100
239,1243,2043,5.942380796032637e-82,0,,229,100
240,1246,2046,1.4769369621803999e-92,0,,229,100
241,1254,2054,1.6357888445940514e-91,0,,228,100
242,1259,2059,2.496732293508705e-105,0,,228,100
243,1263,2063,6.333699309354083e-29,0,,228,100
244,1270,2070,1.3506890887601274e-24,0,,228,100
245,1274,2074,4.269259401084258e-15,0,,227,100
246,1277,2077,1.4070760143007252e-25,0,,228,100
247,1281,2081,4.832884511429443e-20,0,,229,100
248,1286,2086,2.7698372086951382e-15,0,,226,100
249,1291,2091,7.587612547167524e-14,0,,223,100
250,1295,2095,8.966399823845553e-18,0,,223,100
251,1299,2099,1.5058296268061311e-16,0,,222,100
252,1305,2105,1.6600466295216655e-22,0,,224,100
253,1313,2113,1.1057252456717157e-31,0,,223,100
254,1319,2119,5.128562327656146e-06,0,,224,100
255,1326,2126,3.6548325494564574e-09,0,,223,100
256,1330,2130,7.529557755740452e-11,0,,224,100
257,1335,2135,2.199610920962269e-30,0,,224,100
258,1344,2144,1.7352299628938127e-28,0,,225,100
259,1349,2149,1.2064259174259035e-23,0,,226,100
260,1355,2155,1.2785877002235184e-40,0,,230,100
261,1359,2159,1.0166020928665576e-25,0,,230,100
262,1365,2165,4.884247893306975e-40,0,,229,100
263,1369,2169,8.1977693057743945e-50,0,,229,100
264,1373,2173,5.256426372306775e-38,0,,228,100
265,1378,2178,7.93169295309311e-48,0,,229,100
266,1387,2187,4.284108841151039e-29,0,,229,100
267,1394,2194,4.191598891860596e-30,0,,228,100
268,1400,2200,2.774531119843378e-26,0,,228,100
269,1405,2205,9.501429350260258e-33,0,,228,100
270,1409,2209,7.352139581252937e-36,0,,230,100
271,1412,2212,5.0181876823521135e-36,0,,233,100
272,1420,2220,2.3464776467805196e-33,0,,233,100
273,1426,2226,1.5390890766139866e-52,0,,232,100
274,1430,2230,1.0397182463406538e-34,0,,233,100
275,1436,2236,5.621261094271436e-55,0,,233,100
276,1440,2240,0.00010231241925236045,0,,233,100
277,1444,2244,6.87416169070449e-05,0,,233,100
278,1448,2248,2.814653661494523e-07,0,,231,100
279,1453,2253,0.0006254054247783398,0,,231,100
280,1456,2256,0.0024362542468925395,1,,231,100
281,1460,2260,0.01095433708459695,1,,230,100
282,1467,2267,0.010168713217385252,1,,227,100
283,1472,2272,0.03611983742456449,1,,224,100
284,1476,2276,0.00034453825042849183,0,,223,100
285,1480,2280,0.00016487812569381246,0,,225,100
286,1488,2288,1.890499340457478e-05,0,,225,100
287,1492,2292,6.720397948674337e-07,0,,225,100
288,1496,2296,2.181358950268248e-09,0,,226,100
289,1504,2304,2.607854094345886e-09,0,,226,100
290,1509,2309,1.3479467479353044e-10,0,,227,100
291,1513,2313,0.00026776316803624656,0,,227,100
292,1519,2319,2.16199891915911e-08,0,,227,100
293,1525,2325,1.058567621037115e-37,0,,225,100
294,1530,2330,2.276402361284653e-96,0,,222,100
295,1534,2334,5.076023316872277e-112,0,,222,100
296,1538,2338,1.6131711649433289e-118,0,,222,100
297,1544,2344,1.0540233863696451e-139,0,,221,100
298,1548,2348,2.7968423798550123e-59,0,,222,100
299,1554,2354,1.156297882506074e-73,0,,222,100
300,1557,2357,1.0408626929072137e-42,0,,222,100
301,1564,2364,5.5581293902730424e-49,0,,222,100
302,1567,2367,3.804897674943175e-111,0,,222,100
303,1571,2371,1.0015972857470766e-284,0,,222,100
304,1581,2381,2.7529210202385485e-118,0,,227,100
305,1584,2384,8.734177102758484e-101,0,,227,100
306,1588,2388,3.304157123974814e-99,0,,228,100
307,1595,2395,2.255219754965357e-181,0,,226,100
308,1598,2398,3.732399441804845e-145,0,,225,100
309,1605,2405,3.7012727889893024e-112,0,,226,100
310,1609,2409,2.3853440843153272e-73,0,,226,100
311,1613,2413,8.207752452017499e-35,0,,226,100
312,1618,2418,6.465704254726258e-17,0,,225,100
313,1622,2422,8.041958334993781e-23,0,,225,100
314,1629,2429,1.6147127653476372e-28,0,,224,100
315,1633,2433,2.3945222135015002e-48,0,,224,100
316,1637,2437,3.2228842743606425e-40,0,,223,100
317,1642,2442,1.4993161457261546e-55,0,,224,100
318,1645,2445,3.251299149658895e-59,0,,224,100
319,1649,2449,1.274858695226655e-38,0,,226,100
320,1656,2456,3.049046477609202e-51,0,,224,100
321,1660,2460,5.2600045451525045e-18,0,,224,100
322,1664,2464,2.9412942485652475e-17,0,,222,100
323,1673,2473,4.010005516191863e-11,0,,221,100
324,1677,2477,1.152676888853853e-18,0,,220,100
325,1681,2481,3.519243713247682e-08,0,,220,100
326,1687,2487,4.55857117288122e-16,0,,218,100
327,1691,2491,1.0378164529001726e-17,0,,219,100
328,1698,2498,1.0646629093959009e-34,0,,217,100
329,1703,2503,2.7127481306842217e-27,0,,214,100
330,1707,2507,4.5105987218217595e-24,0,,213,100
331,1711,2511,5.546559919822042e-38,0,,215,100
332,1716,2516,1.7167003546108814e-27,0,,215,100
333,1719,2519,5.682956100423091e-54,0,,215,100
334,1723,2523,2.739670647691123e-42,0,,214,100
335,1730,2530,2.1103431847970606e-49,0,,216,100
336,1733,2533,1.2405833955903863e-60,0,,215,100
337,1737,2537,1.1249456554968206e-67,0,,216,100
338,1747,2547,4.549030455889277e-35,0,,216,100
339,1750,2550,7.472247403002632e-133,0,,215,100
340,1754,2554,6.7457490964456e-115,0,,216,100
341,1761,2561,1.3959046911811905e-98,0,,216,100
342,1764,2564,2.840927834842887e-18,0,,216,100
343,1769,2569,5.3685890000573456e-14,0,,216,100
344,1775,2575,1.9143088020415216e-12,0,,216,100
345,1780,2580,3.8964725022524006e-23,0,,220,100
346,1784,2584,2.631061418480872e-46,0,,222,100
347,1791,2591,3.720833195380832e-24,0,,222,100
348,1795,2595,8.044900179467384e-22,0,,222,100
349,1798,2598,1.9830912770443842e-34,0,,220,100
350,1802,2602,7.497963499222236e-43,0,,219,100
351,1807,2607,6.458194890193538e-150,0,,217,100
352,1812,2612,2.6186627994357258e-95,0,,214,100
353,1816,2616,6.594901438789771e-54,0,,215,100
354,1820,2620,3.2243665550933444e-58,0,,215,100
355,1825,2625,4.2582849443525744e-194,0,,214,100
356,1829,2629,2.173883739369387e-107,0,,214,100
357,1835,2635,1.9870576892306657e-260,0,,214,100
358,1843,2643,4.36533770105808e-210,0,,214,100
359,1847,2647,6.2560141378836124e-260,0,,214,100
360,1855,2655,2.567746130195979e-272,0,,216,100
361,1861,2661,5.106520227819437e-259,0,,216,100
362,1864,2664,3.649378307923378e-248,0,,216,100
363,1869,2669,4.655959478431413e-103,0,,216,100
364,1873,2673,7.140272978545895e-95,0,,217,100
365,1878,2678,1.2081744450060294e-59,0,,215,100
366,1882,2682,1.3306355385662049e-77,0,,215,100
367,1886,2686,2.617040825434607e-82,0,,217,100
368,1893,2693,2.7099335780722997e-298,0,,215,100
369,1899,2699,4.619204577863528e-299,0,,216,100
370,1902,2702,2.7161144561323295e-289,0,,216,100
371,1907,2707,8.0690495e-317,0,,215,100
372,1911,2711,0.0,0,,218,100
373,1918,2718,0.0,0,,220,100
374,1921,2721,6.02786000163e-313,0,,220,100
375,1926,2726,7.823034741394324e-82,0,,220,100
376,1930,2730,1.7859227972924053e-147,0,,219,100
377,1936,2736,4.00396814104239e-309,0,,220,100
378,1943,2743,1.5178388328080146e-59,0,,218,100
379,1948,2748,2.359527676841539e-63,0,,214,100
380,1952,2752,3.388372126879028e-57,0,,214,100
381,1956,2756,1.1230951196314699e-63,0,,214,100
382,1960,2760,8.725898211348032e-69,0,,214,100
383,1965,2765,2.2345682426819763e-69,0,,213,100
384,1968,2768,2.6677485213689752e-49,0,,215,100
385,1972,2772,6.376365597919438e-87,0,,219,100
386,1982,2782,2.3227674212138152e-119,0,,219,100
387,1985,2785,2.2279677683220768e-51,0,,218,100
388,1989,2789,3.275343534263074e-56,0,,220,100
389,1996,2796,1.501373499634132e-48,0,,220,100
390,1999,2799,1.5365225345682801e-27,0,,220,100
391,2004,2804,2.7178842998056937e-32,0,,219,100
392,2010,2810,6.639829417414687e-37,0,,218,100
393,2015,2815,6.239746905536015e-35,0,,218,100
394,2019,2819,4.605030184886914e-25,0,,218,100
395,2026,2826,1.7897705369437832e-76,0,,216,100
396,2031,2831,1.1709537871457466e-20,0,,213,100
397,2035,2835,6.265316527073676e-25,0,,212,100
398,2038,2838,3.616907000810565e-24,0,,211,100
399,2043,2843,2.958714875196134e-33,0,,213,100
400,2048,2848,8.38311431813233e-29,0,,213,100
401,2052,2852,2.5354086156838433e-33,0,,213,100
402,2056,2856,5.160108318339856e-38,0,,213,100
403,2060,2860,7.024419498201149e-22,0,,213,100
404,2065,2865,2.2790004622169306e-26,0,,214,100
405,2069,2869,5.888394043557893e-14,0,,212,100
406,2076,2876,5.139513880117569e-23,0,,212,100
407,2080,2880,2.3606871139525223e-18,0,,211,100
408,2083,2883,4.0690593082601935e-22,0,,211,100
409,2090,2890,2.714589665142928e-13,0,,212,100
410,2094,2894,3.6412015557995816e-17,0,,212,100
411,2100,2900,7.794069657585447e-23,0,,212,100
412,2105,2905,3.425458385710014e-35,0,,211,100
413,2109,2909,6.403699707072325e-36,0,,212,100
414,2119,2919,2.1158216524727677e-37,0,,213,100
415,2123,2923,6.913714488675466e-37,0,,214,100
416,2127,2927,2.162868893095007e-37,0,,215,100
417,2131,2931,9.042953190879401e-42,0,,215,100
418,2136,2936,3.146254874528658e-42,0,,219,100
419,2139,2939,6.674901293872229e-86,0,,219,100
420,2143,2943,5.4593738356501786e-89,0,,219,100
421,2150,2950,5.898458611653791e-94,0,,217,100
422,2155,2955,1.0904230238055379e-104,0,,214,100
423,2159,2959,1.2161422548881297e-93,0,,213,100
424,2163,2963,6.287540776042837e-96,0,,215,100
425,2171,2971,6.284001165946916e-55,0,,215,100
426,2175,2975,2.441584998667676e-53,0,,214,100
427,2179,2979,2.4866632872516677e-88,0,,215,100
428,2187,2987,5.889933157577544e-46,0,,214,100
429,2192,2992,6.959864511830834e-64,0,,215,100
430,2196,2996,5.112600693387796e-59,0,,216,100
431,2203,3003,3.423169677902213e-67,0,,216,100
432,2209,3009,7.587650622820738e-50,0,,213,100
433,2214,3014,1.2049588023444966e-61,0,,210,100
434,2218,3018,4.27304876733515e-53,0,,211,100
435,2222,3022,8.372461887910991e-57,0,,211,100
436,2228,3028,3.525829555403836e-55,0,,210,100
437,2232,3032,3.987855832792104e-43,0,,209,100
438,2236,3036,2.433591499648404e-72,0,,209,100
439,2243,3043,6.313899117248726e-32,0,,210,100
440,2249,3049,8.197607567940436e-26,0,,210,100
441,2255,3055,1.684706750187785e-30,0,,212,100
442,2266,3066,1.4024472820943794e-15,0,,211,100
443,2270,3070,3.842194526025384e-24,0,,212,100
444,2277,3077,9.891012001645326e-38,0,,211,100
445,2286,3086,3.952020746051457e-45,0,,212,100
446,2291,3091,8.563680289534148e-46,0,,214,100
447,2296,3096,2.7767123483657987e-36,0,,213,100
448,2302,3102,3.618591951462771e-55,0,,212,100
449,2306,3106,7.009882707359892e-47,0,,212,100
450,2311,3111,1.2145956403557604e-44,0,,214,100
451,2316,3116,1.8215543550709126e-50,0,,217,100
452,2320,3120,2.521951865759243e-34,0,,217,100
453,2324,3124,2.552578328768415e-74,0,,217,100
454,2330,3130,4.423703578640012e-93,0,,218,100
455,2334,3134,1.6498761105369778e-95,0,,218,100
456,2340,3140,4.094518825594475e-90,0,,218,100
457,2343,3143,7.073352572926008e-49,0,,218,100
458,2347,3147,9.18561543192958e-89,0,,217,100
459,2352,3152,3.5022608940173034e-70,0,,219,100
460,2362,3162,5.507448475032925e-59,0,,218,100
461,2365,3165,6.608816413263813e-62,0,,219,100
462,2374,3174,2.436047783277308e-15,0,,216,100
463,2379,3179,1.2143044588194074e-17,0,,213,100
464,2383,3183,5.83606922883712e-15,0,,214,100
465,2387,3187,3.8169533636852424e-28,0,,214,100
466,2395,3195,1.1418938068690107e-15,0,,215,100
467,2401,3201,2.0076520700393348e-11,0,,216,100
468,2409,3209,2.093118739832767e-10,0,,214,100
469,2413,3213,2.181724430264517e-09,0,,214,100
470,2419,3219,1.1059384456742482e-14,0,,214,100
471,2426,3226,1.0634822408581973e-16,0,,216,100
472,2435,3235,7.283982187837407e-06,0,,217,100
473,2440,3240,1.1724095967880427e-08,0,,216,100
474,2448,3248,5.021829459577767e-15,0,,216,100
475,2454,3254,3.380722533116605e-59,0,,218,100
476,2458,3258,9.250894694630547e-61,0,,218,100
477,2465,3265,2.444821321644909e-58,0,,220,100
478,2473,3273,5.069551393708859e-70,0,,220,100
479,2479,3279,1.0304516505207324e-81,0,,223,100
480,2491,3291,2.2481572819413884e-81,0,,221,100
481,2497,3297,8.783273939051877e-97,0,,222,100
482,2503,3303,3.9236243616724784e-77,0,,222,100
483,2509,3309,2.5650443501122107e-50,0,,221,100
484,2513,3313,5.190783207896758e-68,0,,221,100
485,2519,3319,2.0310297251198528e-125,0,,223,100
486,2526,3326,2.048150617549802e-187,0,,222,100
487,2531,3331,5.961891106086219e-202,0,,220,100
488,2537,3337,2.830882878601459e-185,0,,220,100
489,2541,3341,9.23128458803742e-229,0,,219,100
490,2547,3347,2.7585691000112883e-144,0,,218,100
491,2551,3351,7.32757493882676e-133,0,,219,100
492,2555,3355,1.537767839468631e-93,0,,219,100
493,2559,3359,2.213632460816658e-183,0,,218,100
494,2564,3364,1.782726143864331e-197,0,,219,100
495,2567,3367,4.872038402352355e-12,0,,219,100
496,2571,3371,7.160784218714003e-17,0,,222,100
497,2578,3378,2.693447007151526e-12,0,,221,100
498,2583,3383,8.503080228618375e-39,0,,218,100
499,2587,3387,1.961516601768503e-37,0,,217,100
500,2591,3391,2.466064469031909e-44,0,,219,100
501,2599,3399,2.655509010699178e-23,0,,219,100
502,2605,3405,4.748396945659642e-41,0,,219,100
503,2613,3413,9.674646372988717e-14,0,,219,100
504,2616,3416,3.5912731147016176e-19,0,,219,100
505,2626,3426,3.021257490309102e-10,0,,219,100
506,2630,3430,1.25216993937017e-13,0,,220,100
507,2640,3440,1.7566010900751675e-18,0,,219,100
508,2644,3444,4.724907978103861e-11,0,,219,100
509,2649,3449,2.688007154124156e-10,0,,219,100
510,2653,3453,8.257279856629586e-10,0,,219,100
511,2660,3460,5.949442124207459e-07,0,,220,100
512,2663,3463,7.938057827203014e-08,0,,219,100
513,2667,3467,7.113838924117484e-08,0,,219,100
514,2673,3473,3.144121304936483e-20,0,,218,100
515,2677,3477,1.8580713499014953e-17,0,,217,100
516,2681,3481,5.347351979123637e-14,0,,220,100
517,2686,3486,1.4885237435624634e-16,0,,223,100
518,2695,3495,1.0018155827760165e-27,0,,223,100
519,2698,3498,5.3588858874355055e-90,0,,222,100
520,2702,3502,2.3226690914565463e-80,0,,222,100
521,2710,3510,1.0727141592361438e-51,0,,220,100
522,2715,3515,7.36422720612291e-164,0,,218,100
523,2719,3519,2.6627447074962284e-27,0,,217,100
524,2723,3523,4.1675975494760746e-30,0,,218,100
525,2731,3531,1.3808044190408097e-18,0,,219,100
526,2735,3535,3.965982408554862e-11,0,,219,100
527,2739,3539,2.913857915197503e-13,0,,219,100
528,2747,3547,5.535207742483605e-16,0,,219,100
529,2752,3552,1.4520826372963292e-17,0,,220,100
530,2756,3556,1.2984050360662004e-15,0,,221,100
531,2762,3562,6.3422311122204095e-15,0,,222,100
532,2768,3568,3.907709741958849e-12,0,,218,100
533,2773,3573,6.695843152828223e-47,0,,215,100
534,2777,3577,7.227863450757368e-21,0,,215,100
535,2781,3581,6.888282991652558e-14,0,,214,100
536,2787,3587,1.6410925747090606e-13,0,,215,100
537,2791,3591,4.776929850461444e-10,0,,214,100
538,2795,3595,1.0061247817626151e-08,0,,215,100
539,2801,3601,2.097732942477764e-10,0,,216,100
540,2807,3607,2.3349637077793676e-12,0,,217,100
541,2813,3613,2.3803765382534128e-08,0,,217,100
542,2817,3617,1.6463702945322089e-12,0,,218,100
543,2824,3624,7.804913239392397e-12,0,,219,100
544,2833,3633,8.953086952182025e-12,0,,220,100
545,2839,3639,5.909224742057323e-12,0,,219,100
546,2843,3643,4.4579070826533566e-08,0,,220,100
547,2849,3649,1.3477886713420106e-08,0,,220,100
548,2857,3657,1.4478069078285831e-09,0,,219,100
549,2861,3661,2.6985011956367703e-10,0,,221,100
550,2870,3670,1.6329069215507064e-15,0,,221,100
551,2877,3677,1.4851463238331135e-16,0,,222,100
552,2881,3681,8.478574642693817e-11,0,,223,100
553,2887,3687,3.718623110104774e-56,0,,222,100
554,2890,3690,5.236636817774132e-29,0,,223,100
555,2894,3694,3.4666973247349454e-47,0,,222,100
556,2900,3700,2.2035754250593288e-39,0,,222,100
557,2906,3706,4.734189589842568e-71,0,,222,100
558,2910,3710,0.0,0,,221,100
559,2916,3716,3.8708553040448447e-121,0,,220,100
560,2920,3720,0.0008806653295915092,0,,220,100
561,2923,3723,0.0015836733692926128,1,,220,100
562,2927,3727,3.280669527765612e-08,0,,220,100
563,2932,3732,8.6534399396955e-06,0,,221,100
564,2937,3737,1.1344733012983565e-40,0,,219,100
565,2941,3741,1.1519828477455483e-39,0,,219,100
566,2945,3745,6.969130033525023e-22,0,,220,100
567,2950,3750,2.3530532094710414e-34,0,,220,100
568,2954,3754,5.288514278349092e-19,0,,221,100
569,2960,3760,3.641597846008229e-35,0,,222,100
570,2963,3763,2.874947137127613e-33,0,,222,100
571,2967,3767,3.6431501283528514e-36,0,,221,100
572,2973,3773,1.393100729424111e-35,0,,222,100
573,2979,3779,3.518009414584535e-26,0,,222,100
574,2983,3783,8.367925316618677e-23,0,,221,100
575,2989,3789,1.1902414356580164e-21,0,,221,100
576,2993,3793,3.597161392671867e-23,0,,221,100
577,3000,3800,6.48327199279769e-29,0,,221,100
578,3006,3806,1.5523880973978499e-23,0,,221,100
579,3012,3812,2.2134933890386592e-24,0,,222,100
580,3018,3818,5.890609963630845e-18,0,,221,100
581,3022,3822,8.35722831704137e-20,0,,221,100
582,3028,3828,7.580980962478739e-22,0,,222,100
583,3034,3834,1.4121957887046887e-13,0,,222,100
584,3039,3839,1.537571401370476e-16,0,,224,100
585,3048,3848,9.173350873156648e-20,0,,222,100
586,3053,3853,0.0006598224100258518,0,,222,100
587,3057,3857,0.00048312853087628124,0,,223,100
588,3063,3863,4.4247595745632775e-07,0,,224,100
589,3069,3869,0.003346930304198253,1,,224,100
590,3073,3873,0.0013304526500690968,1,,224,100
591,3079,3879,4.61502259964307e-84,0,,224,100
592,3083,3883,1.012295226240334e-05,0,,223,100
593,3087,3887,0.006346987011705066,1,,225,100
594,3091,3891,3.629001374556832e-06,0,,224,100
595,3096,3896,4.1608680315854695e-07,0,,223,100
596,3099,3899,1.558682203176847e-08,0,,222,100
597,3103,3903,1.4293799442951803e-05,0,,222,100
598,3110,3910,0.04857629081449714,1,,221,100
599,3115,3915,4.0790097103199966e-05,0,,218,100
600,3119,3919,1.4380383799054849e-15,0,,218,100
601,3123,3923,2.721595690982218e-05,0,,218,100
602,3129,3929,8.178774892206078e-10,0,,218,100
603,3133,3933,1.8595357673229635e-226,0,,217,100
604,3136,3936,1.323190708093269e-219,0,,219,100
605,3141,3941,2.728593353368911e-241,0,,223,100
606,3145,3945,1.5952365015863293e-223,0,,223,100
607,3148,3948,1.4663769697560658e-250,0,,223,100
608,3152,3952,3.5358147996511004e-240,0,,222,100
609,3159,3959,2.4035610518853473e-20,0,,221,100
610,3165,3965,1.4845280070063932e-18,0,,222,100
611,3169,3969,1.0392672300344696e-20,0,,224,100
612,3179,3979,1.1771571844699452e-63,0,,222,100
613,3183,3983,2.020936741169098e-30,0,,222,100
614,3187,3987,2.653179981958922e-27,0,,222,100
615,3192,3992,4.2591898472762e-28,0,,223,100
616,3197,3997,1.2067618474403993e-26,0,,223,100
617,3206,4006,2.3638703476241017e-39,0,,225,100
618,3211,4011,3.3984871822269496e-35,0,,226,100
619,3215,4015,1.6020468272873633e-35,0,,225,100
620,3220,4020,1.1291119020758036e-46,0,,225,100
621,3223,4023,5.256108828698707e-54,0,,225,100
622,3227,4027,4.360988144310859e-38,0,,224,100
623,3232,4032,6.763947778723445e-24,0,,224,100
624,3236,4036,2.1475907721857894e-17,0,,223,100
625,3241,4041,1.4649154587035914e-19,0,,223,100
626,3245,4045,8.871299165443478e-30,0,,223,100
627,3250,4050,2.829638646843013e-13,0,,222,100
628,3253,4053,5.782682100815529e-19,0,,222,100
629,3257,4057,1.652636327148619e-14,0,,222,100
630,3262,4062,5.069502636127491e-25,0,,220,100
631,3266,4066,1.834677604395571e-21,0,,219,100
632,3271,4071,3.462721832670669e-20,0,,221,100
633,3275,4075,1.0808750277541104e-17,0,,222,100
634,3283,4083,1.1271183221426167e-38,0,,222,100
635,3287,4087,5.754020219443624e-23,0,,221,100
636,3292,4092,6.023034256543353e-22,0,,221,100
637,3296,4096,3.326282945036763e-11,0,,221,100
638,3300,4100,7.211980262405889e-09,0,,220,100
639,3307,4107,1.2814861687750808e-07,0,,220,100
640,3311,4111,6.513790570474304e-09,0,,220,100
641,3316,4116,0.0019882367552731058,1,,220,100
642,3322,4122,0.0022018186290926924,1,,221,100
643,3331,4131,0.001665962293375159,1,,223,100
644,3337,4137,2.16522810598314e-06,0,,228,100
645,3342,4142,1.0595808983636383e-05,0,,229,100
646,3351,4151,8.702270426067711e-46,0,,228,100
647,3356,4156,2.2904376841731357e-67,0,,228,100
648,3360,4160,6.745071081812617e-05,0,,227,100
649,3368,4168,1.317104926655667e-08,0,,225,100
650,3373,4173,1.393307442848433e-20,0,,223,100
651,3376,4176,1.7271249786653608e-17,0,,222,100
652,3380,4180,3.622549228848044e-05,0,,223,100
653,3388,4188,1.9750377925228904e-07,0,,225,100
654,3392,4192,6.583602451927207e-07,0,,225,100
655,3395,4195,1.2003377208072782e-10,0,,225,100
656,3399,4199,2.4802810540061573e-09,0,,225,100
657,3403,4203,8.472537738258263e-11,0,,225,100
658,3410,4210,7.986281681671663e-21,0,,226,100
659,3413,4213,1.5989251458623626e-14,0,,225,100
660,3417,4217,2.1956987503470996e-25,0,,225,100
661,3423,4223,3.0652493820750175e-24,0,,226,100
662,3426,4226,2.8416152130579084e-15,0,,225,100
663,3430,4230,7.980043311912091e-19,0,,225,100
664,3438,4238,4.2149740566402897e-19,0,,225,100
665,3441,4241,4.0467907226730245e-22,0,,223,100
666,3446,4246,6.027837334807822e-25,0,,222,100
667,3451,4251,5.584888774589035e-27,0,,223,100
668,3455,4255,1.387871278280483e-26,0,,223,100
669,3462,4262,2.3899981194387817e-31,0,,224,100
670,3470,4270,2.754286600983413e-33,0,,228,100
671,3473,4273,5.111848755351658e-37,0,,228,100
672,3480,4280,3.8259352931944956e-74,0,,225,100
673,3485,4285,1.1026147237563272e-39,0,,222,100
674,3489,4289,3.8499081751024776e-15,0,,222,100
675,3493,4293,8.045298256357596e-41,0,,224,100
676,3501,4301,9.740507631027794e-19,0,,222,100
677,3507,4307,4.831258135997506e-43,0,,222,100
678,3511,4311,6.993911386511188e-58,0,,220,100
679,3515,4315,4.559410126029176e-54,0,,221,100
680,3520,4320,1.811286386930109e-39,0,,221,100
681,3525,4325,1.99498928496357e-25,0,,222,100
682,3531,4331,3.466438896405841e-28,0,,221,100
683,3534,4334,3.517160830206298e-27,0,,223,100
684,3544,4344,7.405912762085707e-47,0,,227,100
685,3548,4348,3.0534649797923085e-26,0,,226,100
686,3558,4358,4.959329198618992e-31,0,,226,100
687,3562,4362,1.3200428759649633e-24,0,,226,100
688,3572,4372,4.343879608415129e-21,0,,226,100
689,3576,4376,2.773852246244628e-10,0,,225,100
690,3583,4383,1.547916255195242e-36,0,,225,100
691,3587,4387,7.718007284078519e-34,0,,225,100
692,3594,4394,6.835306492557038e-24,0,,224,100
693,3598,4398,1.0180880347718254e-24,0,,223,100
694,3602,4402,1.0573707784166194e-11,0,,223,100
695,3607,4407,8.885230339941673e-10,0,,224,100
696,3616,4416,2.051095863693357e-14,0,,224,100
697,3621,4421,3.646896171104041e-11,0,,224,100
698,3625,4425,2.805249628619949e-13,0,,224,100
699,3630,4430,1.009263328496217e-21,0,,225,100
700,3633,4433,9.845951034153357e-24,0,,223,100
701,3637,4437,7.705482415148836e-16,0,,223,100
702,3642,4442,5.649889700991621e-10,0,,222,100
703,3646,4446,1.5809990008978193e-06,0,,222,100
704,3651,4451,2.166471891330015e-12,0,,223,100
705,3655,4455,3.434631219909595e-10,0,,222,100
706,3660,4460,5.115675172529062e-17,0,,222,100
707,3663,4463,1.3245762570375404e-15,0,,221,100
708,3667,4467,1.1978078275730636e-07,0,,221,100
709,3672,4472,5.664891420129412e-14,0,,220,100
710,3676,4476,1.0805985681880493e-31,0,,222,100
711,3681,4481,2.8941452076032143e-23,0,,225,100
712,3687,4487,1.765504993580627e-45,0,,224,100
713,3694,4494,4.0440751017734865e-261,0,,226,100
714,3700,4500,3.5528488944051274e-211,0,,225,100
715,3705,4505,9.502905981653167e-267,0,,224,100
716,3712,4512,3.946104195473187e-67,0,,224,100
717,3717,4517,2.576929001058407e-60,0,,225,100
718,3721,4521,1.9055813722082485e-40,0,,225,100
719,3729,4529,3.1496823971962005e-36,0,,222,100
720,3734,4534,2.140633125135682e-38,0,,220,100
721,3738,4538,3.1149960131715317e-66,0,,220,100
722,3742,4542,1.8157149384459168e-25,0,,219,100
723,3748,4548,1.2901360113677676e-50,0,,220,100
724,3756,4556,1.3106152481251135e-43,0,,219,100
725,3758,4558,6.11983666264148e-34,0,,219,100
726,3763,4563,7.56250364000723e-30,0,,219,100
727,3769,4569,2.058217579847603e-37,0,,218,100
728,3773,4573,4.33588429040466e-21,0,,218,100
729,3779,4579,5.53606614031182e-27,0,,220,100
730,3784,4584,1.5022146339101155e-20,0,,220,100
731,3792,4592,6.418806685452509e-19,0,,219,100
732,3798,4598,1.0007300932537422e-13,0,,217,100
733,3804,4604,4.1644638076461425e-19,0,,217,100
734,3807,4607,1.1536779674696896e-22,0,,217,100
735,3812,4612,7.512346444477417e-20,0,,219,100
736,3816,4616,1.7572754745528148e-19,0,,222,100
737,3821,4621,1.2452320723466996e-17,0,,221,100
738,3824,4624,2.5050418353119455e-16,0,,221,100
739,3828,4628,4.538611016879236e-20,0,,221,100
740,3832,4632,4.2678478004933296e-21,0,,221,100
741,3839,4639,1.2243224024157972e-17,0,,220,100
742,3843,4643,1.9368268673130077e-28,0,,219,100
743,3849,4649,3.213233308647391e-38,0,,220,100
744,3855,4655,7.026289058745056e-24,0,,218,100
745,3858,4658,2.0577340607259707e-22,0,,218,100
746,3862,4662,1.2301781350462647e-15,0,,218,100
747,3868,4668,1.5000203778833035e-24,0,,218,100
748,3871,4671,2.5386470947045744e-21,0,,217,100
749,3875,4675,1.789945701022591e-18,0,,217,100
750,3881,4681,2.66487439202864e-30,0,,218,100
751,3884,4684,2.4980777396973457e-25,0,,218,100
752,3886,4686,9.320750077580108e-28,0,,217,100
753,3891,4691,5.612853346013918e-28,0,,218,100
754,3900,4700,3.7128495392987415e-138,0,,218,100
755,3906,4706,3.7780839226571625e-152,0,,218,100
756,3909,4709,1.821049248411395e-230,0,,218,100
757,3913,4713,2.2095243298455773e-220,0,,217,100
758,3916,4716,2.229030073666265e-307,0,,217,100
759,3922,4722,1.2881894188177516e-294,0,,217,100
760,3925,4725,2.6584784407443054e-279,0,,217,100
761,3929,4729,3.470514786174576e-73,0,,217,100
762,3936,4736,1.711336904221644e-138,0,,215,100
763,3941,4741,1.6531639355899434e-138,0,,211,100
764,3945,4745,1.1383237417006877e-134,0,,211,100
765,3948,4748,3.028399543186215e-132,0,,211,100
766,3954,4754,8.755014459050497e-120,0,,214,100
767,3960,4760,7.370724841603657e-79,0,,215,100
768,3963,4763,8.57780224441681e-61,0,,217,100
769,3967,4767,7.61029249675815e-60,0,,217,100
770,3974,4774,2.520366859074743e-112,0,,216,100
771,3978,4778,5.743516794473467e-71,0,,215,100
772,3981,4781,1.8480564457319918e-56,0,,215,100
773,3987,4787,4.672799525637004e-52,0,,216,100
774,3992,4792,8.249080462038116e-77,0,,215,100
775,3995,4795,3.6636313897577257e-110,0,,215,100
776,3999,4799,5.640755976773913e-102,0,,214,100
777,4004,4804,1.692731217652505e-24,0,,212,100
778,4008,4808,3.2800648949150466e-22,0,,212,100
779,4011,4811,8.116746984588205e-19,0,,212,100
780,4017,4817,1.0997560882682032e-14,0,,213,100
781,4023,4823,1.703658431850962e-17,0,,214,100
782,4028,4828,2.1463502440969757e-17,0,,215,100
783,4037,4837,3.4421742589410477e-25,0,,214,100
784,4042,4842,3.4616363904533957e-31,0,,215,100
785,4046,4846,1.7506947946804575e-27,0,,215,100
786,4053,4853,7.182755214961059e-32,0,,214,100
787,4061,4861,3.3724438041686516e-25,0,,214,100
788,4067,4867,7.180091510713539e-28,0,,215,100
789,4070,4870,4.127171979195517e-56,0,,214,100
790,4076,4876,6.315748779645657e-27,0,,213,100
791,4078,4878,4.463519308950633e-28,0,,213,100
792,4083,4883,6.052586622842339e-35,0,,213,100
793,4089,4889,1.0532321038176517e-36,0,,214,100
794,4095,4895,2.5724824599507345e-37,0,,215,100
795,4101,4901,5.525842737698584e-37,0,,217,100
796,4106,4906,1.2173149081805947e-18,0,,216,100
797,4110,4910,1.2259596586292191e-14,0,,217,100
798,4116,4916,4.689876893649914e-13,0,,216,100
799,4120,4920,5.498007317317167e-26,0,,216,100
800,4123,4923,1.5533644096514469e-30,0,,216,100
801,4127,4927,3.23990291945364e-26,0,,216,100
802,4132,4932,2.9567713792623565e-30,0,,212,100
803,4137,4937,1.9465437505025478e-26,0,,210,100
804,4141,4941,5.386172400895318e-22,0,,210,100
805,4145,4945,2.2221242528766664e-26,0,,211,100
806,4149,4949,2.3630033825783888e-30,0,,210,100
807,4155,4955,4.235742460262098e-28,0,,211,100
808,4161,4961,2.7497213495026427e-46,0,,212,100
809,4166,4966,8.497037500296998e-40,0,,212,100
810,4169,4969,2.5490325842076683e-45,0,,214,100
811,4173,4973,3.881374530424058e-43,0,,216,100
812,4179,4979,7.38146677074014e-18,0,,215,100
813,4184,4984,1.2815800741965599e-46,0,,215,100
814,4192,4992,4.506074204964584e-27,0,,215,100
815,4195,4995,9.163361065195695e-32,0,,214,100
816,4199,4999,3.6514187632105463e-31,0,,213,100
817,4204,5004,3.160946032775906e-38,0,,213,100
818,4210,5010,4.2857938067234685e-25,0,,213,100
819,4214,5014,2.1249247868735175e-38,0,,213,100
820,4218,5018,8.71511083732182e-43,0,,214,100
821,4226,5026,3.685501530204257e-42,0,,213,100
822,4230,5030,1.9052160491518921e-34,0,,213,100
823,4234,5034,4.1013687033920446e-30,0,,213,100
824,4242,5042,3.611476128392085e-38,0,,214,100
825,4247,5047,1.2359733369821864e-42,0,,215,100
826,4251,5051,2.760891799126446e-41,0,,215,100
827,4257,5057,2.2568923280193265e-38,0,,217,100
828,4263,5063,4.0026880411217865e-29,0,,216,100
829,4267,5067,3.602617028067731e-18,0,,214,100
830,4272,5072,4.031913996898947e-18,0,,214,100
831,4276,5076,9.273639163694644e-18,0,,215,100
832,4284,5084,1.4985657673364723e-20,0,,215,100
833,4288,5088,9.179336538354248e-28,0,,215,100
834,4292,5092,4.010169428938123e-25,0,,215,100
835,4298,5098,1.7157115349048555e-36,0,,216,100
836,4303,5103,1.5456223259988374e-11,0,,216,100
837,4313,5113,2.3134682095340754e-23,0,,215,100
838,4317,5117,1.7542102846798931e-12,0,,216,100
839,4321,5121,4.404079554545152e-11,0,,217,100
840,4325,5125,2.508013926331615e-13,0,,217,100
841,4330,5130,5.7793020545594664e-15,0,,218,100
842,4333,5133,6.389282732517118e-16,0,,217,100
843,4340,5140,1.4859770330975696e-21,0,,214,100
844,4344,5144,7.531725955299407e-26,0,,212,100
845,4348,5148,1.2676124584199725e-26,0,,212,100
846,4351,5151,9.852734455811822e-28,0,,212,100
847,4355,5155,4.9963449515881914e-30,0,,212,100
848,4363,5163,4.708475779016475e-87,0,,212,100
849,4367,5167,8.063816729493204e-112,0,,213,100
850,4371,5171,1.8613452372208062e-133,0,,213,100
851,4377,5177,9.432114352598525e-104,0,,213,100
852,4381,5181,1.8824768127132362e-140,0,,213,100
853,4386,5186,5.099433718255152e-114,0,,213,100
854,4392,5192,7.707477744735663e-109,0,,214,100
855,4395,5195,2.7809078459836933e-139,0,,215,100
856,4399,5199,6.846211491127282e-114,0,,218,100
857,4405,5205,7.987023979946743e-304,0,,219,100
858,4409,5209,1.156933440777728e-222,0,,218,100
859,4412,5212,5.615120812947407e-263,0,,219,100
860,4419,5219,2.040539546776768e-245,0,,218,100
861,4422,5222,5.063768770109396e-300,0,,217,100
862,4426,5226,1.3086443169011718e-266,0,,218,100
863,4434,5234,0.0,0,,217,100
864,4438,5238,0.0,0,,217,100
865,4443,5243,6.487573846869429e-213,0,,217,100
866,4447,5247,4.581855632795653e-198,0,,218,100
867,4451,5251,4.835133255631849e-81,0,,217,100
868,4456,5256,1.360826661590616e-74,0,,218,100
869,4462,5262,1.3773085003520258e-95,0,,218,100
870,4465,5265,1.7954218514263591e-90,0,,218,100
871,4469,5269,8.00523314701535e-52,0,,219,100
872,4476,5276,5.662642180860273e-83,0,,217,100
873,4480,5280,4.060894714893618e-68,0,,215,100
874,4484,5284,2.0473858801385958e-61,0,,215,100
875,4488,5288,3.1748879617894304e-83,0,,217,100
876,4496,5296,7.208964122846724e-67,0,,215,100
877,4500,5300,1.5884575913463163e-56,0,,219,100
878,4508,5308,1.1083193279533958e-52,0,,221,100
879,4513,5313,5.570951643786932e-31,0,,220,100
880,4517,5317,4.259906506550207e-33,0,,221,100
881,4528,5328,7.2804337790653085e-59,0,,220,100
882,4532,5332,9.857334247757684e-43,0,,219,100
883,4540,5340,7.743187199227453e-51,0,,220,100
884,4545,5345,1.0036651483122655e-40,0,,219,100
885,4548,5348,2.733553139139734e-53,0,,219,100
886,4551,5351,4.13309050103223e-101,0,,219,100
887,4554,5354,1.3270666055018812e-74,0,,218,100
888,4558,5358,2.203012492181939e-86,0,,219,100
889,4565,5365,6.24797566346687e-216,0,,218,100
890,4570,5370,4.810959837849676e-258,0,,219,100
891,4574,5374,3.561136898947867e-204,0,,220,100
892,4578,5378,2.513422641236282e-147,0,,218,100
893,4583,5383,1.0496727119659926e-134,0,,219,100
894,4589,5389,1.1644892172479175e-144,0,,219,100
895,4593,5393,2.593744341798766e-150,0,,220,100
896,4601,5401,3.4096479159741153e-192,0,,220,100
897,4605,5405,1.0175822704762241e-239,0,,220,100
898,4612,5412,1.1924866923919075e-58,0,,219,100
899,4616,5416,7.749247052823545e-79,0,,217,100
900,4622,5422,6.555088635908974e-72,0,,217,100
901,4626,5426,3.163472374762273e-64,0,,217,100
902,4630,5430,2.8131602476216723e-65,0,,218,100
903,4642,5442,3.8303547573337406e-71,0,,220,100
904,4645,5445,7.774163655950496e-65,0,,220,100
905,4649,5449,7.948172446894094e-61,0,,221,100
906,4657,5457,4.309198475278733e-83,0,,221,100
907,4661,5461,1.7550273694995442e-66,0,,221,100
908,4664,5464,1.0489782866748665e-49,0,,221,100
909,4668,5468,1.0310891932662195e-66,0,,221,100
910,4674,5474,6.402931739152868e-75,0,,221,100
911,4679,5479,4.0514296902247413e-79,0,,221,100
912,4684,5484,6.864327016096719e-69,0,,221,100
913,4689,5489,8.215022087084209e-52,0,,220,100
914,4698,5498,1.1240991393094209e-57,0,,220,100
915,4701,5501,6.331791601790754e-66,0,,220,100
916,4705,5505,1.6145966137030903e-74,0,,220,100
917,4709,5509,3.228722491230358e-38,0,,223,100
918,4714,5514,2.1147513418503613e-61,0,,225,100
919,4718,5518,1.0720522059449015e-65,0,,227,100
920,4723,5523,6.213355666576602e-36,0,,225,100
921,4727,5527,6.868008344279413e-36,0,,226,100
922,4732,5532,3.004160745518645e-35,0,,225,100
923,4736,5536,1.1327673381080117e-37,0,,226,100
924,4742,5542,1.0765675828652331e-39,0,,226,100
925,4746,5546,1.7664051069345465e-34,0,,226,100
926,4750,5550,5.860901568908991e-33,0,,225,100
927,4759,5559,4.706425151459528e-33,0,,223,100
928,4763,5563,4.355415020886799e-47,0,,221,100
929,4767,5567,1.6460205274727909e-49,0,,221,100
930,4773,5573,1.0899948718884108e-36,0,,221,100
931,4779,5579,1.1804377555580178e-71,0,,223,100
932,4782,5582,3.968873386067338e-31,0,,223,100
933,4786,5586,2.072974507882906e-25,0,,223,100
934,4792,5592,3.1026770190483813e-24,0,,223,100
935,4799,5599,8.781404118037511e-26,0,,224,100
936,4802,5602,2.1498618187143944e-29,0,,224,100
937,4806,5606,2.0170804496618667e-27,0,,223,100
938,4809,5609,1.0481176406495826e-25,0,,223,100
939,4813,5613,1.486989363466543e-22,0,,222,100
940,4820,5620,8.952905654947842e-52,0,,221,100
941,4824,5624,2.9271892737572115e-40,0,,224,100
942,4830,5630,2.811601800027699e-38,0,,227,100
943,4835,5635,1.2858951840599383e-48,0,,226,100
944,4838,5638,8.877492897091337e-44,0,,226,100
945,4842,5642,9.251639043770745e-34,0,,226,100
946,4848,5648,2.845527938733883e-42,0,,226,100
947,4855,5655,1.9583252206863998e-44,0,,227,100
948,4858,5658,1.4775962708414309e-37,0,,229,100
949,4864,5664,2.9040719829555472e-24,0,,228,100
950,4868,5668,5.445684541566303e-84,0,,228,100
951,4872,5672,9.970986032990348e-25,0,,229,100
952,4877,5677,1.368533830802462e-53,0,,228,100
953,4881,5681,1.8132566389222215e-67,0,,228,100
954,4885,5685,5.4224519681763854e-64,0,,227,100
955,4889,5689,1.0058950961829154e-64,0,,226,100
956,4896,5696,7.64632829106618e-51,0,,226,100
957,4899,5699,3.1662885915715934e-56,0,,226,100
958,4902,5702,4.539637839799955e-45,0,,226,100
959,4907,5707,5.0814857339971305e-52,0,,226,100
960,4912,5712,2.5272456585550294e-53,0,,227,100
961,4916,5716,1.3344904140459983e-70,0,,228,100
962,4923,5723,2.3433498191457116e-105,0,,227,100
963,4927,5727,6.913773194043127e-24,0,,227,100
964,4933,5733,5.713926346085723e-22,0,,227,100
965,4937,5737,2.05697538716073e-24,0,,230,100
966,4941,5741,1.1681719452058381e-21,0,,232,100
967,4943,5743,1.1309525215512924e-17,0,,231,100
968,4947,5747,2.3710750032637575e-16,0,,231,100
969,4950,5750,3.8370065080249463e-19,0,,232,100
970,4955,5755,8.518722882822473e-21,0,,231,100
971,4959,5759,1.8902827191444502e-16,0,,230,100
972,4968,5768,3.0518520762180376e-15,0,,229,100
973,4972,5772,9.14969860470753e-17,0,,227,100
974,4976,5776,5.0292563307448127e-23,0,,228,100
975,4982,5782,1.8728504499665843e-12,0,,228,100
976,4987,5787,3.7555476994953964e-27,0,,229,100
977,4990,5790,5.576951941092378e-09,0,,228,100
978,4992,5792,9.289600642624638e-15,0,,228,100
979,4997,5797,1.7172282619986314e-31,0,,229,100
980,5002,5802,6.121206790730136e-14,0,,229,100
981,5006,5806,1.0715417797598608e-24,0,,230,100
982,5013,5813,1.3933033919562227e-24,0,,230,100
983,5017,5817,5.4897020775480626e-21,0,,234,100
984,5025,5825,4.590925835902994e-19,0,,235,100
985,5029,5829,1.0684183670922449e-20,0,,235,100
986,5035,5835,7.421097658560369e-32,0,,235,100
987,5040,5840,1.9592966853785578e-31,0,,235,100
988,5043,5843,6.190543395747621e-21,0,,235,100
989,5047,5847,4.529820853982022e-27,0,,234,100
990,5056,5856,1.4327690813114647e-25,0,,232,100
991,5060,5860,2.399151832993738e-56,0,,231,100
992,5064,5864,7.332654646642828e-45,0,,232,100
993,5068,5868,2.3299682062398663e-49,0,,233,100
994,5073,5873,2.6969354974616843e-58,0,,232,100
995,5077,5877,6.686209114686784e-48,0,,233,100
996,5084,5884,4.0985910523790643e-81,0,,234,100
997,5088,5888,3.66323360567413e-101,0,,234,100
998,5091,5891,1.3304962201490356e-142,0,,233,100
999,5095,5895,2.131005357142227e-140,0,,233,100
1000,5100,5900,6.360599789071152e-39,0,,233,100
1001,5103,5903,2.2698329288918918e-63,0,,233,100
1002,5107,5907,3.4312680441938424e-63,0,,232,100
1003,5115,5915,4.043300591450912e-35,0,,233,100
1004,5119,5919,1.5195691411502656e-65,0,,230,100
1005,5128,5928,1.0738564151404884e-54,0,,235,100
1006,5133,5933,2.201795370816083e-70,0,,235,100
1007,5137,5937,1.4110320037460557e-64,0,,235,100
1008,5146,5946,7.075154233071273e-31,0,,235,100
1009,5150,5950,1.0669607707633793e-27,0,,236,100
1010,5157,5957,1.687534271918198e-17,0,,236,100
1011,5160,5960,9.506904796617079e-23,0,,235,100
1012,5166,5966,2.1195397137130637e-77,0,,235,100
1013,5170,5970,8.649277458380685e-97,0,,236,100
1014,5174,5974,1.5666694848073704e-10,0,,238,100
1015,5181,5981,9.180499005013922e-30,0,,238,100
1016,5183,5983,1.621829857077558e-23,0,,238,100
1017,5190,5990,2.9435987135716545e-21,0,,238,100
1018,5197,5997,4.407036954935101e-79,0,,235,100
1019,5201,6001,1.78451240413998e-82,0,,232,100
1020,5205,6005,1.0633047479480359e-79,0,,232,100
1021,5209,6009,2.4575270280693585e-85,0,,233,100
1022,5214,6014,4.353974321487984e-49,0,,233,100
1023,5218,6018,2.2980229820498834e-73,0,,233,100
1024,5226,6026,2.0264854208086057e-67,0,,235,100
1025,5228,6028,1.6256617975613875e-70,0,,235,100
1026,5235,6035,1.0938139064471807e-84,0,,235,100
1027,5244,6044,4.093669496319352e-72,0,,235,100
1028,5247,6047,4.295041955651713e-95,0,,236,100
1029,5253,6053,2.342406177444282e-53,0,,235,100
1030,5257,6057,2.7982606872677957e-69,0,,235,100
1031,5263,6063,1.993133570917898e-58,0,,240,100
1032,5266,6066,3.984399378763398e-225,0,,239,100
1033,5270,6070,5.4634909338679404e-213,0,,239,100
1034,5274,6074,2.424870445979313e-241,0,,239,100
1035,5278,6078,1.2705050497767246e-211,0,,240,100
1036,5283,6083,1.8041479675854407e-32,0,,239,100
1037,5286,6086,1.7151861459827935e-111,0,,239,100
1038,5290,6090,2.7042200972912063e-61,0,,239,100
1039,5299,6099,2.1526954143062244e-121,0,,238,100
1040,5303,6103,5.964868970329661e-81,0,,236,100
1041,5307,6107,3.4935257512699467e-71,0,,236,100
1042,5311,6111,3.801663093997184e-68,0,,235,100
1043,5314,6114,4.334097152102426e-58,0,,235,100
1044,5318,6118,2.4014718253669747e-78,0,,235,100
1045,5325,6125,1.0238255784354383e-128,0,,235,100
1046,5330,6130,2.9473378602041078e-89,0,,237,100
1047,5334,6134,2.6194269188838815e-124,0,,239,100
1048,5339,6139,1.0243042262696698e-78,0,,237,100
1049,5343,6143,4.771451984616755e-72,0,,238,100
1050,5346,6146,1.9602006432934046e-53,0,,237,100
1051,5351,6151,2.2867618104781492e-58,0,,238,100
1052,5357,6157,7.344645043362999e-59,0,,238,100
1053,5362,6162,2.679889353729885e-62,0,,242,100
1054,5367,6167,1.617934980501723e-75,0,,244,100
1055,5370,6170,9.932710782164719e-78,0,,243,100
1056,5379,6179,2.2321543364874724e-86,0,,244,100
1057,5382,6182,5.184869385103571e-91,0,,244,100
1058,5386,6186,3.4910527880640313e-84,0,,244,100
1059,5393,6193,7.507273795016442e-86,0,,242,100
1060,5397,6197,3.5536313835491647e-50,0,,242,100
1061,5402,6202,7.47074625484483e-60,0,,243,100
1062,5406,6206,8.342646628695379e-64,0,,243,100
1063,5412,6212,4.984883495515117e-139,0,,243,100
1064,5416,6216,8.338901737481578e-70,0,,242,100
1065,5421,6221,5.183417897912031e-60,0,,242,100
1066,5424,6224,2.0803982590290933e-68,0,,242,100
1067,5429,6229,4.653558894533353e-84,0,,242,100
1068,5434,6234,1.2428881626572057e-78,0,,243,100
1069,5437,6237,6.516303280095647e-79,0,,243,100
1070,5441,6241,4.655288138914941e-103,0,,241,100
1071,5447,6247,8.013121413760514e-95,0,,241,100
1072,5450,6250,3.450062781756825e-122,0,,241,100
1073,5454,6254,1.1925593220970042e-122,0,,240,100
1074,5462,6262,1.0190460216880791e-162,0,,242,100
1075,5466,6266,2.050938018043014e-148,0,,245,100
1076,5470,6270,2.4624144566672448e-147,0,,245,100
1077,5475,6275,1.9425352218467017e-119,0,,245,100
1078,5478,6278,9.010242594101381e-139,0,,245,100
1079,5488,6288,3.116565702942399e-165,0,,246,100
1080,5491,6291,6.088266325907923e-117,0,,246,100
1081,5496,6296,1.4950794460110702e-174,0,,246,100
1082,5500,6300,3.370334703921342e-160,0,,246,100
1083,5507,6307,6.129742639814841e-103,0,,244,100
1084,5512,6312,2.4892002548220423e-84,0,,241,100
1085,5516,6316,9.68027442842455e-120,0,,241,100
1086,5518,6318,8.857324425631664e-130,0,,241,100
1087,5524,6324,2.0319646855724306e-118,0,,241,100
1088,5529,6329,5.422897346409751e-113,0,,241,100
1089,5533,6333,4.7195922476842204e-76,0,,241,100
1090,5536,6336,3.780151785418012e-95,0,,242,100
1091,5541,6341,3.6508691143326936e-60,0,,241,100
1092,5544,6344,1.6747342045362032e-60,0,,242,100
1093,5550,6350,5.946959606811631e-34,0,,243,100
1094,5554,6354,9.21316516297825e-50,0,,243,100
1095,5562,6362,9.069045477196723e-84,0,,242,100
1096,5566,6366,2.886811008790073e-113,0,,242,100
1097,5571,6371,1.3085519068641857e-112,0,,243,100
1098,5578,6378,1.972751769602696e-76,0,,242,100
1099,5581,6381,8.218148822888366e-85,0,,242,100
1100,5585,6385,2.7848048343349663e-79,0,,242,100
1101,5593,6393,1.2921027958596746e-85,0,,240,100
1102,5597,6397,1.0273855129937635e-82,0,,241,100
1103,5604,6404,4.559841880944985e-73,0,,240,100
1104,5609,6409,5.188744539284266e-254,0,,244,100
1105,5614,6414,7.644917178291599e-69,0,,246,100
1106,5622,6422,1.333138165806323e-120,0,,244,100
1107,5627,6427,4.345228990863426e-105,0,,241,100
1108,5631,6431,3.3142033443921404e-85,0,,241,100
1109,5636,6436,7.289916339949246e-101,0,,242,100
1110,5639,6439,4.6049951546262654e-91,0,,242,100
1111,5643,6443,4.598889227089383e-83,0,,242,100
1112,5649,6449,2.666992415178259e-55,0,,242,100
1113,5652,6452,3.144598299081167e-123,0,,242,100
1114,5659,6459,9.869848793528863e-112,0,,241,100
1115,5664,6464,9.311409881700352e-214,0,,241,100
1116,5667,6467,1.576925848210411e-184,0,,241,100
1117,5670,6470,1.7827843673610303e-132,0,,240,100
1118,5676,6476,2.3055813100193463e-136,0,,241,100
1119,5687,6487,2.4215735508413622e-106,0,,243,100
1120,5691,6491,5.697127167692536e-173,0,,241,100
1121,5697,6497,2.0429912115389972e-124,0,,242,100
1122,5702,6502,7.68172790144297e-150,0,,242,100
1123,5705,6505,1.2217740892319077e-108,0,,242,100
1124,5714,6514,4.314273536498453e-41,0,,240,100
1125,5720,6520,5.325357743172676e-53,0,,243,100
1126,5726,6526,3.4588884023496983e-53,0,,246,100
1127,5729,6529,5.421621507368643e-42,0,,246,100
1128,5735,6535,7.511435480790709e-75,0,,245,100
1129,5740,6540,9.497298926482218e-35,0,,242,100
1130,5744,6544,5.464343472333572e-45,0,,242,100
1131,5748,6548,1.7668529804214578e-49,0,,241,100
1132,5753,6553,6.002305993089154e-41,0,,242,100
1133,5756,6556,9.315405379566755e-35,0,,241,100
1134,5761,6561,4.1776120769822285e-48,0,,240,100
1135,5766,6566,6.841903371637356e-60,0,,240,100
1136,5769,6569,6.463857975333556e-60,0,,239,100
1137,5775,6575,4.0136141801315574e-103,0,,239,100
1138,5781,6581,1.0738564845908623e-91,0,,239,100
1139,5784,6584,3.3118477150168195e-92,0,,238,100
1140,5793,6593,5.786621111716458e-48,0,,239,100
1141,5797,6597,1.9005796070363044e-94,0,,239,100
1142,5801,6601,1.257842578236666e-102,0,,238,100
1143,5806,6606,7.789322282536724e-89,0,,238,100
1144,5814,6614,5.4379632757013e-182,0,,237,100
1145,5819,6619,1.6577725812653997e-174,0,,235,100
1146,5823,6623,6.025171970323472e-154,0,,235,100
1147,5827,6627,5.24709394014121e-156,0,,235,100
1148,5832,6632,8.725105640583176e-56,0,,234,100
1149,5835,6635,5.938534370381363e-268,0,,233,100
1150,5839,6639,7.904425696797247e-215,0,,233,100
1151,5846,6646,4.2130568671419474e-198,0,,234,100
1152,5852,6652,4.9412693748290183e-197,0,,234,100
1153,5855,6655,2.362590076094922e-50,0,,235,100
1154,5862,6662,2.8728125266649287e-131,0,,233,100
1155,5866,6666,2.0820571704897184e-133,0,,232,100
1156,5871,6671,5.702341921600591e-123,0,,232,100
1157,5874,6674,8.627312484313558e-129,0,,232,100
1158,5877,6677,1.5938597988528744e-83,0,,232,100
1159,5882,6682,1.1152941940025655e-83,0,,232,100
1160,5893,6693,1.2440182390490227e-76,0,,231,100
1161,5897,6697,5.958834954746896e-51,0,,230,100
1162,5903,6703,2.20779368270268e-59,0,,231,100
1163,5908,6708,1.7119684046916863e-25,0,,230,100
1164,5911,6711,4.5102556747721975e-64,0,,232,100
1165,5922,6722,5.031984332084534e-64,0,,229,100
1166,5927,6727,3.8343283207662086e-29,0,,226,100
1167,5931,6731,7.026350716973029e-26,0,,226,100
1168,5935,6735,3.2791393467202425e-24,0,,226,100
1169,5940,6740,2.567358943691152e-28,0,,226,100
1170,5943,6743,4.0427671938226315e-21,0,,226,100
1171,5947,6747,6.972294401911596e-36,0,,226,100
1172,5953,6753,4.1456696749987945e-38,0,,225,100
1173,5959,6759,1.3201408876644419e-43,0,,230,100
1174,5962,6762,1.2016890781858118e-42,0,,231,100
1175,5972,6772,1.49958197945691e-90,0,,228,100
1176,5977,6777,2.8553857825687098e-70,0,,228,100
1177,5980,6780,2.5783108567982837e-66,0,,227,100
1178,5983,6783,5.255045499159991e-53,0,,227,100
1179,5989,6789,2.6129953857368965e-100,0,,227,100
1180,5995,6795,3.811045631772656e-105,0,,227,100
1181,6002,6802,3.952004004142537e-113,0,,227,100
1182,6006,6806,8.899323927927826e-115,0,,227,100
1183,6011,6811,3.596423264468381e-131,0,,228,100
1184,6014,6814,2.2095221193427803e-63,0,,228,100
1185,6023,6823,4.1772716965972146e-78,0,,227,100
1186,6027,6827,5.756602453047594e-77,0,,228,100
1187,6031,6831,1.1952687042571701e-73,0,,230,100
1188,6038,6838,3.3857893740971072e-12,0,,229,100
1189,6044,6844,6.987378248618905e-14,0,,229,100
1190,6047,6847,1.181052269114216e-15,0,,229,100
1191,6059,6859,9.030939301377957e-13,0,,226,100
1192,6064,6864,2.5445530037661076e-84,0,,223,100
1193,6068,6868,6.104680353859747e-72,0,,223,100
1194,6072,6872,2.4702904616273694e-53,0,,224,100
1195,6077,6877,4.798897652927854e-29,0,,223,100
1196,6081,6881,2.982512970241753e-32,0,,224,100
1197,6086,6886,1.0201221709476801e-33,0,,223,100
1198,6090,6890,1.42882606627995e-60,0,,223,100
1199,6095,6895,5.917552648172321e-134,0,,223,100
1200,6099,6899,6.819333799433541e-119,0,,223,100
1201,6103,6903,2.5997743261345117e-114,0,,223,100
1202,6107,6907,1.7111150500088514e-74,0,,223,100
1203,6112,6912,7.780933300956301e-47,0,,224,100
1204,6116,6916,7.48685995949192e-44,0,,227,100
1205,6123,6923,5.026606872076382e-39,0,,229,100
1206,6126,6926,6.016258713883132e-47,0,,228,100
1207,6131,6931,2.158096173837304e-64,0,,227,100
1208,6134,6934,5.746224566982796e-35,0,,226,100
1209,6140,6940,6.437176566618884e-36,0,,226,100
1210,6143,6943,4.846961395588277e-42,0,,226,100
1211,6147,6947,1.4079860100511387e-55,0,,227,100
1212,6150,6950,9.220041712881697e-59,0,,226,100
1213,6155,6955,3.686541338296952e-45,0,,226,100
1214,6160,6960,4.815299861008453e-31,0,,223,100
1215,6165,6965,3.2542414851474314e-12,0,,220,100
1216,6169,6969,1.656366900472526e-05,0,,220,100
1217,6173,6973,4.199899295978046e-08,0,,221,100
1218,6178,6978,9.32970634870378e-08,0,,221,100
1219,6182,6982,1.154643035184501e-15,0,,223,100
1220,6192,6992,7.1272675418261485e-12,0,,226,100
1221,6196,6996,3.811684910104241e-17,0,,226,100
1222,6201,7001,1.047397616049084e-29,0,,226,100
1223,6209,7009,1.1475159489089503e-24,0,,225,100
1224,6212,7012,1.7323791830896948e-33,0,,225,100
1225,6218,7018,5.7379499894652424e-39,0,,226,100
1226,6223,7023,5.555922465618078e-40,0,,226,100
1227,6226,7026,3.592220436804605e-53,0,,225,100
1228,6230,7030,4.584858498459084e-64,0,,224,100
1229,6237,7037,4.702473266957193e-53,0,,226,100
1230,6242,7042,7.6903288340984785e-50,0,,225,100
1231,6249,7049,4.956348323626426e-43,0,,225,100
1232,6256,7056,7.248355868925414e-38,0,,225,100
1233,6261,7061,6.788032395820722e-49,0,,227,100
1234,6266,7066,7.260561919595552e-58,0,,225,100
1235,6270,7070,8.605700826860605e-35,0,,225,100
1236,6273,7073,2.2554642617496241e-13,0,,225,100
1237,6277,7077,4.347038231194523e-12,0,,226,100
1238,6282,7082,7.982205799541045e-15,0,,226,100
1239,6285,7085,9.18287008927841e-19,0,,225,100
1240,6289,7089,2.5557004012130123e-23,0,,226,100
1241,6299,7099,6.168416061804991e-16,0,,226,100
1242,6302,7102,7.783409524157042e-22,0,,225,100
1243,6307,7107,3.915663383013588e-17,0,,225,100
1244,6311,7111,3.2024770128515708e-27,0,,225,100
1245,6317,7117,2.1975560385549588e-15,0,,226,100
1246,6322,7122,1.4495853751571102e-17,0,,227,100
1247,6328,7128,2.455787477546576e-65,0,,227,100
1248,6332,7132,1.1392584255135925e-66,0,,228,100
1249,6336,7136,9.135180920908178e-65,0,,228,100
1250,6339,7139,5.235454024150999e-140,0,,227,100
1251,6343,7143,6.174107061198742e-90,0,,225,100
1252,6347,7147,5.694334451422177e-57,0,,225,100
1253,6350,7150,7.574093667685113e-46,0,,225,100
1254,6354,7154,1.1310466159543406e-50,0,,225,100
1255,6358,7158,5.441991138419487e-23,0,,225,100
1256,6363,7163,1.7801075531589172e-26,0,,228,100
1257,6368,7168,1.1905342740496717e-26,0,,230,100
1258,6375,7175,3.0465725451698393e-22,0,,230,100
1259,6383,7183,2.1371288879006383e-18,0,,232,100
1260,6388,7188,9.604113960064933e-29,0,,232,100
1261,6394,7194,5.394542163373343e-24,0,,232,100
1262,6401,7201,2.5821345479225448e-21,0,,232,100
1263,6407,7207,4.6305609276912955e-136,0,,230,100
1264,6412,7212,4.9949405783386676e-158,0,,227,100
1265,6416,7216,1.263109570091158e-145,0,,227,100
1266,6420,7220,2.4100183173713096e-146,0,,228,100
1267,6425,7225,1.7438336033611385e-189,0,,227,100
1268,6429,7229,1.7870565922295955e-189,0,,228,100
1269,6435,7235,2.591673517374745e-162,0,,229,100
1270,6438,7238,4.727555384045802e-128,0,,229,100
1271,6441,7241,7.136793966907088e-215,0,,229,100
1272,6445,7245,1.3773992529493471e-183,0,,228,100
1273,6450,7250,1.6269855904073016e-222,0,,229,100
1274,6455,7255,2.267215268965302e-114,0,,228,100
1275,6459,7259,2.47074339708e-32,0,,229,100
1276,6463,7263,2.6196193420770422e-45,0,,229,100
1277,6470,7270,2.9198778435916447e-25,0,,228,100
1278,6473,7273,7.43035212574256e-44,0,,227,100
1279,6480,7280,4.4675255688726794e-26,0,,227,100
1280,6482,7282,5.570603104859105e-22,0,,226,100
1281,6487,7287,7.640942543979667e-17,0,,226,100
1282,6492,7292,5.378520460290678e-26,0,,227,100
1283,6496,7296,5.625247828037615e-20,0,,227,100
1284,6499,7299,1.9243631396542473e-47,0,,229,100
1285,6504,7304,4.8471937143785025e-52,0,,232,100
1286,6509,7309,1.3454768791145598e-49,0,,232,100
1287,6513,7313,5.768823299705265e-19,0,,231,100
1288,6519,7319,2.531544099751713e-21,0,,228,100
1289,6524,7324,1.4116683098552994e-47,0,,225,100
1290,6528,7328,6.129565301382257e-38,0,,226,100
1291,6532,7332,2.3437140954406055e-36,0,,225,100
1292,6535,7335,4.3070196236376676e-35,0,,225,100
1293,6539,7339,4.928015091642558e-52,0,,225,100
1294,6546,7346,2.2341352707186214e-32,0,,225,100
1295,6550,7350,1.0791474192935636e-43,0,,226,100
1296,6555,7355,5.258996723049795e-38,0,,225,100
1297,6559,7359,1.2346592667166997e-218,0,,225,100
1298,6566,7366,7.365288808609095e-45,0,,226,100
1299,6572,7372,6.631682457719438e-47,0,,228,100
1300,6578,7378,4.269889895162841e-217,0,,227,100
1301,6581,7381,1.3746519598065248e-53,0,,227,100
1302,6585,7385,1.74600801946111e-61,0,,226,100
1303,6592,7392,1.4999680664869278e-65,0,,226,100
1304,6596,7396,2.0718936281585837e-54,0,,226,100
1305,6602,7402,1.361187057971458e-58,0,,226,100
1306,6607,7407,1.06489154193113e-195,0,,225,100
1307,6610,7410,1.181005708464603e-155,0,,225,100
1308,6614,7414,1.4243345862744875e-155,0,,225,100
1309,6619,7419,3.6257411998057453e-205,0,,225,100
1310,6623,7423,1.1386183306992858e-205,0,,229,100
1311,6631,7431,1.2420268425231428e-212,0,,230,100
1312,6636,7436,7.7390090218383e-231,0,,230,100
1313,6641,7441,5.832521691892844e-57,0,,230,100
1314,6646,7446,1.8328186029380728e-47,0,,230,100
1315,6649,7449,2.3858398902896296e-46,0,,229,100
1316,6653,7453,1.5015018534259855e-54,0,,229,100
1317,6658,7458,5.821127169763039e-51,0,,229,100
1318,6661,7461,6.064723129330238e-43,0,,229,100
1319,6667,7467,1.8882317287550942e-51,0,,230,100
1320,6672,7472,2.1881871026705214e-53,0,,230,100
1321,6678,7478,1.3135646728932884e-49,0,,230,100
1322,6682,7482,8.977480320418077e-48,0,,231,100
1323,6693,7493,5.658108207384384e-58,0,,232,100
1324,6698,7498,6.245034299297879e-51,0,,236,100
1325,6705,7505,1.2024384084866263e-46,0,,238,100
1326,6711,7511,3.1649849413802334e-44,0,,238,100
1327,6718,7518,4.944977732006221e-65,0,,237,100
1328,6728,7528,6.169874899675212e-56,0,,236,100
1329,6733,7533,3.6518681142368126e-59,0,,237,100
1330,6737,7537,2.473474531248042e-71,0,,237,100
1331,6741,7541,4.418011293160798e-92,0,,237,100
1332,6746,7546,6.126411354603428e-75,0,,237,100
1333,6756,7556,1.1302743075404891e-87,0,,235,100
1334,6761,7561,2.102370326854878e-130,0,,232,100
1335,6765,7565,1.044711211779806e-134,0,,231,100
1336,6770,7570,5.67050277380731e-126,0,,234,100
1337,6775,7575,2.9492079384018643e-125,0,,233,100
1338,6781,7581,2.950025668113756e-102,0,,233,100
1339,6784,7584,2.2725225543606186e-88,0,,233,100
1340,6788,7588,6.358547121839162e-78,0,,234,100
1341,6796,7596,2.0345525100230795e-83,0,,234,100
1342,6800,7600,6.5582322736708025e-118,0,,233,100
1343,6803,7603,5.668900932361077e-25,0,,233,100
1344,6807,7607,6.485955538362969e-25,0,,233,100
1345,6812,7612,9.066013068337632e-27,0,,232,100
1346,6815,7615,2.5318772559334925e-25,0,,231,100
1347,6819,7619,1.2596024006130818e-43,0,,232,100
1348,6824,7624,3.47716993063776e-39,0,,232,100
1349,6828,7628,1.7069362598891785e-36,0,,232,100
1350,6831,7631,1.0388057391612633e-31,0,,232,100
1351,6837,7637,4.510202358783599e-39,0,,234,100
1352,6843,7643,5.340398858651294e-35,0,,234,100
1353,6846,7646,2.923540006575467e-45,0,,234,100
1354,6850,7650,1.4623225592363754e-48,0,,234,100
1355,6857,7657,2.706292668006267e-10,0,,234,100
1356,6861,7661,6.058982289049785e-20,0,,233,100
1357,6865,7665,6.255008579737602e-18,0,,233,100
1358,6870,7670,2.253038665223079e-24,0,,233,100
1359,6876,7676,1.0576270783966717e-35,0,,234,100
1360,6880,7680,5.701497825459605e-22,0,,234,100
1361,6884,7684,1.3812043309915472e-23,0,,235,100
1362,6890,7690,8.087544828954105e-58,0,,237,100
1363,6893,7693,1.308e-320,0,,236,100
1364,6898,7698,1.5492441929761102e-302,0,,236,100
1365,6903,7703,2.151212448756239e-288,0,,236,100
1366,6907,7707,3.654500878480915e-232,0,,237,100
1367,6913,7713,9.322535413191013e-202,0,,234,100
1368,6918,7718,4.440031045682731e-133,0,,231,100
1369,6922,7722,1.0816272144366696e-138,0,,230,100
1370,6926,7726,5.487653750035455e-183,0,,232,100
1371,6931,7731,7.456691684725519e-194,0,,232,100
1372,6935,7735,1.719565062909417e-197,0,,233,100
1373,6942,7742,1.5216760555624806e-225,0,,233,100
1374,6944,7744,3.753272420243524e-191,0,,232,100
1375,6949,7749,1.0695827535693794e-236,0,,232,100
1376,6955,7755,1.674995657454661e-158,0,,233,100
1377,6958,7758,2.052343107257211e-111,0,,232,100
1378,6963,7763,6.52383206212169e-107,0,,232,100
1379,6968,7768,3.608902174517635e-270,0,,233,100
1380,6974,7774,2.4894497906287005e-138,0,,231,100
1381,6978,7778,3.0341422023426006e-27,0,,234,100
1382,6981,7781,1.3531963170668935e-70,0,,234,100
1383,6988,7788,2.2287790084033993e-96,0,,232,100
1384,6992,7792,4.688447797113182e-109,0,,232,100
1385,6995,7795,2.4078741260599408e-79,0,,233,100
1386,7000,7800,3.0587284144372474e-138,0,,232,100
1387,7004,7804,3.469429921920651e-92,0,,232,100
1388,7007,7807,6.511939159016747e-79,0,,231,100
1389,7011,7811,4.984102461006485e-63,0,,231,100
1390,7017,7817,2.8453777433500694e-78,0,,230,100
1391,7021,7821,1.171866738447001e-78,0,,231,100
1392,7028,7828,2.894222507493169e-76,0,,231,100
1393,7031,7831,1.1415588950147845e-59,0,,231,100
1394,7035,7835,1.897656735321407e-55,0,,232,100
1395,7041,7841,5.015867072921529e-41,0,,231,100
1396,7049,7849,4.8594184177161085e-26,0,,232,100
1397,7058,7858,3.782792405617732e-21,0,,231,100
1398,7063,7863,2.700717522144931e-21,0,,228,100
1399,7067,7867,1.7639815213266692e-06,0,,228,100
1400,7071,7871,6.184094801164648e-07,0,,228,100
1401,7076,7876,3.2106353550319494e-35,0,,227,100
1402,7082,7882,1.7612690354277355e-42,0,,228,100
1403,7086,7886,2.2186959518279634e-09,0,,230,100
1404,7091,7891,5.821949159799402e-09,0,,229,100
1405,7095,7895,1.2866012917430641e-18,0,,228,100
1406,7099,7899,4.799434746081616e-19,0,,228,100
1407,7105,7905,2.8586265847055405e-93,0,,228,100
1408,7110,7910,1.1120181886943995e-13,0,,228,100
1409,7115,7915,6.92876184763735e-14,0,,228,100
1410,7120,7920,4.1429628998330246e-13,0,,229,100
1411,7123,7923,2.468114570623219e-13,0,,228,100
1412,7125,7925,7.95451825938315e-15,0,,229,100
1413,7132,7932,1.5724049741418382e-22,0,,232,100
1414,7136,7936,2.1225666851151593e-23,0,,233,100
1415,7144,7944,1.254425598741117e-25,0,,233,100
1416,7148,7948,6.282103338328596e-26,0,,232,100
1417,7153,7953,2.015869202006573e-25,0,,232,100
1418,7157,7957,5.300434668206322e-28,0,,232,100
1419,7163,7963,9.813750922483706e-37,0,,229,100
1420,7168,7968,1.1052517686957232e-51,0,,227,100
1421,7172,7972,4.339583544743007e-62,0,,227,100
1422,7177,7977,1.3256796702611446e-60,0,,227,100
1423,7183,7983,2.2934145681498184e-43,0,,226,100
1424,7188,7988,2.2954584931827287e-66,0,,226,100
1425,7191,7991,6.96104505553387e-71,0,,226,100
1426,7195,7995,4.319189199273087e-36,0,,229,100
1427,7200,8000,2.797570059901317e-59,0,,231,100
1428,7203,8003,3.845381595588448e-63,0,,230,100
1429,7206,8006,8.404065512385905e-60,0,,230,100
1430,7213,8013,3.5272722680316336e-46,0,,230,100
1431,7217,8017,4.84520663392543e-48,0,,231,100
1432,7223,8023,1.2837390742667643e-27,0,,231,100
1433,7226,8026,1.1497311101568709e-35,0,,231,100
1434,7229,8029,3.9930565501721035e-37,0,,229,100
1435,7236,8036,5.963203514202953e-35,0,,228,100
1436,7240,8040,1.403424477403957e-41,0,,228,100
1437,7246,8046,4.777691504147731e-50,0,,229,100
1438,7249,8049,3.0978245821413597e-42,0,,228,100
1439,7256,8056,1.37188831239726e-38,0,,229,100
1440,7263,8063,3.10897994958386e-32,0,,228,100
1441,7271,8071,7.534931898844773e-39,0,,230,100
1442,7275,8075,1.2419560572335408e-25,0,,230,100
1443,7279,8079,2.0369675504412116e-15,0,,230,100
1444,7285,8085,3.3083365804895615e-27,0,,231,100
1445,7289,8089,6.321798836428413e-28,0,,231,100
1446,7292,8092,6.143294546073769e-45,0,,230,100
1447,7298,8098,6.1926668124363595e-115,0,,228,100
1448,7303,8103,2.56953412401384e-67,0,,226,100
1449,7313,8113,9.642176365493218e-63,0,,226,100
1450,7319,8119,5.67012918889379e-75,0,,226,100
1451,7321,8121,1.1359451655074708e-83,0,,226,100
1452,7325,8125,2.8481226750880072e-67,0,,226,100
1453,7331,8131,2.267885375879421e-98,0,,231,100
1454,7335,8135,6.033690327515564e-73,0,,231,100
1455,7342,8142,1.2782985514817925e-69,0,,231,100
1456,7346,8146,5.1638740745616224e-64,0,,231,100
1457,7350,8150,4.062485695666104e-72,0,,231,100
1458,7358,8158,1.3549827958472788e-74,0,,230,100
1459,7362,8162,6.068542074900725e-83,0,,230,100
1460,7368,8168,8.731541990331515e-121,0,,230,100
1461,7375,8175,3.038390321103105e-194,0,,229,100
1462,7380,8180,2.004987200707118e-169,0,,229,100
1463,7384,8184,1.0874818646314679e-181,0,,229,100
1464,7390,8190,1.9476743691900846e-175,0,,229,100
1465,7394,8194,4.951566229929307e-199,0,,229,100
1466,7399,8199,1.841571130760256e-164,0,,231,100
1467,7405,8205,8.54153881472305e-149,0,,231,100
1468,7408,8208,3.2428858258488246e-89,0,,230,100
1469,7412,8212,4.758572657633125e-96,0,,231,100
1470,7420,8220,8.162777239596863e-169,0,,228,100
1471,7425,8225,5.496234843091478e-34,0,,226,100
1472,7429,8229,7.894962472944792e-65,0,,226,100
1473,7434,8234,5.497404914956748e-37,0,,226,100
1474,7439,8239,1.43038447475197e-38,0,,227,100
1475,7444,8244,9.19839757516112e-41,0,,228,100
1476,7451,8251,4.193485824716123e-40,0,,226,100
1477,7455,8255,1.2505124543596879e-37,0,,226,100
1478,7459,8259,3.0280904660321038e-33,0,,226,100
1479,7463,8263,5.851393986026227e-26,0,,227,100
1480,7467,8267,4.331215275965743e-34,0,,227,100
1481,7473,8273,1.0558216129002397e-48,0,,227,100
1482,7477,8277,2.042158965495822e-52,0,,227,100
1483,7482,8282,6.349097840591103e-72,0,,227,100
1484,7486,8286,5.949473354123127e-44,0,,226,100
1485,7496,8296,4.9583108868724924e-33,0,,223,100
1486,7500,8300,9.401687938313322e-28,0,,221,100
1487,7504,8304,5.998067045855482e-29,0,,221,100
1488,7508,8308,8.298112779545759e-26,0,,222,100
1489,7516,8316,3.191231631745022e-22,0,,223,100
1490,7520,8320,2.5985115077818266e-20,0,,222,100
1491,7525,8325,5.65896866693281e-23,0,,222,100
1492,7532,8332,5.228681015828977e-166,0,,223,100
1493,7537,8337,5.9620261874238745e-130,0,,223,100
1494,7541,8341,2.3664756922341092e-135,0,,224,100
1495,7547,8347,2.7572831490836058e-33,0,,222,100
1496,7550,8350,1.9900893112775244e-39,0,,222,100
1497,7554,8354,3.5367004199335577e-43,0,,223,100
1498,7560,8360,1.1704094677207508e-57,0,,224,100
1499,7566,8366,1.0352750490485025e-74,0,,223,100
1500,7570,8370,2.3364699833074718e-76,0,,226,100
1501,7575,8375,7.563393838166905e-66,0,,228,100
1502,7579,8379,1.8596064263147906e-62,0,,228,100
1503,7583,8383,9.84585499738557e-67,0,,228,100
1504,7589,8389,3.6471921197249385e-151,0,,227,100
1505,7593,8393,1.7240559717310512e-177,0,,227,100
1506,7596,8396,2.0681752551946355e-79,0,,227,100
1507,7601,8401,6.190261724634097e-61,0,,227,100
1508,7606,8406,1.2413320537252382e-91,0,,227,100
1509,7610,8410,1.241686249742368e-100,0,,227,100
1510,7617,8417,8.033015796546294e-132,0,,227,100
1511,7622,8422,1.3248794388209776e-112,0,,226,100
1512,7627,8427,5.402205981132975e-59,0,,225,100
1513,7631,8431,2.5022939838819935e-80,0,,224,100
1514,7637,8437,5.652847348347423e-69,0,,223,100
1515,7640,8440,2.920482608616979e-183,0,,223,100
1516,7646,8446,2.589760206671513e-86,0,,224,100
1517,7650,8450,1.1463268304107663e-184,0,,224,100
1518,7654,8454,8.591536594446672e-185,0,,224,100
1519,7657,8457,2.185261045629947e-198,0,,223,100
1520,7663,8463,4.713821015859292e-24,0,,224,100
1521,7668,8468,3.970066030827025e-17,0,,225,100
1522,7671,8471,6.443990215028922e-21,0,,225,100
1523,7675,8475,1.419005545896776e-23,0,,224,100
1524,7683,8483,3.4823200265567596e-65,0,,221,100
1525,7687,8487,1.2219528584316607e-43,0,,220,100
1526,7691,8491,3.841573099654061e-87,0,,220,100
1527,7695,8495,2.7034169349279095e-67,0,,220,100
1528,7701,8501,6.29173082426228e-97,0,,220,100
1529,7706,8506,1.619868207799741e-30,0,,219,100
1530,7711,8511,2.2045399777628196e-107,0,,219,100
1531,7715,8515,4.6189054335890673e-125,0,,223,100
1532,7724,8524,6.743558593580087e-190,0,,224,100
1533,7727,8527,6.790203080649308e-134,0,,224,100
1534,7731,8531,1.0168760152705169e-132,0,,223,100
1535,7735,8535,1.0833145856129055e-75,0,,223,100
1536,7738,8538,6.802472066877377e-183,0,,223,100
1537,7742,8542,1.0530021715882201e-84,0,,222,100
1538,7748,8548,3.1219651913747925e-72,0,,223,100
1539,7751,8551,7.823033120914299e-99,0,,223,100
1540,7755,8555,2.989850199434464e-189,0,,224,100
1541,7761,8561,3.712513301113779e-83,0,,223,100
1542,7764,8564,7.373999867521904e-71,0,,223,100
1543,7768,8568,3.093705626028719e-71,0,,222,100
1544,7776,8576,3.0423975410798274e-68,0,,221,100
1545,7780,8580,9.29982313255459e-143,0,,218,100
1546,7784,8584,2.6541352115728495e-151,0,,219,100
1547,7787,8587,5.628237400485798e-142,0,,219,100
1548,7791,8591,1.1244036943801685e-92,0,,220,100
1549,7797,8597,1.2257017839606117e-113,0,,220,100
1550,7800,8600,8.456831622854246e-214,0,,220,100
1551,7804,8604,3.3073571375547607e-47,0,,220,100
1552,7809,8609,1.2469054267814216e-36,0,,221,100
1553,7815,8615,9.326940045854383e-41,0,,221,100
1554,7818,8618,5.871184663175906e-37,0,,221,100
1555,7821,8621,8.262777709305874e-57,0,,220,100
1556,7825,8625,5.159632090549946e-55,0,,222,100
1557,7831,8631,9.323240384739703e-36,0,,221,100
1558,7834,8634,9.864051581591889e-81,0,,220,100
1559,7838,8638,4.380069498995837e-97,0,,220,100
1560,7846,8646,3.7068412229740333e-41,0,,217,100
1561,7850,8650,2.437017941419351e-37,0,,218,100
1562,7855,8655,4.018306783254607e-83,0,,218,100
1563,7861,8661,1.0262701880890316e-75,0,,218,100
1564,7864,8664,2.32768297894065e-81,0,,218,100
1565,7870,8670,6.692535877572148e-121,0,,219,100
1566,7874,8674,5.5331886253924395e-77,0,,218,100
1567,7878,8678,1.711536226063043e-107,0,,218,100
1568,7881,8681,4.20201245159253e-96,0,,217,100
1569,7885,8685,8.394370469793355e-83,0,,217,100
1570,7893,8693,3.23072283914764e-93,0,,216,100
1571,7899,8699,1.2991212778205417e-81,0,,217,100
1572,7902,8702,3.607361339893389e-117,0,,217,100
1573,7908,8708,1.5108983622540414e-112,0,,217,100
1574,7912,8712,5.015538738004864e-145,0,,219,100
1575,7917,8717,2.1576880657318907e-196,0,,219,100
1576,7920,8720,1.0999347950751502e-205,0,,219,100
1577,7926,8726,9.73242290897549e-151,0,,216,100
1578,7930,8730,7.172592615147645e-114,0,,214,100
1579,7934,8734,1.0651584654932922e-104,0,,214,100
1580,7938,8738,4.774731097520903e-102,0,,215,100
1581,7946,8746,1.0069344127054257e-174,0,,214,100
1582,7951,8751,2.5560540043097735e-192,0,,215,100
1583,7956,8756,4.6125303764989377e-151,0,,216,100
1584,7960,8760,4.38937428142375e-175,0,,215,100
1585,7967,8767,9.507575519894456e-52,0,,215,100
1586,7970,8770,4.074651968338706e-121,0,,215,100
1587,7976,8776,1.6755999078340083e-90,0,,215,100
1588,7980,8780,1.2881794730650481e-59,0,,217,100
1589,7987,8787,1.2434629795364022e-52,0,,221,100
1590,7992,8792,1.7410474281351955e-119,0,,220,100
1591,7996,8796,3.810356684808327e-37,0,,218,100
1592,8000,8800,1.794149725129826e-40,0,,217,100
1593,8004,8804,7.088275772224229e-45,0,,219,100
1594,8009,8809,8.131670110128135e-23,0,,217,100
1595,8014,8814,4.48351396962173e-31,0,,218,100
1596,8019,8819,1.1196136694446454e-38,0,,217,100
1597,8022,8822,2.8175057777996427e-34,0,,217,100
1598,8026,8826,2.890530344589465e-37,0,,217,100
1599,8030,8830,7.31748096786383e-43,0,,217,100
1600,8033,8833,6.474585583108032e-41,0,,216,100
1601,8037,8837,1.5297278795583016e-43,0,,218,100
1602,8046,8846,9.985981411074263e-54,0,,219,100
1603,8051,8851,1.0488726673939947e-43,0,,219,100
1604,8056,8856,1.3821715582392953e-39,0,,220,100
1605,8061,8861,5.3261164836746075e-40,0,,220,100
1606,8067,8867,5.928404050687147e-84,0,,220,100
1607,8070,8870,2.9056399705268923e-32,0,,220,100
1608,8078,8878,2.1409260915080483e-34,0,,220,100
1609,8082,8882,1.8270556574437391e-53,0,,220,100
1610,8085,8885,6.475554162342185e-83,0,,220,100
1611,8091,8891,6.872105974792869e-39,0,,220,100
1612,8094,8894,2.3685519004811545e-75,0,,222,100
1613,8097,8897,3.4080136938516265e-74,0,,225,100
1614,8103,8903,1.2439538806125291e-52,0,,225,100
1615,8111,8911,2.383190552689293e-104,0,,226,100
1616,8116,8916,5.072828758242941e-130,0,,226,100
1617,8120,8920,3.1386462947534756e-149,0,,226,100
1618,8127,8927,5.974791526889498e-166,0,,223,100
1619,8131,8931,2.2864560503778287e-58,0,,221,100
1620,8135,8935,1.4488001702932969e-64,0,,221,100
1621,8140,8940,9.233322292833403e-64,0,,221,100
1622,8144,8944,1.0849392530949347e-88,0,,221,100
1623,8150,8950,2.0222369274966677e-121,0,,222,100
1624,8154,8954,6.498456979648584e-47,0,,222,100
1625,8159,8959,1.3344546685853283e-104,0,,222,100
1626,8163,8963,8.077065568061768e-71,0,,222,100
1627,8168,8968,2.400561630127865e-127,0,,223,100
1628,8172,8972,1.5289675039413007e-133,0,,223,100
1629,8177,8977,1.9464359979137588e-72,0,,224,100
1630,8181,8981,5.605019063813275e-79,0,,223,100
1631,8187,8987,2.353179254964552e-64,0,,224,100
1632,8191,8991,1.1108600718495997e-63,0,,223,100
1633,8196,8996,1.3334666036338887e-99,0,,222,100
1634,8199,8999,1.2836760980601003e-82,0,,221,100
1635,8203,9003,1.4818263390032358e-131,0,,221,100
1636,8212,9012,8.207176178216308e-138,0,,222,100
1637,8215,9015,8.939710130715885e-126,0,,222,100
1638,8219,9019,8.743585431854654e-106,0,,221,100
1639,8225,9025,2.6567566588372038e-61,0,,221,100
1640,8229,9029,6.805013300993943e-66,0,,221,100
1641,8231,9031,8.499318446671944e-63,0,,222,100
1642,8236,9036,1.4900882040242899e-55,0,,225,100
1643,8239,9039,1.062450039450608e-52,0,,225,100
1644,8242,9042,2.1954948152680866e-52,0,,225,100
1645,8250,9050,3.4049858148522667e-40,0,,226,100
1646,8253,9053,1.6974521456510162e-35,0,,226,100
1647,8258,9058,9.68161594863126e-31,0,,226,100
1648,8262,9062,4.809995651596739e-27,0,,224,100
1649,8268,9068,2.8312516642851543e-34,0,,224,100
1650,8272,9072,7.4940393376627e-30,0,,224,100
1651,8277,9077,7.081848997459469e-15,0,,223,100
1652,8280,9080,3.442071756994597e-21,0,,225,100
1653,8284,9084,1.6203668984399022e-19,0,,225,100
1654,8290,9090,4.9798010769096313e-17,0,,226,100
1655,8299,9099,2.440298089135121e-28,0,,227,100
1656,8303,9103,2.0471972573307213e-27,0,,228,100
1657,8307,9107,3.3936617283470557e-23,0,,229,100
1658,8312,9112,2.3390758668067142e-37,0,,228,100
1659,8316,9116,4.235612303357237e-37,0,,229,100
1660,8321,9121,9.622598031544932e-71,0,,229,100
1661,8326,9126,5.443643006317639e-57,0,,230,100
1662,8331,9131,4.1032216196721095e-70,0,,229,100
1663,8335,9135,5.07712209267227e-66,0,,231,100
1664,8343,9143,1.0054565243503023e-59,0,,235,100
1665,8348,9148,2.177809505550855e-67,0,,235,100
1666,8353,9153,6.9916258825168515e-68,0,,234,100
1667,8357,9157,8.667951011080211e-33,0,,234,100
1668,8360,9160,1.5527350331870802e-75,0,,234,100
1669,8364,9164,3.3655721261855864e-85,0,,234,100
1670,8370,9170,1.424533381503572e-57,0,,231,100
1671,8374,9174,8.268711971282308e-82,0,,229,100
1672,8378,9178,6.246586480157861e-44,0,,229,100
1673,8382,9182,1.5879246935236074e-39,0,,230,100
1674,8387,9187,1.5057421029376925e-30,0,,230,100
1675,8390,9190,4.93777369310906e-30,0,,229,100
1676,8395,9195,3.048207945348913e-51,0,,229,100
1677,8400,9200,1.386021062182235e-46,0,,229,100
1678,8405,9205,2.3200929846292906e-39,0,,229,100
1679,8413,9213,6.389764502117601e-44,0,,231,100
1680,8417,9217,1.5846893104305844e-40,0,,231,100
1681,8422,9222,5.452616642403095e-44,0,,232,100
1682,8427,9227,5.046995617026075e-31,0,,231,100
1683,8432,9232,1.6612423544528719e-35,0,,231,100
1684,8437,9237,7.415991911222882e-52,0,,231,100
1685,8442,9242,2.65474699550347e-32,0,,232,100
1686,8449,9249,3.097360911040152e-17,0,,230,100
1687,8453,9253,6.798055660038759e-16,0,,230,100
1688,8458,9258,6.019879196171293e-17,0,,232,100
1689,8464,9264,6.723707981845626e-68,0,,232,100
1690,8468,9268,7.723621055344587e-58,0,,233,100
1691,8475,9275,1.4079865419436355e-44,0,,235,100
1692,8485,9285,1.4387981531947679e-69,0,,238,100
1693,8489,9289,3.665960376407564e-70,0,,238,100
1694,8494,9294,1.5964268934378605e-72,0,,239,100
1695,8505,9305,8.184998834914504e-42,0,,238,100
1696,8514,9314,1.2271461773721919e-104,0,,236,100
1697,8518,9318,8.173050332183923e-139,0,,233,100
1698,8522,9322,5.213830723112754e-86,0,,233,100
1699,8527,9327,6.229446676232823e-73,0,,233,100
1700,8533,9333,2.1361476543640264e-112,0,,233,100
1701,8537,9337,4.119358475427596e-94,0,,233,100
1702,8543,9343,1.1093167811179828e-46,0,,234,100
1703,8546,9346,1.4638486792425763e-45,0,,233,100
1704,8550,9350,2.2082375349365517e-85,0,,235,100
1705,8555,9355,2.398223346639806e-47,0,,234,100
1706,8559,9359,3.576030988723819e-70,0,,234,100
1707,8567,9367,2.0410136877414323e-40,0,,235,100
1708,8570,9370,6.723569573566719e-55,0,,234,100
1709,8574,9374,3.5133943320049915e-33,0,,234,100
1710,8581,9381,3.161401104148139e-25,0,,234,100
1711,8584,9384,1.782324686791014e-66,0,,233,100
1712,8588,9388,3.224294592316381e-57,0,,233,100
1713,8593,9393,5.398703806312482e-126,0,,233,100
1714,8596,9396,7.996019408911989e-114,0,,232,100
1715,8600,9400,6.375359282838006e-59,0,,232,100
1716,8605,9405,2.1304475649689384e-106,0,,231,100
1717,8609,9409,2.859307070137847e-212,0,,231,100
1718,8614,9414,0.0,0,,233,100
1719,8618,9418,9.821286018534517e-208,0,,233,100
1720,8622,9422,3.2866255123776337e-233,0,,232,100
1721,8627,9427,1.0359344271683653e-230,0,,233,100
1722,8631,9431,4.139302646297232e-232,0,,233,100
1723,8642,9442,3.9151898479509253e-196,0,,233,100
1724,8647,9447,1.3384244657051378e-142,0,,234,100
1725,8651,9451,9.688355144811797e-168,0,,233,100
1726,8660,9460,8.0303753412919105e-165,0,,233,100
1727,8663,9463,3.787468807864535e-158,0,,233,100
1728,8667,9467,8.520323897714236e-168,0,,233,100
1729,8672,9472,1.0382854778236409e-104,0,,233,100
1730,8676,9476,8.569012715115474e-124,0,,234,100
1731,8684,9484,7.074563941502611e-142,0,,234,100
1732,8688,9488,2.679945569164987e-122,0,,236,100
1733,8694,9494,1.0287218389246197e-222,0,,235,100
1734,8697,9497,1.885307480864317e-35,0,,235,100
1735,8701,9501,2.097239045229191e-71,0,,238,100
1736,8710,9510,5.3030749202727e-25,0,,238,100
1737,8714,9514,7.453011804105262e-40,0,,236,100
1738,8718,9518,1.47159015159069e-29,0,,236,100
1739,8722,9522,4.615089372169866e-34,0,,237,100
1740,8727,9527,8.254286041635886e-38,0,,237,100
1741,8731,9531,1.3002956229914053e-69,0,,237,100
1742,8738,9538,1.041348126151155e-166,0,,237,100
1743,8743,9543,2.0693533084462391e-162,0,,237,100
1744,8749,9549,2.422959454819375e-152,0,,238,100
1745,8753,9553,9.792065607952901e-154,0,,238,100
1746,8758,9558,9.080430723618654e-166,0,,238,100
1747,8763,9563,7.999728703074385e-97,0,,238,100
1748,8768,9568,7.509544902424061e-89,0,,236,100
1749,8774,9574,6.91765943387202e-102,0,,237,100
1750,8778,9578,8.158664095085933e-104,0,,236,100
1751,8784,9584,6.252806840425611e-100,0,,233,100
1752,8789,9589,3.2638458921337906e-294,0,,231,100
1753,8793,9593,0.0,0,,231,100
1754,8796,9596,0.0,0,,230,100
1755,8802,9602,0.0,0,,230,100
1756,8804,9604,0.0,0,,230,100
1757,8810,9610,8.838919518294624e-120,0,,230,100
1758,8814,9614,1.511361085583387e-121,0,,231,100
1759,8820,9620,8.046608262527504e-114,0,,232,100
1760,8823,9623,4.169646291066427e-161,0,,232,100
1761,8827,9627,3.8224505429799093e-150,0,,232,100
1762,8835,9635,6.859344895156613e-55,0,,231,100
1763,8839,9639,3.017595530256497e-49,0,,231,100
1764,8841,9641,2.864247897099512e-56,0,,231,100
1765,8845,9645,1.5152755534548466e-149,0,,230,100
1766,8853,9653,6.12411589975195e-132,0,,234,100
1767,8861,9661,8.856484241979451e-139,0,,236,100
1768,8863,9663,1.0879665043781739e-122,0,,235,100
1769,8867,9667,1.4656203499644217e-119,0,,236,100
1770,8874,9674,9.794555414542313e-108,0,,234,100
1771,8878,9678,1.9513088415144428e-110,0,,236,100
1772,8880,9680,2.5531658608686395e-280,0,,235,100
1773,8884,9684,2.6668229447888676e-127,0,,236,100
1774,8893,9693,6.289928307374829e-136,0,,232,100
1775,8898,9698,2.4007885182919855e-53,0,,228,100
1776,8902,9702,2.599211583100767e-62,0,,228,100
1777,8905,9705,8.704033693442712e-62,0,,228,100
1778,8911,9711,5.748985706862412e-120,0,,227,100
1779,8915,9715,1.1559591125404315e-148,0,,227,100
1780,8920,9720,6.281312756018998e-163,0,,229,100
1781,8925,9725,1.888784397144033e-106,0,,228,100
1782,8930,9730,7.53956515589189e-138,0,,228,100
1783,8935,9735,4.2174352511912095e-149,0,,229,100
1784,8940,9740,1.2137309592138166e-193,0,,228,100
1785,8947,9747,1.2073373062566034e-68,0,,227,100
1786,8952,9752,1.344860808095323e-47,0,,227,100
1787,8957,9757,8.004953857744276e-101,0,,226,100
1788,8963,9763,1.158500615582899e-35,0,,224,100
1789,8966,9766,1.8215726215242023e-30,0,,224,100
1790,8970,9770,9.514848870886094e-15,0,,224,100
1791,8976,9776,2.0404121016666243e-87,0,,223,100
1792,8984,9784,8.078034027913242e-55,0,,224,100
1793,8986,9786,1.3165880627066359e-40,0,,225,100
1794,8996,9796,5.0167263564603506e-57,0,,226,100
1795,9001,9801,3.008340507392824e-91,0,,226,100
1796,9006,9806,2.1198215716083892e-88,0,,227,100
1797,9011,9811,1.4828574385630174e-81,0,,226,100
1798,9021,9821,1.640313457597374e-80,0,,227,100
1799,9025,9825,6.148441940665785e-69,0,,227,100
1800,9030,9830,5.907463135595212e-39,0,,224,100
1801,9035,9835,1.805811524207196e-38,0,,221,100
1802,9039,9839,1.405563612015869e-36,0,,221,100
1803,9043,9843,1.3492500090511046e-34,0,,222,100
1804,9047,9847,1.0625300267974119e-34,0,,225,100
1805,9053,9853,2.149822050335801e-55,0,,226,100
1806,9057,9857,6.408575113550187e-27,0,,225,100
1807,9063,9863,2.09724419143726e-24,0,,227,100
1808,9068,9868,1.850244726712035e-21,0,,227,100
1809,9073,9873,1.4164322515568676e-35,0,,227,100
1810,9080,9880,6.251580571105976e-40,0,,225,100
1811,9083,9883,9.815233706735978e-46,0,,224,100
1812,9086,9886,1.075870782903973e-42,0,,224,100
1813,9091,9891,1.4038337106338897e-26,0,,224,100
1814,9095,9895,1.4856212623838772e-37,0,,223,100
1815,9099,9899,3.5238093919422517e-47,0,,222,100
1816,9104,9904,1.8160700635823725e-40,0,,221,100
1817,9107,9907,1.9225157134020368e-19,0,,221,100
1818,9110,9910,3.7769218015811765e-14,0,,221,100
1819,9114,9914,2.1317938288271588e-17,0,,220,100
1820,9120,9920,2.4624098643052908e-17,0,,221,100
1821,9124,9924,7.502116862421147e-15,0,,221,100
1822,9126,9926,1.8517044332691674e-19,0,,220,100
1823,9130,9930,9.903081943695386e-27,0,,221,100
1824,9136,9936,1.294410511834148e-27,0,,218,100
1825,9141,9941,3.7954424385684e-43,0,,216,100
1826,9145,9945,2.2425764276869507e-35,0,,215,100
1827,9149,9949,1.0994674299749656e-39,0,,216,100
1828,9154,9954,1.614829266607235e-42,0,,215,100
1829,9158,9958,2.2378627140394368e-37,0,,216,100
1830,9163,9963,1.758327240751475e-53,0,,217,100
1831,9168,9968,2.4953032280128903e-49,0,,217,100
1832,9172,9972,2.2768883394395714e-55,0,,216,100
1833,9179,9979,2.7132192691893293e-62,0,,215,100
1834,9184,9984,1.8370704678844312e-109,0,,217,100
1835,9187,9987,4.258497887664075e-99,0,,217,100
1836,9192,9992,1.7320864088807226e-82,0,,218,100
1837,9197,9997,2.3227437977627102e-83,0,,219,100
1838,9202,10002,2.5695968657311003e-96,0,,219,100
1839,9207,10007,9.655526584034134e-48,0,,217,100
1840,9213,10013,1.3695541474711085e-32,0,,217,100
1841,9217,10017,8.60425913313097e-22,0,,218,100
1842,9221,10021,1.0956970341681237e-19,0,,217,100
1843,9227,10027,1.4639533283734532e-23,0,,218,100
1844,9233,10033,4.866147947035648e-40,0,,217,100
1845,9237,10037,8.375462839094753e-43,0,,217,100
1846,9245,10045,6.9219198553969395e-12,0,,217,100
1847,9254,10054,3.16331831733803e-23,0,,218,100
1848,9258,10058,4.737839260681858e-29,0,,217,100
1849,9262,10062,9.896750480408734e-25,0,,217,100
1850,9264,10064,3.3294881503139266e-27,0,,216,100
1851,9268,10068,9.824586341315805e-23,0,,216,100
1852,9274,10074,6.84533782125162e-23,0,,213,100
1853,9279,10079,2.4130557054327067e-17,0,,210,100
1854,9283,10083,3.3480821428432297e-34,0,,211,100
1855,9287,10087,8.502540071536141e-44,0,,212,100
1856,9292,10092,9.027116698735354e-46,0,,211,100
1857,9296,10096,2.3458938186973132e-56,0,,211,100
1858,9301,10101,2.4608055051308278e-58,0,,211,100
1859,9306,10106,1.3914706096962467e-64,0,,211,100
1860,9310,10110,1.2980118118361932e-57,0,,214,100
1861,9319,10119,1.0768395805176598e-32,0,,215,100
1862,9327,10127,2.1745276963824232e-39,0,,219,100
1863,9332,10132,4.1635286255116086e-41,0,,219,100
1864,9337,10137,4.247926654853182e-24,0,,218,100
1865,9342,10142,1.1748991646336302e-41,0,,217,100
1866,9348,10148,2.3949045300719116e-39,0,,218,100
1867,9353,10153,3.0606325627912225e-23,0,,216,100
1868,9357,10157,9.405915327689619e-44,0,,217,100
1869,9364,10164,1.7659841686349947e-42,0,,217,100
1870,9370,10170,6.199282636097153e-39,0,,218,100
1871,9374,10174,1.5270710322384288e-48,0,,219,100
1872,9382,10182,7.015305695236843e-60,0,,218,100
1873,9386,10186,1.0550763597579066e-72,0,,217,100
1874,9392,10192,9.32921761704348e-61,0,,218,100
1875,9398,10198,2.6843514509619356e-57,0,,221,100
1876,9404,10204,2.8678783665162456e-21,0,,221,100
1877,9407,10207,7.388611236363563e-22,0,,221,100
1878,9411,10211,2.6773222652598025e-27,0,,220,100
1879,9418,10218,4.3291964836059e-21,0,,223,100
1880,9423,10223,1.8113366670922177e-23,0,,224,100
1881,9427,10227,7.031532113528777e-22,0,,225,100
1882,9433,10233,3.548781028469952e-24,0,,225,100
1883,9439,10239,6.861251410487481e-21,0,,225,100
1884,9444,10244,2.8289512379329113e-24,0,,224,100
1885,9448,10248,6.893591357975969e-28,0,,223,100
1886,9452,10252,1.9689264684209182e-35,0,,223,100
1887,9457,10257,9.016723252942493e-36,0,,224,100
1888,9463,10263,1.686210401637721e-27,0,,225,100
1889,9468,10268,1.551270387499834e-35,0,,226,100
1890,9472,10272,2.3483079247645977e-34,0,,225,100
1891,9476,10276,1.0831561387231878e-40,0,,225,100
1892,9480,10280,5.462348826059643e-30,0,,224,100
1893,9485,10285,2.6735574764948346e-27,0,,224,100
1894,9488,10288,7.320334801869952e-33,0,,223,100
1895,9492,10292,3.877669239916819e-29,0,,223,100
1896,9498,10298,5.318350652883572e-26,0,,222,100
1897,9503,10303,6.15999641890004e-43,0,,219,100
1898,9507,10307,8.615280299940925e-40,0,,219,100
1899,9509,10309,5.163346600631833e-44,0,,219,100
1900,9514,10314,5.622817084671759e-33,0,,219,100
1901,9518,10318,1.3951504856375318e-35,0,,219,100
1902,9525,10325,3.349630019945363e-34,0,,217,100
1903,9533,10333,1.3211771135793227e-27,0,,221,100
1904,9538,10338,2.3100761813399052e-23,0,,220,100
1905,9542,10342,4.491345088471218e-24,0,,220,100
1906,9546,10346,2.548082188418194e-40,0,,219,100
1907,9553,10353,7.134221304970289e-63,0,,219,100
1908,9557,10357,2.1200463308492058e-55,0,,219,100
1909,9565,10365,1.5470777079297727e-75,0,,220,100
1910,9569,10369,7.76454529246826e-65,0,,219,100
1911,9574,10374,1.4664442374696846e-75,0,,219,100
1912,9578,10378,4.106308132204208e-68,0,,218,100
1913,9582,10382,2.9543061016397424e-59,0,,221,100
1914,9588,10388,3.269654786514132e-46,0,,223,100
1915,9591,10391,4.0625126840537533e-53,0,,223,100
1916,9597,10397,5.188433959797896e-63,0,,223,100
1917,9604,10404,6.734514832797327e-98,0,,222,100
1918,9608,10408,1.242569066176663e-268,0,,222,100
1919,9614,10414,2.809469590838095e-246,0,,221,100
1920,9618,10418,7.312293136342579e-230,0,,222,100
1921,9623,10423,9.06142330597715e-232,0,,223,100
1922,9629,10429,1.3307029910735132e-276,0,,222,100
1923,9636,10436,3.4937541519473845e-52,0,,221,100
1924,9640,10440,1.8811325862025048e-41,0,,221,100
1925,9647,10447,5.295990081642101e-70,0,,218,100
1926,9652,10452,5.760154399157788e-46,0,,216,100
1927,9657,10457,3.649864381364442e-34,0,,216,100
1928,9661,10461,1.4549755003836105e-40,0,,216,100
1929,9667,10467,3.5597561447356175e-36,0,,218,100
1930,9670,10470,1.6412576424660847e-44,0,,220,100
1931,9676,10476,1.6957035059677275e-77,0,,221,100
1932,9678,10478,4.1923045987559846e-85,0,,220,100
1933,9683,10483,6.264775802252328e-82,0,,221,100
1934,9691,10491,1.543722679337655e-68,0,,222,100
1935,9700,10500,2.2184829050106786e-63,0,,223,100
1936,9704,10504,2.9363485073490215e-73,0,,223,100
1937,9711,10511,3.5367868447646307e-75,0,,223,100
1938,9715,10515,4.7130186872176404e-33,0,,222,100
1939,9719,10519,1.3991641228842336e-36,0,,223,100
1940,9731,10531,4.3575369835404834e-71,0,,222,100
1941,9734,10534,2.570720589388915e-70,0,,224,100
1942,9741,10541,2.1926035419433226e-123,0,,225,100
1943,9746,10546,5.658023449591984e-78,0,,225,100
1944,9752,10552,4.983278868236438e-115,0,,225,100
1945,9758,10558,9.04181748311709e-185,0,,226,100
1946,9764,10564,4.932506236836769e-179,0,,231,100
1947,9774,10574,8.440875680308178e-183,0,,231,100
1948,9778,10578,2.3525290888912144e-68,0,,231,100
1949,9782,10582,1.4686850728108187e-62,0,,230,100
1950,9789,10589,5.2451547432317164e-73,0,,230,100
1951,9795,10595,8.67002425626327e-99,0,,232,100
1952,9798,10598,1.2614674013838084e-63,0,,231,100
1953,9801,10601,2.359030955072396e-65,0,,231,100
1954,9805,10605,3.320319242714255e-67,0,,232,100
1955,9814,10614,1.1143891267653538e-171,0,,231,100
1956,9818,10618,1.2444878278948678e-166,0,,231,100
1957,9821,10621,1.3622471391652149e-148,0,,231,100
1958,9827,10627,6.571235822490338e-130,0,,233,100
1959,9832,10632,9.728246890218869e-76,0,,234,100
1960,9837,10637,2.698536561093942e-87,0,,235,100
1961,9844,10644,2.0540868295757283e-70,0,,232,100
1962,9849,10649,1.3723578660717926e-81,0,,229,100
1963,9853,10653,2.986965647113412e-83,0,,229,100
1964,9858,10658,7.573281257316126e-53,0,,230,100
1965,9863,10663,4.852961798627213e-29,0,,230,100
1966,9866,10666,4.2515977084618163e-38,0,,230,100
1967,9872,10672,7.183905395784157e-37,0,,230,100
1968,9880,10680,2.0868990207444854e-39,0,,231,100
1969,9885,10685,4.8003192136827966e-30,0,,231,100
1970,9890,10690,9.96013278191384e-24,0,,231,100
1971,9900,10700,1.5307180238649234e-19,0,,230,100
1972,9905,10705,6.9217152386253785e-25,0,,232,100
1973,9909,10709,9.891253019150449e-24,0,,232,100
1974,9915,10715,4.134670203069951e-38,0,,231,100
1975,9918,10718,2.3024722786880854e-36,0,,231,100
1976,9922,10722,1.111561118047544e-28,0,,232,100
1977,9928,10728,3.898366473323342e-131,0,,231,100
1978,9932,10732,9.06086123995293e-127,0,,233,100
1979,9937,10737,2.0083513737284825e-125,0,,233,100
1980,9943,10743,4.072243722054486e-48,0,,232,100
1981,9946,10746,6.426380065166818e-69,0,,232,100
1982,9950,10750,1.349416816920213e-81,0,,233,100
1983,9956,10756,9.239054770450988e-92,0,,236,100
1984,9959,10759,1.4409569497907514e-125,0,,235,100
1985,9965,10765,1.463492784719338e-54,0,,235,100
1986,9967,10767,4.9002244292254133e-54,0,,235,100
1987,9977,10777,1.248309945074298e-94,0,,238,100
1988,9983,10783,8.889249446292617e-42,0,,236,100
1989,9991,10791,2.474987913387805e-48,0,,235,100
1990,9996,10796,5.977035978714723e-122,0,,235,100
1991,10002,10802,1.7117902841564512e-121,0,,235,100
1992,10006,10806,3.1507711817888664e-86,0,,234,100
1993,10010,10810,9.625180191679117e-36,0,,234,100
1994,10013,10813,1.3277054356027233e-46,0,,234,100
1995,10017,10817,1.352762262671503e-72,0,,234,100
1996,10024,10824,1.4056041190331931e-95,0,,234,100
1997,10027,10827,1.2539842317979905e-104,0,,234,100
1998,10031,10831,5.027919976467267e-129,0,,234,100
1999,10038,10838,1.130669643915293e-134,0,,235,100
2000,10042,10842,2.3640401494838747e-122,0,,235,100
2001,10046,10846,4.407004467150927e-116,0,,235,100
2002,10052,10852,2.2660979029490659e-38,0,,233,100
2003,10055,10855,8.87081218630501e-52,0,,233,100
2004,10062,10862,3.124125787477739e-52,0,,234,100
2005,10068,10868,2.7688190343852906e-36,0,,239,100
2006,10073,10873,1.729410167428116e-32,0,,239,100
2007,10077,10877,3.233505681966877e-38,0,,239,100
2008,10080,10880,3.5556947295378416e-42,0,,238,100
2009,10083,10883,1.170813558183146e-47,0,,238,100
2010,10087,10887,1.2269148184541965e-29,0,,238,100
2011,10091,10891,3.1439232605802724e-33,0,,238,100
2012,10096,10896,7.0090807185685815e-40,0,,239,100
2013,10099,10899,1.7519094908011335e-37,0,,239,100
2014,10103,10903,1.4909247145237556e-40,0,,239,100
2015,10109,10909,4.0472548423753525e-121,0,,237,100
2016,10114,10914,2.183088236450061e-142,0,,234,100
2017,10121,10921,3.623292755033301e-48,0,,233,100
2018,10126,10926,3.2212548724507674e-66,0,,233,100
2019,10130,10930,6.62001275448437e-103,0,,233,100
2020,10139,10939,6.410897666853555e-101,0,,234,100
2021,10145,10945,1.3728716490543757e-129,0,,234,100
2022,10148,10948,2.891755510070588e-81,0,,234,100
2023,10154,10954,2.363624114662963e-109,0,,236,100
2024,10160,10960,3.2119450034879704e-84,0,,237,100
2025,10163,10963,3.1607773820220256e-83,0,,238,100
2026,10169,10969,2.9935343432297766e-103,0,,235,100
2027,10173,10973,2.8814430783413454e-98,0,,236,100
2028,10178,10978,1.2445646475024881e-92,0,,235,100
2029,10184,10984,1.0837399866563708e-122,0,,235,100
2030,10188,10988,8.583381734920294e-102,0,,234,100
2031,10192,10992,3.465085097549621e-98,0,,233,100
2032,10197,10997,6.041267685926203e-115,0,,233,100
2033,10200,11000,2.3075264430018435e-91,0,,233,100
2034,10204,11004,1.3047299142181806e-66,0,,232,100
2035,10211,11011,2.3787087467381988e-161,0,,232,100
2036,10216,11016,2.5882739608949853e-43,0,,230,100
2037,10219,11019,2.3481211758424344e-41,0,,229,100
2038,10223,11023,1.2676775591378936e-39,0,,231,100
2039,10229,11029,8.699068165365573e-78,0,,230,100
2040,10232,11032,1.356399472222959e-55,0,,229,100
2041,10236,11036,1.9167222257765903e-65,0,,232,100
2042,10241,11041,2.359882978377412e-43,0,,235,100
2043,10247,11047,7.077522382216077e-56,0,,235,100
2044,10252,11052,1.6016977619284457e-54,0,,234,100
2045,10256,11056,2.567088025265284e-63,0,,234,100
2046,10263,11063,2.6708861427797775e-26,0,,233,100
2047,10268,11068,1.8726000583247976e-58,0,,234,100
2048,10273,11073,8.850481231696456e-42,0,,233,100
2049,10280,11080,2.3415857094296624e-45,0,,233,100
2050,10285,11085,7.43618024285089e-57,0,,233,100
2051,10289,11089,1.0623858307750002e-50,0,,233,100
2052,10297,11097,8.010113584638107e-61,0,,233,100
2053,10301,11101,2.436703836825369e-60,0,,234,100
2054,10305,11105,2.378968466057228e-62,0,,234,100
2055,10308,11108,3.254407535692963e-67,0,,235,100
2056,10311,11111,6.811133497199408e-59,0,,236,100
2057,10316,11116,5.3025119638630134e-95,0,,237,100
2058,10321,11121,3.736325990370735e-125,0,,235,100
2059,10328,11128,5.370396872717694e-53,0,,235,100
2060,10332,11132,5.979587229538759e-71,0,,234,100
2061,10337,11137,7.926858515129832e-100,0,,235,100
2062,10342,11142,1.0224423050490807e-33,0,,234,100
2063,10347,11147,3.878111615679122e-62,0,,235,100
2064,10351,11151,5.561071328418832e-53,0,,238,100
2065,10356,11156,1.7282562569197167e-82,0,,238,100
2066,10361,11161,1.4872598715079996e-111,0,,239,100
2067,10367,11167,5.779592144901405e-136,0,,239,100
2068,10372,11172,5.8197167281949825e-158,0,,238,100
2069,10381,11181,2.141366919190489e-85,0,,235,100
2070,10386,11186,3.427597253337178e-83,0,,232,100
2071,10390,11190,2.564745520624184e-35,0,,233,100
2072,10395,11195,2.902869554151888e-25,0,,233,100
2073,10402,11202,5.2010030579396476e-31,0,,234,100
2074,10406,11206,6.186815635843877e-36,0,,235,100
2075,10413,11213,7.941671710875432e-28,0,,234,100
2076,10418,11218,1.643398579406045e-29,0,,236,100
2077,10423,11223,1.5405705355493218e-39,0,,235,100
2078,10431,11231,8.567298489145463e-47,0,,236,100
2079,10435,11235,2.4771204247188346e-35,0,,237,100
2080,10439,11239,2.303942459468367e-34,0,,236,100
2081,10443,11243,4.958147792974381e-44,0,,237,100
2082,10450,11250,3.0606285514643674e-50,0,,237,100
2083,10453,11253,4.9259119605606216e-36,0,,236,100
2084,10457,11257,3.472118833091261e-42,0,,237,100
2085,10466,11266,1.2360103084229756e-61,0,,239,100
2086,10471,11271,9.669882307968975e-30,0,,236,100
2087,10476,11276,3.9503786820366697e-125,0,,234,100
2088,10481,11281,7.994174008125339e-172,0,,235,100
2089,10486,11286,1.551985380423709e-151,0,,235,100
2090,10490,11290,5.795052031445373e-70,0,,235,100
2091,10493,11293,5.895087770691157e-45,0,,235,100
2092,10497,11297,1.6430374438233556e-23,0,,235,100
2093,10502,11302,1.0038387287465584e-24,0,,236,100
2094,10506,11306,9.278231747965967e-42,0,,235,100
2095,10510,11310,7.791237545042953e-62,0,,237,100
2096,10515,11315,6.591968809757658e-47,0,,235,100
2097,10519,11319,1.1904941476761744e-53,0,,234,100
2098,10524,11324,3.9097031479846286e-61,0,,236,100
2099,10530,11330,1.6016506978665087e-65,0,,237,100
2100,10533,11333,1.0376538172423294e-18,0,,235,100
2101,10540,11340,1.1763391222878221e-32,0,,235,100
2102,10544,11344,6.065981811571435e-28,0,,235,100
2103,10552,11352,1.4641517435821452e-32,0,,234,100
2104,10559,11359,5.4913926030907704e-12,0,,231,100
2105,10564,11364,8.906839836034666e-26,0,,228,100
2106,10568,11368,5.217506510863859e-29,0,,228,100
2107,10572,11372,7.192370647722105e-27,0,,228,100
2108,10577,11377,1.6948861915729084e-34,0,,231,100
2109,10581,11381,5.566634487420006e-45,0,,232,100
2110,10587,11387,3.834067753623934e-38,0,,231,100
2111,10595,11395,9.272967888814102e-37,0,,231,100
2112,10599,11399,2.72257614929331e-58,0,,231,100
2113,10603,11403,1.631808878568074e-66,0,,231,100
2114,10606,11406,2.424651758080636e-49,0,,231,100
2115,10613,11413,7.104241711483067e-231,0,,231,100
2116,10616,11416,4.886737264921013e-116,0,,231,100
2117,10620,11420,1.1707896880950673e-112,0,,230,100
2118,10623,11423,6.337363169550815e-99,0,,230,100
2119,10627,11427,3.1646146015600083e-147,0,,229,100
2120,10630,11430,1.2867936232236681e-201,0,,228,100
2121,10635,11435,4.2279514839651447e-156,0,,227,100
2122,10640,11440,1.0482611761957206e-143,0,,228,100
2123,10644,11444,4.909545925972621e-148,0,,229,100
2124,10650,11450,2.2376407187212422e-156,0,,228,100
2125,10654,11454,2.6186647011262385e-110,0,,228,100
2126,10659,11459,8.143091866862128e-72,0,,227,100
2127,10664,11464,8.085844126417536e-51,0,,228,100
2128,10667,11467,9.591500865885022e-54,0,,227,100
2129,10671,11471,3.2027790808431524e-49,0,,228,100
2130,10677,11477,5.476581195099669e-41,0,,228,100
2131,10681,11481,1.1120865035393357e-47,0,,227,100
2132,10687,11487,1.2287336432624012e-74,0,,226,100
2133,10691,11491,1.5192730269192795e-69,0,,226,100
2134,10696,11496,3.515914807694764e-44,0,,226,100
2135,10701,11501,1.5307079691147748e-139,0,,225,100
2136,10704,11504,5.0702251761250425e-47,0,,225,100
2137,10708,11508,5.047239214974834e-60,0,,226,100
2138,10713,11513,7.604651262622612e-40,0,,226,100
2139,10716,11516,2.29387113037888e-35,0,,227,100
2140,10722,11522,3.0557149069701752e-37,0,,229,100
2141,10726,11526,1.5573743679992862e-37,0,,229,100
2142,10731,11531,2.218086979246631e-103,0,,228,100
2143,10735,11535,1.0248267956834215e-82,0,,228,100
2144,10740,11540,3.020704614756707e-78,0,,228,100
2145,10744,11544,4.066849080595497e-67,0,,228,100
2146,10750,11550,5.784733545489505e-54,0,,226,100
2147,10755,11555,7.881738209035228e-41,0,,223,100
2148,10765,11565,3.49863557610778e-42,0,,225,100
2149,10769,11569,8.714304918840958e-61,0,,223,100
2150,10774,11574,1.63359391089091e-64,0,,223,100
2151,10778,11578,5.273721119819034e-73,0,,224,100
2152,10783,11583,1.1577073735805868e-83,0,,224,100
2153,10787,11587,2.5024328483974624e-130,0,,224,100
2154,10793,11593,1.6812251381640905e-100,0,,224,100
2155,10798,11598,2.708451818757851e-118,0,,225,100
2156,10802,11602,3.8200068608942324e-135,0,,225,100
2157,10809,11609,4.632345305339561e-143,0,,226,100
2158,10812,11612,1.4935011418174486e-112,0,,226,100
2159,10818,11618,1.9842838631491835e-58,0,,224,100
2160,10821,11621,1.8140082053783755e-55,0,,225,100
2161,10826,11626,8.160205333286474e-64,0,,226,100
2162,10830,11630,7.635724950408515e-52,0,,229,100
2163,10837,11637,2.656942909808834e-74,0,,228,100
2164,10842,11642,3.911308199682321e-77,0,,229,100
2165,10849,11649,2.9905215824841173e-47,0,,229,100
2166,10852,11652,6.578957123754113e-36,0,,228,100
2167,10856,11656,3.5718862165861136e-47,0,,229,100
2168,10864,11664,7.972758193004542e-35,0,,227,100
2169,10869,11669,1.3396094159916806e-55,0,,224,100
2170,10872,11672,5.488993605559736e-65,0,,224,100
2171,10875,11675,2.6954870853237706e-63,0,,225,100
2172,10881,11681,1.1890619612723033e-85,0,,225,100
2173,10885,11685,4.1106509460110806e-49,0,,225,100
2174,10889,11689,1.4062256620117037e-39,0,,225,100
2175,10894,11694,1.0063853414396138e-42,0,,225,100
2176,10898,11698,4.5946175122021356e-125,0,,225,100
2177,10901,11701,6.054294689561555e-174,0,,225,100
2178,10908,11708,1.2481517968159124e-65,0,,225,100
2179,10911,11711,6.294732256205644e-37,0,,225,100
2180,10915,11715,8.029487557815427e-39,0,,226,100
2181,10920,11720,3.4413905429232498e-99,0,,228,100
2182,10923,11723,4.657277366852218e-40,0,,228,100
2183,10927,11727,4.361946646239537e-37,0,,228,100
2184,10934,11734,8.220453069304143e-28,0,,228,100
2185,10937,11737,1.273402674243163e-43,0,,229,100
2186,10942,11742,8.807337969822577e-39,0,,229,100
2187,10953,11753,7.353335803325128e-70,0,,227,100
2188,10957,11757,6.140035244342333e-45,0,,228,100
2189,10959,11759,3.376808049968217e-61,0,,228,100
2190,10967,11767,1.4025372389303516e-60,0,,229,100
2191,10973,11773,1.440454160959972e-69,0,,229,100
2192,10979,11779,8.146344313663337e-44,0,,229,100
2193,10986,11786,4.1613509910603585e-42,0,,230,100
2194,10992,11792,2.6723967868543223e-41,0,,230,100
2195,10997,11797,3.614483312375279e-46,0,,230,100
2196,11000,11800,1.1336102921297662e-43,0,,230,100
2197,11005,11805,1.181359243768058e-65,0,,230,100
2198,11009,11809,4.98934358681832e-61,0,,230,100
2199,11013,11813,3.2117766342653755e-52,0,,230,100
2200,11016,11816,1.2708270866660395e-70,0,,230,100
2201,11020,11820,1.5930374299528119e-71,0,,230,100
2202,11025,11825,5.463140929627679e-58,0,,230,100
2203,11028,11828,2.3590776977501378e-60,0,,231,100
2204,11035,11835,5.329642385035256e-58,0,,230,100
2205,11039,11839,3.0788409554856014e-47,0,,227,100
2206,11043,11843,1.5648066090522534e-65,0,,227,100
2207,11048,11848,1.9431770154485684e-68,0,,229,100
2208,11053,11853,2.040771897770148e-66,0,,229,100
2209,11057,11857,8.612514305531787e-77,0,,228,100
2210,11061,11861,1.83315787632732e-67,0,,228,100
2211,11067,11867,1.025895147480527e-83,0,,227,100
2212,11071,11871,8.329936064378295e-80,0,,226,100
2213,11075,11875,2.6191485567866096e-86,0,,227,100
2214,11086,11886,1.6743685560801688e-110,0,,231,100
2215,11090,11890,1.8114027101136351e-128,0,,231,100
2216,11095,11895,9.731426984732117e-153,0,,232,100
2217,11101,11901,8.373629508837583e-77,0,,231,100
2218,11105,11905,3.642139516087343e-73,0,,229,100
2219,11111,11911,2.4369134570840453e-75,0,,228,100
2220,11113,11913,9.662853507439513e-67,0,,228,100
2221,11118,11918,1.7625511952017983e-78,0,,229,100
2222,11125,11925,1.778802886869274e-104,0,,228,100
2223,11127,11927,2.1555618696759096e-89,0,,228,100
2224,11131,11931,3.1343517043150263e-84,0,,228,100
2225,11136,11936,6.042223329189563e-91,0,,228,100
2226,11140,11940,2.1505258489821173e-64,0,,229,100
2227,11147,11947,1.2207633542806357e-57,0,,227,100
2228,11151,11951,2.259568778785522e-97,0,,224,100
2229,11155,11955,2.2443426821605228e-97,0,,225,100
2230,11159,11959,3.341665421433025e-106,0,,225,100
2231,11165,11965,4.941084281137121e-247,0,,226,100
2232,11170,11970,5.075640611921806e-286,0,,226,100
2233,11174,11974,4.606471364023492e-272,0,,225,100
2234,11182,11982,2.4905050706987904e-125,0,,228,100
2235,11188,11988,1.857227123386273e-165,0,,226,100
2236,11192,11992,2.5783346699478015e-188,0,,227,100
2237,11197,11997,1.6869153760176551e-192,0,,227,100
2238,11201,12001,1.5296930425634126e-135,0,,225,100
2239,11203,12003,6.913057319588033e-115,0,,225,100
2240,11210,12010,7.432736343787196e-82,0,,225,100
2241,11213,12013,3.888987625568711e-41,0,,224,100
2242,11220,12020,1.0363725281321238e-86,0,,223,100
2243,11224,12024,3.049080002352927e-156,0,,225,100
2244,11229,12029,7.94614886427526e-135,0,,224,100
2245,11233,12033,2.0301274649110262e-100,0,,224,100
2246,11235,12035,6.448599904535714e-147,0,,225,100
2247,11242,12042,7.380377841632244e-36,0,,227,100
2248,11245,12045,3.3295675960965256e-34,0,,227,100
2249,11249,12049,5.308090102825747e-28,0,,227,100
2250,11258,12058,1.84523933247331e-117,0,,225,100
2251,11262,12062,4.0651768751582486e-217,0,,223,100
2252,11266,12066,4.490576985166555e-214,0,,222,100
2253,11269,12069,9.848772606349704e-148,0,,223,100
2254,11277,12077,6.172426538152899e-127,0,,224,100
2255,11280,12080,9.132746376736281e-119,0,,223,100
2256,11285,12085,2.718316645355674e-166,0,,223,100
2257,11288,12088,1.2975946885627312e-101,0,,223,100
2258,11293,12093,1.3128175798549608e-105,0,,222,100
2259,11296,12096,8.861814880798002e-145,0,,223,100
2260,11302,12102,1.771055770734612e-88,0,,223,100
2261,11307,12107,3.0509878370112064e-45,0,,225,100
2262,11312,12112,4.3086232340775045e-80,0,,226,100
2263,11320,12120,3.269954112237115e-54,0,,227,100
2264,11323,12123,1.5544410110307818e-44,0,,227,100
2265,11327,12127,9.958713060909009e-271,0,,226,100
2266,11333,12133,5.084366995778992e-210,0,,226,100
2267,11336,12136,3.033891641368505e-191,0,,226,100
2268,11340,12140,1.0904212250456623e-225,0,,226,100
2269,11347,12147,2.0278409881204354e-206,0,,228,100
2270,11350,12150,6.66848133552834e-201,0,,231,100
2271,11359,12159,0.0,0,,232,100
2272,11364,12164,0.0,0,,233,100
2273,11368,12168,0.0,0,,233,100
2274,11375,12175,2.1770928798651546e-141,0,,232,100
2275,11379,12179,7.673470396663523e-99,0,,230,100
2276,11383,12183,1.638490762562542e-47,0,,230,100
2277,11389,12189,1.2921758984462787e-71,0,,230,100
2278,11392,12192,1.4057605622743533e-201,0,,230,100
2279,11397,12197,1.8002409703807086e-40,0,,230,100
2280,11405,12205,6.090903026118028e-61,0,,230,100
2281,11408,12208,1.3034588883329493e-44,0,,230,100
2282,11412,12212,4.813110440454735e-94,0,,230,100
2283,11423,12223,1.0834810902127858e-37,0,,230,100
2284,11426,12226,6.470270193703235e-52,0,,230,100
2285,11430,12230,3.709209758133314e-40,0,,231,100
2286,11436,12236,1.0158391196837525e-51,0,,230,100
2287,11440,12240,1.6452767317759852e-45,0,,231,100
2288,11443,12243,3.3587211611893924e-77,0,,230,100
2289,11447,12247,2.0476833813905287e-57,0,,230,100
2290,11451,12251,1.8532153579965e-35,0,,232,100
2291,11460,12260,2.6594899355894243e-47,0,,235,100
2292,11464,12264,1.9602790254135062e-25,0,,235,100
2293,11468,12268,4.194149485717313e-34,0,,236,100
2294,11473,12273,4.9637345528359336e-39,0,,235,100
2295,11477,12277,4.963796149707378e-215,0,,234,100
2296,11485,12285,7.659717146234458e-39,0,,235,100
2297,11490,12290,1.0047892273233272e-41,0,,236,100
2298,11495,12295,2.5101481221886517e-188,0,,235,100
2299,11499,12299,9.081311992378536e-193,0,,236,100
2300,11502,12302,1.701699242524611e-193,0,,235,100
2301,11506,12306,1.750988137423356e-170,0,,233,100
2302,11516,12316,6.238273472178285e-144,0,,231,100
2303,11520,12320,9.012333042077268e-111,0,,230,100
2304,11524,12324,3.376026642229657e-54,0,,230,100
2305,11529,12329,3.141576756684007e-70,0,,231,100
2306,11534,12334,2.4888724861689323e-67,0,,229,100
2307,11538,12338,8.704199325539446e-86,0,,229,100
2308,11541,12341,2.2963093316135622e-79,0,,229,100
2309,11545,12345,6.850552376530319e-63,0,,230,100
2310,11554,12354,1.652253122420285e-59,0,,229,100
2311,11557,12357,9.289059440853243e-55,0,,229,100
2312,11561,12361,1.6188283786652325e-49,0,,229,100
2313,11565,12365,3.494824806060569e-41,0,,229,100
2314,11574,12374,2.377894368461381e-59,0,,232,100
2315,11578,12378,1.5218072124075204e-61,0,,233,100
2316,11583,12383,1.6953299107114706e-65,0,,232,100
2317,11587,12387,4.983159840642278e-66,0,,233,100
2318,11592,12392,5.74841040342109e-68,0,,234,100
2319,11599,12399,3.122790654942204e-67,0,,233,100
2320,11603,12403,5.3511197626036656e-79,0,,232,100
2321,11607,12407,4.152378458333758e-92,0,,233,100
2322,11619,12419,1.1688894363919577e-131,0,,234,100
2323,11626,12426,1.1985120520357328e-99,0,,231,100
2324,11630,12430,6.723506891014885e-83,0,,229,100
2325,11634,12434,8.894799429657841e-65,0,,228,100
2326,11638,12438,5.797693163082055e-113,0,,229,100
2327,11643,12443,2.755685564384843e-93,0,,228,100
2328,11648,12448,8.89614221856946e-76,0,,228,100
2329,11653,12453,4.86480420268928e-101,0,,230,100
2330,11659,12459,1.72434913774822e-142,0,,230,100
2331,11663,12463,1.566080311830051e-92,0,,230,100
2332,11667,12467,8.578482994181481e-81,0,,231,100
2333,11672,12472,1.5002150094435065e-75,0,,230,100
2334,11679,12479,1.8766223848572277e-80,0,,229,100
2335,11683,12483,9.792784445385946e-67,0,,229,100
2336,11687,12487,2.55820690452308e-82,0,,230,100
2337,11690,12490,3.9283384434087424e-72,0,,229,100
2338,11694,12494,3.308127371718037e-58,0,,228,100
2339,11706,12506,5.283276476058374e-58,0,,231,100
2340,11714,12514,2.3464791178264907e-62,0,,230,100
2341,11718,12518,8.49610831785742e-48,0,,231,100
2342,11721,12521,3.48122412176751e-51,0,,232,100
2343,11726,12526,1.5067317873932388e-65,0,,232,100
2344,11732,12532,5.752833651616621e-75,0,,230,100
2345,11738,12538,1.6784268587451862e-52,0,,231,100
2346,11744,12544,1.8744665434718314e-63,0,,231,100
2347,11749,12549,1.5792807408656863e-65,0,,231,100
2348,11753,12553,1.983849213049249e-71,0,,231,100
2349,11756,12556,2.095759121973908e-64,0,,230,100
2350,11766,12566,1.224236160632773e-51,0,,229,100
2351,11770,12570,3.5041402395673453e-51,0,,228,100
2352,11773,12573,1.52684881250118e-47,0,,229,100
2353,11778,12578,2.904482618249422e-44,0,,228,100
2354,11784,12584,3.686840830909469e-75,0,,228,100
2355,11788,12588,2.5357406478438596e-76,0,,228,100
2356,11794,12594,2.1680815748018095e-108,0,,232,100
2357,11798,12598,3.564030215575021e-74,0,,233,100
2358,11804,12604,2.8020654273223088e-86,0,,234,100
2359,11807,12607,4.4634487130481426e-70,0,,233,100
2360,11811,12611,3.018269466041089e-160,0,,233,100
2361,11817,12617,1.781366382136189e-72,0,,232,100
2362,11821,12621,3.0924400429645795e-80,0,,232,100
2363,11826,12626,6.37295988631721e-125,0,,231,100
2364,11831,12631,8.453357547706342e-112,0,,230,100
2365,11837,12637,1.585197070538946e-128,0,,231,100
2366,11840,12640,1.2596774330675372e-121,0,,230,100
2367,11844,12644,1.044521241517634e-120,0,,231,100
2368,11852,12652,7.983339674751034e-149,0,,230,100
2369,11856,12656,6.8732684261153195e-152,0,,231,100
2370,11861,12661,5.268409557944254e-111,0,,232,100
2371,11867,12667,2.764585040402604e-115,0,,232,100
2372,11872,12672,6.36868362458771e-129,0,,232,100
2373,11877,12677,9.821277048354725e-59,0,,232,100
2374,11883,12683,2.7467015138984424e-68,0,,230,100
2375,11887,12687,4.2937838402741613e-66,0,,228,100
2376,11891,12691,2.825312449631854e-53,0,,229,100
2377,11896,12696,7.551359481205603e-44,0,,229,100
2378,11903,12703,4.7453836143330083e-32,0,,230,100
2379,11908,12708,4.694872748713874e-27,0,,231,100
2380,11913,12713,7.888258019103315e-44,0,,230,100
2381,11917,12717,1.584854820396914e-70,0,,231,100
2382,11926,12726,8.696983185695259e-57,0,,231,100
2383,11930,12730,3.42725244932048e-63,0,,232,100
2384,11933,12733,6.992889570555418e-44,0,,232,100
2385,11938,12738,1.7840096171226633e-58,0,,232,100
2386,11941,12741,1.368820251218237e-35,0,,233,100
2387,11947,12747,3.599458035269552e-43,0,,233,100
2388,11952,12752,6.168372619311983e-58,0,,231,100
2389,11957,12757,1.7315773104503835e-54,0,,232,100
2390,11962,12762,9.095567480996104e-55,0,,233,100
2391,11965,12765,1.2550561690660247e-38,0,,233,100
2392,11969,12769,9.975222040596051e-41,0,,232,100
2393,11976,12776,1.2289574333311366e-128,0,,232,100
2394,11981,12781,1.358007519322298e-140,0,,234,100
2395,11986,12786,3.3048064112297484e-145,0,,233,100
2396,11991,12791,1.785019205644586e-77,0,,232,100
2397,11994,12794,5.4161001421703575e-87,0,,232,100
2398,12002,12802,1.661825052363029e-125,0,,235,100
2399,12007,12807,2.3419209510911915e-106,0,,234,100
2400,12011,12811,1.4171333328069587e-95,0,,234,100
2401,12020,12820,1.665288548315642e-94,0,,233,100
2402,12024,12824,5.577478778395666e-86,0,,235,100
2403,12029,12829,1.6344498152828308e-77,0,,237,100
2404,12035,12835,1.3542408235083938e-65,0,,237,100
2405,12039,12839,1.6153217156192843e-57,0,,235,100
2406,12043,12843,3.45183968532366e-122,0,,235,100
2407,12047,12847,1.1197956359216599e-124,0,,236,100
2408,12052,12852,1.44253497548722e-45,0,,235,100
2409,12057,12857,1.510500430529972e-46,0,,235,100
2410,12062,12862,5.1326766981239934e-55,0,,237,100
2411,12068,12868,1.427158117632855e-43,0,,235,100
2412,12074,12874,9.137538287735008e-42,0,,234,100
2413,12077,12877,2.4867416920793114e-38,0,,236,100
2414,12082,12882,3.902618315539315e-49,0,,235,100
2415,12086,12886,3.171961426270947e-48,0,,235,100
2416,12095,12895,5.19841681474794e-66,0,,237,100
2417,12099,12899,2.556937199039801e-64,0,,238,100
2418,12102,12902,6.9139463380879735e-74,0,,237,100
2419,12108,12908,1.5606822976480863e-60,0,,236,100
2420,12110,12910,5.02830726811292e-60,0,,235,100
2421,12115,12915,1.158537051529872e-56,0,,236,100
2422,12120,12920,1.695684007005279e-79,0,,235,100
2423,12123,12923,9.436760117803411e-92,0,,235,100
2424,12125,12925,1.5085804687766976e-88,0,,234,100
2425,12128,12928,8.144302449901324e-102,0,,234,100
2426,12138,12938,1.6129791839693336e-115,0,,235,100
2427,12146,12946,4.2376802291689753e-109,0,,234,100
2428,12151,12951,8.148871484472056e-210,0,,231,100
2429,12155,12955,3.58078210733654e-189,0,,231,100
2430,12158,12958,3.6383619054934634e-189,0,,231,100
2431,12164,12964,6.994142262802989e-128,0,,231,100
2432,12169,12969,1.2133481627754338e-100,0,,230,100
2433,12174,12974,4.0121132473312175e-104,0,,231,100
2434,12179,12979,4.3227117971496547e-221,0,,230,100
2435,12185,12985,1.2387115024047769e-207,0,,229,100
2436,12189,12989,1.4728868628612067e-197,0,,228,100
2437,12195,12995,9.201241675958141e-208,0,,229,100
2438,12198,12998,2.3676321035854335e-155,0,,229,100
2439,12202,13002,5.246181572334245e-172,0,,228,100
2440,12212,13012,1.5682721143713433e-123,0,,230,100
2441,12218,13018,2.5736337705421934e-188,0,,234,100
2442,12225,13025,5.523460635226513e-104,0,,233,100
2443,12230,13030,1.0186275046162472e-101,0,,233,100
2444,12233,13033,1.1549188831557217e-92,0,,233,100
2445,12238,13038,1.6600497012516449e-246,0,,232,100
2446,12242,13042,4.005904900935355e-245,0,,232,100
2447,12251,13051,2.0494931727728535e-163,0,,230,100
2448,12256,13056,3.293701633932296e-115,0,,227,100
2449,12260,13060,1.2031943393550492e-104,0,,227,100
2450,12264,13064,5.470524583766532e-94,0,,226,100
2451,12268,13068,9.189004432646742e-90,0,,228,100
2452,12273,13073,2.4803430779200033e-103,0,,229,100
2453,12280,13080,4.760270066775431e-105,0,,229,100
2454,12285,13085,7.915397586520517e-72,0,,230,100
2455,12289,13089,1.0128341473134655e-74,0,,230,100
2456,12296,13096,9.310837050968721e-116,0,,232,100
2457,12302,13102,3.4971946284606104e-116,0,,233,100
2458,12307,13107,5.675329585706964e-115,0,,232,100
2459,12314,13114,1.6155057324986015e-116,0,,234,100
2460,12318,13118,2.746721385831871e-172,0,,234,100
2461,12324,13124,1.4921732394076564e-182,0,,238,100
2462,12327,13127,9.048764150772524e-184,0,,238,100
2463,12335,13135,1.0258105972355257e-173,0,,238,100
2464,12339,13139,1.3317717216563965e-154,0,,238,100
2465,12349,13149,3.963156467283405e-143,0,,239,100
2466,12355,13155,2.3086251549307698e-138,0,,240,100
2467,12360,13160,2.5600249123812724e-80,0,,239,100
2468,12364,13164,4.1394747410620245e-85,0,,238,100
2469,12370,13170,6.656528769728612e-72,0,,238,100
2470,12375,13175,7.440324000969992e-48,0,,235,100
2471,12380,13180,2.9042295235726273e-46,0,,236,100
2472,12385,13185,4.360345315488167e-27,0,,235,100
2473,12393,13193,1.2082535735533096e-41,0,,236,100
2474,12397,13197,6.875913588344892e-66,0,,236,100
2475,12405,13205,4.365373587887764e-58,0,,237,100
2476,12408,13208,1.1368815965423275e-58,0,,236,100
2477,12414,13214,3.1703732291152437e-87,0,,237,100
2478,12418,13218,8.932288451240705e-76,0,,236,100
2479,12429,13229,6.962604382860325e-123,0,,237,100
2480,12435,13235,1.0966153054450609e-58,0,,237,100
2481,12440,13240,3.6620268709987927e-56,0,,239,100
2482,12445,13245,7.574450762460746e-50,0,,238,100
2483,12449,13249,7.278427228931389e-56,0,,237,100
2484,12459,13259,1.3355398890785055e-74,0,,236,100
2485,12461,13261,6.62402171843475e-82,0,,238,100
2486,12470,13270,3.176990076738752e-50,0,,238,100
2487,12474,13274,2.1315228735008e-67,0,,241,100
2488,12476,13276,3.2198412856325727e-93,0,,242,100
2489,12485,13285,9.636156838868172e-80,0,,243,100
2490,12491,13291,3.3925030684099355e-73,0,,244,100
2491,12496,13296,4.310431180487567e-60,0,,243,100
2492,12499,13299,1.0060035871400933e-74,0,,243,100
2493,12502,13302,1.6857329097078435e-67,0,,243,100
2494,12506,13306,1.0277756997187646e-55,0,,243,100
2495,12514,13314,1.7277321661421552e-40,0,,242,100
2496,12519,13319,8.814550959618705e-45,0,,240,100
2497,12523,13323,3.436883678227474e-29,0,,242,100
2498,12528,13328,1.2563518822841514e-40,0,,242,100
2499,12533,13333,2.8372057182156057e-34,0,,244,100
2500,12538,13338,1.4682757969199913e-44,0,,245,100
2501,12542,13342,6.505043296825177e-46,0,,247,100
2502,12548,13348,7.000139684814484e-42,0,,246,100
2503,12551,13351,2.5864570351673335e-41,0,,247,100
2504,12562,13362,6.76571085142386e-44,0,,249,100
2505,12565,13365,1.0451655711004782e-39,0,,249,100
2506,12573,13373,1.1464872347385212e-44,0,,250,100
2507,12578,13378,1.1609099962631206e-47,0,,251,100
2508,12580,13380,1.6975444164264274e-67,0,,250,100
2509,12584,13384,3.863978701694347e-88,0,,250,100
2510,12591,13391,3.595522383153137e-116,0,,250,100
2511,12596,13396,2.2957294128064177e-114,0,,251,100
2512,12604,13404,1.0051484967246487e-173,0,,251,100
2513,12609,13409,6.039775086574676e-161,0,,253,100
2514,12614,13414,2.540093303747809e-142,0,,253,100
2515,12621,13421,2.3043153455799483e-174,0,,252,100
2516,12624,13424,2.5504889769809337e-162,0,,252,100
2517,12628,13428,9.582842724814973e-185,0,,252,100
2518,12633,13433,4.0151115472665096e-162,0,,253,100
2519,12637,13437,6.014485724916745e-112,0,,253,100
2520,12642,13442,3.551734464308187e-127,0,,253,100
2521,12646,13446,2.8983617399083217e-117,0,,253,100
2522,12651,13451,5.754802083069884e-47,0,,253,100
2523,12654,13454,1.0421989146380128e-46,0,,253,100
2524,12658,13458,8.571830121858215e-52,0,,252,100
2525,12665,13465,1.701127123659024e-54,0,,254,100
2526,12669,13469,2.0906713865449214e-45,0,,254,100
2527,12674,13474,2.355393701670886e-50,0,,254,100
2528,12678,13478,3.681607570967148e-39,0,,254,100
2529,12683,13483,2.3297267628694844e-75,0,,255,100
2530,12689,13489,9.342101588349693e-52,0,,255,100
2531,12691,13491,4.9366045564772804e-42,0,,255,100
2532,12694,13494,6.574967167637792e-85,0,,254,100
2533,12699,13499,1.197092333910584e-37,0,,257,100
2534,12703,13503,7.151524103098088e-40,0,,260,100
2535,12705,13505,4.881489526534376e-53,0,,259,100
2536,12711,13511,3.663054842966145e-31,0,,260,100
2537,12714,13514,5.4789010108654957e-39,0,,260,100
2538,12716,13516,3.1750041889339828e-34,0,,260,100
2539,12725,13525,1.7008764129807211e-29,0,,261,100
2540,12729,13529,3.396293599025611e-13,0,,260,100
2541,12731,13531,2.0260792740586311e-16,0,,260,100
2542,12740,13540,4.535568489015642e-16,0,,259,100
2543,12743,13543,2.4093872774877325e-17,0,,258,100
2544,12747,13547,2.2799623056236022e-19,0,,258,100
2545,12754,13554,2.6180983042357554e-36,0,,258,100
2546,12758,13558,6.80503778655372e-34,0,,257,100
2547,12761,13561,5.705042233244661e-41,0,,257,100
2548,12767,13567,9.875323082874728e-47,0,,257,100
2549,12772,13572,8.376704695602119e-45,0,,259,100
2550,12775,13575,5.024468911841157e-50,0,,259,100
2551,12781,13581,2.1672021799363494e-44,0,,259,100
2552,12786,13586,8.286923653464298e-44,0,,259,100
2553,12792,13592,4.58704917122871e-65,0,,259,100
2554,12796,13596,2.741836761522857e-66,0,,258,100
2555,12801,13601,3.1342585591806093e-100,0,,262,100
2556,12809,13609,2.6968238390087656e-106,0,,263,100
2557,12812,13612,1.955900238855213e-127,0,,263,100
2558,12818,13618,1.4063049046662648e-127,0,,262,100
2559,12823,13623,8.204228959895505e-128,0,,262,100
2560,12828,13628,1.52212031890657e-79,0,,259,100
2561,12833,13633,1.0112627026226722e-63,0,,256,100
2562,12837,13637,2.006426329783238e-55,0,,258,100
2563,12841,13641,4.445375429340673e-84,0,,259,100
2564,12846,13646,2.2871381580932346e-68,0,,258,100
2565,12851,13651,5.937132190217896e-69,0,,258,100
2566,12856,13656,1.3741425284690425e-34,0,,258,100
2567,12861,13661,6.1390745603634955e-37,0,,257,100
2568,12871,13671,7.449198871711873e-39,0,,260,100
2569,12881,13681,2.6865575451898493e-31,0,,259,100
2570,12889,13689,3.8233073474035866e-23,0,,258,100
2571,12895,13695,6.317231363573927e-13,0,,255,100
2572,12905,13705,3.7134703485830534e-21,0,,260,100
2573,12911,13711,1.9630820724124174e-24,0,,261,100
2574,12914,13714,1.1437007088655335e-30,0,,262,100
2575,12920,13720,1.343910979003494e-28,0,,263,100
2576,12923,13723,5.281943935811728e-34,0,,262,100
2577,12927,13727,1.4129809740829968e-58,0,,262,100
2578,12938,13738,2.1630696923409166e-62,0,,262,100
2579,12942,13742,4.168397191815758e-54,0,,263,100
2580,12946,13746,1.5626536964177544e-60,0,,264,100
2581,12951,13751,3.00629285239049e-32,0,,262,100
2582,12955,13755,3.24746285847342e-37,0,,263,100
2583,12957,13757,1.175790397557715e-32,0,,263,100
2584,12962,13762,5.532314431941586e-35,0,,261,100
2585,12967,13767,5.12255870737943e-35,0,,263,100
2586,12973,13773,2.8689512544500418e-42,0,,263,100
2587,12978,13778,2.0687756673734078e-55,0,,263,100
2588,12982,13782,2.1387286971862302e-54,0,,263,100
2589,12990,13790,1.371518176639379e-55,0,,263,100
2590,12994,13794,5.635167348342514e-53,0,,264,100
2591,13001,13801,7.046828342127167e-56,0,,265,100
2592,13006,13806,5.1499278515683454e-30,0,,264,100
2593,13012,13812,2.937910968759637e-194,0,,262,100
2594,13017,13817,5.639743353918334e-156,0,,260,100
2595,13021,13821,2.0528766305151807e-161,0,,261,100
2596,13026,13826,2.387596802617021e-92,0,,260,100
2597,13031,13831,3.0656740601889737e-65,0,,262,100
2598,13035,13835,8.528363115002671e-89,0,,265,100
2599,13040,13840,4.1909899842269096e-182,0,,267,100
2600,13044,13844,7.138951731860398e-195,0,,268,100
2601,13053,13853,5.6249388252092e-194,0,,269,100
2602,13056,13856,1.4045232345394484e-193,0,,269,100
2603,13060,13860,2.786779576174604e-203,0,,270,100
2604,13066,13866,1.5582377808512088e-215,0,,269,100
2605,13070,13870,5.106126806326269e-106,0,,269,100
2606,13076,13876,4.287916769700468e-61,0,,269,100
2607,13079,13879,1.1089236652688009e-51,0,,269,100
2608,13083,13883,3.1101898214611896e-98,0,,268,100
2609,13088,13888,1.68044690274055e-110,0,,270,100
2610,13091,13891,4.7955225976459534e-104,0,,269,100
2611,13096,13896,7.376965245328434e-120,0,,268,100
2612,13099,13899,4.925646902385661e-102,0,,267,100
2613,13103,13903,5.788966171109113e-169,0,,269,100
2614,13108,13908,7.096609340478542e-155,0,,270,100
2615,13111,13911,1.3273738699613343e-120,0,,270,100
2616,13118,13918,1.004108515507902e-45,0,,267,100
2617,13123,13923,4.01159044415404e-54,0,,266,100
2618,13127,13927,2.1566675947302967e-42,0,,267,100
2619,13132,13932,5.388398404993739e-92,0,,268,100
2620,13137,13937,2.77768729079457e-60,0,,267,100
2621,13141,13941,1.2150838600121627e-202,0,,267,100
2622,13147,13947,1.3839475353247182e-189,0,,267,100
2623,13151,13951,6.06039761820452e-238,0,,267,100
2624,13155,13955,3.547949750003264e-253,0,,269,100
2625,13166,13966,2.2272555109323865e-248,0,,268,100
2626,13170,13970,1.843821491162877e-198,0,,268,100
2627,13175,13975,8.71454407201071e-264,0,,270,100
2628,13182,13982,1.3918645866968538e-162,0,,268,100
2629,13186,13986,4.176219270097689e-233,0,,269,100
2630,13189,13989,3.7462688547998255e-51,0,,268,100
2631,13197,13997,1.2793164146269136e-88,0,,268,100
2632,13199,13999,8.494269591843925e-71,0,,267,100
2633,13205,14005,1.7360642548760736e-103,0,,267,100
2634,13209,14009,9.511488682844709e-142,0,,267,100
2635,13216,14016,7.082009447728864e-82,0,,271,100
2636,13220,14020,8.129202171227853e-84,0,,273,100
2637,13225,14025,3.3199139909963946e-72,0,,274,100
2638,13228,14028,1.2101087252831274e-41,0,,273,100
2639,13232,14032,1.4101504487961956e-44,0,,272,100
2640,13238,14038,1.4183420953854803e-57,0,,272,100
2641,13244,14044,5.485350815441399e-59,0,,273,100
2642,13248,14048,2.1485966819755774e-68,0,,273,100
2643,13253,14053,7.546083511788401e-41,0,,272,100
2644,13256,14056,1.271773249833128e-28,0,,273,100
2645,13260,14060,9.513889864698665e-226,0,,271,100
2646,13265,14065,2.832392650032979e-250,0,,271,100
2647,13273,14073,1.3153948212245382e-25,0,,268,100
2648,13278,14078,2.3260193145987567e-60,0,,265,100
2649,13282,14082,1.4338041682476111e-42,0,,266,100
2650,13287,14087,1.7665782184717918e-40,0,,266,100
2651,13293,14093,2.3185087268605577e-76,0,,268,100
2652,13297,14097,1.0740251677735532e-53,0,,271,100
2653,13302,14102,7.348165160035181e-54,0,,271,100
2654,13308,14108,3.0810948571330194e-75,0,,269,100
2655,13312,14112,1.7424369537740803e-84,0,,269,100
2656,13317,14117,8.123183382927628e-44,0,,268,100
2657,13323,14123,2.0380960592700856e-83,0,,268,100
2658,13333,14133,1.0361097510525208e-47,0,,265,100
2659,13337,14137,2.3514515986780615e-168,0,,264,100
2660,13346,14146,0.0,0,,263,100
2661,13352,14152,5.2984617079654515e-210,0,,264,100
2662,13363,14163,2.6090413482080618e-55,0,,262,100
2663,13367,14167,2.0455440771382773e-68,0,,263,100
2664,13377,14177,3.318512058201549e-82,0,,262,100
2665,13383,14183,9.44349917362895e-76,0,,262,100
2666,13392,14192,4.0325487390879357e-29,0,,259,100
2667,13397,14197,1.3701879070237164e-21,0,,256,100
2668,13401,14201,1.241743476404858e-24,0,,256,100
2669,13408,14208,1.9546125112425148e-24,0,,254,100
2670,13413,14213,6.636375373561569e-35,0,,254,100
2671,13418,14218,2.2839698611557113e-35,0,,253,100
2672,13422,14222,4.011283657304444e-43,0,,252,100
2673,13426,14226,1.941341660242394e-46,0,,252,100
2674,13433,14233,3.55876331773405e-82,0,,252,100
2675,13437,14237,6.2165074922348035e-90,0,,252,100
2676,13442,14242,8.794205275644673e-119,0,,253,100
2677,13445,14245,2.3818376488112162e-123,0,,253,100
2678,13449,14249,1.1380849294176265e-109,0,,252,100
2679,13453,14253,1.0534524769171375e-93,0,,252,100
2680,13457,14257,2.62647761012819e-98,0,,254,100
2681,13463,14263,6.758890876576305e-107,0,,255,100
2682,13467,14267,1.659901744795964e-99,0,,255,100
2683,13471,14271,3.495396176663055e-166,0,,255,100
2684,13476,14276,1.0951194235674217e-168,0,,256,100
2685,13479,14279,3.659942281914311e-261,0,,256,100
2686,13483,14283,0.0,0,,256,100
2687,13489,14289,5.01943368160442e-291,0,,256,100
2688,13498,14298,0.0,0,,252,100
2689,13503,14303,8.522941730979381e-108,0,,249,100
2690,13507,14307,6.577230893264322e-130,0,,249,100
2691,13512,14312,4.536146925440954e-148,0,,249,100
2692,13517,14317,3.7765577628064277e-81,0,,250,100
2693,13524,14324,7.193236873720001e-89,0,,248,100
2694,13527,14327,6.83887524098367e-111,0,,248,100
2695,13531,14331,3.20091518178992e-83,0,,248,100
2696,13535,14335,1.1423211259964456e-56,0,,249,100
2697,13542,14342,1.2228406704276666e-56,0,,250,100
2698,13545,14345,2.643584590379053e-62,0,,250,100
2699,13550,14350,3.249259883259692e-40,0,,250,100
2700,13553,14353,2.12495668483365e-49,0,,250,100
2701,13559,14359,2.6187882876787665e-40,0,,250,100
2702,13562,14362,3.807575779197521e-45,0,,251,100
2703,13569,14369,8.676507617224624e-53,0,,248,100
2704,13573,14373,5.761589918725142e-88,0,,248,100
2705,13576,14376,1.0195162030980468e-78,0,,248,100
2706,13581,14381,7.787525063563959e-86,0,,248,100
2707,13584,14384,6.370542713675337e-86,0,,248,100
2708,13589,14389,3.272619997556795e-83,0,,251,100
2709,13598,14398,7.619129890003357e-281,0,,251,100
2710,13603,14403,3.683861335015055e-139,0,,248,100
2711,13607,14407,3.268955124013885e-130,0,,248,100
2712,13611,14411,6.806396681757041e-196,0,,248,100
2713,13621,14421,1.5138272157662156e-158,0,,248,100
2714,13626,14426,1.131212524019037e-151,0,,248,100
2715,13630,14430,2.093979675832009e-127,0,,248,100
2716,13637,14437,3.376040135130383e-225,0,,246,100
2717,13640,14440,2.6346401666601504e-260,0,,246,100
2718,13644,14444,6.116057099387629e-158,0,,246,100
2719,13648,14448,6.1840324965185174e-207,0,,246,100
2720,13655,14455,1.8373797420195857e-138,0,,247,100
2721,13658,14458,6.439599588009644e-290,0,,247,100
2722,13662,14462,3.1915134340458484e-119,0,,248,100
2723,13667,14467,3.0583179283360483e-249,0,,246,100
2724,13670,14470,6.159291608031016e-133,0,,246,100
2725,13677,14477,5.25663983670079e-159,0,,247,100
2726,13681,14481,9.488753943957956e-155,0,,248,100
2727,13686,14486,1.409705924613411e-129,0,,246,100
2728,13690,14490,2.4346285432118277e-101,0,,247,100
2729,13698,14498,1.379121703282677e-93,0,,244,100
2730,13703,14503,1.301805567201269e-100,0,,242,100
2731,13707,14507,3.54934894164358e-99,0,,243,100
2732,13715,14515,2.4795934102513076e-47,0,,243,100
2733,13719,14519,1.4393033571010786e-48,0,,243,100
2734,13724,14524,5.973653520655494e-48,0,,244,100
2735,13729,14529,1.1092073766592062e-45,0,,245,100
2736,13740,14540,1.4931205230734913e-260,0,,242,100
2737,13743,14543,5.262067213556115e-293,0,,243,100
2738,13754,14554,7.707797140089527e-108,0,,244,100
2739,13757,14557,6.723021433422938e-101,0,,242,100
2740,13763,14563,1.3460278472557466e-123,0,,242,100
2741,13773,14573,3.239647632032744e-114,0,,241,100
2742,13776,14576,1.6945280546603098e-89,0,,241,100
2743,13782,14582,3.5056416886152705e-80,0,,240,100
2744,13786,14586,5.003769459196571e-86,0,,240,100
2745,13792,14592,9.72602009326913e-155,0,,240,100
2746,13796,14596,4.257042957164633e-167,0,,240,100
2747,13800,14600,1.8825881741056145e-166,0,,242,100
2748,13807,14607,9.429248077584742e-131,0,,242,100
2749,13810,14610,1.0231144439214956e-164,0,,242,100
2750,13820,14620,1.2142647878724561e-95,0,,241,100
2751,13824,14624,1.4617469282111193e-104,0,,240,100
2752,13833,14633,1.0760170445567808e-245,0,,240,100
2753,13838,14638,1.9669920934917284e-71,0,,237,100
2754,13842,14642,6.037474825495512e-85,0,,237,100
2755,13849,14649,1.2887091263369114e-84,0,,236,100
2756,13854,14654,6.673469511993409e-76,0,,237,100
2757,13859,14659,1.9420645770062598e-97,0,,235,100
2758,13863,14663,7.957574145316623e-91,0,,235,100
2759,13870,14670,8.399014133103411e-83,0,,234,100
2760,13875,14675,1.1795293221789579e-108,0,,234,100
2761,13879,14679,2.741057501629437e-98,0,,234,100
2762,13887,14687,1.841730046480589e-101,0,,233,100
2763,13892,14692,8.727804312174708e-103,0,,233,100
2764,13895,14695,4.924030410532689e-79,0,,233,100
2765,13902,14702,3.4993493238602495e-136,0,,233,100
2766,13905,14705,3.328881271383889e-135,0,,232,100
2767,13911,14711,5.574049624703716e-146,0,,233,100
2768,13914,14714,1.4978951579104508e-181,0,,232,100
2769,13922,14722,1.758662182706928e-222,0,,230,100
2770,13930,14730,2.908587320994297e-187,0,,228,100
2771,13935,14735,2.841739605699124e-159,0,,229,100
2772,13938,14738,9.789629209302796e-159,0,,229,100
2773,13946,14746,3.5656639281014897e-154,0,,228,100
2774,13950,14750,3.6359860610800634e-148,0,,228,100
2775,13952,14752,9.700213708398344e-109,0,,228,100
2776,13957,14757,1.1643687781308446e-119,0,,229,100
2777,13963,14763,4.972919357179578e-109,0,,232,100
2778,13965,14765,1.9953900497934938e-100,0,,231,100
2779,13969,14769,2.765289183214392e-130,0,,232,100
2780,13972,14772,2.617176193164306e-127,0,,231,100
2781,13975,14775,5.1850419388817806e-135,0,,231,100
2782,13985,14785,4.298337499499892e-93,0,,230,100
2783,13989,14789,2.384326368932223e-81,0,,230,100
2784,13991,14791,2.605389629541052e-67,0,,229,100
2785,13997,14797,1.0186507926230588e-50,0,,230,100
2786,14001,14801,1.2743595368955144e-25,0,,230,100
2787,14004,14804,1.181293189466342e-24,0,,230,100
2788,14007,14807,1.1285504540382222e-30,0,,230,100
2789,14014,14814,9.851925281804545e-46,0,,227,100
2790,14019,14819,2.8675882256877683e-81,0,,225,100
2791,14022,14822,5.915543868650139e-87,0,,225,100
2792,14027,14827,8.612586580444893e-123,0,,225,100
2793,14033,14833,2.6943518036766216e-109,0,,223,100
2794,14036,14836,2.143410569986533e-52,0,,224,100
2795,14044,14844,7.060769987553185e-73,0,,225,100
2796,14055,14855,4.63040526807084e-121,0,,226,100
2797,14061,14861,1.7202748291761105e-136,0,,226,100
2798,14068,14868,5.4601362681797404e-192,0,,225,100
2799,14076,14876,0.0,0,,227,100
2800,14080,14880,0.0,0,,226,100
2801,14092,14892,5.640643114134567e-290,0,,224,100
2802,14097,14897,3.1633599247100524e-86,0,,221,100
2803,14101,14901,2.10735199668902e-101,0,,221,100
2804,14106,14906,7.376096436993101e-105,0,,222,100
2805,14111,14911,3.5623490776523695e-177,0,,222,100
2806,14115,14915,8.13302755578617e-168,0,,221,100
2807,14120,14920,6.620033717344808e-168,0,,222,100
2808,14127,14927,7.463132892701849e-231,0,,220,100
2809,14131,14931,2.3995351325479064e-200,0,,220,100
2810,14135,14935,2.289710946198665e-219,0,,220,100
2811,14140,14940,0.0,0,,219,100
2812,14142,14942,4.831956838830649e-224,0,,220,100
2813,14147,14947,2.7557698503184896e-140,0,,219,100
2814,14151,14951,7.949141626228185e-127,0,,219,100
2815,14158,14958,7.06730890738082e-167,0,,223,100
2816,14162,14962,4.774438760660426e-162,0,,223,100
2817,14167,14967,4.395761977637525e-272,0,,224,100
2818,14173,14973,1.0825386107549746e-199,0,,222,100
2819,14177,14977,5.822190833529027e-199,0,,222,100
2820,14182,14982,1.3146225114415308e-163,0,,222,100
2821,14187,14987,4.1500357110877454e-150,0,,221,100
2822,14192,14992,1.2215121230671194e-210,0,,221,100
2823,14197,14997,3.840616955011206e-161,0,,220,100
2824,14207,15007,1.397343248976233e-140,0,,222,100
2825,14210,15010,1.152961794956544e-139,0,,222,100
2826,14218,15018,7.793129970380715e-176,0,,225,100
2827,14223,15023,2.4310914114420346e-188,0,,228,100
2828,14231,15031,8.614604991125629e-230,0,,230,100
2829,14234,15034,2.5336705457267858e-182,0,,230,100
2830,14240,15040,3.1417903199653354e-190,0,,229,100
2831,14245,15045,5.202562091749355e-183,0,,229,100
2832,14250,15050,3.463255212276833e-201,0,,230,100
2833,14257,15057,6.146985250077324e-69,0,,228,100
2834,14262,15062,1.437593381626877e-88,0,,224,100
2835,14266,15066,2.5673843072039942e-107,0,,224,100
2836,14269,15069,4.125634803828717e-73,0,,226,100
2837,14275,15075,1.3146628023763342e-67,0,,223,100
2838,14278,15078,1.7168087572965465e-61,0,,223,100
2839,14282,15082,1.1791395140190417e-71,0,,222,100
2840,14287,15087,3.784762460885916e-126,0,,222,100
2841,14293,15093,5.1587652785555616e-71,0,,224,100
2842,14297,15097,2.2265811293885677e-80,0,,224,100
2843,14302,15102,1.231723814226783e-74,0,,224,100
2844,14304,15104,2.218568066466504e-107,0,,224,100
2845,14309,15109,8.648593012620696e-111,0,,223,100
2846,14313,15113,1.8165006174515944e-227,0,,223,100
2847,14316,15116,1.685572106876111e-170,0,,221,100
2848,14323,15123,1.5630077929361218e-76,0,,226,100
2849,14327,15127,5.147755506260493e-114,0,,225,100
2850,14332,15132,8.968799787691268e-111,0,,225,100
2851,14338,15138,6.333277142744479e-130,0,,223,100
2852,14343,15143,6.623773333937983e-123,0,,225,100
2853,14349,15149,1.222001861590273e-111,0,,224,100
2854,14353,15153,7.614042759600413e-117,0,,224,100
2855,14356,15156,2.344056192810595e-163,0,,223,100
2856,14361,15161,5.9593571085460146e-114,0,,225,100
2857,14366,15166,8.573193920773461e-131,0,,225,100
2858,14370,15170,5.48970575143186e-118,0,,225,100
2859,14375,15175,7e-323,0,,224,100
2860,14378,15178,3.794885588042788e-301,0,,224,100
2861,14382,15182,1.0746787226009143e-296,0,,225,100
2862,14389,15189,2.5811803995801368e-152,0,,222,100
2863,14393,15193,1.0067835216491448e-136,0,,220,100
2864,14398,15198,8.564291599903525e-123,0,,223,100
2865,14401,15201,2.7585465454985065e-141,0,,225,100
2866,14405,15205,8.136326036575662e-144,0,,225,100
2867,14410,15210,6.828283701172401e-79,0,,226,100
2868,14413,15213,3.543143791382513e-124,0,,225,100
2869,14417,15217,1.030809552331817e-121,0,,226,100
2870,14429,15229,3.114365741040152e-220,0,,226,100
2871,14432,15232,7.647582291658619e-150,0,,226,100
2872,14438,15238,1.1216659516297436e-123,0,,226,100
2873,14441,15241,5.609203187034184e-75,0,,226,100
2874,14445,15245,1.0872637618825144e-56,0,,226,100
2875,14449,15249,3.032864925892931e-57,0,,228,100
2876,14454,15254,2.2268368805529749e-66,0,,231,100
2877,14458,15258,2.4293812258416524e-75,0,,230,100
2878,14466,15266,2.6493487291414614e-84,0,,231,100
2879,14471,15271,7.59724424236162e-74,0,,231,100
2880,14474,15274,1.0761120632666196e-80,0,,231,100
2881,14478,15278,4.788124727702085e-81,0,,233,100
2882,14487,15287,5.047665615269834e-87,0,,232,100
2883,14490,15290,6.789722194009625e-88,0,,233,100
2884,14494,15294,2.2956967653882214e-106,0,,233,100
2885,14499,15299,1.0125452936259138e-79,0,,232,100
2886,14502,15302,5.059350437586561e-112,0,,233,100
2887,14507,15307,3.870022859632108e-92,0,,229,100
2888,14511,15311,3.145876788600688e-67,0,,227,100
2889,14516,15316,3.3472116318918123e-63,0,,227,100
2890,14520,15320,1.8150955624083428e-84,0,,226,100
2891,14527,15327,9.128870380341391e-98,0,,227,100
2892,14535,15335,3.4334057342875867e-79,0,,228,100
2893,14538,15338,6.976670499070243e-111,0,,228,100
2894,14544,15344,3.746955394881076e-117,0,,228,100
2895,14548,15348,2.3612480336743375e-116,0,,230,100
2896,14556,15356,8.031467499012208e-108,0,,231,100
2897,14562,15362,4.785219909265483e-140,0,,232,100
2898,14566,15366,4.3433480859560936e-138,0,,232,100
2899,14573,15373,4.230693305607578e-102,0,,232,100
2900,14579,15379,8.13570933147691e-136,0,,233,100
2901,14584,15384,1.1908759685342129e-116,0,,234,100
2902,14590,15390,1.80575819919873e-128,0,,233,100
2903,14593,15393,5.487098180521389e-66,0,,233,100
2904,14597,15397,4.0859231417041714e-154,0,,232,100
2905,14601,15401,3.9153414365665934e-158,0,,231,100
2906,14606,15406,9.340120465997436e-175,0,,232,100
2907,14611,15411,4.621135182422673e-31,0,,232,100
2908,14616,15416,4.3321064846151476e-51,0,,232,100
2909,14626,15426,7.445921557760794e-33,0,,231,100
2910,14630,15430,5.347547457024908e-34,0,,230,100
2911,14634,15434,4.3334089116421425e-38,0,,233,100
2912,14639,15439,1.4200390475371821e-44,0,,235,100
2913,14645,15445,2.4718305371476218e-46,0,,235,100
2914,14648,15448,1.1778467789945073e-45,0,,236,100
2915,14656,15456,8.602909574308273e-59,0,,236,100
2916,14660,15460,5.492952577369752e-41,0,,235,100
2917,14667,15467,1.4774906402721453e-45,0,,235,100
2918,14674,15474,5.0446175681434515e-27,0,,234,100
2919,14678,15478,1.1514709378623047e-39,0,,235,100
2920,14684,15484,4.3291957152154256e-29,0,,235,100
2921,14686,15486,1.698395004268442e-27,0,,235,100
2922,14690,15490,1.6144304432069117e-38,0,,237,100
2923,14693,15493,5.509622018222525e-44,0,,239,100
2924,14697,15497,6.63272448055751e-44,0,,238,100
2925,14701,15501,2.4948069100071012e-57,0,,242,100
2926,14711,15511,6.62217566135589e-54,0,,241,100
2927,14715,15515,3.375006967261249e-55,0,,241,100
2928,14721,15521,6.273113611667377e-56,0,,241,100
2929,14725,15525,1.1846108687292888e-66,0,,241,100
2930,14732,15532,9.368811642927419e-164,0,,241,100
2931,14736,15536,3.384182553033451e-170,0,,242,100
2932,14743,15543,8.305629641045873e-208,0,,243,100
2933,14747,15547,1.0422007861488505e-187,0,,243,100
2934,14752,15552,3.953859570419912e-166,0,,243,100
2935,14758,15558,9.953930167546841e-172,0,,240,100
2936,14762,15562,1.834599002983509e-264,0,,238,100
2937,14766,15566,2.340412681823466e-78,0,,236,100
2938,14770,15570,1.1454768556549577e-87,0,,238,100
2939,14775,15575,9.492278737199432e-86,0,,238,100
2940,14778,15578,4.0017717921543795e-243,0,,239,100
2941,14783,15583,8.697434998023453e-219,0,,239,100
2942,14789,15589,4.305722723803267e-51,0,,239,100
2943,14792,15592,2.544406811090415e-65,0,,239,100
2944,14796,15596,1.6252767394902583e-70,0,,237,100
2945,14805,15605,3.577092200287186e-61,0,,242,100
2946,14810,15610,4.3703855149037e-93,0,,241,100
2947,14815,15615,9.461652227499929e-48,0,,242,100
2948,14821,15621,1.921880333245706e-50,0,,243,100
2949,14829,15629,7.564122194026432e-83,0,,243,100
2950,14836,15636,6.454732341423486e-105,0,,243,100
2951,14840,15640,2.588008956837133e-107,0,,244,100
2952,14843,15643,2.587118477136627e-204,0,,243,100
2953,14849,15649,1.148947604638982e-186,0,,242,100
2954,14854,15654,2.0607728232190308e-170,0,,242,100
2955,14858,15658,2.5649691221132287e-169,0,,243,100
2956,14869,15669,1.7239918834115156e-63,0,,242,100
2957,14873,15673,1.7908473263459798e-68,0,,240,100
2958,14877,15677,8.89423126740865e-65,0,,242,100
2959,14881,15681,9.806772838209072e-16,0,,245,100
2960,14885,15685,9.18829565117423e-05,0,,245,100
2961,14890,15690,2.355809332969258e-43,0,,246,100
2962,14895,15695,3.4552235958350887e-53,0,,247,100
2963,14900,15700,7.850243745649776e-41,0,,248,100
2964,14906,15706,2.2252522976111257e-39,0,,246,100
2965,14911,15711,7.477858360097145e-34,0,,247,100
2966,14916,15716,2.1830452557876332e-38,0,,248,100
2967,14924,15724,5.6809335413740816e-33,0,,247,100
2968,14928,15728,1.1833735892707637e-32,0,,248,100
2969,14935,15735,1.880164766336202e-40,0,,249,100
2970,14942,15742,7.178230038380636e-34,0,,249,100
2971,14946,15746,4.173001240081171e-36,0,,252,100
2972,14949,15749,2.502455354056288e-46,0,,254,100
2973,14956,15756,1.1051816763478129e-75,0,,251,100
2974,14960,15760,1.8162971458916308e-22,0,,250,100
2975,14964,15764,8.618919983179358e-24,0,,251,100
2976,14969,15769,9.934061407877357e-48,0,,251,100
2977,14975,15775,2.4434936489794672e-46,0,,250,100
2978,14978,15778,2.7372051964928975e-46,0,,251,100
2979,14986,15786,1.425450025724909e-52,0,,251,100
2980,14990,15790,3.308203757599466e-115,0,,251,100
2981,14995,15795,7.581543941212319e-74,0,,251,100
2982,15002,15802,6.847200743648808e-85,0,,249,100
2983,15006,15806,2.661244952314341e-126,0,,249,100
2984,15012,15812,2.089488496620087e-79,0,,249,100
2985,15018,15818,3.893981150517101e-33,0,,246,100
2986,15022,15822,2.908714612080971e-33,0,,245,100
2987,15026,15826,2.594966443184606e-57,0,,244,100
2988,15031,15831,2.495418244388397e-32,0,,245,100
2989,15037,15837,3.0519313018183294e-58,0,,244,100
2990,15043,15843,1.0711754153200627e-46,0,,245,100
2991,15046,15846,5.423596666100117e-100,0,,244,100
2992,15052,15852,4.309256114160556e-59,0,,244,100
2993,15057,15857,2.5099101826692848e-30,0,,246,100
2994,15063,15863,5.7410703119986375e-49,0,,247,100
2995,15071,15871,1.4835916641782774e-157,0,,247,100
2996,15075,15875,5.953950705163634e-140,0,,247,100
2997,15081,15881,1.4457270884249401e-47,0,,249,100
2998,15088,15888,1.6548069859087088e-34,0,,250,100
2999,15092,15892,2.9473926501182275e-51,0,,249,100
3000,15098,15898,8.005271024448665e-14,0,,248,100
3001,15103,15903,4.800124043527054e-27,0,,249,100
3002,15107,15907,1.7821455553595291e-25,0,,248,100
3003,15118,15918,5.237015714318673e-13,0,,246,100
3004,15122,15922,4.914979104581869e-46,0,,244,100
3005,15126,15926,1.0257802113833658e-60,0,,243,100
3006,15130,15930,6.079953955660033e-28,0,,244,100
3007,15134,15934,8.909710286283062e-38,0,,244,100
3008,15139,15939,4.369416139512858e-33,0,,244,100
3009,15142,15942,3.609977578892934e-52,0,,246,100
3010,15147,15947,2.276931509440995e-90,0,,249,100
3011,15152,15952,1.7482619369688051e-93,0,,251,100
3012,15157,15957,6.2035015192976865e-96,0,,248,100
3013,15165,15965,2.5209524052390547e-98,0,,248,100
3014,15169,15969,5.052126424680716e-94,0,,249,100
3015,15176,15976,1.589305503885227e-97,0,,248,100
3016,15183,15983,3.919439471174413e-161,0,,247,100
3017,15187,15987,4.4375460360559325e-205,0,,247,100
3018,15190,15990,7.261380354745387e-188,0,,248,100
3019,15197,15997,6.95123458391864e-188,0,,245,100
3020,15201,16001,1.8847577280482867e-182,0,,243,100
3021,15205,16005,8.045553679209362e-186,0,,243,100
3022,15210,16010,1.025255667815108e-188,0,,245,100
3023,15216,16016,5.6723994573223435e-182,0,,247,100
3024,15223,16023,9.444647761774174e-41,0,,250,100
3025,15230,16030,2.942471290547402e-101,0,,249,100
3026,15234,16034,4.183228828608401e-30,0,,249,100
3027,15240,16040,1.385169071013873e-59,0,,249,100
3028,15248,16048,3.0764046482782243e-24,0,,246,100
3029,15253,16053,2.2685817859337183e-23,0,,244,100
3030,15257,16057,1.1314637017147764e-35,0,,244,100
3031,15262,16062,1.983759286335813e-46,0,,245,100
3032,15268,16068,2.263380561281367e-53,0,,243,100
3033,15274,16074,1.3117066610323152e-59,0,,242,100
3034,15277,16077,2.608517787172425e-28,0,,241,100
3035,15283,16083,3.7730249268310704e-58,0,,244,100
3036,15290,16090,2.147305706301942e-88,0,,243,100
3037,15296,16096,1.1270970103015322e-85,0,,244,100
3038,15304,16104,4.549769776375938e-121,0,,244,100
3039,15308,16108,9.292465765379914e-85,0,,245,100
3040,15316,16116,1.0017994467501945e-120,0,,248,100
3041,15323,16123,3.3589175960294695e-57,0,,248,100
3042,15327,16127,1.242202125868067e-149,0,,248,100
3043,15333,16133,2.2114249726968232e-154,0,,247,100
3044,15338,16138,4.250201708979047e-151,0,,247,100
3045,15342,16142,5.894755142784246e-153,0,,247,100
3046,15353,16153,2.9854513643426807e-44,0,,246,100
3047,15358,16158,7.561555953112269e-163,0,,244,100
3048,15362,16162,1.799488781208886e-216,0,,244,100
3049,15366,16166,8.984752871979742e-129,0,,243,100
3050,15370,16170,3.3756138541694836e-33,0,,243,100
3051,15375,16175,1.5632040788589875e-199,0,,243,100
3052,15378,16178,2.5534154239111087e-127,0,,243,100
3053,15383,16183,2.1128268512786703e-45,0,,243,100
3054,15388,16188,2.2040724394878582e-16,0,,244,100
3055,15393,16193,2.9837210678299113e-23,0,,246,100
3056,15401,16201,1.2002763978197945e-20,0,,249,100
3057,15405,16205,3.1436363240143314e-34,0,,249,100
3058,15410,16210,9.978991189061882e-18,0,,249,100
3059,15417,16217,1.3151694780070978e-23,0,,248,100
3060,15421,16221,1.5594186105792098e-09,0,,248,100
3061,15424,16224,2.424696332982705e-09,0,,249,100
3062,15431,16231,7.3931199725172054e-68,0,,245,100
3063,15436,16236,5.777967117410958e-32,0,,243,100
3064,15440,16240,1.5819450781320154e-37,0,,244,100
3065,15447,16247,7.467275017246619e-65,0,,244,100
3066,15453,16253,5.928554272709431e-51,0,,245,100
3067,15461,16261,5.248359019350642e-52,0,,249,100
3068,15467,16267,2.9456565879284693e-53,0,,252,100
3069,15471,16271,3.7323641319038954e-56,0,,252,100
3070,15477,16277,1.3182048417798217e-57,0,,251,100
3071,15489,16289,1.0679207146891637e-128,0,,248,100
3072,15494,16294,5.7117632690746427e-39,0,,244,100
3073,15498,16298,2.4406028460803722e-98,0,,244,100
3074,15505,16305,2.1732762899456118e-48,0,,244,100
3075,15511,16311,3.7797900139798357e-146,0,,243,100
3076,15517,16317,1.8527447133988035e-109,0,,245,100
3077,15520,16320,2.4974621539725798e-95,0,,244,100
3078,15526,16326,2.022107974070277e-102,0,,245,100
3079,15537,16337,4.0112630487389993e-47,0,,243,100
3080,15543,16343,3.272455739438567e-39,0,,244,100
3081,15551,16351,3.2571236265607643e-55,0,,245,100
3082,15555,16355,1.2786534287352916e-37,0,,246,100
3083,15561,16361,1.9928565636877172e-112,0,,245,100
3084,15568,16368,8.684030565346939e-69,0,,245,100
3085,15572,16372,1.8773092940736968e-69,0,,247,100
3086,15578,16378,3.171621713786019e-146,0,,246,100
3087,15583,16383,1.6623252262508317e-179,0,,247,100
3088,15587,16387,1.4766952169142665e-194,0,,247,100
3089,15598,16398,2.3405726422762753e-184,0,,248,100
3090,15603,16403,2.8896632682618907e-69,0,,245,100
3091,15607,16407,1.159757528573099e-49,0,,244,100
3092,15611,16411,1.0111064562940374e-25,0,,244,100
3093,15615,16415,2.1630625767105723e-52,0,,243,100
3094,15620,16420,1.3376029627494914e-44,0,,244,100
3095,15623,16423,3.4103285727524783e-42,0,,244,100
3096,15630,16430,1.452979350755312e-57,0,,242,100
3097,15635,16435,3.49497562354954e-64,0,,241,100
3098,15640,16440,3.612400932527263e-101,0,,244,100
3099,15648,16448,2.999758738787593e-86,0,,246,100
3100,15652,16452,4.678243689804079e-134,0,,246,100
3101,15656,16456,1.7909969923377995e-150,0,,246,100
3102,15663,16463,5.962085143019062e-64,0,,245,100
3103,15667,16467,1.328499840973508e-63,0,,246,100
3104,15670,16470,1.0628314682392357e-55,0,,248,100
3105,15677,16477,1.2336116927574589e-128,0,,245,100
3106,15682,16482,9.93962654834285e-91,0,,242,100
3107,15686,16486,3.0396586152726093e-51,0,,243,100
3108,15697,16497,2.578495387678959e-41,0,,242,100
3109,15703,16503,3.8803135436328324e-41,0,,243,100
3110,15709,16509,1.7540451811051442e-56,0,,247,100
3111,15713,16513,7.712841572259515e-49,0,,247,100
3112,15718,16518,6.815975598772946e-163,0,,247,100
3113,15725,16525,1.6116625845910886e-265,0,,249,100
3114,15729,16529,1.0927965141552369e-181,0,,248,100
3115,15735,16535,6.759320481351343e-86,0,,249,100
3116,15742,16542,6.1247515112339836e-93,0,,246,100
3117,15747,16547,9.0440017387254e-59,0,,241,100
3118,15751,16551,1.2679262062362524e-57,0,,241,100
3119,15762,16562,1.3622126880928755e-166,0,,240,100
3120,15768,16568,4.062397333892542e-153,0,,240,100
3121,15774,16574,1.7017708342489083e-98,0,,241,100
3122,15777,16577,6.1056519034295e-41,0,,242,100
3123,15783,16583,4.424494199463725e-65,0,,244,100
3124,15789,16589,5.120165836208408e-118,0,,248,100
3125,15795,16595,4.267827628926638e-115,0,,250,100
3126,15803,16603,1.1442419821680982e-58,0,,250,100
3127,15807,16607,1.254004061028561e-69,0,,252,100
3128,15814,16614,4.879094156085401e-87,0,,250,100
3129,15821,16621,2.768542637034006e-42,0,,250,100
3130,15825,16625,4.513454420260166e-135,0,,250,100
3131,15831,16631,1.2156330913702877e-65,0,,251,100
3132,15836,16636,5.394496667393324e-66,0,,252,100
3133,15840,16640,1.7371019504949365e-76,0,,252,100
3134,15851,16651,7.015735110199201e-75,0,,250,100
3135,15856,16656,9.044459133630324e-16,0,,247,100
3136,15860,16660,2.32698284559206e-12,0,,247,100
3137,15864,16664,9.076840991540632e-13,0,,247,100
3138,15868,16668,7.154061842811237e-21,0,,247,100
3139,15873,16673,2.0793796360726496e-45,0,,248,100
3140,15876,16676,1.4870149404138723e-85,0,,246,100
3141,15887,16687,4.301834006788083e-91,0,,245,100
3142,15892,16692,1.5220702266987062e-28,0,,246,100
3143,15898,16698,1.4079329958553012e-27,0,,246,100
3144,15906,16706,1.0395371584951329e-47,0,,251,100
3145,15913,16713,8.41051370511573e-52,0,,251,100
3146,15917,16717,3.3676775580928344e-28,0,,251,100
3147,15922,16722,4.9579054205591674e-33,0,,251,100
3148,15929,16729,4.5303475065527565e-33,0,,253,100
3149,15933,16733,1.2901767059026184e-35,0,,253,100
3150,15936,16736,1.9031516732115403e-37,0,,255,100
3151,15943,16743,8.127162685662126e-53,0,,252,100
3152,15948,16748,2.1366745577136573e-105,0,,248,100
3153,15952,16752,8.217228600471374e-75,0,,248,100
3154,15958,16758,5.0439242275312665e-101,0,,248,100
3155,15964,16764,4.490029476190957e-56,0,,248,100
3156,15967,16767,4.302844013832782e-115,0,,248,100
3157,15975,16775,5.1508111553230835e-86,0,,250,100
3158,15981,16781,4.741776544753793e-115,0,,249,100
3159,15985,16785,4.3568663668957964e-131,0,,249,100
3160,15989,16789,1.1489440476941421e-107,0,,251,100
3161,15996,16796,7.26692971937329e-131,0,,254,100
3162,16000,16800,1.5557282104516197e-86,0,,254,100
3163,16003,16803,1.9933028326942115e-45,0,,255,100
3164,16009,16809,2.9995374704873604e-108,0,,253,100
3165,16016,16816,5.320053395393523e-115,0,,251,100
3166,16021,16821,1.4101344227501396e-203,0,,247,100
3167,16025,16825,2.591169309835854e-202,0,,249,100
3168,16031,16831,2.136928662129289e-165,0,,248,100
3169,16037,16837,8.485046118355222e-78,0,,248,100
3170,16043,16843,3.9003970960759914e-68,0,,248,100
3171,16046,16846,2.228862735183942e-50,0,,248,100
3172,16052,16852,2.182082517665813e-76,0,,248,100
3173,16058,16858,2.4114393509665413e-133,0,,249,100
3174,16064,16864,6.516074052415264e-137,0,,254,100
3175,16072,16872,1.201814555487958e-85,0,,255,100
3176,16079,16879,1.7301613543046988e-93,0,,253,100
3177,16083,16883,5.448046919903857e-246,0,,253,100
3178,16089,16889,3.955962452431763e-288,0,,253,100
3179,16094,16894,1.4863663018670446e-84,0,,253,100
3180,16098,16898,1.1673140767164248e-84,0,,254,100
3181,16109,16909,3.863516676958752e-29,0,,253,100
3182,16114,16914,4.1835919214632975e-190,0,,250,100
3183,16118,16918,1.2333234746424066e-39,0,,249,100
3184,16122,16922,2.2688638873884323e-61,0,,249,100
3185,16126,16926,9.309298353757955e-31,0,,248,100
3186,16131,16931,1.5090075216939092e-34,0,,250,100
3187,16134,16934,3.3410238973634296e-45,0,,250,100
3188,16140,16940,3.7145964985021637e-54,0,,248,100
3189,16145,16945,3.0072750349511026e-63,0,,250,100
3190,16150,16950,1.0324518945279492e-67,0,,248,100
3191,16158,16958,1.6018915370351322e-74,0,,249,100
3192,16164,16964,4.81405559313241e-67,0,,249,100
3193,16168,16968,1.4086266449238037e-87,0,,249,100
3194,16172,16972,1.3113562376489809e-86,0,,249,100
3195,16179,16979,1.1641763601990227e-99,0,,249,100
3196,16183,16983,3.2296275534473817e-74,0,,248,100
3197,16186,16986,1.4412272133559683e-76,0,,249,100
3198,16193,16993,1.48278539442848e-69,0,,246,100
3199,16198,16998,3.7165731984810356e-37,0,,244,100
3200,16202,17002,4.3133445128655804e-61,0,,243,100
3201,16208,17008,9.454308708636117e-46,0,,244,100
3202,16214,17014,9.910144175544024e-62,0,,243,100
3203,16220,17020,3.5294577281401025e-48,0,,242,100
3204,16224,17024,2.747303506860688e-69,0,,244,100
3205,16229,17029,1.278829620896491e-81,0,,248,100
3206,16236,17036,3.999344330504351e-74,0,,247,100
3207,16240,17040,3.6217904461573e-62,0,,249,100
3208,16246,17046,2.58979682312307e-76,0,,249,100
3209,16258,17058,3.489727438132434e-32,0,,244,100
3210,16263,17063,4.7134828466845494e-107,0,,241,100
3211,16267,17067,1.2460877965983599e-58,0,,241,100
3212,16273,17073,4.2785085135332974e-114,0,,241,100
3213,16280,17080,1.7644804502266857e-121,0,,240,100
3214,16285,17085,5.136410304727133e-66,0,,239,100
3215,16289,17089,2.519731896781995e-82,0,,239,100
3216,16295,17095,2.1018688121850442e-106,0,,240,100
3217,16298,17098,1.2117576076977827e-59,0,,241,100
3218,16304,17104,9.420801292682298e-80,0,,241,100
3219,16315,17115,2.1275411950455525e-177,0,,239,100
3220,16321,17121,1.184723368197243e-207,0,,241,100
3221,16329,17129,2.9668575978317105e-105,0,,238,100
3222,16336,17136,9.12471415906338e-117,0,,242,100
3223,16340,17140,2.0191039445915998e-112,0,,242,100
3224,16346,17146,3.568984671765046e-111,0,,242,100
3225,16351,17151,8.362190747074076e-112,0,,242,100
3226,16355,17155,1.1442731785193486e-101,0,,243,100
3227,16366,17166,5.549082868797247e-97,0,,244,100
3228,16371,17171,1.4208770273564373e-90,0,,241,100
3229,16375,17175,8.709035383077319e-53,0,,241,100
3230,16379,17179,7.2930648490453345e-53,0,,241,100
3231,16383,17183,1.2109407368528387e-84,0,,240,100
3232,16388,17188,7.248454789103341e-55,0,,239,100
3233,16391,17191,9.909968354712338e-47,0,,239,100
3234,16397,17197,8.820755408304696e-106,0,,237,100
3235,16402,17202,2.6540829070502847e-65,0,,237,100
3236,16408,17208,7.93248767888379e-76,0,,239,100
3237,16416,17216,2.1985908307157308e-100,0,,240,100
3238,16422,17222,4.941440431966913e-71,0,,241,100
3239,16426,17226,2.41161180925693e-112,0,,244,100
3240,16431,17231,4.950981511543209e-57,0,,245,100
3241,16438,17238,2.2333266742188738e-60,0,,243,100
3242,16443,17243,1.708147167471264e-142,0,,241,100
3243,16447,17247,3.474979537416442e-52,0,,240,100
3244,16453,17253,8.426598694897931e-52,0,,240,100
3245,16460,17260,4.231061650167919e-42,0,,239,100
3246,16465,17265,2.0059151533703293e-16,0,,239,100
3247,16470,17270,9.306296415692236e-10,0,,238,100
3248,16474,17274,5.957120610299822e-10,0,,238,100
3249,16477,17277,4.425802350223636e-05,0,,238,100
3250,16481,17281,9.434965582871479e-10,0,,238,100
3251,16486,17286,8.971069219540093e-08,0,,239,100
3252,16490,17290,2.096399838057475e-15,0,,240,100
3253,16494,17294,1.9389268236878627e-11,0,,242,100
3254,16499,17299,4.7930727216730855e-12,0,,242,100
3255,16505,17305,1.8649594600797563e-127,0,,240,100
3256,16510,17310,0.0009866321111320988,0,,236,100
3257,16514,17314,1.153195838897884e-05,0,,236,100
3258,16525,17325,2.2351049513688356e-39,0,,232,100
3259,16531,17331,1.8981471448603488e-150,0,,230,100
3260,16534,17334,3.823114479764241e-148,0,,230,100
3261,16542,17342,3.92789424008079e-218,0,,229,100
3262,16549,17349,2.1290951572487177e-113,0,,227,100
3263,16553,17353,3.6896137585242947e-131,0,,226,100
3264,16559,17359,2.6372946678829673e-273,0,,225,100
3265,16566,17366,6.786296640680091e-234,0,,223,100
3266,16570,17370,5.36886e-319,0,,222,100
3267,16576,17376,2.5865019316957657e-292,0,,219,100
3268,16585,17385,4.625405858072029e-87,0,,213,100
3269,16590,17390,9.453296036374465e-44,0,,209,100
3270,16594,17394,2.3049977620372363e-49,0,,209,100
3271,16605,17405,1.4181945093056263e-37,0,,205,100
3272,16611,17411,5.811210237550865e-37,0,,203,100
3273,16617,17417,1.8052122064379137e-98,0,,202,100
3274,16620,17420,1.3430126264287486e-115,0,,201,100
3275,16626,17426,2.8671742930324625e-58,0,,199,100
3276,16633,17433,4.5051621093780335e-52,0,,196,100
3277,16639,17439,1.9524036886424645e-57,0,,196,100
3278,16647,17447,1.2767629568915045e-56,0,,195,100
3279,16654,17454,7.503316113286664e-75,0,,192,100
3280,16658,17458,2.4865628093656104e-73,0,,191,100
3281,16662,17462,9.873518837240559e-72,0,,190,100
3282,16669,17469,6.489563871259773e-88,0,,188,100
3283,16673,17473,1.0311083492241455e-76,0,,187,100
3284,16679,17479,2.403952876661748e-58,0,,185,100
3285,16684,17484,8.458633824686102e-68,0,,184,100
3286,16688,17488,1.5168440487823152e-102,0,,184,100
3287,16699,17499,6.640631810237681e-46,0,,180,100
3288,16704,17504,1.7722728622132696e-166,0,,176,100
3289,16708,17508,1.4816477568428704e-280,0,,175,100
3290,16712,17512,5.467852063211941e-287,0,,174,100
3291,16716,17516,1.387890190601226e-275,0,,173,100
3292,16721,17521,1.2095105278007445e-36,0,,172,100
3293,16724,17524,2.2607553543597534e-239,0,,170,100
3294,16735,17535,7.3966779009078e-68,0,,165,100
3295,16740,17540,7.316498505763983e-148,0,,165,100
3296,16745,17545,8.091271215850919e-120,0,,164,100
3297,16753,17553,2.2468426657779286e-120,0,,163,100
3298,16759,17559,3.56134124831277e-158,0,,161,100
3299,16763,17563,8.087175317113386e-136,0,,161,100
3300,16768,17568,2.0712975645228692e-148,0,,159,100
3301,16775,17575,0.0,0,,157,100
3302,16779,17579,0.0,0,,156,100
3303,16782,17582,0.0,0,,156,100
3304,16789,17589,2.63292427291813e-150,0,,151,100
3305,16794,17594,6.922761793760161e-113,0,,147,100
3306,16798,17598,5.0374117892606063e-113,0,,146,100
3307,16805,17605,1.3513307138574928e-84,0,,144,100
3308,16811,17611,2.6641187269945884e-56,0,,142,100
3309,16814,17614,5.665109370807226e-78,0,,142,100
3310,16822,17622,2.485026955755809e-81,0,,141,100
3311,16829,17629,1.427039700442356e-102,0,,139,100
3312,16833,17633,6.303431690556721e-71,0,,138,100
3313,16837,17637,5.2114851122520996e-68,0,,137,100
3314,16844,17644,5.94425924793915e-72,0,,135,100
3315,16848,17648,4.326518420803847e-57,0,,134,100
3316,16854,17654,7.750113741635552e-38,0,,132,100
3317,16856,17656,1.0251341599003464e-51,0,,130,100
3318,16861,17661,1.4563154269729628e-39,0,,127,100
3319,16866,17666,1.9224517592362072e-19,0,,123,100
3320,16870,17670,1.2989954124450862e-43,0,,122,100
3321,16873,17673,2.707897297184778e-54,0,,121,100
3322,16880,17680,1.7367037079591833e-88,0,,120,100
3323,16884,17684,2.2900425562715364e-34,0,,119,100
3324,16889,17689,1.211595317484354e-35,0,,119,100
3325,16895,17695,9.26630833794872e-60,0,,117,100
3326,16903,17703,3.5005224138879903e-90,0,,114,100
3327,16908,17708,5.19524323745449e-54,0,,113,100
3328,16913,17713,5.9231014874889485e-53,0,,112,100
3329,16919,17719,8.864592663122118e-42,0,,111,100
3330,16927,17727,1.049743654317527e-33,0,,109,100
3331,16930,17730,1.9032060073127926e-36,0,,109,100
3332,16941,17741,7.233963806268125e-75,0,,107,100
3333,16945,17745,5.049890652537221e-91,0,,106,100
3334,16950,17750,1.6719502482855196e-196,0,,105,100
3335,16954,17754,6.882696534197072e-192,0,,104,100
3336,16959,17759,1.1953146178175911e-178,0,,102,100
3337,16962,17762,5.777160757641732e-179,0,,101,100
3338,16966,17766,5.855283269195045e-180,0,,100,100
