window_index,char_start,char_end,p_z,extracted,error,n_tokens_in_chunk,sequence_len_tokens
0,0,800,3.2497910066279344e-08,0,,165,100
1,5,805,3.709220618953982e-08,0,,164,100
2,15,815,3.0102378748247257e-07,0,,164,100
3,18,818,5.146884628269687e-07,0,,163,100
4,22,822,7.879472209600517e-06,0,,162,100
5,29,829,3.608533775431687e-06,0,,161,100
6,32,832,6.548646008297255e-05,0,,161,100
7,36,836,2.8195480434707095e-06,0,,161,100
8,43,843,1.5498509285547416e-05,0,,162,100
9,51,851,3.9078497483673635e-05,0,,160,100
10,54,854,9.945491005874359e-05,0,,160,100
11,60,860,8.792649300003657e-05,0,,160,100
12,63,863,1.0876474501307414e-05,0,,160,100
13,68,868,1.418323929691855e-06,0,,161,100
14,70,870,6.805888164864212e-06,0,,160,100
15,75,875,1.92084885431004e-05,0,,160,100
16,83,883,2.935160412072699e-06,0,,161,100
17,90,890,1.689135299218237e-08,0,,160,100
18,100,900,1.0833705948645856e-09,0,,162,100
19,109,909,2.4428224477556406e-09,0,,162,100
20,116,916,2.2065692876827393e-10,0,,163,100
21,125,925,2.7712002703065934e-13,0,,164,100
22,138,938,3.658973250739852e-12,0,,160,100
23,146,946,1.5185299743598014e-11,0,,162,100
24,150,950,2.9367483895160252e-12,0,,162,100
25,154,954,7.459989325508197e-13,0,,162,100
26,161,961,4.62101248349877e-13,0,,164,100
27,170,970,3.917459590835817e-14,0,,164,100
28,178,978,8.788820440488764e-14,0,,164,100
29,182,982,7.171615613842983e-13,0,,165,100
30,190,990,6.412578376248151e-13,0,,167,100
31,199,999,5.12966046089191e-10,0,,166,100
32,203,1003,7.450918011391845e-11,0,,165,100
33,210,1010,2.2866344322539027e-10,0,,167,100
34,214,1014,1.58341220888187e-10,0,,167,100
35,224,1024,8.589603859430824e-12,0,,167,100
36,227,1027,3.011079707893988e-11,0,,167,100
37,235,1035,1.4649907866850037e-11,0,,170,100
38,238,1038,1.3008886166604575e-11,0,,171,100
39,248,1048,2.3911410444518564e-09,0,,169,100
40,252,1052,2.4778280006062968e-08,0,,169,100
41,256,1056,3.2583689641750644e-09,0,,169,100
42,267,1067,1.5910840062819085e-09,0,,168,100
43,270,1070,6.916529801543602e-10,0,,167,100
44,277,1077,9.037485405728029e-10,0,,167,100
45,281,1081,9.928171579880513e-10,0,,167,100
46,291,1091,1.4470427397931227e-08,0,,169,100
47,296,1096,1.449055097390403e-08,0,,169,100
48,309,1109,4.684467319534772e-07,0,,169,100
49,313,1113,7.411740448000752e-09,0,,169,100
50,317,1117,5.685314277334992e-09,0,,169,100
51,324,1124,2.681080298203067e-10,0,,169,100
52,331,1131,6.542578220894976e-10,0,,170,100
53,334,1134,1.9397487269578055e-09,0,,168,100
54,345,1145,2.889117965069731e-12,0,,166,100
55,353,1153,7.798461333871514e-11,0,,167,100
56,356,1156,1.2014500760077993e-13,0,,165,100
57,364,1164,1.1509890137366324e-13,0,,164,100
58,367,1167,5.031715778772509e-16,0,,162,100
59,371,1171,4.236311950162231e-15,0,,164,100
60,383,1183,6.021931576929487e-15,0,,162,100
61,390,1190,4.371040744068661e-16,0,,162,100
62,397,1197,9.59101056695091e-18,0,,164,100
63,405,1205,1.440263698014869e-14,0,,163,100
64,411,1211,7.24818085591021e-15,0,,163,100
65,414,1214,1.9508823678326526e-15,0,,163,100
66,421,1221,2.1641808790782274e-13,0,,162,100
67,424,1224,4.639616669853616e-12,0,,162,100
68,426,1226,7.43907953309743e-13,0,,162,100
69,435,1235,7.929982270475974e-10,0,,162,100
70,438,1238,6.527827981929827e-11,0,,162,100
71,442,1242,6.148341962872129e-10,0,,162,100
72,449,1249,3.8514721135261934e-11,0,,162,100
73,457,1257,7.648698181524196e-12,0,,162,100
74,463,1263,2.1535826667774542e-13,0,,161,100
75,469,1269,1.6226568718208475e-13,0,,163,100
76,477,1277,2.0542506455646245e-13,0,,162,100
77,480,1280,2.687114253582354e-13,0,,162,100
78,482,1282,6.588273888484559e-14,0,,161,100
79,489,1289,2.4065208362875038e-14,0,,161,100
80,493,1293,2.294843649301289e-16,0,,161,100
81,499,1299,6.874603163776817e-15,0,,161,100
82,502,1302,7.309943002127222e-15,0,,161,100
83,520,1320,8.236928444875478e-15,0,,162,100
84,528,1328,2.6683433550225397e-13,0,,162,100
85,531,1331,4.859142761039858e-12,0,,160,100
86,535,1335,2.2071475693492644e-12,0,,158,100
87,541,1341,1.0205172762033943e-14,0,,157,100
88,544,1344,1.77699654757148e-14,0,,158,100
89,560,1360,3.6649768912472276e-17,0,,160,100
90,566,1366,1.0766317650171115e-14,0,,161,100
91,569,1369,5.1231333930440656e-14,0,,162,100
92,578,1378,3.591227766936865e-21,0,,161,100
93,581,1381,1.8824077625386232e-17,0,,161,100
94,589,1389,6.632570337501214e-18,0,,163,100
95,596,1396,8.0919588979136585e-19,0,,163,100
96,602,1402,3.7296902332406254e-18,0,,163,100
97,609,1409,5.878522998140915e-17,0,,162,100
98,614,1414,3.09124363183053e-16,0,,162,100
99,617,1417,7.870214660650693e-15,0,,162,100
100,621,1421,1.1746528730876424e-14,0,,162,100
101,628,1428,1.1068225731176505e-15,0,,162,100
102,631,1431,1.200984118801999e-14,0,,161,100
103,635,1435,4.1371223731182167e-19,0,,161,100
104,643,1443,1.0813146623401528e-17,0,,161,100
105,651,1451,5.151230766145596e-20,0,,161,100
106,655,1455,2.344174060437977e-18,0,,161,100
107,659,1459,4.62773787724961e-19,0,,160,100
108,668,1468,5.160025998451325e-18,0,,160,100
109,671,1471,5.4676965128868305e-17,0,,160,100
110,676,1476,2.1135710557204702e-16,0,,160,100
111,682,1482,2.351416344172924e-16,0,,160,100
112,688,1488,5.081401714080831e-13,0,,160,100
113,693,1493,1.7370836954960087e-15,0,,160,100
114,697,1497,6.637567176962395e-15,0,,160,100
115,712,1512,9.703683228276415e-14,0,,162,100
116,722,1522,3.725433458742898e-12,0,,162,100
117,726,1526,1.0720528172272738e-10,0,,162,100
118,735,1535,4.272665471290364e-12,0,,161,100
119,738,1538,4.866484794909993e-12,0,,160,100
120,742,1542,1.513327427108032e-13,0,,161,100
121,747,1547,1.7381961328604387e-13,0,,162,100
122,756,1556,7.376710926218454e-13,0,,163,100
123,763,1563,2.6837085651035148e-14,0,,163,100
124,766,1566,2.4368912028453564e-13,0,,163,100
125,770,1570,4.072679893009107e-11,0,,163,100
126,776,1576,8.922663940599858e-14,0,,166,100
127,790,1590,7.73417940977512e-14,0,,163,100
128,793,1593,2.1501891317508273e-13,0,,162,100
129,800,1600,1.1413016619125605e-14,0,,163,100
130,806,1606,6.292542622827865e-17,0,,164,100
131,809,1609,4.034133252142031e-15,0,,163,100
132,811,1611,1.3081042033257328e-14,0,,164,100
133,826,1626,5.47717507763761e-16,0,,162,100
134,830,1630,9.186722128844994e-17,0,,162,100
135,836,1636,1.183271001987902e-17,0,,162,100
136,840,1640,2.4906710999025436e-16,0,,162,100
137,845,1645,5.038272700635049e-17,0,,163,100
138,854,1654,1.7194740844428143e-17,0,,163,100
139,857,1657,9.612346837376871e-18,0,,162,100
140,861,1661,5.462167411231869e-18,0,,162,100
141,865,1665,4.703310421407739e-15,0,,162,100
142,868,1668,1.2473661983987878e-14,0,,163,100
143,875,1675,5.3592507046389835e-14,0,,162,100
144,880,1680,6.477813689818209e-12,0,,162,100
145,887,1687,7.129022618649285e-13,0,,161,100
146,891,1691,3.5954701580795405e-13,0,,161,100
147,896,1696,2.9403332244900344e-12,0,,161,100
148,902,1702,4.508216394365716e-12,0,,161,100
149,908,1708,2.2268135828909446e-14,0,,162,100
150,910,1710,1.599652655067655e-14,0,,162,100
151,918,1718,1.6194208839306354e-15,0,,162,100
152,921,1721,4.4209658949857765e-15,0,,161,100
153,925,1725,4.4056584129201546e-16,0,,160,100
154,932,1732,3.4077995065679584e-15,0,,160,100
155,940,1740,8.843639688228827e-15,0,,160,100
156,944,1744,4.314764463843271e-15,0,,159,100
157,948,1748,2.1427626416967311e-13,0,,160,100
158,954,1754,5.537538538546744e-15,0,,159,100
159,959,1759,9.711709168526954e-13,0,,157,100
160,964,1764,1.211461454242601e-12,0,,157,100
161,973,1773,2.4203074890647838e-12,0,,158,100
162,976,1776,5.082002199975208e-14,0,,158,100
163,979,1779,1.993340825178862e-12,0,,157,100
164,990,1790,5.4876000705597195e-14,0,,157,100
165,993,1793,1.0805270306121122e-12,0,,156,100
166,998,1798,3.1140838819333498e-12,0,,155,100
167,1004,1804,1.7906504259302825e-13,0,,155,100
168,1007,1807,2.903666069205609e-12,0,,155,100
169,1013,1813,1.315337251608963e-12,0,,156,100
170,1016,1816,1.4110647845867034e-12,0,,154,100
171,1022,1822,4.608841378319441e-10,0,,155,100
172,1025,1825,5.59564498150377e-10,0,,156,100
173,1034,1834,1.1843210636091893e-11,0,,154,100
174,1050,1850,3.6849405275696566e-13,0,,154,100
175,1054,1854,3.926604117017263e-14,0,,154,100
176,1061,1861,2.778159376936633e-14,0,,155,100
177,1067,1867,8.435249938941515e-13,0,,154,100
178,1073,1873,7.141949595902015e-15,0,,154,100
179,1076,1876,3.907275018189115e-14,0,,154,100
180,1088,1888,2.5089149849033292e-14,0,,152,100
181,1094,1894,9.051215550102259e-17,0,,152,100
182,1098,1898,1.4442356838592383e-15,0,,152,100
183,1106,1906,1.5514829188996522e-17,0,,152,100
184,1113,1913,5.4396501147690135e-17,0,,152,100
185,1119,1919,3.206654464913787e-17,0,,153,100
186,1123,1923,3.1994587546940066e-18,0,,154,100
187,1126,1926,2.7529779286483903e-18,0,,154,100
188,1135,1935,1.6348274090298823e-17,0,,156,100
189,1142,1942,1.4326806350833334e-17,0,,156,100
190,1147,1947,1.7729350455355083e-16,0,,156,100
191,1154,1954,2.4030185027833548e-20,0,,156,100
192,1164,1964,2.600331245596885e-22,0,,156,100
193,1167,1967,1.1435794675489254e-19,0,,155,100
194,1173,1973,7.282561561809952e-20,0,,157,100
195,1184,1984,6.775712922830585e-19,0,,157,100
196,1193,1993,2.338962562459798e-16,0,,156,100
197,1199,1999,1.8937134360678816e-18,0,,157,100
198,1205,2005,2.0241141412588217e-16,0,,157,100
199,1208,2008,2.733644091367538e-16,0,,157,100
200,1219,2019,1.9448393572645428e-19,0,,158,100
201,1222,2022,2.7334203486692716e-18,0,,158,100
202,1229,2029,2.5422676229162027e-20,0,,157,100
203,1232,2032,8.075798225291707e-19,0,,158,100
204,1236,2036,1.2038832441993379e-19,0,,157,100
205,1242,2042,6.19857708119651e-20,0,,157,100
206,1249,2049,2.2233448093667223e-19,0,,158,100
207,1252,2052,4.053226813432291e-18,0,,158,100
208,1257,2057,3.727099314913689e-18,0,,159,100
209,1266,2066,5.604127074748995e-17,0,,157,100
210,1276,2076,4.771071541150872e-22,0,,160,100
211,1282,2082,1.8870737024749044e-18,0,,161,100
212,1288,2088,8.252529365345549e-22,0,,160,100
213,1291,2091,1.4442113132912832e-20,0,,159,100
214,1299,2099,2.9331651805054543e-21,0,,160,100
215,1303,2103,6.924552086478283e-21,0,,160,100
216,1305,2105,2.785853016692337e-18,0,,160,100
217,1310,2110,3.5731206743509317e-20,0,,158,100
218,1313,2113,5.03901399281986e-21,0,,158,100
219,1320,2120,1.6118015492443045e-23,0,,156,100
220,1324,2124,2.6084221920332515e-24,0,,156,100
221,1334,2134,9.715097296986445e-24,0,,159,100
222,1342,2142,2.9510134031613695e-26,0,,158,100
223,1346,2146,1.3556462767533256e-25,0,,159,100
224,1353,2153,7.209511244369929e-26,0,,157,100
225,1359,2159,9.150716705177597e-26,0,,157,100
226,1366,2166,4.0070331757165063e-26,0,,155,100
227,1369,2169,1.2174752241177948e-26,0,,154,100
228,1373,2173,2.500618586921932e-26,0,,154,100
229,1379,2179,4.972820131087837e-27,0,,156,100
230,1388,2188,1.1297134484750942e-25,0,,155,100
231,1392,2192,5.917434512012897e-25,0,,155,100
232,1399,2199,1.525646104065033e-26,0,,154,100
233,1411,2211,3.3305701519949366e-28,0,,156,100
234,1417,2217,2.667940942287857e-28,0,,156,100
235,1420,2220,6.570974309863936e-29,0,,158,100
236,1425,2225,1.554100779953818e-26,0,,158,100
237,1432,2232,8.699515137096392e-27,0,,159,100
238,1438,2238,1.3119590469093948e-23,0,,159,100
239,1444,2244,4.1556781480141364e-23,0,,158,100
240,1450,2250,2.25765950304011e-22,0,,157,100
241,1454,2254,2.9248794547979923e-19,0,,157,100
242,1460,2260,1.4191404212965303e-19,0,,158,100
243,1468,2268,4.620148827024211e-22,0,,158,100
244,1471,2271,1.4061661877292474e-21,0,,157,100
245,1475,2275,2.6440317628996104e-21,0,,157,100
246,1484,2284,1.6519836671325109e-21,0,,158,100
247,1487,2287,5.4399370009262395e-19,0,,157,100
248,1491,2291,8.619547420124419e-21,0,,156,100
249,1498,2298,1.2614209661305207e-21,0,,158,100
250,1506,2306,4.366554407406888e-22,0,,157,100
251,1510,2310,1.255693838447608e-19,0,,157,100
252,1517,2317,2.4009116418939807e-20,0,,157,100
253,1523,2323,1.1755640201414608e-20,0,,158,100
254,1534,2334,2.4854097724655616e-18,0,,160,100
255,1539,2339,2.881824747081401e-16,0,,160,100
256,1542,2342,1.6553575556005267e-18,0,,162,100
257,1546,2346,1.1724216895972836e-17,0,,163,100
258,1553,2353,5.7602130009045386e-18,0,,164,100
259,1556,2356,2.691225460546933e-16,0,,164,100
260,1561,2361,3.78926953822449e-19,0,,164,100
261,1568,2368,4.31903775337275e-21,0,,163,100
262,1571,2371,1.7630646813594737e-23,0,,163,100
263,1576,2376,4.405433799986143e-22,0,,162,100
264,1582,2382,4.6476460054556e-26,0,,162,100
265,1585,2385,1.7708119202895207e-25,0,,162,100
266,1589,2389,4.602205231967289e-25,0,,161,100
267,1597,2397,3.7459380055828185e-26,0,,161,100
268,1601,2401,4.991242862498315e-25,0,,160,100
269,1608,2408,3.499331573902474e-24,0,,161,100
270,1611,2411,6.1102531458244654e-24,0,,162,100
271,1627,2427,1.665040500552776e-26,0,,162,100
272,1633,2433,7.852073168375264e-30,0,,162,100
273,1637,2437,5.630950234709799e-29,0,,164,100
274,1644,2444,6.207240616271684e-29,0,,163,100
275,1648,2448,4.8020150681158495e-25,0,,163,100
276,1652,2452,1.7901684386244406e-29,0,,163,100
277,1658,2458,6.2798147499150055e-30,0,,166,100
278,1665,2465,3.941311731463262e-26,0,,163,100
279,1675,2475,7.598071481336436e-28,0,,163,100
280,1679,2479,1.1639371956214649e-32,0,,163,100
281,1684,2484,5.127941712011464e-29,0,,163,100
282,1690,2490,2.0286342697392963e-26,0,,164,100
283,1696,2496,2.0500666767332224e-26,0,,164,100
284,1701,2501,2.152692794090064e-26,0,,163,100
285,1704,2504,6.383849711622252e-25,0,,163,100
286,1710,2510,2.2972079911841896e-21,0,,163,100
287,1714,2514,1.327946392029058e-21,0,,164,100
288,1730,2530,1.866351202719647e-20,0,,168,100
289,1734,2534,5.579414242942438e-19,0,,168,100
290,1740,2540,4.293073588045062e-18,0,,166,100
291,1745,2545,2.5039711511349933e-18,0,,166,100
292,1757,2557,7.489597878328282e-18,0,,167,100
293,1763,2563,2.498280469687802e-19,0,,167,100
294,1766,2566,1.7031726980100416e-22,0,,166,100
295,1772,2572,5.855958285747963e-20,0,,165,100
296,1776,2576,5.33477800164938e-18,0,,165,100
297,1782,2582,2.172856219181769e-18,0,,165,100
298,1785,2585,3.459801322998662e-20,0,,165,100
299,1789,2589,1.1820338396725e-17,0,,167,100
300,1799,2599,5.7178861119674596e-18,0,,165,100
301,1805,2605,2.4411709464456427e-19,0,,166,100
302,1808,2608,7.920222295830512e-20,0,,166,100
303,1817,2617,6.0509069863384235e-21,0,,166,100
304,1820,2620,2.5760460064432776e-22,0,,166,100
305,1826,2626,1.6029334852373094e-22,0,,165,100
306,1833,2633,3.178913758766468e-21,0,,165,100
307,1847,2647,3.398467727479704e-23,0,,167,100
308,1854,2654,6.188562344769068e-22,0,,167,100
309,1860,2660,1.0193562167759751e-19,0,,166,100
310,1867,2667,2.6430984362558477e-22,0,,167,100
311,1871,2671,8.945784114043198e-22,0,,168,100
312,1882,2682,6.013510276458699e-24,0,,168,100
313,1894,2694,2.9328279045428433e-22,0,,168,100
314,1899,2699,6.330222384213263e-22,0,,167,100
315,1911,2711,8.813452276529006e-23,0,,168,100
316,1917,2717,5.238392452066155e-22,0,,167,100
317,1926,2726,7.798008677347145e-19,0,,167,100
318,1931,2731,6.0861074252243775e-21,0,,165,100
319,1935,2735,4.100795266933046e-21,0,,166,100
320,1942,2742,9.357411986918657e-21,0,,166,100
321,1948,2748,8.312399758231778e-19,0,,165,100
322,1961,2761,2.239538533465537e-23,0,,167,100
323,1968,2768,3.197246360359405e-23,0,,168,100
324,1977,2777,1.175019291242264e-17,0,,168,100
325,1982,2782,4.676820779546984e-18,0,,167,100
326,1991,2791,2.63409159270675e-16,0,,168,100
327,1996,2796,1.6572790593438886e-17,0,,167,100
328,2005,2805,1.3789163710943648e-16,0,,168,100
329,2010,2810,2.2628319464110484e-18,0,,167,100
330,2016,2816,2.4542970106344733e-18,0,,168,100
331,2025,2825,5.232439055558863e-21,0,,169,100
332,2031,2831,6.035366429701678e-18,0,,168,100
333,2037,2837,7.80805906243782e-18,0,,170,100
334,2046,2846,6.584549960399764e-20,0,,170,100
335,2052,2852,2.5134789568440926e-19,0,,169,100
336,2056,2856,9.002691001739047e-18,0,,169,100
337,2064,2864,8.286475873056828e-20,0,,170,100
338,2072,2872,1.65822451213121e-22,0,,167,100
339,2077,2877,7.61807287026716e-22,0,,169,100
340,2087,2887,2.034030858985898e-26,0,,170,100
341,2094,2894,9.180110168199149e-30,0,,170,100
342,2097,2897,1.6816922383967088e-28,0,,170,100
343,2101,2901,7.01538083762854e-28,0,,170,100
344,2116,2916,9.288267995543896e-29,0,,171,100
345,2121,2921,3.221071382965997e-28,0,,171,100
346,2125,2925,1.1804576723318574e-28,0,,171,100
347,2132,2932,1.8368802189899418e-28,0,,170,100
348,2136,2936,9.268590987028997e-28,0,,171,100
349,2146,2946,2.423012286799763e-25,0,,172,100
350,2156,2956,5.414022216302604e-25,0,,175,100
351,2164,2964,1.2902993460539857e-28,0,,174,100
352,2170,2970,9.984646731491642e-29,0,,175,100
353,2176,2976,1.325811123482603e-28,0,,176,100
354,2182,2982,2.7211493091206783e-28,0,,175,100
355,2185,2985,9.474577213600922e-30,0,,174,100
356,2194,2994,1.3321684060698166e-30,0,,175,100
357,2197,2997,1.1474473985851026e-23,0,,174,100
358,2202,3002,4.594663637084323e-25,0,,174,100
359,2207,3007,3.974711726988341e-24,0,,174,100
360,2219,3019,1.7119892631084202e-24,0,,173,100
361,2223,3023,3.584361619504123e-23,0,,173,100
362,2229,3029,1.0151911146835324e-25,0,,171,100
363,2232,3032,6.419651217142506e-26,0,,172,100
364,2248,3048,4.074088733468699e-23,0,,175,100
365,2254,3054,8.291081399689737e-23,0,,173,100
366,2260,3060,1.190952208366104e-25,0,,172,100
367,2266,3066,4.667450073543454e-25,0,,172,100
368,2274,3074,3.313844099164532e-24,0,,173,100
369,2278,3078,1.3924696706881154e-21,0,,172,100
370,2284,3084,1.1982898963635913e-21,0,,173,100
371,2294,3094,3.8304103972796124e-19,0,,171,100
372,2298,3098,2.054364469802414e-20,0,,171,100
373,2304,3104,4.471935990787665e-21,0,,171,100
374,2309,3109,5.387574719492241e-22,0,,171,100
375,2313,3113,9.57528091726803e-20,0,,171,100
376,2318,3118,1.8801011370197128e-23,0,,171,100
377,2324,3124,4.520112391367751e-22,0,,171,100
378,2327,3127,1.3189050388400256e-23,0,,171,100
379,2341,3141,5.183752943066033e-23,0,,168,100
380,2349,3149,5.633760533662066e-21,0,,166,100
381,2352,3152,1.301169871819082e-20,0,,164,100
382,2356,3156,2.148751335814195e-21,0,,164,100
383,2363,3163,5.862042106007561e-22,0,,164,100
384,2366,3166,8.2335741872022e-22,0,,164,100
385,2370,3170,9.546391088306883e-21,0,,164,100
386,2377,3177,5.065554039301738e-20,0,,166,100
387,2384,3184,4.3129413877342915e-21,0,,167,100
388,2390,3190,2.6208053565387312e-20,0,,167,100
389,2393,3193,5.162381053074614e-20,0,,168,100
390,2402,3202,5.449050088530692e-22,0,,169,100
391,2405,3205,7.158731763133311e-21,0,,167,100
392,2409,3209,9.97024950890307e-21,0,,168,100
393,2418,3218,9.100759858477249e-19,0,,168,100
394,2423,3223,3.957827234410122e-20,0,,169,100
395,2428,3228,1.198466389376996e-19,0,,168,100
396,2435,3235,2.629626368266422e-19,0,,168,100
397,2442,3242,2.2622873121743633e-20,0,,168,100
398,2445,3245,1.8285678806981578e-22,0,,168,100
399,2449,3249,2.2713633848777177e-20,0,,170,100
400,2461,3261,4.0361494937314025e-18,0,,170,100
401,2470,3270,3.921627571023438e-19,0,,169,100
402,2474,3274,4.712652678568425e-17,0,,170,100
403,2478,3278,1.1493658402481196e-18,0,,169,100
404,2485,3285,8.273449158018056e-22,0,,169,100
405,2489,3289,1.6514739762604173e-21,0,,168,100
406,2494,3294,7.191997915631692e-22,0,,168,100
407,2502,3302,1.1165040869610103e-25,0,,169,100
408,2508,3308,2.1566070868908957e-20,0,,169,100
409,2513,3313,1.303830455631439e-19,0,,169,100
410,2517,3317,2.803816022028642e-20,0,,169,100
411,2524,3324,1.7762942595970832e-23,0,,167,100
412,2536,3336,3.4595408899576385e-25,0,,169,100
413,2542,3342,1.0751949637580456e-23,0,,170,100
414,2547,3347,5.741611650692082e-22,0,,170,100
415,2553,3353,2.602542385654148e-20,0,,171,100
416,2556,3356,2.3933767889742027e-18,0,,171,100
417,2566,3366,1.0853126991638454e-19,0,,172,100
418,2569,3369,1.321607653169749e-18,0,,172,100
419,2581,3381,1.72198027159564e-17,0,,172,100
420,2584,3384,8.374034208981537e-20,0,,172,100
421,2588,3388,6.210720423003658e-18,0,,172,100
422,2594,3394,4.5439252340718245e-21,0,,172,100
423,2604,3404,2.576910260545592e-20,0,,173,100
424,2609,3409,6.440075320764315e-21,0,,174,100
425,2615,3415,3.936461919465616e-22,0,,175,100
426,2618,3418,2.61045211469091e-22,0,,176,100
427,2626,3426,1.4271456361871814e-19,0,,175,100
428,2629,3429,1.216295457640899e-19,0,,175,100
429,2637,3437,3.8365798386726926e-19,0,,175,100
430,2640,3440,3.464913601846897e-21,0,,175,100
431,2644,3444,3.515533616928295e-18,0,,174,100
432,2647,3447,7.034525805987844e-17,0,,173,100
433,2652,3452,4.460641827129293e-19,0,,173,100
434,2658,3458,8.573540883106976e-18,0,,174,100
435,2667,3467,1.8661333350359173e-16,0,,172,100
436,2671,3471,3.123427241192178e-17,0,,174,100
437,2677,3477,6.025001960852134e-19,0,,173,100
438,2680,3480,9.82725666513652e-19,0,,173,100
439,2684,3484,5.45429112428101e-19,0,,174,100
440,2693,3493,1.1832977980668654e-17,0,,174,100
441,2696,3496,2.99863657981466e-20,0,,174,100
442,2700,3500,5.6632660778041216e-21,0,,173,100
443,2706,3506,1.0118405786002448e-20,0,,174,100
444,2712,3512,1.9202819166566055e-23,0,,175,100
445,2718,3518,3.506658636208271e-21,0,,174,100
446,2721,3521,6.573248366632879e-21,0,,175,100
447,2729,3529,1.6774665526168743e-22,0,,174,100
448,2732,3532,2.4754178578805047e-21,0,,174,100
449,2736,3536,1.4828085781140005e-24,0,,172,100
450,2747,3547,2.0670378348012488e-22,0,,176,100
451,2750,3550,1.3911344521089339e-24,0,,175,100
452,2754,3554,1.7746275970677225e-23,0,,175,100
453,2761,3561,8.278484344952406e-24,0,,176,100
454,2767,3567,1.517267076564257e-28,0,,176,100
455,2770,3570,1.1062724383142509e-28,0,,175,100
456,2774,3574,2.1250845540845148e-26,0,,174,100
457,2781,3581,3.8577840382423952e-25,0,,174,100
458,2787,3587,4.600880873956915e-23,0,,175,100
459,2790,3590,2.157223844370239e-24,0,,175,100
460,2794,3594,5.5199477204060585e-24,0,,174,100
461,2805,3605,5.959067083242119e-26,0,,174,100
462,2808,3608,2.8230244000911777e-22,0,,174,100
463,2812,3612,1.4208192484646573e-22,0,,175,100
464,2819,3619,7.894784160126169e-24,0,,176,100
465,2825,3625,2.1122403124349818e-22,0,,175,100
466,2829,3629,3.7669855234845865e-21,0,,175,100
467,2832,3632,2.6781521363423555e-21,0,,175,100
468,2836,3636,1.674014588844609e-21,0,,175,100
469,2842,3642,1.025353580117845e-21,0,,176,100
470,2848,3648,4.0118401838095488e-22,0,,176,100
471,2851,3651,1.163296389936123e-22,0,,176,100
472,2855,3655,3.842010466168532e-21,0,,173,100
473,2866,3666,8.430363679586933e-21,0,,176,100
474,2869,3669,6.390822001596837e-23,0,,176,100
475,2873,3673,1.517069699494409e-22,0,,176,100
476,2879,3679,6.776265247511321e-21,0,,175,100
477,2885,3685,3.9312718234018585e-24,0,,174,100
478,2888,3688,6.5494756311410614e-21,0,,174,100
479,2893,3693,7.701140331732217e-20,0,,173,100
480,2897,3697,7.494214648288296e-23,0,,174,100
481,2903,3703,1.2780188193398535e-23,0,,174,100
482,2907,3707,2.2967411918927804e-24,0,,173,100
483,2910,3710,5.398454473412482e-24,0,,174,100
484,2917,3717,3.793737420491929e-21,0,,173,100
485,2923,3723,9.30163148561351e-22,0,,173,100
486,2930,3730,1.790640539812611e-21,0,,175,100
487,2936,3736,3.5563483670882446e-20,0,,175,100
488,2940,3740,2.8181379783446656e-19,0,,174,100
489,2943,3743,1.406811239196191e-17,0,,174,100
490,2953,3753,3.3058382050872665e-17,0,,175,100
491,2960,3760,1.6558588936606492e-18,0,,174,100
492,2963,3763,1.5852601173186072e-19,0,,174,100
493,2976,3776,5.52686749297245e-18,0,,174,100
494,2979,3779,7.614909273966804e-17,0,,174,100
495,2990,3790,5.803074347345786e-18,0,,175,100
496,2997,3797,3.695535982209123e-16,0,,177,100
497,3001,3801,6.073497100643792e-13,0,,177,100
498,3008,3808,2.766863495732646e-14,0,,175,100
499,3011,3811,9.647567206504795e-14,0,,175,100
500,3015,3815,1.7998587770393152e-14,0,,177,100
501,3027,3827,3.770376082080224e-12,0,,176,100
502,3030,3830,1.3741789246872979e-15,0,,176,100
503,3034,3834,2.1236773427528473e-16,0,,176,100
504,3041,3841,3.50583419340098e-17,0,,176,100
505,3045,3845,4.2899719517752604e-19,0,,177,100
506,3055,3855,6.716836663420058e-19,0,,180,100
507,3063,3863,4.868488077185806e-19,0,,180,100
508,3067,3867,8.30022132017862e-21,0,,180,100
509,3072,3872,1.81074811652976e-20,0,,181,100
510,3082,3882,5.523462780219318e-21,0,,180,100
511,3095,3895,1.0050190514424048e-15,0,,181,100
512,3101,3901,1.2838289037148633e-15,0,,181,100
513,3105,3905,9.556326297801307e-17,0,,181,100
514,3110,3910,8.664307969985389e-16,0,,181,100
515,3118,3918,2.44664096700661e-19,0,,182,100
516,3121,3921,2.3890651295503758e-20,0,,182,100
517,3125,3925,2.8736095874072196e-20,0,,183,100
518,3138,3938,1.5113170642036437e-20,0,,181,100
519,3144,3944,8.61882645021476e-21,0,,183,100
520,3150,3950,3.329890603646862e-22,0,,183,100
521,3155,3955,1.1512850333086969e-25,0,,183,100
522,3160,3960,3.3569305359266954e-26,0,,183,100
523,3165,3965,1.4274301101555659e-25,0,,183,100
524,3177,3977,4.842503952064017e-22,0,,180,100
525,3180,3980,2.2690328753272763e-24,0,,179,100
526,3187,3987,1.3599949992143228e-24,0,,179,100
527,3193,3993,2.2315702887819276e-22,0,,179,100
528,3196,3996,8.013266505593052e-23,0,,179,100
529,3198,3998,7.124969171570511e-24,0,,179,100
530,3206,4006,1.155570645774802e-22,0,,179,100
531,3210,4010,1.5596534451681384e-24,0,,179,100
532,3216,4016,1.7523532910017238e-20,0,,179,100
533,3220,4020,9.332274297504799e-23,0,,179,100
534,3225,4025,2.088745306394433e-22,0,,180,100
535,3234,4034,6.325632927340812e-21,0,,179,100
536,3237,4037,5.1029185751003696e-21,0,,178,100
537,3241,4041,3.238466712825312e-21,0,,181,100
538,3245,4045,1.732384607368831e-21,0,,181,100
539,3248,4048,1.720156204813238e-21,0,,181,100
540,3255,4055,4.0205148421108226e-19,0,,181,100
541,3262,4062,2.3439511681039627e-19,0,,181,100
542,3266,4066,1.7850653184342765e-20,0,,181,100
543,3271,4071,2.782724773893757e-20,0,,183,100
544,3276,4076,1.7339929763190038e-17,0,,181,100
545,3282,4082,4.8771249631551e-18,0,,181,100
546,3284,4084,7.352620046805738e-18,0,,182,100
547,3292,4092,3.51098396516573e-18,0,,181,100
548,3295,4095,5.300630575152779e-18,0,,181,100
549,3299,4099,5.346063537870544e-19,0,,180,100
550,3306,4106,2.378400946660398e-16,0,,181,100
551,3314,4114,2.2852999343926437e-21,0,,180,100
552,3318,4118,5.003702774637198e-21,0,,179,100
553,3322,4122,1.2789236466301132e-20,0,,179,100
554,3328,4128,4.867079604700311e-21,0,,180,100
555,3333,4133,1.2220694659721377e-20,0,,179,100
556,3338,4138,1.2799475901619735e-20,0,,178,100
557,3347,4147,1.2809467525229313e-20,0,,177,100
558,3350,4150,2.1441455866502766e-19,0,,177,100
559,3353,4153,1.438678921329467e-18,0,,177,100
560,3364,4164,1.0394605775719304e-24,0,,176,100
561,3367,4167,1.2768336206003114e-28,0,,176,100
562,3372,4172,1.1812392178489926e-28,0,,176,100
563,3378,4178,6.89984157925897e-28,0,,176,100
564,3382,4182,2.487480948815574e-28,0,,176,100
565,3388,4188,2.066423683774564e-22,0,,177,100
566,3391,4191,8.473438565135885e-26,0,,177,100
567,3397,4197,8.753771171822051e-27,0,,177,100
568,3400,4200,8.42547626984262e-27,0,,177,100
569,3409,4209,1.925285798411442e-27,0,,174,100
570,3413,4213,5.795688560206035e-25,0,,174,100
571,3418,4218,8.155075240749556e-22,0,,174,100
572,3428,4228,2.54388071075131e-28,0,,175,100
573,3431,4231,3.484170569833854e-28,0,,174,100
574,3435,4235,1.8789949214049697e-27,0,,174,100
575,3442,4242,2.700529183116527e-29,0,,175,100
576,3449,4249,1.3536341822746073e-28,0,,174,100
577,3455,4255,1.3010647758537557e-27,0,,174,100
578,3458,4258,1.870569422655157e-27,0,,174,100
579,3468,4268,9.703640520057368e-27,0,,175,100
580,3471,4271,2.588458606536179e-25,0,,173,100
581,3475,4275,2.5659384221262083e-23,0,,173,100
582,3483,4283,6.360634954814583e-24,0,,172,100
583,3487,4287,7.304509654180911e-24,0,,172,100
584,3493,4293,5.0155471553697023e-23,0,,172,100
585,3498,4298,6.557762692145129e-22,0,,172,100
586,3501,4301,7.430906090054467e-24,0,,172,100
587,3507,4307,3.4943772712234373e-26,0,,172,100
588,3514,4314,2.0643821308405997e-24,0,,173,100
589,3519,4319,7.309323746991482e-26,0,,174,100
590,3522,4322,7.674153318464613e-26,0,,175,100
591,3530,4330,2.0990095868620154e-21,0,,174,100
592,3540,4340,4.4104693380046445e-23,0,,172,100
593,3544,4344,3.1553940751434852e-22,0,,172,100
594,3551,4351,7.507942085435284e-21,0,,171,100
595,3557,4357,4.780829832939066e-19,0,,172,100
596,3563,4363,5.622815120914e-22,0,,173,100
597,3569,4369,3.0232502034758717e-20,0,,174,100
598,3575,4375,1.3477489819863945e-20,0,,178,100
599,3585,4385,7.625332512448681e-22,0,,178,100
600,3589,4389,2.8250496414376753e-19,0,,177,100
601,3594,4394,2.6079216637036024e-18,0,,177,100
602,3596,4396,1.9964828633793196e-23,0,,176,100
603,3606,4406,4.205527012375363e-22,0,,178,100
604,3610,4410,7.594729110954175e-23,0,,177,100
605,3619,4419,1.8367264478295695e-23,0,,175,100
606,3622,4422,1.1741437869559657e-17,0,,175,100
607,3626,4426,3.512124207464982e-18,0,,175,100
608,3634,4434,2.2199885131016356e-17,0,,174,100
609,3637,4437,1.375322033346431e-19,0,,173,100
610,3641,4441,1.2993313019878678e-21,0,,173,100
611,3646,4446,2.0547540300741726e-22,0,,174,100
612,3657,4457,9.031363189606838e-23,0,,172,100
613,3660,4460,5.323980165480381e-21,0,,171,100
614,3665,4465,3.4022020770716453e-16,0,,172,100
615,3668,4468,2.4715100441828463e-18,0,,171,100
616,3674,4474,6.793034164862889e-18,0,,171,100
617,3683,4483,5.90905202804027e-21,0,,172,100
618,3687,4487,2.2881659825278644e-19,0,,171,100
619,3694,4494,1.3977070796750977e-22,0,,172,100
620,3697,4497,1.9191906142870695e-17,0,,172,100
621,3707,4507,4.051358228292723e-21,0,,171,100
622,3710,4510,1.9350498155351908e-20,0,,171,100
623,3714,4514,6.080655021547547e-22,0,,171,100
624,3721,4521,9.745745314548276e-19,0,,172,100
625,3730,4530,9.293780618049067e-23,0,,170,100
626,3734,4534,3.8255848566235335e-23,0,,169,100
627,3741,4541,8.001215023194219e-23,0,,170,100
628,3747,4547,4.185502704893755e-20,0,,170,100
629,3752,4552,1.3802219530116053e-20,0,,170,100
630,3756,4556,2.2009435419934535e-21,0,,170,100
631,3761,4561,4.765380042458016e-21,0,,170,100
632,3767,4567,1.0823253639217354e-20,0,,171,100
633,3770,4570,1.530136043635076e-20,0,,170,100
634,3774,4574,4.764888087406125e-19,0,,170,100
635,3778,4578,1.6550705850591895e-19,0,,170,100
636,3792,4592,3.2494886734228696e-17,0,,167,100
637,3797,4597,1.0033444721437548e-16,0,,168,100
638,3805,4605,7.929511816290309e-23,0,,168,100
639,3809,4609,3.284411610358171e-20,0,,169,100
640,3814,4614,4.2038542575581384e-23,0,,168,100
641,3823,4623,2.3114601530881252e-21,0,,168,100
642,3828,4628,2.890754088592149e-22,0,,169,100
643,3834,4634,4.1651132934283734e-23,0,,169,100
644,3837,4637,1.1534835417768104e-20,0,,170,100
645,3840,4640,3.2081844373449594e-20,0,,170,100
646,3845,4645,9.2549417613542e-22,0,,169,100
647,3848,4648,5.683245203556682e-21,0,,168,100
648,3861,4661,5.2194495303725244e-21,0,,166,100
649,3866,4666,6.39963851685691e-20,0,,166,100
650,3870,4670,2.335009684430342e-19,0,,166,100
651,3880,4680,7.652124955594607e-19,0,,167,100
652,3883,4683,5.393563742505719e-22,0,,166,100
653,3887,4687,1.5785975427592544e-21,0,,166,100
654,3894,4694,2.010078691409996e-24,0,,167,100
655,3901,4701,1.1248397049550819e-23,0,,168,100
656,3904,4704,3.035406298934632e-23,0,,168,100
657,3911,4711,8.248989809013421e-25,0,,166,100
658,3915,4715,2.208415905751809e-27,0,,166,100
659,3921,4721,2.4000358544608205e-25,0,,167,100
660,3929,4729,3.4651270891145323e-22,0,,168,100
661,3935,4735,4.550080717740545e-24,0,,167,100
662,3944,4744,2.568977903138816e-25,0,,166,100
663,3948,4748,1.8981372252756984e-21,0,,168,100
664,3951,4751,1.4540668942449688e-23,0,,166,100
665,3958,4758,1.4082488771219562e-23,0,,166,100
666,3964,4764,5.664617529763843e-25,0,,166,100
667,3967,4767,5.637689244950257e-25,0,,167,100
668,3977,4777,2.8709263280957858e-24,0,,167,100
669,3985,4785,2.9235628263929984e-23,0,,167,100
670,3989,4789,1.0722247949251077e-20,0,,167,100
671,4001,4801,3.0757358066776657e-22,0,,168,100
672,4004,4804,1.0785465352852622e-24,0,,169,100
673,4008,4808,1.1953908863976818e-24,0,,171,100
674,4015,4815,3.7149265435385194e-20,0,,173,100
675,4018,4818,7.946711284722396e-21,0,,172,100
676,4022,4822,6.940741244971536e-19,0,,172,100
677,4030,4830,1.3793800014135786e-17,0,,172,100
678,4040,4840,1.5622017276274237e-16,0,,170,100
679,4049,4849,3.682324807959351e-18,0,,170,100
680,4052,4852,1.1771330036596805e-19,0,,170,100
681,4058,4858,2.7597696105758383e-19,0,,169,100
682,4061,4861,1.6152657674451647e-19,0,,170,100
683,4073,4873,4.055644577341983e-18,0,,169,100
684,4079,4879,7.726280070194535e-24,0,,169,100
685,4083,4883,4.8171711805917676e-23,0,,169,100
686,4090,4890,1.5263300719147555e-21,0,,167,100
687,4098,4898,2.8261298502458138e-24,0,,168,100
688,4103,4903,1.1645065447430453e-23,0,,169,100
689,4106,4906,1.632575294028282e-23,0,,168,100
690,4114,4914,1.0847107315543218e-24,0,,170,100
691,4119,4919,2.358578932847611e-28,0,,169,100
692,4127,4927,9.862860333759219e-27,0,,169,100
693,4131,4931,7.878027519027678e-27,0,,170,100
694,4148,4948,1.151824168561963e-28,0,,169,100
695,4151,4951,6.294266016075706e-27,0,,169,100
696,4156,4956,1.9670356467111751e-25,0,,169,100
697,4160,4960,1.7751038892498777e-25,0,,171,100
698,4166,4966,1.3519602473194372e-21,0,,170,100
699,4170,4970,1.269228139217727e-22,0,,170,100
700,4177,4977,2.3851705779429407e-23,0,,171,100
701,4180,4980,2.788413249645815e-23,0,,172,100
702,4187,4987,1.8043480915081376e-24,0,,170,100
703,4193,4993,4.990626445290762e-22,0,,169,100
704,4196,4996,8.018543773372071e-24,0,,169,100
705,4203,5003,5.445095495649401e-23,0,,170,100
706,4209,5009,1.0591503350992638e-21,0,,170,100
707,4213,5013,3.479856693085844e-27,0,,170,100
708,4220,5020,2.293476610053487e-24,0,,171,100
709,4228,5028,3.7056678384732966e-24,0,,172,100
710,4232,5032,2.9609570731216855e-23,0,,172,100
711,4236,5036,4.602027511118814e-23,0,,172,100
712,4242,5042,3.451072366659389e-23,0,,173,100
713,4252,5052,4.941122594478922e-22,0,,172,100
714,4258,5058,2.1262272636267766e-22,0,,173,100
715,4271,5071,1.5438069281746277e-20,0,,173,100
716,4274,5074,2.295407668545864e-19,0,,173,100
717,4281,5081,4.182157785888163e-21,0,,173,100
718,4285,5085,3.9940176168777365e-19,0,,173,100
719,4293,5093,6.578169567054057e-19,0,,174,100
720,4296,5096,2.783843776953035e-21,0,,173,100
721,4308,5108,3.576444144410989e-16,0,,173,100
722,4315,5115,7.210077703102769e-17,0,,174,100
723,4324,5124,7.574269756620996e-18,0,,174,100
724,4328,5128,8.383000412918284e-15,0,,174,100
725,4340,5140,3.7412525819383815e-17,0,,173,100
726,4350,5150,2.1525830883302707e-18,0,,174,100
727,4353,5153,1.598577582280046e-17,0,,174,100
728,4360,5160,1.3437224452367858e-17,0,,174,100
729,4368,5168,1.0711911993546513e-19,0,,172,100
730,4371,5171,1.228886417750535e-27,0,,170,100
731,4375,5175,1.3940361918382706e-27,0,,170,100
732,4382,5182,1.1498960967132513e-25,0,,168,100
733,4389,5189,3.240965402019551e-25,0,,169,100
734,4393,5193,2.727638423207417e-26,0,,169,100
735,4400,5200,4.1131915184976394e-25,0,,169,100
736,4403,5203,1.028470717770503e-24,0,,168,100
737,4411,5211,1.7289268185695374e-24,0,,168,100
738,4421,5221,1.6647347363508808e-27,0,,169,100
739,4425,5225,4.197626345395828e-27,0,,170,100
740,4434,5234,8.63519594912225e-27,0,,169,100
741,4438,5238,1.9362209294275521e-26,0,,170,100
742,4455,5255,4.7687589156480765e-27,0,,171,100
743,4461,5261,5.426225295433986e-29,0,,170,100
744,4464,5264,1.5493157197110603e-29,0,,172,100
745,4475,5275,5.479358693481617e-28,0,,172,100
746,4478,5278,9.006288523619526e-28,0,,172,100
747,4483,5283,2.0076294635745515e-26,0,,171,100
748,4489,5289,1.6418463929507017e-22,0,,172,100
749,4492,5292,9.666458797565374e-22,0,,172,100
750,4496,5296,7.030475358073964e-23,0,,173,100
751,4508,5308,1.0244202181718905e-17,0,,176,100
752,4517,5317,4.969517767230456e-20,0,,177,100
753,4521,5321,2.262263407704538e-19,0,,177,100
754,4525,5325,3.6245638527561935e-20,0,,177,100
755,4534,5334,3.661192629599043e-21,0,,177,100
756,4538,5338,9.037450440186311e-19,0,,177,100
757,4541,5341,4.90213436446254e-21,0,,177,100
758,4545,5345,3.179881610468797e-18,0,,177,100
759,4550,5350,4.9517166211146154e-17,0,,176,100
760,4553,5353,4.312085678495336e-21,0,,176,100
761,4557,5357,3.918152634215305e-21,0,,176,100
762,4562,5362,1.0524286466316509e-21,0,,175,100
763,4565,5365,1.7139812882422328e-22,0,,175,100
764,4571,5371,1.822195082487582e-19,0,,175,100
765,4576,5376,6.189388443181891e-20,0,,176,100
766,4589,5389,4.7161080544970185e-27,0,,176,100
767,4596,5396,1.4290259705490667e-29,0,,177,100
768,4599,5399,2.1823347785526684e-26,0,,176,100
769,4602,5402,1.4984419196170665e-28,0,,176,100
770,4606,5406,9.586092634110457e-25,0,,175,100
771,4613,5413,1.2453899252083983e-23,0,,177,100
772,4616,5416,4.6110378624516666e-23,0,,176,100
773,4624,5424,9.725312673697134e-27,0,,177,100
774,4635,5435,4.063524022257256e-24,0,,174,100
775,4639,5439,7.03281259058048e-25,0,,175,100
776,4648,5448,1.1916955507398683e-27,0,,175,100
777,4654,5454,8.979277367022002e-29,0,,175,100
778,4663,5463,7.213009118883128e-29,0,,175,100
779,4666,5466,6.1693885786890025e-30,0,,175,100
780,4672,5472,9.868840843433026e-30,0,,177,100
781,4677,5477,3.7347415969455364e-29,0,,177,100
782,4680,5480,4.662899763592729e-30,0,,177,100
783,4686,5486,9.418581426502737e-31,0,,178,100
784,4692,5492,6.047400108210707e-27,0,,178,100
785,4696,5496,1.949087001192153e-26,0,,179,100
786,4701,5501,6.1196764864564145e-28,0,,179,100
787,4709,5509,7.129534247223159e-26,0,,179,100
788,4715,5515,5.678796614868771e-24,0,,180,100
789,4718,5518,9.592000884051175e-20,0,,179,100
790,4721,5521,4.4120418730878353e-23,0,,178,100
791,4725,5525,3.7454275574753473e-25,0,,178,100
792,4731,5531,1.0828275453203294e-22,0,,179,100
793,4738,5538,7.306134104169672e-24,0,,179,100
794,4741,5541,2.3868327186993367e-20,0,,178,100
795,4751,5551,3.734691825304391e-19,0,,179,100
796,4758,5558,3.446071430934178e-20,0,,180,100
797,4763,5563,2.911793048717782e-22,0,,179,100
798,4769,5569,6.604680042076981e-24,0,,180,100
799,4772,5572,4.2166475438940383e-22,0,,180,100
800,4776,5576,2.654242103714044e-23,0,,179,100
801,4784,5584,2.777342108145097e-24,0,,180,100
802,4786,5586,8.613651938216408e-23,0,,179,100
803,4796,5596,5.071386337235075e-27,0,,181,100
804,4802,5602,5.79020346668583e-30,0,,177,100
805,4810,5610,1.0089885337088416e-28,0,,178,100
806,4813,5613,5.357911388243183e-26,0,,176,100
807,4818,5618,3.8313042709845715e-23,0,,175,100
808,4824,5624,2.8379043366750517e-27,0,,178,100
809,4830,5630,2.7511989491761014e-27,0,,177,100
810,4833,5633,1.6872859879089791e-28,0,,176,100
811,4837,5637,3.0043536754787355e-27,0,,177,100
812,4843,5643,3.3052023080566554e-25,0,,177,100
813,4846,5646,4.5943448917804695e-28,0,,177,100
814,4850,5650,2.771094120028928e-27,0,,178,100
815,4861,5661,4.5125447003362305e-24,0,,176,100
816,4869,5669,2.974212832558736e-23,0,,177,100
817,4873,5673,1.736316371140179e-23,0,,178,100
818,4888,5688,3.6671610354364385e-21,0,,179,100
819,4891,5691,7.006728990581559e-23,0,,178,100
820,4895,5695,1.772722424830666e-22,0,,178,100
821,4899,5699,1.9974682280846183e-23,0,,178,100
822,4908,5708,3.623602997919507e-23,0,,179,100
823,4912,5712,6.5133773894281874e-24,0,,179,100
824,4914,5714,7.133550113527382e-24,0,,179,100
825,4923,5723,2.8993390193117795e-25,0,,179,100
826,4926,5726,2.6695896467995662e-24,0,,179,100
827,4931,5731,5.071029515078047e-22,0,,179,100
828,4937,5737,1.8338561745537066e-22,0,,180,100
829,4948,5748,1.008919771557304e-19,0,,181,100
830,4950,5750,5.786217741110051e-23,0,,181,100
831,4957,5757,3.1094823164723866e-20,0,,181,100
832,4960,5760,3.876597685882645e-21,0,,180,100
833,4963,5763,9.474711783625984e-24,0,,180,100
834,4973,5773,1.3373802242879377e-23,0,,179,100
835,4977,5777,2.0325047556148117e-23,0,,179,100
836,4979,5779,1.2979794128424749e-23,0,,180,100
837,4987,5787,2.9053312171316146e-23,0,,179,100
838,4994,5794,4.253625812544973e-22,0,,180,100
839,4998,5798,1.8137892566513064e-22,0,,179,100
840,5006,5806,2.3896639156447318e-26,0,,179,100
841,5011,5811,2.2507898630668706e-23,0,,179,100
842,5015,5815,5.051618033871505e-26,0,,178,100
843,5018,5818,3.302536664807956e-26,0,,180,100
844,5023,5823,8.559980811948869e-27,0,,181,100
845,5027,5827,7.104644485016428e-31,0,,180,100
846,5031,5831,1.5548039938007459e-28,0,,182,100
847,5034,5834,3.286058622730418e-27,0,,182,100
848,5045,5845,2.092572263027213e-28,0,,182,100
849,5048,5848,3.978633317155953e-28,0,,183,100
850,5055,5855,2.9417497830222096e-24,0,,181,100
851,5059,5859,4.186726576985387e-27,0,,182,100
852,5070,5870,1.659405809726347e-36,0,,181,100
853,5073,5873,4.1735603605572854e-36,0,,182,100
854,5080,5880,3.34684698516246e-32,0,,181,100
855,5089,5889,3.5924457757926365e-33,0,,181,100
856,5092,5892,7.368445017564359e-33,0,,179,100
857,5097,5897,2.3186630971149252e-33,0,,179,100
858,5105,5905,1.1219496187570845e-27,0,,177,100
859,5109,5909,3.343188682598178e-27,0,,176,100
860,5115,5915,2.1173492114241642e-26,0,,178,100
861,5120,5920,1.4485242055517011e-27,0,,179,100
862,5130,5930,4.384776330689426e-30,0,,177,100
863,5133,5933,1.5902845133219583e-25,0,,177,100
864,5138,5938,1.863966539421486e-26,0,,178,100
865,5144,5944,5.612834328274452e-26,0,,179,100
866,5148,5948,1.503315353535642e-20,0,,178,100
867,5158,5958,6.5782302252827994e-24,0,,177,100
868,5163,5963,4.804827883704964e-25,0,,177,100
869,5169,5969,1.6849480579762336e-23,0,,177,100
870,5173,5973,1.0598145852745215e-22,0,,178,100
871,5183,5983,6.166706770134014e-21,0,,177,100
872,5187,5987,5.475839928951722e-23,0,,177,100
873,5193,5993,7.447778021978453e-23,0,,178,100
874,5196,5996,4.4265832199406676e-21,0,,177,100
875,5200,6000,4.655975146293399e-23,0,,177,100
876,5213,6013,9.88334187339913e-22,0,,180,100
877,5220,6020,7.508465846490064e-21,0,,179,100
878,5224,6024,3.85798683742886e-21,0,,179,100
879,5232,6032,1.2988819771577034e-20,0,,180,100
880,5236,6036,4.5486520698342195e-20,0,,182,100
881,5247,6047,6.987592565097842e-24,0,,182,100
882,5258,6058,7.547877093533606e-26,0,,183,100
883,5263,6063,9.25932923838764e-28,0,,182,100
884,5268,6068,1.3304421072786557e-25,0,,182,100
885,5272,6072,2.6667695050428396e-23,0,,182,100
886,5284,6084,9.180512986418388e-25,0,,182,100
887,5287,6087,7.39298320798973e-27,0,,181,100
888,5291,6091,1.1356999356368545e-26,0,,182,100
889,5299,6099,4.8025872006836795e-25,0,,179,100
890,5305,6105,1.9618517320675528e-26,0,,179,100
891,5307,6107,8.647454788443669e-26,0,,178,100
892,5316,6116,6.276935959194857e-27,0,,175,100
893,5321,6121,5.684673157274376e-26,0,,175,100
894,5327,6127,1.0506755397346446e-22,0,,175,100
895,5333,6133,3.390972559463766e-26,0,,176,100
896,5338,6138,9.525872053342677e-25,0,,175,100
897,5340,6140,1.0971924716716584e-20,0,,175,100
898,5348,6148,5.37559773614212e-22,0,,174,100
899,5351,6151,3.2362345490794133e-24,0,,173,100
900,5355,6155,9.920661558123456e-26,0,,174,100
901,5368,6168,1.0789952969359986e-29,0,,175,100
902,5372,6172,4.3757674768042834e-24,0,,175,100
903,5377,6177,1.2062497097545754e-23,0,,175,100
904,5382,6182,9.400021022331077e-25,0,,175,100
905,5385,6185,9.805554384518326e-27,0,,174,100
906,5390,6190,3.734971802742688e-25,0,,174,100
907,5398,6198,1.304377756371616e-28,0,,175,100
908,5402,6202,2.856228281674066e-27,0,,175,100
909,5408,6208,6.391822144672145e-29,0,,175,100
910,5418,6218,4.667778934740633e-31,0,,175,100
911,5423,6223,3.9646963999029025e-29,0,,175,100
912,5429,6229,2.704661872363864e-27,0,,175,100
913,5432,6232,3.3977282048792404e-26,0,,175,100
914,5436,6236,1.0783177380827044e-25,0,,175,100
915,5439,6239,3.313978476904333e-25,0,,174,100
916,5445,6245,1.13013905942829e-24,0,,176,100
917,5454,6254,1.2218365766147846e-25,0,,176,100
918,5462,6262,2.45685964908045e-24,0,,176,100
919,5471,6271,2.1446461037497724e-23,0,,173,100
920,5475,6275,3.476952756199618e-24,0,,173,100
921,5479,6279,4.429017369820997e-22,0,,173,100
922,5484,6284,6.163715608664233e-23,0,,173,100
923,5488,6288,4.7774908534947574e-24,0,,172,100
924,5493,6293,8.494999274829629e-26,0,,171,100
925,5496,6296,3.498276914984625e-25,0,,173,100
926,5500,6300,8.118747050646075e-24,0,,173,100
927,5508,6308,3.9404497414064e-25,0,,173,100
928,5511,6311,4.0759695073846595e-24,0,,173,100
929,5518,6318,4.244287571898331e-21,0,,172,100
930,5524,6324,1.3066875465177247e-20,0,,172,100
931,5527,6327,1.0390526648721001e-19,0,,171,100
932,5531,6331,4.289057047971698e-19,0,,172,100
933,5540,6340,7.005877171019755e-19,0,,172,100
934,5547,6347,4.563183513068561e-22,0,,172,100
935,5550,6350,2.1230271852716676e-22,0,,171,100
936,5554,6354,9.049665439952396e-23,0,,173,100
937,5561,6361,9.964886669768957e-25,0,,172,100
938,5564,6364,1.0464915761869333e-27,0,,172,100
939,5568,6368,1.0684080766138951e-27,0,,173,100
940,5574,6374,1.4340017037426224e-24,0,,172,100
941,5577,6377,5.379063349769467e-25,0,,172,100
942,5583,6383,1.3255418037324591e-24,0,,171,100
943,5592,6392,1.7679371365122917e-26,0,,171,100
944,5595,6395,2.4819492023856745e-25,0,,171,100
945,5603,6403,1.7273675016429565e-21,0,,172,100
946,5606,6406,9.780758507968786e-24,0,,171,100
947,5610,6410,2.21472103366926e-23,0,,170,100
948,5620,6420,3.441114904787858e-25,0,,168,100
949,5628,6428,2.2739594684701415e-29,0,,168,100
950,5635,6435,7.293625630486746e-27,0,,168,100
951,5642,6442,2.464218131437515e-27,0,,168,100
952,5646,6446,4.058512364561272e-26,0,,167,100
953,5654,6454,3.1251520404550174e-27,0,,169,100
954,5657,6457,3.168588154034275e-26,0,,168,100
955,5667,6467,5.6897832291698845e-24,0,,168,100
956,5674,6474,3.743118966341386e-21,0,,168,100
957,5682,6482,2.876764362002112e-22,0,,169,100
958,5686,6486,2.0586282616211184e-22,0,,169,100
959,5694,6494,8.205417915044501e-23,0,,170,100
960,5697,6497,5.310122909631143e-22,0,,170,100
961,5701,6501,1.7075095877777435e-24,0,,170,100
962,5708,6508,1.4229515024620863e-22,0,,169,100
963,5716,6516,7.042268111378882e-23,0,,169,100
964,5720,6520,2.1699077300809233e-22,0,,168,100
965,5725,6525,6.189057069108334e-25,0,,169,100
966,5730,6530,2.51575158050852e-24,0,,169,100
967,5736,6536,1.6595127992213262e-24,0,,170,100
968,5742,6542,2.4603881153910023e-25,0,,168,100
969,5746,6546,1.4095442576712662e-24,0,,168,100
970,5749,6549,2.5536500617417318e-24,0,,169,100
971,5753,6553,7.019890893460077e-24,0,,169,100
972,5759,6559,1.7503979180335306e-19,0,,169,100
973,5765,6565,1.6628992654829052e-19,0,,169,100
974,5770,6570,4.2767204945295223e-20,0,,168,100
975,5775,6575,3.496744244698616e-21,0,,169,100
976,5778,6578,7.87587003007026e-20,0,,168,100
977,5784,6584,1.3545925499747733e-20,0,,168,100
978,5788,6588,1.89944136866158e-20,0,,168,100
979,5792,6592,1.1702825805428654e-20,0,,169,100
980,5799,6599,1.086495351449449e-20,0,,168,100
981,5805,6605,4.8892623200710265e-20,0,,167,100
982,5808,6608,5.770457821447527e-20,0,,169,100
983,5818,6618,4.860479994189791e-20,0,,167,100
984,5826,6626,1.2805123590354844e-22,0,,166,100
985,5829,6629,1.565850312318378e-22,0,,164,100
986,5833,6633,1.9844565972977254e-22,0,,165,100
987,5842,6642,7.800066327940275e-25,0,,164,100
988,5846,6646,4.222048906727897e-25,0,,165,100
989,5862,6662,1.1750589462903202e-25,0,,166,100
990,5868,6668,1.8449926173535572e-26,0,,166,100
991,5876,6676,1.0005862523407294e-27,0,,168,100
992,5878,6678,6.960079893775166e-27,0,,169,100
993,5891,6691,1.670925614606533e-27,0,,173,100
994,5895,6695,3.5839358852981824e-25,0,,172,100
995,5901,6701,3.221999309066614e-25,0,,173,100
996,5911,6711,3.0080313928176066e-24,0,,172,100
997,5914,6714,6.134110642958172e-24,0,,172,100
998,5917,6717,7.42759833399277e-24,0,,173,100
999,5929,6729,1.0923500415336973e-25,0,,171,100
1000,5932,6732,7.625336742228146e-24,0,,170,100
1001,5937,6737,4.519841161290561e-22,0,,170,100
1002,5941,6741,2.1353957740775995e-24,0,,170,100
1003,5946,6746,3.290299204306886e-27,0,,170,100
1004,5950,6750,2.193216347058082e-26,0,,170,100
1005,5953,6753,1.3450662687512125e-21,0,,170,100
1006,5957,6757,1.8379935570090673e-21,0,,171,100
1007,5966,6766,1.7441267302654125e-20,0,,169,100
1008,5969,6769,3.266952340567202e-23,0,,168,100
1009,5973,6773,4.2200496024939013e-22,0,,168,100
1010,5980,6780,1.3868201358416586e-23,0,,168,100
1011,5988,6788,6.838169761494254e-21,0,,168,100
1012,5993,6793,4.329791814886093e-21,0,,168,100
1013,5999,6799,2.8627115159535193e-19,0,,168,100
1014,6002,6802,8.640435961780627e-22,0,,167,100
1015,6006,6806,1.0739450804122949e-21,0,,167,100
1016,6013,6813,8.432764601829913e-20,0,,166,100
1017,6020,6820,1.592254062116242e-24,0,,166,100
1018,6029,6829,2.8191341022315784e-23,0,,166,100
1019,6036,6836,4.4396446627646495e-25,0,,164,100
1020,6040,6840,1.7529764604207262e-26,0,,167,100
1021,6047,6847,1.7966698276953053e-26,0,,166,100
1022,6050,6850,4.036543275360946e-28,0,,166,100
1023,6054,6854,2.7700507871810157e-27,0,,166,100
1024,6061,6861,3.126235447499288e-29,0,,164,100
1025,6064,6864,1.5558450263476926e-29,0,,165,100
1026,6075,6875,1.8031196021099128e-28,0,,165,100
1027,6080,6880,4.1423087030558195e-28,0,,166,100
1028,6087,6887,2.11715879595067e-26,0,,166,100
1029,6094,6894,1.117052593171556e-27,0,,166,100
1030,6100,6900,1.0793058974374912e-27,0,,166,100
1031,6111,6911,9.260807700292571e-26,0,,166,100
1032,6114,6914,2.283096424320756e-25,0,,165,100
1033,6118,6918,1.8254955845346725e-25,0,,165,100
1034,6126,6926,7.715678186930334e-23,0,,167,100
1035,6129,6929,2.1564474154324137e-24,0,,167,100
1036,6135,6935,2.1568845444595858e-25,0,,167,100
1037,6146,6946,1.654855279511222e-25,0,,169,100
1038,6154,6954,1.3359107599204847e-25,0,,169,100
1039,6158,6958,1.3201590144257322e-25,0,,169,100
1040,6161,6961,8.780848068087151e-27,0,,168,100
1041,6167,6967,1.5242059868269982e-25,0,,168,100
1042,6170,6970,1.874853091948287e-26,0,,168,100
1043,6174,6974,3.4531864121787326e-26,0,,168,100
1044,6184,6984,9.066354262570423e-24,0,,168,100
1045,6189,6989,1.6635840118177263e-24,0,,168,100
1046,6193,6993,8.328336399210132e-24,0,,167,100
1047,6199,6999,1.4672128401183172e-22,0,,166,100
1048,6203,7003,1.6209013821378288e-21,0,,167,100
1049,6207,7007,6.3009347812975065e-24,0,,167,100
1050,6211,7011,3.933713748775611e-22,0,,167,100
1051,6218,7018,6.466587143650713e-22,0,,167,100
1052,6221,7021,9.730014913950725e-22,0,,168,100
1053,6228,7028,5.0350553764539313e-23,0,,167,100
1054,6231,7031,1.2800893772023536e-22,0,,167,100
1055,6238,7038,1.0845118273754538e-25,0,,169,100
1056,6245,7045,4.364188278596457e-25,0,,169,100
1057,6250,7050,2.6027562010681827e-25,0,,169,100
1058,6256,7056,7.175543582103975e-27,0,,169,100
1059,6260,7060,4.306004608712625e-24,0,,168,100
1060,6263,7063,4.2983320079413525e-24,0,,169,100
1061,6274,7074,5.359924491753413e-26,0,,171,100
1062,6277,7077,6.427056323668547e-26,0,,170,100
1063,6281,7081,2.2798418797690506e-26,0,,170,100
1064,6287,7087,4.968183276272617e-25,0,,170,100
1065,6295,7095,1.1250938602932567e-27,0,,168,100
1066,6298,7098,4.8188859608693344e-29,0,,167,100
1067,6306,7106,3.2913320977496e-28,0,,169,100
1068,6309,7109,3.9471614749387818e-28,0,,169,100
1069,6324,7124,2.3664836432508685e-30,0,,170,100
1070,6331,7131,2.11198681901832e-32,0,,168,100
1071,6338,7138,1.0064941327703738e-28,0,,170,100
1072,6342,7142,2.174642159061863e-32,0,,170,100
1073,6347,7147,6.287172313736338e-31,0,,169,100
1074,6351,7151,9.38769301539261e-33,0,,169,100
1075,6357,7157,2.2623124855756784e-28,0,,169,100
1076,6360,7160,1.375663469646265e-26,0,,168,100
1077,6364,7164,1.1512065093127216e-25,0,,168,100
1078,6373,7173,7.379985860756733e-30,0,,168,100
1079,6376,7176,1.5346242965479704e-26,0,,168,100
1080,6386,7186,2.430576430960326e-28,0,,170,100
1081,6389,7189,3.935364209187967e-28,0,,170,100
1082,6393,7193,7.292233756483919e-29,0,,169,100
1083,6399,7199,8.118287720681848e-34,0,,169,100
1084,6406,7206,1.1502820020584127e-32,0,,169,100
1085,6412,7212,5.117745837876276e-32,0,,169,100
1086,6416,7216,9.3256134923069e-31,0,,169,100
1087,6426,7226,7.75695588582909e-30,0,,171,100
1088,6429,7229,2.6087026613584596e-29,0,,171,100
1089,6433,7233,2.2505323232126566e-32,0,,170,100
1090,6440,7240,3.430339645625828e-28,0,,171,100
1091,6448,7248,4.1753954338230404e-27,0,,170,100
1092,6454,7254,8.471196023284858e-26,0,,170,100
1093,6460,7260,7.286676021940295e-25,0,,171,100
1094,6465,7265,1.189397433267699e-25,0,,170,100
1095,6470,7270,3.025242355451941e-26,0,,170,100
1096,6479,7279,2.088635717504006e-25,0,,170,100
1097,6482,7282,7.518378551854334e-24,0,,169,100
1098,6486,7286,2.6541548048208506e-22,0,,170,100
1099,6497,7297,1.0044441310993454e-19,0,,169,100
1100,6505,7305,9.260521746866591e-20,0,,168,100
1101,6511,7311,2.1554047194199458e-18,0,,170,100
1102,6516,7316,2.2023336154511067e-17,0,,170,100
1103,6521,7321,1.906617503499561e-18,0,,170,100
1104,6531,7331,8.045943475220177e-18,0,,170,100
1105,6538,7338,4.016175851472539e-19,0,,169,100
1106,6543,7343,4.6539850807260126e-20,0,,170,100
1107,6549,7349,1.1157038413009003e-21,0,,168,100
1108,6553,7353,6.260924880377275e-19,0,,168,100
1109,6556,7356,3.643920065957465e-15,0,,169,100
1110,6563,7363,1.2406247577514792e-17,0,,170,100
1111,6571,7371,3.289146477390127e-21,0,,170,100
1112,6575,7375,8.945124490624944e-24,0,,171,100
1113,6582,7382,4.829778764272575e-19,0,,172,100
1114,6588,7388,9.690393505486729e-22,0,,172,100
1115,6592,7392,8.941902542464624e-20,0,,171,100
1116,6599,7399,2.954403229665297e-22,0,,173,100
1117,6607,7407,3.859818860607532e-22,0,,171,100
1118,6613,7413,1.361118714172822e-20,0,,172,100
1119,6616,7416,1.1438719783540612e-20,0,,171,100
1120,6618,7418,2.58577798982382e-19,0,,170,100
1121,6625,7425,2.600939386218202e-21,0,,171,100
1122,6628,7428,3.414244167500035e-21,0,,171,100
1123,6635,7435,2.664025828325942e-22,0,,171,100
1124,6641,7441,1.8589858148190517e-20,0,,171,100
1125,6648,7448,8.135060905721065e-21,0,,171,100
1126,6652,7452,3.754661978646458e-19,0,,172,100
1127,6664,7464,3.042545949692454e-16,0,,173,100
1128,6667,7467,6.385111911032812e-17,0,,173,100
1129,6676,7476,2.625165316192795e-22,0,,170,100
1130,6684,7484,2.1869618571241956e-20,0,,170,100
1131,6687,7487,1.46749412033542e-19,0,,169,100
1132,6691,7491,1.6562348828862592e-20,0,,170,100
1133,6697,7497,7.56822634808116e-21,0,,169,100
1134,6701,7501,1.738891087212026e-20,0,,169,100
1135,6709,7509,7.221319080303903e-20,0,,170,100
1136,6717,7517,1.0772057534810469e-19,0,,170,100
1137,6723,7523,1.4314761680847451e-19,0,,172,100
1138,6733,7533,3.2728171684453705e-20,0,,171,100
1139,6736,7536,3.667629546922383e-19,0,,171,100
1140,6740,7540,2.2521083022446615e-19,0,,171,100
1141,6746,7546,6.456055402286604e-20,0,,171,100
1142,6749,7549,8.95993482501711e-20,0,,171,100
1143,6766,7566,1.410774864559149e-21,0,,173,100
1144,6770,7570,5.47668118728134e-25,0,,173,100
1145,6774,7574,1.7517167019074336e-24,0,,174,100
1146,6781,7581,2.5459105705912133e-26,0,,175,100
1147,6785,7585,1.8364711191275624e-26,0,,175,100
1148,6793,7593,2.352665209984625e-25,0,,176,100
1149,6796,7596,2.152892945809637e-25,0,,176,100
1150,6803,7603,1.54181024876301e-22,0,,175,100
1151,6808,7608,2.0510437853341514e-25,0,,177,100
1152,6819,7619,1.6032934283383642e-23,0,,177,100
1153,6822,7622,3.087532744667593e-22,0,,176,100
1154,6825,7625,4.265314881412398e-22,0,,175,100
1155,6831,7631,2.7043251926686774e-22,0,,176,100
1156,6839,7639,1.1703870758455862e-22,0,,173,100
1157,6845,7645,2.158740282331521e-19,0,,173,100
1158,6850,7650,9.61375868132083e-22,0,,173,100
1159,6856,7656,2.166142548113831e-22,0,,173,100
1160,6862,7662,1.180613185562977e-22,0,,174,100
1161,6867,7667,4.6320000469478215e-21,0,,173,100
1162,6874,7674,7.301485800554398e-22,0,,174,100
1163,6878,7678,1.967150751125531e-19,0,,173,100
1164,6884,7684,9.708698463702677e-20,0,,174,100
1165,6887,7687,1.7074081725726822e-19,0,,174,100
1166,6903,7703,9.333786966184348e-18,0,,175,100
1167,6907,7707,1.2058813513546398e-17,0,,175,100
1168,6911,7711,1.0416996137100965e-16,0,,175,100
1169,6919,7719,1.6913261801875919e-18,0,,175,100
1170,6926,7726,9.850443765944265e-16,0,,173,100
1171,6933,7733,1.2810290266038683e-17,0,,174,100
1172,6936,7736,2.9364942826919726e-17,0,,175,100
1173,6943,7743,2.01960865526188e-17,0,,173,100
1174,6945,7745,6.739869998770626e-20,0,,173,100
1175,6950,7750,2.2378956273336995e-19,0,,171,100
1176,6953,7753,3.0065837194783627e-19,0,,172,100
1177,6963,7763,1.436139258946275e-19,0,,173,100
1178,6966,7766,1.1089912912019508e-19,0,,173,100
1179,6970,7770,1.558531090742018e-23,0,,174,100
1180,6980,7780,5.629183311204598e-22,0,,176,100
1181,6983,7783,2.7863208093541116e-21,0,,176,100
1182,6987,7787,2.753175393749845e-21,0,,175,100
1183,6994,7794,6.222036350692797e-20,0,,176,100
1184,7002,7802,4.2303647213778713e-19,0,,175,100
1185,7005,7805,9.837232211561654e-23,0,,175,100
1186,7008,7808,5.663848369379355e-23,0,,175,100
1187,7016,7816,6.627560735037323e-24,0,,174,100
1188,7019,7819,1.8000365729791838e-24,0,,174,100
1189,7025,7825,4.4068630873626965e-26,0,,175,100
1190,7030,7830,3.9592180382474484e-26,0,,175,100
1191,7034,7834,1.1227545239756068e-23,0,,174,100
1192,7038,7838,5.69805913898047e-25,0,,174,100
1193,7041,7841,1.0779662574488704e-25,0,,174,100
1194,7045,7845,1.44516965994821e-29,0,,174,100
1195,7048,7848,3.738436268421544e-25,0,,175,100
1196,7054,7854,8.807750739617878e-27,0,,175,100
1197,7061,7861,3.227591812601836e-27,0,,176,100
1198,7065,7865,1.043877544611561e-26,0,,176,100
1199,7070,7870,9.853495478825357e-27,0,,176,100
1200,7074,7874,2.0045296134062134e-28,0,,176,100
1201,7085,7885,8.923602654410818e-25,0,,177,100
1202,7088,7888,1.8491413904225162e-23,0,,177,100
1203,7093,7893,1.2871526271005573e-25,0,,177,100
1204,7099,7899,4.2715574702459245e-25,0,,177,100
1205,7102,7902,5.361253325802273e-23,0,,177,100
1206,7108,7908,4.9931827499644864e-21,0,,176,100
1207,7111,7911,1.658593472794426e-20,0,,176,100
1208,7117,7917,9.476583217456022e-21,0,,176,100
1209,7122,7922,1.0475596183447e-20,0,,177,100
1210,7134,7934,1.0132409282341887e-22,0,,176,100
1211,7138,7938,6.796679834772415e-22,0,,176,100
1212,7144,7944,1.7805748071361256e-22,0,,177,100
1213,7150,7950,2.4341075550762075e-21,0,,178,100
1214,7154,7954,2.5465579113211086e-22,0,,178,100
1215,7165,7965,5.616786654736722e-23,0,,178,100
1216,7168,7968,1.5222960142172543e-23,0,,178,100
1217,7174,7974,6.860713838246773e-24,0,,178,100
1218,7177,7977,3.8643667899460174e-22,0,,178,100
1219,7183,7983,1.7424990484896151e-22,0,,179,100
1220,7192,7992,6.450743088337606e-22,0,,181,100
1221,7196,7996,6.072464120525964e-23,0,,181,100
1222,7204,8004,1.1098794511835593e-25,0,,182,100
1223,7207,8007,1.846305233072337e-25,0,,183,100
1224,7218,8018,3.8797064431068863e-22,0,,183,100
1225,7222,8022,1.9460169612493087e-16,0,,182,100
1226,7225,8025,7.37810455417752e-21,0,,182,100
1227,7231,8031,7.96093402922144e-20,0,,182,100
1228,7236,8036,1.135752145808019e-20,0,,182,100
1229,7252,8052,1.1005335429671762e-21,0,,182,100
1230,7256,8056,3.6516816254921374e-22,0,,182,100
1231,7263,8063,8.138150290347421e-24,0,,182,100
1232,7266,8066,2.6384021076313413e-25,0,,181,100
1233,7271,8071,1.713315663290583e-24,0,,182,100
1234,7277,8077,1.8516401369480515e-22,0,,182,100
1235,7283,8083,1.8536905734022816e-24,0,,181,100
1236,7289,8089,1.2776215461645533e-24,0,,180,100
1237,7292,8092,1.2224896937075225e-23,0,,180,100
1238,7297,8097,3.317900516165919e-25,0,,181,100
1239,7301,8101,4.923673567171057e-25,0,,180,100
1240,7307,8107,2.5528493895987945e-25,0,,179,100
1241,7310,8110,1.1939251489123023e-26,0,,178,100
1242,7316,8116,5.21580075617447e-29,0,,180,100
1243,7319,8119,3.473526887516589e-29,0,,179,100
1244,7325,8125,1.1640675559570934e-25,0,,178,100
1245,7334,8134,6.086432888874536e-26,0,,179,100
1246,7339,8139,1.0114074613917689e-27,0,,179,100
1247,7343,8143,1.2737657602824718e-23,0,,180,100
1248,7355,8155,4.756749974327962e-26,0,,180,100
1249,7358,8158,1.6369014846948667e-27,0,,179,100
1250,7362,8162,1.3896701163993423e-26,0,,178,100
1251,7368,8168,5.5294484796665485e-25,0,,179,100
1252,7375,8175,9.560771124661931e-22,0,,178,100
1253,7378,8178,3.357234993984224e-23,0,,177,100
1254,7384,8184,4.85816609050695e-23,0,,178,100
1255,7387,8187,6.995901402709476e-23,0,,177,100
1256,7393,8193,1.6631078899705886e-23,0,,178,100
1257,7402,8202,1.7137530890270472e-23,0,,178,100
1258,7405,8205,7.551137917578361e-24,0,,179,100
1259,7419,8219,4.83756463195148e-22,0,,178,100
1260,7423,8223,5.889488623080691e-20,0,,178,100
1261,7426,8226,1.1086373773081157e-22,0,,177,100
1262,7435,8235,2.396902206719154e-21,0,,178,100
1263,7438,8238,8.563024257839095e-22,0,,178,100
1264,7442,8242,1.2018438137709554e-21,0,,179,100
1265,7449,8249,4.380798946198475e-18,0,,178,100
1266,7452,8252,1.8801296629895363e-19,0,,177,100
1267,7457,8257,4.31311469290494e-22,0,,177,100
1268,7464,8264,1.0934427921652268e-23,0,,178,100
1269,7467,8267,7.692818040965156e-23,0,,178,100
1270,7473,8273,9.19131213421617e-23,0,,179,100
1271,7480,8280,2.9315882001874057e-25,0,,179,100
1272,7482,8282,1.879948676267982e-21,0,,178,100
1273,7487,8287,5.144868237668374e-24,0,,176,100
1274,7491,8291,2.3365830215793057e-25,0,,176,100
1275,7494,8294,1.7551778988301956e-25,0,,177,100
1276,7498,8298,5.279130749911035e-27,0,,176,100
1277,7503,8303,2.0484802768543715e-25,0,,177,100
1278,7509,8309,1.8939604108874623e-25,0,,177,100
1279,7513,8313,8.901367787798919e-26,0,,178,100
1280,7519,8319,1.318304759250482e-22,0,,178,100
1281,7522,8322,3.6745262320103757e-25,0,,178,100
1282,7527,8327,3.814812484182415e-26,0,,178,100
1283,7534,8334,1.510584897329596e-23,0,,178,100
1284,7540,8340,7.22195761369489e-23,0,,178,100
1285,7543,8343,9.768690996979777e-24,0,,179,100
1286,7554,8354,6.581142810236024e-28,0,,179,100
1287,7557,8357,1.0443833722391139e-27,0,,179,100
1288,7562,8362,4.9129222204929203e-29,0,,177,100
1289,7566,8366,1.8677207818686782e-26,0,,175,100
1290,7572,8372,9.668738346609594e-25,0,,174,100
1291,7576,8376,9.7952393377533e-25,0,,174,100
1292,7580,8380,3.41785105815327e-26,0,,173,100
1293,7586,8386,4.6707885268325826e-26,0,,174,100
1294,7589,8389,2.1447013505811642e-24,0,,174,100
1295,7593,8393,5.159111721576963e-24,0,,174,100
1296,7601,8401,1.350584078439991e-25,0,,174,100
1297,7608,8408,2.4762533952125307e-24,0,,173,100
1298,7612,8412,5.924423964778946e-24,0,,172,100
1299,7616,8416,7.126402829242615e-24,0,,172,100
1300,7624,8424,3.334034060175553e-26,0,,172,100
1301,7628,8428,1.715118599853038e-23,0,,172,100
1302,7633,8433,2.0226338664125114e-24,0,,172,100
1303,7639,8439,4.161249663921177e-26,0,,173,100
1304,7642,8442,1.1659095141930601e-23,0,,174,100
1305,7650,8450,2.9879501726372527e-22,0,,175,100
1306,7653,8453,4.2866433135319185e-24,0,,177,100
1307,7657,8457,6.73014405370325e-23,0,,178,100
1308,7665,8465,7.52702148262399e-24,0,,179,100
1309,7668,8468,2.1298121079934426e-28,0,,178,100
1310,7673,8473,4.6555418394479666e-24,0,,178,100
1311,7679,8479,3.495109986823055e-24,0,,179,100
1312,7693,8493,7.641891994380053e-25,0,,179,100
1313,7696,8496,8.059888888418876e-27,0,,179,100
1314,7700,8500,7.364545167540383e-27,0,,178,100
1315,7705,8505,2.0859714588446172e-27,0,,178,100
1316,7711,8511,7.489423896162438e-25,0,,179,100
1317,7715,8515,8.030609892989885e-25,0,,179,100
1318,7718,8518,1.4354024235288544e-24,0,,180,100
1319,7727,8527,8.87835655516375e-24,0,,181,100
1320,7730,8530,5.800777209495423e-25,0,,181,100
1321,7734,8534,6.709974587001801e-26,0,,181,100
1322,7744,8544,1.4982916586418067e-25,0,,183,100
1323,7751,8551,8.399417449786919e-24,0,,184,100
1324,7755,8555,1.042738807509374e-24,0,,184,100
1325,7760,8560,3.9559905061177075e-23,0,,184,100
1326,7769,8569,2.3737586404868483e-25,0,,182,100
1327,7779,8579,8.484316958200457e-26,0,,181,100
1328,7785,8585,1.5171334171678628e-23,0,,181,100
1329,7788,8588,9.477002189072049e-24,0,,181,100
1330,7794,8594,1.8098146293258928e-22,0,,180,100
1331,7799,8599,1.696256933449499e-23,0,,180,100
1332,7804,8604,1.007174349273975e-23,0,,181,100
1333,7814,8614,2.1937987569217603e-24,0,,181,100
1334,7817,8617,5.486048438968881e-22,0,,180,100
1335,7822,8622,1.9830167750806288e-24,0,,179,100
1336,7826,8626,1.1475697359525125e-27,0,,179,100
1337,7831,8631,5.265440730755271e-26,0,,178,100
1338,7837,8637,5.156002324990232e-27,0,,180,100
1339,7840,8640,1.679024230661005e-24,0,,179,100
1340,7842,8642,3.041112939865302e-26,0,,179,100
1341,7847,8647,1.0883192474706706e-24,0,,177,100
1342,7850,8650,1.0487686417448104e-27,0,,178,100
1343,7855,8655,8.095789097960846e-32,0,,178,100
1344,7862,8662,1.2121551371423714e-31,0,,179,100
1345,7865,8665,9.272321683251707e-28,0,,179,100
1346,7868,8668,4.351474090973233e-30,0,,178,100
1347,7871,8671,4.4179028224635734e-30,0,,178,100
1348,7875,8675,4.51823096237839e-30,0,,178,100
1349,7882,8682,4.6200561888627214e-29,0,,179,100
1350,7886,8686,7.609555003387108e-29,0,,177,100
1351,7893,8693,2.0943655388683976e-28,0,,176,100
1352,7897,8697,1.5414588516821673e-27,0,,176,100
1353,7906,8706,1.382549471496295e-25,0,,177,100
1354,7909,8709,2.1139433466204197e-29,0,,176,100
1355,7915,8715,1.6759130104934243e-30,0,,176,100
1356,7927,8727,6.48726760008382e-27,0,,179,100
1357,7935,8735,4.428456342103494e-25,0,,178,100
1358,7939,8739,3.249475910347413e-24,0,,178,100
1359,7947,8747,1.32992531888221e-22,0,,178,100
1360,7950,8750,1.6540383988546538e-24,0,,178,100
1361,7956,8756,2.055753733710521e-23,0,,178,100
1362,7961,8761,2.0254179660713503e-23,0,,178,100
1363,7964,8764,6.025427380944453e-24,0,,177,100
1364,7970,8770,6.085880175173068e-23,0,,179,100
1365,7974,8774,2.8107618356922228e-24,0,,180,100
1366,7977,8777,2.8807625353067017e-22,0,,180,100
1367,7979,8779,4.981137735240767e-24,0,,179,100
1368,7985,8785,3.4817018027074415e-26,0,,175,100
1369,7991,8791,5.710814006282989e-26,0,,175,100
1370,7998,8798,2.122257238774943e-25,0,,174,100
1371,8010,8810,6.187536465512972e-24,0,,173,100
1372,8013,8813,2.873862959561657e-26,0,,174,100
1373,8018,8818,5.554732938641908e-26,0,,174,100
1374,8021,8821,5.0414531015533785e-27,0,,174,100
1375,8027,8827,4.8937446043558085e-28,0,,174,100
1376,8031,8831,3.369523246132565e-27,0,,174,100
1377,8043,8843,1.435668895781072e-28,0,,174,100
1378,8046,8846,1.1255272231117155e-30,0,,173,100
1379,8050,8850,1.353556204701047e-30,0,,173,100
1380,8057,8857,1.9693256349226513e-30,0,,174,100
1381,8061,8861,2.2877935240006976e-28,0,,173,100
1382,8067,8867,1.2596350191282494e-29,0,,173,100
1383,8070,8870,6.130236782512978e-29,0,,175,100
1384,8086,8886,3.658933865057358e-26,0,,178,100
1385,8090,8890,2.874526279912382e-25,0,,178,100
1386,8093,8893,7.050481959245704e-27,0,,178,100
1387,8103,8903,4.697344168374151e-28,0,,178,100
1388,8111,8911,3.1096095894621782e-24,0,,177,100
1389,8114,8914,9.650657960300706e-24,0,,177,100
1390,8116,8916,3.57732645088317e-24,0,,177,100
1391,8125,8925,1.7267618418904085e-21,0,,178,100
1392,8128,8928,4.02601774475381e-24,0,,178,100
1393,8141,8941,1.1561667513477678e-22,0,,176,100
1394,8147,8947,1.0470195905945593e-21,0,,176,100
1395,8150,8950,9.685519736513377e-22,0,,178,100
1396,8160,8960,6.294589972989473e-17,0,,177,100
1397,8163,8963,7.165703825147513e-19,0,,176,100
1398,8167,8967,1.250698666047887e-16,0,,176,100
1399,8177,8977,1.107888404283467e-17,0,,177,100
1400,8180,8980,2.143893081630257e-17,0,,176,100
1401,8184,8984,2.6723108570037072e-18,0,,176,100
1402,8191,8991,3.464949883092153e-18,0,,176,100
1403,8199,8999,2.0951959441307937e-21,0,,177,100
1404,8203,9003,3.7664211311288743e-22,0,,178,100
1405,8210,9010,8.636462788066013e-20,0,,178,100
1406,8214,9014,6.959838315810533e-19,0,,179,100
1407,8219,9019,3.951786744862088e-18,0,,178,100
1408,8225,9025,1.3712536228512555e-20,0,,178,100
1409,8230,9030,2.134237699009474e-19,0,,178,100
1410,8238,9038,7.962000730341559e-18,0,,177,100
1411,8244,9044,2.056565241215857e-18,0,,178,100
1412,8247,9047,1.6063978557362448e-17,0,,178,100
1413,8256,9056,3.194085912742462e-18,0,,178,100
1414,8259,9059,4.140112113722465e-15,0,,178,100
1415,8264,9064,1.8742935744214783e-13,0,,178,100
1416,8267,9067,3.774371869770457e-14,0,,178,100
1417,8273,9073,2.6039561559387036e-15,0,,178,100
1418,8285,9085,2.6182373120906734e-16,0,,178,100
1419,8288,9088,4.501096028163386e-16,0,,178,100
1420,8293,9093,4.450397519455588e-17,0,,176,100
1421,8299,9099,1.978202056470373e-17,0,,178,100
1422,8302,9102,9.247751863086278e-16,0,,178,100
1423,8311,9111,1.701140400583691e-13,0,,179,100
1424,8314,9114,1.5956132605996105e-12,0,,179,100
1425,8318,9118,1.828202183263447e-12,0,,180,100
1426,8325,9125,1.354394164547226e-13,0,,179,100
1427,8328,9128,6.600636823920296e-13,0,,178,100
1428,8332,9132,2.623373782396462e-13,0,,178,100
1429,8339,9139,6.89850475140195e-14,0,,178,100
1430,8343,9143,8.000333561781606e-13,0,,179,100
1431,8349,9149,3.4345589855051965e-15,0,,179,100
1432,8352,9152,3.842950925160773e-15,0,,178,100
1433,8369,9169,4.72715409063528e-13,0,,180,100
1434,8379,9179,2.8713460909385886e-15,0,,179,100
1435,8382,9182,4.209674159551724e-14,0,,179,100
1436,8386,9186,3.6399187235489107e-14,0,,178,100
1437,8392,9192,2.653756118066527e-13,0,,178,100
1438,8396,9196,4.2842333498565605e-13,0,,179,100
1439,8408,9208,4.169984675505276e-13,0,,180,100
1440,8419,9219,6.541979405370709e-12,0,,183,100
1441,8422,9222,3.4428141243858983e-12,0,,183,100
1442,8426,9226,9.540662028953536e-12,0,,182,100
1443,8431,9231,1.564510549515699e-11,0,,182,100
1444,8434,9234,1.1734349249862316e-10,0,,181,100
1445,8436,9236,6.633999530449632e-13,0,,180,100
1446,8443,9243,5.149099487138145e-11,0,,178,100
1447,8451,9251,5.740507974950668e-14,0,,178,100
1448,8454,9254,1.1983300089557144e-11,0,,175,100
1449,8458,9258,1.1739239000167794e-12,0,,177,100
1450,8467,9267,2.7428852183359466e-13,0,,178,100
1451,8473,9273,6.429395285645723e-13,0,,178,100
1452,8478,9278,7.463641231091934e-14,0,,178,100
1453,8484,9284,6.055985521413489e-15,0,,178,100
1454,8487,9287,2.009633092766215e-14,0,,178,100
1455,8491,9291,5.831803898024202e-16,0,,177,100
1456,8495,9295,8.287325775734161e-15,0,,177,100
1457,8503,9303,1.1443208769487595e-14,0,,178,100
1458,8510,9310,2.6274361001390283e-17,0,,178,100
1459,8518,9318,4.305427511224536e-19,0,,178,100
1460,8526,9326,2.3790761805031184e-18,0,,175,100
1461,8530,9330,7.83687132678474e-19,0,,175,100
1462,8539,9339,2.1543406912099294e-17,0,,173,100
1463,8542,9342,3.441487673533019e-16,0,,173,100
1464,8546,9346,8.561552836060438e-19,0,,173,100
1465,8550,9350,3.563299011544245e-16,0,,172,100
1466,8556,9356,9.170412839474432e-17,0,,171,100
1467,8560,9360,5.093104249170292e-18,0,,171,100
1468,8568,9368,1.7006775724781246e-15,0,,172,100
1469,8572,9372,1.3692430677487852e-16,0,,173,100
1470,8576,9376,1.4424735921460538e-15,0,,170,100
1471,8583,9383,1.0717537600666852e-15,0,,172,100
1472,8591,9391,1.0551802764512947e-15,0,,171,100
1473,8595,9395,1.4007034817053606e-17,0,,171,100
1474,8603,9403,1.0849784341571337e-17,0,,172,100
1475,8611,9411,1.505985981768225e-16,0,,171,100
1476,8614,9414,1.4663282523528643e-15,0,,171,100
1477,8618,9418,3.291859855355222e-17,0,,171,100
1478,8625,9425,5.98447023805565e-16,0,,171,100
1479,8633,9433,4.290678874261408e-13,0,,174,100
1480,8637,9437,1.2220292591646756e-15,0,,173,100
1481,8641,9441,2.205958526071131e-15,0,,173,100
1482,8649,9449,7.235751385080111e-17,0,,172,100
1483,8657,9457,1.0695941258372133e-15,0,,171,100
1484,8661,9461,5.588806483366567e-12,0,,171,100
1485,8669,9469,4.849313608586497e-11,0,,170,100
1486,8675,9475,4.2320523268306586e-10,0,,171,100
1487,8678,9478,1.005277690440648e-12,0,,170,100
1488,8686,9486,1.1471129078699201e-12,0,,173,100
1489,8697,9497,3.9292742004641406e-14,0,,174,100
1490,8701,9501,6.068383929568771e-16,0,,174,100
1491,8708,9508,2.580958516259876e-14,0,,174,100
1492,8717,9517,9.465146678702837e-19,0,,172,100
1493,8720,9520,1.385761641739376e-18,0,,173,100
1494,8727,9527,5.5339426511553626e-17,0,,173,100
1495,8733,9533,2.739954058406914e-17,0,,173,100
1496,8736,9536,1.9705291519702593e-17,0,,173,100
1497,8740,9540,1.996581982428244e-19,0,,172,100
1498,8747,9547,3.712201226511471e-15,0,,173,100
1499,8750,9550,1.6705532672064865e-19,0,,172,100
1500,8754,9554,1.0344958700897032e-17,0,,172,100
1501,8761,9561,2.867302787496747e-18,0,,174,100
1502,8770,9570,4.483032690225349e-20,0,,172,100
1503,8773,9573,9.679061656165353e-20,0,,173,100
1504,8782,9582,1.1850519244352277e-21,0,,172,100
1505,8791,9591,3.3492897656861416e-18,0,,173,100
1506,8796,9596,4.05739128810467e-15,0,,172,100
1507,8804,9604,3.450155214110416e-15,0,,177,100
1508,8813,9613,3.2304245417884756e-17,0,,175,100
1509,8817,9617,2.8667756732621463e-16,0,,176,100
1510,8823,9623,1.2460993315480875e-14,0,,176,100
1511,8827,9627,1.4396582662034644e-15,0,,175,100
1512,8835,9635,3.309781217381081e-14,0,,176,100
1513,8843,9643,5.770906799921109e-16,0,,177,100
1514,8847,9647,3.20539209002815e-17,0,,177,100
1515,8852,9652,4.477832687904636e-16,0,,178,100
1516,8856,9656,3.902577256096782e-18,0,,178,100
1517,8863,9663,1.0682872020108392e-18,0,,179,100
1518,8872,9672,1.16039048477605e-17,0,,175,100
1519,8875,9675,1.1953955599783878e-16,0,,174,100
1520,8885,9685,3.1015975127622035e-16,0,,175,100
1521,8888,9688,2.1162608702952585e-13,0,,175,100
1522,8896,9696,2.6621499015580898e-14,0,,176,100
1523,8901,9701,8.810388706809773e-14,0,,176,100
1524,8904,9704,2.5292223841367916e-12,0,,176,100
1525,8920,9720,1.4222310364901551e-15,0,,178,100
1526,8924,9724,5.880356907177143e-14,0,,178,100
1527,8932,9732,7.02670764387129e-14,0,,179,100
1528,8937,9737,2.025931154970039e-12,0,,180,100
1529,8940,9740,3.8692762252151587e-14,0,,179,100
1530,8944,9744,1.6204575605268627e-13,0,,180,100
1531,8952,9752,8.15709334381798e-13,0,,179,100
1532,8955,9755,1.5011539163297474e-10,0,,179,100
1533,8968,9768,1.2086349786548314e-12,0,,180,100
1534,8979,9779,8.486754210084541e-16,0,,181,100
1535,8983,9783,2.52673947059586e-16,0,,181,100
1536,8990,9790,6.132831737238622e-15,0,,181,100
1537,8999,9799,2.863699514902202e-17,0,,179,100
1538,9002,9802,1.3276551760985703e-20,0,,179,100
1539,9007,9807,1.3038341011962463e-20,0,,179,100
1540,9014,9814,5.253965338840763e-19,0,,179,100
1541,9023,9823,4.56139707847655e-20,0,,181,100
1542,9027,9827,7.337741225043177e-19,0,,182,100
1543,9033,9833,3.0487405381804437e-19,0,,182,100
1544,9042,9842,4.825431403064014e-20,0,,181,100
1545,9046,9846,1.0445089766510572e-21,0,,180,100
1546,9049,9849,1.1942287064249628e-21,0,,181,100
1547,9057,9857,5.7204584397087765e-21,0,,184,100
1548,9063,9863,3.74519106204111e-21,0,,183,100
1549,9067,9867,3.518323138138025e-21,0,,184,100
1550,9071,9871,7.46502289346576e-22,0,,183,100
1551,9075,9875,4.031930318282868e-21,0,,183,100
1552,9084,9884,8.332095536595053e-21,0,,183,100
1553,9087,9887,8.994264851040412e-18,0,,182,100
1554,9095,9895,3.454243376526419e-17,0,,182,100
1555,9099,9899,3.295720779828311e-17,0,,183,100
1556,9110,9910,7.37630975992572e-17,0,,179,100
1557,9113,9913,8.309747337417182e-18,0,,179,100
1558,9121,9921,1.8088368154456355e-17,0,,180,100
1559,9125,9925,4.5673466168747995e-16,0,,179,100
1560,9129,9929,1.1916954080897184e-15,0,,179,100
1561,9140,9940,1.720472354660067e-15,0,,182,100
1562,9143,9943,1.4647543597197615e-15,0,,183,100
1563,9158,9958,1.1730142674589416e-14,0,,182,100
1564,9162,9962,8.277920859261498e-15,0,,182,100
1565,9173,9973,1.6005285592054515e-16,0,,182,100
1566,9177,9977,3.6405866924275066e-16,0,,183,100
1567,9185,9985,3.905855291979403e-15,0,,183,100
1568,9190,9990,3.842454819222777e-14,0,,183,100
1569,9193,9993,5.433425358963882e-14,0,,183,100
1570,9197,9997,2.5853561374257175e-15,0,,183,100
1571,9204,10004,9.373551800015059e-17,0,,184,100
1572,9213,10013,3.1143381709201978e-12,0,,182,100
1573,9216,10016,2.082118280982928e-14,0,,182,100
1574,9226,10026,5.920924134560819e-16,0,,182,100
1575,9231,10031,8.357815596309275e-16,0,,182,100
1576,9239,10039,6.305206572767114e-18,0,,183,100
1577,9243,10043,8.617655849082582e-19,0,,184,100
1578,9248,10048,9.521357870059831e-19,0,,185,100
1579,9256,10056,9.604625947391362e-19,0,,185,100
1580,9259,10059,9.598110467922608e-19,0,,186,100
1581,9267,10067,7.95398837421874e-18,0,,185,100
1582,9271,10071,1.486535557174586e-17,0,,185,100
1583,9280,10080,2.7014181601261537e-17,0,,184,100
1584,9283,10083,6.241082385818311e-18,0,,185,100
1585,9291,10091,1.6203745732241588e-16,0,,187,100
1586,9295,10095,9.771214176653331e-17,0,,188,100
1587,9302,10102,1.6982243665435605e-16,0,,187,100
1588,9308,10108,5.300632347263858e-20,0,,187,100
1589,9311,10111,1.0878276429685802e-19,0,,187,100
1590,9320,10120,2.6249589495753224e-19,0,,188,100
1591,9324,10124,1.1395809200576342e-19,0,,188,100
1592,9332,10132,1.179665713666775e-19,0,,189,100
1593,9338,10138,5.0214859465043265e-18,0,,188,100
1594,9341,10141,1.0230889791404499e-20,0,,188,100
1595,9349,10149,3.277825863902981e-24,0,,189,100
1596,9353,10153,1.0042424625008606e-24,0,,189,100
1597,9363,10163,1.2339613518558822e-26,0,,189,100
1598,9367,10167,5.944323970926889e-26,0,,190,100
1599,9377,10177,9.059640692922317e-27,0,,190,100
1600,9383,10183,3.9330587793679494e-28,0,,191,100
1601,9386,10186,1.8993210294756295e-24,0,,190,100
1602,9392,10192,7.920743144897327e-25,0,,191,100
1603,9403,10203,1.3727514964635377e-23,0,,193,100
1604,9412,10212,9.027632820624189e-22,0,,191,100
1605,9416,10216,9.565025738475182e-23,0,,191,100
1606,9430,10230,2.3154674541261006e-19,0,,190,100
1607,9433,10233,3.204981524518943e-19,0,,190,100
1608,9444,10244,1.6667911220574843e-21,0,,190,100
1609,9454,10254,5.175297977130399e-21,0,,190,100
1610,9463,10263,1.2863605995431845e-17,0,,189,100
1611,9466,10266,3.7636015187937066e-17,0,,187,100
1612,9470,10270,3.2906595198222335e-17,0,,189,100
1613,9478,10278,7.11025323457692e-20,0,,189,100
1614,9486,10286,3.413277127621876e-16,0,,186,100
1615,9489,10289,5.895760929531494e-17,0,,186,100
1616,9496,10296,3.776156405415178e-19,0,,186,100
1617,9500,10300,3.931505005728646e-19,0,,187,100
1618,9507,10307,1.6398727085634643e-16,0,,187,100
1619,9516,10316,2.2122090113640571e-16,0,,185,100
1620,9520,10320,1.4609538226284683e-16,0,,185,100
1621,9529,10329,1.0035115255770733e-13,0,,184,100
1622,9539,10339,6.506602448162956e-15,0,,185,100
1623,9542,10342,2.7735114376053777e-15,0,,184,100
1624,9546,10346,2.284571995385775e-13,0,,184,100
1625,9551,10351,1.426027872757499e-13,0,,185,100
1626,9557,10357,1.8596186687881545e-15,0,,182,100
1627,9561,10361,1.9073360180101704e-16,0,,182,100
1628,9570,10370,5.886290570835727e-16,0,,181,100
1629,9578,10378,6.820961377050903e-17,0,,182,100
1630,9582,10382,2.445133118861464e-16,0,,184,100
1631,9586,10386,1.7465683321933153e-16,0,,184,100
1632,9589,10389,3.7037278106369184e-16,0,,184,100
1633,9599,10399,3.4076111237189e-16,0,,180,100
1634,9602,10402,6.027231242650601e-18,0,,179,100
1635,9610,10410,6.381767145118322e-22,0,,179,100
1636,9615,10415,2.2862497370656296e-18,0,,177,100
1637,9621,10421,3.0911833066888203e-19,0,,178,100
1638,9629,10429,6.96297360263783e-20,0,,179,100
1639,9632,10432,9.643026363540966e-20,0,,178,100
1640,9639,10439,2.6329543230253726e-17,0,,177,100
1641,9643,10443,4.7221799810373985e-14,0,,177,100
1642,9653,10453,2.23194792392542e-16,0,,175,100
1643,9657,10457,1.4237508674471283e-15,0,,174,100
1644,9662,10462,7.854822083538339e-17,0,,175,100
1645,9668,10468,1.7541255752343448e-16,0,,175,100
1646,9679,10479,9.65763770946899e-13,0,,175,100
1647,9688,10488,1.9101872933858534e-14,0,,174,100
1648,9691,10491,8.801485012749742e-13,0,,175,100
1649,9696,10496,3.138255000794375e-14,0,,175,100
1650,9700,10500,2.0018162910223676e-12,0,,176,100
1651,9708,10508,8.376894209535917e-13,0,,174,100
1652,9711,10511,2.4033182330546234e-13,0,,174,100
1653,9717,10517,3.0396326535383444e-14,0,,175,100
1654,9721,10521,2.9782523163060703e-15,0,,174,100
1655,9729,10529,4.12954410002762e-15,0,,173,100
1656,9737,10537,1.704466338645424e-13,0,,173,100
1657,9741,10541,2.4368970195154106e-15,0,,173,100
1658,9744,10544,4.319713605854432e-15,0,,174,100
1659,9758,10558,4.535062658192247e-13,0,,173,100
1660,9761,10561,9.874965491658113e-14,0,,171,100
1661,9767,10567,6.117620368725385e-13,0,,173,100
1662,9770,10570,1.8221025051036342e-10,0,,172,100
1663,9775,10575,1.3269534493433373e-11,0,,172,100
1664,9779,10579,3.3322886308192645e-11,0,,172,100
1665,9785,10585,5.476613902372906e-12,0,,172,100
1666,9788,10588,6.53453479432835e-13,0,,171,100
1667,9792,10592,3.7874315703952527e-16,0,,170,100
1668,9794,10594,2.5054854646332984e-16,0,,171,100
1669,9801,10601,6.097593537755803e-13,0,,171,100
1670,9806,10606,1.9656401909185626e-13,0,,170,100
1671,9811,10611,6.828357826468075e-13,0,,170,100
1672,9815,10615,6.576178312939631e-16,0,,171,100
1673,9823,10623,3.607720337711494e-13,0,,169,100
1674,9826,10626,2.3943856992323624e-15,0,,169,100
1675,9834,10634,8.25314512817911e-17,0,,168,100
1676,9838,10638,3.8660339997203743e-17,0,,169,100
1677,9847,10647,4.512864240704082e-16,0,,168,100
1678,9849,10649,3.3004933110745834e-16,0,,168,100
1679,9856,10656,3.1501271346375876e-17,0,,165,100
1680,9859,10659,9.44290647044595e-15,0,,165,100
1681,9864,10664,3.463556841155023e-15,0,,164,100
1682,9870,10670,5.305177751463009e-18,0,,163,100
1683,9874,10674,1.882898433683362e-17,0,,163,100
1684,9878,10678,2.368109606839861e-17,0,,163,100
1685,9889,10689,1.8793233920895934e-18,0,,164,100
1686,9893,10693,1.6614174066262195e-18,0,,165,100
1687,9904,10704,4.788214653667542e-16,0,,165,100
1688,9907,10707,3.772112568180786e-14,0,,164,100
1689,9911,10711,2.808409568975778e-13,0,,164,100
1690,9916,10716,2.042956504048799e-14,0,,164,100
1691,9920,10720,2.2089775328372704e-14,0,,165,100
1692,9926,10726,2.515353260306299e-14,0,,166,100
1693,9935,10735,1.0906083546108558e-17,0,,162,100
1694,9938,10738,1.6696989538264161e-19,0,,162,100
1695,9946,10746,1.8142548679334505e-16,0,,163,100
1696,9950,10750,1.9123081948024543e-17,0,,164,100
1697,9958,10758,4.346354721525025e-21,0,,165,100
1698,9964,10764,3.3054295416670413e-20,0,,165,100
1699,9968,10768,6.163251990550885e-20,0,,166,100
1700,9976,10776,2.7672868527857154e-20,0,,166,100
1701,9979,10779,1.214242792632777e-22,0,,166,100
1702,9987,10787,6.489177230053305e-22,0,,167,100
1703,9991,10791,5.39501192142914e-22,0,,168,100
1704,9996,10796,2.3918657025461656e-21,0,,169,100
1705,9999,10799,4.545534028712791e-22,0,,168,100
1706,10003,10803,8.807628279265335e-21,0,,169,100
1707,10010,10810,5.355372059009645e-22,0,,170,100
1708,10019,10819,5.206020651988068e-25,0,,170,100
1709,10033,10833,5.22883942934049e-28,0,,169,100
1710,10037,10837,4.701340917007148e-29,0,,171,100
1711,10043,10843,2.563582981083149e-27,0,,172,100
1712,10055,10855,1.2236067117805238e-23,0,,169,100
1713,10058,10858,2.797711249129815e-23,0,,169,100
1714,10066,10866,3.269024628059535e-23,0,,169,100
1715,10070,10870,1.174644204680445e-22,0,,170,100
1716,10082,10882,1.4830613103668997e-17,0,,167,100
1717,10090,10890,7.602805352059581e-20,0,,167,100
1718,10094,10894,9.889415793840627e-21,0,,168,100
1719,10108,10908,2.805212102098694e-18,0,,166,100
1720,10112,10912,2.8397170722609183e-18,0,,167,100
1721,10121,10921,2.5884218703814753e-23,0,,163,100
1722,10125,10925,1.5417803604753878e-20,0,,163,100
1723,10129,10929,1.3402495559206313e-23,0,,165,100
1724,10139,10939,1.304652869193292e-21,0,,163,100
1725,10144,10944,1.7327455792005601e-22,0,,164,100
1726,10149,10949,4.7399915987687573e-20,0,,164,100
1727,10152,10952,3.52945989271163e-23,0,,164,100
1728,10157,10957,2.5059888542913874e-20,0,,163,100
1729,10160,10960,6.892155826797614e-23,0,,163,100
1730,10164,10964,2.8029158472847906e-20,0,,162,100
1731,10167,10967,1.3350265217607332e-21,0,,162,100
1732,10176,10976,7.93405113659424e-20,0,,163,100
1733,10179,10979,3.099311380971975e-20,0,,162,100
1734,10183,10983,1.6704866669558564e-21,0,,162,100
1735,10191,10991,1.839942680865068e-21,0,,163,100
1736,10194,10994,9.664310671714846e-23,0,,161,100
1737,10198,10998,4.26663929734987e-18,0,,161,100
1738,10205,11005,2.133042888935565e-20,0,,161,100
1739,10213,11013,2.4956182218957955e-22,0,,160,100
1740,10223,11023,8.537005196175993e-29,0,,161,100
1741,10226,11026,2.670533360394182e-26,0,,160,100
1742,10230,11030,3.546285947912464e-26,0,,159,100
1743,10237,11037,1.381544625212458e-26,0,,162,100
1744,10251,11051,5.918053733685954e-27,0,,163,100
1745,10255,11055,5.110748321537111e-27,0,,162,100
1746,10267,11067,4.498712876421375e-23,0,,162,100
1747,10270,11070,2.7922871403211114e-23,0,,161,100
1748,10274,11074,5.1520831520903074e-23,0,,163,100
1749,10284,11084,7.089555017613878e-26,0,,164,100
1750,10288,11088,2.873906214048159e-23,0,,166,100
1751,10292,11092,1.2563318996106237e-26,0,,166,100
1752,10302,11102,1.520597137900938e-22,0,,166,100
1753,10305,11105,3.56420393178189e-24,0,,166,100
1754,10314,11114,9.05065483692316e-25,0,,166,100
1755,10318,11118,8.936026617031415e-25,0,,168,100
1756,10326,11126,1.954561788715433e-18,0,,166,100
1757,10336,11136,6.106725636327889e-19,0,,167,100
1758,10339,11139,8.132499340742148e-17,0,,167,100
1759,10343,11143,2.605307017958539e-17,0,,168,100
1760,10354,11154,2.1666376765844638e-20,0,,169,100
1761,10365,11165,5.125194184770573e-19,0,,169,100
1762,10368,11168,3.7958535578292166e-23,0,,168,100
1763,10379,11179,5.325264355385657e-25,0,,166,100
1764,10382,11182,2.453679226248227e-26,0,,167,100
1765,10391,11191,9.00183761782133e-26,0,,167,100
1766,10401,11201,2.8359333738173203e-25,0,,169,100
1767,10413,11213,9.533239895797387e-27,0,,169,100
1768,10416,11216,5.88255106024289e-26,0,,169,100
1769,10420,11220,4.819614030583103e-28,0,,168,100
1770,10426,11226,2.2783388009909047e-27,0,,170,100
1771,10438,11238,1.0645706030548225e-20,0,,169,100
1772,10443,11243,1.8868597733897486e-24,0,,169,100
1773,10448,11248,5.00493759752952e-21,0,,169,100
1774,10457,11257,2.31850159085137e-24,0,,169,100
1775,10462,11262,1.896895920401551e-22,0,,171,100
1776,10472,11272,9.818272261516126e-26,0,,169,100
1777,10476,11276,4.1223225394296893e-26,0,,171,100
1778,10482,11282,6.257721101213942e-23,0,,168,100
1779,10490,11290,2.2933489074333097e-25,0,,169,100
1780,10493,11293,8.830567392110282e-29,0,,168,100
1781,10498,11298,7.426968585210968e-24,0,,168,100
1782,10501,11301,2.151302066590606e-20,0,,168,100
1783,10509,11309,6.2125969815854245e-18,0,,168,100
1784,10512,11312,1.4759080182313098e-18,0,,169,100
1785,10523,11323,5.726550476084653e-19,0,,169,100
1786,10531,11331,4.161966257186757e-16,0,,169,100
1787,10535,11335,3.8296867300816673e-19,0,,169,100
1788,10539,11339,2.314792741220336e-19,0,,169,100
1789,10550,11350,1.406405094869385e-15,0,,170,100
1790,10553,11353,4.948095981163959e-16,0,,170,100
1791,10563,11363,3.0638337543765667e-16,0,,170,100
1792,10570,11370,1.0981058995112527e-11,0,,169,100
1793,10574,11374,2.113899195376224e-15,0,,169,100
1794,10579,11379,1.1870463884622435e-15,0,,169,100
1795,10582,11382,7.225536847811989e-15,0,,168,100
1796,10593,11393,2.2752652714775734e-14,0,,172,100
1797,10596,11396,2.324337579240564e-15,0,,171,100
1798,10600,11400,6.62095113668236e-14,0,,172,100
1799,10607,11407,6.627797452174225e-14,0,,172,100
1800,10615,11415,8.34790897598909e-16,0,,172,100
1801,10619,11419,1.239076191323057e-21,0,,172,100
1802,10622,11422,2.7292923166033347e-22,0,,173,100
1803,10631,11431,7.291320613086564e-23,0,,174,100
1804,10636,11436,4.5936521970798535e-21,0,,173,100
1805,10646,11446,1.8076440140767317e-26,0,,175,100
1806,10651,11451,1.7360645319485444e-25,0,,174,100
1807,10655,11455,1.2113966019347093e-27,0,,175,100
1808,10662,11462,2.3836015598666205e-27,0,,177,100
1809,10672,11472,9.029776678181551e-25,0,,176,100
1810,10675,11475,7.66109362718773e-26,0,,175,100
1811,10679,11479,3.9302713254939647e-25,0,,176,100
1812,10687,11487,2.0023642926396948e-25,0,,177,100
1813,10690,11490,2.132145038124967e-26,0,,176,100
1814,10694,11494,1.0856202278393814e-25,0,,178,100
1815,10706,11506,3.4931255638211364e-27,0,,178,100
1816,10709,11509,4.380049759607135e-29,0,,178,100
1817,10713,11513,2.281524945710349e-30,0,,177,100
1818,10719,11519,4.251192450493453e-31,0,,177,100
1819,10722,11522,1.4324464891539854e-29,0,,176,100
1820,10728,11528,6.079654805020334e-31,0,,177,100
1821,10732,11532,3.901235097241577e-31,0,,176,100
1822,10737,11537,1.9150241616239255e-29,0,,179,100
1823,10743,11543,6.41075016687276e-32,0,,179,100
1824,10747,11547,7.04086613417377e-27,0,,179,100
1825,10751,11551,1.1895946062156638e-26,0,,179,100
1826,10755,11555,2.470226234253211e-24,0,,179,100
1827,10764,11564,2.3882194527828237e-26,0,,180,100
1828,10767,11567,7.247638837782577e-21,0,,179,100
1829,10774,11574,2.898144038149308e-19,0,,178,100
1830,10785,11585,1.3208471796769461e-17,0,,177,100
1831,10795,11595,8.801954532207693e-17,0,,177,100
1832,10807,11607,1.448117609380622e-18,0,,177,100
1833,10811,11611,2.9409989398183727e-19,0,,177,100
1834,10817,11617,4.0536864950752244e-20,0,,178,100
1835,10825,11625,1.3377449997742569e-20,0,,178,100
1836,10841,11641,5.040510918098409e-19,0,,175,100
1837,10844,11644,9.362968053311537e-21,0,,175,100
1838,10849,11649,2.7523166006728655e-20,0,,175,100
1839,10853,11653,8.334459443840788e-22,0,,175,100
1840,10858,11658,2.8458052593106505e-22,0,,175,100
1841,10864,11664,2.875507818316791e-21,0,,175,100
1842,10870,11670,4.055617828553781e-21,0,,175,100
1843,10873,11673,9.86741250178122e-22,0,,175,100
1844,10883,11683,1.346713403364469e-23,0,,176,100
1845,10887,11687,1.1238766391592755e-23,0,,176,100
1846,10894,11694,3.0573231092396294e-22,0,,176,100
1847,10898,11698,2.938198466896878e-23,0,,176,100
1848,10907,11707,3.420767555597039e-22,0,,176,100
1849,10912,11712,1.8355816363150143e-27,0,,175,100
1850,10922,11722,1.018367302977703e-28,0,,175,100
1851,10926,11726,1.9531483887896664e-28,0,,177,100
1852,10936,11736,1.0793004965174597e-26,0,,180,100
1853,10944,11744,2.765042053990107e-27,0,,180,100
1854,10948,11748,9.455081065949149e-32,0,,179,100
1855,10952,11752,4.451166223326267e-32,0,,179,100
1856,10958,11758,9.072591826112147e-32,0,,181,100
1857,10965,11765,3.776756164808169e-24,0,,181,100
1858,10972,11772,1.6053318247989658e-26,0,,181,100
1859,10975,11775,1.1781346864755022e-25,0,,180,100
1860,10980,11780,1.9748947438229015e-26,0,,181,100
1861,10993,11793,3.19103789620526e-24,0,,181,100
1862,10996,11796,3.482971061054182e-25,0,,180,100
1863,11000,11800,2.1881688907750019e-23,0,,181,100
1864,11011,11811,1.3300434752198564e-23,0,,184,100
1865,11014,11814,3.648419384210457e-23,0,,182,100
1866,11018,11818,2.404307177637681e-21,0,,182,100
1867,11025,11825,3.544224032619672e-20,0,,183,100
1868,11033,11833,1.2935257582370553e-18,0,,183,100
1869,11036,11836,1.1359471151481123e-19,0,,182,100
1870,11039,11839,1.1550532950958904e-18,0,,182,100
1871,11043,11843,2.3958539979458584e-22,0,,182,100
1872,11054,11854,9.539698251311314e-22,0,,182,100
1873,11057,11857,4.238387503437795e-22,0,,183,100
1874,11065,11865,3.783671033157827e-22,0,,183,100
1875,11075,11875,6.999760790188189e-16,0,,180,100
1876,11083,11883,3.3091620216300927e-14,0,,179,100
1877,11086,11886,1.1133708851694399e-17,0,,177,100
1878,11090,11890,7.506912171503959e-20,0,,177,100
1879,11100,11900,3.2932890380416625e-17,0,,178,100
1880,11103,11903,1.1660830433867182e-16,0,,178,100
1881,11115,11915,4.6660981693503546e-20,0,,179,100
1882,11118,11918,2.937952951795094e-22,0,,177,100
1883,11123,11923,1.207885628497549e-22,0,,179,100
1884,11131,11931,2.2386695722608995e-19,0,,179,100
1885,11134,11934,3.220276614396265e-20,0,,179,100
1886,11138,11938,1.212778731008688e-19,0,,180,100
1887,11141,11941,6.121474266651447e-22,0,,179,100
1888,11145,11945,1.0508590075383656e-21,0,,179,100
1889,11152,11952,5.213704358554035e-22,0,,181,100
1890,11156,11956,1.239037708539291e-20,0,,181,100
1891,11165,11965,1.3946169206572275e-21,0,,182,100
1892,11171,11971,5.289584873811216e-23,0,,184,100
1893,11177,11977,1.6210190842387723e-24,0,,184,100
1894,11184,11984,2.6809540434637077e-24,0,,184,100
1895,11187,11987,1.4704011839622171e-24,0,,184,100
1896,11194,11994,2.2118304479934584e-23,0,,183,100
1897,11200,12000,1.7243942229843037e-25,0,,185,100
1898,11204,12004,2.319540855007899e-25,0,,185,100
1899,11207,12007,1.0155615936874895e-25,0,,186,100
1900,11218,12018,2.1755898942150575e-23,0,,186,100
1901,11221,12021,4.3566878206922504e-21,0,,185,100
1902,11225,12025,4.0958058459115494e-23,0,,187,100
1903,11234,12034,1.4971244110303317e-20,0,,188,100
1904,11240,12040,8.916145825498386e-20,0,,188,100
1905,11243,12043,1.1277647190450908e-20,0,,188,100
1906,11247,12047,5.537567949668169e-17,0,,188,100
1907,11252,12052,2.1786111443633277e-19,0,,188,100
1908,11256,12056,2.2932633087978436e-19,0,,189,100
1909,11265,12065,8.209931228919617e-20,0,,188,100
1910,11271,12071,1.6085575272377387e-19,0,,190,100
1911,11279,12079,1.9956426799521612e-23,0,,190,100
1912,11283,12083,2.1033383666372888e-23,0,,190,100
1913,11290,12090,6.220527230801743e-24,0,,189,100
1914,11294,12094,1.2401291104601631e-26,0,,189,100
1915,11296,12096,2.176288896376745e-21,0,,187,100
1916,11300,12100,5.99590148720978e-22,0,,187,100
1917,11303,12103,5.526020874768171e-22,0,,188,100
1918,11308,12108,2.0359313781417805e-22,0,,187,100
1919,11312,12112,2.0266593879158922e-19,0,,187,100
1920,11315,12115,7.591233192080497e-20,0,,188,100
1921,11323,12123,4.61249990829858e-20,0,,189,100
1922,11326,12126,6.226637564697445e-19,0,,189,100
1923,11331,12131,2.079924300513605e-21,0,,188,100
1924,11344,12144,7.492371429716353e-20,0,,187,100
1925,11348,12148,2.2018021845429896e-20,0,,189,100
1926,11358,12158,1.446126716163329e-23,0,,187,100
1927,11362,12162,1.6504544944531492e-23,0,,188,100
1928,11370,12170,5.415239517516696e-19,0,,188,100
1929,11374,12174,7.021458704404708e-19,0,,188,100
1930,11379,12179,6.399629889541246e-20,0,,188,100
1931,11388,12188,5.933375610091063e-19,0,,187,100
1932,11392,12192,5.267160748106595e-20,0,,187,100
1933,11402,12202,2.421258597628042e-18,0,,186,100
1934,11405,12205,1.8946396207720883e-17,0,,186,100
1935,11409,12209,2.383736953171307e-17,0,,187,100
1936,11414,12214,4.774476307718591e-19,0,,186,100
1937,11417,12217,1.500721968967642e-20,0,,185,100
1938,11424,12224,3.535287376707707e-22,0,,184,100
1939,11431,12231,1.1612657744471493e-26,0,,183,100
1940,11437,12237,4.618087552763904e-25,0,,184,100
1941,11441,12241,2.739360564383576e-25,0,,183,100
1942,11444,12244,4.446634280344582e-25,0,,186,100
1943,11455,12255,6.041313994755745e-25,0,,186,100
1944,11462,12262,1.500405538052701e-25,0,,187,100
1945,11467,12267,2.131326030248102e-23,0,,187,100
1946,11470,12270,2.038036515172301e-26,0,,186,100
1947,11476,12276,5.350974861983066e-27,0,,187,100
1948,11479,12279,1.1675347495516164e-26,0,,186,100
1949,11489,12289,5.709100582883457e-29,0,,187,100
1950,11492,12292,2.5132833164182935e-28,0,,186,100
1951,11501,12301,1.7218994389514365e-30,0,,185,100
1952,11505,12305,1.591100715083479e-33,0,,186,100
1953,11512,12312,3.356196202944455e-36,0,,187,100
1954,11519,12319,2.4611199720813543e-31,0,,187,100
1955,11523,12323,5.2000612931629595e-30,0,,187,100
1956,11531,12331,1.4891881099729027e-31,0,,187,100
1957,11536,12336,8.372555818993401e-29,0,,183,100
1958,11539,12339,4.3976838036845527e-26,0,,183,100
1959,11544,12344,7.605209541580858e-28,0,,183,100
1960,11547,12347,7.871931662568897e-32,0,,183,100
1961,11557,12357,4.142074461477955e-27,0,,182,100
1962,11560,12360,1.1436230339717884e-27,0,,181,100
1963,11563,12363,3.0071928789835705e-24,0,,181,100
1964,11568,12368,3.3758602136554535e-24,0,,183,100
1965,11574,12374,1.0888925643444766e-29,0,,182,100
1966,11578,12378,9.171928769414892e-29,0,,182,100
1967,11584,12384,1.7386206241637344e-28,0,,182,100
1968,11587,12387,2.975744163204128e-28,0,,182,100
1969,11596,12396,5.12930651000911e-21,0,,179,100
1970,11599,12399,3.657873738617963e-20,0,,179,100
1971,11611,12411,8.458925773508349e-21,0,,178,100
1972,11614,12414,4.472069849975852e-21,0,,178,100
1973,11620,12420,4.5159953306303564e-24,0,,178,100
1974,11628,12428,4.72311843475316e-22,0,,178,100
1975,11632,12432,1.220009029812338e-24,0,,178,100
1976,11638,12438,2.3460986401988436e-23,0,,179,100
1977,11641,12441,1.3351202886465804e-22,0,,179,100
1978,11647,12447,2.507930161280317e-25,0,,179,100
1979,11654,12454,4.293984209440563e-25,0,,180,100
1980,11657,12457,3.39759334363585e-24,0,,180,100
1981,11668,12468,4.0567810635176296e-23,0,,181,100
1982,11671,12471,1.2910327017702147e-22,0,,181,100
1983,11675,12475,1.8557401822912739e-22,0,,181,100
1984,11682,12482,6.789257652606771e-26,0,,182,100
1985,11685,12485,8.624477833737403e-26,0,,181,100
1986,11697,12497,4.7986110091398064e-26,0,,183,100
1987,11704,12504,2.4543034053203884e-28,0,,183,100
1988,11711,12511,2.9827490963703174e-28,0,,185,100
1989,11720,12520,5.768027430379399e-28,0,,185,100
1990,11723,12523,5.825986587657524e-25,0,,184,100
1991,11726,12526,4.696412064957008e-26,0,,184,100
1992,11734,12534,4.344283525000031e-25,0,,185,100
1993,11737,12537,8.338563487342628e-23,0,,184,100
1994,11741,12541,7.5478390635933e-23,0,,187,100
1995,11744,12544,4.7661298966213966e-23,0,,188,100
1996,11749,12549,3.469562725368533e-21,0,,187,100
1997,11755,12555,5.628088095594854e-22,0,,187,100
1998,11758,12558,3.195540433997756e-22,0,,186,100
1999,11763,12563,3.998936796403602e-19,0,,186,100
2000,11766,12566,9.419371250468725e-21,0,,186,100
2001,11775,12575,1.7010932939854217e-20,0,,187,100
2002,11784,12584,9.679973016636328e-24,0,,188,100
2003,11789,12589,5.155542509130285e-23,0,,188,100
2004,11793,12593,6.417478020615972e-25,0,,188,100
2005,11801,12601,1.5863469695295281e-22,0,,185,100
2006,11804,12604,2.9060299689097674e-18,0,,184,100
2007,11815,12615,3.561846150802481e-20,0,,186,100
2008,11821,12621,2.4513619582739597e-21,0,,186,100
2009,11824,12624,5.229591532614493e-22,0,,186,100
2010,11830,12630,1.0249996558956002e-19,0,,187,100
2011,11833,12633,5.915234435424224e-17,0,,186,100
2012,11837,12637,8.57122350463775e-18,0,,187,100
2013,11848,12648,1.3595635286539838e-18,0,,189,100
2014,11851,12651,1.7140830453607496e-17,0,,189,100
2015,11860,12660,4.567423869312748e-19,0,,190,100
2016,11863,12663,6.421545487988351e-18,0,,190,100
2017,11871,12671,1.1220389810926187e-16,0,,191,100
2018,11874,12674,4.156649429692289e-18,0,,190,100
2019,11878,12678,2.425471993751189e-18,0,,191,100
2020,11884,12684,1.4148102639525701e-18,0,,191,100
2021,11887,12687,1.0458960274358423e-20,0,,191,100
2022,11891,12691,9.458712075632524e-20,0,,190,100
2023,11897,12697,6.3589572733781525e-22,0,,191,100
2024,11902,12702,3.322179116529497e-22,0,,191,100
2025,11908,12708,6.631954613859084e-22,0,,191,100
2026,11911,12711,6.1262046021503715e-22,0,,191,100
2027,11920,12720,4.0822910383853063e-22,0,,191,100
2028,11924,12724,9.805646157328928e-25,0,,190,100
2029,11930,12730,8.805153547425269e-21,0,,191,100
2030,11938,12738,2.3969310019967664e-21,0,,189,100
2031,11944,12744,4.577477001501637e-19,0,,189,100
2032,11948,12748,9.876587042114352e-21,0,,190,100
2033,11951,12751,1.4907883527768768e-18,0,,189,100
2034,11957,12757,1.6785087053945397e-21,0,,189,100
2035,11961,12761,3.5793198599876126e-18,0,,188,100
2036,11968,12768,2.9638498415629894e-20,0,,188,100
2037,11971,12771,2.3998107974556806e-21,0,,190,100
2038,11979,12779,1.7457910980749523e-18,0,,191,100
2039,11982,12782,1.7826277726055198e-19,0,,190,100
2040,11989,12789,1.955142261475278e-15,0,,189,100
2041,11996,12796,3.2007666327702087e-16,0,,190,100
2042,11999,12799,9.746988268449576e-18,0,,190,100
2043,12003,12803,7.402542361753264e-18,0,,191,100
2044,12010,12810,9.966081007961522e-19,0,,190,100
2045,12013,12813,1.592123681962543e-17,0,,190,100
2046,12023,12823,5.115558251890501e-16,0,,189,100
2047,12026,12826,3.1073354050642016e-15,0,,187,100
2048,12032,12832,6.26012115866681e-14,0,,188,100
2049,12038,12838,6.424480134611318e-18,0,,187,100
2050,12041,12841,8.21649859078982e-18,0,,189,100
2051,12047,12847,5.813736931578618e-18,0,,188,100
2052,12052,12852,6.968171904423267e-16,0,,188,100
2053,12056,12856,3.075864166276559e-16,0,,189,100
2054,12066,12866,3.279105864247492e-16,0,,188,100
2055,12070,12870,4.32615824666978e-15,0,,188,100
2056,12073,12873,1.0610500180722679e-15,0,,189,100
2057,12085,12885,2.2847329825923184e-17,0,,191,100
2058,12088,12888,5.2938967436413495e-17,0,,191,100
2059,12103,12903,2.4062760306972562e-17,0,,192,100
2060,12108,12908,3.340698580611899e-18,0,,192,100
2061,12111,12911,4.318790181003719e-16,0,,191,100
2062,12116,12916,1.1935043962781877e-19,0,,190,100
2063,12120,12920,2.891470487145047e-21,0,,190,100
2064,12122,12922,1.1430151980477119e-21,0,,190,100
2065,12130,12930,4.292067296246515e-21,0,,190,100
2066,12140,12940,5.114287957539691e-22,0,,192,100
2067,12144,12944,4.1713026875832216e-19,0,,193,100
2068,12152,12952,1.0262478377934558e-18,0,,193,100
2069,12155,12955,1.859637381988119e-17,0,,193,100
2070,12159,12959,1.1294081972986557e-17,0,,193,100
2071,12168,12968,9.917201260623259e-19,0,,194,100
2072,12172,12972,2.107639016284778e-20,0,,194,100
2073,12185,12985,1.250016272558696e-21,0,,194,100
2074,12188,12988,4.557664668379158e-24,0,,194,100
2075,12192,12992,9.3811454461855e-25,0,,194,100
2076,12199,12999,2.114014190476064e-22,0,,195,100
2077,12205,13005,7.003581541866681e-23,0,,193,100
2078,12211,13011,1.093604680689987e-22,0,,193,100
2079,12214,13014,2.3251013646499215e-18,0,,193,100
2080,12224,13024,6.295437254876841e-23,0,,193,100
2081,12229,13029,8.859710308581478e-23,0,,192,100
2082,12234,13034,2.813019169724764e-21,0,,193,100
2083,12237,13037,2.3632903549883063e-16,0,,193,100
2084,12244,13044,3.6976627683838684e-21,0,,190,100
2085,12247,13047,2.4373409668658144e-21,0,,189,100
2086,12253,13053,2.5506663015183733e-20,0,,190,100
2087,12256,13056,3.093638510818152e-20,0,,190,100
2088,12265,13065,4.756386136407085e-22,0,,190,100
2089,12271,13071,3.0119791178845506e-22,0,,189,100
2090,12274,13074,3.6875335794248437e-22,0,,190,100
2091,12282,13082,5.821622601964749e-27,0,,190,100
2092,12285,13085,1.6040425693042956e-26,0,,189,100
2093,12289,13089,2.1352050710841683e-27,0,,189,100
2094,12296,13096,4.924072344511331e-22,0,,190,100
2095,12304,13104,1.0339764352215951e-19,0,,192,100
2096,12308,13108,9.280352885229655e-19,0,,192,100
2097,12311,13111,2.976826296974546e-17,0,,192,100
2098,12318,13118,1.5335221777402816e-15,0,,192,100
2099,12326,13126,2.2981974059660688e-17,0,,192,100
2100,12330,13130,1.2421739641133816e-20,0,,193,100
2101,12337,13137,1.90361132240102e-19,0,,193,100
2102,12340,13140,3.796195146694598e-21,0,,195,100
2103,12347,13147,3.8632091226629714e-23,0,,195,100
2104,12350,13150,4.6308067449333315e-18,0,,195,100
2105,12356,13156,3.031960494756153e-21,0,,195,100
2106,12362,13162,6.2822121373750934e-21,0,,196,100
2107,12368,13168,1.1762763980377299e-17,0,,196,100
2108,12375,13175,1.0575866163902261e-18,0,,196,100
2109,12383,13183,4.218234797384982e-20,0,,195,100
2110,12387,13187,4.2716472433170506e-21,0,,195,100
2111,12395,13195,1.9325224650380615e-18,0,,195,100
2112,12398,13198,6.399713704742219e-20,0,,195,100
2113,12402,13202,6.991053324292172e-19,0,,195,100
2114,12412,13212,2.8911113415718203e-21,0,,196,100
2115,12419,13219,3.425521427886219e-23,0,,196,100
2116,12422,13222,1.289301409983433e-19,0,,195,100
2117,12426,13226,1.475989133963025e-23,0,,196,100
2118,12435,13235,1.2113580081318953e-19,0,,195,100
2119,12446,13246,2.505540130736826e-23,0,,193,100
2120,12454,13254,6.821217571614622e-24,0,,193,100
2121,12457,13257,5.024650464264354e-24,0,,192,100
2122,12464,13264,9.265597739910242e-22,0,,193,100
2123,12467,13267,2.2692415506459968e-18,0,,193,100
2124,12471,13271,3.4564064678755477e-18,0,,193,100
2125,12476,13276,5.572142530506383e-17,0,,193,100
2126,12486,13286,1.9166756197499094e-20,0,,195,100
2127,12491,13291,5.820514116129107e-20,0,,195,100
2128,12495,13295,1.6697929124721943e-19,0,,194,100
2129,12501,13301,4.478338395157246e-22,0,,194,100
2130,12509,13309,3.7408298087972633e-19,0,,194,100
2131,12512,13312,4.198038670858445e-21,0,,193,100
2132,12520,13320,7.813531694264814e-19,0,,194,100
2133,12528,13328,7.149708366330464e-21,0,,190,100
2134,12536,13336,1.4270489580820987e-19,0,,191,100
2135,12540,13340,3.005543355880401e-17,0,,188,100
2136,12543,13343,6.163052733629147e-20,0,,188,100
2137,12549,13349,4.690715796201948e-21,0,,188,100
2138,12555,13355,9.60790302514314e-19,0,,191,100
2139,12561,13361,1.6137289898420207e-20,0,,191,100
2140,12566,13366,3.958140443994801e-19,0,,191,100
2141,12570,13370,2.306822107646897e-20,0,,193,100
2142,12578,13378,1.1965482985315085e-21,0,,193,100
2143,12588,13388,4.4549317217509246e-21,0,,193,100
2144,12591,13391,7.220693087440814e-21,0,,192,100
2145,12606,13406,2.026855306265309e-23,0,,194,100
2146,12612,13412,4.798782776292961e-26,0,,193,100
2147,12620,13420,1.9138740058829858e-24,0,,195,100
2148,12623,13423,2.396504556131558e-26,0,,195,100
2149,12630,13430,2.9092447599083992e-30,0,,193,100
2150,12634,13434,1.0781597895058209e-30,0,,192,100
2151,12644,13444,4.5858774801302795e-35,0,,190,100
2152,12649,13449,6.539010983725938e-35,0,,190,100
2153,12656,13456,4.7346382038546816e-32,0,,188,100
2154,12661,13461,6.30669630706796e-33,0,,191,100
2155,12667,13467,6.211906833559099e-33,0,,190,100
2156,12670,13470,4.242181354542243e-32,0,,190,100
2157,12678,13478,8.2351397176737e-34,0,,189,100
2158,12683,13483,7.538143661435274e-33,0,,190,100
2159,12687,13487,9.474358574283155e-33,0,,190,100
2160,12693,13493,3.286283759677491e-31,0,,190,100
2161,12697,13497,2.4758166590579295e-30,0,,190,100
2162,12702,13502,1.322534049520534e-29,0,,191,100
2163,12706,13506,5.86982599002913e-30,0,,192,100
2164,12713,13513,8.233502681690282e-30,0,,191,100
2165,12718,13518,1.1461710700278741e-27,0,,190,100
2166,12720,13520,4.188572489859592e-28,0,,190,100
2167,12727,13527,7.431124560605065e-24,0,,190,100
2168,12730,13530,5.281191714257604e-26,0,,190,100
2169,12738,13538,2.3392479157698955e-27,0,,191,100
2170,12741,13541,5.526241305266999e-26,0,,191,100
2171,12748,13548,7.408524379686816e-18,0,,188,100
2172,12753,13553,1.1637269890493369e-17,0,,188,100
2173,12757,13557,1.5035024556279757e-19,0,,188,100
2174,12762,13562,5.418564192216621e-18,0,,188,100
2175,12765,13565,7.353471955146531e-17,0,,188,100
2176,12776,13576,1.0236088029366115e-19,0,,186,100
2177,12779,13579,1.6853693101583646e-16,0,,185,100
2178,12784,13584,1.4210876840189748e-16,0,,186,100
2179,12790,13590,7.074166033363843e-18,0,,184,100
2180,12795,13595,1.7825205878181688e-14,0,,182,100
2181,12798,13598,2.3212172224806504e-16,0,,181,100
2182,12802,13602,2.1376423961731995e-16,0,,181,100
2183,12812,13612,2.5594624669629087e-15,0,,178,100
2184,12816,13616,2.8345849243692717e-15,0,,178,100
2185,12827,13627,1.791962938248478e-27,0,,175,100
2186,12830,13630,4.0168279731453788e-28,0,,174,100
2187,12841,13641,1.4412482261712785e-27,0,,172,100
2188,12844,13644,2.1989516305008488e-27,0,,171,100
2189,12850,13650,1.0509659328282933e-28,0,,170,100
2190,12854,13654,9.835211053517324e-29,0,,169,100
2191,12860,13660,6.064086187561646e-29,0,,168,100
2192,12863,13663,1.0257596780776363e-28,0,,167,100
2193,12874,13674,1.7143954813139524e-32,0,,162,100
2194,12877,13677,4.37189312049366e-29,0,,161,100
2195,12883,13683,5.973406493898469e-30,0,,160,100
2196,12890,13690,4.523416304559039e-30,0,,158,100
2197,12898,13698,8.695319765544252e-29,0,,157,100
2198,12902,13702,5.189178738812998e-29,0,,156,100
2199,12910,13710,2.0887788403065072e-27,0,,155,100
2200,12913,13713,3.6512844178872173e-32,0,,154,100
2201,12917,13717,3.6506267618734794e-32,0,,153,100
2202,12927,13727,8.056120816721575e-25,0,,151,100
2203,12931,13731,2.7920763705405107e-23,0,,150,100
2204,12935,13735,6.73754651284417e-27,0,,149,100
2205,12943,13743,4.603824543915168e-25,0,,146,100
2206,12946,13746,1.5262947641194313e-25,0,,146,100
2207,12953,13753,4.177695479596234e-24,0,,144,100
2208,12956,13756,4.3877687784851715e-21,0,,142,100
2209,12964,13764,4.972230141171609e-21,0,,141,100
2210,12967,13767,4.681965883602837e-22,0,,140,100
2211,12976,13776,3.7316276512401344e-23,0,,137,100
2212,12983,13783,4.567902856229915e-25,0,,136,100
2213,12988,13788,2.6413323704450342e-23,0,,135,100
2214,12992,13792,2.8328431152476207e-24,0,,134,100
2215,12995,13795,1.7826504751650967e-24,0,,134,100
2216,13006,13806,5.901817068920618e-28,0,,132,100
2217,13016,13816,2.347082251618174e-23,0,,131,100
2218,13020,13820,4.13589724603817e-23,0,,131,100
2219,13030,13830,1.430033998972126e-23,0,,129,100
2220,13035,13835,1.7418398663081722e-20,0,,128,100
2221,13046,13846,4.708332235318852e-22,0,,127,100
2222,13052,13852,5.952214141252477e-25,0,,124,100
2223,13056,13856,1.3905741634833212e-21,0,,123,100
2224,13060,13860,2.59550764105394e-21,0,,122,100
2225,13064,13864,1.0011109469760874e-20,0,,122,100
2226,13072,13872,1.1486182411629717e-21,0,,120,100
2227,13075,13875,1.3090445416398097e-22,0,,119,100
2228,13079,13879,5.357213944477707e-23,0,,119,100
2229,13086,13886,1.573353814018874e-22,0,,117,100
2230,13090,13890,5.66617598939661e-22,0,,116,100
2231,13099,13899,7.758217723152833e-24,0,,112,100
2232,13104,13904,1.7501967068247674e-22,0,,111,100
2233,13107,13907,1.345953726711238e-23,0,,110,100
2234,13111,13911,5.404076794343827e-26,0,,109,100
2235,13117,13917,1.4278362150933511e-27,0,,108,100
2236,13120,13920,1.4314866398603802e-24,0,,106,100
2237,13128,13928,1.9510553235983524e-27,0,,105,100
2238,13131,13931,1.1130892016530805e-28,0,,104,100
2239,13140,13940,2.24572666811743e-26,0,,101,100
2240,13146,13946,2.3321466689891056e-27,0,,100,100
