window_index,char_start,char_end,p_z,extracted,error,n_tokens_in_chunk,sequence_len_tokens
0,0,800,1.0771090688778406e-16,0,,165,100
1,5,805,2.047360867607611e-14,0,,164,100
2,15,815,7.339593764163344e-06,0,,164,100
3,18,818,4.243703653172842e-11,0,,163,100
4,22,822,1.0363895558024448e-09,0,,162,100
5,29,829,1.1963901006463707e-08,0,,161,100
6,32,832,8.093729945478374e-07,0,,161,100
7,36,836,0.00010692381852607837,0,,161,100
8,43,843,0.000611779549230589,0,,162,100
9,51,851,3.900028843525404e-06,0,,160,100
10,54,854,1.7630891876631656e-08,0,,160,100
11,60,860,1.339443912859783e-05,0,,160,100
12,63,863,5.596375352576833e-07,0,,160,100
13,68,868,4.878144196112516e-10,0,,161,100
14,70,870,2.857355855847484e-08,0,,160,100
15,75,875,2.681530012569837e-07,0,,160,100
16,83,883,2.1757038406160937e-08,0,,161,100
17,90,890,1.493749678016036e-39,0,,160,100
18,100,900,7.053284397538445e-37,0,,162,100
19,109,909,2.8936814676697063e-40,0,,162,100
20,116,916,2.282316707771826e-38,0,,163,100
21,125,925,1.1117253027751702e-40,0,,164,100
22,138,938,1.7113968688962888e-35,0,,160,100
23,146,946,1.0803399429683201e-39,0,,162,100
24,150,950,1.828868332332679e-44,0,,162,100
25,154,954,3.3575170327657335e-44,0,,162,100
26,161,961,3.811256497906322e-45,0,,164,100
27,170,970,4.977941121012172e-56,0,,164,100
28,178,978,1.0828533399475264e-64,0,,164,100
29,182,982,4.2331212498921966e-60,0,,165,100
30,190,990,1.7923051995185846e-59,0,,167,100
31,199,999,4.5639819372407147e-57,0,,166,100
32,203,1003,5.938011093304487e-52,0,,165,100
33,210,1010,9.18040937648961e-59,0,,167,100
34,214,1014,7.958082077641802e-58,0,,167,100
35,224,1024,5.889794838568267e-65,0,,167,100
36,227,1027,6.839894492299906e-15,0,,167,100
37,235,1035,7.341389719597846e-20,0,,170,100
38,238,1038,1.6824852878315877e-12,0,,171,100
39,248,1048,4.4898711372566915e-09,0,,169,100
40,252,1052,0.00010925785129357329,0,,169,100
41,256,1056,2.3691253444664025e-06,0,,169,100
42,267,1067,4.5575338818308004e-20,0,,168,100
43,270,1070,3.6690370755018916e-08,0,,167,100
44,277,1077,1.3499420242571067e-45,0,,167,100
45,281,1081,1.1806709173621026e-24,0,,167,100
46,291,1091,2.2427591569236193e-27,0,,169,100
47,296,1096,9.43252810340556e-34,0,,169,100
48,309,1109,0.04727200237489794,1,,169,100
49,313,1113,7.307550415162847e-05,0,,169,100
50,317,1117,2.971858826372138e-07,0,,169,100
51,324,1124,2.965762499081203e-12,0,,169,100
52,331,1131,2.8171061103642784e-19,0,,170,100
53,334,1134,1.1315538843902304e-12,0,,168,100
54,345,1145,8.850012396534576e-30,0,,166,100
55,353,1153,6.64072630747243e-22,0,,167,100
56,356,1156,1.219909350839369e-86,0,,165,100
57,364,1164,1.7344360562844455e-74,0,,164,100
58,367,1167,1.1229596640258414e-93,0,,162,100
59,371,1171,7.061267410228441e-89,0,,164,100
60,383,1183,1.2854231613244502e-102,0,,162,100
61,390,1190,4.049435979549687e-78,0,,162,100
62,397,1197,2.449063322453549e-93,0,,164,100
63,405,1205,1.0158886280443222e-90,0,,163,100
64,411,1211,1.150391642844796e-105,0,,163,100
65,414,1214,7.907293505686364e-85,0,,163,100
66,421,1221,1.133033396118765e-20,0,,162,100
67,424,1224,2.706450773306871e-23,0,,162,100
68,426,1226,1.0228745772017729e-19,0,,162,100
69,435,1235,5.780000359350334e-13,0,,162,100
70,438,1238,6.496096489968814e-14,0,,162,100
71,442,1242,1.0417332844904232e-12,0,,162,100
72,449,1249,8.365869769628923e-14,0,,162,100
73,457,1257,7.407247444550502e-13,0,,162,100
74,463,1263,9.01332919502262e-14,0,,161,100
75,469,1269,1.850370785674309e-14,0,,163,100
76,477,1277,2.3208768861216074e-13,0,,162,100
77,480,1280,1.7054007563933184e-15,0,,162,100
78,482,1282,1.9328964055270482e-23,0,,161,100
79,489,1289,8.207894138397684e-25,0,,161,100
80,493,1293,1.924517164562941e-31,0,,161,100
81,499,1299,3.0773611355069346e-16,0,,161,100
82,502,1302,6.123231110359657e-18,0,,161,100
83,520,1320,1.0064481509991136e-16,0,,162,100
84,528,1328,2.5285505458572812e-17,0,,162,100
85,531,1331,8.669030883779494e-23,0,,160,100
86,535,1335,6.923398390769409e-20,0,,158,100
87,541,1341,1.0744101530962518e-19,0,,157,100
88,544,1344,5.048070472924965e-18,0,,158,100
89,560,1360,2.979826998226715e-30,0,,160,100
90,566,1366,1.5780966279357532e-33,0,,161,100
91,569,1369,1.6272007141741398e-29,0,,162,100
92,578,1378,4.4287421336156756e-64,0,,161,100
93,581,1381,2.7044008810822267e-50,0,,161,100
94,589,1389,6.808711039276348e-62,0,,163,100
95,596,1396,1.2579065989259135e-58,0,,163,100
96,602,1402,4.18459239622658e-57,0,,163,100
97,609,1409,1.0778220967852941e-48,0,,162,100
98,614,1414,1.0334793948760071e-56,0,,162,100
99,617,1417,3.9156949947905485e-63,0,,162,100
100,621,1421,4.5218049870969586e-72,0,,162,100
101,628,1428,8.039770355403449e-70,0,,162,100
102,631,1431,6.978209860037417e-76,0,,161,100
103,635,1435,2.7774386163368162e-73,0,,161,100
104,643,1443,3.1742240884753863e-73,0,,161,100
105,651,1451,2.177037640746464e-88,0,,161,100
106,655,1455,4.444442425163355e-73,0,,161,100
107,659,1459,2.926835495045481e-166,0,,160,100
108,668,1468,8.526403824894637e-56,0,,160,100
109,671,1471,3.3255835716744007e-52,0,,160,100
110,676,1476,5.639514585467039e-50,0,,160,100
111,682,1482,1.7319699572407142e-54,0,,160,100
112,688,1488,1.9999775519474907e-36,0,,160,100
113,693,1493,6.17316927858118e-41,0,,160,100
114,697,1497,3.254682312762305e-28,0,,160,100
115,712,1512,5.148725114225183e-11,0,,162,100
116,722,1522,2.0646591835431082e-08,0,,162,100
117,726,1526,3.457971203225795e-09,0,,162,100
118,735,1535,3.12979074781664e-14,0,,161,100
119,738,1538,4.022664426219185e-16,0,,160,100
120,742,1542,1.5294107361964963e-21,0,,161,100
121,747,1547,1.2980215311626524e-18,0,,162,100
122,756,1556,4.340337384806876e-20,0,,163,100
123,763,1563,1.7721783603255274e-25,0,,163,100
124,766,1566,1.727356598413375e-23,0,,163,100
125,770,1570,3.3038876935610685e-25,0,,163,100
126,776,1576,2.9026792143152713e-20,0,,166,100
127,790,1590,3.5605441950329044e-24,0,,163,100
128,793,1593,2.762777216505762e-20,0,,162,100
129,800,1600,3.3189347770270123e-13,0,,163,100
130,806,1606,4.535195245990742e-18,0,,164,100
131,809,1609,2.554149025957658e-15,0,,163,100
132,811,1611,4.656952001989941e-13,0,,164,100
133,826,1626,7.825974597337362e-22,0,,162,100
134,830,1630,5.889913151711415e-25,0,,162,100
135,836,1636,1.0246792094943978e-26,0,,162,100
136,840,1640,8.551327259784923e-38,0,,162,100
137,845,1645,3.9740069907794126e-26,0,,163,100
138,854,1654,2.3219340405450314e-15,0,,163,100
139,857,1657,3.5296899886690507e-16,0,,162,100
140,861,1661,3.873866758429954e-15,0,,162,100
141,865,1665,6.136206913854237e-17,0,,162,100
142,868,1668,7.758343378656374e-33,0,,163,100
143,875,1675,1.1305505614697641e-08,0,,162,100
144,880,1680,7.984379646396092e-09,0,,162,100
145,887,1687,4.9213586915659616e-08,0,,161,100
146,891,1691,3.050714944120394e-10,0,,161,100
147,896,1696,1.0696482199648752e-07,0,,161,100
148,902,1702,8.134435733004836e-14,0,,161,100
149,908,1708,3.38087646439388e-43,0,,162,100
150,910,1710,2.066366911124865e-40,0,,162,100
151,918,1718,5.837830107877022e-39,0,,162,100
152,921,1721,8.340288715043486e-42,0,,161,100
153,925,1725,2.3313765947942147e-50,0,,160,100
154,932,1732,2.8623731714658695e-50,0,,160,100
155,940,1740,7.194564753723963e-25,0,,160,100
156,944,1744,1.439802709543994e-13,0,,159,100
157,948,1748,1.4956501381941115e-18,0,,160,100
158,954,1754,3.4088935991990657e-17,0,,159,100
159,959,1759,7.715927080457382e-11,0,,157,100
160,964,1764,1.9016460329864853e-13,0,,157,100
161,973,1773,3.097729623783825e-16,0,,158,100
162,976,1776,9.514655699776787e-15,0,,158,100
163,979,1779,1.3935951206805926e-15,0,,157,100
164,990,1790,9.459941784456503e-17,0,,157,100
165,993,1793,5.8459039736963e-25,0,,156,100
166,998,1798,9.689420531945089e-15,0,,155,100
167,1004,1804,4.152657206567471e-20,0,,155,100
168,1007,1807,3.8787033396345854e-19,0,,155,100
169,1013,1813,6.222180321826431e-15,0,,156,100
170,1016,1816,3.530904530586633e-15,0,,154,100
171,1022,1822,0.00026258842029513454,0,,155,100
172,1025,1825,0.00017015039818677453,0,,156,100
173,1034,1834,7.291366158942972e-15,0,,154,100
174,1050,1850,4.5171406786261226e-10,0,,154,100
175,1054,1854,1.0527620473520801e-09,0,,154,100
176,1061,1861,3.311715457424968e-09,0,,155,100
177,1067,1867,8.642275652596584e-10,0,,154,100
178,1073,1873,1.2165382295276282e-08,0,,154,100
179,1076,1876,3.3522518335334434e-09,0,,154,100
180,1088,1888,1.6056129967280571e-28,0,,152,100
181,1094,1894,5.664535337423244e-19,0,,152,100
182,1098,1898,6.137534962747467e-22,0,,152,100
183,1106,1906,2.227629826495894e-29,0,,152,100
184,1113,1913,1.6505782512752045e-23,0,,152,100
185,1119,1919,5.298046080924434e-15,0,,153,100
186,1123,1923,6.331580157792977e-23,0,,154,100
187,1126,1926,5.467362376976634e-19,0,,154,100
188,1135,1935,1.1280985472982077e-19,0,,156,100
189,1142,1942,1.3827433804568342e-14,0,,156,100
190,1147,1947,1.3874128877084556e-19,0,,156,100
191,1154,1954,1.1488305290052235e-39,0,,156,100
192,1164,1964,3.3363611460912766e-35,0,,156,100
193,1167,1967,1.3676164025766122e-33,0,,155,100
194,1173,1973,1.2083929731042337e-16,0,,157,100
195,1184,1984,8.254792535294088e-23,0,,157,100
196,1193,1993,4.796185999089595e-23,0,,156,100
197,1199,1999,3.744039018190934e-24,0,,157,100
198,1205,2005,5.221198072575005e-22,0,,157,100
199,1208,2008,4.671710706999181e-24,0,,157,100
200,1219,2019,2.2513714480882108e-32,0,,158,100
201,1222,2022,7.339519302082912e-23,0,,158,100
202,1229,2029,4.284108004628113e-29,0,,157,100
203,1232,2032,5.960911414403539e-23,0,,158,100
204,1236,2036,5.132164598921771e-25,0,,157,100
205,1242,2042,2.4322842429126212e-28,0,,157,100
206,1249,2049,2.008456937552153e-27,0,,158,100
207,1252,2052,5.209860038638464e-25,0,,158,100
208,1257,2057,7.621483175053571e-28,0,,159,100
209,1266,2066,3.4479474372724295e-32,0,,157,100
210,1276,2076,1.3724486800365082e-50,0,,160,100
211,1282,2082,1.6253083743512717e-47,0,,161,100
212,1288,2088,1.1872017630370123e-37,0,,160,100
213,1291,2091,2.805140479048503e-35,0,,159,100
214,1299,2099,8.101165327849686e-31,0,,160,100
215,1303,2103,3.125070033777745e-40,0,,160,100
216,1305,2105,1.492392351231058e-31,0,,160,100
217,1310,2110,1.998117746520798e-46,0,,158,100
218,1313,2113,2.7332038968694798e-33,0,,158,100
219,1320,2120,1.485286567219844e-42,0,,156,100
220,1324,2124,4.898683241599248e-37,0,,156,100
221,1334,2134,5.0840139385082775e-34,0,,159,100
222,1342,2142,1.0757574158469763e-38,0,,158,100
223,1346,2146,3.622144765148078e-37,0,,159,100
224,1353,2153,3.3269739478161452e-40,0,,157,100
225,1359,2159,1.475354440656204e-43,0,,157,100
226,1366,2166,1.7714025078038405e-38,0,,155,100
227,1369,2169,1.973150651711033e-40,0,,154,100
228,1373,2173,1.994762153425962e-34,0,,154,100
229,1379,2179,9.775013104182392e-38,0,,156,100
230,1388,2188,6.831496382076463e-39,0,,155,100
231,1392,2192,6.926053115034497e-43,0,,155,100
232,1399,2199,3.907290844203343e-59,0,,154,100
233,1411,2211,2.3810555008843265e-104,0,,156,100
234,1417,2217,2.2837078714449207e-101,0,,156,100
235,1420,2220,4.771287706061173e-93,0,,158,100
236,1425,2225,8.704216461946933e-60,0,,158,100
237,1432,2232,1.3479974541550334e-42,0,,159,100
238,1438,2238,1.090135851876613e-34,0,,159,100
239,1444,2244,1.397725378538236e-31,0,,158,100
240,1450,2250,1.9122857991028357e-33,0,,157,100
241,1454,2254,1.0048913948469635e-107,0,,157,100
242,1460,2260,7.472818247181938e-91,0,,158,100
243,1468,2268,1.097288550553883e-55,0,,158,100
244,1471,2271,1.9608105121540587e-60,0,,157,100
245,1475,2275,5.78370048172703e-57,0,,157,100
246,1484,2284,1.279178530475721e-52,0,,158,100
247,1487,2287,3.2259592180093726e-52,0,,157,100
248,1491,2291,8.661331394082139e-61,0,,156,100
249,1498,2298,3.925891947819498e-45,0,,158,100
250,1506,2306,2.5140486604592722e-55,0,,157,100
251,1510,2310,7.264509361349167e-50,0,,157,100
252,1517,2317,2.669483312792218e-51,0,,157,100
253,1523,2323,1.3805688750500444e-49,0,,158,100
254,1534,2334,2.0877127592198684e-40,0,,160,100
255,1539,2339,3.340522290433782e-42,0,,160,100
256,1542,2342,1.1175711496803846e-58,0,,162,100
257,1546,2346,1.687762598147463e-37,0,,163,100
258,1553,2353,2.665266423375826e-43,0,,164,100
259,1556,2356,2.733733541486844e-89,0,,164,100
260,1561,2361,2.357973760285191e-126,0,,164,100
261,1568,2368,8.539435693503083e-108,0,,163,100
262,1571,2371,4.97606289724927e-131,0,,163,100
263,1576,2376,2.863545064510618e-94,0,,162,100
264,1582,2382,4.8061007534750276e-85,0,,162,100
265,1585,2385,3.89609380098424e-86,0,,162,100
266,1589,2389,2.6232804716648758e-82,0,,161,100
267,1597,2397,2.073940055016171e-53,0,,161,100
268,1601,2401,6.959460701698391e-46,0,,160,100
269,1608,2408,4.302819153536206e-43,0,,161,100
270,1611,2411,7.890623050910247e-46,0,,162,100
271,1627,2427,1.9142016204262613e-83,0,,162,100
272,1633,2433,2.5369999235125533e-84,0,,162,100
273,1637,2437,2.378287131449924e-87,0,,164,100
274,1644,2444,2.4437619567340683e-77,0,,163,100
275,1648,2448,1.1600452540977478e-87,0,,163,100
276,1652,2452,4.304776716922448e-81,0,,163,100
277,1658,2458,2.685743916631324e-106,0,,166,100
278,1665,2465,2.1242704223465766e-94,0,,163,100
279,1675,2475,5.786048688497988e-49,0,,163,100
280,1679,2479,7.140613501663326e-56,0,,163,100
281,1684,2484,5.071199952032404e-111,0,,163,100
282,1690,2490,1.8945635873243755e-64,0,,164,100
283,1696,2496,3.638131462019532e-76,0,,164,100
284,1701,2501,6.499620041798508e-77,0,,163,100
285,1704,2504,2.228480434310355e-50,0,,163,100
286,1710,2510,3.387038607375077e-29,0,,163,100
287,1714,2514,7.383403342711299e-28,0,,164,100
288,1730,2530,2.0480909155364252e-44,0,,168,100
289,1734,2534,2.893812324566608e-30,0,,168,100
290,1740,2540,1.1593331713691969e-33,0,,166,100
291,1745,2545,1.694751736409032e-32,0,,166,100
292,1757,2557,1.5232716397496593e-31,0,,167,100
293,1763,2563,5.604889108265172e-20,0,,167,100
294,1766,2566,6.115256312551193e-20,0,,166,100
295,1772,2572,5.856993823476537e-29,0,,165,100
296,1776,2576,2.236575718986325e-26,0,,165,100
297,1782,2582,7.40399173551482e-27,0,,165,100
298,1785,2585,3.9226719612410103e-25,0,,165,100
299,1789,2589,4.1869673564283896e-24,0,,167,100
300,1799,2599,7.729616640553703e-16,0,,165,100
301,1805,2605,2.2117316106154803e-16,0,,166,100
302,1808,2608,1.7970536302941797e-15,0,,166,100
303,1817,2617,5.387809889640086e-18,0,,166,100
304,1820,2620,2.974198673999092e-25,0,,166,100
305,1826,2626,3.0132506991246162e-30,0,,165,100
306,1833,2633,1.8414364619728992e-26,0,,165,100
307,1847,2647,4.641177733473457e-72,0,,167,100
308,1854,2654,5.840010344865045e-135,0,,167,100
309,1860,2660,1.739866059754401e-129,0,,166,100
310,1867,2667,3.185364770530579e-135,0,,167,100
311,1871,2671,6.090425777123186e-141,0,,168,100
312,1882,2682,9.383845609185263e-163,0,,168,100
313,1894,2694,2.411067867480104e-133,0,,168,100
314,1899,2699,8.848485900141828e-137,0,,167,100
315,1911,2711,1.7927016330227064e-27,0,,168,100
316,1917,2717,2.226503462396893e-36,0,,167,100
317,1926,2726,3.7568081919165373e-19,0,,167,100
318,1931,2731,8.91211304615387e-26,0,,165,100
319,1935,2735,1.4940071508952715e-22,0,,166,100
320,1942,2742,3.667874613520782e-19,0,,166,100
321,1948,2748,1.1857656187879787e-14,0,,165,100
322,1961,2761,3.147240670590914e-68,0,,167,100
323,1968,2768,1.317103049107618e-33,0,,168,100
324,1977,2777,5.480749311971909e-22,0,,168,100
325,1982,2782,2.4945751638776086e-32,0,,167,100
326,1991,2791,2.005904287381963e-27,0,,168,100
327,1996,2796,4.44258554685378e-29,0,,167,100
328,2005,2805,9.498907281713645e-32,0,,168,100
329,2010,2810,1.7823306574250922e-51,0,,167,100
330,2016,2816,2.6451888976972914e-47,0,,168,100
331,2025,2825,6.53751592669058e-44,0,,169,100
332,2031,2831,1.3168752373103611e-43,0,,168,100
333,2037,2837,3.4415600784135077e-40,0,,170,100
334,2046,2846,1.9993436100369228e-61,0,,170,100
335,2052,2852,1.3309267537409798e-48,0,,169,100
336,2056,2856,7.598784147483752e-48,0,,169,100
337,2064,2864,7.402364747407991e-75,0,,170,100
338,2072,2872,1.2951145136699573e-81,0,,167,100
339,2077,2877,7.830186853946006e-86,0,,169,100
340,2087,2887,2.197033105113864e-52,0,,170,100
341,2094,2894,7.15507918601614e-73,0,,170,100
342,2097,2897,3.987902502415127e-52,0,,170,100
343,2101,2901,3.904320830806582e-96,0,,170,100
344,2116,2916,3.474914044678372e-57,0,,171,100
345,2121,2921,8.346009125132936e-49,0,,171,100
346,2125,2925,8.78429323787364e-63,0,,171,100
347,2132,2932,1.4338858481799555e-74,0,,170,100
348,2136,2936,5.4375319622430824e-73,0,,171,100
349,2146,2946,8.27405023630602e-80,0,,172,100
350,2156,2956,3.592759150096163e-85,0,,175,100
351,2164,2964,1.641815854005384e-98,0,,174,100
352,2170,2970,2.217063529916826e-109,0,,175,100
353,2176,2976,5.838941243336466e-113,0,,176,100
354,2182,2982,3.9644601732025e-126,0,,175,100
355,2185,2985,8.58644226379773e-119,0,,174,100
356,2194,2994,6.224113839631096e-127,0,,175,100
357,2197,2997,3.7036982275506925e-85,0,,174,100
358,2202,3002,4.293154507986091e-89,0,,174,100
359,2207,3007,1.0900828169173223e-96,0,,174,100
360,2219,3019,4.1564292382762276e-42,0,,173,100
361,2223,3023,1.5445693878807193e-47,0,,173,100
362,2229,3029,1.1502835959239545e-55,0,,171,100
363,2232,3032,1.0685085988995443e-47,0,,172,100
364,2248,3048,5.016714908362437e-56,0,,175,100
365,2254,3054,2.520309001165431e-55,0,,173,100
366,2260,3060,3.986510511677949e-47,0,,172,100
367,2266,3066,9.618557994604237e-61,0,,172,100
368,2274,3074,9.707232242820255e-70,0,,173,100
369,2278,3078,4.8583322083203334e-80,0,,172,100
370,2284,3084,1.0222155203216038e-83,0,,173,100
371,2294,3094,2.206619690638199e-28,0,,171,100
372,2298,3098,1.4198872975811083e-32,0,,171,100
373,2304,3104,6.290820291055619e-33,0,,171,100
374,2309,3109,4.103521396698445e-34,0,,171,100
375,2313,3113,1.5767954651445338e-47,0,,171,100
376,2318,3118,3.5255936885736725e-78,0,,171,100
377,2324,3124,7.04081384953347e-86,0,,171,100
378,2327,3127,1.643223852450517e-173,0,,171,100
379,2341,3141,7.659444732115076e-120,0,,168,100
380,2349,3149,1.422276737626068e-141,0,,166,100
381,2352,3152,3.926960809195878e-118,0,,164,100
382,2356,3156,1.2604355447654903e-116,0,,164,100
383,2363,3163,6.501466075944536e-114,0,,164,100
384,2366,3166,1.7676542786238806e-119,0,,164,100
385,2370,3170,1.5110600332862626e-109,0,,164,100
386,2377,3177,7.989530076270995e-112,0,,166,100
387,2384,3184,1.4986411402201823e-107,0,,167,100
388,2390,3190,9.147865072649215e-92,0,,167,100
389,2393,3193,2.7376807654131147e-84,0,,168,100
390,2402,3202,9.510570660407403e-88,0,,169,100
391,2405,3205,2.337270452523294e-106,0,,167,100
392,2409,3209,3.799899491330218e-118,0,,168,100
393,2418,3218,9.51262513386655e-78,0,,168,100
394,2423,3223,1.8902715292763495e-70,0,,169,100
395,2428,3228,4.495332783522838e-115,0,,168,100
396,2435,3235,1.0422840662274065e-92,0,,168,100
397,2442,3242,5.326705729271624e-94,0,,168,100
398,2445,3245,1.3653362681218844e-92,0,,168,100
399,2449,3249,2.411122001466037e-90,0,,170,100
400,2461,3261,1.8985553692898395e-68,0,,170,100
401,2470,3270,7.812844481370149e-57,0,,169,100
402,2474,3274,2.078781188664482e-44,0,,170,100
403,2478,3278,3.289656638169537e-43,0,,169,100
404,2485,3285,1.5186783118930507e-80,0,,169,100
405,2489,3289,3.725875827941074e-90,0,,168,100
406,2494,3294,5.844826918066361e-97,0,,168,100
407,2502,3302,3.9656482139970805e-104,0,,169,100
408,2508,3308,3.7592321621512787e-44,0,,169,100
409,2513,3313,1.774743989778171e-39,0,,169,100
410,2517,3317,3.530874985313437e-45,0,,169,100
411,2524,3324,2.5390872430405322e-48,0,,167,100
412,2536,3336,7.465999441468462e-38,0,,169,100
413,2542,3342,3.045880366214946e-34,0,,170,100
414,2547,3347,2.7095212572494203e-44,0,,170,100
415,2553,3353,1.2831900301751028e-56,0,,171,100
416,2556,3356,1.2547318479157646e-26,0,,171,100
417,2566,3366,3.288013698533259e-34,0,,172,100
418,2569,3369,3.355702729572085e-36,0,,172,100
419,2581,3381,1.824814157841932e-25,0,,172,100
420,2584,3384,1.875438901230822e-36,0,,172,100
421,2588,3388,2.2824944076747793e-36,0,,172,100
422,2594,3394,2.9569460692462323e-40,0,,172,100
423,2604,3404,1.0150530354203038e-60,0,,173,100
424,2609,3409,5.202913829571293e-62,0,,174,100
425,2615,3415,1.1124383650400578e-63,0,,175,100
426,2618,3418,4.0432600653478704e-81,0,,176,100
427,2626,3426,1.8030855579224806e-51,0,,175,100
428,2629,3429,2.965603972963629e-51,0,,175,100
429,2637,3437,1.0261025418365816e-59,0,,175,100
430,2640,3440,6.507923449994015e-57,0,,175,100
431,2644,3444,6.994987958913375e-56,0,,174,100
432,2647,3447,9.523104445825005e-54,0,,173,100
433,2652,3452,9.894286473142676e-51,0,,173,100
434,2658,3458,1.541274512105775e-51,0,,174,100
435,2667,3467,1.2805990359413449e-46,0,,172,100
436,2671,3471,2.8446486182117954e-47,0,,174,100
437,2677,3477,3.346167878439872e-56,0,,173,100
438,2680,3480,3.1943928368916204e-65,0,,173,100
439,2684,3484,1.1694042123078514e-67,0,,174,100
440,2693,3493,3.6561222245936676e-45,0,,174,100
441,2696,3496,7.351523537796834e-61,0,,174,100
442,2700,3500,1.1204633419517912e-220,0,,173,100
443,2706,3506,4.952681600868292e-64,0,,174,100
444,2712,3512,9.579242974690495e-81,0,,175,100
445,2718,3518,9.617278620207732e-49,0,,174,100
446,2721,3521,7.532821437563011e-61,0,,175,100
447,2729,3529,8.109199687275995e-46,0,,174,100
448,2732,3532,5.3974776572333186e-68,0,,174,100
449,2736,3536,7.089800283526654e-73,0,,172,100
450,2747,3547,8.168636414046477e-52,0,,176,100
451,2750,3550,2.6955525426264467e-48,0,,175,100
452,2754,3554,2.2697236770939332e-40,0,,175,100
453,2761,3561,8.602598296978056e-40,0,,176,100
454,2767,3567,2.564488226209347e-87,0,,176,100
455,2770,3570,9.662534636952912e-78,0,,175,100
456,2774,3574,1.659728543047899e-96,0,,174,100
457,2781,3581,1.7546523584512136e-86,0,,174,100
458,2787,3587,9.896434601102805e-63,0,,175,100
459,2790,3590,5.181260710245674e-77,0,,175,100
460,2794,3594,3.3680301564725956e-70,0,,174,100
461,2805,3605,4.660397899392626e-93,0,,174,100
462,2808,3608,4.610722410952231e-77,0,,174,100
463,2812,3612,1.4483897716948298e-72,0,,175,100
464,2819,3619,6.002975230954585e-62,0,,176,100
465,2825,3625,1.0016512088309727e-51,0,,175,100
466,2829,3629,3.4176293467795304e-55,0,,175,100
467,2832,3632,3.7049836158044953e-60,0,,175,100
468,2836,3636,1.9272999191170914e-60,0,,175,100
469,2842,3642,2.7536642547018568e-76,0,,176,100
470,2848,3648,2.3920139337447234e-80,0,,176,100
471,2851,3651,1.7596970361765137e-58,0,,176,100
472,2855,3655,8.12490151525276e-45,0,,173,100
473,2866,3666,1.0145517711490487e-42,0,,176,100
474,2869,3669,1.8701056890176573e-50,0,,176,100
475,2873,3673,2.66785154783571e-47,0,,176,100
476,2879,3679,2.6444938118331338e-39,0,,175,100
477,2885,3685,3.408221565818843e-64,0,,174,100
478,2888,3688,6.521976458538461e-61,0,,174,100
479,2893,3693,4.392612792368227e-61,0,,173,100
480,2897,3697,2.6728599497648387e-69,0,,174,100
481,2903,3703,6.348510714388767e-65,0,,174,100
482,2907,3707,1.1854007969072104e-67,0,,173,100
483,2910,3710,3.390239482436691e-73,0,,174,100
484,2917,3717,1.7733493480057126e-89,0,,173,100
485,2923,3723,7.456144826506315e-88,0,,173,100
486,2930,3730,3.835421466121184e-77,0,,175,100
487,2936,3736,8.127882959224096e-63,0,,175,100
488,2940,3740,3.1408039456251693e-53,0,,174,100
489,2943,3743,1.9220874836730913e-48,0,,174,100
490,2953,3753,9.05081136628338e-28,0,,175,100
491,2960,3760,2.4949509433086948e-45,0,,174,100
492,2963,3763,1.3668193866889165e-33,0,,174,100
493,2976,3776,1.4185990385638835e-103,0,,174,100
494,2979,3779,1.3402822218134976e-82,0,,174,100
495,2990,3790,2.1106540006860495e-90,0,,175,100
496,2997,3797,1.9766773996859645e-76,0,,177,100
497,3001,3801,6.901327984475957e-53,0,,177,100
498,3008,3808,1.5682213993872006e-50,0,,175,100
499,3011,3811,4.88798457562563e-58,0,,175,100
500,3015,3815,3.257948434575399e-63,0,,177,100
501,3027,3827,5.940505064867135e-82,0,,176,100
502,3030,3830,1.3866879578406743e-65,0,,176,100
503,3034,3834,3.572888891721335e-56,0,,176,100
504,3041,3841,8.883349837332736e-58,0,,176,100
505,3045,3845,1.5802136302062162e-39,0,,177,100
506,3055,3855,6.35692735424286e-39,0,,180,100
507,3063,3863,4.1468357985892257e-22,0,,180,100
508,3067,3867,3.374955877948537e-24,0,,180,100
509,3072,3872,3.348990139851945e-24,0,,181,100
510,3082,3882,4.5033559613007e-12,0,,180,100
511,3095,3895,2.050152603382097e-11,0,,181,100
512,3101,3901,1.2430117000257815e-09,0,,181,100
513,3105,3905,1.1124331284648675e-12,0,,181,100
514,3110,3910,3.1359738619702166e-13,0,,181,100
515,3118,3918,1.8558892668167374e-18,0,,182,100
516,3121,3921,1.141727073412634e-17,0,,182,100
517,3125,3925,6.568750089939718e-20,0,,183,100
518,3138,3938,1.8053635009401417e-18,0,,181,100
519,3144,3944,3.7400150696356036e-20,0,,183,100
520,3150,3950,8.68107954452646e-44,0,,183,100
521,3155,3955,3.692296428251052e-52,0,,183,100
522,3160,3960,1.040609493276932e-57,0,,183,100
523,3165,3965,3.1056569620025594e-60,0,,183,100
524,3177,3977,4.7809059953129996e-33,0,,180,100
525,3180,3980,1.2602862191259566e-25,0,,179,100
526,3187,3987,3.2512887584855866e-26,0,,179,100
527,3193,3993,2.1492670797314897e-26,0,,179,100
528,3196,3996,4.946540206806646e-32,0,,179,100
529,3198,3998,3.175488536962535e-33,0,,179,100
530,3206,4006,1.9566154651033904e-52,0,,179,100
531,3210,4010,2.1612886386628875e-44,0,,179,100
532,3216,4016,1.1361828046059037e-50,0,,179,100
533,3220,4020,2.816288252301832e-42,0,,179,100
534,3225,4025,2.323910558450782e-40,0,,180,100
535,3234,4034,2.867744217114125e-41,0,,179,100
536,3237,4037,2.3320514434958102e-39,0,,178,100
537,3241,4041,2.407467955665437e-44,0,,181,100
538,3245,4045,3.661309830602345e-49,0,,181,100
539,3248,4048,3.0179878414800583e-52,0,,181,100
540,3255,4055,1.3660117187313822e-54,0,,181,100
541,3262,4062,1.108559260345244e-61,0,,181,100
542,3266,4066,1.8653209652571194e-63,0,,181,100
543,3271,4071,3.951346897905861e-67,0,,183,100
544,3276,4076,4.74198466728735e-17,0,,181,100
545,3282,4082,5.09217876143006e-28,0,,181,100
546,3284,4084,1.6520531842826066e-28,0,,182,100
547,3292,4092,4.307917803556916e-26,0,,181,100
548,3295,4095,4.0349204721674628e-28,0,,181,100
549,3299,4099,3.636810631437889e-28,0,,180,100
550,3306,4106,7.256280225595132e-31,0,,181,100
551,3314,4114,1.4826147434423993e-46,0,,180,100
552,3318,4118,6.795614239546271e-52,0,,179,100
553,3322,4122,5.5496403960138716e-42,0,,179,100
554,3328,4128,2.7684339043365854e-56,0,,180,100
555,3333,4133,2.0600267277263514e-38,0,,179,100
556,3338,4138,1.1928454966841624e-57,0,,178,100
557,3347,4147,2.2095419071960206e-67,0,,177,100
558,3350,4150,1.6150462875908486e-40,0,,177,100
559,3353,4153,2.9362775663443604e-49,0,,177,100
560,3364,4164,1.5379881181950978e-68,0,,176,100
561,3367,4167,7.016554231359609e-80,0,,176,100
562,3372,4172,1.3427724929655805e-90,0,,176,100
563,3378,4178,1.9700211729618755e-86,0,,176,100
564,3382,4182,4.793042716916418e-81,0,,176,100
565,3388,4188,2.5468146130433898e-86,0,,177,100
566,3391,4191,5.934718990381732e-188,0,,177,100
567,3397,4197,5.7139380139152724e-189,0,,177,100
568,3400,4200,8.842710623569413e-199,0,,177,100
569,3409,4209,1.4894857448148627e-41,0,,174,100
570,3413,4213,3.961019954214543e-44,0,,174,100
571,3418,4218,8.65881390319903e-68,0,,174,100
572,3428,4228,2.2467000491840093e-57,0,,175,100
573,3431,4231,6.917972023682715e-63,0,,174,100
574,3435,4235,1.134340023981656e-89,0,,174,100
575,3442,4242,4.92720667838044e-121,0,,175,100
576,3449,4249,1.3851046252480066e-75,0,,174,100
577,3455,4255,2.49257633345176e-103,0,,174,100
578,3458,4258,5.383282261731199e-88,0,,174,100
579,3468,4268,1.378118745655031e-54,0,,175,100
580,3471,4271,2.6440906852271117e-62,0,,173,100
581,3475,4275,3.697752803478819e-66,0,,173,100
582,3483,4283,7.557284811068473e-47,0,,172,100
583,3487,4287,1.9533608995918315e-44,0,,172,100
584,3493,4293,3.7107378906578545e-52,0,,172,100
585,3498,4298,3.3543206992143794e-49,0,,172,100
586,3501,4301,2.6593146834410878e-45,0,,172,100
587,3507,4307,3.327518668837158e-51,0,,172,100
588,3514,4314,1.1308338335653752e-38,0,,173,100
589,3519,4319,8.385629888561087e-37,0,,174,100
590,3522,4322,1.2695495023882592e-35,0,,175,100
591,3530,4330,4.1182781578990785e-38,0,,174,100
592,3540,4340,1.9086166481029922e-52,0,,172,100
593,3544,4344,4.3793266482008084e-60,0,,172,100
594,3551,4351,2.8184071136570502e-71,0,,171,100
595,3557,4357,1.7568061977325018e-100,0,,172,100
596,3563,4363,2.133257646149087e-62,0,,173,100
597,3569,4369,1.2732450906014047e-72,0,,174,100
598,3575,4375,1.8133228392021657e-70,0,,178,100
599,3585,4385,2.720327579727045e-41,0,,178,100
600,3589,4389,2.899329166363452e-42,0,,177,100
601,3594,4394,6.077239055457141e-36,0,,177,100
602,3596,4396,7.350769432700294e-52,0,,176,100
603,3606,4406,6.001399419393304e-56,0,,178,100
604,3610,4410,3.7350758891135216e-51,0,,177,100
605,3619,4419,2.5618237313109106e-39,0,,175,100
606,3622,4422,1.6807482809560694e-30,0,,175,100
607,3626,4426,8.994825875141829e-23,0,,175,100
608,3634,4434,2.5524246770614265e-16,0,,174,100
609,3637,4437,7.954665863499231e-18,0,,173,100
610,3641,4441,7.395439705508017e-29,0,,173,100
611,3646,4446,2.278473855504222e-30,0,,174,100
612,3657,4457,1.7656513612146395e-28,0,,172,100
613,3660,4460,6.081196326412233e-37,0,,171,100
614,3665,4465,2.6113358106428177e-55,0,,172,100
615,3668,4468,1.1502386907882122e-59,0,,171,100
616,3674,4474,1.2127619578478355e-48,0,,171,100
617,3683,4483,2.2321283446462285e-54,0,,172,100
618,3687,4487,1.6166539565373894e-41,0,,171,100
619,3694,4494,3.4281073206771353e-37,0,,172,100
620,3697,4497,1.0046598177973454e-29,0,,172,100
621,3707,4507,1.3770227984045732e-42,0,,171,100
622,3710,4510,7.676236916540896e-18,0,,171,100
623,3714,4514,9.075858665741932e-85,0,,171,100
624,3721,4521,1.1592982371211613e-37,0,,172,100
625,3730,4530,2.352967926473072e-77,0,,170,100
626,3734,4534,9.94622536459174e-75,0,,169,100
627,3741,4541,7.245123524372306e-63,0,,170,100
628,3747,4547,1.0436943688815061e-60,0,,170,100
629,3752,4552,1.0680158133737134e-55,0,,170,100
630,3756,4556,3.307443802877744e-59,0,,170,100
631,3761,4561,1.3723028999040483e-51,0,,170,100
632,3767,4567,2.50474127506329e-55,0,,171,100
633,3770,4570,1.4024790596461532e-46,0,,170,100
634,3774,4574,1.2789533493223481e-23,0,,170,100
635,3778,4578,8.571131953893131e-20,0,,170,100
636,3792,4592,5.435199458448576e-50,0,,167,100
637,3797,4597,3.279344263002862e-63,0,,168,100
638,3805,4605,1.3399192694119603e-56,0,,168,100
639,3809,4609,2.3386313269060294e-33,0,,169,100
640,3814,4614,5.536135541157815e-27,0,,168,100
641,3823,4623,2.8919025380246236e-37,0,,168,100
642,3828,4628,1.2294530109719485e-59,0,,169,100
643,3834,4634,2.232384389046318e-57,0,,169,100
644,3837,4637,2.4006182381383175e-55,0,,170,100
645,3840,4640,1.497217038264053e-36,0,,170,100
646,3845,4645,1.5015236115675881e-37,0,,169,100
647,3848,4648,2.6384581858492384e-36,0,,168,100
648,3861,4661,5.888442930592454e-26,0,,166,100
649,3866,4666,6.634142443476428e-19,0,,166,100
650,3870,4670,6.692323733898621e-16,0,,166,100
651,3880,4680,5.457595250138406e-23,0,,167,100
652,3883,4683,7.304057373743588e-22,0,,166,100
653,3887,4687,8.193866070040903e-24,0,,166,100
654,3894,4694,8.760793974462874e-27,0,,167,100
655,3901,4701,3.904849788028614e-33,0,,168,100
656,3904,4704,6.005977696156992e-31,0,,168,100
657,3911,4711,7.986460581488186e-37,0,,166,100
658,3915,4715,1.7605803519092078e-56,0,,166,100
659,3921,4721,1.5113444364557097e-45,0,,167,100
660,3929,4729,4.0439971824124525e-39,0,,168,100
661,3935,4735,6.047358400741493e-40,0,,167,100
662,3944,4744,1.9281672020968767e-113,0,,166,100
663,3948,4748,3.0834819898635653e-84,0,,168,100
664,3951,4751,7.235103154409903e-83,0,,166,100
665,3958,4758,3.8819668072347065e-68,0,,166,100
666,3964,4764,1.492911899294196e-74,0,,166,100
667,3967,4767,4.2966402177847387e-72,0,,167,100
668,3977,4777,3.0366890345668862e-89,0,,167,100
669,3985,4785,8.152655515826424e-82,0,,167,100
670,3989,4789,1.351681641539825e-24,0,,167,100
671,4001,4801,4.81812994796293e-29,0,,168,100
672,4004,4804,2.163132273871695e-36,0,,169,100
673,4008,4808,6.782444310824429e-38,0,,171,100
674,4015,4815,3.18678049611936e-29,0,,173,100
675,4018,4818,4.596136265046689e-32,0,,172,100
676,4022,4822,1.2840768702620863e-29,0,,172,100
677,4030,4830,1.7131293456968926e-33,0,,172,100
678,4040,4840,6.704354692540147e-11,0,,170,100
679,4049,4849,4.5602110260079634e-10,0,,170,100
680,4052,4852,2.0070566124169964e-46,0,,170,100
681,4058,4858,1.3810452956045023e-12,0,,169,100
682,4061,4861,7.461742271942542e-39,0,,170,100
683,4073,4873,8.662766089496709e-69,0,,169,100
684,4079,4879,7.2459172199310465e-65,0,,169,100
685,4083,4883,2.8754709768748253e-77,0,,169,100
686,4090,4890,7.297487652323807e-85,0,,167,100
687,4098,4898,1.0190497968735062e-79,0,,168,100
688,4103,4903,4.637414812672843e-52,0,,169,100
689,4106,4906,7.201347920194228e-33,0,,168,100
690,4114,4914,1.8676181342571402e-35,0,,170,100
691,4119,4919,5.10746219522627e-164,0,,169,100
692,4127,4927,5.353206378668592e-57,0,,169,100
693,4131,4931,2.741119715433023e-47,0,,170,100
694,4148,4948,1.408625319980665e-51,0,,169,100
695,4151,4951,6.375037996673134e-36,0,,169,100
696,4156,4956,6.39846367686824e-29,0,,169,100
697,4160,4960,8.534848892589862e-32,0,,171,100
698,4166,4966,1.719937499129102e-41,0,,170,100
699,4170,4970,1.3085818202962065e-47,0,,170,100
700,4177,4977,1.5102115076989821e-49,0,,171,100
701,4180,4980,4.942778259988563e-42,0,,172,100
702,4187,4987,1.358044352439533e-84,0,,170,100
703,4193,4993,1.4857372109846422e-94,0,,169,100
704,4196,4996,2.5081987766965747e-86,0,,169,100
705,4203,5003,1.9140319841984062e-100,0,,170,100
706,4209,5009,1.9262229042233194e-100,0,,170,100
707,4213,5013,1.5483902107638578e-139,0,,170,100
708,4220,5020,4.196348288054959e-162,0,,171,100
709,4228,5028,5.2533238794825194e-33,0,,172,100
710,4232,5032,1.1630917230134429e-29,0,,172,100
711,4236,5036,7.760172741334803e-45,0,,172,100
712,4242,5042,1.142632053139167e-47,0,,173,100
713,4252,5052,5.073175592989838e-29,0,,172,100
714,4258,5058,2.956999194782411e-36,0,,173,100
715,4271,5071,6.713150578363764e-24,0,,173,100
716,4274,5074,1.7715680552677482e-33,0,,173,100
717,4281,5081,2.286431288698448e-46,0,,173,100
718,4285,5085,1.0431379844607725e-60,0,,173,100
719,4293,5093,2.76626368408551e-49,0,,174,100
720,4296,5096,6.154732951818898e-26,0,,173,100
721,4308,5108,1.7605706221058956e-07,0,,173,100
722,4315,5115,1.4078789261123086e-17,0,,174,100
723,4324,5124,5.589719385917914e-10,0,,174,100
724,4328,5128,2.6651464619834025e-08,0,,174,100
725,4340,5140,5.773148612474074e-21,0,,173,100
726,4350,5150,1.0316547357599263e-15,0,,174,100
727,4353,5153,1.9520728607500407e-16,0,,174,100
728,4360,5160,3.6004983267079088e-09,0,,174,100
729,4368,5168,5.174671832412431e-13,0,,172,100
730,4371,5171,3.9435787479046475e-32,0,,170,100
731,4375,5175,6.961778499026825e-22,0,,170,100
732,4382,5182,6.258026608929114e-28,0,,168,100
733,4389,5189,1.0427955257788665e-34,0,,169,100
734,4393,5193,1.284449842181056e-40,0,,169,100
735,4400,5200,3.97818120031873e-35,0,,169,100
736,4403,5203,2.7877774775278786e-29,0,,168,100
737,4411,5211,9.969233295677339e-30,0,,168,100
738,4421,5221,4.9378453885372675e-49,0,,169,100
739,4425,5225,4.762863619789641e-53,0,,170,100
740,4434,5234,1.221592917268429e-57,0,,169,100
741,4438,5238,2.3264027151204337e-62,0,,170,100
742,4455,5255,3.474013281428636e-118,0,,171,100
743,4461,5261,6.925428471709405e-80,0,,170,100
744,4464,5264,1.9019430065864335e-83,0,,172,100
745,4475,5275,8.921011674564823e-51,0,,172,100
746,4478,5278,2.336032609524076e-69,0,,172,100
747,4483,5283,1.0440615500222223e-47,0,,171,100
748,4489,5289,7.185883909071701e-49,0,,172,100
749,4492,5292,1.8198972402636736e-30,0,,172,100
750,4496,5296,1.1343362917785394e-50,0,,173,100
751,4508,5308,8.877835066751435e-36,0,,176,100
752,4517,5317,1.5947697988367612e-28,0,,177,100
753,4521,5321,4.7119634846437966e-77,0,,177,100
754,4525,5325,4.220825196440659e-68,0,,177,100
755,4534,5334,1.5073936839513487e-49,0,,177,100
756,4538,5338,1.4427561114826698e-31,0,,177,100
757,4541,5341,2.4532221754907165e-30,0,,177,100
758,4545,5345,3.150362788873935e-29,0,,177,100
759,4550,5350,6.649504311526294e-28,0,,176,100
760,4553,5353,7.828057847118338e-30,0,,176,100
761,4557,5357,1.4727971659362419e-27,0,,176,100
762,4562,5362,1.8550870354852506e-33,0,,175,100
763,4565,5365,5.987529494683017e-43,0,,175,100
764,4571,5371,2.5583093194810535e-66,0,,175,100
765,4576,5376,3.7551873630337315e-72,0,,176,100
766,4589,5389,6.97850350115479e-88,0,,176,100
767,4596,5396,9.629264600715211e-68,0,,177,100
768,4599,5399,5.701581840066803e-78,0,,176,100
769,4602,5402,8.060681575325806e-91,0,,176,100
770,4606,5406,3.2935498592224494e-91,0,,175,100
771,4613,5413,1.052465682358089e-75,0,,177,100
772,4616,5416,9.440556003753844e-100,0,,176,100
773,4624,5424,5.003037611075793e-99,0,,177,100
774,4635,5435,1.2465744631316258e-44,0,,174,100
775,4639,5439,2.13262474771155e-107,0,,175,100
776,4648,5448,1.1280445610710785e-118,0,,175,100
777,4654,5454,4.3681872588867745e-74,0,,175,100
778,4663,5463,8.38920396408466e-70,0,,175,100
779,4666,5466,1.9885375017836108e-85,0,,175,100
780,4672,5472,2.0068537641592948e-63,0,,177,100
781,4677,5477,3.3335714290243517e-47,0,,177,100
782,4680,5480,7.152506375034526e-51,0,,177,100
783,4686,5486,2.4371731478155013e-46,0,,178,100
784,4692,5492,5.4752688210810924e-45,0,,178,100
785,4696,5496,2.6288073031133165e-66,0,,179,100
786,4701,5501,2.928884225852104e-59,0,,179,100
787,4709,5509,6.690947545750975e-141,0,,179,100
788,4715,5515,1.0339874792532446e-116,0,,180,100
789,4718,5518,2.9779109257468022e-136,0,,179,100
790,4721,5521,1.1738890286333553e-155,0,,178,100
791,4725,5525,1.8796061361720912e-165,0,,178,100
792,4731,5531,1.453029703911838e-153,0,,179,100
793,4738,5538,5.531847985968803e-113,0,,179,100
794,4741,5541,5.71483792149685e-110,0,,178,100
795,4751,5551,3.069131966105114e-103,0,,179,100
796,4758,5558,3.733559144752653e-135,0,,180,100
797,4763,5563,9.415248232538958e-114,0,,179,100
798,4769,5569,1.1586043901990542e-134,0,,180,100
799,4772,5572,3.9348027404665473e-118,0,,180,100
800,4776,5576,2.727142568755027e-125,0,,179,100
801,4784,5584,1.5120626765078976e-109,0,,180,100
802,4786,5586,6.870324373242529e-115,0,,179,100
803,4796,5596,7.638764385385566e-122,0,,181,100
804,4802,5602,2.2314752211745292e-132,0,,177,100
805,4810,5610,7.962213963777858e-64,0,,178,100
806,4813,5613,1.855311648116148e-36,0,,176,100
807,4818,5618,2.4494947845980084e-47,0,,175,100
808,4824,5624,8.223195606879255e-48,0,,178,100
809,4830,5630,9.74499619335221e-58,0,,177,100
810,4833,5633,7.28401354708933e-42,0,,176,100
811,4837,5637,5.764023460865871e-54,0,,177,100
812,4843,5643,7.234939129243114e-60,0,,177,100
813,4846,5646,2.4527648047496145e-61,0,,177,100
814,4850,5650,1.4283056384931126e-58,0,,178,100
815,4861,5661,1.3677707196853883e-39,0,,176,100
816,4869,5669,5.2505567764920884e-39,0,,177,100
817,4873,5673,5.169560574057428e-64,0,,178,100
818,4888,5688,1.5953675159591092e-31,0,,179,100
819,4891,5691,4.3651069520839454e-30,0,,178,100
820,4895,5695,1.5875543239894597e-31,0,,178,100
821,4899,5699,8.098953260228484e-52,0,,178,100
822,4908,5708,7.393356887582364e-45,0,,179,100
823,4912,5712,2.4527207068496507e-75,0,,179,100
824,4914,5714,4.260754096346595e-75,0,,179,100
825,4923,5723,9.529265805519408e-40,0,,179,100
826,4926,5726,3.2114310810855136e-29,0,,179,100
827,4931,5731,7.603966523301442e-31,0,,179,100
828,4937,5737,4.210725637563354e-29,0,,180,100
829,4948,5748,7.111948101555056e-30,0,,181,100
830,4950,5750,4.805211542629381e-45,0,,181,100
831,4957,5757,6.922579565205874e-35,0,,181,100
832,4960,5760,1.165255844145939e-25,0,,180,100
833,4963,5763,3.275942786959487e-24,0,,180,100
834,4973,5773,1.7134241224952997e-41,0,,179,100
835,4977,5777,3.39331076983002e-51,0,,179,100
836,4979,5779,1.4745681735414398e-49,0,,180,100
837,4987,5787,2.9982254277782884e-39,0,,179,100
838,4994,5794,2.3156920045126762e-52,0,,180,100
839,4998,5798,2.2673344750507242e-48,0,,179,100
840,5006,5806,9.9039538751875e-47,0,,179,100
841,5011,5811,3.1236130165508945e-34,0,,179,100
842,5015,5815,2.7772306465576992e-33,0,,178,100
843,5018,5818,8.166568294250487e-45,0,,180,100
844,5023,5823,1.4302968500082408e-43,0,,181,100
845,5027,5827,1.7416820514795726e-51,0,,180,100
846,5031,5831,1.0914173752085011e-33,0,,182,100
847,5034,5834,7.594617441314122e-32,0,,182,100
848,5045,5845,1.1614159883946728e-29,0,,182,100
849,5048,5848,6.872310912103333e-38,0,,183,100
850,5055,5855,9.239559291576543e-40,0,,181,100
851,5059,5859,2.5080604453713586e-46,0,,182,100
852,5070,5870,2.9210103154690277e-65,0,,181,100
853,5073,5873,2.4294962291007286e-67,0,,182,100
854,5080,5880,1.2654222316091239e-113,0,,181,100
855,5089,5889,7.958377533243077e-74,0,,181,100
856,5092,5892,1.8492148844759847e-85,0,,179,100
857,5097,5897,1.952009687580535e-81,0,,179,100
858,5105,5905,2.721834176116612e-60,0,,177,100
859,5109,5909,4.55294386203458e-59,0,,176,100
860,5115,5915,4.0807087598422145e-62,0,,178,100
861,5120,5920,1.4991403406498968e-47,0,,179,100
862,5130,5930,6.7785033363341345e-68,0,,177,100
863,5133,5933,1.0201272560487855e-72,0,,177,100
864,5138,5938,1.449911850982394e-64,0,,178,100
865,5144,5944,1.1420725390626548e-67,0,,179,100
866,5148,5948,1.0124442228112165e-46,0,,178,100
867,5158,5958,7.107657268177442e-63,0,,177,100
868,5163,5963,2.2655135419832204e-57,0,,177,100
869,5169,5969,4.565763589279779e-55,0,,177,100
870,5173,5973,7.743578042613441e-77,0,,178,100
871,5183,5983,1.6908480004784455e-50,0,,177,100
872,5187,5987,3.0293933372933424e-53,0,,177,100
873,5193,5993,2.925031999804376e-54,0,,178,100
874,5196,5996,1.8563014588748473e-70,0,,177,100
875,5200,6000,1.8492156689033303e-81,0,,177,100
876,5213,6013,4.583543654338991e-59,0,,180,100
877,5220,6020,2.171072397950249e-30,0,,179,100
878,5224,6024,3.1547911480823746e-47,0,,179,100
879,5232,6032,8.041338355690954e-61,0,,180,100
880,5236,6036,2.961220913819476e-60,0,,182,100
881,5247,6047,2.2599518341117954e-35,0,,182,100
882,5258,6058,3.321020040329701e-38,0,,183,100
883,5263,6063,5.819865931367591e-30,0,,182,100
884,5268,6068,1.740578564294049e-38,0,,182,100
885,5272,6072,7.654369044923843e-29,0,,182,100
886,5284,6084,7.272247929884246e-26,0,,182,100
887,5287,6087,5.569955673792236e-28,0,,181,100
888,5291,6091,9.437377641103324e-49,0,,182,100
889,5299,6099,1.1592284937581033e-66,0,,179,100
890,5305,6105,4.6369924558713885e-62,0,,179,100
891,5307,6107,2.0195031642942466e-64,0,,178,100
892,5316,6116,2.6368291008847073e-37,0,,175,100
893,5321,6121,1.1113368123129968e-32,0,,175,100
894,5327,6127,8.318674406685477e-35,0,,175,100
895,5333,6133,1.48823597729446e-35,0,,176,100
896,5338,6138,9.335621611719207e-25,0,,175,100
897,5340,6140,6.84882649993841e-29,0,,175,100
898,5348,6148,3.876228355644879e-31,0,,174,100
899,5351,6151,1.6517273048131262e-31,0,,173,100
900,5355,6155,1.8746346406045088e-37,0,,174,100
901,5368,6168,1.3407244400113006e-57,0,,175,100
902,5372,6172,7.18878991118674e-55,0,,175,100
903,5377,6177,3.568372099387981e-49,0,,175,100
904,5382,6182,2.34693155901603e-56,0,,175,100
905,5385,6185,6.06325989888043e-56,0,,174,100
906,5390,6190,4.806123946897942e-61,0,,174,100
907,5398,6198,1.5817297008217612e-66,0,,175,100
908,5402,6202,1.365230763468269e-55,0,,175,100
909,5408,6208,3.834700840892199e-52,0,,175,100
910,5418,6218,1.870133363855001e-50,0,,175,100
911,5423,6223,2.117627943979696e-40,0,,175,100
912,5429,6229,1.7336993356206846e-50,0,,175,100
913,5432,6232,1.264178709179155e-43,0,,175,100
914,5436,6236,5.198310285762823e-47,0,,175,100
915,5439,6239,5.3451116206733905e-45,0,,174,100
916,5445,6245,7.087564013141547e-48,0,,176,100
917,5454,6254,5.211967935961056e-218,0,,176,100
918,5462,6262,7.4499463863353545e-202,0,,176,100
919,5471,6271,1.4123611795656862e-193,0,,173,100
920,5475,6275,4.34549659034692e-265,0,,173,100
921,5479,6279,1.883299377768406e-161,0,,173,100
922,5484,6284,1.5694555487084845e-196,0,,173,100
923,5488,6288,3.1621583012742525e-164,0,,172,100
924,5493,6293,3.8057395113778624e-140,0,,171,100
925,5496,6296,9.895072285672605e-193,0,,173,100
926,5500,6300,1.2203716934639996e-201,0,,173,100
927,5508,6308,6.438557598804202e-177,0,,173,100
928,5511,6311,1.6786193919764333e-104,0,,173,100
929,5518,6318,1.2400083202003714e-34,0,,172,100
930,5524,6324,1.0224623640101446e-36,0,,172,100
931,5527,6327,6.618250658783891e-33,0,,171,100
932,5531,6331,4.047959377842036e-41,0,,172,100
933,5540,6340,1.0679723353729409e-41,0,,172,100
934,5547,6347,6.973445248432513e-49,0,,172,100
935,5550,6350,3.385837923908802e-50,0,,171,100
936,5554,6354,4.2118997132967004e-51,0,,173,100
937,5561,6361,6.311705920652896e-54,0,,172,100
938,5564,6364,3.3068859447917295e-48,0,,172,100
939,5568,6368,3.2849154441457453e-47,0,,173,100
940,5574,6374,1.2538821509195334e-41,0,,172,100
941,5577,6377,1.5733064246178318e-33,0,,172,100
942,5583,6383,6.421585592768082e-34,0,,171,100
943,5592,6392,7.086234511664045e-40,0,,171,100
944,5595,6395,3.066777825178562e-39,0,,171,100
945,5603,6403,2.2680306430607504e-28,0,,172,100
946,5606,6406,2.0685598273119895e-39,0,,171,100
947,5610,6410,1.8758622885630328e-59,0,,170,100
948,5620,6420,4.256222585459188e-60,0,,168,100
949,5628,6428,2.370394181139703e-53,0,,168,100
950,5635,6435,7.364170086397198e-33,0,,168,100
951,5642,6442,2.0737891664199173e-29,0,,168,100
952,5646,6446,7.1596677365070355e-31,0,,167,100
953,5654,6454,1.1262612713240037e-31,0,,169,100
954,5657,6457,2.451248151717951e-31,0,,168,100
955,5667,6467,4.122496969853879e-27,0,,168,100
956,5674,6474,1.0253592290847432e-30,0,,168,100
957,5682,6482,4.039435706515969e-36,0,,169,100
958,5686,6486,4.835122976414783e-35,0,,169,100
959,5694,6494,2.8357708065897486e-46,0,,170,100
960,5697,6497,1.5857042950692369e-49,0,,170,100
961,5701,6501,2.7740220680441055e-32,0,,170,100
962,5708,6508,3.881713071585428e-40,0,,169,100
963,5716,6516,5.5689959687577255e-34,0,,169,100
964,5720,6520,2.1147118245030915e-41,0,,168,100
965,5725,6525,3.1822562604311935e-35,0,,169,100
966,5730,6530,1.1235480712560592e-31,0,,169,100
967,5736,6536,1.5237535431004983e-29,0,,170,100
968,5742,6542,1.4966833721970893e-28,0,,168,100
969,5746,6546,3.0957963668362516e-30,0,,168,100
970,5749,6549,2.1110080076990515e-29,0,,169,100
971,5753,6553,2.6816100044565456e-32,0,,169,100
972,5759,6559,1.5112633496616612e-38,0,,169,100
973,5765,6565,1.1139950336722811e-36,0,,169,100
974,5770,6570,2.693639473270089e-30,0,,168,100
975,5775,6575,2.596152339798092e-34,0,,169,100
976,5778,6578,5.39443675251686e-31,0,,168,100
977,5784,6584,2.3837998213459352e-45,0,,168,100
978,5788,6588,9.200507867193162e-37,0,,168,100
979,5792,6592,3.8590427515140174e-37,0,,169,100
980,5799,6599,1.2963231865842555e-42,0,,168,100
981,5805,6605,3.150615770014498e-26,0,,167,100
982,5808,6608,5.310623386177491e-38,0,,169,100
983,5818,6618,2.754691244277655e-22,0,,167,100
984,5826,6626,2.3684311878662683e-33,0,,166,100
985,5829,6629,1.569522570187306e-46,0,,164,100
986,5833,6633,1.7945742504681277e-38,0,,165,100
987,5842,6642,5.942862510183647e-77,0,,164,100
988,5846,6646,3.4708646653374635e-63,0,,165,100
989,5862,6662,5.528321001793457e-119,0,,166,100
990,5868,6668,5.602072517142189e-39,0,,166,100
991,5876,6676,3.2666561325398887e-69,0,,168,100
992,5878,6678,3.354534428340788e-57,0,,169,100
993,5891,6691,7.409900339377433e-46,0,,173,100
994,5895,6695,3.0480672866864504e-31,0,,172,100
995,5901,6701,3.324517620482083e-33,0,,173,100
996,5911,6711,1.9377023320313276e-53,0,,172,100
997,5914,6714,5.410445191333944e-37,0,,172,100
998,5917,6717,3.5835362706059677e-41,0,,173,100
999,5929,6729,6.950795824755595e-46,0,,171,100
1000,5932,6732,5.2909767563243925e-61,0,,170,100
1001,5937,6737,5.3483141273160784e-27,0,,170,100
1002,5941,6741,3.043883460953392e-32,0,,170,100
1003,5946,6746,2.4374834798012774e-39,0,,170,100
1004,5950,6750,2.521951794766735e-37,0,,170,100
1005,5953,6753,8.810718731396708e-42,0,,170,100
1006,5957,6757,1.4792959746964195e-82,0,,171,100
1007,5966,6766,9.554324425646054e-39,0,,169,100
1008,5969,6769,1.0154326071328566e-80,0,,168,100
1009,5973,6773,1.9361390753129918e-51,0,,168,100
1010,5980,6780,7.311202542726217e-103,0,,168,100
1011,5988,6788,3.434011383422251e-96,0,,168,100
1012,5993,6793,5.143714030725116e-28,0,,168,100
1013,5999,6799,2.2665625132601356e-41,0,,168,100
1014,6002,6802,2.8530313820501516e-91,0,,167,100
1015,6006,6806,2.0951823110461105e-90,0,,167,100
1016,6013,6813,1.4213746024624628e-107,0,,166,100
1017,6020,6820,3.14830006915974e-117,0,,166,100
1018,6029,6829,4.194085300894262e-94,0,,166,100
1019,6036,6836,5.547599979010901e-123,0,,164,100
1020,6040,6840,7.173225937714916e-90,0,,167,100
1021,6047,6847,2.294914414308495e-47,0,,166,100
1022,6050,6850,1.4898970344872661e-55,0,,166,100
1023,6054,6854,1.9822185288388473e-55,0,,166,100
1024,6061,6861,8.968064204946372e-60,0,,164,100
1025,6064,6864,4.669677687965783e-57,0,,165,100
1026,6075,6875,7.832054907443394e-51,0,,165,100
1027,6080,6880,6.626088925164121e-46,0,,166,100
1028,6087,6887,2.1035027701323355e-44,0,,166,100
1029,6094,6894,2.9764463911105086e-44,0,,166,100
1030,6100,6900,1.420884785420668e-43,0,,166,100
1031,6111,6911,8.380140900859956e-46,0,,166,100
1032,6114,6914,1.8298880069068604e-44,0,,165,100
1033,6118,6918,3.1173809389959423e-43,0,,165,100
1034,6126,6926,3.1547489140413774e-56,0,,167,100
1035,6129,6929,5.361500319621254e-61,0,,167,100
1036,6135,6935,4.101398140353037e-62,0,,167,100
1037,6146,6946,4.575968163041473e-68,0,,169,100
1038,6154,6954,3.0265552972013387e-48,0,,169,100
1039,6158,6958,4.123561547435271e-43,0,,169,100
1040,6161,6961,8.63870034909069e-50,0,,168,100
1041,6167,6967,7.3916310493389e-62,0,,168,100
1042,6170,6970,5.965829563234918e-38,0,,168,100
1043,6174,6974,6.442997991114423e-43,0,,168,100
1044,6184,6984,8.028883748482407e-59,0,,168,100
1045,6189,6989,1.7036507335721075e-36,0,,168,100
1046,6193,6993,4.551456824583532e-30,0,,167,100
1047,6199,6999,2.728616505467977e-41,0,,166,100
1048,6203,7003,5.038950579166335e-47,0,,167,100
1049,6207,7007,7.159550023225835e-41,0,,167,100
1050,6211,7011,1.893597996770268e-39,0,,167,100
1051,6218,7018,2.951709372850027e-42,0,,167,100
1052,6221,7021,6.394231768628953e-42,0,,168,100
1053,6228,7028,1.8052574332319907e-176,0,,167,100
1054,6231,7031,3.462552825907845e-181,0,,167,100
1055,6238,7038,9.517965419821742e-192,0,,169,100
1056,6245,7045,3.229399577132878e-222,0,,169,100
1057,6250,7050,3.991752012482217e-239,0,,169,100
1058,6256,7056,1.7363773077497197e-45,0,,169,100
1059,6260,7060,1.2010787771117139e-59,0,,168,100
1060,6263,7063,4.1478491322834745e-63,0,,169,100
1061,6274,7074,9.46834519054443e-270,0,,171,100
1062,6277,7077,0.0,0,,170,100
1063,6281,7081,0.0,0,,170,100
1064,6287,7087,5.912449448384375e-272,0,,170,100
1065,6295,7095,9.266308547204759e-62,0,,168,100
1066,6298,7098,3.188617550828619e-89,0,,167,100
1067,6306,7106,3.2130010059673424e-97,0,,169,100
1068,6309,7109,4.0530063938246254e-80,0,,169,100
1069,6324,7124,9.866197499168465e-76,0,,170,100
1070,6331,7131,3.389002595431611e-90,0,,168,100
1071,6338,7138,3.0251468487569784e-61,0,,170,100
1072,6342,7142,8.020218151649886e-67,0,,170,100
1073,6347,7147,7.149911236117243e-69,0,,169,100
1074,6351,7151,6.336196232208177e-81,0,,169,100
1075,6357,7157,5.596239665477875e-50,0,,169,100
1076,6360,7160,9.394616321420524e-48,0,,168,100
1077,6364,7164,5.614384040855562e-45,0,,168,100
1078,6373,7173,2.3020015355421e-73,0,,168,100
1079,6376,7176,3.7415588088080097e-72,0,,168,100
1080,6386,7186,2.198071410901134e-78,0,,170,100
1081,6389,7189,1.0539089351015422e-107,0,,170,100
1082,6393,7193,1.5072149385648177e-104,0,,169,100
1083,6399,7199,4.545490086689064e-132,0,,169,100
1084,6406,7206,9.653684408427012e-135,0,,169,100
1085,6412,7212,2.998633029763273e-135,0,,169,100
1086,6416,7216,3.962978548697618e-127,0,,169,100
1087,6426,7226,9.614923867612556e-124,0,,171,100
1088,6429,7229,8.547135506965332e-119,0,,171,100
1089,6433,7233,4.174800162099533e-138,0,,170,100
1090,6440,7240,7.198672882420508e-74,0,,171,100
1091,6448,7248,3.4301859698637035e-145,0,,170,100
1092,6454,7254,1.5181476491669397e-157,0,,170,100
1093,6460,7260,1.5782053653419561e-88,0,,171,100
1094,6465,7265,1.9803389964403536e-58,0,,170,100
1095,6470,7270,9.428204421310529e-68,0,,170,100
1096,6479,7279,6.52853968116912e-114,0,,170,100
1097,6482,7282,3.6017506200820453e-112,0,,169,100
1098,6486,7286,2.1691786997356825e-120,0,,170,100
1099,6497,7297,1.9669848701511785e-32,0,,169,100
1100,6505,7305,1.7190330759822908e-48,0,,168,100
1101,6511,7311,2.4232896099284565e-40,0,,170,100
1102,6516,7316,2.721659049231255e-35,0,,170,100
1103,6521,7321,1.3854169728616624e-25,0,,170,100
1104,6531,7331,1.4326386181943715e-33,0,,170,100
1105,6538,7338,1.611591756054584e-45,0,,169,100
1106,6543,7343,2.4806295346628358e-48,0,,170,100
1107,6549,7349,2.674640019087014e-47,0,,168,100
1108,6553,7353,2.864018536488438e-31,0,,168,100
1109,6556,7356,1.5664047697016124e-34,0,,169,100
1110,6563,7363,1.3821485833862984e-34,0,,170,100
1111,6571,7371,3.137049531603222e-47,0,,170,100
1112,6575,7375,1.2295170317111041e-46,0,,171,100
1113,6582,7382,3.300602295874127e-72,0,,172,100
1114,6588,7388,6.626544560532256e-57,0,,172,100
1115,6592,7392,5.490505359876985e-27,0,,171,100
1116,6599,7399,2.807051746786336e-200,0,,173,100
1117,6607,7407,7.406625085351878e-178,0,,171,100
1118,6613,7413,3.528129508414415e-165,0,,172,100
1119,6616,7416,7.201786141975588e-119,0,,171,100
1120,6618,7418,5.88520765239232e-94,0,,170,100
1121,6625,7425,4.387389173007122e-103,0,,171,100
1122,6628,7428,2.0508462451734254e-111,0,,171,100
1123,6635,7435,1.964257514887878e-99,0,,171,100
1124,6641,7441,1.9304037480888647e-99,0,,171,100
1125,6648,7448,1.1122232827129983e-38,0,,171,100
1126,6652,7452,3.599005362426372e-46,0,,172,100
1127,6664,7464,2.7890322402704366e-20,0,,173,100
1128,6667,7467,2.1006272836459597e-26,0,,173,100
1129,6676,7476,1.8479697610239943e-27,0,,170,100
1130,6684,7484,3.364897582245775e-17,0,,170,100
1131,6687,7487,8.82686212549722e-22,0,,169,100
1132,6691,7491,1.1653419146156118e-19,0,,170,100
1133,6697,7497,1.230037088925142e-25,0,,169,100
1134,6701,7501,2.1249205842734546e-26,0,,169,100
1135,6709,7509,1.2343765015094052e-22,0,,170,100
1136,6717,7517,5.208953461573087e-26,0,,170,100
1137,6723,7523,1.3328089506453023e-20,0,,172,100
1138,6733,7533,1.2864756939207741e-26,0,,171,100
1139,6736,7536,2.8977361124078458e-21,0,,171,100
1140,6740,7540,2.660662621668936e-20,0,,171,100
1141,6746,7546,3.2579965114620943e-41,0,,171,100
1142,6749,7549,1.8380055864186196e-38,0,,171,100
1143,6766,7566,5.88728908348188e-39,0,,173,100
1144,6770,7570,1.9097739557291575e-81,0,,173,100
1145,6774,7574,7.04851133212712e-104,0,,174,100
1146,6781,7581,7.745646825936486e-104,0,,175,100
1147,6785,7585,1.478805762181327e-99,0,,175,100
1148,6793,7593,8.098645792401287e-96,0,,176,100
1149,6796,7596,9.338315967532334e-93,0,,176,100
1150,6803,7603,7.653976072036557e-35,0,,175,100
1151,6808,7608,4.619070444946929e-101,0,,177,100
1152,6819,7619,3.613014899394319e-24,0,,177,100
1153,6822,7622,2.7573271080523445e-20,0,,176,100
1154,6825,7625,3.5283489395983615e-23,0,,175,100
1155,6831,7631,3.48083794261799e-21,0,,176,100
1156,6839,7639,8.195736652033405e-32,0,,173,100
1157,6845,7645,2.0826449686355553e-31,0,,173,100
1158,6850,7650,1.6787928003373564e-54,0,,173,100
1159,6856,7656,3.598496123261379e-52,0,,173,100
1160,6862,7662,8.195711373911169e-34,0,,174,100
1161,6867,7667,4.334344914419376e-38,0,,173,100
1162,6874,7674,4.009081541915959e-43,0,,174,100
1163,6878,7678,2.633405664120799e-30,0,,173,100
1164,6884,7684,1.850003227145771e-30,0,,174,100
1165,6887,7687,7.911067264773728e-29,0,,174,100
1166,6903,7703,4.6373932227991204e-27,0,,175,100
1167,6907,7707,9.83332509765547e-75,0,,175,100
1168,6911,7711,4.10729715830647e-146,0,,175,100
1169,6919,7719,4.133244025794526e-59,0,,175,100
1170,6926,7726,4.80459607189249e-25,0,,173,100
1171,6933,7733,4.2373873645134544e-29,0,,174,100
1172,6936,7736,2.7753323042113043e-34,0,,175,100
1173,6943,7743,6.0877607634868215e-31,0,,173,100
1174,6945,7745,4.4489576199030353e-33,0,,173,100
1175,6950,7750,3.4362320051301636e-48,0,,171,100
1176,6953,7753,4.5073859206579125e-40,0,,172,100
1177,6963,7763,2.0574709953017893e-59,0,,173,100
1178,6966,7766,2.4884005872748354e-43,0,,173,100
1179,6970,7770,1.0497945143346516e-57,0,,174,100
1180,6980,7780,1.8080480731436172e-44,0,,176,100
1181,6983,7783,9.796495867273718e-80,0,,176,100
1182,6987,7787,1.2159769388052483e-31,0,,175,100
1183,6994,7794,3.694824832783587e-23,0,,176,100
1184,7002,7802,8.745178354214146e-38,0,,175,100
1185,7005,7805,7.105127049442774e-30,0,,175,100
1186,7008,7808,7.823991032761254e-36,0,,175,100
1187,7016,7816,1.434452383429512e-44,0,,174,100
1188,7019,7819,8.926543598200708e-58,0,,174,100
1189,7025,7825,2.364960872229903e-68,0,,175,100
1190,7030,7830,7.463929613802254e-48,0,,175,100
1191,7034,7834,6.356468987807191e-60,0,,174,100
1192,7038,7838,2.882928478367941e-55,0,,174,100
1193,7041,7841,2.3008814058962724e-53,0,,174,100
1194,7045,7845,2.6899306426314467e-73,0,,174,100
1195,7048,7848,2.4212893488086586e-56,0,,175,100
1196,7054,7854,2.1556672330940515e-49,0,,175,100
1197,7061,7861,5.528081188348365e-38,0,,176,100
1198,7065,7865,8.275550978002347e-50,0,,176,100
1199,7070,7870,1.506068690105393e-67,0,,176,100
1200,7074,7874,6.515060045398571e-75,0,,176,100
1201,7085,7885,5.196715189966444e-34,0,,177,100
1202,7088,7888,1.998535390176969e-32,0,,177,100
1203,7093,7893,4.846065796251128e-43,0,,177,100
1204,7099,7899,1.0008980324411158e-26,0,,177,100
1205,7102,7902,5.9943874551996805e-24,0,,177,100
1206,7108,7908,9.922863180226632e-26,0,,176,100
1207,7111,7911,4.837787798200604e-31,0,,176,100
1208,7117,7917,3.25260312256215e-25,0,,176,100
1209,7122,7922,2.7654496586454283e-32,0,,177,100
1210,7134,7934,8.245347725779852e-29,0,,176,100
1211,7138,7938,1.345657263758571e-21,0,,176,100
1212,7144,7944,1.1839943873113683e-26,0,,177,100
1213,7150,7950,7.467763306091571e-29,0,,178,100
1214,7154,7954,7.0329737781246695e-28,0,,178,100
1215,7165,7965,8.84419469948246e-34,0,,178,100
1216,7168,7968,1.406790789653327e-32,0,,178,100
1217,7174,7974,2.8833898289326988e-39,0,,178,100
1218,7177,7977,2.912145215217964e-44,0,,178,100
1219,7183,7983,2.1816975529823737e-44,0,,179,100
1220,7192,7992,3.1470201185361745e-44,0,,181,100
1221,7196,7996,8.107035725296391e-45,0,,181,100
1222,7204,8004,2.9431030050181774e-34,0,,182,100
1223,7207,8007,6.491818632214183e-34,0,,183,100
1224,7218,8018,2.6761044333647257e-50,0,,183,100
1225,7222,8022,4.572300332283903e-21,0,,182,100
1226,7225,8025,6.293527824070955e-41,0,,182,100
1227,7231,8031,6.991746290808244e-19,0,,182,100
1228,7236,8036,1.2005126300147195e-25,0,,182,100
1229,7252,8052,2.2098323749165284e-29,0,,182,100
1230,7256,8056,5.232595889626546e-28,0,,182,100
1231,7263,8063,6.996407702080818e-49,0,,182,100
1232,7266,8066,5.384965754240963e-48,0,,181,100
1233,7271,8071,7.22863785461827e-47,0,,182,100
1234,7277,8077,5.905414984756767e-48,0,,182,100
1235,7283,8083,3.928405810041812e-47,0,,181,100
1236,7289,8089,4.697520695992037e-56,0,,180,100
1237,7292,8092,1.4185258477721302e-60,0,,180,100
1238,7297,8097,9.234538344875168e-65,0,,181,100
1239,7301,8101,1.0347788682846037e-56,0,,180,100
1240,7307,8107,5.488310054197639e-57,0,,179,100
1241,7310,8110,1.2099559669470672e-55,0,,178,100
1242,7316,8116,1.9741263112978226e-56,0,,180,100
1243,7319,8119,3.0296349981614934e-53,0,,179,100
1244,7325,8125,2.972385006377348e-49,0,,178,100
1245,7334,8134,3.5537775346194434e-55,0,,179,100
1246,7339,8139,8.57569701719999e-57,0,,179,100
1247,7343,8143,3.419759128709908e-29,0,,180,100
1248,7355,8155,9.266646038862017e-42,0,,180,100
1249,7358,8158,2.193612841131472e-40,0,,179,100
1250,7362,8162,3.7650581016906047e-29,0,,178,100
1251,7368,8168,3.221960015665364e-57,0,,179,100
1252,7375,8175,2.919067130211638e-48,0,,178,100
1253,7378,8178,2.0843856876890753e-50,0,,177,100
1254,7384,8184,5.068966150569621e-41,0,,178,100
1255,7387,8187,5.6828559227848714e-49,0,,177,100
1256,7393,8193,4.575041301707329e-56,0,,178,100
1257,7402,8202,3.394920481885049e-94,0,,178,100
1258,7405,8205,3.182307129285226e-84,0,,179,100
1259,7419,8219,1.1691349581707079e-68,0,,178,100
1260,7423,8223,7.2042703554502e-70,0,,178,100
1261,7426,8226,1.1197319723991642e-70,0,,177,100
1262,7435,8235,7.294170550025392e-56,0,,178,100
1263,7438,8238,9.098499099101044e-57,0,,178,100
1264,7442,8242,1.238785895605444e-62,0,,179,100
1265,7449,8249,6.813649569023692e-40,0,,178,100
1266,7452,8252,1.9741856000191522e-51,0,,177,100
1267,7457,8257,2.4760468525477516e-62,0,,177,100
1268,7464,8264,2.4184504264030473e-63,0,,178,100
1269,7467,8267,9.921613111483888e-59,0,,178,100
1270,7473,8273,1.2429480420368952e-66,0,,179,100
1271,7480,8280,4.296697752774261e-60,0,,179,100
1272,7482,8282,9.30943075752783e-70,0,,178,100
1273,7487,8287,1.9178195495903942e-62,0,,176,100
1274,7491,8291,6.413932806305541e-68,0,,176,100
1275,7494,8294,5.49476694386199e-69,0,,177,100
1276,7498,8298,6.510928181219985e-61,0,,176,100
1277,7503,8303,4.844919412191599e-81,0,,177,100
1278,7509,8309,5.190409197090943e-51,0,,177,100
1279,7513,8313,4.572430124141365e-56,0,,178,100
1280,7519,8319,1.7433239593110472e-60,0,,178,100
1281,7522,8322,3.38526515582735e-61,0,,178,100
1282,7527,8327,3.454273221240127e-57,0,,178,100
1283,7534,8334,2.176574380509559e-74,0,,178,100
1284,7540,8340,2.6992207194788795e-57,0,,178,100
1285,7543,8343,1.998436449401933e-58,0,,179,100
1286,7554,8354,1.4710526015925326e-80,0,,179,100
1287,7557,8357,2.9868854724020054e-77,0,,179,100
1288,7562,8362,1.5050946316230208e-70,0,,177,100
1289,7566,8366,1.8205129308462015e-46,0,,175,100
1290,7572,8372,1.5808052285237038e-24,0,,174,100
1291,7576,8376,1.825555038084483e-25,0,,174,100
1292,7580,8380,3.22368443216426e-27,0,,173,100
1293,7586,8386,1.9098090186482906e-26,0,,174,100
1294,7589,8389,2.970134102719456e-25,0,,174,100
1295,7593,8393,1.4226078443283645e-21,0,,174,100
1296,7601,8401,3.998914545896018e-23,0,,174,100
1297,7608,8408,5.213433393329781e-27,0,,173,100
1298,7612,8412,1.6285686625822858e-23,0,,172,100
1299,7616,8416,1.4937106372014476e-27,0,,172,100
1300,7624,8424,4.71321403654649e-28,0,,172,100
1301,7628,8428,2.4637067112623675e-31,0,,172,100
1302,7633,8433,1.5473215177711968e-34,0,,172,100
1303,7639,8439,1.2274150147342051e-37,0,,173,100
1304,7642,8442,1.5266088718756192e-37,0,,174,100
1305,7650,8450,1.3811378305024786e-53,0,,175,100
1306,7653,8453,3.9338043539077746e-27,0,,177,100
1307,7657,8457,5.979972881232074e-42,0,,178,100
1308,7665,8465,3.0164578762725816e-44,0,,179,100
1309,7668,8468,5.010315439319018e-46,0,,178,100
1310,7673,8473,1.739711597744989e-56,0,,178,100
1311,7679,8479,3.52924718057909e-73,0,,179,100
1312,7693,8493,1.0144839852576104e-79,0,,179,100
1313,7696,8496,4.569729895728659e-91,0,,179,100
1314,7700,8500,3.44626404278167e-75,0,,178,100
1315,7705,8505,1.1758111375220856e-80,0,,178,100
1316,7711,8511,2.417777211214057e-73,0,,179,100
1317,7715,8515,9.033547861133057e-66,0,,179,100
1318,7718,8518,4.103256467727917e-67,0,,180,100
1319,7727,8527,7.08525596778188e-104,0,,181,100
1320,7730,8530,3.0343777621522057e-115,0,,181,100
1321,7734,8534,6.181574219730473e-75,0,,181,100
1322,7744,8544,6.984580082361324e-122,0,,183,100
1323,7751,8551,7.522595931186683e-123,0,,184,100
1324,7755,8555,3.854747907093196e-57,0,,184,100
1325,7760,8560,1.5409404894809405e-89,0,,184,100
1326,7769,8569,4.6855418276465324e-95,0,,182,100
1327,7779,8579,2.3563418083391608e-52,0,,181,100
1328,7785,8585,4.597200118048708e-46,0,,181,100
1329,7788,8588,8.490218488408855e-45,0,,181,100
1330,7794,8594,1.7662388266294394e-27,0,,180,100
1331,7799,8599,6.563173369783738e-27,0,,180,100
1332,7804,8604,2.011768546404709e-25,0,,181,100
1333,7814,8614,2.5844850722221402e-21,0,,181,100
1334,7817,8617,9.08914721738096e-34,0,,180,100
1335,7822,8622,3.968276079405015e-49,0,,179,100
1336,7826,8626,8.932176880556813e-47,0,,179,100
1337,7831,8631,5.795852754950805e-67,0,,178,100
1338,7837,8637,2.7062093535660415e-55,0,,180,100
1339,7840,8640,1.086582408574077e-49,0,,179,100
1340,7842,8642,4.2793213130804595e-61,0,,179,100
1341,7847,8647,6.383364546878505e-93,0,,177,100
1342,7850,8650,2.0366999746635174e-104,0,,178,100
1343,7855,8655,1.4641762262234469e-130,0,,178,100
1344,7862,8662,7.811773233774439e-90,0,,179,100
1345,7865,8665,1.8587275919621237e-64,0,,179,100
1346,7868,8668,2.2774183918971925e-71,0,,178,100
1347,7871,8671,4.012105571764385e-83,0,,178,100
1348,7875,8675,2.4854842752740854e-87,0,,178,100
1349,7882,8682,2.202914455810271e-66,0,,179,100
1350,7886,8686,1.2320776118905544e-70,0,,177,100
1351,7893,8693,8.210648481969899e-67,0,,176,100
1352,7897,8697,5.088972579325735e-75,0,,176,100
1353,7906,8706,9.219810015143712e-60,0,,177,100
1354,7909,8709,6.792461175501734e-78,0,,176,100
1355,7915,8715,8.54731105102711e-77,0,,176,100
1356,7927,8727,1.2893171002223693e-73,0,,179,100
1357,7935,8735,8.212408116918994e-70,0,,178,100
1358,7939,8739,7.586873761810589e-99,0,,178,100
1359,7947,8747,4.608733721827578e-102,0,,178,100
1360,7950,8750,9.261543696345982e-87,0,,178,100
1361,7956,8756,2.766337402182903e-100,0,,178,100
1362,7961,8761,4.08108738036856e-101,0,,178,100
1363,7964,8764,3.824325237395751e-106,0,,177,100
1364,7970,8770,8.787607967360102e-95,0,,179,100
1365,7974,8774,4.3636340549302665e-91,0,,180,100
1366,7977,8777,1.8861095935481284e-67,0,,180,100
1367,7979,8779,2.1956706418902763e-60,0,,179,100
1368,7985,8785,1.9186910704321815e-41,0,,175,100
1369,7991,8791,5.740023824601336e-47,0,,175,100
1370,7998,8798,3.02867085022105e-42,0,,174,100
1371,8010,8810,7.680939489650664e-23,0,,173,100
1372,8013,8813,2.107686970602512e-33,0,,174,100
1373,8018,8818,5.091044812565058e-30,0,,174,100
1374,8021,8821,9.765394536564445e-28,0,,174,100
1375,8027,8827,3.7493473051453205e-29,0,,174,100
1376,8031,8831,6.523866622647274e-33,0,,174,100
1377,8043,8843,1.0205177104197345e-61,0,,174,100
1378,8046,8846,1.4537504562091495e-86,0,,173,100
1379,8050,8850,9.097684528924378e-68,0,,173,100
1380,8057,8857,5.839788884471092e-69,0,,174,100
1381,8061,8861,2.7418210906356176e-53,0,,173,100
1382,8067,8867,1.276973648118554e-72,0,,173,100
1383,8070,8870,4.337144157340772e-80,0,,175,100
1384,8086,8886,1.3757283383186867e-77,0,,178,100
1385,8090,8890,1.4379441399689807e-52,0,,178,100
1386,8093,8893,1.1969361678911474e-57,0,,178,100
1387,8103,8903,4.284477052555949e-59,0,,178,100
1388,8111,8911,9.1604858302636e-58,0,,177,100
1389,8114,8914,2.4646628633139274e-104,0,,177,100
1390,8116,8916,1.5213147398847023e-83,0,,177,100
1391,8125,8925,3.7692743555081107e-76,0,,178,100
1392,8128,8928,2.165708250621353e-87,0,,178,100
1393,8141,8941,1.468165629032766e-35,0,,176,100
1394,8147,8947,6.853320538501429e-34,0,,176,100
1395,8150,8950,5.361849690550372e-30,0,,178,100
1396,8160,8960,1.888201054418766e-15,0,,177,100
1397,8163,8963,1.3004626603227016e-21,0,,176,100
1398,8167,8967,9.328284253109916e-22,0,,176,100
1399,8177,8977,3.98053568858931e-19,0,,177,100
1400,8180,8980,4.1109846106294365e-24,0,,176,100
1401,8184,8984,1.3299854077051897e-32,0,,176,100
1402,8191,8991,4.394615206597254e-33,0,,176,100
1403,8199,8999,1.8718045260643413e-46,0,,177,100
1404,8203,9003,7.994790107708925e-30,0,,178,100
1405,8210,9010,3.1774975046466644e-24,0,,178,100
1406,8214,9014,1.3892299572585088e-43,0,,179,100
1407,8219,9019,1.7258172160043738e-32,0,,178,100
1408,8225,9025,9.747041534688027e-31,0,,178,100
1409,8230,9030,1.784659337184884e-26,0,,178,100
1410,8238,9038,4.467129927369359e-26,0,,177,100
1411,8244,9044,2.010079713597637e-21,0,,178,100
1412,8247,9047,9.034143248903932e-28,0,,178,100
1413,8256,9056,3.578220032868648e-27,0,,178,100
1414,8259,9059,2.502316253913812e-20,0,,178,100
1415,8264,9064,4.303235519976075e-32,0,,178,100
1416,8267,9067,4.1664337108503865e-25,0,,178,100
1417,8273,9073,7.572978557516429e-30,0,,178,100
1418,8285,9085,2.2826144944758999e-35,0,,178,100
1419,8288,9088,1.2218470583228892e-25,0,,178,100
1420,8293,9093,7.682018980571072e-29,0,,176,100
1421,8299,9099,4.537870264872078e-25,0,,178,100
1422,8302,9102,2.285064376493804e-31,0,,178,100
1423,8311,9111,7.206319132987028e-33,0,,179,100
1424,8314,9114,8.866825457893524e-29,0,,179,100
1425,8318,9118,3.7931786827278477e-29,0,,180,100
1426,8325,9125,3.690755873022093e-25,0,,179,100
1427,8328,9128,2.270029889720893e-24,0,,178,100
1428,8332,9132,3.1943225789887518e-24,0,,178,100
1429,8339,9139,2.48794229197604e-34,0,,178,100
1430,8343,9143,1.3812952794452054e-27,0,,179,100
1431,8349,9149,2.362956794640233e-34,0,,179,100
1432,8352,9152,3.0553256391312214e-33,0,,178,100
1433,8369,9169,1.1460457492309417e-68,0,,180,100
1434,8379,9179,1.2368427019544133e-43,0,,179,100
1435,8382,9182,2.3542817339473568e-63,0,,179,100
1436,8386,9186,6.4007570313025535e-22,0,,178,100
1437,8392,9192,4.14993404786663e-30,0,,178,100
1438,8396,9196,1.836249374353368e-27,0,,179,100
1439,8408,9208,9.271113497029988e-33,0,,180,100
1440,8419,9219,7.348178139084677e-12,0,,183,100
1441,8422,9222,2.5560926687411656e-08,0,,183,100
1442,8426,9226,0.00358213788438792,1,,182,100
1443,8431,9231,5.597284314471358e-05,0,,182,100
1444,8434,9234,0.0015464550140786573,1,,181,100
1445,8436,9236,1.8844041518826708e-05,0,,180,100
1446,8443,9243,1.6818993155221153e-05,0,,178,100
1447,8451,9251,4.68477182227838e-10,0,,178,100
1448,8454,9254,2.742647144976049e-27,0,,175,100
1449,8458,9258,7.080683858224365e-35,0,,177,100
1450,8467,9267,3.845679857241374e-43,0,,178,100
1451,8473,9273,3.426803619809731e-98,0,,178,100
1452,8478,9278,7.030808390941923e-78,0,,178,100
1453,8484,9284,3.041751579650187e-104,0,,178,100
1454,8487,9287,6.901160337690178e-72,0,,178,100
1455,8491,9291,2.012085585184145e-94,0,,177,100
1456,8495,9295,1.6628580774106195e-117,0,,177,100
1457,8503,9303,8.057368731157833e-114,0,,178,100
1458,8510,9310,8.369458328286604e-87,0,,178,100
1459,8518,9318,2.111270218320439e-118,0,,178,100
1460,8526,9326,3.962612604923792e-40,0,,175,100
1461,8530,9330,4.3063764281593275e-35,0,,175,100
1462,8539,9339,7.027319333762866e-23,0,,173,100
1463,8542,9342,1.1661241451987316e-31,0,,173,100
1464,8546,9346,8.69422830762867e-19,0,,173,100
1465,8550,9350,6.177015401718568e-14,0,,172,100
1466,8556,9356,3.200685186404943e-15,0,,171,100
1467,8560,9360,9.49794992188625e-22,0,,171,100
1468,8568,9368,2.999940636586421e-13,0,,172,100
1469,8572,9372,3.848457216426549e-14,0,,173,100
1470,8576,9376,1.109895381178812e-14,0,,170,100
1471,8583,9383,1.4150965827819544e-13,0,,172,100
1472,8591,9391,1.577655247822368e-13,0,,171,100
1473,8595,9395,4.850225941602813e-14,0,,171,100
1474,8603,9403,5.43940709105624e-13,0,,172,100
1475,8611,9411,2.841735261612885e-15,0,,171,100
1476,8614,9414,4.1316102436143935e-15,0,,171,100
1477,8618,9418,2.7513576304173984e-22,0,,171,100
1478,8625,9425,5.567353369556228e-15,0,,171,100
1479,8633,9433,3.793694672833926e-10,0,,174,100
1480,8637,9437,1.8276965511622708e-11,0,,173,100
1481,8641,9441,3.716408400670497e-12,0,,173,100
1482,8649,9449,1.7349826461585955e-16,0,,172,100
1483,8657,9457,9.683919583953563e-11,0,,171,100
1484,8661,9461,2.142591893514663e-11,0,,171,100
1485,8669,9469,1.8768736445835793e-27,0,,170,100
1486,8675,9475,1.3577875317347168e-21,0,,171,100
1487,8678,9478,1.0107090902042124e-24,0,,170,100
1488,8686,9486,7.340770651255764e-19,0,,173,100
1489,8697,9497,2.2963887421701915e-13,0,,174,100
1490,8701,9501,6.927539942120417e-111,0,,174,100
1491,8708,9508,7.63568251861644e-96,0,,174,100
1492,8717,9517,6.029754038407393e-75,0,,172,100
1493,8720,9520,4.4608097550565064e-64,0,,173,100
1494,8727,9527,7.014898757526934e-59,0,,173,100
1495,8733,9533,5.806729973818093e-57,0,,173,100
1496,8736,9536,2.0084189364421667e-50,0,,173,100
1497,8740,9540,1.070226008268639e-56,0,,172,100
1498,8747,9547,3.338679089328394e-63,0,,173,100
1499,8750,9550,8.444365458194357e-41,0,,172,100
1500,8754,9554,1.6908706386547472e-64,0,,172,100
1501,8761,9561,1.5372036111646102e-49,0,,174,100
1502,8770,9570,4.989466524355223e-31,0,,172,100
1503,8773,9573,2.6575594391359376e-32,0,,173,100
1504,8782,9582,4.977426273251347e-21,0,,172,100
1505,8791,9591,1.262757129822001e-16,0,,173,100
1506,8796,9596,1.2615805149616387e-13,0,,172,100
1507,8804,9604,1.6049108978178097e-15,0,,177,100
1508,8813,9613,1.8842289673595705e-18,0,,175,100
1509,8817,9617,3.145924218050989e-22,0,,176,100
1510,8823,9623,1.9232922975544136e-20,0,,176,100
1511,8827,9627,9.013676577949619e-32,0,,175,100
1512,8835,9635,2.2092677134620686e-24,0,,176,100
1513,8843,9643,2.306484174008844e-23,0,,177,100
1514,8847,9647,9.224252301391651e-22,0,,177,100
1515,8852,9652,5.300374165264836e-35,0,,178,100
1516,8856,9656,1.5451850622639403e-49,0,,178,100
1517,8863,9663,6.751849469947515e-53,0,,179,100
1518,8872,9672,3.85767125641228e-18,0,,175,100
1519,8875,9675,2.4604694303037355e-12,0,,174,100
1520,8885,9685,2.0402008823365125e-17,0,,175,100
1521,8888,9688,2.879497799308078e-12,0,,175,100
1522,8896,9696,1.5853407443333913e-11,0,,176,100
1523,8901,9701,3.87042880057048e-11,0,,176,100
1524,8904,9704,2.1986147967519654e-15,0,,176,100
1525,8920,9720,1.0389443667750738e-09,0,,178,100
1526,8924,9724,1.854132580229971e-12,0,,178,100
1527,8932,9732,1.5047646362021164e-10,0,,179,100
1528,8937,9737,5.292563270728093e-11,0,,180,100
1529,8940,9740,1.4511489303251856e-21,0,,179,100
1530,8944,9744,3.7898350122299664e-14,0,,180,100
1531,8952,9752,3.7851631679484717e-17,0,,179,100
1532,8955,9755,3.3260231757683373e-20,0,,179,100
1533,8968,9768,7.984825472876271e-13,0,,180,100
1534,8979,9779,1.1527615156544532e-17,0,,181,100
1535,8983,9783,4.6383442367542694e-20,0,,181,100
1536,8990,9790,3.450969717295569e-20,0,,181,100
1537,8999,9799,8.844842783991437e-27,0,,179,100
1538,9002,9802,4.982927544457242e-36,0,,179,100
1539,9007,9807,2.5970038220022744e-32,0,,179,100
1540,9014,9814,1.8611116688150787e-29,0,,179,100
1541,9023,9823,2.4678089801685568e-62,0,,181,100
1542,9027,9827,1.0224922939104261e-44,0,,182,100
1543,9033,9833,2.2042397657383488e-42,0,,182,100
1544,9042,9842,5.407817315750214e-32,0,,181,100
1545,9046,9846,1.0539199790112945e-32,0,,180,100
1546,9049,9849,2.0746192188691962e-28,0,,181,100
1547,9057,9857,5.6935200888714087e-39,0,,184,100
1548,9063,9863,1.535394379785994e-26,0,,183,100
1549,9067,9867,5.872036398315588e-31,0,,184,100
1550,9071,9871,3.063899437321006e-31,0,,183,100
1551,9075,9875,1.3218287727281456e-33,0,,183,100
1552,9084,9884,1.9224798382273453e-37,0,,183,100
1553,9087,9887,2.427894615246499e-20,0,,182,100
1554,9095,9895,1.614730285557679e-19,0,,182,100
1555,9099,9899,9.396934755204212e-20,0,,183,100
1556,9110,9910,4.08615533652362e-16,0,,179,100
1557,9113,9913,2.336332917323499e-17,0,,179,100
1558,9121,9921,1.8659232032954402e-17,0,,180,100
1559,9125,9925,5.356226709427437e-17,0,,179,100
1560,9129,9929,1.0202158713890042e-18,0,,179,100
1561,9140,9940,9.961112946900318e-13,0,,182,100
1562,9143,9943,1.2822198683394107e-14,0,,183,100
1563,9158,9958,1.362608438936852e-16,0,,182,100
1564,9162,9962,6.762000728824495e-13,0,,182,100
1565,9173,9973,3.5301947435615634e-16,0,,182,100
1566,9177,9977,3.2178969710033697e-24,0,,183,100
1567,9185,9985,2.1617890456509926e-26,0,,183,100
1568,9190,9990,9.406139373501099e-49,0,,183,100
1569,9193,9993,2.5063204085633493e-37,0,,183,100
1570,9197,9997,2.338458449793445e-15,0,,183,100
1571,9204,10004,1.168357645039201e-25,0,,184,100
1572,9213,10013,3.5594887255936135e-27,0,,182,100
1573,9216,10016,3.0152775285146465e-27,0,,182,100
1574,9226,10026,1.4994707607999313e-39,0,,182,100
1575,9231,10031,3.356807549563532e-41,0,,182,100
1576,9239,10039,1.9769925820145716e-44,0,,183,100
1577,9243,10043,7.372518945706227e-34,0,,184,100
1578,9248,10048,7.491851256502379e-40,0,,185,100
1579,9256,10056,1.7385606009813296e-46,0,,185,100
1580,9259,10059,2.3073755576657834e-31,0,,186,100
1581,9267,10067,2.5241929033466505e-36,0,,185,100
1582,9271,10071,3.215014016254614e-27,0,,185,100
1583,9280,10080,2.774138100202812e-20,0,,184,100
1584,9283,10083,5.393096099385695e-18,0,,185,100
1585,9291,10091,2.380574579697672e-16,0,,187,100
1586,9295,10095,8.497068099970663e-17,0,,188,100
1587,9302,10102,5.416371295193597e-22,0,,187,100
1588,9308,10108,2.44450039145764e-29,0,,187,100
1589,9311,10111,4.0780177933853574e-22,0,,187,100
1590,9320,10120,1.0472010885373994e-27,0,,188,100
1591,9324,10124,4.476590054516227e-33,0,,188,100
1592,9332,10132,1.5618066314633438e-34,0,,189,100
1593,9338,10138,6.636584940060783e-26,0,,188,100
1594,9341,10141,5.8296077877721e-29,0,,188,100
1595,9349,10149,9.401277240778058e-32,0,,189,100
1596,9353,10153,3.0578549856542785e-30,0,,189,100
1597,9363,10163,1.2622966101502188e-36,0,,189,100
1598,9367,10167,7.516420133903447e-44,0,,190,100
1599,9377,10177,2.4709407108969173e-38,0,,190,100
1600,9383,10183,3.977707298760079e-39,0,,191,100
1601,9386,10186,9.158948271063025e-40,0,,190,100
1602,9392,10192,4.737946408497101e-32,0,,191,100
1603,9403,10203,2.415030643867739e-31,0,,193,100
1604,9412,10212,1.118513628784156e-164,0,,191,100
1605,9416,10216,3.996643412476931e-172,0,,191,100
1606,9430,10230,7.087331009100292e-171,0,,190,100
1607,9433,10233,9.158339331038222e-156,0,,190,100
1608,9444,10244,6.494550195897037e-101,0,,190,100
1609,9454,10254,1.727208430929214e-55,0,,190,100
1610,9463,10263,1.0532179525885933e-37,0,,189,100
1611,9466,10266,3.7684706219885066e-39,0,,187,100
1612,9470,10270,6.560399811760869e-39,0,,189,100
1613,9478,10278,2.2251467754944057e-46,0,,189,100
1614,9486,10286,3.2728769580186054e-19,0,,186,100
1615,9489,10289,4.308590652018995e-15,0,,186,100
1616,9496,10296,6.389980320139019e-23,0,,186,100
1617,9500,10300,2.8102784706559154e-25,0,,187,100
1618,9507,10307,9.367673547783907e-13,0,,187,100
1619,9516,10316,1.4368862658597653e-15,0,,185,100
1620,9520,10320,5.576681089513056e-22,0,,185,100
1621,9529,10329,8.443089221343866e-07,0,,184,100
1622,9539,10339,1.47966155393028e-09,0,,185,100
1623,9542,10342,1.7274944012214758e-12,0,,184,100
1624,9546,10346,1.1095580586140886e-06,0,,184,100
1625,9551,10351,6.964119477978047e-07,0,,185,100
1626,9557,10357,3.014551944627531e-10,0,,182,100
1627,9561,10361,1.9614224744313854e-12,0,,182,100
1628,9570,10370,6.683719160376494e-13,0,,181,100
1629,9578,10378,3.9953520654067394e-09,0,,182,100
1630,9582,10382,4.875958231308178e-09,0,,184,100
1631,9586,10386,2.762078719906174e-16,0,,184,100
1632,9589,10389,1.4734575908946128e-14,0,,184,100
1633,9599,10399,1.5723123421640348e-40,0,,180,100
1634,9602,10402,6.055188017327887e-29,0,,179,100
1635,9610,10410,8.115559998960682e-34,0,,179,100
1636,9615,10415,8.142649719983283e-45,0,,177,100
1637,9621,10421,2.6665383080097303e-45,0,,178,100
1638,9629,10429,9.299783599243832e-58,0,,179,100
1639,9632,10432,1.8609941604764228e-61,0,,178,100
1640,9639,10439,3.5295951876423674e-48,0,,177,100
1641,9643,10443,2.046907240963191e-40,0,,177,100
1642,9653,10453,5.706446872277297e-59,0,,175,100
1643,9657,10457,6.317096842423007e-54,0,,174,100
1644,9662,10462,4.8432714335524067e-26,0,,175,100
1645,9668,10468,3.170182767929953e-23,0,,175,100
1646,9679,10479,6.38659825882334e-21,0,,175,100
1647,9688,10488,1.3725200854533616e-19,0,,174,100
1648,9691,10491,2.209014477724647e-10,0,,175,100
1649,9696,10496,2.5470035423463396e-11,0,,175,100
1650,9700,10500,1.3211215832681769e-07,0,,176,100
1651,9708,10508,5.313288712213666e-15,0,,174,100
1652,9711,10511,3.3543364497864067e-21,0,,174,100
1653,9717,10517,1.504225056897765e-19,0,,175,100
1654,9721,10521,3.186336168716574e-26,0,,174,100
1655,9729,10529,2.5310893462994566e-20,0,,173,100
1656,9737,10537,8.459625147878606e-34,0,,173,100
1657,9741,10541,4.41666412887427e-15,0,,173,100
1658,9744,10544,4.880037036056025e-16,0,,174,100
1659,9758,10558,5.78755055077077e-16,0,,173,100
1660,9761,10561,7.092604475792449e-103,0,,171,100
1661,9767,10567,4.062344821398299e-53,0,,173,100
1662,9770,10570,1.5588263077894343e-82,0,,172,100
1663,9775,10575,5.165974636946325e-88,0,,172,100
1664,9779,10579,3.466878470521656e-91,0,,172,100
1665,9785,10585,2.738257356369712e-95,0,,172,100
1666,9788,10588,3.296906356882304e-113,0,,171,100
1667,9792,10592,5.057045742433944e-112,0,,170,100
1668,9794,10594,3.231143863606872e-119,0,,171,100
1669,9801,10601,7.658437440374834e-25,0,,171,100
1670,9806,10606,1.7072226593490366e-23,0,,170,100
1671,9811,10611,7.108565775314447e-20,0,,170,100
1672,9815,10615,9.765818746750206e-17,0,,171,100
1673,9823,10623,9.161448043032468e-17,0,,169,100
1674,9826,10626,9.799938208421161e-77,0,,169,100
1675,9834,10634,7.868153236772736e-35,0,,168,100
1676,9838,10638,4.784322951012848e-34,0,,169,100
1677,9847,10647,1.3424709708312685e-28,0,,168,100
1678,9849,10649,5.204699146613691e-26,0,,168,100
1679,9856,10656,6.037739648781614e-27,0,,165,100
1680,9859,10659,5.846581978773906e-29,0,,165,100
1681,9864,10664,3.5559390928858926e-28,0,,164,100
1682,9870,10670,1.1317619677695692e-35,0,,163,100
1683,9874,10674,2.96353876144098e-32,0,,163,100
1684,9878,10678,1.9938753015935903e-39,0,,163,100
1685,9889,10689,5.185266295637908e-29,0,,164,100
1686,9893,10693,1.854051507453859e-28,0,,165,100
1687,9904,10704,2.987805984740768e-56,0,,165,100
1688,9907,10707,1.4835994117943719e-21,0,,164,100
1689,9911,10711,1.135117406959129e-26,0,,164,100
1690,9916,10716,1.5793585654235914e-29,0,,164,100
1691,9920,10720,3.8466771186754695e-29,0,,165,100
1692,9926,10726,6.104838125664051e-31,0,,166,100
1693,9935,10735,2.729739614455736e-38,0,,162,100
1694,9938,10738,2.340323969388905e-47,0,,162,100
1695,9946,10746,1.2362653053017196e-24,0,,163,100
1696,9950,10750,1.1326758870746766e-26,0,,164,100
1697,9958,10758,5.755931214876322e-30,0,,165,100
1698,9964,10764,2.987798071991083e-26,0,,165,100
1699,9968,10768,2.074208735553918e-24,0,,166,100
1700,9976,10776,7.402789372568698e-32,0,,166,100
1701,9979,10779,2.779352032952924e-37,0,,166,100
1702,9987,10787,8.324014098970331e-34,0,,167,100
1703,9991,10791,2.0303889588037292e-29,0,,168,100
1704,9996,10796,1.7092188254694108e-40,0,,169,100
1705,9999,10799,1.8137164831459248e-42,0,,168,100
1706,10003,10803,1.2038073585270775e-48,0,,169,100
1707,10010,10810,1.7538202230284606e-46,0,,170,100
1708,10019,10819,2.1297159193012045e-52,0,,170,100
1709,10033,10833,1.008475925477393e-65,0,,169,100
1710,10037,10837,1.1741755195715952e-76,0,,171,100
1711,10043,10843,6.2241121176653744e-49,0,,172,100
1712,10055,10855,1.0462154391186906e-57,0,,169,100
1713,10058,10858,8.066499807483485e-46,0,,169,100
1714,10066,10866,8.197017366157396e-45,0,,169,100
1715,10070,10870,9.815270068597273e-49,0,,170,100
1716,10082,10882,3.249882882749072e-70,0,,167,100
1717,10090,10890,4.582429026515049e-88,0,,167,100
1718,10094,10894,3.08860806841233e-90,0,,168,100
1719,10108,10908,2.3280918866328157e-53,0,,166,100
1720,10112,10912,3.262060461250992e-63,0,,167,100
1721,10121,10921,9.05051906424579e-75,0,,163,100
1722,10125,10925,3.0897393892896217e-52,0,,163,100
1723,10129,10929,3.0677243186778607e-63,0,,165,100
1724,10139,10939,4.911779184103315e-60,0,,163,100
1725,10144,10944,5.774951957873607e-42,0,,164,100
1726,10149,10949,1.0619807843716471e-54,0,,164,100
1727,10152,10952,1.3353355537447914e-53,0,,164,100
1728,10157,10957,4.993371238833277e-40,0,,163,100
1729,10160,10960,2.1629912993587295e-28,0,,163,100
1730,10164,10964,8.314495141496467e-37,0,,162,100
1731,10167,10967,4.173893235137056e-35,0,,162,100
1732,10176,10976,2.2511913743752473e-32,0,,163,100
1733,10179,10979,4.2076483643963564e-29,0,,162,100
1734,10183,10983,1.0797296453999122e-45,0,,162,100
1735,10191,10991,3.810461353450548e-33,0,,163,100
1736,10194,10994,2.4246469469088793e-34,0,,161,100
1737,10198,10998,7.306243161476575e-31,0,,161,100
1738,10205,11005,1.4712834591477835e-33,0,,161,100
1739,10213,11013,5.540005667566034e-47,0,,160,100
1740,10223,11023,1.3150805636002468e-76,0,,161,100
1741,10226,11026,9.276941544700411e-54,0,,160,100
1742,10230,11030,3.5167674881836057e-45,0,,159,100
1743,10237,11037,4.7193813693419294e-43,0,,162,100
1744,10251,11051,1.9520299186067772e-56,0,,163,100
1745,10255,11055,4.300332941464502e-57,0,,162,100
1746,10267,11067,6.028907046136814e-64,0,,162,100
1747,10270,11070,3.4462263722983853e-56,0,,161,100
1748,10274,11074,3.3715198358842584e-57,0,,163,100
1749,10284,11084,1.3064490074456994e-56,0,,164,100
1750,10288,11088,9.27960394724966e-56,0,,166,100
1751,10292,11092,9.058414431972282e-55,0,,166,100
1752,10302,11102,1.1397370136240676e-66,0,,166,100
1753,10305,11105,3.466787343673084e-85,0,,166,100
1754,10314,11114,7.666941090875317e-55,0,,166,100
1755,10318,11118,1.1393360207054777e-50,0,,168,100
1756,10326,11126,1.0844224077698973e-103,0,,166,100
1757,10336,11136,1.4356809982130058e-102,0,,167,100
1758,10339,11139,9.536730397273583e-88,0,,167,100
1759,10343,11143,6.483579876846703e-79,0,,168,100
1760,10354,11154,1.6950773382519554e-85,0,,169,100
1761,10365,11165,1.7912859455375913e-71,0,,169,100
1762,10368,11168,2.159058246073276e-72,0,,168,100
1763,10379,11179,6.273016903592773e-71,0,,166,100
1764,10382,11182,1.1565076162606944e-52,0,,167,100
1765,10391,11191,1.3633121911617223e-40,0,,167,100
1766,10401,11201,4.705301273788129e-48,0,,169,100
1767,10413,11213,1.4193442551918577e-66,0,,169,100
1768,10416,11216,4.5952349489703183e-128,0,,169,100
1769,10420,11220,8.545761765202848e-74,0,,168,100
1770,10426,11226,1.2783303691955471e-154,0,,170,100
1771,10438,11238,1.6605400068614792e-41,0,,169,100
1772,10443,11243,4.4458355020034916e-45,0,,169,100
1773,10448,11248,1.4955436027892433e-52,0,,169,100
1774,10457,11257,1.64907846234084e-39,0,,169,100
1775,10462,11262,4.684178308513047e-72,0,,171,100
1776,10472,11272,1.2007395137525067e-72,0,,169,100
1777,10476,11276,2.278578134085915e-72,0,,171,100
1778,10482,11282,5.663972855670204e-57,0,,168,100
1779,10490,11290,3.266159699229646e-79,0,,169,100
1780,10493,11293,1.2369519644681905e-85,0,,168,100
1781,10498,11298,2.809692631383338e-43,0,,168,100
1782,10501,11301,2.0120664534085258e-39,0,,168,100
1783,10509,11309,1.1973110729849382e-28,0,,168,100
1784,10512,11312,3.7132125481853485e-39,0,,169,100
1785,10523,11323,7.545407436104156e-24,0,,169,100
1786,10531,11331,1.6390005108430306e-14,0,,169,100
1787,10535,11335,1.0017030713286458e-53,0,,169,100
1788,10539,11339,1.0060540746713826e-21,0,,169,100
1789,10550,11350,2.2669710593040555e-26,0,,170,100
1790,10553,11353,1.1202137213416255e-57,0,,170,100
1791,10563,11363,6.530721129850025e-36,0,,170,100
1792,10570,11370,4.62022909225626e-28,0,,169,100
1793,10574,11374,4.670379117296538e-28,0,,169,100
1794,10579,11379,3.553900199980156e-19,0,,169,100
1795,10582,11382,2.389648472545073e-19,0,,168,100
1796,10593,11393,2.467679547794996e-30,0,,172,100
1797,10596,11396,5.708879761752879e-23,0,,171,100
1798,10600,11400,5.5440835412826186e-21,0,,172,100
1799,10607,11407,6.064972374723116e-18,0,,172,100
1800,10615,11415,2.0335934500675684e-38,0,,172,100
1801,10619,11419,5.41955267031986e-63,0,,172,100
1802,10622,11422,7.098799293209172e-56,0,,173,100
1803,10631,11431,3.972534604927134e-86,0,,174,100
1804,10636,11436,1.8561941946104973e-76,0,,173,100
1805,10646,11446,1.0957357820444296e-92,0,,175,100
1806,10651,11451,1.144330288099692e-108,0,,174,100
1807,10655,11455,1.5932188476374015e-94,0,,175,100
1808,10662,11462,5.1103188419642576e-111,0,,177,100
1809,10672,11472,2.0679158090495473e-88,0,,176,100
1810,10675,11475,1.336230925636081e-86,0,,175,100
1811,10679,11479,1.935597891637934e-90,0,,176,100
1812,10687,11487,1.7800739619903548e-105,0,,177,100
1813,10690,11490,3.665650664738737e-103,0,,176,100
1814,10694,11494,4.803139747883532e-104,0,,178,100
1815,10706,11506,9.778915168525534e-120,0,,178,100
1816,10709,11509,9.558075901859579e-48,0,,178,100
1817,10713,11513,3.2570001887882306e-49,0,,177,100
1818,10719,11519,8.955574362737716e-60,0,,177,100
1819,10722,11522,1.4104041351917238e-69,0,,176,100
1820,10728,11528,2.6623643772955924e-103,0,,177,100
1821,10732,11532,2.9689916138286974e-72,0,,176,100
1822,10737,11537,4.957681559033312e-75,0,,179,100
1823,10743,11543,3.853047373936512e-75,0,,179,100
1824,10747,11547,5.094428106709347e-77,0,,179,100
1825,10751,11551,3.824652273644714e-57,0,,179,100
1826,10755,11555,1.4246751004311243e-53,0,,179,100
1827,10764,11564,7.144206232709175e-79,0,,180,100
1828,10767,11567,2.731986158486637e-34,0,,179,100
1829,10774,11574,2.0406673162375072e-23,0,,178,100
1830,10785,11585,1.6552865995016342e-20,0,,177,100
1831,10795,11595,2.9265616676299943e-13,0,,177,100
1832,10807,11607,9.021687791564216e-17,0,,177,100
1833,10811,11611,1.7343804668046e-13,0,,177,100
1834,10817,11617,2.4612077391584406e-20,0,,178,100
1835,10825,11625,1.0371013468326284e-21,0,,178,100
1836,10841,11641,1.4446117179322867e-14,0,,175,100
1837,10844,11644,2.3743730195725526e-17,0,,175,100
1838,10849,11649,9.621220612743638e-20,0,,175,100
1839,10853,11653,2.1082782133511787e-35,0,,175,100
1840,10858,11658,3.3788610105533866e-34,0,,175,100
1841,10864,11664,2.3301009479344827e-22,0,,175,100
1842,10870,11670,1.2179034039414534e-27,0,,175,100
1843,10873,11673,1.1322283282973985e-27,0,,175,100
1844,10883,11683,1.5462128727315703e-27,0,,176,100
1845,10887,11687,3.674513933735881e-33,0,,176,100
1846,10894,11694,7.577796235449493e-31,0,,176,100
1847,10898,11698,1.0441856356282886e-34,0,,176,100
1848,10907,11707,4.157265885600729e-37,0,,176,100
1849,10912,11712,5.093006705873914e-39,0,,175,100
1850,10922,11722,3.705258720497041e-47,0,,175,100
1851,10926,11726,3.4137555684448275e-46,0,,177,100
1852,10936,11736,4.006617790794277e-93,0,,180,100
1853,10944,11744,1.4595745592873504e-83,0,,180,100
1854,10948,11748,6.423879699745203e-150,0,,179,100
1855,10952,11752,2.1067631109103964e-170,0,,179,100
1856,10958,11758,6.516159659685709e-113,0,,181,100
1857,10965,11765,4.025724497929858e-110,0,,181,100
1858,10972,11772,5.52419912929557e-82,0,,181,100
1859,10975,11775,1.803306456306615e-91,0,,180,100
1860,10980,11780,6.402949056917235e-178,0,,181,100
1861,10993,11793,9.830514757340247e-59,0,,181,100
1862,10996,11796,5.586402443870161e-44,0,,180,100
1863,11000,11800,5.225566967601125e-69,0,,181,100
1864,11011,11811,1.5424614059926134e-88,0,,184,100
1865,11014,11814,1.4313367035527633e-54,0,,182,100
1866,11018,11818,1.1456488121934335e-51,0,,182,100
1867,11025,11825,5.881719422768396e-78,0,,183,100
1868,11033,11833,1.6008569827666743e-95,0,,183,100
1869,11036,11836,2.9183321843859442e-92,0,,182,100
1870,11039,11839,2.3362122524850907e-140,0,,182,100
1871,11043,11843,3.77807028794995e-43,0,,182,100
1872,11054,11854,1.2387542397348938e-127,0,,182,100
1873,11057,11857,3.637649265395659e-121,0,,183,100
1874,11065,11865,7.506407901927636e-44,0,,183,100
1875,11075,11875,1.5366555315898707e-27,0,,180,100
1876,11083,11883,1.4291353622337793e-13,0,,179,100
1877,11086,11886,8.27705504880524e-26,0,,177,100
1878,11090,11890,4.9785936783812687e-36,0,,177,100
1879,11100,11900,5.500497491706186e-30,0,,178,100
1880,11103,11903,6.170625927858299e-24,0,,178,100
1881,11115,11915,1.436352998463153e-45,0,,179,100
1882,11118,11918,1.3698213029396317e-42,0,,177,100
1883,11123,11923,2.3677206562102244e-42,0,,179,100
1884,11131,11931,8.184194655670187e-31,0,,179,100
1885,11134,11934,1.2302039417825408e-42,0,,179,100
1886,11138,11938,3.734535932702382e-46,0,,180,100
1887,11141,11941,3.338610792673163e-49,0,,179,100
1888,11145,11945,2.3932358608577036e-53,0,,179,100
1889,11152,11952,3.336692090813655e-36,0,,181,100
1890,11156,11956,7.938717951722139e-40,0,,181,100
1891,11165,11965,1.4669621032790705e-44,0,,182,100
1892,11171,11971,1.3366310919777132e-46,0,,184,100
1893,11177,11977,9.221296289275552e-43,0,,184,100
1894,11184,11984,4.809459724576227e-42,0,,184,100
1895,11187,11987,3.3376818542341144e-45,0,,184,100
1896,11194,11994,1.3011967118905262e-65,0,,183,100
1897,11200,12000,4.039478755812108e-50,0,,185,100
1898,11204,12004,5.5070572863237864e-73,0,,185,100
1899,11207,12007,5.328306547250829e-81,0,,186,100
1900,11218,12018,9.944100812157253e-55,0,,186,100
1901,11221,12021,1.0666285336698342e-45,0,,185,100
1902,11225,12025,2.954208077487113e-44,0,,187,100
1903,11234,12034,1.0375900608273771e-38,0,,188,100
1904,11240,12040,1.9950687524103572e-26,0,,188,100
1905,11243,12043,4.0240269907082837e-47,0,,188,100
1906,11247,12047,4.998354721746584e-50,0,,188,100
1907,11252,12052,1.4323350962456685e-41,0,,188,100
1908,11256,12056,2.5475813060896994e-36,0,,189,100
1909,11265,12065,4.0157164631138356e-49,0,,188,100
1910,11271,12071,5.1545093703610456e-45,0,,190,100
1911,11279,12079,2.8908289735992925e-65,0,,190,100
1912,11283,12083,9.619222830280231e-67,0,,190,100
1913,11290,12090,6.801731908168494e-52,0,,189,100
1914,11294,12094,1.7454542607671337e-64,0,,189,100
1915,11296,12096,1.9269718158692473e-53,0,,187,100
1916,11300,12100,9.80081262295136e-69,0,,187,100
1917,11303,12103,1.0862613339349716e-64,0,,188,100
1918,11308,12108,1.6188622328254376e-34,0,,187,100
1919,11312,12112,4.654924303603137e-41,0,,187,100
1920,11315,12115,3.3627737807582554e-35,0,,188,100
1921,11323,12123,1.5431267736145045e-27,0,,189,100
1922,11326,12126,7.985746531129875e-36,0,,189,100
1923,11331,12131,7.382480593092201e-31,0,,188,100
1924,11344,12144,1.1224947299341581e-94,0,,187,100
1925,11348,12148,1.1051614577840377e-36,0,,189,100
1926,11358,12158,7.449840694013641e-59,0,,187,100
1927,11362,12162,5.614812020843578e-63,0,,188,100
1928,11370,12170,1.0946765947491237e-34,0,,188,100
1929,11374,12174,7.793200549060977e-33,0,,188,100
1930,11379,12179,6.474308435998141e-39,0,,188,100
1931,11388,12188,2.2812748463076097e-41,0,,187,100
1932,11392,12192,1.3828065523840434e-35,0,,187,100
1933,11402,12202,5.572937075051897e-38,0,,186,100
1934,11405,12205,6.50492634347047e-34,0,,186,100
1935,11409,12209,1.791552505764187e-29,0,,187,100
1936,11414,12214,4.851516074348785e-32,0,,186,100
1937,11417,12217,6.354184857361852e-31,0,,185,100
1938,11424,12224,6.430378586496223e-36,0,,184,100
1939,11431,12231,5.116887185815713e-87,0,,183,100
1940,11437,12237,3.448604421471944e-73,0,,184,100
1941,11441,12241,4.2308318715144316e-54,0,,183,100
1942,11444,12244,3.2817254287460296e-50,0,,186,100
1943,11455,12255,3.780794094149858e-87,0,,186,100
1944,11462,12262,1.5556388611774297e-25,0,,187,100
1945,11467,12267,2.753931693912826e-22,0,,187,100
1946,11470,12270,2.1720097642844092e-51,0,,186,100
1947,11476,12276,4.95093750818293e-41,0,,187,100
1948,11479,12279,3.2071715157755715e-41,0,,186,100
1949,11489,12289,1.4935782837068985e-57,0,,187,100
1950,11492,12292,7.549306541159133e-97,0,,186,100
1951,11501,12301,2.9595920052646968e-114,0,,185,100
1952,11505,12305,5.383474083262077e-115,0,,186,100
1953,11512,12312,1.1356780703366917e-150,0,,187,100
1954,11519,12319,1.1224415812572395e-120,0,,187,100
1955,11523,12323,6.54240386995275e-131,0,,187,100
1956,11531,12331,1.128903682535973e-114,0,,187,100
1957,11536,12336,5.944699980656412e-97,0,,183,100
1958,11539,12339,8.649136547765067e-77,0,,183,100
1959,11544,12344,4.971043395977187e-83,0,,183,100
1960,11547,12347,2.6835781017191248e-99,0,,183,100
1961,11557,12357,1.1937427153492493e-89,0,,182,100
1962,11560,12360,2.7757518606904653e-97,0,,181,100
1963,11563,12363,6.945398388737341e-86,0,,181,100
1964,11568,12368,1.8622246074944323e-86,0,,183,100
1965,11574,12374,2.4072335655243845e-87,0,,182,100
1966,11578,12378,2.310551559569938e-94,0,,182,100
1967,11584,12384,5.412384871093321e-60,0,,182,100
1968,11587,12387,4.154411606943373e-59,0,,182,100
1969,11596,12396,3.251591379619619e-29,0,,179,100
1970,11599,12399,4.96204853251809e-32,0,,179,100
1971,11611,12411,4.509693442556466e-27,0,,178,100
1972,11614,12414,3.339703320858791e-63,0,,178,100
1973,11620,12420,2.079204669363516e-95,0,,178,100
1974,11628,12428,3.7872436292146197e-100,0,,178,100
1975,11632,12432,4.6944504545266836e-49,0,,178,100
1976,11638,12438,2.7730222152754594e-46,0,,179,100
1977,11641,12441,5.633532076635122e-39,0,,179,100
1978,11647,12447,4.470887326532342e-27,0,,179,100
1979,11654,12454,1.649464338035512e-48,0,,180,100
1980,11657,12457,6.443931890262496e-33,0,,180,100
1981,11668,12468,2.941551381435115e-39,0,,181,100
1982,11671,12471,1.0900085271207553e-30,0,,181,100
1983,11675,12475,6.755977082872175e-34,0,,181,100
1984,11682,12482,8.264369827816966e-62,0,,182,100
1985,11685,12485,1.9688369210075343e-70,0,,181,100
1986,11697,12497,1.638089735624431e-70,0,,183,100
1987,11704,12504,1.0061754387713408e-64,0,,183,100
1988,11711,12511,2.9295223888450424e-70,0,,185,100
1989,11720,12520,6.685169912270253e-63,0,,185,100
1990,11723,12523,4.2100134394336664e-87,0,,184,100
1991,11726,12526,4.1517065957830825e-97,0,,184,100
1992,11734,12534,3.1765965551789606e-78,0,,185,100
1993,11737,12537,2.199588810232058e-70,0,,184,100
1994,11741,12541,4.616207593793723e-53,0,,187,100
1995,11744,12544,3.553583451278463e-51,0,,188,100
1996,11749,12549,3.5756289800944015e-52,0,,187,100
1997,11755,12555,2.9379005217585424e-44,0,,187,100
1998,11758,12558,2.580924010857449e-44,0,,186,100
1999,11763,12563,1.4713339397045254e-44,0,,186,100
2000,11766,12566,2.2795484749498906e-49,0,,186,100
2001,11775,12575,4.2099479542447576e-51,0,,187,100
2002,11784,12584,8.713676017551861e-49,0,,188,100
2003,11789,12589,6.257621897218269e-83,0,,188,100
2004,11793,12593,8.991373717921501e-96,0,,188,100
2005,11801,12601,6.866441338924688e-55,0,,185,100
2006,11804,12604,1.7838005740307512e-11,0,,184,100
2007,11815,12615,4.7746368244922505e-17,0,,186,100
2008,11821,12621,1.6881203755907325e-17,0,,186,100
2009,11824,12624,7.777950945946776e-16,0,,186,100
2010,11830,12630,2.0504771039671486e-16,0,,187,100
2011,11833,12633,9.766594040919367e-15,0,,186,100
2012,11837,12637,7.989596914645235e-14,0,,187,100
2013,11848,12648,1.6599161694055952e-21,0,,189,100
2014,11851,12651,4.781477559054853e-30,0,,189,100
2015,11860,12660,3.5282505660450383e-15,0,,190,100
2016,11863,12663,6.3286138410924e-13,0,,190,100
2017,11871,12671,1.1800588049252112e-26,0,,191,100
2018,11874,12674,8.604309043607392e-32,0,,190,100
2019,11878,12678,1.7387581782837975e-29,0,,191,100
2020,11884,12684,2.2376399432116213e-29,0,,191,100
2021,11887,12687,3.282282563381561e-30,0,,191,100
2022,11891,12691,5.700526700930673e-36,0,,190,100
2023,11897,12697,2.6668088267446237e-68,0,,191,100
2024,11902,12702,2.9566553886362626e-54,0,,191,100
2025,11908,12708,6.872544973394974e-60,0,,191,100
2026,11911,12711,1.307040279593454e-65,0,,191,100
2027,11920,12720,2.1161883281272993e-70,0,,191,100
2028,11924,12724,2.4535909395597524e-93,0,,190,100
2029,11930,12730,2.2378693326958478e-66,0,,191,100
2030,11938,12738,1.8822855027997992e-85,0,,189,100
2031,11944,12744,8.448059719028441e-80,0,,189,100
2032,11948,12748,4.1483168273649e-82,0,,190,100
2033,11951,12751,3.208177160190456e-85,0,,189,100
2034,11957,12757,4.6394187904404804e-95,0,,189,100
2035,11961,12761,1.1267181577606452e-94,0,,188,100
2036,11968,12768,2.207949091758046e-116,0,,188,100
2037,11971,12771,3.2449711788869085e-107,0,,190,100
2038,11979,12779,4.83470856297917e-34,0,,191,100
2039,11982,12782,9.036937421747648e-36,0,,190,100
2040,11989,12789,2.3221020533883692e-27,0,,189,100
2041,11996,12796,5.550001115333068e-36,0,,190,100
2042,11999,12799,2.5481335605506638e-45,0,,190,100
2043,12003,12803,3.264777152514597e-42,0,,191,100
2044,12010,12810,1.327372862133706e-33,0,,190,100
2045,12013,12813,2.749453156879275e-41,0,,190,100
2046,12023,12823,2.1768165353168643e-18,0,,189,100
2047,12026,12826,8.036223325726288e-31,0,,187,100
2048,12032,12832,1.2803842887674307e-36,0,,188,100
2049,12038,12838,8.235138789864361e-22,0,,187,100
2050,12041,12841,4.488722376425314e-31,0,,189,100
2051,12047,12847,5.018417677432358e-43,0,,188,100
2052,12052,12852,1.304787202718904e-38,0,,188,100
2053,12056,12856,5.869670055843137e-35,0,,189,100
2054,12066,12866,3.5510688167069234e-74,0,,188,100
2055,12070,12870,8.43442503917604e-62,0,,188,100
2056,12073,12873,3.827295762692022e-63,0,,189,100
2057,12085,12885,9.76050356014789e-94,0,,191,100
2058,12088,12888,5.444449324172878e-90,0,,191,100
2059,12103,12903,1.4953977108649163e-243,0,,192,100
2060,12108,12908,1.1758625616078464e-243,0,,192,100
2061,12111,12911,9.930993324173004e-125,0,,191,100
2062,12116,12916,3.36e-322,0,,190,100
2063,12120,12920,2.1639555677342486e-215,0,,190,100
2064,12122,12922,2.4527445373986803e-215,0,,190,100
2065,12130,12930,2.3065999256174007e-43,0,,190,100
2066,12140,12940,8.667286087500435e-46,0,,192,100
2067,12144,12944,1.0573627563471922e-31,0,,193,100
2068,12152,12952,3.7872899498719866e-20,0,,193,100
2069,12155,12955,7.876161484320705e-25,0,,193,100
2070,12159,12959,7.592067711186002e-24,0,,193,100
2071,12168,12968,7.548761953561347e-26,0,,194,100
2072,12172,12972,3.1739672023632756e-51,0,,194,100
2073,12185,12985,6.815285977013856e-29,0,,194,100
2074,12188,12988,3.4810778230156456e-45,0,,194,100
2075,12192,12992,2.65519116881156e-48,0,,194,100
2076,12199,12999,5.184448787473447e-42,0,,195,100
2077,12205,13005,2.5043691772328836e-34,0,,193,100
2078,12211,13011,2.946781200876315e-53,0,,193,100
2079,12214,13014,3.80433070046139e-26,0,,193,100
2080,12224,13024,1.4147827161360324e-26,0,,193,100
2081,12229,13029,1.7761704651237818e-28,0,,192,100
2082,12234,13034,8.352542677348434e-34,0,,193,100
2083,12237,13037,1.3847954825530738e-31,0,,193,100
2084,12244,13044,1.8676095593347615e-35,0,,190,100
2085,12247,13047,6.935840067543743e-40,0,,189,100
2086,12253,13053,2.208789314013556e-41,0,,190,100
2087,12256,13056,3.642625373688577e-45,0,,190,100
2088,12265,13065,3.533143027270947e-47,0,,190,100
2089,12271,13071,5.965144884290161e-58,0,,189,100
2090,12274,13074,1.5606922537225983e-60,0,,190,100
2091,12282,13082,1.796477123004327e-91,0,,190,100
2092,12285,13085,8.206609882921681e-98,0,,189,100
2093,12289,13089,9.891634862042058e-95,0,,189,100
2094,12296,13096,9.6693847214544e-97,0,,190,100
2095,12304,13104,1.4866852107639525e-35,0,,192,100
2096,12308,13108,1.0030804898350292e-38,0,,192,100
2097,12311,13111,4.182572564004931e-32,0,,192,100
2098,12318,13118,2.594909971487024e-39,0,,192,100
2099,12326,13126,5.426248191346424e-32,0,,192,100
2100,12330,13130,8.179992070309284e-41,0,,193,100
2101,12337,13137,9.804892033516211e-44,0,,193,100
2102,12340,13140,2.2257849778857892e-32,0,,195,100
2103,12347,13147,1.2146375691195706e-38,0,,195,100
2104,12350,13150,8.247289327927664e-23,0,,195,100
2105,12356,13156,2.5387653383061656e-30,0,,195,100
2106,12362,13162,3.9724444091995345e-15,0,,196,100
2107,12368,13168,2.1064698237067005e-15,0,,196,100
2108,12375,13175,2.875929890932915e-20,0,,196,100
2109,12383,13183,4.559998500191109e-20,0,,195,100
2110,12387,13187,9.054004259203671e-21,0,,195,100
2111,12395,13195,9.585592202126201e-18,0,,195,100
2112,12398,13198,4.841319619042059e-17,0,,195,100
2113,12402,13202,1.4610908403914658e-15,0,,195,100
2114,12412,13212,4.6183830446500594e-18,0,,196,100
2115,12419,13219,1.3702197005627986e-19,0,,196,100
2116,12422,13222,2.4709560073207498e-17,0,,195,100
2117,12426,13226,9.044296498357844e-26,0,,196,100
2118,12435,13235,6.478404962281804e-26,0,,195,100
2119,12446,13246,3.512783212017919e-26,0,,193,100
2120,12454,13254,3.815833195918682e-19,0,,193,100
2121,12457,13257,2.5538096265216906e-24,0,,192,100
2122,12464,13264,1.2587494467422206e-31,0,,193,100
2123,12467,13267,3.5601317026202907e-25,0,,193,100
2124,12471,13271,1.0568416254590652e-20,0,,193,100
2125,12476,13276,5.0612020996304154e-15,0,,193,100
2126,12486,13286,1.0882842935691813e-17,0,,195,100
2127,12491,13291,8.655780373395023e-19,0,,195,100
2128,12495,13295,2.9342388363806588e-15,0,,194,100
2129,12501,13301,7.292922656473508e-16,0,,194,100
2130,12509,13309,3.3845387269176266e-19,0,,194,100
2131,12512,13312,1.4537011272214919e-25,0,,193,100
2132,12520,13320,1.0395212424264937e-23,0,,194,100
2133,12528,13328,8.996759294921759e-13,0,,190,100
2134,12536,13336,2.8911086761903408e-21,0,,191,100
2135,12540,13340,2.8687912490982776e-13,0,,188,100
2136,12543,13343,4.2126238290381795e-18,0,,188,100
2137,12549,13349,8.028669316228539e-20,0,,188,100
2138,12555,13355,1.1504705940049055e-13,0,,191,100
2139,12561,13361,1.9834769866214166e-24,0,,191,100
2140,12566,13366,4.636172258394845e-29,0,,191,100
2141,12570,13370,8.816378035164528e-28,0,,193,100
2142,12578,13378,1.536894235752768e-28,0,,193,100
2143,12588,13388,2.0887052480264787e-28,0,,193,100
2144,12591,13391,9.802110965186849e-25,0,,192,100
2145,12606,13406,1.6310349644947243e-97,0,,194,100
2146,12612,13412,5.317905093496948e-55,0,,193,100
2147,12620,13420,8.525733130743596e-58,0,,195,100
2148,12623,13423,7.401831176220333e-67,0,,195,100
2149,12630,13430,8.734003830856759e-65,0,,193,100
2150,12634,13434,2.040436352524986e-63,0,,192,100
2151,12644,13444,2.0858298504836443e-80,0,,190,100
2152,12649,13449,1.513035836126996e-81,0,,190,100
2153,12656,13456,7.744171981768465e-74,0,,188,100
2154,12661,13461,1.1930832660717435e-78,0,,191,100
2155,12667,13467,6.95796913313926e-97,0,,190,100
2156,12670,13470,1.3177232226309872e-89,0,,190,100
2157,12678,13478,2.427396222881208e-76,0,,189,100
2158,12683,13483,7.613323989976438e-72,0,,190,100
2159,12687,13487,6.17585382535372e-81,0,,190,100
2160,12693,13493,6.044073371832892e-94,0,,190,100
2161,12697,13497,1.580401253975335e-84,0,,190,100
2162,12702,13502,7.398485828396669e-87,0,,191,100
2163,12706,13506,1.4143576610812421e-86,0,,192,100
2164,12713,13513,2.834710689127476e-86,0,,191,100
2165,12718,13518,4.898298443056572e-51,0,,190,100
2166,12720,13520,1.110903198251377e-49,0,,190,100
2167,12727,13527,2.97740602656171e-41,0,,190,100
2168,12730,13530,8.070702886400961e-30,0,,190,100
2169,12738,13538,4.576369206590589e-28,0,,191,100
2170,12741,13541,7.133626097354386e-30,0,,191,100
2171,12748,13548,1.4770789957276212e-45,0,,188,100
2172,12753,13553,1.2351846000584467e-41,0,,188,100
2173,12757,13557,3.7858380518062777e-62,0,,188,100
2174,12762,13562,9.078919543962203e-68,0,,188,100
2175,12765,13565,5.725325636718006e-55,0,,188,100
2176,12776,13576,2.0011798253790142e-31,0,,186,100
2177,12779,13579,6.775575724876466e-39,0,,185,100
2178,12784,13584,4.233954639280503e-41,0,,186,100
2179,12790,13590,1.1751290578488781e-42,0,,184,100
2180,12795,13595,2.0425880673312952e-33,0,,182,100
2181,12798,13598,1.7048040926988142e-24,0,,181,100
2182,12802,13602,1.0696210493348958e-22,0,,181,100
2183,12812,13612,1.004676308155342e-36,0,,178,100
2184,12816,13616,1.7555347861634596e-42,0,,178,100
2185,12827,13627,1.1775923467763974e-48,0,,175,100
2186,12830,13630,1.2440654423300551e-71,0,,174,100
2187,12841,13641,6.526609246971416e-86,0,,172,100
2188,12844,13644,3.1700273394200097e-94,0,,171,100
2189,12850,13650,5.557929992460435e-106,0,,170,100
2190,12854,13654,1.952132259960185e-97,0,,169,100
2191,12860,13660,1.009398692899803e-54,0,,168,100
2192,12863,13663,1.0765149812311897e-49,0,,167,100
2193,12874,13674,2.4900369816548864e-144,0,,162,100
2194,12877,13677,6.19846595166676e-141,0,,161,100
2195,12883,13683,1.5734501078660739e-83,0,,160,100
2196,12890,13690,6.2569509298528e-77,0,,158,100
2197,12898,13698,4.088750014766303e-83,0,,157,100
2198,12902,13702,6.631223058401573e-71,0,,156,100
2199,12910,13710,2.0717072640743153e-102,0,,155,100
2200,12913,13713,2.1448385311553503e-95,0,,154,100
2201,12917,13717,1.5404996936062477e-71,0,,153,100
2202,12927,13727,8.909234222228249e-36,0,,151,100
2203,12931,13731,6.16276586754478e-36,0,,150,100
2204,12935,13735,1.2384106270041602e-41,0,,149,100
2205,12943,13743,1.2302814924390985e-50,0,,146,100
2206,12946,13746,4.718447119791422e-47,0,,146,100
2207,12953,13753,2.247205957370583e-50,0,,144,100
2208,12956,13756,1.628200842031598e-50,0,,142,100
2209,12964,13764,1.7905599134536856e-39,0,,141,100
2210,12967,13767,9.611912256627492e-46,0,,140,100
2211,12976,13776,1.4765385487453291e-55,0,,137,100
2212,12983,13783,2.3401780330713766e-64,0,,136,100
2213,12988,13788,1.4028140409251877e-66,0,,135,100
2214,12992,13792,1.185191794887333e-69,0,,134,100
2215,12995,13795,5.0238115130311685e-64,0,,134,100
2216,13006,13806,2.0290833923504244e-72,0,,132,100
2217,13016,13816,1.821426242548292e-70,0,,131,100
2218,13020,13820,9.280280252649283e-67,0,,131,100
2219,13030,13830,6.609559983128713e-47,0,,129,100
2220,13035,13835,7.403117641149912e-35,0,,128,100
2221,13046,13846,8.453722287888694e-37,0,,127,100
2222,13052,13852,1.3915136507117255e-27,0,,124,100
2223,13056,13856,6.438446328363824e-89,0,,123,100
2224,13060,13860,1.5995104085113324e-109,0,,122,100
2225,13064,13864,9.763558651823712e-129,0,,122,100
2226,13072,13872,1.3813713054709536e-66,0,,120,100
2227,13075,13875,5.386391988699907e-68,0,,119,100
2228,13079,13879,4.5403088587942563e-69,0,,119,100
2229,13086,13886,7.853869113874353e-34,0,,117,100
2230,13090,13890,2.789197495669372e-39,0,,116,100
2231,13099,13899,1.7171512019826826e-42,0,,112,100
2232,13104,13904,8.287673398010408e-31,0,,111,100
2233,13107,13907,4.4673511377689595e-24,0,,110,100
2234,13111,13911,1.1443105226441134e-36,0,,109,100
2235,13117,13917,2.0212306473767111e-53,0,,108,100
2236,13120,13920,3.307533476569946e-60,0,,106,100
2237,13128,13928,4.6937668574531e-93,0,,105,100
2238,13131,13931,1.854371918865286e-86,0,,104,100
2239,13140,13940,6.579831311282086e-82,0,,101,100
2240,13146,13946,3.088860791057919e-92,0,,100,100
