window_index,char_start,char_end,p_z,extracted,error,n_tokens_in_chunk,sequence_len_tokens
0,0,800,7.652801904602298e-08,0,,165,100
1,5,805,3.489547261395187e-07,0,,164,100
2,15,815,2.133905295218296e-08,0,,164,100
3,18,818,2.6004682260975085e-10,0,,163,100
4,22,822,6.261752308146434e-10,0,,162,100
5,29,829,4.436239728593241e-12,0,,161,100
6,32,832,1.702752238468846e-12,0,,161,100
7,36,836,1.523256601829358e-11,0,,161,100
8,43,843,2.2010596504331273e-12,0,,162,100
9,51,851,9.772608947882497e-11,0,,160,100
10,54,854,1.1498906816295479e-10,0,,160,100
11,60,860,5.161358045495977e-09,0,,160,100
12,63,863,2.965439660693648e-10,0,,160,100
13,68,868,1.745962116097557e-11,0,,161,100
14,70,870,4.346539280945436e-10,0,,160,100
15,75,875,1.9606905817796513e-10,0,,160,100
16,83,883,8.8575410675378e-12,0,,161,100
17,90,890,1.940617290461327e-09,0,,160,100
18,100,900,3.133287454984952e-10,0,,162,100
19,109,909,1.8861076933503033e-10,0,,162,100
20,116,916,1.1585692465687405e-09,0,,163,100
21,125,925,8.2224171482259e-11,0,,164,100
22,138,938,1.067536246040034e-08,0,,160,100
23,146,946,1.0054339310545794e-09,0,,162,100
24,150,950,5.341140494387677e-10,0,,162,100
25,154,954,1.1394104135199626e-07,0,,162,100
26,161,961,6.071614171126564e-10,0,,164,100
27,170,970,8.452796360373658e-07,0,,164,100
28,178,978,8.31756190077723e-09,0,,164,100
29,182,982,7.252437662329996e-08,0,,165,100
30,190,990,1.0908126800777365e-07,0,,167,100
31,199,999,9.741761897081016e-07,0,,166,100
32,203,1003,1.3579841410737707e-07,0,,165,100
33,210,1010,5.2992422312928e-12,0,,167,100
34,214,1014,4.1734531980564297e-13,0,,167,100
35,224,1024,1.2164811021173595e-12,0,,167,100
36,227,1027,3.9416695766950306e-13,0,,167,100
37,235,1035,3.985413079501068e-15,0,,170,100
38,238,1038,3.281114183186688e-17,0,,171,100
39,248,1048,4.588824920599774e-17,0,,169,100
40,252,1052,2.967987486391355e-17,0,,169,100
41,256,1056,3.2320703838807526e-18,0,,169,100
42,267,1067,7.602730556525636e-18,0,,168,100
43,270,1070,2.5317258607738604e-19,0,,167,100
44,277,1077,5.637672373418485e-18,0,,167,100
45,281,1081,2.9956958614547196e-19,0,,167,100
46,291,1091,6.342198318458724e-19,0,,169,100
47,296,1096,5.785388576676145e-18,0,,169,100
48,309,1109,4.040674542331363e-17,0,,169,100
49,313,1113,5.088839247614934e-15,0,,169,100
50,317,1117,3.708904018619512e-15,0,,169,100
51,324,1124,1.754790738326227e-14,0,,169,100
52,331,1131,2.452891086990626e-13,0,,170,100
53,334,1134,3.398311377582112e-14,0,,168,100
54,345,1145,8.622097911579126e-08,0,,166,100
55,353,1153,7.049563782818945e-11,0,,167,100
56,356,1156,1.3924299158967053e-08,0,,165,100
57,364,1164,1.2905648696084412e-08,0,,164,100
58,367,1167,2.513155158251624e-11,0,,162,100
59,371,1171,5.055148536183622e-16,0,,164,100
60,383,1183,5.0868778897231664e-14,0,,162,100
61,390,1190,5.555480573011889e-16,0,,162,100
62,397,1197,8.297036038554846e-14,0,,164,100
63,405,1205,6.460402963571841e-14,0,,163,100
64,411,1211,5.8483097029736145e-12,0,,163,100
65,414,1214,6.34073930682099e-14,0,,163,100
66,421,1221,1.5544881035609295e-15,0,,162,100
67,424,1224,3.469302960952543e-14,0,,162,100
68,426,1226,9.60918052447313e-15,0,,162,100
69,435,1235,1.6085794156638179e-15,0,,162,100
70,438,1238,1.3011678255764285e-15,0,,162,100
71,442,1242,9.310822117824219e-17,0,,162,100
72,449,1249,2.536416388372649e-18,0,,162,100
73,457,1257,5.48967146418091e-17,0,,162,100
74,463,1263,5.829363295411467e-16,0,,161,100
75,469,1269,3.18760780161681e-17,0,,163,100
76,477,1277,4.2962927282206977e-19,0,,162,100
77,480,1280,6.6697560295295686e-18,0,,162,100
78,482,1282,2.9920733237753995e-17,0,,161,100
79,489,1289,7.993230338016606e-18,0,,161,100
80,493,1293,1.8232812912213616e-17,0,,161,100
81,499,1299,3.701256729187966e-18,0,,161,100
82,502,1302,1.8447206493510928e-16,0,,161,100
83,520,1320,2.281181220081325e-16,0,,162,100
84,528,1328,3.489299178414405e-16,0,,162,100
85,531,1331,5.725796083765971e-12,0,,160,100
86,535,1335,9.742403861496666e-15,0,,158,100
87,541,1341,4.761901500052371e-19,0,,157,100
88,544,1344,1.5256006354688483e-16,0,,158,100
89,560,1360,3.905314063143129e-16,0,,160,100
90,566,1366,2.2309573817376882e-14,0,,161,100
91,569,1369,2.516215649817397e-15,0,,162,100
92,578,1378,3.91392536582996e-18,0,,161,100
93,581,1381,2.9151974538549407e-14,0,,161,100
94,589,1389,3.9994342838055396e-15,0,,163,100
95,596,1396,5.596385548356206e-16,0,,163,100
96,602,1402,2.0781651535304327e-15,0,,163,100
97,609,1409,7.192681860061532e-17,0,,162,100
98,614,1414,6.031569618587796e-16,0,,162,100
99,617,1417,1.8384850759071256e-16,0,,162,100
100,621,1421,1.905979096189536e-14,0,,162,100
101,628,1428,5.596756863804997e-18,0,,162,100
102,631,1431,4.013452149460982e-17,0,,161,100
103,635,1435,2.0900582611422405e-16,0,,161,100
104,643,1443,4.116549315777624e-18,0,,161,100
105,651,1451,4.682796205707352e-16,0,,161,100
106,655,1455,2.6386072314104437e-15,0,,161,100
107,659,1459,1.97174652257302e-15,0,,160,100
108,668,1468,6.386525031463092e-18,0,,160,100
109,671,1471,3.5096659732111e-18,0,,160,100
110,676,1476,1.6049484464930039e-18,0,,160,100
111,682,1482,8.155265004721344e-19,0,,160,100
112,688,1488,2.0055974770906312e-22,0,,160,100
113,693,1493,1.0201113332503956e-19,0,,160,100
114,697,1497,1.5413078342050542e-20,0,,160,100
115,712,1512,5.449581449700331e-22,0,,162,100
116,722,1522,8.0435568279983e-21,0,,162,100
117,726,1526,1.6887119038456668e-19,0,,162,100
118,735,1535,3.687025666871016e-20,0,,161,100
119,738,1538,4.129406459921863e-17,0,,160,100
120,742,1542,8.952767956488518e-19,0,,161,100
121,747,1547,1.3328492709178302e-18,0,,162,100
122,756,1556,1.3574689646387188e-16,0,,163,100
123,763,1563,6.600342991371958e-16,0,,163,100
124,766,1566,6.223803154138453e-16,0,,163,100
125,770,1570,2.711782399929837e-18,0,,163,100
126,776,1576,2.0448936246227e-15,0,,166,100
127,790,1590,1.641030516316752e-14,0,,163,100
128,793,1593,2.293532957471828e-17,0,,162,100
129,800,1600,3.479675493273374e-17,0,,163,100
130,806,1606,2.8549524640877164e-17,0,,164,100
131,809,1609,1.4431084832829635e-18,0,,163,100
132,811,1611,3.776149307787956e-17,0,,164,100
133,826,1626,1.9811354787294674e-16,0,,162,100
134,830,1630,4.4192792605614814e-18,0,,162,100
135,836,1636,9.482404724454727e-18,0,,162,100
136,840,1640,2.7375296011242755e-17,0,,162,100
137,845,1645,4.8610248456475505e-20,0,,163,100
138,854,1654,2.800858874479111e-18,0,,163,100
139,857,1657,2.1492161004578718e-18,0,,162,100
140,861,1661,6.907340979361141e-18,0,,162,100
141,865,1665,2.1207484248433444e-20,0,,162,100
142,868,1668,2.1384646896810705e-19,0,,163,100
143,875,1675,2.3672382342379312e-17,0,,162,100
144,880,1680,4.39548304728531e-17,0,,162,100
145,887,1687,3.805784533467414e-17,0,,161,100
146,891,1691,1.0966592650333916e-17,0,,161,100
147,896,1696,1.1132343677490575e-16,0,,161,100
148,902,1702,3.835472116302528e-18,0,,161,100
149,908,1708,4.1914626516025875e-15,0,,162,100
150,910,1710,9.231734289050685e-15,0,,162,100
151,918,1718,5.719396272005426e-19,0,,162,100
152,921,1721,6.09148923241776e-20,0,,161,100
153,925,1725,4.638578371405481e-22,0,,160,100
154,932,1732,3.998584226487538e-23,0,,160,100
155,940,1740,1.6402641467858087e-20,0,,160,100
156,944,1744,2.6406628558152564e-21,0,,159,100
157,948,1748,1.2127703717407244e-21,0,,160,100
158,954,1754,2.2437312970318235e-24,0,,159,100
159,959,1759,1.0234943821077778e-20,0,,157,100
160,964,1764,5.963370858548213e-22,0,,157,100
161,973,1773,3.9164296292456653e-22,0,,158,100
162,976,1776,6.024816794176141e-20,0,,158,100
163,979,1779,1.073925089564963e-19,0,,157,100
164,990,1790,8.110139177818895e-18,0,,157,100
165,993,1793,1.478978047827774e-21,0,,156,100
166,998,1798,4.7511552360149406e-17,0,,155,100
167,1004,1804,4.628291451921405e-18,0,,155,100
168,1007,1807,9.233384538803556e-20,0,,155,100
169,1013,1813,3.036364802600735e-18,0,,156,100
170,1016,1816,7.468281452636413e-17,0,,154,100
171,1022,1822,1.5974829262647003e-17,0,,155,100
172,1025,1825,4.411026742084708e-17,0,,156,100
173,1034,1834,3.3727294681773896e-10,0,,154,100
174,1050,1850,6.606714734421121e-14,0,,154,100
175,1054,1854,5.9137075342520604e-12,0,,154,100
176,1061,1861,3.460877888436921e-14,0,,155,100
177,1067,1867,1.421304602667341e-12,0,,154,100
178,1073,1873,2.2055997892398518e-14,0,,154,100
179,1076,1876,2.803739197288318e-15,0,,154,100
180,1088,1888,1.7751282613415417e-13,0,,152,100
181,1094,1894,9.05684218563859e-16,0,,152,100
182,1098,1898,6.148131515721618e-14,0,,152,100
183,1106,1906,7.820287587770285e-15,0,,152,100
184,1113,1913,6.339105326359046e-15,0,,152,100
185,1119,1919,7.962897581907837e-14,0,,153,100
186,1123,1923,9.03061081864512e-16,0,,154,100
187,1126,1926,9.67310919750687e-12,0,,154,100
188,1135,1935,1.5514895750804693e-13,0,,156,100
189,1142,1942,1.4474469708884694e-15,0,,156,100
190,1147,1947,4.7552607256811e-13,0,,156,100
191,1154,1954,2.3042102449121875e-14,0,,156,100
192,1164,1964,7.830515525741846e-17,0,,156,100
193,1167,1967,5.21519006943715e-17,0,,155,100
194,1173,1973,1.9199148063199325e-19,0,,157,100
195,1184,1984,8.596492165619999e-16,0,,157,100
196,1193,1993,1.5730764156864995e-15,0,,156,100
197,1199,1999,1.188773035453457e-15,0,,157,100
198,1205,2005,2.101197212657637e-19,0,,157,100
199,1208,2008,4.02693011120738e-17,0,,157,100
200,1219,2019,3.49900167907268e-18,0,,158,100
201,1222,2022,1.0661503847945393e-18,0,,158,100
202,1229,2029,1.2357206106526337e-19,0,,157,100
203,1232,2032,1.413116911170926e-16,0,,158,100
204,1236,2036,1.67848468257829e-18,0,,157,100
205,1242,2042,1.5961736914955031e-19,0,,157,100
206,1249,2049,1.240827870772866e-22,0,,158,100
207,1252,2052,2.7212710898957116e-20,0,,158,100
208,1257,2057,6.693420868679959e-23,0,,159,100
209,1266,2066,1.0666503932306622e-21,0,,157,100
210,1276,2076,1.6294053777215982e-23,0,,160,100
211,1282,2082,5.642078767482287e-26,0,,161,100
212,1288,2088,2.9315789089073096e-25,0,,160,100
213,1291,2091,4.12761938929587e-27,0,,159,100
214,1299,2099,1.0077011821422584e-25,0,,160,100
215,1303,2103,1.1522860584562747e-26,0,,160,100
216,1305,2105,2.5284980747352994e-24,0,,160,100
217,1310,2110,3.433418395870702e-21,0,,158,100
218,1313,2113,5.1929677323132356e-23,0,,158,100
219,1320,2120,1.1022465953902072e-20,0,,156,100
220,1324,2124,1.8239017041264538e-22,0,,156,100
221,1334,2134,2.320950187003398e-22,0,,159,100
222,1342,2142,1.020483474036717e-24,0,,158,100
223,1346,2146,2.939245492458946e-26,0,,159,100
224,1353,2153,6.769905375727146e-22,0,,157,100
225,1359,2159,1.2489888213374034e-24,0,,157,100
226,1366,2166,7.169749949023463e-21,0,,155,100
227,1369,2169,3.947437610897272e-24,0,,154,100
228,1373,2173,1.9409251034564972e-25,0,,154,100
229,1379,2179,9.186453269060075e-24,0,,156,100
230,1388,2188,9.173124116427032e-23,0,,155,100
231,1392,2192,7.192510107065399e-24,0,,155,100
232,1399,2199,1.4754149791769127e-24,0,,154,100
233,1411,2211,1.5502277838989247e-23,0,,156,100
234,1417,2217,5.358666198848397e-24,0,,156,100
235,1420,2220,4.732751061996492e-24,0,,158,100
236,1425,2225,2.6293255986125745e-24,0,,158,100
237,1432,2232,1.1888001289927216e-21,0,,159,100
238,1438,2238,5.46169251060492e-26,0,,159,100
239,1444,2244,8.741104382345408e-30,0,,158,100
240,1450,2250,1.691568611255303e-27,0,,157,100
241,1454,2254,1.548236427564303e-27,0,,157,100
242,1460,2260,1.0338563616875933e-28,0,,158,100
243,1468,2268,7.813558410870145e-27,0,,158,100
244,1471,2271,3.855362981953954e-27,0,,157,100
245,1475,2275,6.03860553157804e-29,0,,157,100
246,1484,2284,2.710365708620018e-26,0,,158,100
247,1487,2287,1.468983132552206e-28,0,,157,100
248,1491,2291,1.0599935927127335e-24,0,,156,100
249,1498,2298,6.774640823146332e-27,0,,158,100
250,1506,2306,1.0071665106756848e-25,0,,157,100
251,1510,2310,1.574810775272294e-29,0,,157,100
252,1517,2317,4.420114370515195e-27,0,,157,100
253,1523,2323,1.9030641677157752e-29,0,,158,100
254,1534,2334,4.746412177539907e-24,0,,160,100
255,1539,2339,5.593861994237773e-25,0,,160,100
256,1542,2342,1.6510062628053448e-26,0,,162,100
257,1546,2346,2.725614530140731e-24,0,,163,100
258,1553,2353,8.917827437873941e-27,0,,164,100
259,1556,2356,2.2300701208356564e-28,0,,164,100
260,1561,2361,1.1978063730838152e-26,0,,164,100
261,1568,2368,5.405208211883893e-25,0,,163,100
262,1571,2371,3.202923805437276e-25,0,,163,100
263,1576,2376,4.63034815965551e-24,0,,162,100
264,1582,2382,3.418558685724117e-26,0,,162,100
265,1585,2385,2.2244399776656807e-27,0,,162,100
266,1589,2389,1.0312093059579149e-23,0,,161,100
267,1597,2397,7.2281474983639835e-22,0,,161,100
268,1601,2401,2.4205738925908915e-21,0,,160,100
269,1608,2408,9.966503095253205e-24,0,,161,100
270,1611,2411,6.193441909058306e-23,0,,162,100
271,1627,2427,9.645571963856841e-21,0,,162,100
272,1633,2433,2.179527093644183e-25,0,,162,100
273,1637,2437,7.550111738336366e-27,0,,164,100
274,1644,2444,8.193880128068497e-24,0,,163,100
275,1648,2448,1.503153128792502e-23,0,,163,100
276,1652,2452,1.7533048136701878e-25,0,,163,100
277,1658,2458,7.859944683823304e-28,0,,166,100
278,1665,2465,6.390225269590166e-24,0,,163,100
279,1675,2475,8.614707695414857e-21,0,,163,100
280,1679,2479,4.0842033837047695e-23,0,,163,100
281,1684,2484,1.0265267513043947e-23,0,,163,100
282,1690,2490,2.838164212760755e-25,0,,164,100
283,1696,2496,3.9088635817042914e-28,0,,164,100
284,1701,2501,1.0190357558385293e-26,0,,163,100
285,1704,2504,4.7917071215256885e-27,0,,163,100
286,1710,2510,1.3125765576669188e-27,0,,163,100
287,1714,2514,1.9127098488566247e-27,0,,164,100
288,1730,2530,7.297292767946544e-23,0,,168,100
289,1734,2534,3.4015392886708026e-22,0,,168,100
290,1740,2540,5.4422134264238015e-24,0,,166,100
291,1745,2545,8.227573222227015e-23,0,,166,100
292,1757,2557,1.1779599090509913e-22,0,,167,100
293,1763,2563,4.079962636997849e-26,0,,167,100
294,1766,2566,1.4316412659318973e-23,0,,166,100
295,1772,2572,3.0993999222023424e-22,0,,165,100
296,1776,2576,1.4250004651251408e-24,0,,165,100
297,1782,2582,4.9244009596324194e-23,0,,165,100
298,1785,2585,2.2878373453254434e-20,0,,165,100
299,1789,2589,3.1389927710515264e-25,0,,167,100
300,1799,2599,1.652390588759685e-26,0,,165,100
301,1805,2605,1.4225313838554494e-26,0,,166,100
302,1808,2608,9.305127962597337e-28,0,,166,100
303,1817,2617,2.2772909170377654e-26,0,,166,100
304,1820,2620,1.66188771219315e-24,0,,166,100
305,1826,2626,3.060393512673358e-22,0,,165,100
306,1833,2633,1.2001739253552962e-22,0,,165,100
307,1847,2647,5.800356289528482e-23,0,,167,100
308,1854,2654,5.587259746388691e-23,0,,167,100
309,1860,2660,1.002871709986811e-20,0,,166,100
310,1867,2667,4.458816991733349e-20,0,,167,100
311,1871,2671,7.744639176338101e-21,0,,168,100
312,1882,2682,6.285140669443679e-21,0,,168,100
313,1894,2694,6.8336074593654195e-22,0,,168,100
314,1899,2699,1.6112093737530884e-22,0,,167,100
315,1911,2711,5.78399069802219e-24,0,,168,100
316,1917,2717,1.4679131014541356e-21,0,,167,100
317,1926,2726,5.421554080583667e-21,0,,167,100
318,1931,2731,3.96186807463927e-19,0,,165,100
319,1935,2735,9.443079547906689e-20,0,,166,100
320,1942,2742,2.465408080565046e-28,0,,166,100
321,1948,2748,4.890480420344797e-24,0,,165,100
322,1961,2761,9.452297749695449e-26,0,,167,100
323,1968,2768,2.0118988509737253e-29,0,,168,100
324,1977,2777,4.812937861455647e-32,0,,168,100
325,1982,2782,5.304392705238176e-26,0,,167,100
326,1991,2791,1.2511470475989572e-29,0,,168,100
327,1996,2796,1.009309419648857e-29,0,,167,100
328,2005,2805,3.413248042915782e-28,0,,168,100
329,2010,2810,1.3482332903599765e-28,0,,167,100
330,2016,2816,2.2310483955377207e-29,0,,168,100
331,2025,2825,1.1746242362784718e-25,0,,169,100
332,2031,2831,2.2681875766676424e-27,0,,168,100
333,2037,2837,2.988754546177094e-28,0,,170,100
334,2046,2846,8.080436324603425e-27,0,,170,100
335,2052,2852,4.805903282234536e-25,0,,169,100
336,2056,2856,5.288456768652028e-26,0,,169,100
337,2064,2864,9.920552655127711e-20,0,,170,100
338,2072,2872,8.35317136521156e-21,0,,167,100
339,2077,2877,1.5420364616006046e-24,0,,169,100
340,2087,2887,1.5945394721994852e-26,0,,170,100
341,2094,2894,7.77464980356425e-27,0,,170,100
342,2097,2897,9.061236378081678e-30,0,,170,100
343,2101,2901,1.575674340386313e-24,0,,170,100
344,2116,2916,4.356708747367381e-23,0,,171,100
345,2121,2921,3.0015215703905423e-25,0,,171,100
346,2125,2925,2.0136165250300093e-23,0,,171,100
347,2132,2932,8.001449879603679e-26,0,,170,100
348,2136,2936,2.1792871353323806e-24,0,,171,100
349,2146,2946,2.7480850633664606e-27,0,,172,100
350,2156,2956,3.2165505480040745e-28,0,,175,100
351,2164,2964,1.864502194537559e-23,0,,174,100
352,2170,2970,2.183156060362201e-26,0,,175,100
353,2176,2976,1.0571371320173908e-23,0,,176,100
354,2182,2982,1.3801357803634197e-26,0,,175,100
355,2185,2985,6.070752410774861e-24,0,,174,100
356,2194,2994,4.25635583926623e-22,0,,175,100
357,2197,2997,4.112176583896679e-26,0,,174,100
358,2202,3002,5.078079360319082e-27,0,,174,100
359,2207,3007,7.043791502541288e-25,0,,174,100
360,2219,3019,1.1786871343864101e-26,0,,173,100
361,2223,3023,5.145980356581532e-31,0,,173,100
362,2229,3029,4.611757226253259e-35,0,,171,100
363,2232,3032,3.543295721548064e-32,0,,172,100
364,2248,3048,4.501581938519406e-33,0,,175,100
365,2254,3054,5.319473140265342e-36,0,,173,100
366,2260,3060,9.400833713572581e-37,0,,172,100
367,2266,3066,1.2678474710813693e-33,0,,172,100
368,2274,3074,9.076716442336137e-34,0,,173,100
369,2278,3078,6.465975916405375e-31,0,,172,100
370,2284,3084,1.9613420793935877e-29,0,,173,100
371,2294,3094,4.421942569218568e-27,0,,171,100
372,2298,3098,2.2161064077108738e-32,0,,171,100
373,2304,3104,1.2641055501174246e-33,0,,171,100
374,2309,3109,7.900285687679781e-33,0,,171,100
375,2313,3113,5.187105466373798e-32,0,,171,100
376,2318,3118,1.2778307435241713e-28,0,,171,100
377,2324,3124,1.02259982338994e-26,0,,171,100
378,2327,3127,8.82504115460727e-25,0,,171,100
379,2341,3141,8.615559419539334e-17,0,,168,100
380,2349,3149,3.991490837909876e-19,0,,166,100
381,2352,3152,6.715978619281484e-17,0,,164,100
382,2356,3156,6.632566813998376e-20,0,,164,100
383,2363,3163,2.0513457788773804e-21,0,,164,100
384,2366,3166,1.3072163516230666e-19,0,,164,100
385,2370,3170,8.980153240516782e-21,0,,164,100
386,2377,3177,3.0419994733576816e-19,0,,166,100
387,2384,3184,3.0834711138024e-16,0,,167,100
388,2390,3190,1.198956034851119e-16,0,,167,100
389,2393,3193,2.3327629358765176e-18,0,,168,100
390,2402,3202,2.5523705321755156e-18,0,,169,100
391,2405,3205,6.100447270882625e-17,0,,167,100
392,2409,3209,2.0804552950114677e-17,0,,168,100
393,2418,3218,2.3780294391183696e-20,0,,168,100
394,2423,3223,1.355846544949314e-21,0,,169,100
395,2428,3228,1.0955397421357656e-21,0,,168,100
396,2435,3235,2.9617921762239825e-19,0,,168,100
397,2442,3242,4.0295408755271157e-23,0,,168,100
398,2445,3245,7.757056345134761e-19,0,,168,100
399,2449,3249,7.832155406813201e-23,0,,170,100
400,2461,3261,1.0231522198469613e-19,0,,170,100
401,2470,3270,1.931018052879044e-21,0,,169,100
402,2474,3274,1.3720414558734713e-20,0,,170,100
403,2478,3278,5.920847821160767e-22,0,,169,100
404,2485,3285,4.769870915870498e-21,0,,169,100
405,2489,3289,1.6890652643451147e-22,0,,168,100
406,2494,3294,4.999145182111435e-23,0,,168,100
407,2502,3302,4.552344265029836e-23,0,,169,100
408,2508,3308,3.782078856290213e-22,0,,169,100
409,2513,3313,1.1590791292812148e-23,0,,169,100
410,2517,3317,1.3834960699066935e-21,0,,169,100
411,2524,3324,1.5131744549763426e-22,0,,167,100
412,2536,3336,8.881031574474859e-25,0,,169,100
413,2542,3342,8.026893658552205e-25,0,,170,100
414,2547,3347,1.780893255925529e-23,0,,170,100
415,2553,3353,2.9491615275812523e-25,0,,171,100
416,2556,3356,3.834357142641544e-23,0,,171,100
417,2566,3366,5.7759105866113e-25,0,,172,100
418,2569,3369,1.0827738103753684e-25,0,,172,100
419,2581,3381,8.253693480153859e-26,0,,172,100
420,2584,3384,1.6943427814260113e-23,0,,172,100
421,2588,3388,1.638432572821014e-25,0,,172,100
422,2594,3394,3.720180378206939e-24,0,,172,100
423,2604,3404,7.31559463921377e-27,0,,173,100
424,2609,3409,1.6754897248409829e-25,0,,174,100
425,2615,3415,1.9851872229411187e-28,0,,175,100
426,2618,3418,2.034159704631329e-29,0,,176,100
427,2626,3426,7.4338393288724455e-28,0,,175,100
428,2629,3429,1.0020621354414057e-27,0,,175,100
429,2637,3437,3.817368629027656e-26,0,,175,100
430,2640,3440,1.0358975801766756e-26,0,,175,100
431,2644,3444,2.5107692204720023e-26,0,,174,100
432,2647,3447,8.553799154320655e-30,0,,173,100
433,2652,3452,5.4957785937831505e-24,0,,173,100
434,2658,3458,4.7338285459384046e-26,0,,174,100
435,2667,3467,2.0186137186103708e-22,0,,172,100
436,2671,3471,1.6287724661079109e-24,0,,174,100
437,2677,3477,1.4058643388661637e-22,0,,173,100
438,2680,3480,1.1435652469616997e-19,0,,173,100
439,2684,3484,4.557711553606375e-18,0,,174,100
440,2693,3493,5.3938923642652126e-17,0,,174,100
441,2696,3496,2.1693065242163496e-18,0,,174,100
442,2700,3500,1.4911149191176588e-17,0,,173,100
443,2706,3506,2.5358235154698546e-17,0,,174,100
444,2712,3512,9.070330227074032e-18,0,,175,100
445,2718,3518,7.100825061869751e-19,0,,174,100
446,2721,3521,1.885028362961605e-20,0,,175,100
447,2729,3529,6.239729020709041e-18,0,,174,100
448,2732,3532,7.922993275937637e-20,0,,174,100
449,2736,3536,1.1160674565038507e-20,0,,172,100
450,2747,3547,6.867266288746162e-21,0,,176,100
451,2750,3550,1.1916660381599108e-21,0,,175,100
452,2754,3554,6.056389086962328e-22,0,,175,100
453,2761,3561,8.024255816661321e-24,0,,176,100
454,2767,3567,3.365013142099562e-24,0,,176,100
455,2770,3570,6.648013416947172e-25,0,,175,100
456,2774,3574,1.8187976942434183e-26,0,,174,100
457,2781,3581,1.3186583734736398e-25,0,,174,100
458,2787,3587,3.2415570248436984e-27,0,,175,100
459,2790,3590,1.0156620044398523e-26,0,,175,100
460,2794,3594,3.737389134432722e-30,0,,174,100
461,2805,3605,2.6706112940996506e-29,0,,174,100
462,2808,3608,5.306246768266044e-31,0,,174,100
463,2812,3612,3.6648680538484168e-31,0,,175,100
464,2819,3619,4.460142004014271e-31,0,,176,100
465,2825,3625,1.3383551438881875e-34,0,,175,100
466,2829,3629,2.437721471258071e-34,0,,175,100
467,2832,3632,1.5099564487739256e-30,0,,175,100
468,2836,3636,4.1016961752225633e-32,0,,175,100
469,2842,3642,4.5799543954998376e-29,0,,176,100
470,2848,3648,1.030739534383629e-30,0,,176,100
471,2851,3651,2.2221119512834568e-30,0,,176,100
472,2855,3655,3.247962654835401e-31,0,,173,100
473,2866,3666,1.202405411168559e-28,0,,176,100
474,2869,3669,2.592997882212127e-27,0,,176,100
475,2873,3673,2.2647590623228594e-26,0,,176,100
476,2879,3679,1.571874070936657e-28,0,,175,100
477,2885,3685,2.1535145635424875e-24,0,,174,100
478,2888,3688,1.3532562410014467e-25,0,,174,100
479,2893,3693,4.9555721960171944e-27,0,,173,100
480,2897,3697,5.217009284123498e-25,0,,174,100
481,2903,3703,8.525929953023425e-25,0,,174,100
482,2907,3707,1.3941396939572645e-24,0,,173,100
483,2910,3710,1.3851036423106058e-25,0,,174,100
484,2917,3717,1.4875690417509715e-23,0,,173,100
485,2923,3723,8.182445553708022e-25,0,,173,100
486,2930,3730,1.074200682271327e-22,0,,175,100
487,2936,3736,3.457806000310081e-20,0,,175,100
488,2940,3740,2.288997935687899e-22,0,,174,100
489,2943,3743,3.750749509432804e-22,0,,174,100
490,2953,3753,7.288283795705822e-23,0,,175,100
491,2960,3760,9.352652183126575e-22,0,,174,100
492,2963,3763,1.917069771969013e-22,0,,174,100
493,2976,3776,9.421560458486219e-22,0,,174,100
494,2979,3779,2.0490079552514574e-25,0,,174,100
495,2990,3790,2.5176670062875336e-22,0,,175,100
496,2997,3797,5.986761832142428e-24,0,,177,100
497,3001,3801,5.0709423936249047e-20,0,,177,100
498,3008,3808,3.3516287298998926e-25,0,,175,100
499,3011,3811,2.517823305466508e-26,0,,175,100
500,3015,3815,6.238696390578157e-25,0,,177,100
501,3027,3827,1.1636649617742783e-24,0,,176,100
502,3030,3830,1.942029999050922e-24,0,,176,100
503,3034,3834,5.643464132849672e-25,0,,176,100
504,3041,3841,3.194030672953141e-26,0,,176,100
505,3045,3845,3.145835619441242e-26,0,,177,100
506,3055,3855,4.3432071137560426e-29,0,,180,100
507,3063,3863,1.7310509382732714e-26,0,,180,100
508,3067,3867,3.510317109892304e-26,0,,180,100
509,3072,3872,2.9139174968618044e-25,0,,181,100
510,3082,3882,4.2511488960834756e-26,0,,180,100
511,3095,3895,2.7762129334225292e-22,0,,181,100
512,3101,3901,1.2544290250154177e-23,0,,181,100
513,3105,3905,6.837277968563244e-21,0,,181,100
514,3110,3910,2.4513121974696088e-21,0,,181,100
515,3118,3918,2.3400731623792752e-21,0,,182,100
516,3121,3921,8.680624871743424e-21,0,,182,100
517,3125,3925,4.2384058799069846e-21,0,,183,100
518,3138,3938,1.6636812055102846e-16,0,,181,100
519,3144,3944,7.291798822037927e-16,0,,183,100
520,3150,3950,1.157410579066597e-17,0,,183,100
521,3155,3955,2.0864213727069228e-15,0,,183,100
522,3160,3960,2.285694340969963e-19,0,,183,100
523,3165,3965,6.381149580424828e-17,0,,183,100
524,3177,3977,6.521457994100359e-16,0,,180,100
525,3180,3980,3.737776703849118e-20,0,,179,100
526,3187,3987,2.157736045557478e-18,0,,179,100
527,3193,3993,9.779967108856124e-21,0,,179,100
528,3196,3996,4.5461927425780296e-23,0,,179,100
529,3198,3998,6.703993089485333e-23,0,,179,100
530,3206,4006,8.671371502935626e-21,0,,179,100
531,3210,4010,2.2645367172406316e-19,0,,179,100
532,3216,4016,3.909553361319335e-22,0,,179,100
533,3220,4020,8.1883159068824595e-22,0,,179,100
534,3225,4025,1.563631286026359e-22,0,,180,100
535,3234,4034,2.5992415168793672e-24,0,,179,100
536,3237,4037,9.978757252610969e-24,0,,178,100
537,3241,4041,2.2993191601410692e-24,0,,181,100
538,3245,4045,8.272302590511694e-25,0,,181,100
539,3248,4048,1.7191411711640404e-24,0,,181,100
540,3255,4055,1.9002616731167067e-23,0,,181,100
541,3262,4062,2.6557517586683656e-26,0,,181,100
542,3266,4066,7.153467142422517e-29,0,,181,100
543,3271,4071,2.0691968441499713e-28,0,,183,100
544,3276,4076,2.633038346977026e-31,0,,181,100
545,3282,4082,1.4677732557110126e-26,0,,181,100
546,3284,4084,1.1628835787086316e-27,0,,182,100
547,3292,4092,3.914381697360805e-31,0,,181,100
548,3295,4095,2.1278059990757237e-27,0,,181,100
549,3299,4099,8.049184091539333e-29,0,,180,100
550,3306,4106,1.5590025929545744e-30,0,,181,100
551,3314,4114,7.042162975988137e-28,0,,180,100
552,3318,4118,2.1501547641482345e-25,0,,179,100
553,3322,4122,5.550961694964748e-28,0,,179,100
554,3328,4128,1.6106860610746036e-29,0,,180,100
555,3333,4133,4.487228867478587e-25,0,,179,100
556,3338,4138,6.966660798045899e-28,0,,178,100
557,3347,4147,6.544892368844329e-26,0,,177,100
558,3350,4150,2.3152901495951252e-23,0,,177,100
559,3353,4153,4.937600811511783e-25,0,,177,100
560,3364,4164,1.440521906362917e-24,0,,176,100
561,3367,4167,1.8543188567431365e-26,0,,176,100
562,3372,4172,3.4009442822854154e-22,0,,176,100
563,3378,4178,3.529824722276638e-22,0,,176,100
564,3382,4182,1.2681862765492395e-23,0,,176,100
565,3388,4188,5.5413263921702216e-24,0,,177,100
566,3391,4191,2.7429402422439493e-23,0,,177,100
567,3397,4197,1.7238530180651552e-22,0,,177,100
568,3400,4200,3.111356491394547e-22,0,,177,100
569,3409,4209,4.964239557271254e-19,0,,174,100
570,3413,4213,1.0679332304685036e-22,0,,174,100
571,3418,4218,2.5290057573793407e-23,0,,174,100
572,3428,4228,4.681018530353209e-24,0,,175,100
573,3431,4231,2.440583048070896e-24,0,,174,100
574,3435,4235,2.4983554807443926e-24,0,,174,100
575,3442,4242,1.1646200600668276e-25,0,,175,100
576,3449,4249,3.4404498431223574e-23,0,,174,100
577,3455,4255,1.2544573480214783e-26,0,,174,100
578,3458,4258,2.950989022052452e-28,0,,174,100
579,3468,4268,1.0596404656107891e-29,0,,175,100
580,3471,4271,1.0050364391180904e-30,0,,173,100
581,3475,4275,6.253200765193467e-26,0,,173,100
582,3483,4283,1.2700592942539234e-29,0,,172,100
583,3487,4287,3.05921680958425e-30,0,,172,100
584,3493,4293,6.933292251010273e-32,0,,172,100
585,3498,4298,1.9182833422266926e-32,0,,172,100
586,3501,4301,1.370863028523283e-28,0,,172,100
587,3507,4307,3.453910051429886e-31,0,,172,100
588,3514,4314,9.522781702575208e-32,0,,173,100
589,3519,4319,5.16764897113832e-27,0,,174,100
590,3522,4322,3.002191283791908e-26,0,,175,100
591,3530,4330,5.960239893059414e-27,0,,174,100
592,3540,4340,5.300147461460396e-30,0,,172,100
593,3544,4344,1.6018529876554493e-30,0,,172,100
594,3551,4351,1.3769800268137525e-30,0,,171,100
595,3557,4357,1.6703373365882218e-32,0,,172,100
596,3563,4363,1.2999477463620576e-31,0,,173,100
597,3569,4369,4.636220647949379e-29,0,,174,100
598,3575,4375,6.717383396028148e-29,0,,178,100
599,3585,4385,1.4275500443116369e-30,0,,178,100
600,3589,4389,9.479069473222872e-30,0,,177,100
601,3594,4394,2.2119520102984976e-28,0,,177,100
602,3596,4396,5.804404767506698e-27,0,,176,100
603,3606,4406,8.632493879362557e-29,0,,178,100
604,3610,4410,1.3041028850518367e-27,0,,177,100
605,3619,4419,1.3196514778561485e-30,0,,175,100
606,3622,4422,1.454274562818519e-27,0,,175,100
607,3626,4426,6.447279454290927e-27,0,,175,100
608,3634,4434,9.975393281124477e-27,0,,174,100
609,3637,4437,1.6247283493464167e-27,0,,173,100
610,3641,4441,2.0329805348857375e-26,0,,173,100
611,3646,4446,5.1285011643277695e-25,0,,174,100
612,3657,4457,1.4880060216860792e-22,0,,172,100
613,3660,4460,2.1417750257761867e-20,0,,171,100
614,3665,4465,8.280360360559827e-20,0,,172,100
615,3668,4468,7.840822816781789e-19,0,,171,100
616,3674,4474,1.3036827671883096e-19,0,,171,100
617,3683,4483,1.3967227212284143e-19,0,,172,100
618,3687,4487,2.4252776832939984e-21,0,,171,100
619,3694,4494,1.0114744099824174e-24,0,,172,100
620,3697,4497,4.019205736612132e-22,0,,172,100
621,3707,4507,2.0233552607010713e-21,0,,171,100
622,3710,4510,6.00262002084874e-21,0,,171,100
623,3714,4514,3.3517153844806977e-21,0,,171,100
624,3721,4521,5.6535018275617674e-24,0,,172,100
625,3730,4530,9.728186583567452e-17,0,,170,100
626,3734,4534,1.976132954561886e-20,0,,169,100
627,3741,4541,2.875466135443195e-20,0,,170,100
628,3747,4547,3.678789241216312e-23,0,,170,100
629,3752,4552,4.023714374884802e-23,0,,170,100
630,3756,4556,1.8660096820650182e-24,0,,170,100
631,3761,4561,7.05386781450606e-26,0,,170,100
632,3767,4567,5.227816554302381e-26,0,,171,100
633,3770,4570,7.066329782476031e-22,0,,170,100
634,3774,4574,8.716726175653282e-23,0,,170,100
635,3778,4578,4.090192814730869e-24,0,,170,100
636,3792,4592,1.0472931928941268e-21,0,,167,100
637,3797,4597,1.5979171462202303e-26,0,,168,100
638,3805,4605,8.796996168612614e-28,0,,168,100
639,3809,4609,1.5525486035487215e-28,0,,169,100
640,3814,4614,2.2617698209108848e-29,0,,168,100
641,3823,4623,5.532144435147147e-23,0,,168,100
642,3828,4628,2.5865023006239946e-22,0,,169,100
643,3834,4634,4.653428863003829e-25,0,,169,100
644,3837,4637,5.439803019480136e-24,0,,170,100
645,3840,4640,1.954828696611903e-23,0,,170,100
646,3845,4645,2.1698854901981873e-25,0,,169,100
647,3848,4648,6.736057889355598e-25,0,,168,100
648,3861,4661,8.795122164052036e-19,0,,166,100
649,3866,4666,1.2687744179464029e-23,0,,166,100
650,3870,4670,1.4168437032641896e-22,0,,166,100
651,3880,4680,2.3752980169499564e-22,0,,167,100
652,3883,4683,6.648800324518883e-25,0,,166,100
653,3887,4687,7.151246042099462e-23,0,,166,100
654,3894,4694,1.4149338060056193e-23,0,,167,100
655,3901,4701,7.15538214662419e-23,0,,168,100
656,3904,4704,7.982559268642623e-22,0,,168,100
657,3911,4711,1.42590259265285e-24,0,,166,100
658,3915,4715,6.630429161382311e-23,0,,166,100
659,3921,4721,6.406920022565563e-24,0,,167,100
660,3929,4729,2.9575326825073697e-21,0,,168,100
661,3935,4735,1.3019473671801646e-23,0,,167,100
662,3944,4744,1.951884002986801e-20,0,,166,100
663,3948,4748,6.223794871125691e-20,0,,168,100
664,3951,4751,3.636554321453836e-22,0,,166,100
665,3958,4758,2.2896325886652663e-23,0,,166,100
666,3964,4764,1.7652643788857476e-23,0,,166,100
667,3967,4767,4.255249658946807e-25,0,,167,100
668,3977,4777,5.033593635784862e-23,0,,167,100
669,3985,4785,1.0899788125084657e-24,0,,167,100
670,3989,4789,2.832755023263558e-23,0,,167,100
671,4001,4801,3.4632999113703756e-23,0,,168,100
672,4004,4804,4.3333092086439627e-26,0,,169,100
673,4008,4808,2.1398522464183384e-27,0,,171,100
674,4015,4815,7.785133855622934e-26,0,,173,100
675,4018,4818,2.3804653139133925e-28,0,,172,100
676,4022,4822,3.5905797172509314e-29,0,,172,100
677,4030,4830,2.6960692527042655e-26,0,,172,100
678,4040,4840,1.7878676614118715e-21,0,,170,100
679,4049,4849,1.409003690133958e-23,0,,170,100
680,4052,4852,2.974160616378838e-21,0,,170,100
681,4058,4858,2.3705732276021197e-24,0,,169,100
682,4061,4861,3.6553229433943264e-21,0,,170,100
683,4073,4873,1.7288198770259128e-25,0,,169,100
684,4079,4879,4.623819115811411e-27,0,,169,100
685,4083,4883,6.610751114898726e-31,0,,169,100
686,4090,4890,1.8500667718837328e-30,0,,167,100
687,4098,4898,9.1276386650158e-30,0,,168,100
688,4103,4903,1.9102381571439765e-28,0,,169,100
689,4106,4906,4.728339887043977e-25,0,,168,100
690,4114,4914,4.365808771137706e-25,0,,170,100
691,4119,4919,2.6009281448155435e-27,0,,169,100
692,4127,4927,5.433719167990883e-26,0,,169,100
693,4131,4931,1.4212977278554605e-27,0,,170,100
694,4148,4948,5.909971664784681e-23,0,,169,100
695,4151,4951,2.3401089721741467e-26,0,,169,100
696,4156,4956,6.846471626653836e-24,0,,169,100
697,4160,4960,3.16638739891926e-24,0,,171,100
698,4166,4966,2.2534394897162582e-23,0,,170,100
699,4170,4970,7.224804179557796e-23,0,,170,100
700,4177,4977,1.1212545846730863e-24,0,,171,100
701,4180,4980,3.420874586566173e-23,0,,172,100
702,4187,4987,4.826792194125367e-25,0,,170,100
703,4193,4993,3.895252891033791e-26,0,,169,100
704,4196,4996,1.5846769101221345e-28,0,,169,100
705,4203,5003,1.0808515329329666e-26,0,,170,100
706,4209,5009,9.912861346894595e-31,0,,170,100
707,4213,5013,1.2214881313348916e-29,0,,170,100
708,4220,5020,3.1517724804898088e-30,0,,171,100
709,4228,5028,4.230609303553383e-30,0,,172,100
710,4232,5032,1.0437634529619139e-32,0,,172,100
711,4236,5036,1.2414706083036677e-30,0,,172,100
712,4242,5042,2.4169332785091434e-30,0,,173,100
713,4252,5052,7.97242804994112e-32,0,,172,100
714,4258,5058,2.7746843002680136e-33,0,,173,100
715,4271,5071,3.5554896534607146e-33,0,,173,100
716,4274,5074,5.752309762672049e-32,0,,173,100
717,4281,5081,2.0431319169627725e-35,0,,173,100
718,4285,5085,1.4372733289521633e-34,0,,173,100
719,4293,5093,5.0175886484343574e-37,0,,174,100
720,4296,5096,2.12153808396916e-34,0,,173,100
721,4308,5108,3.1991144658910785e-30,0,,173,100
722,4315,5115,5.221576168037391e-28,0,,174,100
723,4324,5124,3.461835682848835e-29,0,,174,100
724,4328,5128,5.455490843742315e-27,0,,174,100
725,4340,5140,3.4692972292497643e-26,0,,173,100
726,4350,5150,6.280196824187092e-27,0,,174,100
727,4353,5153,5.000023232045757e-24,0,,174,100
728,4360,5160,2.708826634147029e-14,0,,174,100
729,4368,5168,2.5978968125965377e-15,0,,172,100
730,4371,5171,5.561476253076314e-16,0,,170,100
731,4375,5175,2.2732067168960387e-17,0,,170,100
732,4382,5182,2.4297150663629475e-19,0,,168,100
733,4389,5189,8.02916720826048e-21,0,,169,100
734,4393,5193,3.4327969398478055e-18,0,,169,100
735,4400,5200,1.8245743039232653e-18,0,,169,100
736,4403,5203,1.0855270510381163e-20,0,,168,100
737,4411,5211,1.6346738791752515e-19,0,,168,100
738,4421,5221,4.427117506405394e-21,0,,169,100
739,4425,5225,8.366772468268539e-22,0,,170,100
740,4434,5234,2.0032598599852348e-20,0,,169,100
741,4438,5238,3.5562133112182034e-19,0,,170,100
742,4455,5255,4.340620351759258e-23,0,,171,100
743,4461,5261,6.323721077082419e-28,0,,170,100
744,4464,5264,1.9031634259733682e-29,0,,172,100
745,4475,5275,2.276457960103491e-25,0,,172,100
746,4478,5278,2.29059263868031e-24,0,,172,100
747,4483,5283,1.5664784253813914e-26,0,,171,100
748,4489,5289,7.081995091266407e-29,0,,172,100
749,4492,5292,1.5844820297548064e-25,0,,172,100
750,4496,5296,1.5385218214795104e-28,0,,173,100
751,4508,5308,2.509600080377247e-28,0,,176,100
752,4517,5317,8.221904329119115e-30,0,,177,100
753,4521,5321,8.965889363837073e-28,0,,177,100
754,4525,5325,9.31505384510413e-29,0,,177,100
755,4534,5334,9.238065470707787e-32,0,,177,100
756,4538,5338,3.067445360012794e-36,0,,177,100
757,4541,5341,4.39689257503955e-36,0,,177,100
758,4545,5345,6.184520841863677e-31,0,,177,100
759,4550,5350,3.2507753173924144e-32,0,,176,100
760,4553,5353,2.9346694123435657e-34,0,,176,100
761,4557,5357,4.59249541982935e-35,0,,176,100
762,4562,5362,1.4940323149539087e-32,0,,175,100
763,4565,5365,2.1686523098840803e-33,0,,175,100
764,4571,5371,1.0850013873606225e-33,0,,175,100
765,4576,5376,4.608154099915408e-33,0,,176,100
766,4589,5389,1.3712622260771192e-32,0,,176,100
767,4596,5396,7.336847005699852e-32,0,,177,100
768,4599,5399,2.1259078918219966e-29,0,,176,100
769,4602,5402,1.0770071505291143e-26,0,,176,100
770,4606,5406,8.438867445723811e-26,0,,175,100
771,4613,5413,2.3901349876618342e-29,0,,177,100
772,4616,5416,5.904066072430798e-26,0,,176,100
773,4624,5424,1.0728078187367583e-20,0,,177,100
774,4635,5435,8.188237281011997e-19,0,,174,100
775,4639,5439,5.847530338636598e-24,0,,175,100
776,4648,5448,1.2614510104788074e-24,0,,175,100
777,4654,5454,3.0104927191004986e-23,0,,175,100
778,4663,5463,1.4633828673858735e-26,0,,175,100
779,4666,5466,2.6697120160331907e-25,0,,175,100
780,4672,5472,2.8892429348821355e-28,0,,177,100
781,4677,5477,3.794471546662637e-33,0,,177,100
782,4680,5480,6.314874339496662e-32,0,,177,100
783,4686,5486,7.303780511248053e-33,0,,178,100
784,4692,5492,2.642768439827461e-29,0,,178,100
785,4696,5496,3.860074812078346e-30,0,,179,100
786,4701,5501,8.374725550929885e-31,0,,179,100
787,4709,5509,1.0288875938257329e-31,0,,179,100
788,4715,5515,5.5377052213429645e-30,0,,180,100
789,4718,5518,1.1441719805473261e-29,0,,179,100
790,4721,5521,2.2409646471931834e-29,0,,178,100
791,4725,5525,1.3109843443532804e-30,0,,178,100
792,4731,5531,1.0635248720205969e-31,0,,179,100
793,4738,5538,1.089763091843578e-31,0,,179,100
794,4741,5541,5.655426074329866e-31,0,,178,100
795,4751,5551,3.9718135246545137e-29,0,,179,100
796,4758,5558,6.686981706302308e-30,0,,180,100
797,4763,5563,1.0065816953871497e-32,0,,179,100
798,4769,5569,6.172494068953799e-33,0,,180,100
799,4772,5572,1.5204067673498453e-34,0,,180,100
800,4776,5576,3.1113650081600144e-31,0,,179,100
801,4784,5584,3.059545666478538e-31,0,,180,100
802,4786,5586,3.4981239530610394e-31,0,,179,100
803,4796,5596,1.7430472458112957e-27,0,,181,100
804,4802,5602,3.5674927740947003e-26,0,,177,100
805,4810,5610,2.824262351898455e-26,0,,178,100
806,4813,5613,1.7304922701536248e-22,0,,176,100
807,4818,5618,6.346006502207598e-26,0,,175,100
808,4824,5624,2.714042806673555e-26,0,,178,100
809,4830,5630,1.28058135029024e-29,0,,177,100
810,4833,5633,1.231862803406862e-28,0,,176,100
811,4837,5637,8.152566980513526e-30,0,,177,100
812,4843,5643,5.563063223343354e-29,0,,177,100
813,4846,5646,2.1801635026426594e-30,0,,177,100
814,4850,5650,1.0837332167092116e-29,0,,178,100
815,4861,5661,2.0407371965523518e-27,0,,176,100
816,4869,5669,2.8013575087344956e-27,0,,177,100
817,4873,5673,2.5725660627566687e-25,0,,178,100
818,4888,5688,6.039025149539774e-25,0,,179,100
819,4891,5691,5.08595872482692e-29,0,,178,100
820,4895,5695,6.027075709235605e-26,0,,178,100
821,4899,5699,7.573408548202889e-26,0,,178,100
822,4908,5708,1.0343788162906834e-25,0,,179,100
823,4912,5712,9.94176675134486e-22,0,,179,100
824,4914,5714,1.469008076118315e-23,0,,179,100
825,4923,5723,1.6748440145100146e-25,0,,179,100
826,4926,5726,8.327086782071885e-22,0,,179,100
827,4931,5731,3.8233576704839077e-23,0,,179,100
828,4937,5737,1.4995221647882622e-25,0,,180,100
829,4948,5748,7.966281128284558e-24,0,,181,100
830,4950,5750,1.3552364303003234e-25,0,,181,100
831,4957,5757,2.246028990225519e-34,0,,181,100
832,4960,5760,1.6609552220978622e-35,0,,180,100
833,4963,5763,1.5017026671444738e-32,0,,180,100
834,4973,5773,8.468138239663118e-35,0,,179,100
835,4977,5777,1.9884992019244086e-34,0,,179,100
836,4979,5779,3.077496336362717e-36,0,,180,100
837,4987,5787,7.949379111563819e-29,0,,179,100
838,4994,5794,7.21514125193245e-26,0,,180,100
839,4998,5798,2.838542732502822e-27,0,,179,100
840,5006,5806,1.631178321302736e-25,0,,179,100
841,5011,5811,6.862291645869617e-25,0,,179,100
842,5015,5815,2.1630741483472732e-29,0,,178,100
843,5018,5818,1.9218941052886096e-24,0,,180,100
844,5023,5823,9.244995883753595e-26,0,,181,100
845,5027,5827,5.816986746684781e-25,0,,180,100
846,5031,5831,2.326614353728768e-25,0,,182,100
847,5034,5834,2.3214470735031008e-25,0,,182,100
848,5045,5845,1.6790728790190838e-24,0,,182,100
849,5048,5848,1.920932983245092e-24,0,,183,100
850,5055,5855,3.093654953892366e-28,0,,181,100
851,5059,5859,7.483581501987904e-29,0,,182,100
852,5070,5870,4.188001905165323e-28,0,,181,100
853,5073,5873,1.6407034943592526e-26,0,,182,100
854,5080,5880,5.271365798564468e-22,0,,181,100
855,5089,5889,1.7064400800650406e-24,0,,181,100
856,5092,5892,2.224941007795202e-25,0,,179,100
857,5097,5897,1.0217251758840134e-24,0,,179,100
858,5105,5905,5.668532077103029e-21,0,,177,100
859,5109,5909,1.977172040598419e-24,0,,176,100
860,5115,5915,1.7305523109997256e-25,0,,178,100
861,5120,5920,1.1510246122185185e-25,0,,179,100
862,5130,5930,6.999214244847135e-31,0,,177,100
863,5133,5933,1.4247743986676196e-30,0,,177,100
864,5138,5938,7.628933507457281e-31,0,,178,100
865,5144,5944,6.104428138759576e-31,0,,179,100
866,5148,5948,4.4172657483490744e-29,0,,178,100
867,5158,5958,1.3836601993493434e-28,0,,177,100
868,5163,5963,2.8582715163224953e-28,0,,177,100
869,5169,5969,1.3360742355570843e-28,0,,177,100
870,5173,5973,1.811774010311121e-29,0,,178,100
871,5183,5983,8.967832045447968e-34,0,,177,100
872,5187,5987,9.948229656718707e-33,0,,177,100
873,5193,5993,3.960164843409957e-32,0,,178,100
874,5196,5996,1.6081521087887488e-37,0,,177,100
875,5200,6000,3.2378296494536395e-34,0,,177,100
876,5213,6013,5.943929050313969e-33,0,,180,100
877,5220,6020,1.2370908897038688e-35,0,,179,100
878,5224,6024,1.639212105079065e-29,0,,179,100
879,5232,6032,5.293044109149121e-29,0,,180,100
880,5236,6036,3.7379715585160806e-30,0,,182,100
881,5247,6047,3.9599252223719765e-24,0,,182,100
882,5258,6058,9.204874246497796e-27,0,,183,100
883,5263,6063,7.221216887719382e-27,0,,182,100
884,5268,6068,9.772519970323403e-29,0,,182,100
885,5272,6072,9.541285322800372e-27,0,,182,100
886,5284,6084,1.912076448217739e-24,0,,182,100
887,5287,6087,9.39890198939569e-27,0,,181,100
888,5291,6091,1.6287913307691785e-31,0,,182,100
889,5299,6099,7.261426872655355e-27,0,,179,100
890,5305,6105,6.833099575621319e-28,0,,179,100
891,5307,6107,1.9170352898317178e-26,0,,178,100
892,5316,6116,1.0591575831303652e-18,0,,175,100
893,5321,6121,1.296734106707733e-22,0,,175,100
894,5327,6127,2.737719151662147e-25,0,,175,100
895,5333,6133,5.799663806257902e-26,0,,176,100
896,5338,6138,1.3055459240745284e-28,0,,175,100
897,5340,6140,9.120695859774407e-27,0,,175,100
898,5348,6148,1.4179977152001777e-30,0,,174,100
899,5351,6151,6.054144875375537e-34,0,,173,100
900,5355,6155,4.107547174387273e-35,0,,174,100
901,5368,6168,5.755701028444835e-32,0,,175,100
902,5372,6172,1.2580453176714047e-30,0,,175,100
903,5377,6177,1.394232917933363e-30,0,,175,100
904,5382,6182,3.952983436126238e-31,0,,175,100
905,5385,6185,2.0930968430824118e-32,0,,174,100
906,5390,6190,5.445701874269665e-30,0,,174,100
907,5398,6198,4.4706049680605255e-33,0,,175,100
908,5402,6202,1.1675398902052314e-30,0,,175,100
909,5408,6208,2.8819094161368683e-33,0,,175,100
910,5418,6218,2.8899227944353997e-33,0,,175,100
911,5423,6223,8.04978188268999e-30,0,,175,100
912,5429,6229,1.4227327137287028e-29,0,,175,100
913,5432,6232,1.564331100224593e-30,0,,175,100
914,5436,6236,1.1145427561157805e-31,0,,175,100
915,5439,6239,1.1083134169438217e-28,0,,174,100
916,5445,6245,6.714426901331904e-29,0,,176,100
917,5454,6254,1.7103048711834897e-27,0,,176,100
918,5462,6262,6.08959959318884e-28,0,,176,100
919,5471,6271,3.132819033156973e-25,0,,173,100
920,5475,6275,1.22748267142399e-24,0,,173,100
921,5479,6279,1.6448024528725394e-28,0,,173,100
922,5484,6284,1.51825314622138e-31,0,,173,100
923,5488,6288,1.6234034048374148e-29,0,,172,100
924,5493,6293,1.4454393234123394e-29,0,,171,100
925,5496,6296,8.982619315019591e-37,0,,173,100
926,5500,6300,2.214934127331075e-34,0,,173,100
927,5508,6308,3.689633240107831e-34,0,,173,100
928,5511,6311,1.4041667399922205e-35,0,,173,100
929,5518,6318,4.270487395532311e-33,0,,172,100
930,5524,6324,2.375637790419733e-34,0,,172,100
931,5527,6327,1.8326811425721827e-33,0,,171,100
932,5531,6331,3.087749293438272e-30,0,,172,100
933,5540,6340,6.922774866554304e-27,0,,172,100
934,5547,6347,3.990578515201464e-29,0,,172,100
935,5550,6350,6.631976609279607e-31,0,,171,100
936,5554,6354,5.859544541098151e-35,0,,173,100
937,5561,6361,7.804252357355449e-32,0,,172,100
938,5564,6364,6.942659326319895e-30,0,,172,100
939,5568,6368,5.979653906493801e-29,0,,173,100
940,5574,6374,3.587611399306468e-28,0,,172,100
941,5577,6377,3.274256097234077e-28,0,,172,100
942,5583,6383,6.679666421841753e-24,0,,171,100
943,5592,6392,3.927268286516586e-25,0,,171,100
944,5595,6395,2.698093306255464e-26,0,,171,100
945,5603,6403,1.3161983435257878e-26,0,,172,100
946,5606,6406,6.144039643378201e-29,0,,171,100
947,5610,6410,9.16375415733552e-24,0,,170,100
948,5620,6420,1.4459426418484024e-20,0,,168,100
949,5628,6428,1.5577000846875175e-24,0,,168,100
950,5635,6435,2.0703221896572373e-26,0,,168,100
951,5642,6442,6.248356323241141e-28,0,,168,100
952,5646,6446,8.428492119088044e-26,0,,167,100
953,5654,6454,2.1963063514972736e-26,0,,169,100
954,5657,6457,4.960731267121829e-25,0,,168,100
955,5667,6467,6.963313450504527e-24,0,,168,100
956,5674,6474,7.437086785493033e-28,0,,168,100
957,5682,6482,7.7045329624157565e-28,0,,169,100
958,5686,6486,4.0115409793376785e-27,0,,169,100
959,5694,6494,9.438123022880394e-27,0,,170,100
960,5697,6497,6.485943154976675e-30,0,,170,100
961,5701,6501,5.89205729070609e-31,0,,170,100
962,5708,6508,1.0121811825461755e-30,0,,169,100
963,5716,6516,2.9646607171322348e-30,0,,169,100
964,5720,6520,6.261326323652776e-29,0,,168,100
965,5725,6525,3.2902127248357613e-37,0,,169,100
966,5730,6530,9.833617079634335e-35,0,,169,100
967,5736,6536,2.119598425670866e-33,0,,170,100
968,5742,6542,4.434769987506961e-34,0,,168,100
969,5746,6546,3.424219310929517e-33,0,,168,100
970,5749,6549,9.378427668639697e-32,0,,169,100
971,5753,6553,6.4447338154422565e-34,0,,169,100
972,5759,6559,1.0103583366594383e-33,0,,169,100
973,5765,6565,7.68361774296574e-32,0,,169,100
974,5770,6570,1.9352857701946142e-29,0,,168,100
975,5775,6575,7.4025326853721485e-28,0,,169,100
976,5778,6578,1.4000553932261044e-27,0,,168,100
977,5784,6584,1.437970084424454e-25,0,,168,100
978,5788,6588,1.3924236360229014e-24,0,,168,100
979,5792,6592,4.5618734100972923e-26,0,,169,100
980,5799,6599,1.070243593118772e-23,0,,168,100
981,5805,6605,1.604115388614721e-25,0,,167,100
982,5808,6608,2.7705398925839797e-25,0,,169,100
983,5818,6618,2.8962348526181732e-22,0,,167,100
984,5826,6626,2.9148992736403766e-24,0,,166,100
985,5829,6629,1.025380833085397e-21,0,,164,100
986,5833,6633,8.291067396924831e-24,0,,165,100
987,5842,6642,1.1754224427171595e-26,0,,164,100
988,5846,6646,1.902507761662531e-23,0,,165,100
989,5862,6662,9.333180771434156e-26,0,,166,100
990,5868,6668,1.933015910909063e-26,0,,166,100
991,5876,6676,1.622990325811013e-23,0,,168,100
992,5878,6678,3.904995150884603e-24,0,,169,100
993,5891,6691,1.0608169224149223e-27,0,,173,100
994,5895,6695,4.40447424596639e-28,0,,172,100
995,5901,6701,5.764681522320068e-25,0,,173,100
996,5911,6711,6.144428820398419e-26,0,,172,100
997,5914,6714,5.111418455332233e-29,0,,172,100
998,5917,6717,4.325045518560186e-29,0,,173,100
999,5929,6729,3.3056208209842608e-28,0,,171,100
1000,5932,6732,9.08957369789781e-26,0,,170,100
1001,5937,6737,6.628778154102204e-26,0,,170,100
1002,5941,6741,8.013108679927092e-28,0,,170,100
1003,5946,6746,4.0778902877010215e-27,0,,170,100
1004,5950,6750,7.139348665653921e-29,0,,170,100
1005,5953,6753,2.6843435270441363e-28,0,,170,100
1006,5957,6757,8.733896994955319e-26,0,,171,100
1007,5966,6766,4.871404698502608e-28,0,,169,100
1008,5969,6769,5.224162058729505e-30,0,,168,100
1009,5973,6773,1.5388365125176258e-26,0,,168,100
1010,5980,6780,1.8096957542988175e-27,0,,168,100
1011,5988,6788,2.3777095885917955e-24,0,,168,100
1012,5993,6793,1.9460910529458894e-24,0,,168,100
1013,5999,6799,7.4419231875203335e-25,0,,168,100
1014,6002,6802,9.24782412780948e-22,0,,167,100
1015,6006,6806,3.693038047404231e-28,0,,167,100
1016,6013,6813,1.3981185597512852e-27,0,,166,100
1017,6020,6820,8.077966927737303e-28,0,,166,100
1018,6029,6829,5.9999786883544425e-28,0,,166,100
1019,6036,6836,1.0243797496146222e-30,0,,164,100
1020,6040,6840,3.317668212049844e-29,0,,167,100
1021,6047,6847,1.8070482062815397e-30,0,,166,100
1022,6050,6850,3.265393582326882e-32,0,,166,100
1023,6054,6854,5.12614157886077e-29,0,,166,100
1024,6061,6861,1.2272959340502166e-24,0,,164,100
1025,6064,6864,3.038820831311404e-27,0,,165,100
1026,6075,6875,5.838733853018836e-28,0,,165,100
1027,6080,6880,1.717460479133116e-28,0,,166,100
1028,6087,6887,1.8825494053455661e-25,0,,166,100
1029,6094,6894,3.3705349845512928e-28,0,,166,100
1030,6100,6900,2.402080344966223e-27,0,,166,100
1031,6111,6911,1.1792466762771291e-24,0,,166,100
1032,6114,6914,3.541152204522802e-27,0,,165,100
1033,6118,6918,2.8185765826555507e-26,0,,165,100
1034,6126,6926,2.2963372920283994e-25,0,,167,100
1035,6129,6929,1.112055065834974e-24,0,,167,100
1036,6135,6935,7.220324888246698e-28,0,,167,100
1037,6146,6946,3.1957999162807802e-27,0,,169,100
1038,6154,6954,4.161568792775865e-31,0,,169,100
1039,6158,6958,2.2079946876906604e-30,0,,169,100
1040,6161,6961,1.1418494822904998e-31,0,,168,100
1041,6167,6967,3.8185389266460034e-30,0,,168,100
1042,6170,6970,2.1476015806793606e-35,0,,168,100
1043,6174,6974,2.9511593148938107e-34,0,,168,100
1044,6184,6984,1.3098644733031033e-30,0,,168,100
1045,6189,6989,5.028040769779022e-32,0,,168,100
1046,6193,6993,8.456328829487577e-31,0,,167,100
1047,6199,6999,6.128938062936096e-31,0,,166,100
1048,6203,7003,3.402748699834894e-33,0,,167,100
1049,6207,7007,7.637221203703427e-33,0,,167,100
1050,6211,7011,7.987385334166717e-33,0,,167,100
1051,6218,7018,9.616274311231511e-35,0,,167,100
1052,6221,7021,1.5041152146353894e-34,0,,168,100
1053,6228,7028,1.0490828235760475e-33,0,,167,100
1054,6231,7031,4.8423752128448515e-33,0,,167,100
1055,6238,7038,2.5387702652924216e-33,0,,169,100
1056,6245,7045,2.854439302308115e-28,0,,169,100
1057,6250,7050,4.816549510266625e-32,0,,169,100
1058,6256,7056,2.4711698511165354e-29,0,,169,100
1059,6260,7060,3.221067914379806e-29,0,,168,100
1060,6263,7063,2.5838250261743137e-31,0,,169,100
1061,6274,7074,1.281373491156945e-28,0,,171,100
1062,6277,7077,3.54424571039539e-27,0,,170,100
1063,6281,7081,2.5677506899311926e-32,0,,170,100
1064,6287,7087,1.420900016947237e-29,0,,170,100
1065,6295,7095,3.001314372597803e-23,0,,168,100
1066,6298,7098,1.1469100895707555e-26,0,,167,100
1067,6306,7106,1.6663199660464525e-26,0,,169,100
1068,6309,7109,1.1261386702565556e-26,0,,169,100
1069,6324,7124,8.79465388323085e-26,0,,170,100
1070,6331,7131,5.530730794752455e-25,0,,168,100
1071,6338,7138,6.413614836024844e-28,0,,170,100
1072,6342,7142,6.529635235045113e-28,0,,170,100
1073,6347,7147,8.870119033291242e-28,0,,169,100
1074,6351,7151,3.0538093366363477e-26,0,,169,100
1075,6357,7157,1.7592197674378087e-27,0,,169,100
1076,6360,7160,1.8137073774225268e-26,0,,168,100
1077,6364,7164,3.552506689240954e-25,0,,168,100
1078,6373,7173,3.434268585412743e-25,0,,168,100
1079,6376,7176,5.436260473292449e-25,0,,168,100
1080,6386,7186,6.70827558665164e-30,0,,170,100
1081,6389,7189,8.612024745456421e-28,0,,170,100
1082,6393,7193,6.733201323928157e-26,0,,169,100
1083,6399,7199,2.2931334196744856e-29,0,,169,100
1084,6406,7206,3.358782164681318e-27,0,,169,100
1085,6412,7212,3.8939863888924593e-29,0,,169,100
1086,6416,7216,2.3826410935046976e-29,0,,169,100
1087,6426,7226,5.2707595535795494e-30,0,,171,100
1088,6429,7229,5.4781095282896776e-33,0,,171,100
1089,6433,7233,9.055389960412287e-31,0,,170,100
1090,6440,7240,2.8988731951220683e-32,0,,171,100
1091,6448,7248,1.671568350201148e-33,0,,170,100
1092,6454,7254,1.0013407652374155e-31,0,,170,100
1093,6460,7260,9.196538640641421e-35,0,,171,100
1094,6465,7265,8.207793575091991e-34,0,,170,100
1095,6470,7270,4.016908377988187e-35,0,,170,100
1096,6479,7279,1.913060647782865e-34,0,,170,100
1097,6482,7282,1.9894135980247242e-32,0,,169,100
1098,6486,7286,6.782751608399767e-31,0,,170,100
1099,6497,7297,1.4684798841452438e-32,0,,169,100
1100,6505,7305,1.1239208803753309e-29,0,,168,100
1101,6511,7311,1.7458531596848574e-28,0,,170,100
1102,6516,7316,3.3221168915829945e-31,0,,170,100
1103,6521,7321,2.168146363021656e-31,0,,170,100
1104,6531,7331,6.3016537778016265e-27,0,,170,100
1105,6538,7338,4.223901728922333e-28,0,,169,100
1106,6543,7343,8.778206098982873e-25,0,,170,100
1107,6549,7349,9.5684153536903e-28,0,,168,100
1108,6553,7353,4.0489342423879275e-28,0,,168,100
1109,6556,7356,3.307972700246725e-28,0,,169,100
1110,6563,7363,1.0569319289372161e-27,0,,170,100
1111,6571,7371,7.365225984115279e-26,0,,170,100
1112,6575,7375,3.989732480266557e-28,0,,171,100
1113,6582,7382,7.456463646458108e-27,0,,172,100
1114,6588,7388,2.080140624083117e-26,0,,172,100
1115,6592,7392,2.030418454017778e-28,0,,171,100
1116,6599,7399,6.56068352720037e-26,0,,173,100
1117,6607,7407,6.742619664416849e-25,0,,171,100
1118,6613,7413,1.2669450071846e-22,0,,172,100
1119,6616,7416,4.40477662724871e-22,0,,171,100
1120,6618,7418,3.670964251187293e-23,0,,170,100
1121,6625,7425,2.553806152009372e-23,0,,171,100
1122,6628,7428,2.6674031510344463e-22,0,,171,100
1123,6635,7435,1.057745977725888e-22,0,,171,100
1124,6641,7441,2.124975164439735e-22,0,,171,100
1125,6648,7448,2.3140446965322392e-24,0,,171,100
1126,6652,7452,9.496960643810108e-20,0,,172,100
1127,6664,7464,3.93741728274346e-23,0,,173,100
1128,6667,7467,1.2706634669851103e-20,0,,173,100
1129,6676,7476,1.3400419131125573e-16,0,,170,100
1130,6684,7484,5.271416589874747e-21,0,,170,100
1131,6687,7487,5.395098061573488e-22,0,,169,100
1132,6691,7491,1.4316985996138558e-22,0,,170,100
1133,6697,7497,4.8151256201521503e-26,0,,169,100
1134,6701,7501,1.2799913804134165e-26,0,,169,100
1135,6709,7509,1.3057672575369666e-24,0,,170,100
1136,6717,7517,1.1505769879422497e-25,0,,170,100
1137,6723,7523,9.54920290399087e-25,0,,172,100
1138,6733,7533,2.776956423599684e-28,0,,171,100
1139,6736,7536,2.0710539653933723e-30,0,,171,100
1140,6740,7540,4.5862074173111815e-28,0,,171,100
1141,6746,7546,5.340034180830707e-27,0,,171,100
1142,6749,7549,1.2818759940191687e-26,0,,171,100
1143,6766,7566,2.4329923418091276e-25,0,,173,100
1144,6770,7570,5.8239534307393695e-25,0,,173,100
1145,6774,7574,5.270052105488522e-27,0,,174,100
1146,6781,7581,1.1704168990522442e-27,0,,175,100
1147,6785,7585,1.2686356536167356e-26,0,,175,100
1148,6793,7593,1.9778684458169327e-29,0,,176,100
1149,6796,7596,8.770486865969556e-28,0,,176,100
1150,6803,7603,4.163469345858827e-25,0,,175,100
1151,6808,7608,3.11098310151345e-24,0,,177,100
1152,6819,7619,2.0672783651353596e-22,0,,177,100
1153,6822,7622,1.640448093740987e-23,0,,176,100
1154,6825,7625,2.7481670872415676e-21,0,,175,100
1155,6831,7631,5.566532938691885e-20,0,,176,100
1156,6839,7639,7.56625716297288e-18,0,,173,100
1157,6845,7645,4.312255435231701e-22,0,,173,100
1158,6850,7650,1.3888263338835144e-22,0,,173,100
1159,6856,7656,9.427894659394074e-22,0,,173,100
1160,6862,7662,1.2124476722229503e-20,0,,174,100
1161,6867,7667,3.9579119142782744e-20,0,,173,100
1162,6874,7674,1.1324470621956859e-23,0,,174,100
1163,6878,7678,6.785518383769847e-24,0,,173,100
1164,6884,7684,5.538183418829504e-25,0,,174,100
1165,6887,7687,8.823823317971035e-25,0,,174,100
1166,6903,7703,1.4929415782573625e-29,0,,175,100
1167,6907,7707,2.104276534745791e-27,0,,175,100
1168,6911,7711,2.6027217830828453e-29,0,,175,100
1169,6919,7719,1.9880298825913755e-27,0,,175,100
1170,6926,7726,8.280050541667603e-27,0,,173,100
1171,6933,7733,8.560269046854e-26,0,,174,100
1172,6936,7736,1.2464846554334848e-27,0,,175,100
1173,6943,7743,2.5126330947789403e-30,0,,173,100
1174,6945,7745,3.212086265190348e-28,0,,173,100
1175,6950,7750,3.196605190993077e-28,0,,171,100
1176,6953,7753,3.3110902440008494e-30,0,,172,100
1177,6963,7763,1.527203239904523e-28,0,,173,100
1178,6966,7766,8.885633899542284e-28,0,,173,100
1179,6970,7770,1.4353873790173853e-28,0,,174,100
1180,6980,7780,3.1457262194709684e-27,0,,176,100
1181,6983,7783,5.680186263018676e-28,0,,176,100
1182,6987,7787,8.259608819734629e-26,0,,175,100
1183,6994,7794,2.195587832916529e-27,0,,176,100
1184,7002,7802,5.294342805840216e-18,0,,175,100
1185,7005,7805,6.636758281067782e-22,0,,175,100
1186,7008,7808,2.0904217322188755e-20,0,,175,100
1187,7016,7816,4.0783373310843103e-22,0,,174,100
1188,7019,7819,2.662976869785827e-24,0,,174,100
1189,7025,7825,3.876631258226528e-24,0,,175,100
1190,7030,7830,2.5133171585400526e-22,0,,175,100
1191,7034,7834,1.2529209003466e-20,0,,174,100
1192,7038,7838,5.258367762121849e-22,0,,174,100
1193,7041,7841,3.5082306424099734e-19,0,,174,100
1194,7045,7845,4.656383682593229e-22,0,,174,100
1195,7048,7848,3.3765598636898323e-21,0,,175,100
1196,7054,7854,1.867543777273376e-22,0,,175,100
1197,7061,7861,1.96540147871288e-22,0,,176,100
1198,7065,7865,5.5765479811659994e-24,0,,176,100
1199,7070,7870,6.840817507828733e-27,0,,176,100
1200,7074,7874,3.012197124585165e-27,0,,176,100
1201,7085,7885,1.9470254917941914e-30,0,,177,100
1202,7088,7888,6.502497280467217e-27,0,,177,100
1203,7093,7893,1.9732798482968665e-25,0,,177,100
1204,7099,7899,3.422888619216327e-28,0,,177,100
1205,7102,7902,2.097878813237761e-31,0,,177,100
1206,7108,7908,3.341965474204199e-27,0,,176,100
1207,7111,7911,1.0680310170801544e-31,0,,176,100
1208,7117,7917,1.3191950419241492e-29,0,,176,100
1209,7122,7922,1.9839601225492612e-27,0,,177,100
1210,7134,7934,9.96394470571329e-27,0,,176,100
1211,7138,7938,4.2339784825608097e-29,0,,176,100
1212,7144,7944,7.0410138753225055e-31,0,,177,100
1213,7150,7950,4.937362096169497e-31,0,,178,100
1214,7154,7954,7.700095493363842e-29,0,,178,100
1215,7165,7965,1.2674944103811951e-30,0,,178,100
1216,7168,7968,1.655833565368267e-33,0,,178,100
1217,7174,7974,7.440576501370981e-32,0,,178,100
1218,7177,7977,1.7869532573001635e-31,0,,178,100
1219,7183,7983,3.2525064802316197e-28,0,,179,100
1220,7192,7992,1.2464657986413675e-28,0,,181,100
1221,7196,7996,2.353149490416496e-29,0,,181,100
1222,7204,8004,6.980138905231324e-27,0,,182,100
1223,7207,8007,2.4173908372465803e-26,0,,183,100
1224,7218,8018,2.1683464424567457e-22,0,,183,100
1225,7222,8022,4.23448716939244e-19,0,,182,100
1226,7225,8025,1.501424425897655e-21,0,,182,100
1227,7231,8031,1.5390726892093072e-22,0,,182,100
1228,7236,8036,3.3242281222642316e-26,0,,182,100
1229,7252,8052,7.889937349436755e-24,0,,182,100
1230,7256,8056,2.3018905199357074e-25,0,,182,100
1231,7263,8063,1.2707341727748587e-24,0,,182,100
1232,7266,8066,3.717801361635001e-22,0,,181,100
1233,7271,8071,3.177734019377279e-23,0,,182,100
1234,7277,8077,5.2849497968595345e-25,0,,182,100
1235,7283,8083,4.709492649731585e-24,0,,181,100
1236,7289,8089,2.6156069007074896e-22,0,,180,100
1237,7292,8092,3.8840000885379177e-26,0,,180,100
1238,7297,8097,3.840402455934686e-24,0,,181,100
1239,7301,8101,5.5665846958439845e-22,0,,180,100
1240,7307,8107,1.4461001906216492e-21,0,,179,100
1241,7310,8110,1.5165636614420871e-24,0,,178,100
1242,7316,8116,2.7861660377048258e-27,0,,180,100
1243,7319,8119,3.3935926626081134e-26,0,,179,100
1244,7325,8125,4.685825893422433e-26,0,,178,100
1245,7334,8134,4.5466892403108535e-22,0,,179,100
1246,7339,8139,5.041916350323317e-25,0,,179,100
1247,7343,8143,7.938737252870498e-26,0,,180,100
1248,7355,8155,2.1004822403904515e-24,0,,180,100
1249,7358,8158,9.591359293752455e-27,0,,179,100
1250,7362,8162,1.8466053133140218e-25,0,,178,100
1251,7368,8168,1.735973617522276e-23,0,,179,100
1252,7375,8175,6.900608608425719e-27,0,,178,100
1253,7378,8178,9.474878216024623e-25,0,,177,100
1254,7384,8184,1.7298966913163412e-21,0,,178,100
1255,7387,8187,1.2821749710955307e-26,0,,177,100
1256,7393,8193,1.6827815842074762e-26,0,,178,100
1257,7402,8202,1.9418726649922436e-24,0,,178,100
1258,7405,8205,1.1762891224711448e-22,0,,179,100
1259,7419,8219,1.2524292435528766e-23,0,,178,100
1260,7423,8223,3.070998251649628e-25,0,,178,100
1261,7426,8226,1.0869047546361355e-23,0,,177,100
1262,7435,8235,1.2735813058667402e-26,0,,178,100
1263,7438,8238,2.0030105406801355e-27,0,,178,100
1264,7442,8242,1.7679674611284715e-29,0,,179,100
1265,7449,8249,1.5991230934137844e-28,0,,178,100
1266,7452,8252,3.77004720791032e-28,0,,177,100
1267,7457,8257,1.7730988100892362e-26,0,,177,100
1268,7464,8264,1.0059554216398093e-25,0,,178,100
1269,7467,8267,2.433597892423373e-26,0,,178,100
1270,7473,8273,8.347718810151448e-27,0,,179,100
1271,7480,8280,5.8853800648785724e-30,0,,179,100
1272,7482,8282,3.3879653626271403e-25,0,,178,100
1273,7487,8287,1.1278565019113845e-21,0,,176,100
1274,7491,8291,5.804771781095658e-25,0,,176,100
1275,7494,8294,3.477922727500505e-25,0,,177,100
1276,7498,8298,1.99057478825377e-26,0,,176,100
1277,7503,8303,4.180552870011734e-24,0,,177,100
1278,7509,8309,3.6500888081372706e-25,0,,177,100
1279,7513,8313,2.6254497410446127e-25,0,,178,100
1280,7519,8319,5.229314956029516e-25,0,,178,100
1281,7522,8322,3.820632017565888e-26,0,,178,100
1282,7527,8327,6.1369231160388915e-28,0,,178,100
1283,7534,8334,6.924659510413751e-25,0,,178,100
1284,7540,8340,7.385738343821503e-23,0,,178,100
1285,7543,8343,6.876690132508424e-24,0,,179,100
1286,7554,8354,9.450352952626044e-26,0,,179,100
1287,7557,8357,1.7616127005843253e-23,0,,179,100
1288,7562,8362,1.0913641038665621e-24,0,,177,100
1289,7566,8366,7.611654874894428e-25,0,,175,100
1290,7572,8372,6.810466382115328e-26,0,,174,100
1291,7576,8376,4.148253306776406e-28,0,,174,100
1292,7580,8380,1.1915075913628704e-27,0,,173,100
1293,7586,8386,5.964910192759024e-29,0,,174,100
1294,7589,8389,5.653020202232702e-28,0,,174,100
1295,7593,8393,1.5364882564500005e-29,0,,174,100
1296,7601,8401,3.3717971589580325e-28,0,,174,100
1297,7608,8408,3.206940325563621e-30,0,,173,100
1298,7612,8412,2.4059324617572814e-31,0,,172,100
1299,7616,8416,5.541754721143377e-28,0,,172,100
1300,7624,8424,1.0897854251815394e-29,0,,172,100
1301,7628,8428,1.0579474294927942e-28,0,,172,100
1302,7633,8433,8.558536417427015e-25,0,,172,100
1303,7639,8439,6.156328783378029e-29,0,,173,100
1304,7642,8442,1.0042357986007304e-27,0,,174,100
1305,7650,8450,1.4196593251005991e-24,0,,175,100
1306,7653,8453,1.1391971595620824e-25,0,,177,100
1307,7657,8457,1.743440485223759e-27,0,,178,100
1308,7665,8465,2.034927507495986e-29,0,,179,100
1309,7668,8468,8.904064348294848e-28,0,,178,100
1310,7673,8473,2.696725579554424e-28,0,,178,100
1311,7679,8479,4.061944484092245e-26,0,,179,100
1312,7693,8493,2.356483349954716e-22,0,,179,100
1313,7696,8496,2.3330605222173322e-27,0,,179,100
1314,7700,8500,6.154722968774886e-26,0,,178,100
1315,7705,8505,4.291667538887294e-25,0,,178,100
1316,7711,8511,1.4246616033104183e-24,0,,179,100
1317,7715,8515,3.2702629623423247e-28,0,,179,100
1318,7718,8518,1.1941978851802381e-28,0,,180,100
1319,7727,8527,1.3700138275912043e-28,0,,181,100
1320,7730,8530,8.896455123843121e-26,0,,181,100
1321,7734,8534,1.6906468803236618e-26,0,,181,100
1322,7744,8544,2.563332084028857e-26,0,,183,100
1323,7751,8551,3.4092533256967124e-26,0,,184,100
1324,7755,8555,5.682061306197465e-27,0,,184,100
1325,7760,8560,1.1766454537123843e-29,0,,184,100
1326,7769,8569,3.2197031476486485e-26,0,,182,100
1327,7779,8579,2.2682268094717083e-25,0,,181,100
1328,7785,8585,2.3093289674523694e-30,0,,181,100
1329,7788,8588,7.454941548181625e-29,0,,181,100
1330,7794,8594,1.1774931630695155e-30,0,,180,100
1331,7799,8599,1.1323947617994913e-31,0,,180,100
1332,7804,8604,6.691633029752956e-33,0,,181,100
1333,7814,8614,1.1330238339964838e-29,0,,181,100
1334,7817,8617,2.9646948909537496e-30,0,,180,100
1335,7822,8622,1.0858432721949807e-27,0,,179,100
1336,7826,8626,9.626332819489779e-29,0,,179,100
1337,7831,8631,4.353086211944947e-30,0,,178,100
1338,7837,8637,7.653667780603499e-28,0,,180,100
1339,7840,8640,1.8101928835801433e-31,0,,179,100
1340,7842,8642,7.92760331119225e-30,0,,179,100
1341,7847,8647,3.475682374987362e-27,0,,177,100
1342,7850,8650,1.230182002859943e-27,0,,178,100
1343,7855,8655,2.822820940172499e-30,0,,178,100
1344,7862,8662,1.54015827185952e-29,0,,179,100
1345,7865,8665,2.518709901681825e-28,0,,179,100
1346,7868,8668,8.096862696230483e-30,0,,178,100
1347,7871,8671,6.897975561024033e-35,0,,178,100
1348,7875,8675,3.238180607277854e-31,0,,178,100
1349,7882,8682,2.491623194812081e-29,0,,179,100
1350,7886,8686,3.8647728296934594e-29,0,,177,100
1351,7893,8693,9.08399423270966e-31,0,,176,100
1352,7897,8697,1.1269253477540683e-30,0,,176,100
1353,7906,8706,1.8058026224581733e-28,0,,177,100
1354,7909,8709,9.67665251265404e-31,0,,176,100
1355,7915,8715,1.2588165419117026e-28,0,,176,100
1356,7927,8727,1.4120875642862384e-32,0,,179,100
1357,7935,8735,3.4700866711166986e-34,0,,178,100
1358,7939,8739,5.803818445685799e-31,0,,178,100
1359,7947,8747,5.423955711634153e-32,0,,178,100
1360,7950,8750,1.0131810337196916e-33,0,,178,100
1361,7956,8756,3.906254271668546e-33,0,,178,100
1362,7961,8761,6.46423435299578e-31,0,,178,100
1363,7964,8764,3.3814943989345097e-31,0,,177,100
1364,7970,8770,1.6815720553627247e-31,0,,179,100
1365,7974,8774,3.6090357234397282e-31,0,,180,100
1366,7977,8777,6.317634232036215e-29,0,,180,100
1367,7979,8779,4.380656461164086e-31,0,,179,100
1368,7985,8785,1.439877249982788e-27,0,,175,100
1369,7991,8791,1.3975174698851386e-29,0,,175,100
1370,7998,8798,1.7275176503206133e-33,0,,174,100
1371,8010,8810,6.213785748477372e-34,0,,173,100
1372,8013,8813,2.774230751117333e-38,0,,174,100
1373,8018,8818,1.1442257691665646e-31,0,,174,100
1374,8021,8821,5.7307777268956415e-33,0,,174,100
1375,8027,8827,1.8059793397920025e-32,0,,174,100
1376,8031,8831,2.7847359086295006e-31,0,,174,100
1377,8043,8843,2.4712752751785509e-29,0,,174,100
1378,8046,8846,5.9276173169640655e-31,0,,173,100
1379,8050,8850,4.036085036429985e-31,0,,173,100
1380,8057,8857,1.2086147382049148e-32,0,,174,100
1381,8061,8861,6.933588031169733e-30,0,,173,100
1382,8067,8867,1.718284004226653e-33,0,,173,100
1383,8070,8870,1.1222670509270845e-32,0,,175,100
1384,8086,8886,2.556755116925663e-31,0,,178,100
1385,8090,8890,3.353300540928355e-29,0,,178,100
1386,8093,8893,7.313640979382364e-29,0,,178,100
1387,8103,8903,5.7713427645669085e-30,0,,178,100
1388,8111,8911,2.0999954506517533e-26,0,,177,100
1389,8114,8914,8.07344653734676e-30,0,,177,100
1390,8116,8916,6.379902540106422e-30,0,,177,100
1391,8125,8925,2.3689981403752616e-28,0,,178,100
1392,8128,8928,1.700557909146847e-27,0,,178,100
1393,8141,8941,3.0567441973602094e-21,0,,176,100
1394,8147,8947,5.458397063586184e-24,0,,176,100
1395,8150,8950,3.893792942896e-27,0,,178,100
1396,8160,8960,2.7007229192242032e-24,0,,177,100
1397,8163,8963,3.752970748610216e-26,0,,176,100
1398,8167,8967,8.384014397762571e-26,0,,176,100
1399,8177,8977,7.59121863607766e-28,0,,177,100
1400,8180,8980,1.425300199802124e-30,0,,176,100
1401,8184,8984,1.0045358751018495e-29,0,,176,100
1402,8191,8991,5.54479250823964e-31,0,,176,100
1403,8199,8999,1.7722841497885115e-28,0,,177,100
1404,8203,9003,2.943482164203034e-27,0,,178,100
1405,8210,9010,6.787824073227e-29,0,,178,100
1406,8214,9014,9.405964084802312e-30,0,,179,100
1407,8219,9019,7.68264811237331e-30,0,,178,100
1408,8225,9025,4.759475408134575e-28,0,,178,100
1409,8230,9030,3.635097344446885e-28,0,,178,100
1410,8238,9038,7.639538642982636e-25,0,,177,100
1411,8244,9044,7.380851542895402e-26,0,,178,100
1412,8247,9047,1.938069189002947e-23,0,,178,100
1413,8256,9056,5.8750683690926565e-25,0,,178,100
1414,8259,9059,1.317640408501912e-26,0,,178,100
1415,8264,9064,7.522196853392073e-23,0,,178,100
1416,8267,9067,5.665575148608017e-24,0,,178,100
1417,8273,9073,7.444803192228653e-23,0,,178,100
1418,8285,9085,4.7653644786241624e-27,0,,178,100
1419,8288,9088,7.621475917367905e-24,0,,178,100
1420,8293,9093,6.47573920853458e-22,0,,176,100
1421,8299,9099,6.073400784856606e-21,0,,178,100
1422,8302,9102,3.55202443157536e-21,0,,178,100
1423,8311,9111,5.282463274870978e-25,0,,179,100
1424,8314,9114,3.412546334457379e-24,0,,179,100
1425,8318,9118,2.5454271667347376e-26,0,,180,100
1426,8325,9125,1.638841326223069e-20,0,,179,100
1427,8328,9128,3.8888789123727793e-23,0,,178,100
1428,8332,9132,1.9550132837583228e-23,0,,178,100
1429,8339,9139,2.0639009616815514e-26,0,,178,100
1430,8343,9143,3.4970749864883984e-22,0,,179,100
1431,8349,9149,6.895427548702116e-26,0,,179,100
1432,8352,9152,7.15116481936174e-26,0,,178,100
1433,8369,9169,3.710900291545919e-23,0,,180,100
1434,8379,9179,6.09313587629292e-26,0,,179,100
1435,8382,9182,3.787577415060618e-24,0,,179,100
1436,8386,9186,2.0924536205660524e-22,0,,178,100
1437,8392,9192,7.21867000305519e-24,0,,178,100
1438,8396,9196,6.601472212472071e-25,0,,179,100
1439,8408,9208,1.5458408924806878e-22,0,,180,100
1440,8419,9219,1.6689156229438077e-19,0,,183,100
1441,8422,9222,5.028848255152996e-22,0,,183,100
1442,8426,9226,6.931536851912455e-21,0,,182,100
1443,8431,9231,1.1695519362031266e-21,0,,182,100
1444,8434,9234,1.0369122106045463e-19,0,,181,100
1445,8436,9236,9.43263860810887e-17,0,,180,100
1446,8443,9243,3.626260936629495e-11,0,,178,100
1447,8451,9251,1.2130052832522907e-10,0,,178,100
1448,8454,9254,4.910140719895991e-10,0,,175,100
1449,8458,9258,1.0504339395472667e-10,0,,177,100
1450,8467,9267,2.8183585402495856e-12,0,,178,100
1451,8473,9273,2.192518297028624e-10,0,,178,100
1452,8478,9278,8.525941053781237e-11,0,,178,100
1453,8484,9284,1.0598154027475717e-07,0,,178,100
1454,8487,9287,6.675308584540979e-12,0,,178,100
1455,8491,9291,1.276820453983085e-12,0,,177,100
1456,8495,9295,8.812821707349821e-12,0,,177,100
1457,8503,9303,1.927041606670419e-12,0,,178,100
1458,8510,9310,5.30949342827564e-15,0,,178,100
1459,8518,9318,4.164760125558162e-12,0,,178,100
1460,8526,9326,1.3281054516680823e-18,0,,175,100
1461,8530,9330,3.958523465152712e-17,0,,175,100
1462,8539,9339,4.801849462537362e-15,0,,173,100
1463,8542,9342,2.7744787757172346e-18,0,,173,100
1464,8546,9346,1.711156409011451e-17,0,,173,100
1465,8550,9350,1.0743030612481138e-17,0,,172,100
1466,8556,9356,1.6904638884163828e-17,0,,171,100
1467,8560,9360,4.08618694375526e-15,0,,171,100
1468,8568,9368,1.1830997909566148e-19,0,,172,100
1469,8572,9372,4.870038883093606e-20,0,,173,100
1470,8576,9376,1.6488435571056364e-22,0,,170,100
1471,8583,9383,2.7387227393097322e-24,0,,172,100
1472,8591,9391,1.416045032306759e-18,0,,171,100
1473,8595,9395,3.213823169059884e-19,0,,171,100
1474,8603,9403,3.8401078429013417e-19,0,,172,100
1475,8611,9411,1.40616343129796e-18,0,,171,100
1476,8614,9414,4.0935086231789484e-20,0,,171,100
1477,8618,9418,1.7823404963575654e-18,0,,171,100
1478,8625,9425,5.033086895187784e-20,0,,171,100
1479,8633,9433,2.5567698288205612e-21,0,,174,100
1480,8637,9437,4.271022019538608e-18,0,,173,100
1481,8641,9441,5.1918521086689596e-20,0,,173,100
1482,8649,9449,2.448469117126786e-21,0,,172,100
1483,8657,9457,6.965481215175565e-22,0,,171,100
1484,8661,9461,8.159253364775272e-22,0,,171,100
1485,8669,9469,4.704740581425939e-19,0,,170,100
1486,8675,9475,2.2107831986068967e-19,0,,171,100
1487,8678,9478,4.2650878246838845e-19,0,,170,100
1488,8686,9486,2.973900391827121e-19,0,,173,100
1489,8697,9497,9.267361234365581e-18,0,,174,100
1490,8701,9501,1.3235395567573524e-16,0,,174,100
1491,8708,9508,1.3133578179514043e-17,0,,174,100
1492,8717,9517,3.476601499970937e-15,0,,172,100
1493,8720,9520,9.06037936026188e-20,0,,173,100
1494,8727,9527,8.845288253603763e-17,0,,173,100
1495,8733,9533,6.883505772406348e-18,0,,173,100
1496,8736,9536,6.8653432587763e-17,0,,173,100
1497,8740,9540,4.747404483911182e-16,0,,172,100
1498,8747,9547,1.3265196693031162e-17,0,,173,100
1499,8750,9550,2.7799847581110054e-18,0,,172,100
1500,8754,9554,7.420000840863887e-17,0,,172,100
1501,8761,9561,1.2394895168172245e-19,0,,174,100
1502,8770,9570,2.4717596935106365e-11,0,,172,100
1503,8773,9573,2.4358139972680796e-13,0,,173,100
1504,8782,9582,1.8911455446776399e-13,0,,172,100
1505,8791,9591,1.277210743676526e-15,0,,173,100
1506,8796,9596,2.4939768274767384e-14,0,,172,100
1507,8804,9604,7.402893781287467e-16,0,,177,100
1508,8813,9613,4.0141403544907175e-18,0,,175,100
1509,8817,9617,2.439186217420083e-18,0,,176,100
1510,8823,9623,9.333443942791131e-21,0,,176,100
1511,8827,9627,1.1285900791135042e-20,0,,175,100
1512,8835,9635,2.5025394531417406e-20,0,,176,100
1513,8843,9643,7.728929321868714e-24,0,,177,100
1514,8847,9647,5.9915580727411876e-21,0,,177,100
1515,8852,9652,7.713906387856398e-24,0,,178,100
1516,8856,9656,1.1130795729598566e-18,0,,178,100
1517,8863,9663,1.9038685244178885e-24,0,,179,100
1518,8872,9672,3.816000618034091e-21,0,,175,100
1519,8875,9675,4.425593760505282e-22,0,,174,100
1520,8885,9685,1.6867741429927387e-24,0,,175,100
1521,8888,9688,4.3439103228981695e-23,0,,175,100
1522,8896,9696,1.710953221363128e-26,0,,176,100
1523,8901,9701,1.294192673888198e-29,0,,176,100
1524,8904,9704,8.336856887474668e-25,0,,176,100
1525,8920,9720,9.152062531476474e-22,0,,178,100
1526,8924,9724,3.1943405637767706e-17,0,,178,100
1527,8932,9732,1.2993480121552772e-19,0,,179,100
1528,8937,9737,8.74197456792169e-16,0,,180,100
1529,8940,9740,4.4408410726390674e-18,0,,179,100
1530,8944,9744,2.5491159408631966e-17,0,,180,100
1531,8952,9752,3.028233503889617e-17,0,,179,100
1532,8955,9755,3.6921308037904173e-14,0,,179,100
1533,8968,9768,9.918443582368208e-18,0,,180,100
1534,8979,9779,5.814875490025902e-17,0,,181,100
1535,8983,9783,2.0757700412002812e-15,0,,181,100
1536,8990,9790,1.580799995943592e-16,0,,181,100
1537,8999,9799,7.216296653302403e-11,0,,179,100
1538,9002,9802,2.58288037690543e-13,0,,179,100
1539,9007,9807,7.666642112340594e-15,0,,179,100
1540,9014,9814,2.768821383459821e-14,0,,179,100
1541,9023,9823,3.9963194201335096e-16,0,,181,100
1542,9027,9827,1.4057526851693057e-14,0,,182,100
1543,9033,9833,7.566453262241191e-17,0,,182,100
1544,9042,9842,5.147452501142969e-15,0,,181,100
1545,9046,9846,1.2795063692265008e-17,0,,180,100
1546,9049,9849,9.527665764135419e-15,0,,181,100
1547,9057,9857,4.447880063139083e-19,0,,184,100
1548,9063,9863,2.792953374766313e-17,0,,183,100
1549,9067,9867,3.703753135017783e-15,0,,184,100
1550,9071,9871,6.603584640908518e-19,0,,183,100
1551,9075,9875,1.611743482454596e-15,0,,183,100
1552,9084,9884,1.0053982167600078e-17,0,,183,100
1553,9087,9887,2.57261141674242e-16,0,,182,100
1554,9095,9895,2.2288674455245834e-20,0,,182,100
1555,9099,9899,1.0186267024041354e-20,0,,183,100
1556,9110,9910,1.530342648118642e-19,0,,179,100
1557,9113,9913,2.4846106327524616e-22,0,,179,100
1558,9121,9921,7.847187515693666e-22,0,,180,100
1559,9125,9925,2.4427291542002654e-21,0,,179,100
1560,9129,9929,3.5871460599194676e-25,0,,179,100
1561,9140,9940,6.010181010345481e-25,0,,182,100
1562,9143,9943,8.222911754083168e-25,0,,183,100
1563,9158,9958,2.1638216335944563e-24,0,,182,100
1564,9162,9962,1.1071555241500529e-22,0,,182,100
1565,9173,9973,5.674445790514392e-22,0,,182,100
1566,9177,9977,7.525913745216667e-21,0,,183,100
1567,9185,9985,9.59315046771526e-22,0,,183,100
1568,9190,9990,4.790100850887356e-19,0,,183,100
1569,9193,9993,9.35203758134806e-21,0,,183,100
1570,9197,9997,1.61636148759592e-20,0,,183,100
1571,9204,10004,1.0654589289465356e-20,0,,184,100
1572,9213,10013,1.0151188011480877e-14,0,,182,100
1573,9216,10016,3.7993749740127076e-18,0,,182,100
1574,9226,10026,2.0695965625951352e-20,0,,182,100
1575,9231,10031,3.551691321135417e-22,0,,182,100
1576,9239,10039,1.6654444558922187e-20,0,,183,100
1577,9243,10043,3.7083935951530005e-20,0,,184,100
1578,9248,10048,6.743320419233321e-23,0,,185,100
1579,9256,10056,2.721427955935761e-16,0,,185,100
1580,9259,10059,1.124723647156548e-19,0,,186,100
1581,9267,10067,2.0929927458380284e-18,0,,185,100
1582,9271,10071,8.356205115425869e-20,0,,185,100
1583,9280,10080,2.520048628380744e-20,0,,184,100
1584,9283,10083,4.813927572737105e-21,0,,185,100
1585,9291,10091,5.376902131753661e-21,0,,187,100
1586,9295,10095,2.941487759436973e-24,0,,188,100
1587,9302,10102,4.341789242849702e-22,0,,187,100
1588,9308,10108,7.495213095521146e-23,0,,187,100
1589,9311,10111,5.77331739088276e-24,0,,187,100
1590,9320,10120,1.0869209543682363e-23,0,,188,100
1591,9324,10124,5.489211509620644e-23,0,,188,100
1592,9332,10132,4.3015211095359965e-27,0,,189,100
1593,9338,10138,7.099456252322353e-24,0,,188,100
1594,9341,10141,3.65785890132519e-23,0,,188,100
1595,9349,10149,3.708485181443262e-26,0,,189,100
1596,9353,10153,1.3472922931996328e-26,0,,189,100
1597,9363,10163,4.1816696656893184e-27,0,,189,100
1598,9367,10167,1.0434467239807017e-25,0,,190,100
1599,9377,10177,5.747236782555929e-26,0,,190,100
1600,9383,10183,2.0598634682558563e-26,0,,191,100
1601,9386,10186,1.0453992199826656e-26,0,,190,100
1602,9392,10192,4.9009786920449354e-29,0,,191,100
1603,9403,10203,1.1575238134225216e-26,0,,193,100
1604,9412,10212,9.809660175093836e-24,0,,191,100
1605,9416,10216,5.147833221261493e-22,0,,191,100
1606,9430,10230,1.4166999240455906e-19,0,,190,100
1607,9433,10233,9.463235320001221e-22,0,,190,100
1608,9444,10244,4.248034623605797e-20,0,,190,100
1609,9454,10254,1.1924084494661335e-21,0,,190,100
1610,9463,10263,8.359034852037008e-20,0,,189,100
1611,9466,10266,2.066700175437022e-22,0,,187,100
1612,9470,10270,4.499163178784115e-23,0,,189,100
1613,9478,10278,1.5760308173001612e-24,0,,189,100
1614,9486,10286,3.2747447746542465e-21,0,,186,100
1615,9489,10289,6.3828461367005975e-24,0,,186,100
1616,9496,10296,5.32144942678401e-25,0,,186,100
1617,9500,10300,1.4014507557774734e-25,0,,187,100
1618,9507,10307,5.571096255927703e-23,0,,187,100
1619,9516,10316,1.7295830085593015e-30,0,,185,100
1620,9520,10320,4.534082550099649e-27,0,,185,100
1621,9529,10329,2.0081883790665537e-25,0,,184,100
1622,9539,10339,7.503153313293929e-26,0,,185,100
1623,9542,10342,7.989700459910545e-23,0,,184,100
1624,9546,10346,2.2579563871290576e-25,0,,184,100
1625,9551,10351,3.722773054263532e-29,0,,185,100
1626,9557,10357,2.5830325197140786e-23,0,,182,100
1627,9561,10361,7.26456122864482e-21,0,,182,100
1628,9570,10370,3.47211926492547e-21,0,,181,100
1629,9578,10378,3.4509367699542667e-22,0,,182,100
1630,9582,10382,1.6773421392608443e-22,0,,184,100
1631,9586,10386,6.209025663760714e-21,0,,184,100
1632,9589,10389,5.547859579330326e-20,0,,184,100
1633,9599,10399,1.2254524916269848e-14,0,,180,100
1634,9602,10402,6.986243353839384e-16,0,,179,100
1635,9610,10410,2.172946943810557e-18,0,,179,100
1636,9615,10415,4.457417167618409e-21,0,,177,100
1637,9621,10421,1.5340678354216355e-18,0,,178,100
1638,9629,10429,3.0747905053428314e-21,0,,179,100
1639,9632,10432,9.708619126087158e-20,0,,178,100
1640,9639,10439,1.0017277455963512e-21,0,,177,100
1641,9643,10443,1.340591075629534e-17,0,,177,100
1642,9653,10453,8.445196589162467e-20,0,,175,100
1643,9657,10457,4.065572360348889e-20,0,,174,100
1644,9662,10462,5.123650394873863e-18,0,,175,100
1645,9668,10468,9.007734061376186e-21,0,,175,100
1646,9679,10479,1.696530309043547e-19,0,,175,100
1647,9688,10488,8.816456973320327e-20,0,,174,100
1648,9691,10491,2.1715247491525502e-18,0,,175,100
1649,9696,10496,1.6900401176101217e-20,0,,175,100
1650,9700,10500,6.382146525959821e-18,0,,176,100
1651,9708,10508,9.849486087723052e-21,0,,174,100
1652,9711,10511,6.966130230283823e-24,0,,174,100
1653,9717,10517,5.832553410247974e-25,0,,175,100
1654,9721,10521,2.9850681042952968e-24,0,,174,100
1655,9729,10529,4.194592148252194e-22,0,,173,100
1656,9737,10537,9.518919943579582e-22,0,,173,100
1657,9741,10541,4.4670658807058426e-20,0,,173,100
1658,9744,10544,3.445956354399622e-21,0,,174,100
1659,9758,10558,1.55237292008928e-23,0,,173,100
1660,9761,10561,4.8667131172123956e-23,0,,171,100
1661,9767,10567,4.590390392534012e-24,0,,173,100
1662,9770,10570,1.8012923900547302e-21,0,,172,100
1663,9775,10575,1.8884101124971962e-19,0,,172,100
1664,9779,10579,3.1592899465197667e-17,0,,172,100
1665,9785,10585,3.170993503950075e-19,0,,172,100
1666,9788,10588,2.6680405163803735e-16,0,,171,100
1667,9792,10592,6.510511076141023e-19,0,,170,100
1668,9794,10594,4.792526084102576e-19,0,,171,100
1669,9801,10601,2.5731410455375107e-17,0,,171,100
1670,9806,10606,7.710303692023692e-16,0,,170,100
1671,9811,10611,1.365633858694393e-15,0,,170,100
1672,9815,10615,4.941332802725051e-14,0,,171,100
1673,9823,10623,2.129286734791506e-14,0,,169,100
1674,9826,10626,2.8935339560322215e-18,0,,169,100
1675,9834,10634,4.300046433746309e-18,0,,168,100
1676,9838,10638,2.4014993877244605e-18,0,,169,100
1677,9847,10647,1.0109483746006059e-18,0,,168,100
1678,9849,10649,1.4370177534111898e-15,0,,168,100
1679,9856,10656,2.900126148961552e-13,0,,165,100
1680,9859,10659,6.769600607409761e-15,0,,165,100
1681,9864,10664,9.808695717572695e-14,0,,164,100
1682,9870,10670,3.2513274129187672e-15,0,,163,100
1683,9874,10674,2.3380497435645567e-16,0,,163,100
1684,9878,10678,1.2173507159056545e-15,0,,163,100
1685,9889,10689,1.499138123114309e-16,0,,164,100
1686,9893,10693,6.313537284116719e-15,0,,165,100
1687,9904,10704,7.200656791971618e-15,0,,165,100
1688,9907,10707,6.050815427180046e-15,0,,164,100
1689,9911,10711,1.1277710351784326e-15,0,,164,100
1690,9916,10716,8.001571239263446e-18,0,,164,100
1691,9920,10720,4.054780456094324e-17,0,,165,100
1692,9926,10726,1.5428613005877891e-18,0,,166,100
1693,9935,10735,3.1810974041295695e-12,0,,162,100
1694,9938,10738,6.4221100597585744e-18,0,,162,100
1695,9946,10746,2.8882255468289423e-18,0,,163,100
1696,9950,10750,2.5584393175297234e-17,0,,164,100
1697,9958,10758,6.077915950859204e-19,0,,165,100
1698,9964,10764,3.199591491901572e-18,0,,165,100
1699,9968,10768,1.4483055730734185e-18,0,,166,100
1700,9976,10776,3.3667731222759276e-18,0,,166,100
1701,9979,10779,2.8383507084454054e-17,0,,166,100
1702,9987,10787,1.0903941135402689e-17,0,,167,100
1703,9991,10791,5.73203099841298e-20,0,,168,100
1704,9996,10796,8.430667641434469e-20,0,,169,100
1705,9999,10799,2.482431664722151e-21,0,,168,100
1706,10003,10803,1.1600586982103918e-17,0,,169,100
1707,10010,10810,1.8490291331465725e-16,0,,170,100
1708,10019,10819,3.697950733839185e-17,0,,170,100
1709,10033,10833,4.94360523040713e-19,0,,169,100
1710,10037,10837,2.0529702808414424e-23,0,,171,100
1711,10043,10843,2.5245398146935392e-20,0,,172,100
1712,10055,10855,2.2879328556801955e-18,0,,169,100
1713,10058,10858,4.813662609404089e-19,0,,169,100
1714,10066,10866,1.1169931942135078e-23,0,,169,100
1715,10070,10870,6.18330141444317e-23,0,,170,100
1716,10082,10882,2.7304516445652784e-21,0,,167,100
1717,10090,10890,5.486309491095598e-21,0,,167,100
1718,10094,10894,4.4943990253382424e-23,0,,168,100
1719,10108,10908,8.99326280615819e-26,0,,166,100
1720,10112,10912,4.945761157994526e-24,0,,167,100
1721,10121,10921,4.288936714670772e-25,0,,163,100
1722,10125,10925,6.27079959914421e-26,0,,163,100
1723,10129,10929,3.5553494152857776e-24,0,,165,100
1724,10139,10939,5.23686481658955e-23,0,,163,100
1725,10144,10944,7.572730185030408e-23,0,,164,100
1726,10149,10949,1.8537936173162126e-24,0,,164,100
1727,10152,10952,3.842292381482995e-25,0,,164,100
1728,10157,10957,2.6398047074037623e-25,0,,163,100
1729,10160,10960,3.1772896248578773e-24,0,,163,100
1730,10164,10964,1.920809207881939e-26,0,,162,100
1731,10167,10967,1.9028569887233988e-26,0,,162,100
1732,10176,10976,3.395958863835083e-23,0,,163,100
1733,10179,10979,1.234320313028556e-22,0,,162,100
1734,10183,10983,3.451836375938613e-24,0,,162,100
1735,10191,10991,9.809401463895067e-23,0,,163,100
1736,10194,10994,1.234596656579154e-22,0,,161,100
1737,10198,10998,1.6959097093660524e-21,0,,161,100
1738,10205,11005,5.239178515790731e-24,0,,161,100
1739,10213,11013,1.0760078176312593e-23,0,,160,100
1740,10223,11023,8.413845710618507e-26,0,,161,100
1741,10226,11026,2.035498156843578e-25,0,,160,100
1742,10230,11030,2.3901160158165405e-26,0,,159,100
1743,10237,11037,1.6544265688337614e-26,0,,162,100
1744,10251,11051,4.9814817658812287e-26,0,,163,100
1745,10255,11055,3.964507247683677e-29,0,,162,100
1746,10267,11067,3.902755801066722e-27,0,,162,100
1747,10270,11070,2.137424566640305e-32,0,,161,100
1748,10274,11074,3.725052170308123e-30,0,,163,100
1749,10284,11084,2.2781943757371018e-26,0,,164,100
1750,10288,11088,5.059137032335904e-27,0,,166,100
1751,10292,11092,2.160602348790522e-24,0,,166,100
1752,10302,11102,4.026217543633677e-26,0,,166,100
1753,10305,11105,1.9226994286889214e-23,0,,166,100
1754,10314,11114,1.693294932385847e-25,0,,166,100
1755,10318,11118,2.3681044657564264e-25,0,,168,100
1756,10326,11126,5.147844298152927e-26,0,,166,100
1757,10336,11136,5.076481129837253e-26,0,,167,100
1758,10339,11139,3.6563706588331505e-27,0,,167,100
1759,10343,11143,1.9313922267455693e-27,0,,168,100
1760,10354,11154,7.356701407684252e-28,0,,169,100
1761,10365,11165,7.651486450799173e-28,0,,169,100
1762,10368,11168,1.0164575340282857e-28,0,,168,100
1763,10379,11179,8.658301160503213e-22,0,,166,100
1764,10382,11182,5.0961736315344e-26,0,,167,100
1765,10391,11191,2.7099166485675328e-25,0,,167,100
1766,10401,11201,5.804644622445807e-28,0,,169,100
1767,10413,11213,1.1265999130469294e-20,0,,169,100
1768,10416,11216,7.910452241678103e-27,0,,169,100
1769,10420,11220,1.6293482135248854e-27,0,,168,100
1770,10426,11226,6.66880925938583e-30,0,,170,100
1771,10438,11238,2.2648999659305762e-28,0,,169,100
1772,10443,11243,2.190044001014924e-26,0,,169,100
1773,10448,11248,4.035341737400557e-26,0,,169,100
1774,10457,11257,1.0038172365900693e-29,0,,169,100
1775,10462,11262,1.055216950884143e-30,0,,171,100
1776,10472,11272,7.366829972945814e-29,0,,169,100
1777,10476,11276,3.882011070177995e-29,0,,171,100
1778,10482,11282,9.525354618866418e-28,0,,168,100
1779,10490,11290,4.0242357228499513e-29,0,,169,100
1780,10493,11293,1.9323937519035207e-27,0,,168,100
1781,10498,11298,8.207166554222324e-35,0,,168,100
1782,10501,11301,4.876737838067887e-32,0,,168,100
1783,10509,11309,2.7150999411141353e-34,0,,168,100
1784,10512,11312,1.1917884607477129e-36,0,,169,100
1785,10523,11323,1.2881589149658936e-31,0,,169,100
1786,10531,11331,1.8411559127589305e-32,0,,169,100
1787,10535,11335,3.0906512739246317e-31,0,,169,100
1788,10539,11339,5.86408287301959e-30,0,,169,100
1789,10550,11350,2.161699605850359e-27,0,,170,100
1790,10553,11353,6.279618820872309e-29,0,,170,100
1791,10563,11363,2.4901083440322005e-27,0,,170,100
1792,10570,11370,1.5961975300030272e-23,0,,169,100
1793,10574,11374,2.185610504940596e-23,0,,169,100
1794,10579,11379,1.4344386425172337e-28,0,,169,100
1795,10582,11382,8.933202349160896e-25,0,,168,100
1796,10593,11393,8.627326393037637e-28,0,,172,100
1797,10596,11396,1.5298671402708216e-27,0,,171,100
1798,10600,11400,1.174012377762754e-25,0,,172,100
1799,10607,11407,3.64002796969257e-29,0,,172,100
1800,10615,11415,2.750131620382748e-25,0,,172,100
1801,10619,11419,3.2437334435446623e-22,0,,172,100
1802,10622,11422,1.2111809861803946e-23,0,,173,100
1803,10631,11431,2.2146284195712354e-21,0,,174,100
1804,10636,11436,1.0115792828313993e-23,0,,173,100
1805,10646,11446,5.0968698781326026e-23,0,,175,100
1806,10651,11451,3.25071322476524e-20,0,,174,100
1807,10655,11455,1.4823269213287318e-20,0,,175,100
1808,10662,11462,3.1849673988472377e-21,0,,177,100
1809,10672,11472,1.1997167136379146e-19,0,,176,100
1810,10675,11475,7.609565791974198e-22,0,,175,100
1811,10679,11479,4.837923123668654e-21,0,,176,100
1812,10687,11487,9.979556403889086e-20,0,,177,100
1813,10690,11490,3.4374338536295637e-20,0,,176,100
1814,10694,11494,5.387208498347391e-22,0,,178,100
1815,10706,11506,2.7460575264860994e-21,0,,178,100
1816,10709,11509,4.5484820672824263e-20,0,,178,100
1817,10713,11513,2.775243493627219e-19,0,,177,100
1818,10719,11519,3.17643697958163e-20,0,,177,100
1819,10722,11522,2.670595748989106e-18,0,,176,100
1820,10728,11528,4.38311578007229e-21,0,,177,100
1821,10732,11532,8.141375245650552e-21,0,,176,100
1822,10737,11537,7.449799779946849e-20,0,,179,100
1823,10743,11543,5.6486767879784754e-21,0,,179,100
1824,10747,11547,2.4923478949743325e-20,0,,179,100
1825,10751,11551,1.3510267328337634e-28,0,,179,100
1826,10755,11555,2.978695405780337e-29,0,,179,100
1827,10764,11564,4.335171648074221e-28,0,,180,100
1828,10767,11567,1.8914817600043533e-25,0,,179,100
1829,10774,11574,9.987063521757384e-28,0,,178,100
1830,10785,11585,1.4445576307271187e-26,0,,177,100
1831,10795,11595,6.954033137961482e-28,0,,177,100
1832,10807,11607,1.3085302611565657e-27,0,,177,100
1833,10811,11611,7.798314027332406e-29,0,,177,100
1834,10817,11617,3.793802595239801e-30,0,,178,100
1835,10825,11625,1.1802394235834342e-30,0,,178,100
1836,10841,11641,7.905906205277096e-19,0,,175,100
1837,10844,11644,1.2257340928051527e-19,0,,175,100
1838,10849,11649,7.762751041708025e-21,0,,175,100
1839,10853,11653,1.1850293798461467e-22,0,,175,100
1840,10858,11658,1.597120222569022e-23,0,,175,100
1841,10864,11664,1.618174064934715e-23,0,,175,100
1842,10870,11670,7.737542266220458e-25,0,,175,100
1843,10873,11673,1.660909096354159e-19,0,,175,100
1844,10883,11683,3.622640943271618e-25,0,,176,100
1845,10887,11687,2.0416812695806123e-23,0,,176,100
1846,10894,11694,5.782904256797999e-22,0,,176,100
1847,10898,11698,7.689821689518094e-22,0,,176,100
1848,10907,11707,7.417353299422901e-26,0,,176,100
1849,10912,11712,2.805058698505693e-29,0,,175,100
1850,10922,11722,1.4660055809698895e-28,0,,175,100
1851,10926,11726,2.965354446685178e-29,0,,177,100
1852,10936,11736,1.3140241119248868e-24,0,,180,100
1853,10944,11744,3.295001628512771e-26,0,,180,100
1854,10948,11748,1.3598807200744993e-26,0,,179,100
1855,10952,11752,7.123133578424385e-26,0,,179,100
1856,10958,11758,4.350644951394523e-27,0,,181,100
1857,10965,11765,2.7946578449121457e-25,0,,181,100
1858,10972,11772,2.211889405304284e-32,0,,181,100
1859,10975,11775,1.5960872304098819e-31,0,,180,100
1860,10980,11780,1.2064472019675551e-30,0,,181,100
1861,10993,11793,8.248418157939132e-31,0,,181,100
1862,10996,11796,3.5607509021914194e-27,0,,180,100
1863,11000,11800,3.14826685942144e-27,0,,181,100
1864,11011,11811,1.3758080009221595e-30,0,,184,100
1865,11014,11814,5.9787489846233894e-30,0,,182,100
1866,11018,11818,2.2933568321680947e-29,0,,182,100
1867,11025,11825,1.8891097130656272e-32,0,,183,100
1868,11033,11833,4.73902618706933e-33,0,,183,100
1869,11036,11836,4.5805279998492506e-32,0,,182,100
1870,11039,11839,2.6596888570483754e-32,0,,182,100
1871,11043,11843,3.3338181519562e-31,0,,182,100
1872,11054,11854,5.097035828457291e-31,0,,182,100
1873,11057,11857,1.1738061205516922e-30,0,,183,100
1874,11065,11865,1.7341222953338207e-28,0,,183,100
1875,11075,11875,3.9879091967847454e-25,0,,180,100
1876,11083,11883,4.479761625724097e-22,0,,179,100
1877,11086,11886,3.2237401343607935e-23,0,,177,100
1878,11090,11890,1.4430013441605456e-25,0,,177,100
1879,11100,11900,9.618618754586899e-31,0,,178,100
1880,11103,11903,2.2231373098029784e-27,0,,178,100
1881,11115,11915,1.3089779630346312e-24,0,,179,100
1882,11118,11918,7.583469513736842e-25,0,,177,100
1883,11123,11923,2.0663915702998034e-23,0,,179,100
1884,11131,11931,1.1527692594583182e-24,0,,179,100
1885,11134,11934,8.822001205802067e-23,0,,179,100
1886,11138,11938,1.722579243319097e-23,0,,180,100
1887,11141,11941,3.8562762683367687e-22,0,,179,100
1888,11145,11945,8.099252558332641e-23,0,,179,100
1889,11152,11952,8.48876216380018e-32,0,,181,100
1890,11156,11956,1.1127158038995204e-26,0,,181,100
1891,11165,11965,3.3757749851424394e-25,0,,182,100
1892,11171,11971,9.559752519370452e-25,0,,184,100
1893,11177,11977,2.8407118723877552e-27,0,,184,100
1894,11184,11984,6.798055729837079e-26,0,,184,100
1895,11187,11987,2.032427299824346e-28,0,,184,100
1896,11194,11994,2.895717358412935e-19,0,,183,100
1897,11200,12000,1.497851094362695e-19,0,,185,100
1898,11204,12004,1.5515279878785913e-20,0,,185,100
1899,11207,12007,1.6463484779093144e-20,0,,186,100
1900,11218,12018,8.00747759909653e-25,0,,186,100
1901,11221,12021,1.094560077524868e-23,0,,185,100
1902,11225,12025,3.1310321467773835e-24,0,,187,100
1903,11234,12034,1.433841256029557e-25,0,,188,100
1904,11240,12040,4.2075581856944695e-26,0,,188,100
1905,11243,12043,8.248050264294772e-28,0,,188,100
1906,11247,12047,3.0505553644456174e-29,0,,188,100
1907,11252,12052,1.3259048071429204e-28,0,,188,100
1908,11256,12056,2.123682250750692e-30,0,,189,100
1909,11265,12065,3.3464319043940926e-30,0,,188,100
1910,11271,12071,1.0203177092043184e-32,0,,190,100
1911,11279,12079,1.9134523576356321e-32,0,,190,100
1912,11283,12083,1.68132384836313e-30,0,,190,100
1913,11290,12090,8.756113372201183e-29,0,,189,100
1914,11294,12094,5.517079775003649e-29,0,,189,100
1915,11296,12096,1.2081225937405055e-29,0,,187,100
1916,11300,12100,1.946306834254947e-31,0,,187,100
1917,11303,12103,1.2756714619149994e-29,0,,188,100
1918,11308,12108,3.399175097853701e-27,0,,187,100
1919,11312,12112,6.19506214251948e-28,0,,187,100
1920,11315,12115,2.8287819239272225e-29,0,,188,100
1921,11323,12123,3.8043583922836537e-28,0,,189,100
1922,11326,12126,1.4724397690479143e-28,0,,189,100
1923,11331,12131,2.1034911089953743e-27,0,,188,100
1924,11344,12144,1.408418066581517e-23,0,,187,100
1925,11348,12148,3.4346797388684543e-22,0,,189,100
1926,11358,12158,7.76553006595596e-26,0,,187,100
1927,11362,12162,3.2881006465332134e-22,0,,188,100
1928,11370,12170,1.3575013232933058e-23,0,,188,100
1929,11374,12174,1.0758707988884321e-23,0,,188,100
1930,11379,12179,6.13248217697902e-21,0,,188,100
1931,11388,12188,7.504369319817702e-21,0,,187,100
1932,11392,12192,1.3467087893890581e-22,0,,187,100
1933,11402,12202,4.270974797908996e-28,0,,186,100
1934,11405,12205,6.44337775908219e-23,0,,186,100
1935,11409,12209,1.258759377843224e-21,0,,187,100
1936,11414,12214,8.288322533589585e-22,0,,186,100
1937,11417,12217,2.6960069168935643e-25,0,,185,100
1938,11424,12224,9.877433541490082e-28,0,,184,100
1939,11431,12231,7.789791443738003e-22,0,,183,100
1940,11437,12237,1.3097911151504605e-26,0,,184,100
1941,11441,12241,1.78815968675217e-24,0,,183,100
1942,11444,12244,6.372958234175188e-27,0,,186,100
1943,11455,12255,3.437197318249331e-22,0,,186,100
1944,11462,12262,1.2503250288339121e-23,0,,187,100
1945,11467,12267,3.606242079363086e-24,0,,187,100
1946,11470,12270,1.4381021584142785e-23,0,,186,100
1947,11476,12276,8.881655558069461e-26,0,,187,100
1948,11479,12279,1.129110898658397e-27,0,,186,100
1949,11489,12289,1.6522421203958517e-26,0,,187,100
1950,11492,12292,1.2883812894055545e-26,0,,186,100
1951,11501,12301,3.798528001266633e-24,0,,185,100
1952,11505,12305,5.4187156964132026e-24,0,,186,100
1953,11512,12312,8.099644529652704e-26,0,,187,100
1954,11519,12319,2.1261606180981098e-23,0,,187,100
1955,11523,12323,1.708142159107321e-25,0,,187,100
1956,11531,12331,6.145654121580211e-23,0,,187,100
1957,11536,12336,1.44497878179292e-23,0,,183,100
1958,11539,12339,2.994080721982515e-25,0,,183,100
1959,11544,12344,3.703506483351219e-27,0,,183,100
1960,11547,12347,6.582719422109901e-26,0,,183,100
1961,11557,12357,1.0046690211347014e-29,0,,182,100
1962,11560,12360,1.5134221045258226e-28,0,,181,100
1963,11563,12363,3.087054369647281e-28,0,,181,100
1964,11568,12368,1.634220443166499e-30,0,,183,100
1965,11574,12374,2.936327887130493e-32,0,,182,100
1966,11578,12378,6.206216261949552e-31,0,,182,100
1967,11584,12384,2.3324870060242783e-35,0,,182,100
1968,11587,12387,2.3834218767805313e-33,0,,182,100
1969,11596,12396,7.499945931989468e-31,0,,179,100
1970,11599,12399,2.422911162348118e-31,0,,179,100
1971,11611,12411,1.0965992100658835e-36,0,,178,100
1972,11614,12414,2.699100816674837e-34,0,,178,100
1973,11620,12420,3.1204447755394687e-35,0,,178,100
1974,11628,12428,4.191632220161481e-30,0,,178,100
1975,11632,12432,3.3664749971106133e-32,0,,178,100
1976,11638,12438,1.5750381496004557e-35,0,,179,100
1977,11641,12441,6.368381727615322e-34,0,,179,100
1978,11647,12447,1.1352308397784197e-30,0,,179,100
1979,11654,12454,1.8092671509653627e-30,0,,180,100
1980,11657,12457,2.133297209390514e-32,0,,180,100
1981,11668,12468,2.563311504037189e-34,0,,181,100
1982,11671,12471,2.2549472695804264e-36,0,,181,100
1983,11675,12475,6.972977658966826e-36,0,,181,100
1984,11682,12482,2.9695489627845144e-35,0,,182,100
1985,11685,12485,3.4516168650807654e-34,0,,181,100
1986,11697,12497,1.7547122727604683e-32,0,,183,100
1987,11704,12504,6.839060387427028e-29,0,,183,100
1988,11711,12511,1.438401127916086e-25,0,,185,100
1989,11720,12520,1.4361409140953904e-25,0,,185,100
1990,11723,12523,1.4071771433550762e-25,0,,184,100
1991,11726,12526,1.8873622720118287e-25,0,,184,100
1992,11734,12534,2.0432386790112725e-19,0,,185,100
1993,11737,12537,5.231872392788054e-26,0,,184,100
1994,11741,12541,8.090673379385401e-27,0,,187,100
1995,11744,12544,2.714670183268704e-24,0,,188,100
1996,11749,12549,9.172695687021018e-28,0,,187,100
1997,11755,12555,2.8085062289850403e-26,0,,187,100
1998,11758,12558,4.086944087432748e-29,0,,186,100
1999,11763,12563,9.997584587113987e-27,0,,186,100
2000,11766,12566,2.7034227461179267e-25,0,,186,100
2001,11775,12575,1.6447331935130313e-23,0,,187,100
2002,11784,12584,5.943115031722631e-24,0,,188,100
2003,11789,12589,4.441136569429496e-27,0,,188,100
2004,11793,12593,5.501285279673986e-22,0,,188,100
2005,11801,12601,1.6230531078985025e-21,0,,185,100
2006,11804,12604,1.8127065930393911e-25,0,,184,100
2007,11815,12615,1.4830193344284484e-29,0,,186,100
2008,11821,12621,1.1597053645059324e-32,0,,186,100
2009,11824,12624,3.526813868038696e-31,0,,186,100
2010,11830,12630,3.5220311313322108e-31,0,,187,100
2011,11833,12633,1.9248925538897257e-28,0,,186,100
2012,11837,12637,2.4869705603787835e-28,0,,187,100
2013,11848,12648,5.971682240901043e-31,0,,189,100
2014,11851,12651,1.548912228297353e-29,0,,189,100
2015,11860,12660,5.866446880995042e-27,0,,190,100
2016,11863,12663,3.761205583412552e-31,0,,190,100
2017,11871,12671,1.4744818998177344e-27,0,,191,100
2018,11874,12674,5.0237005177658716e-26,0,,190,100
2019,11878,12678,5.240817432242329e-26,0,,191,100
2020,11884,12684,7.909101149330657e-27,0,,191,100
2021,11887,12687,9.293980218644263e-28,0,,191,100
2022,11891,12691,2.1205890508945995e-27,0,,190,100
2023,11897,12697,7.92912393870223e-32,0,,191,100
2024,11902,12702,9.455734329661857e-28,0,,191,100
2025,11908,12708,5.8047527643913715e-28,0,,191,100
2026,11911,12711,1.0024781501096364e-28,0,,191,100
2027,11920,12720,1.6637721586780332e-32,0,,191,100
2028,11924,12724,2.7297163820907455e-34,0,,190,100
2029,11930,12730,2.6057508640858492e-30,0,,191,100
2030,11938,12738,1.0854029785018543e-31,0,,189,100
2031,11944,12744,2.5458204678253675e-29,0,,189,100
2032,11948,12748,1.019162102748226e-29,0,,190,100
2033,11951,12751,1.2610538915984309e-26,0,,189,100
2034,11957,12757,3.768589740289928e-26,0,,189,100
2035,11961,12761,1.4681156456367682e-29,0,,188,100
2036,11968,12768,1.135922243090986e-28,0,,188,100
2037,11971,12771,2.2155580517983093e-30,0,,190,100
2038,11979,12779,4.823701241053234e-29,0,,191,100
2039,11982,12782,9.872825649270431e-29,0,,190,100
2040,11989,12789,4.866094730391145e-27,0,,189,100
2041,11996,12796,1.8891341266505008e-25,0,,190,100
2042,11999,12799,5.781491565412652e-27,0,,190,100
2043,12003,12803,1.8877181645972216e-25,0,,191,100
2044,12010,12810,2.4296777697841388e-26,0,,190,100
2045,12013,12813,1.2964071903686868e-22,0,,190,100
2046,12023,12823,1.3309969111452491e-21,0,,189,100
2047,12026,12826,3.4106414022804006e-22,0,,187,100
2048,12032,12832,1.4537274946555145e-23,0,,188,100
2049,12038,12838,1.5262951430426794e-21,0,,187,100
2050,12041,12841,2.1010983282639167e-23,0,,189,100
2051,12047,12847,7.404164020166322e-23,0,,188,100
2052,12052,12852,6.923312105372704e-24,0,,188,100
2053,12056,12856,8.20170024208628e-22,0,,189,100
2054,12066,12866,2.8260179014730364e-25,0,,188,100
2055,12070,12870,9.065429072134756e-27,0,,188,100
2056,12073,12873,2.8937740424851226e-24,0,,189,100
2057,12085,12885,7.099230097263125e-28,0,,191,100
2058,12088,12888,1.2795517464712825e-25,0,,191,100
2059,12103,12903,5.952736213619826e-26,0,,192,100
2060,12108,12908,1.336974251038649e-24,0,,192,100
2061,12111,12911,4.260074249295786e-24,0,,191,100
2062,12116,12916,6.939713505127848e-20,0,,190,100
2063,12120,12920,5.078429264922044e-25,0,,190,100
2064,12122,12922,8.028366783392505e-24,0,,190,100
2065,12130,12930,3.417801537304898e-24,0,,190,100
2066,12140,12940,8.927938414966735e-23,0,,192,100
2067,12144,12944,8.99228573254431e-21,0,,193,100
2068,12152,12952,3.1272434331367416e-24,0,,193,100
2069,12155,12955,6.446109221142516e-23,0,,193,100
2070,12159,12959,2.667429864276313e-22,0,,193,100
2071,12168,12968,5.215489637752742e-26,0,,194,100
2072,12172,12972,2.819951026046862e-23,0,,194,100
2073,12185,12985,2.445896272238601e-24,0,,194,100
2074,12188,12988,2.1734090949064575e-28,0,,194,100
2075,12192,12992,1.876454383622454e-24,0,,194,100
2076,12199,12999,2.8255194732273515e-23,0,,195,100
2077,12205,13005,4.042336740182907e-23,0,,193,100
2078,12211,13011,4.322861606314214e-22,0,,193,100
2079,12214,13014,2.5553501201825136e-23,0,,193,100
2080,12224,13024,2.041925998413366e-20,0,,193,100
2081,12229,13029,3.9375245930786715e-21,0,,192,100
2082,12234,13034,6.393964834699612e-24,0,,193,100
2083,12237,13037,1.2657321416895627e-22,0,,193,100
2084,12244,13044,2.2497831062112057e-19,0,,190,100
2085,12247,13047,2.165459210706932e-21,0,,189,100
2086,12253,13053,1.3943929673090383e-24,0,,190,100
2087,12256,13056,3.3303838509509408e-21,0,,190,100
2088,12265,13065,2.8932147765098747e-20,0,,190,100
2089,12271,13071,1.5136984398093413e-20,0,,189,100
2090,12274,13074,5.383220325662116e-22,0,,190,100
2091,12282,13082,1.7367129758016953e-21,0,,190,100
2092,12285,13085,3.946146052791581e-22,0,,189,100
2093,12289,13089,2.06455771985971e-22,0,,189,100
2094,12296,13096,1.4741051445324627e-24,0,,190,100
2095,12304,13104,1.4150555698222619e-21,0,,192,100
2096,12308,13108,9.246270688002286e-21,0,,192,100
2097,12311,13111,1.3560260489299261e-21,0,,192,100
2098,12318,13118,2.678685024110544e-21,0,,192,100
2099,12326,13126,3.1674096828300112e-18,0,,192,100
2100,12330,13130,2.520349685581948e-22,0,,193,100
2101,12337,13137,2.7279579571178428e-24,0,,193,100
2102,12340,13140,2.4959050325967805e-25,0,,195,100
2103,12347,13147,5.31554747852564e-22,0,,195,100
2104,12350,13150,6.192307732014793e-25,0,,195,100
2105,12356,13156,3.1415957315452176e-27,0,,195,100
2106,12362,13162,1.4529303577979238e-23,0,,196,100
2107,12368,13168,3.7525753897902786e-19,0,,196,100
2108,12375,13175,4.0936343198177673e-22,0,,196,100
2109,12383,13183,6.767730733841575e-22,0,,195,100
2110,12387,13187,1.48237764500876e-23,0,,195,100
2111,12395,13195,1.116451821909906e-24,0,,195,100
2112,12398,13198,2.104786100197397e-24,0,,195,100
2113,12402,13202,4.337849400961516e-24,0,,195,100
2114,12412,13212,3.6428390645683566e-24,0,,196,100
2115,12419,13219,8.174391811793035e-25,0,,196,100
2116,12422,13222,1.319230942000607e-24,0,,195,100
2117,12426,13226,7.809367174518186e-23,0,,196,100
2118,12435,13235,1.8961038861562916e-22,0,,195,100
2119,12446,13246,1.613508607537179e-27,0,,193,100
2120,12454,13254,2.2730093896824127e-31,0,,193,100
2121,12457,13257,9.96976023779069e-27,0,,192,100
2122,12464,13264,3.59614279770904e-28,0,,193,100
2123,12467,13267,1.2415281911011964e-27,0,,193,100
2124,12471,13271,4.689258353662123e-26,0,,193,100
2125,12476,13276,6.496964355265776e-29,0,,193,100
2126,12486,13286,4.065053317819244e-26,0,,195,100
2127,12491,13291,8.289654688722867e-25,0,,195,100
2128,12495,13295,1.0284025611138632e-24,0,,194,100
2129,12501,13301,8.391620054003654e-25,0,,194,100
2130,12509,13309,1.2340386688732358e-25,0,,194,100
2131,12512,13312,5.047319518896992e-22,0,,193,100
2132,12520,13320,1.96305218830326e-21,0,,194,100
2133,12528,13328,9.836038203196982e-19,0,,190,100
2134,12536,13336,4.3173049122607885e-21,0,,191,100
2135,12540,13340,6.646473933399977e-23,0,,188,100
2136,12543,13343,4.552474899302989e-26,0,,188,100
2137,12549,13349,1.9420216309621926e-26,0,,188,100
2138,12555,13355,3.5805166472521985e-24,0,,191,100
2139,12561,13361,2.2273240944975496e-25,0,,191,100
2140,12566,13366,1.0929170990981247e-23,0,,191,100
2141,12570,13370,1.1859056588509704e-22,0,,193,100
2142,12578,13378,5.861653496690281e-27,0,,193,100
2143,12588,13388,1.7439948761907985e-26,0,,193,100
2144,12591,13391,2.2366019847371124e-26,0,,192,100
2145,12606,13406,2.6058643458480557e-22,0,,194,100
2146,12612,13412,5.706117903004429e-23,0,,193,100
2147,12620,13420,1.5742220922145907e-26,0,,195,100
2148,12623,13423,8.282329220201222e-24,0,,195,100
2149,12630,13430,3.9214595878886906e-27,0,,193,100
2150,12634,13434,5.906016640254336e-24,0,,192,100
2151,12644,13444,7.687777131729343e-26,0,,190,100
2152,12649,13449,2.8367805708976432e-24,0,,190,100
2153,12656,13456,2.594196481342785e-21,0,,188,100
2154,12661,13461,4.274998248609799e-22,0,,191,100
2155,12667,13467,3.028268902658468e-23,0,,190,100
2156,12670,13470,2.4675498187323416e-27,0,,190,100
2157,12678,13478,3.437931647121487e-24,0,,189,100
2158,12683,13483,3.903890825977661e-25,0,,190,100
2159,12687,13487,1.098165224432726e-24,0,,190,100
2160,12693,13493,4.1001478459760866e-23,0,,190,100
2161,12697,13497,2.761874217685017e-23,0,,190,100
2162,12702,13502,9.276170983118808e-27,0,,191,100
2163,12706,13506,1.0203929903884755e-28,0,,192,100
2164,12713,13513,4.091267128208258e-24,0,,191,100
2165,12718,13518,1.9733874085246248e-24,0,,190,100
2166,12720,13520,1.0165168811488532e-24,0,,190,100
2167,12727,13527,7.239384834774753e-31,0,,190,100
2168,12730,13530,1.2188157204459351e-28,0,,190,100
2169,12738,13538,1.9865175228908745e-33,0,,191,100
2170,12741,13541,3.135224336091166e-32,0,,191,100
2171,12748,13548,2.948390289806697e-31,0,,188,100
2172,12753,13553,2.0288930492870692e-34,0,,188,100
2173,12757,13557,4.256903772512335e-32,0,,188,100
2174,12762,13562,3.039002237735352e-34,0,,188,100
2175,12765,13565,2.6990350817652773e-31,0,,188,100
2176,12776,13576,1.4353383509935826e-36,0,,186,100
2177,12779,13579,2.5840048213679325e-34,0,,185,100
2178,12784,13584,6.96561434494903e-39,0,,186,100
2179,12790,13590,2.0792323713797565e-36,0,,184,100
2180,12795,13595,2.08590030803052e-35,0,,182,100
2181,12798,13598,1.3716294941056503e-33,0,,181,100
2182,12802,13602,5.107747836061735e-34,0,,181,100
2183,12812,13612,1.0291386985790923e-31,0,,178,100
2184,12816,13616,1.0729888191607046e-31,0,,178,100
2185,12827,13627,3.573924594359906e-29,0,,175,100
2186,12830,13630,8.235274521380163e-27,0,,174,100
2187,12841,13641,1.0987211348368403e-21,0,,172,100
2188,12844,13644,1.0812882557476095e-22,0,,171,100
2189,12850,13650,3.43158957792109e-22,0,,170,100
2190,12854,13654,2.429977094890388e-19,0,,169,100
2191,12860,13660,2.549615857147571e-21,0,,168,100
2192,12863,13663,1.0250096922536503e-18,0,,167,100
2193,12874,13674,2.3189520058307535e-13,0,,162,100
2194,12877,13677,1.150473518096575e-17,0,,161,100
2195,12883,13683,8.777818277275667e-19,0,,160,100
2196,12890,13690,9.16263018031933e-19,0,,158,100
2197,12898,13698,9.86496871307465e-21,0,,157,100
2198,12902,13702,5.398911238829608e-20,0,,156,100
2199,12910,13710,1.1135324441309928e-19,0,,155,100
2200,12913,13713,9.157225347772838e-23,0,,154,100
2201,12917,13717,5.284084398880047e-21,0,,153,100
2202,12927,13727,5.254214933342079e-26,0,,151,100
2203,12931,13731,3.023795748304735e-29,0,,150,100
2204,12935,13735,2.9528915632135287e-32,0,,149,100
2205,12943,13743,5.993712619971825e-37,0,,146,100
2206,12946,13746,1.67137371691829e-33,0,,146,100
2207,12953,13753,6.081671466444539e-37,0,,144,100
2208,12956,13756,1.1484055454861124e-36,0,,142,100
2209,12964,13764,8.121281850857041e-39,0,,141,100
2210,12967,13767,2.9778274693823864e-36,0,,140,100
2211,12976,13776,2.7962083306094494e-37,0,,137,100
2212,12983,13783,1.2877350337292412e-38,0,,136,100
2213,12988,13788,1.2627286897883858e-36,0,,135,100
2214,12992,13792,1.008702510848923e-38,0,,134,100
2215,12995,13795,9.180927924289102e-38,0,,134,100
2216,13006,13806,2.9563533181332136e-37,0,,132,100
2217,13016,13816,1.0620134122224623e-33,0,,131,100
2218,13020,13820,7.493531187659825e-36,0,,131,100
2219,13030,13830,2.2542196367945393e-33,0,,129,100
2220,13035,13835,1.4353657166791457e-28,0,,128,100
2221,13046,13846,1.7074831560028125e-28,0,,127,100
2222,13052,13852,2.848265465806154e-26,0,,124,100
2223,13056,13856,7.221232553551031e-25,0,,123,100
2224,13060,13860,1.9458064004451794e-26,0,,122,100
2225,13064,13864,5.9856517998365204e-27,0,,122,100
2226,13072,13872,8.271832155474049e-26,0,,120,100
2227,13075,13875,3.4355685307354866e-26,0,,119,100
2228,13079,13879,1.0242668262295577e-25,0,,119,100
2229,13086,13886,6.241639570674877e-27,0,,117,100
2230,13090,13890,2.2722554986098856e-25,0,,116,100
2231,13099,13899,4.165119554237707e-32,0,,112,100
2232,13104,13904,5.32309958698119e-31,0,,111,100
2233,13107,13907,1.7013366104225526e-32,0,,110,100
2234,13111,13911,9.502013645821601e-30,0,,109,100
2235,13117,13917,1.1877320827446355e-31,0,,108,100
2236,13120,13920,1.6888865839087697e-29,0,,106,100
2237,13128,13928,7.417358502349134e-30,0,,105,100
2238,13131,13931,6.406246705929785e-29,0,,104,100
2239,13140,13940,7.06589940261901e-30,0,,101,100
2240,13146,13946,8.765768484322122e-32,0,,100,100
