window_index,char_start,char_end,p_z,extracted,error,n_tokens_in_chunk,sequence_len_tokens
0,0,800,4.893763470657464e-46,0,,208,100
1,10,810,2.4122887784962593e-49,0,,203,100
2,20,820,4.445227596341703e-52,0,,202,100
3,30,830,4.7905128651652554e-46,0,,201,100
4,40,840,2.7642735114925922e-49,0,,201,100
5,50,850,5.078183295001765e-50,0,,198,100
6,60,860,1.9484450820637507e-48,0,,202,100
7,70,870,1.3514819728740963e-47,0,,203,100
8,80,880,4.736739765119131e-53,0,,202,100
9,90,890,3.470650689289793e-52,0,,202,100
10,100,900,1.5556721179734422e-51,0,,202,100
11,110,910,3.468877052095927e-52,0,,200,100
12,120,920,5.476049461386471e-51,0,,197,100
13,130,930,1.7784988558166675e-52,0,,199,100
14,140,940,3.2565751256296345e-57,0,,198,100
15,150,950,7.169136638123433e-59,0,,197,100
16,160,960,9.67721825582751e-58,0,,196,100
17,170,970,5.53443507075905e-59,0,,195,100
18,180,980,1.3677540854674404e-57,0,,194,100
19,190,990,5.643068188688427e-54,0,,195,100
20,200,1000,8.712716233173937e-56,0,,193,100
21,210,1010,2.448744823037357e-58,0,,192,100
22,220,1020,4.170547394667183e-56,0,,192,100
23,230,1030,1.0184303800496651e-53,0,,191,100
24,240,1040,1.3359013213004657e-56,0,,192,100
25,250,1050,1.9615609662710161e-54,0,,191,100
26,260,1060,1.5261523498811119e-52,0,,192,100
27,270,1070,4.820368955811848e-52,0,,192,100
28,280,1080,8.455876284555431e-55,0,,193,100
29,290,1090,5.008364773954245e-53,0,,192,100
30,300,1100,4.055622778025507e-53,0,,196,100
31,310,1110,5.0163406162056515e-52,0,,196,100
32,320,1120,8.172684123557513e-53,0,,196,100
33,330,1130,1.719234505358566e-46,0,,195,100
34,340,1140,7.362508922016356e-47,0,,194,100
35,350,1150,4.238824088626716e-44,0,,196,100
36,360,1160,2.424831754334262e-47,0,,195,100
37,370,1170,1.687353150273371e-39,0,,193,100
38,380,1180,2.1417947932418598e-36,0,,193,100
39,390,1190,1.34643123364098e-34,0,,196,100
40,400,1200,8.429652652811309e-38,0,,195,100
41,410,1210,1.5264288175223148e-39,0,,195,100
42,420,1220,4.19002419148963e-40,0,,196,100
43,430,1230,4.7180815959864416e-39,0,,195,100
44,440,1240,5.730517609397391e-41,0,,194,100
45,450,1250,7.030510104228929e-43,0,,195,100
46,460,1260,3.2688157448692814e-44,0,,196,100
47,470,1270,1.0960575353969079e-43,0,,195,100
48,480,1280,1.3097157898720581e-46,0,,195,100
49,490,1290,2.396107019192198e-52,0,,193,100
50,500,1300,3.961323278791244e-51,0,,194,100
51,510,1310,2.1532238295122806e-50,0,,193,100
52,520,1320,1.645786418834909e-51,0,,192,100
53,530,1330,2.3093165808757794e-48,0,,194,100
54,540,1340,4.389389350806182e-52,0,,195,100
55,550,1350,5.0639015848271986e-54,0,,194,100
56,560,1360,9.839048546773045e-54,0,,195,100
57,570,1370,1.9630600872148623e-52,0,,197,100
58,580,1380,3.3985774140602657e-53,0,,199,100
59,590,1390,4.959983427190516e-56,0,,202,100
60,600,1400,1.9293974143843883e-52,0,,202,100
61,610,1410,8.012553799493257e-55,0,,203,100
62,620,1420,1.6138082201660986e-58,0,,202,100
63,630,1430,3.732969223334526e-61,0,,201,100
64,640,1440,3.656129065272399e-56,0,,198,100
65,650,1450,4.776414872027982e-58,0,,200,100
66,660,1460,1.8250246890931147e-59,0,,201,100
67,670,1470,1.4410821553097225e-53,0,,201,100
68,680,1480,2.5993885000349463e-53,0,,201,100
69,690,1490,5.963925034273539e-48,0,,198,100
70,700,1500,7.658032899086953e-45,0,,197,100
71,710,1510,6.551739986006826e-46,0,,195,100
72,720,1520,8.721980828895176e-44,0,,196,100
73,730,1530,6.206210696023268e-46,0,,195,100
74,740,1540,3.0721402307459953e-47,0,,193,100
75,750,1550,8.280267848818431e-47,0,,192,100
76,760,1560,5.008690537138076e-47,0,,190,100
77,770,1570,1.734816634316394e-50,0,,189,100
78,780,1580,4.919238869754451e-49,0,,190,100
79,790,1590,1.2404061104066753e-45,0,,188,100
80,800,1600,1.1798592545371687e-48,0,,188,100
81,810,1610,4.498103817498832e-44,0,,188,100
82,820,1620,4.6110963261757245e-48,0,,188,100
83,830,1630,4.385870295932097e-52,0,,186,100
84,840,1640,2.3816577089720927e-49,0,,188,100
85,850,1650,4.5953693676216e-47,0,,188,100
86,860,1660,3.44536843565043e-49,0,,186,100
87,870,1670,1.5083435597257735e-48,0,,188,100
88,880,1680,1.8958863275045794e-49,0,,188,100
89,890,1690,2.114175520184202e-43,0,,189,100
90,900,1700,3.0792738253915933e-47,0,,188,100
91,910,1710,7.235976456995e-48,0,,188,100
92,920,1720,1.115667280882718e-46,0,,188,100
93,930,1730,1.6537971333746445e-52,0,,187,100
94,940,1740,3.808240314252904e-46,0,,186,100
95,950,1750,8.193128594262376e-44,0,,185,100
96,960,1760,2.0870014428012244e-43,0,,187,100
97,970,1770,1.9321036470168724e-45,0,,188,100
98,980,1780,1.450102097672553e-46,0,,186,100
99,990,1790,1.0789673915189042e-46,0,,185,100
100,1000,1800,7.206682815093881e-51,0,,183,100
101,1010,1810,1.2028671686293832e-48,0,,184,100
102,1020,1820,1.2157596106143235e-50,0,,185,100
103,1030,1830,6.029364758672676e-50,0,,186,100
104,1040,1840,3.3826414976086257e-48,0,,187,100
105,1050,1850,1.9364898210543586e-53,0,,186,100
106,1060,1860,1.0594042232774136e-49,0,,186,100
107,1070,1870,2.2231934515640256e-54,0,,184,100
108,1080,1880,5.883840700665514e-57,0,,183,100
109,1090,1890,4.028529119613907e-54,0,,183,100
110,1100,1900,4.425265039152457e-53,0,,185,100
111,1110,1910,1.571849698018107e-53,0,,184,100
112,1120,1920,3.479481164805635e-51,0,,180,100
113,1130,1930,2.0626539566032076e-54,0,,180,100
114,1140,1940,8.596702919667264e-56,0,,181,100
115,1150,1950,4.818571531472242e-54,0,,181,100
116,1160,1960,8.013802491634217e-58,0,,183,100
117,1170,1970,1.6235211223255784e-56,0,,183,100
118,1180,1980,1.0537042596183006e-62,0,,183,100
119,1190,1990,2.1294673744128785e-56,0,,183,100
120,1200,2000,2.0406380872295563e-60,0,,182,100
121,1210,2010,1.0484294378805696e-57,0,,183,100
122,1220,2020,2.737981291090948e-55,0,,183,100
123,1230,2030,2.760130902854279e-52,0,,182,100
124,1240,2040,1.5768742748745722e-52,0,,181,100
125,1250,2050,7.940376512496662e-52,0,,180,100
126,1260,2060,1.8697731225254906e-51,0,,180,100
127,1270,2070,1.2954071378947532e-53,0,,179,100
128,1280,2080,9.348892641113295e-51,0,,181,100
129,1290,2090,7.052800882775559e-48,0,,182,100
130,1300,2100,4.953286515215886e-48,0,,180,100
131,1310,2110,9.271119702421037e-52,0,,183,100
132,1320,2120,7.487882216590058e-48,0,,184,100
133,1330,2130,6.624724558658256e-53,0,,183,100
134,1340,2140,5.004476108387151e-52,0,,184,100
135,1350,2150,5.3449719075836974e-52,0,,183,100
136,1360,2160,1.7491848140258057e-56,0,,183,100
137,1370,2170,1.5840396874134512e-52,0,,180,100
138,1380,2180,5.4253942664208e-60,0,,178,100
139,1390,2190,6.242397376287818e-55,0,,179,100
140,1400,2200,8.027119749929214e-56,0,,179,100
141,1410,2210,3.387654008389772e-58,0,,180,100
142,1420,2220,1.0828667893546847e-54,0,,180,100
143,1430,2230,8.87061907175082e-57,0,,181,100
144,1440,2240,1.2819595499062658e-57,0,,182,100
145,1450,2250,1.2158637313103814e-56,0,,179,100
146,1460,2260,8.910060937544382e-57,0,,177,100
147,1470,2270,6.761742917073085e-58,0,,177,100
148,1480,2280,5.839530113997117e-60,0,,177,100
149,1490,2290,1.1955979745980644e-63,0,,177,100
150,1500,2300,3.223890922118361e-59,0,,176,100
151,1510,2310,1.366848354081445e-60,0,,176,100
152,1520,2320,2.3726486881056835e-62,0,,176,100
153,1530,2330,3.774860662230682e-58,0,,176,100
154,1540,2340,2.047958939317313e-58,0,,177,100
155,1550,2350,6.88401551790935e-58,0,,176,100
156,1560,2360,1.8535859794602326e-61,0,,175,100
157,1570,2370,7.496696522408135e-60,0,,174,100
158,1580,2380,3.02614026785593e-57,0,,175,100
159,1590,2390,1.1410359421326157e-59,0,,176,100
160,1600,2400,6.84305994753017e-58,0,,177,100
161,1610,2410,2.479855401919628e-60,0,,177,100
162,1620,2420,1.1523278893861296e-61,0,,176,100
163,1630,2430,3.399057778660971e-62,0,,176,100
164,1640,2440,6.180776998155599e-61,0,,177,100
165,1650,2450,8.389137608139344e-64,0,,175,100
166,1660,2460,3.940786607394481e-59,0,,176,100
167,1670,2470,2.7265991948367214e-59,0,,177,100
168,1680,2480,7.318783372531511e-62,0,,177,100
169,1690,2490,1.1485839436629474e-58,0,,177,100
170,1700,2500,1.023156215838647e-54,0,,177,100
171,1710,2510,6.867865948403635e-52,0,,178,100
172,1720,2520,2.3846707820673868e-57,0,,176,100
173,1730,2530,1.8467507134543212e-57,0,,179,100
174,1740,2540,2.0918388692903214e-53,0,,177,100
175,1750,2550,5.22092871345466e-55,0,,176,100
176,1760,2560,8.38792003369877e-55,0,,175,100
177,1770,2570,2.085078745945013e-57,0,,176,100
178,1780,2580,1.2654218310171274e-57,0,,174,100
179,1790,2590,5.549177610986775e-60,0,,176,100
180,1800,2600,2.2751055192646084e-54,0,,177,100
181,1810,2610,1.0164478512336115e-59,0,,177,100
182,1820,2620,3.950374466396555e-57,0,,178,100
183,1830,2630,9.100893665708243e-59,0,,176,100
184,1840,2640,1.9403149491383512e-62,0,,176,100
185,1850,2650,2.141730372653252e-67,0,,176,100
186,1860,2660,7.332863855083926e-65,0,,175,100
187,1870,2670,1.0605752287616586e-67,0,,177,100
188,1880,2680,1.7374958182511096e-61,0,,176,100
189,1890,2690,1.327356260088315e-63,0,,176,100
190,1900,2700,1.2756219673596786e-62,0,,174,100
191,1910,2710,3.173472677119222e-65,0,,176,100
192,1920,2720,1.747922031073723e-64,0,,175,100
193,1930,2730,3.5450959442998897e-65,0,,175,100
194,1940,2740,6.251316884195632e-64,0,,177,100
195,1950,2750,1.5696269033016647e-64,0,,176,100
196,1960,2760,4.340915253895929e-62,0,,176,100
197,1970,2770,4.9744296578415794e-68,0,,177,100
198,1980,2780,1.752962579587816e-65,0,,173,100
199,1990,2790,3.0515100259578764e-68,0,,171,100
200,2000,2800,8.439442462414901e-66,0,,171,100
201,2010,2810,4.256417410730509e-70,0,,171,100
202,2020,2820,4.756647982115677e-72,0,,172,100
203,2030,2830,5.791758837412453e-70,0,,174,100
204,2040,2840,6.012376232763295e-70,0,,176,100
205,2050,2850,6.820899060330647e-66,0,,174,100
206,2060,2860,9.946602407776757e-65,0,,174,100
207,2070,2870,1.651594640884861e-64,0,,174,100
208,2080,2880,6.557384546014575e-61,0,,173,100
209,2090,2890,2.1282467939884794e-62,0,,172,100
210,2100,2900,2.580406431704665e-63,0,,172,100
211,2110,2910,1.5250810251941704e-62,0,,171,100
212,2120,2920,1.8692061601124307e-66,0,,171,100
213,2130,2930,9.50604825398071e-62,0,,168,100
214,2140,2940,8.515162186776026e-66,0,,169,100
215,2150,2950,1.0988926511895651e-64,0,,169,100
216,2160,2960,1.9641695634588395e-68,0,,171,100
217,2170,2970,2.8218990723016706e-65,0,,171,100
218,2180,2980,8.691019977883249e-68,0,,171,100
219,2190,2990,1.0412307415963368e-58,0,,168,100
220,2200,3000,2.444754549458067e-60,0,,169,100
221,2210,3010,8.638668502081543e-63,0,,170,100
222,2220,3020,9.224040657267544e-60,0,,169,100
223,2230,3030,7.65291110293887e-61,0,,168,100
224,2240,3040,1.873770225500353e-60,0,,171,100
225,2250,3050,4.2647437351218454e-64,0,,171,100
226,2260,3060,2.8762551953661765e-69,0,,169,100
227,2270,3070,2.576055351941027e-66,0,,169,100
228,2280,3080,4.001328973737796e-65,0,,169,100
229,2290,3090,1.0831603905627791e-61,0,,169,100
230,2300,3100,2.8563734004939323e-64,0,,169,100
231,2310,3110,1.5420115765791582e-61,0,,173,100
232,2320,3120,2.360926006084126e-65,0,,171,100
233,2330,3130,1.4494306998451513e-64,0,,170,100
234,2340,3140,8.751141078271921e-63,0,,168,100
235,2350,3150,4.0577237546619666e-66,0,,168,100
236,2360,3160,9.38893935051759e-64,0,,168,100
237,2370,3170,1.7245981852576554e-68,0,,168,100
238,2380,3180,6.241148107329592e-66,0,,172,100
239,2390,3190,8.09144140121577e-62,0,,167,100
240,2400,3200,8.231060378743604e-62,0,,167,100
241,2410,3210,2.0592941304380996e-66,0,,165,100
242,2420,3220,1.022000723808214e-65,0,,166,100
243,2430,3230,1.2178675919019021e-64,0,,165,100
244,2440,3240,6.569009869643801e-66,0,,165,100
245,2450,3250,4.566444041159027e-64,0,,167,100
246,2460,3260,2.5943811769173137e-64,0,,170,100
247,2470,3270,2.6936985081481652e-64,0,,168,100
248,2480,3280,1.59691215655596e-62,0,,170,100
249,2490,3290,2.950941447083578e-59,0,,167,100
250,2500,3300,2.971320339472584e-60,0,,166,100
251,2510,3310,4.052503476137106e-62,0,,166,100
252,2520,3320,4.493001639111348e-61,0,,166,100
253,2530,3330,4.5059450971644275e-64,0,,168,100
254,2540,3340,2.6428488380276915e-63,0,,169,100
255,2550,3350,1.0820888239288753e-57,0,,169,100
256,2560,3360,1.5045496289929266e-57,0,,170,100
257,2570,3370,5.106080669868574e-60,0,,170,100
258,2580,3380,6.474659820555491e-60,0,,169,100
259,2590,3390,1.541331046941851e-57,0,,169,100
260,2600,3400,6.160295972601736e-58,0,,169,100
261,2610,3410,3.3197793759698846e-57,0,,169,100
262,2620,3420,5.517213258746096e-59,0,,170,100
263,2630,3430,6.137656969466013e-61,0,,170,100
264,2640,3440,4.035107468579381e-58,0,,171,100
265,2650,3450,1.2815012493679182e-55,0,,171,100
266,2660,3460,7.525324849812232e-55,0,,170,100
267,2670,3470,8.33383136218494e-56,0,,170,100
268,2680,3480,1.5648816933137524e-58,0,,170,100
269,2690,3490,2.5894049110895882e-55,0,,170,100
270,2700,3500,4.1060279281462197e-57,0,,172,100
271,2710,3510,1.351384191094788e-58,0,,169,100
272,2720,3520,9.46252178039229e-55,0,,170,100
273,2730,3530,2.4297098532696766e-67,0,,168,100
274,2740,3540,9.169770282449754e-63,0,,167,100
275,2750,3550,2.36593426470888e-65,0,,169,100
276,2760,3560,1.1135865802628808e-58,0,,166,100
277,2770,3570,1.7229759557432877e-62,0,,167,100
278,2780,3580,1.488084980549532e-59,0,,169,100
279,2790,3590,5.0871512656558026e-61,0,,170,100
280,2800,3600,4.466396896113983e-60,0,,171,100
281,2810,3610,2.717266819666755e-63,0,,171,100
282,2820,3620,8.321004543562497e-60,0,,171,100
283,2830,3630,6.001726083996153e-57,0,,172,100
284,2840,3640,2.5273245915124948e-58,0,,171,100
285,2850,3650,2.7884064773859345e-59,0,,171,100
286,2860,3660,6.586959744870223e-56,0,,170,100
287,2870,3670,4.0363313748735105e-58,0,,171,100
288,2880,3680,2.3739877006306426e-59,0,,171,100
289,2890,3690,3.288068243887867e-52,0,,170,100
290,2900,3700,9.20176496221774e-55,0,,171,100
291,2910,3710,1.0189088008884434e-54,0,,171,100
292,2920,3720,8.077364701113745e-56,0,,171,100
293,2930,3730,1.58044216758864e-56,0,,170,100
294,2940,3740,6.316435765397774e-54,0,,171,100
295,2950,3750,2.3603360281483694e-52,0,,171,100
296,2960,3760,1.9973711627357143e-50,0,,172,100
297,2970,3770,7.144142240171234e-48,0,,172,100
298,2980,3780,3.4932633757283773e-45,0,,172,100
299,2990,3790,2.4605984796637933e-40,0,,172,100
300,3000,3800,2.439093713711707e-39,0,,171,100
301,3010,3810,1.4161770694316825e-42,0,,172,100
302,3020,3820,2.558693223712584e-40,0,,172,100
303,3030,3830,5.91712553462037e-40,0,,170,100
304,3040,3840,3.719994616771625e-42,0,,171,100
305,3050,3850,4.327502870622952e-43,0,,171,100
306,3060,3860,9.332909608612874e-42,0,,171,100
307,3070,3870,2.8313953101176667e-43,0,,173,100
308,3080,3880,8.008286486672034e-43,0,,174,100
309,3090,3890,4.048571321232615e-45,0,,173,100
310,3100,3900,1.1675923857740611e-48,0,,175,100
311,3110,3910,1.090361940041234e-45,0,,174,100
312,3120,3920,4.694246285316137e-46,0,,174,100
313,3130,3930,1.9020757504045056e-44,0,,176,100
314,3140,3940,1.834552494898708e-44,0,,177,100
315,3150,3950,9.749903018744756e-48,0,,179,100
316,3160,3960,6.704452202084131e-49,0,,180,100
317,3170,3970,3.557764555917497e-51,0,,181,100
318,3180,3980,1.1490581217440921e-49,0,,179,100
319,3190,3990,1.1592717927988385e-54,0,,179,100
320,3200,4000,3.4490598789093233e-53,0,,181,100
321,3210,4010,3.4260625929419526e-53,0,,182,100
322,3220,4020,5.644524293065888e-53,0,,183,100
323,3230,4030,4.054489687559506e-53,0,,183,100
324,3240,4040,1.0936549057556176e-60,0,,185,100
325,3250,4050,3.82793435384776e-71,0,,182,100
326,3260,4060,1.185700781083194e-71,0,,177,100
327,3270,4070,1.931617251679624e-75,0,,178,100
328,3280,4080,4.245367921691479e-73,0,,177,100
329,3290,4090,1.1359497813731308e-73,0,,179,100
330,3300,4100,3.5648952819718204e-80,0,,177,100
331,3310,4110,1.6867729674269882e-72,0,,179,100
332,3320,4120,2.5437801234738032e-67,0,,181,100
333,3330,4130,2.2290836652104598e-70,0,,178,100
334,3340,4140,7.493401349273084e-75,0,,177,100
335,3350,4150,3.812495774705657e-74,0,,179,100
336,3360,4160,8.520479087085343e-80,0,,176,100
337,3370,4170,1.0788851389458576e-74,0,,176,100
338,3380,4180,2.184520476836174e-76,0,,178,100
339,3390,4190,5.6656631038192084e-80,0,,177,100
340,3400,4200,2.583274762936738e-80,0,,176,100
341,3410,4210,1.9930055896965326e-75,0,,177,100
342,3420,4220,3.02247116722203e-76,0,,179,100
343,3430,4230,1.0296438211084242e-75,0,,174,100
344,3440,4240,1.5669574830710033e-73,0,,173,100
345,3450,4250,1.3749256695563093e-67,0,,176,100
346,3460,4260,1.9811007227616907e-68,0,,175,100
347,3470,4270,5.08159902155943e-63,0,,175,100
348,3480,4280,1.0831025451017118e-61,0,,176,100
349,3490,4290,1.6993439622617955e-65,0,,178,100
350,3500,4300,9.675578096478209e-65,0,,178,100
351,3510,4310,1.688207515486739e-60,0,,179,100
352,3520,4320,1.2528683802374213e-63,0,,180,100
353,3530,4330,1.4186036860427648e-66,0,,179,100
354,3540,4340,1.2966643907763409e-62,0,,180,100
355,3550,4350,7.025555622619781e-64,0,,179,100
356,3560,4360,3.50189153418931e-68,0,,180,100
357,3570,4370,2.885357714766172e-63,0,,178,100
358,3580,4380,3.165473150254738e-66,0,,180,100
359,3590,4390,9.300986370175677e-66,0,,179,100
360,3600,4400,1.1380522244996406e-60,0,,178,100
361,3610,4410,1.3753855528389345e-62,0,,179,100
362,3620,4420,1.1192418056366414e-55,0,,178,100
363,3630,4430,3.8505597439015716e-57,0,,180,100
364,3640,4440,3.024326893641145e-58,0,,182,100
365,3650,4450,5.3632172057541325e-59,0,,181,100
366,3660,4460,2.7237907698543295e-62,0,,181,100
367,3670,4470,1.3055981025282587e-57,0,,178,100
368,3680,4480,1.444417183144707e-57,0,,182,100
369,3690,4490,2.5535262759962265e-58,0,,184,100
370,3700,4500,2.4598942759891277e-59,0,,184,100
371,3710,4510,2.3038197846733263e-59,0,,183,100
372,3720,4520,6.14299673904887e-65,0,,185,100
373,3730,4530,3.8550801507598225e-64,0,,184,100
374,3740,4540,1.8087968678785893e-58,0,,184,100
375,3750,4550,2.7205003761930358e-61,0,,187,100
376,3760,4560,9.664432958110986e-66,0,,185,100
377,3770,4570,3.2685364280907564e-62,0,,186,100
378,3780,4580,7.43588854493215e-60,0,,187,100
379,3790,4590,3.111199141776355e-63,0,,187,100
380,3800,4600,1.797458572117457e-61,0,,184,100
381,3810,4610,7.539880343538374e-64,0,,185,100
382,3820,4620,9.662508091129956e-62,0,,186,100
383,3830,4630,4.00089322100972e-56,0,,187,100
384,3840,4640,1.0483939099204838e-58,0,,185,100
385,3850,4650,2.309133203545028e-56,0,,186,100
386,3860,4660,1.5200124394718312e-54,0,,185,100
387,3870,4670,8.02717793458662e-53,0,,184,100
388,3880,4680,1.0683276856235247e-56,0,,185,100
389,3890,4690,5.003886562014018e-53,0,,186,100
390,3900,4700,9.574131778229626e-54,0,,185,100
391,3910,4710,2.0880020125786402e-55,0,,185,100
392,3920,4720,2.6753941298987505e-54,0,,184,100
393,3930,4730,5.4763004909890925e-49,0,,185,100
394,3940,4740,1.1118057609815503e-49,0,,183,100
395,3950,4750,1.2897571794027693e-50,0,,185,100
396,3960,4760,1.3104809260604328e-49,0,,183,100
397,3970,4770,6.809032744827545e-45,0,,184,100
398,3980,4780,1.1195373722600406e-44,0,,186,100
399,3990,4790,5.0627613618451625e-43,0,,186,100
400,4000,4800,5.2366034029146775e-43,0,,185,100
401,4010,4810,2.2664524385812877e-46,0,,186,100
402,4020,4820,3.6731341208065655e-49,0,,186,100
403,4030,4830,1.4078614371525603e-50,0,,186,100
404,4040,4840,1.65201041421886e-51,0,,186,100
405,4050,4850,3.3434839923701055e-52,0,,184,100
406,4060,4860,3.755313837278385e-52,0,,187,100
407,4070,4870,2.329702169183274e-56,0,,184,100
408,4080,4880,1.7872600717172236e-58,0,,184,100
409,4090,4890,8.532166018298001e-57,0,,183,100
410,4100,4900,7.83360422782684e-55,0,,185,100
411,4110,4910,6.019941276799134e-54,0,,184,100
412,4120,4920,2.4158057903296403e-59,0,,183,100
413,4130,4930,2.2282724624318807e-60,0,,184,100
414,4140,4940,2.2592124757094273e-59,0,,185,100
415,4150,4950,7.006113902685818e-56,0,,186,100
416,4160,4960,1.4726312186171292e-56,0,,187,100
417,4170,4970,2.951563081511298e-63,0,,189,100
418,4180,4980,1.9697615780734785e-66,0,,190,100
419,4190,4990,7.99724798659186e-68,0,,188,100
420,4200,5000,3.1100734416227153e-62,0,,190,100
421,4210,5010,1.3838289615009883e-63,0,,190,100
422,4220,5020,2.182509473690833e-68,0,,192,100
423,4230,5030,4.201503093029208e-63,0,,192,100
424,4240,5040,8.236363276979165e-67,0,,194,100
425,4250,5050,3.2399048528731824e-69,0,,194,100
426,4260,5060,5.593176119694065e-69,0,,193,100
427,4270,5070,1.1426690098111254e-69,0,,194,100
428,4280,5080,1.8743140163011743e-67,0,,194,100
429,4290,5090,1.5236797890092862e-73,0,,190,100
430,4300,5100,2.4821815723312167e-71,0,,190,100
431,4310,5110,3.80562144387648e-71,0,,193,100
432,4320,5120,1.4071141366254344e-72,0,,193,100
433,4330,5130,1.221718836826043e-74,0,,193,100
434,4340,5140,1.6913010067769933e-70,0,,195,100
435,4350,5150,2.1031284873082693e-70,0,,194,100
436,4360,5160,4.424138360387712e-68,0,,193,100
437,4370,5170,6.561155298074801e-67,0,,193,100
438,4380,5180,1.731926067932091e-68,0,,193,100
439,4390,5190,2.4808941534248834e-71,0,,192,100
440,4400,5200,1.9622002192810222e-64,0,,192,100
441,4410,5210,1.657587023168296e-61,0,,190,100
442,4420,5220,8.949710026638195e-65,0,,189,100
443,4430,5230,2.002461655130685e-65,0,,188,100
444,4440,5240,8.209026881100494e-67,0,,188,100
445,4450,5250,9.679269740689492e-65,0,,188,100
446,4460,5260,3.586494472648434e-65,0,,187,100
447,4470,5270,1.7870773605156914e-64,0,,190,100
448,4480,5280,1.784792574718317e-63,0,,188,100
449,4490,5290,2.725135277299142e-63,0,,189,100
450,4500,5300,5.78671519267812e-56,0,,188,100
451,4510,5310,2.456959850265485e-62,0,,187,100
452,4520,5320,3.2129892324030274e-68,0,,187,100
453,4530,5330,1.5070729628924422e-68,0,,188,100
454,4540,5340,3.4882527056963444e-64,0,,189,100
455,4550,5350,5.6099241645311775e-65,0,,188,100
456,4560,5360,4.778668367093821e-70,0,,189,100
457,4570,5370,2.1642469267834956e-70,0,,188,100
458,4580,5380,3.3701265464761095e-68,0,,191,100
459,4590,5390,3.3067411173913084e-67,0,,193,100
460,4600,5400,1.6928322812578916e-72,0,,192,100
461,4610,5410,4.1594140415170005e-69,0,,193,100
462,4620,5420,3.8429277057496824e-69,0,,193,100
463,4630,5430,2.4589388782458133e-69,0,,192,100
464,4640,5440,9.143796066869132e-75,0,,191,100
465,4650,5450,1.2963152203223304e-74,0,,192,100
466,4660,5460,1.6579947025818924e-80,0,,192,100
467,4670,5470,2.920278642883748e-77,0,,191,100
468,4680,5480,1.206221029796341e-75,0,,191,100
469,4690,5490,1.2462385925266262e-77,0,,190,100
470,4700,5500,1.7853094063953698e-75,0,,189,100
471,4710,5510,3.62557191582106e-74,0,,191,100
472,4720,5520,4.0827963612036067e-75,0,,191,100
473,4730,5530,6.431495278020754e-73,0,,190,100
474,4740,5540,6.268712696994651e-68,0,,189,100
475,4750,5550,2.3255249744582323e-65,0,,188,100
476,4760,5560,2.105562674046201e-72,0,,187,100
477,4770,5570,3.327015192223916e-72,0,,187,100
478,4780,5580,1.32137539234063e-75,0,,185,100
479,4790,5590,1.5571456323992362e-74,0,,187,100
480,4800,5600,5.811609440709013e-78,0,,188,100
481,4810,5610,2.9790746671963226e-77,0,,186,100
482,4820,5620,1.4334875666426612e-73,0,,186,100
483,4830,5630,4.3068261875612763e-75,0,,185,100
484,4840,5640,1.7477882332024732e-72,0,,186,100
485,4850,5650,2.5154606945885076e-69,0,,188,100
486,4860,5660,9.046741566325398e-70,0,,189,100
487,4870,5670,1.3286522086342158e-70,0,,189,100
488,4880,5680,2.206854300737483e-65,0,,188,100
489,4890,5690,9.334962852598733e-67,0,,189,100
490,4900,5700,3.525818780058782e-62,0,,189,100
491,4910,5710,5.081796108527186e-58,0,,190,100
492,4920,5720,1.863004420283575e-60,0,,191,100
493,4930,5730,1.6377079840604577e-56,0,,191,100
494,4940,5740,7.685561523842492e-57,0,,191,100
495,4950,5750,3.228633917186405e-58,0,,193,100
496,4960,5760,1.856469599424747e-61,0,,190,100
497,4970,5770,3.1236623971551114e-59,0,,189,100
498,4980,5780,2.5784380011640167e-54,0,,189,100
499,4990,5790,1.183461486582195e-47,0,,191,100
500,5000,5800,7.814892582431608e-45,0,,190,100
501,5010,5810,3.978550689856479e-43,0,,190,100
502,5020,5820,9.363526590435268e-49,0,,188,100
503,5030,5830,1.0861016995674982e-45,0,,186,100
504,5040,5840,2.6459408530898358e-46,0,,186,100
505,5050,5850,8.552315072990943e-47,0,,188,100
506,5060,5860,1.0111703819759642e-43,0,,188,100
507,5070,5870,5.783230311235109e-46,0,,189,100
508,5080,5880,1.8807192550231703e-44,0,,191,100
509,5090,5890,2.624587955030184e-43,0,,192,100
510,5100,5900,1.864518907827044e-43,0,,190,100
511,5110,5910,2.6341980099121238e-46,0,,189,100
512,5120,5920,9.611476771945137e-50,0,,187,100
513,5130,5930,6.037624415418615e-51,0,,190,100
514,5140,5940,6.18869439072241e-51,0,,191,100
515,5150,5950,3.3902397862829618e-56,0,,189,100
516,5160,5960,1.012213419127879e-56,0,,190,100
517,5170,5970,5.046905870295851e-60,0,,188,100
518,5180,5980,4.834228438055035e-66,0,,192,100
519,5190,5990,3.5310497488805245e-61,0,,191,100
520,5200,6000,4.03885296728612e-62,0,,193,100
521,5210,6010,2.421265719944734e-68,0,,193,100
522,5220,6020,1.4608842653562878e-67,0,,192,100
523,5230,6030,1.6589451668786456e-67,0,,190,100
524,5240,6040,1.0452380172197245e-64,0,,188,100
525,5250,6050,6.295397528532462e-64,0,,190,100
526,5260,6060,3.3575977115876724e-67,0,,190,100
527,5270,6070,3.44356763965178e-70,0,,187,100
528,5280,6080,6.855092793220845e-67,0,,188,100
529,5290,6090,1.956897395783962e-67,0,,187,100
530,5300,6100,2.22641948050719e-70,0,,186,100
531,5310,6110,3.7292176372498655e-71,0,,184,100
532,5320,6120,8.721722370398882e-76,0,,185,100
533,5330,6130,2.4838129453042495e-73,0,,184,100
534,5340,6140,1.8718717570589e-73,0,,183,100
535,5350,6150,2.29589752821143e-74,0,,183,100
536,5360,6160,2.985437872777618e-67,0,,182,100
537,5370,6170,4.5529565452112595e-69,0,,181,100
538,5380,6180,2.9250322309115196e-63,0,,177,100
539,5390,6190,1.9564157141461586e-71,0,,179,100
540,5400,6200,8.750547991294739e-65,0,,179,100
541,5410,6210,2.382242412004752e-67,0,,178,100
542,5420,6220,6.543378095525812e-65,0,,178,100
543,5430,6230,2.2184739460302058e-64,0,,182,100
544,5440,6240,2.588325490157197e-61,0,,182,100
545,5450,6250,1.4040343898199613e-58,0,,182,100
546,5460,6260,9.473997235226915e-59,0,,182,100
547,5470,6270,5.308942710237293e-56,0,,183,100
548,5480,6280,7.023972801716123e-57,0,,181,100
549,5490,6290,6.488104597565532e-56,0,,181,100
550,5500,6300,4.2029861636771565e-61,0,,180,100
551,5510,6310,8.465908652394698e-60,0,,178,100
552,5520,6320,3.10319204018226e-67,0,,179,100
553,5530,6330,4.7203276629069134e-67,0,,178,100
554,5540,6340,1.3851921128145165e-66,0,,178,100
555,5550,6350,5.747183200067389e-69,0,,178,100
556,5560,6360,8.892184702851683e-68,0,,177,100
557,5570,6370,6.840046869469089e-67,0,,177,100
558,5580,6380,3.613282764455053e-67,0,,174,100
559,5590,6390,3.669266761129624e-67,0,,174,100
560,5600,6400,1.8696604232362283e-72,0,,174,100
561,5610,6410,6.684691495864971e-68,0,,174,100
562,5620,6420,1.2894509400952891e-65,0,,171,100
563,5630,6430,1.0606949898235619e-70,0,,171,100
564,5640,6440,1.2729513244546417e-65,0,,172,100
565,5650,6450,8.44041905990315e-71,0,,167,100
566,5660,6460,2.5966049444859632e-67,0,,167,100
567,5670,6470,1.515623702888016e-67,0,,169,100
568,5680,6480,1.1381946269505345e-69,0,,169,100
569,5690,6490,7.595979019842511e-70,0,,168,100
570,5700,6500,1.5109960220790722e-68,0,,167,100
571,5710,6510,3.0793536888423202e-71,0,,166,100
572,5720,6520,6.741766640130118e-70,0,,165,100
573,5730,6530,2.4578719653053068e-71,0,,165,100
574,5740,6540,4.398558817661116e-61,0,,165,100
575,5750,6550,3.721443752182972e-60,0,,165,100
576,5760,6560,3.1007420093758507e-58,0,,165,100
577,5770,6570,2.4355136732834858e-60,0,,166,100
578,5780,6580,1.373016184853094e-60,0,,163,100
579,5790,6590,5.5746900700348e-51,0,,163,100
580,5800,6600,4.2008716678565164e-51,0,,165,100
581,5810,6610,8.462763734428133e-48,0,,165,100
582,5820,6620,1.53161675837161e-45,0,,165,100
583,5830,6630,3.689718094798945e-46,0,,167,100
584,5840,6640,3.3424357504891235e-46,0,,165,100
585,5850,6650,3.565031522439568e-48,0,,164,100
586,5860,6660,1.0735177780626956e-47,0,,161,100
587,5870,6670,7.391235674565053e-52,0,,163,100
588,5880,6680,2.7553534428822817e-53,0,,162,100
589,5890,6690,3.2335880342173645e-51,0,,164,100
590,5900,6700,1.4204204251994652e-51,0,,163,100
591,5910,6710,3.431804643199733e-55,0,,164,100
592,5920,6720,2.013436731247311e-55,0,,164,100
593,5930,6730,1.2568615556963716e-56,0,,163,100
594,5940,6740,5.243862387868454e-57,0,,166,100
595,5950,6750,9.731633002225511e-55,0,,165,100
596,5960,6760,1.3221956815339826e-53,0,,167,100
597,5970,6770,2.417490831711323e-55,0,,165,100
598,5980,6780,1.6039224373666898e-60,0,,162,100
599,5990,6790,4.184548285082299e-63,0,,163,100
600,6000,6800,2.936180663167177e-65,0,,163,100
601,6010,6810,2.7271149647849165e-64,0,,165,100
602,6020,6820,3.4467401730645693e-67,0,,167,100
603,6030,6830,1.9688751203964538e-66,0,,168,100
604,6040,6840,8.558918064276363e-69,0,,168,100
605,6050,6850,1.4223734954465296e-72,0,,166,100
606,6060,6860,3.1824994959037825e-68,0,,168,100
607,6070,6870,1.6359473804217676e-67,0,,170,100
608,6080,6880,4.3426664730363226e-64,0,,172,100
609,6090,6890,6.3099522285405725e-65,0,,170,100
610,6100,6900,2.3766229595569606e-64,0,,169,100
611,6110,6910,2.2171445550919747e-65,0,,171,100
612,6120,6920,5.846389590803966e-60,0,,168,100
613,6130,6930,4.824320053600619e-63,0,,168,100
614,6140,6940,2.5555829227106073e-67,0,,170,100
615,6150,6950,5.6077392779111815e-64,0,,171,100
616,6160,6960,7.349883488481924e-67,0,,171,100
617,6170,6970,2.319331103885348e-66,0,,172,100
618,6180,6980,2.4032031593536514e-58,0,,172,100
619,6190,6990,7.694764597463739e-61,0,,172,100
620,6200,7000,5.336157002297671e-59,0,,174,100
621,6210,7010,3.8629878069943015e-59,0,,172,100
622,6220,7020,1.1597586381069908e-61,0,,172,100
623,6230,7030,2.309903940833091e-58,0,,169,100
624,6240,7040,9.818726053054306e-56,0,,170,100
625,6250,7050,7.187205918517771e-58,0,,169,100
626,6260,7060,1.1584803283275719e-58,0,,171,100
627,6270,7070,1.7662674982193032e-62,0,,172,100
628,6280,7080,4.94556278650022e-58,0,,171,100
629,6290,7090,8.341218103794802e-56,0,,171,100
630,6300,7100,1.4650746272322013e-55,0,,172,100
631,6310,7110,3.539119110982802e-60,0,,172,100
632,6320,7120,4.520637938659792e-61,0,,172,100
633,6330,7130,4.918657477338118e-62,0,,171,100
634,6340,7140,1.2222180797466063e-62,0,,171,100
635,6350,7150,3.7439000301719404e-63,0,,173,100
636,6360,7160,8.003184839075747e-64,0,,172,100
637,6370,7170,2.9458376481077354e-63,0,,174,100
638,6380,7180,2.2435536950176495e-61,0,,173,100
639,6390,7190,1.0045211218606924e-58,0,,172,100
640,6400,7200,9.323012666590163e-58,0,,173,100
641,6410,7210,9.251577334908814e-55,0,,174,100
642,6420,7220,3.0425726989990814e-56,0,,176,100
643,6430,7230,8.71247028260266e-59,0,,178,100
644,6440,7240,4.437035212630469e-60,0,,178,100
645,6450,7250,1.228910785903704e-56,0,,180,100
646,6460,7260,1.0327485613344144e-58,0,,179,100
647,6470,7270,2.0360969178684657e-62,0,,181,100
648,6480,7280,5.4445641382402505e-61,0,,180,100
649,6490,7290,1.575571895935578e-64,0,,181,100
650,6500,7300,2.136708013869801e-61,0,,179,100
651,6510,7310,1.4877421529546852e-62,0,,178,100
652,6520,7320,2.823336885605361e-61,0,,177,100
653,6530,7330,1.2469632407036443e-61,0,,179,100
654,6540,7340,3.252761888507796e-58,0,,180,100
655,6550,7350,8.474241604666659e-57,0,,178,100
656,6560,7360,4.243248561912007e-61,0,,176,100
657,6570,7370,5.031454793881265e-64,0,,176,100
658,6580,7380,3.3670784832933996e-62,0,,177,100
659,6590,7390,2.6024874032676783e-58,0,,175,100
660,6600,7400,1.6011492913752063e-61,0,,175,100
661,6610,7410,8.04428073465669e-61,0,,175,100
662,6620,7420,8.584375816616643e-61,0,,174,100
663,6630,7430,3.007094107535906e-56,0,,174,100
664,6640,7440,3.282507833109857e-59,0,,176,100
665,6650,7450,1.3030107461743283e-59,0,,176,100
666,6660,7460,4.44513715059374e-62,0,,176,100
667,6670,7470,2.4519416051890154e-58,0,,176,100
668,6680,7480,6.168476147677525e-59,0,,173,100
669,6690,7490,1.9104682952257028e-60,0,,173,100
670,6700,7500,1.2744450747357613e-58,0,,173,100
671,6710,7510,8.079105806346246e-56,0,,172,100
672,6720,7520,1.760268624145427e-59,0,,172,100
673,6730,7530,3.850886335518242e-59,0,,171,100
674,6740,7540,8.656271716834492e-62,0,,171,100
675,6750,7550,4.978656130732316e-67,0,,170,100
676,6760,7560,2.5634564403901453e-64,0,,170,100
677,6770,7570,2.906509155481673e-58,0,,171,100
678,6780,7580,1.155035056671338e-60,0,,169,100
679,6790,7590,8.50308447237888e-61,0,,169,100
680,6800,7600,1.6759419051433408e-66,0,,170,100
681,6810,7610,2.0117827399766825e-62,0,,170,100
682,6820,7620,3.170516198452301e-60,0,,169,100
683,6830,7630,2.0792792528473305e-60,0,,168,100
684,6840,7640,2.393752226349701e-67,0,,169,100
685,6850,7650,1.0625038476200083e-65,0,,170,100
686,6860,7660,1.109285668576915e-63,0,,166,100
687,6870,7670,1.922622368627748e-68,0,,166,100
688,6880,7680,1.1595035403654224e-66,0,,166,100
689,6890,7690,1.2926176524224356e-65,0,,168,100
690,6900,7700,5.319939100378747e-66,0,,169,100
691,6910,7710,1.7077921202014925e-65,0,,169,100
692,6920,7720,9.880544681066747e-67,0,,170,100
693,6930,7730,1.1724185996212492e-68,0,,169,100
694,6940,7740,1.3634476012890608e-64,0,,171,100
695,6950,7750,8.974619342405679e-68,0,,170,100
696,6960,7760,2.416743192691334e-65,0,,171,100
697,6970,7770,4.884765870580441e-66,0,,172,100
698,6980,7780,1.094107517424687e-64,0,,171,100
699,6990,7790,4.688373721761436e-64,0,,168,100
700,7000,7800,2.867020619446956e-69,0,,169,100
701,7010,7810,3.826454932418473e-66,0,,169,100
702,7020,7820,1.5018956796189334e-65,0,,171,100
703,7030,7830,6.252211206214428e-64,0,,171,100
704,7040,7840,3.3666803308981573e-62,0,,170,100
705,7050,7850,3.370557681515523e-64,0,,171,100
706,7060,7860,3.702612057135846e-63,0,,167,100
707,7070,7870,1.8135820182152572e-63,0,,169,100
708,7080,7880,3.056809927814486e-65,0,,168,100
709,7090,7890,1.1419614831954402e-68,0,,167,100
710,7100,7900,2.5158781430880663e-69,0,,169,100
711,7110,7910,5.260871754998635e-65,0,,169,100
712,7120,7920,1.2736144121214848e-63,0,,171,100
713,7130,7930,1.501928527275308e-67,0,,170,100
714,7140,7940,3.587192291449961e-65,0,,170,100
715,7150,7950,1.3673644738328311e-64,0,,172,100
716,7160,7960,5.419395329829019e-62,0,,173,100
717,7170,7970,1.6770122568942502e-67,0,,175,100
718,7180,7980,1.8808621413190641e-69,0,,174,100
719,7190,7990,7.904465184859941e-69,0,,174,100
720,7200,8000,2.2559287378321864e-65,0,,173,100
721,7210,8010,1.32103049104736e-67,0,,172,100
722,7220,8020,4.205366949662261e-67,0,,170,100
723,7230,8030,1.0562682368726429e-65,0,,170,100
724,7240,8040,1.8603483730185398e-60,0,,169,100
725,7250,8050,5.952990140691992e-58,0,,168,100
726,7260,8060,3.141646096526108e-56,0,,170,100
727,7270,8070,1.1036369660374435e-54,0,,169,100
728,7280,8080,9.197543744609061e-59,0,,172,100
729,7290,8090,5.077823306950003e-60,0,,171,100
730,7300,8100,1.9615857816948366e-61,0,,170,100
731,7310,8110,8.072042011845743e-62,0,,171,100
732,7320,8120,5.579118282296246e-63,0,,171,100
733,7330,8130,1.1408244937899459e-54,0,,166,100
734,7340,8140,1.8299876144227489e-56,0,,169,100
735,7350,8150,9.952868838165642e-53,0,,168,100
736,7360,8160,8.689234312789305e-52,0,,168,100
737,7370,8170,3.065931772280976e-53,0,,167,100
738,7380,8180,4.401682258255648e-51,0,,169,100
739,7390,8190,7.519381535182433e-54,0,,168,100
740,7400,8200,8.578416346546108e-52,0,,167,100
741,7410,8210,4.335680720280548e-53,0,,170,100
742,7420,8220,4.4072251267808653e-48,0,,169,100
743,7430,8230,4.01672158972673e-50,0,,168,100
744,7440,8240,3.3142856663909616e-47,0,,166,100
745,7450,8250,3.2071455195911745e-49,0,,168,100
746,7460,8260,5.347702755271944e-49,0,,166,100
747,7470,8270,3.91150037956566e-49,0,,167,100
748,7480,8280,7.985953119427616e-53,0,,168,100
749,7490,8290,1.0762217888712877e-51,0,,167,100
750,7500,8300,2.778479199600883e-53,0,,169,100
751,7510,8310,1.8849202274138713e-56,0,,166,100
752,7520,8320,2.3734686981893717e-52,0,,168,100
753,7530,8330,3.5891615201605945e-51,0,,167,100
754,7540,8340,3.8625951177521874e-47,0,,168,100
755,7550,8350,8.458262552307361e-44,0,,170,100
756,7560,8360,7.618317835351753e-49,0,,169,100
757,7570,8370,4.96000329965136e-50,0,,171,100
758,7580,8380,1.6976497515498346e-48,0,,171,100
759,7590,8390,3.1561195748401125e-51,0,,171,100
760,7600,8400,4.7122990569736456e-52,0,,169,100
761,7610,8410,3.911018700567249e-53,0,,169,100
762,7620,8420,2.034315670389398e-54,0,,170,100
763,7630,8430,5.239094333810229e-53,0,,171,100
764,7640,8440,8.182276465561314e-53,0,,170,100
765,7650,8450,2.400538427637594e-53,0,,168,100
766,7660,8460,6.151929903202477e-58,0,,167,100
767,7670,8470,1.2229809314501037e-54,0,,168,100
768,7680,8480,1.4330006101134573e-51,0,,168,100
769,7690,8490,4.46279964940211e-56,0,,169,100
770,7700,8500,2.465681464060764e-59,0,,167,100
771,7710,8510,6.2746352228242885e-62,0,,167,100
772,7720,8520,2.5822330414731757e-63,0,,169,100
773,7730,8530,4.609892149665569e-59,0,,165,100
774,7740,8540,1.8805003238124637e-61,0,,165,100
775,7750,8550,1.1521993199342202e-61,0,,166,100
776,7760,8560,1.277599139376065e-62,0,,167,100
777,7770,8570,9.250326303767633e-64,0,,167,100
778,7780,8580,1.1625901387084464e-63,0,,167,100
779,7790,8590,2.4865770784595345e-65,0,,167,100
780,7800,8600,6.082519228926998e-60,0,,165,100
781,7810,8610,2.844670587536577e-62,0,,163,100
782,7820,8620,8.264477433612577e-63,0,,164,100
783,7830,8630,6.007621326452821e-58,0,,166,100
784,7840,8640,2.281580450528823e-54,0,,164,100
785,7850,8650,2.679181806015793e-55,0,,167,100
786,7860,8660,1.267558060777195e-52,0,,167,100
787,7870,8670,5.568348688145984e-50,0,,167,100
788,7880,8680,7.778712939111475e-52,0,,166,100
789,7890,8690,2.5508959618817846e-48,0,,167,100
790,7900,8700,3.62366083252949e-55,0,,168,100
791,7910,8710,4.768623437822289e-54,0,,166,100
792,7920,8720,4.5487504850458856e-58,0,,166,100
793,7930,8730,1.9867929876538913e-52,0,,166,100
794,7940,8740,3.654510643585821e-49,0,,166,100
795,7950,8750,6.192180700566669e-50,0,,167,100
796,7960,8760,5.835959992983362e-53,0,,166,100
797,7970,8770,9.312088932525694e-53,0,,170,100
798,7980,8780,5.30694624058147e-53,0,,167,100
799,7990,8790,2.1155007309669384e-56,0,,170,100
800,8000,8800,2.809800814569622e-56,0,,170,100
801,8010,8810,2.826605373443183e-55,0,,169,100
802,8020,8820,3.593631853294613e-60,0,,169,100
803,8030,8830,6.657420988488771e-52,0,,168,100
804,8040,8840,4.284635097572454e-54,0,,171,100
805,8050,8850,1.1511095854390602e-52,0,,171,100
806,8060,8860,6.084115420444807e-56,0,,170,100
807,8070,8870,1.7860940323703854e-53,0,,169,100
808,8080,8880,1.1817828881431261e-57,0,,168,100
809,8090,8890,2.87439987939078e-57,0,,169,100
810,8100,8900,1.1918686244970059e-59,0,,168,100
811,8110,8910,2.1040365986302795e-65,0,,173,100
812,8120,8920,1.7994770764567043e-65,0,,175,100
813,8130,8930,2.0943583863202557e-62,0,,174,100
814,8140,8940,2.9875800686551036e-63,0,,172,100
815,8150,8950,3.6236914713168735e-59,0,,174,100
816,8160,8960,2.3475867495089078e-58,0,,176,100
817,8170,8970,1.2228027278471399e-63,0,,176,100
818,8180,8980,8.128301903391521e-64,0,,177,100
819,8190,8990,7.08505101469122e-67,0,,178,100
820,8200,9000,1.1636865257713131e-66,0,,181,100
821,8210,9010,3.1231512482827534e-62,0,,179,100
822,8220,9020,5.670264904256788e-70,0,,180,100
823,8230,9030,3.722501983701314e-71,0,,179,100
824,8240,9040,2.616090686234106e-68,0,,178,100
825,8250,9050,4.09391671296002e-71,0,,179,100
826,8260,9060,1.3452631552126978e-66,0,,179,100
827,8270,9070,9.429360837585818e-74,0,,181,100
828,8280,9080,5.186431034813334e-71,0,,179,100
829,8290,9090,3.462565269366462e-72,0,,179,100
830,8300,9100,1.2826518728601865e-68,0,,180,100
831,8310,9110,3.3414870318866703e-66,0,,180,100
832,8320,9120,1.4603881807775797e-71,0,,179,100
833,8330,9130,1.1862676609949072e-65,0,,179,100
834,8340,9140,2.8039563599463364e-66,0,,177,100
835,8350,9150,3.6891492539548994e-66,0,,173,100
836,8360,9160,4.0920847259211774e-66,0,,175,100
837,8370,9170,5.5190467102414e-62,0,,173,100
838,8380,9180,3.350693935434253e-60,0,,175,100
839,8390,9190,6.675290722303899e-58,0,,176,100
840,8400,9200,1.4277757447893545e-57,0,,176,100
841,8410,9210,4.7656474307921643e-57,0,,174,100
842,8420,9220,1.8030642406271867e-59,0,,176,100
843,8430,9230,4.152649675982574e-59,0,,174,100
844,8440,9240,2.4724356160277403e-62,0,,177,100
845,8450,9250,4.365088759147478e-60,0,,178,100
846,8460,9260,1.2011788395977603e-57,0,,179,100
847,8470,9270,1.4247825674208276e-58,0,,181,100
848,8480,9280,1.316728800977517e-54,0,,181,100
849,8490,9290,1.7927938124888083e-55,0,,180,100
850,8500,9300,2.8869135779054348e-55,0,,178,100
851,8510,9310,1.3358133317464891e-58,0,,178,100
852,8520,9320,1.02423102388857e-56,0,,180,100
853,8530,9330,2.9209976416928728e-58,0,,180,100
854,8540,9340,2.386026742702823e-55,0,,180,100
855,8550,9350,1.0045865239973125e-50,0,,179,100
856,8560,9360,1.867507036396386e-54,0,,180,100
857,8570,9370,5.54348939832712e-57,0,,180,100
858,8580,9380,2.172398481259174e-55,0,,180,100
859,8590,9390,1.3980381954716417e-50,0,,181,100
860,8600,9400,6.6085677019771935e-52,0,,182,100
861,8610,9410,4.441405108453661e-54,0,,181,100
862,8620,9420,1.302973137607027e-52,0,,182,100
863,8630,9430,9.693779855153757e-58,0,,180,100
864,8640,9440,1.7935069164432453e-55,0,,183,100
865,8650,9450,6.98939970342263e-57,0,,181,100
866,8660,9460,9.79174842664281e-56,0,,182,100
867,8670,9470,2.574298094793503e-52,0,,185,100
868,8680,9480,8.175765956071582e-58,0,,185,100
869,8690,9490,2.9692302051352167e-56,0,,185,100
870,8700,9500,2.002232382243528e-52,0,,183,100
871,8710,9510,3.025337314035475e-50,0,,183,100
872,8720,9520,2.564232676152863e-50,0,,184,100
873,8730,9530,7.776403706834873e-47,0,,183,100
874,8740,9540,1.295479286336453e-56,0,,180,100
875,8750,9550,1.5660584370901754e-52,0,,181,100
876,8760,9560,1.9893781007975675e-53,0,,181,100
877,8770,9570,5.453702371279406e-47,0,,179,100
878,8780,9580,1.8571369532872387e-50,0,,180,100
879,8790,9590,5.340674182042081e-51,0,,179,100
880,8800,9600,2.1479607817903935e-54,0,,180,100
881,8810,9610,1.456740534596342e-51,0,,181,100
882,8820,9620,2.4311456820419615e-53,0,,184,100
883,8830,9630,1.4722397226444763e-50,0,,182,100
884,8840,9640,6.448155123924562e-53,0,,181,100
885,8850,9650,5.466461938562952e-50,0,,181,100
886,8860,9660,3.1060792367265134e-48,0,,180,100
887,8870,9670,1.137339821662397e-48,0,,179,100
888,8880,9680,1.2521996186314833e-44,0,,180,100
889,8890,9690,1.759061145928986e-45,0,,184,100
890,8900,9700,2.2537173083480517e-47,0,,181,100
891,8910,9710,6.29064516890828e-45,0,,176,100
892,8920,9720,6.3561381510009555e-46,0,,178,100
893,8930,9730,5.17681178545887e-44,0,,178,100
894,8940,9740,4.779868627291907e-45,0,,177,100
895,8950,9750,2.31843679722144e-48,0,,178,100
896,8960,9760,2.0742584059124813e-47,0,,177,100
897,8970,9770,2.3334019986067592e-43,0,,177,100
898,8980,9780,3.460710626543856e-51,0,,175,100
899,8990,9790,5.809328672898892e-51,0,,174,100
900,9000,9800,8.244257498841457e-51,0,,172,100
901,9010,9810,6.8858032205394285e-50,0,,172,100
902,9020,9820,2.580850416132875e-51,0,,173,100
903,9030,9830,4.8902289828883175e-49,0,,174,100
904,9040,9840,8.54677341612944e-52,0,,172,100
905,9050,9850,1.321833755576627e-55,0,,172,100
906,9060,9860,3.689389918139124e-54,0,,172,100
907,9070,9870,3.735168551820552e-58,0,,169,100
908,9080,9880,5.468620974008838e-63,0,,172,100
909,9090,9890,1.3841980057846667e-60,0,,171,100
910,9100,9900,4.5053283465077225e-65,0,,172,100
911,9110,9910,6.395137347881132e-59,0,,173,100
912,9120,9920,2.0277714818139209e-57,0,,173,100
913,9130,9930,1.1573180590958908e-59,0,,174,100
914,9140,9940,4.573389874205769e-57,0,,173,100
915,9150,9950,5.842541500210784e-57,0,,176,100
916,9160,9960,3.426823750442715e-55,0,,175,100
917,9170,9970,1.6064560594353657e-58,0,,173,100
918,9180,9980,3.986300239151547e-59,0,,174,100
919,9190,9990,6.803282261572927e-58,0,,174,100
920,9200,10000,1.090830734301726e-53,0,,175,100
921,9210,10010,1.953172198359837e-52,0,,176,100
922,9220,10020,1.365414879469912e-53,0,,178,100
923,9230,10030,1.9537030122653029e-54,0,,179,100
924,9240,10040,9.055399838767257e-53,0,,177,100
925,9250,10050,6.0749895070335655e-56,0,,176,100
926,9260,10060,9.519857446182301e-58,0,,178,100
927,9270,10070,2.0253643867466418e-56,0,,176,100
928,9280,10080,4.9521755913117456e-54,0,,174,100
929,9290,10090,5.995285432725016e-53,0,,175,100
930,9300,10100,7.220461785050204e-53,0,,176,100
931,9310,10110,4.829333577921384e-59,0,,176,100
932,9320,10120,6.925747216832788e-61,0,,172,100
933,9330,10130,2.3079079522775134e-57,0,,172,100
934,9340,10140,2.0032526816938844e-61,0,,171,100
935,9350,10150,7.118801798025072e-61,0,,171,100
936,9360,10160,5.566669077411436e-60,0,,171,100
937,9370,10170,5.227157244886423e-64,0,,171,100
938,9380,10180,8.253942223414992e-64,0,,170,100
939,9390,10190,2.322539673186497e-63,0,,170,100
940,9400,10200,4.006911292687772e-69,0,,171,100
941,9410,10210,3.2034237574396556e-65,0,,170,100
942,9420,10220,1.2532789912459727e-60,0,,171,100
943,9430,10230,4.688508158962585e-62,0,,172,100
944,9440,10240,8.588691840464764e-59,0,,171,100
945,9450,10250,2.0336741215768845e-61,0,,169,100
946,9460,10260,1.644042947819212e-63,0,,168,100
947,9470,10270,3.1135606407488965e-60,0,,167,100
948,9480,10280,1.1741805668439333e-63,0,,166,100
949,9490,10290,5.078222673936382e-61,0,,167,100
950,9500,10300,3.3787755825913715e-65,0,,167,100
951,9510,10310,1.967509906962364e-61,0,,167,100
952,9520,10320,6.34277365630712e-63,0,,166,100
953,9530,10330,9.655761470603272e-59,0,,169,100
954,9540,10340,2.101283124000383e-54,0,,167,100
955,9550,10350,2.5183902201161334e-55,0,,168,100
956,9560,10360,2.9436999368409755e-54,0,,168,100
957,9570,10370,1.0376953404364463e-55,0,,168,100
958,9580,10380,2.277265113752885e-58,0,,167,100
959,9590,10390,2.4386162789893346e-62,0,,166,100
960,9600,10400,9.692613852115071e-62,0,,168,100
961,9610,10410,3.1688038704080442e-59,0,,165,100
962,9620,10420,8.037099723165678e-60,0,,164,100
963,9630,10430,8.030184982476231e-61,0,,166,100
964,9640,10440,1.6751478440266604e-64,0,,165,100
965,9650,10450,5.239816514774994e-67,0,,168,100
966,9660,10460,1.5429873663887533e-66,0,,168,100
967,9670,10470,1.2160575417171992e-67,0,,166,100
968,9680,10480,6.415220291463481e-67,0,,166,100
969,9690,10490,3.4739486545262005e-69,0,,167,100
970,9700,10500,1.8506865955124943e-75,0,,167,100
971,9710,10510,4.732926862662051e-80,0,,166,100
972,9720,10520,1.3494170515988776e-72,0,,166,100
973,9730,10530,2.672956890569763e-74,0,,167,100
974,9740,10540,3.3699744141501367e-78,0,,168,100
975,9750,10550,3.3007955009946314e-69,0,,168,100
976,9760,10560,7.818080536889303e-70,0,,170,100
977,9770,10570,1.2583475406597445e-71,0,,171,100
978,9780,10580,6.8833030011256295e-74,0,,172,100
979,9790,10590,2.888166167034836e-74,0,,172,100
980,9800,10600,1.0719630184020105e-69,0,,172,100
981,9810,10610,1.8139612918046738e-70,0,,172,100
982,9820,10620,3.750376248138772e-70,0,,171,100
983,9830,10630,5.54013124483021e-69,0,,171,100
984,9840,10640,1.995513784462291e-66,0,,172,100
985,9850,10650,9.955818040920197e-63,0,,172,100
986,9860,10660,7.2564241740538125e-65,0,,172,100
987,9870,10670,2.9933592244371383e-66,0,,172,100
988,9880,10680,8.84796593787656e-63,0,,170,100
989,9890,10690,7.917904811179657e-59,0,,172,100
990,9900,10700,2.1359698082418974e-56,0,,174,100
991,9910,10710,1.178793566694938e-64,0,,173,100
992,9920,10720,1.7405093179768635e-59,0,,175,100
993,9930,10730,5.523344353938085e-56,0,,175,100
994,9940,10740,1.1272403245317354e-59,0,,172,100
995,9950,10750,2.2090479874081976e-56,0,,170,100
996,9960,10760,7.725295594913659e-53,0,,172,100
997,9970,10770,1.5959633486760547e-53,0,,171,100
998,9980,10780,1.2718814501077881e-55,0,,171,100
999,9990,10790,2.0771365171344554e-64,0,,172,100
1000,10000,10800,1.5180410079228265e-65,0,,170,100
1001,10010,10810,9.320855329644676e-63,0,,169,100
1002,10020,10820,2.8776464220891775e-67,0,,167,100
1003,10030,10830,6.390626569639229e-70,0,,168,100
1004,10040,10840,9.960698191734786e-67,0,,167,100
1005,10050,10850,1.3801232236176974e-70,0,,167,100
1006,10060,10860,2.617650295197012e-70,0,,169,100
1007,10070,10870,7.698560889157224e-70,0,,167,100
1008,10080,10880,2.8180916566380475e-72,0,,167,100
1009,10090,10890,5.438866612198133e-72,0,,166,100
1010,10100,10900,2.8145005233149166e-74,0,,166,100
1011,10110,10910,1.718770009669643e-71,0,,167,100
1012,10120,10920,9.224176686877605e-76,0,,168,100
1013,10130,10930,8.67633428280365e-78,0,,169,100
1014,10140,10940,1.9173194723691497e-72,0,,170,100
1015,10150,10950,3.2724101747553345e-77,0,,168,100
1016,10160,10960,2.0167867340282696e-79,0,,168,100
1017,10170,10970,1.384033618194636e-76,0,,171,100
1018,10180,10980,3.2474833325305865e-73,0,,170,100
1019,10190,10990,5.0150360212678664e-74,0,,169,100
1020,10200,11000,1.494629489417867e-75,0,,169,100
1021,10210,11010,1.2960358550971218e-74,0,,168,100
1022,10220,11020,8.062469192454112e-70,0,,166,100
1023,10230,11030,4.140155091344924e-66,0,,165,100
1024,10240,11040,7.450463368335354e-67,0,,166,100
1025,10250,11050,2.292145978550488e-68,0,,167,100
1026,10260,11060,9.44162865710955e-64,0,,168,100
1027,10270,11070,2.583866102497581e-65,0,,169,100
1028,10280,11080,3.0960319760398874e-58,0,,169,100
1029,10290,11090,1.2073046823614375e-57,0,,170,100
1030,10300,11100,1.5463296383262575e-55,0,,172,100
1031,10310,11110,2.1087370763043735e-52,0,,172,100
1032,10320,11120,3.2412943420004864e-51,0,,174,100
1033,10330,11130,2.877531354284764e-50,0,,173,100
1034,10340,11140,6.794663733450001e-49,0,,172,100
1035,10350,11150,2.393251733383307e-45,0,,172,100
1036,10360,11160,1.9410134308950666e-50,0,,171,100
1037,10370,11170,5.969982794474367e-47,0,,172,100
1038,10380,11180,3.1334500755238557e-45,0,,171,100
1039,10390,11190,1.0003047689689782e-44,0,,170,100
1040,10400,11200,5.168819041081785e-50,0,,170,100
1041,10410,11210,1.3777611164786723e-46,0,,170,100
1042,10420,11220,2.254230193876219e-44,0,,170,100
1043,10430,11230,6.137004571718488e-45,0,,170,100
1044,10440,11240,6.144770558750295e-43,0,,171,100
1045,10450,11250,6.540961090494045e-47,0,,169,100
1046,10460,11260,2.938999548005253e-44,0,,172,100
1047,10470,11270,7.059316083970613e-42,0,,170,100
1048,10480,11280,2.1703718681237684e-45,0,,170,100
1049,10490,11290,1.972848142042074e-42,0,,168,100
1050,10500,11300,1.8705771445755247e-42,0,,171,100
1051,10510,11310,3.0989653113435754e-43,0,,172,100
1052,10520,11320,2.3465260890781364e-39,0,,173,100
1053,10530,11330,1.3319798985466904e-42,0,,172,100
1054,10540,11340,5.996939566364402e-45,0,,170,100
1055,10550,11350,2.4511195833210582e-46,0,,172,100
1056,10560,11360,6.941064194937946e-47,0,,169,100
1057,10570,11370,9.656741938722357e-45,0,,168,100
1058,10580,11380,3.2828841376452506e-53,0,,168,100
1059,10590,11390,4.717652351403156e-51,0,,168,100
1060,10600,11400,7.493764421803855e-51,0,,168,100
1061,10610,11410,2.1175014235177882e-50,0,,168,100
1062,10620,11420,5.087560433531256e-51,0,,166,100
1063,10630,11430,3.385282850680933e-49,0,,168,100
1064,10640,11440,1.885413075321982e-52,0,,171,100
1065,10650,11450,2.8883883721813234e-54,0,,170,100
1066,10660,11460,6.832911214654975e-51,0,,170,100
1067,10670,11470,1.908066152068764e-53,0,,169,100
1068,10680,11480,4.196435340781111e-49,0,,170,100
1069,10690,11490,2.741108788538082e-53,0,,168,100
1070,10700,11500,2.3931251343289986e-59,0,,165,100
1071,10710,11510,4.397655073363399e-60,0,,166,100
1072,10720,11520,9.3428562035044e-59,0,,167,100
1073,10730,11530,5.922055416006195e-62,0,,169,100
1074,10740,11540,2.141223484448394e-58,0,,170,100
1075,10750,11550,1.1452472480671193e-61,0,,170,100
1076,10760,11560,1.2826860453730626e-55,0,,169,100
1077,10770,11570,1.5804713061091305e-61,0,,170,100
1078,10780,11580,4.256159260667115e-58,0,,171,100
1079,10790,11590,5.204941552937066e-64,0,,171,100
1080,10800,11600,1.7921797765475083e-61,0,,172,100
1081,10810,11610,2.5912785828870557e-56,0,,173,100
1082,10820,11620,1.1001789335624448e-59,0,,173,100
1083,10830,11630,1.903682746654426e-58,0,,172,100
1084,10840,11640,2.878751874300879e-60,0,,174,100
1085,10850,11650,7.24863430357391e-58,0,,174,100
1086,10860,11660,1.411099127054579e-60,0,,175,100
1087,10870,11670,1.2281296341064472e-63,0,,175,100
1088,10880,11680,1.7795249562479602e-58,0,,175,100
1089,10890,11690,2.002847835183856e-59,0,,174,100
1090,10900,11700,3.159898061080163e-63,0,,174,100
1091,10910,11710,1.0913502422905407e-60,0,,175,100
1092,10920,11720,1.5473039316440412e-56,0,,175,100
1093,10930,11730,2.390905982102966e-53,0,,175,100
1094,10940,11740,5.71768439091716e-52,0,,174,100
1095,10950,11750,2.3688679635189425e-53,0,,173,100
1096,10960,11760,1.5755319312714643e-52,0,,172,100
1097,10970,11770,9.1648301423282e-50,0,,170,100
1098,10980,11780,6.921896317538985e-52,0,,172,100
1099,10990,11790,2.2405179214290988e-55,0,,172,100
1100,11000,11800,1.1056159139145252e-53,0,,170,100
1101,11010,11810,2.369110908039131e-52,0,,173,100
1102,11020,11820,3.713986412130283e-55,0,,172,100
1103,11030,11830,5.422273140257535e-57,0,,172,100
1104,11040,11840,2.7589319014426517e-55,0,,171,100
1105,11050,11850,5.5935438404428445e-56,0,,171,100
1106,11060,11860,1.28935920940907e-53,0,,170,100
1107,11070,11870,1.8105331695109757e-56,0,,169,100
1108,11080,11880,2.7493462226715274e-56,0,,168,100
1109,11090,11890,3.382387081242945e-59,0,,169,100
1110,11100,11900,2.1483774767563664e-57,0,,166,100
1111,11110,11910,1.495664971832927e-54,0,,167,100
1112,11120,11920,5.337849177752691e-60,0,,166,100
1113,11130,11930,8.816754667893466e-60,0,,166,100
1114,11140,11940,2.304273750252217e-56,0,,167,100
1115,11150,11950,1.0994279539146939e-59,0,,167,100
1116,11160,11960,2.5048983763664756e-60,0,,167,100
1117,11170,11970,1.310424935273722e-58,0,,168,100
1118,11180,11980,1.8901276230701415e-60,0,,166,100
1119,11190,11990,3.5919716656845763e-61,0,,167,100
1120,11200,12000,4.755352299773099e-62,0,,168,100
1121,11210,12010,3.1534364727870404e-60,0,,171,100
1122,11220,12020,2.1969819295026562e-60,0,,171,100
1123,11230,12030,1.1042047648701117e-59,0,,168,100
1124,11240,12040,8.505232587027419e-65,0,,169,100
1125,11250,12050,1.110888058709439e-60,0,,168,100
1126,11260,12060,1.8434422726171724e-63,0,,170,100
1127,11270,12070,2.3428537057334384e-64,0,,171,100
1128,11280,12080,2.7362605638722985e-61,0,,171,100
1129,11290,12090,4.016844674748879e-61,0,,171,100
1130,11300,12100,1.4399796369545376e-54,0,,168,100
1131,11310,12110,2.020176107196633e-57,0,,169,100
1132,11320,12120,6.1385736721700155e-58,0,,170,100
1133,11330,12130,1.0555344817321201e-55,0,,171,100
1134,11340,12140,9.792882763133513e-57,0,,169,100
1135,11350,12150,1.9731565930290742e-59,0,,169,100
1136,11360,12160,1.0709466512182234e-59,0,,171,100
1137,11370,12170,6.944495707633236e-54,0,,170,100
1138,11380,12180,3.096637715543163e-54,0,,167,100
1139,11390,12190,9.774562673879568e-56,0,,167,100
1140,11400,12200,2.0163413437144905e-52,0,,168,100
1141,11410,12210,2.307013643515637e-54,0,,169,100
1142,11420,12220,6.141997780716843e-51,0,,168,100
1143,11430,12230,9.744867144737824e-55,0,,169,100
1144,11440,12240,7.189617201786811e-51,0,,166,100
1145,11450,12250,6.2899628856542916e-52,0,,165,100
1146,11460,12260,8.152717264244266e-51,0,,165,100
1147,11470,12270,4.695570999302185e-50,0,,165,100
1148,11480,12280,1.7846356499905118e-54,0,,167,100
1149,11490,12290,1.3878028878854218e-52,0,,168,100
1150,11500,12300,1.6744989424510294e-57,0,,169,100
1151,11510,12310,1.1380565658326301e-60,0,,169,100
1152,11520,12320,1.4856543570603086e-63,0,,167,100
1153,11530,12330,6.956942666898598e-62,0,,167,100
1154,11540,12340,6.9746265626635345e-62,0,,168,100
1155,11550,12350,4.61439091043946e-65,0,,167,100
1156,11560,12360,4.1997361682548274e-65,0,,167,100
1157,11570,12370,7.507663618591419e-64,0,,167,100
1158,11580,12380,7.051267484670936e-63,0,,166,100
1159,11590,12390,5.17363036074996e-62,0,,163,100
1160,11600,12400,5.04043158786219e-60,0,,165,100
1161,11610,12410,2.222626861008473e-62,0,,164,100
1162,11620,12420,1.6764815799610956e-63,0,,166,100
1163,11630,12430,1.4949457724147647e-64,0,,164,100
1164,11640,12440,2.1163295440999467e-64,0,,164,100
1165,11650,12450,3.4090431255978337e-66,0,,163,100
1166,11660,12460,2.0447794402521493e-64,0,,164,100
1167,11670,12470,8.666811845493662e-62,0,,168,100
1168,11680,12480,1.7799058223834407e-61,0,,168,100
1169,11690,12490,9.150660298233111e-64,0,,168,100
1170,11700,12500,5.671927089832266e-60,0,,168,100
1171,11710,12510,5.168697116028944e-57,0,,167,100
1172,11720,12520,9.458719162105322e-54,0,,167,100
1173,11730,12530,1.9429041947201413e-52,0,,167,100
1174,11740,12540,4.427481514393746e-51,0,,168,100
1175,11750,12550,1.5422642449634047e-52,0,,169,100
1176,11760,12560,1.23812686093417e-46,0,,169,100
1177,11770,12570,3.769727938140316e-50,0,,171,100
1178,11780,12580,3.0634334441135953e-47,0,,169,100
1179,11790,12590,2.6922871827541455e-50,0,,170,100
1180,11800,12600,2.4542313015596112e-51,0,,171,100
1181,11810,12610,9.11568303116442e-56,0,,173,100
1182,11820,12620,2.7113798768348826e-54,0,,173,100
1183,11830,12630,1.6093312994433857e-56,0,,175,100
1184,11840,12640,1.409063970595532e-57,0,,174,100
1185,11850,12650,1.7744832771508397e-58,0,,174,100
1186,11860,12660,9.707438972074432e-59,0,,174,100
1187,11870,12670,6.46462833834403e-56,0,,176,100
1188,11880,12680,3.785185120190967e-58,0,,177,100
1189,11890,12690,1.2186422165276867e-57,0,,177,100
1190,11900,12700,1.6403994723880784e-60,0,,176,100
1191,11910,12710,2.350346612998434e-58,0,,175,100
1192,11920,12720,4.6814860099257685e-67,0,,174,100
1193,11930,12730,3.732575024531914e-68,0,,174,100
1194,11940,12740,2.0690297161211291e-63,0,,175,100
1195,11950,12750,4.43247150352987e-62,0,,176,100
1196,11960,12760,3.7557436129382526e-67,0,,176,100
1197,11970,12770,7.298520913473014e-64,0,,175,100
1198,11980,12780,7.87999067111213e-61,0,,175,100
1199,11990,12790,2.133820338274192e-63,0,,175,100
1200,12000,12800,6.512776131137269e-64,0,,174,100
1201,12010,12810,2.193054557990373e-64,0,,173,100
1202,12020,12820,1.6024314439443276e-66,0,,173,100
1203,12030,12830,3.743525150504985e-63,0,,173,100
1204,12040,12840,8.275250212915219e-65,0,,171,100
1205,12050,12850,4.236585947708201e-68,0,,172,100
1206,12060,12860,1.2963946751612213e-66,0,,171,100
1207,12070,12870,7.73104822931467e-67,0,,173,100
1208,12080,12880,3.725278219261919e-64,0,,173,100
1209,12090,12890,4.8780858419748183e-64,0,,172,100
1210,12100,12900,4.367474457950601e-62,0,,171,100
1211,12110,12910,2.262304073514581e-61,0,,171,100
1212,12120,12920,6.6794252597106865e-65,0,,171,100
1213,12130,12930,3.083289625664743e-59,0,,170,100
1214,12140,12940,1.867459542100914e-59,0,,174,100
1215,12150,12950,5.907936806625658e-58,0,,173,100
1216,12160,12960,1.618394931153928e-58,0,,173,100
1217,12170,12970,1.6395659602763248e-58,0,,175,100
1218,12180,12980,1.755531721076604e-60,0,,175,100
1219,12190,12990,4.3935117478005365e-57,0,,176,100
1220,12200,13000,2.793209102891796e-60,0,,176,100
1221,12210,13010,2.622215007467915e-57,0,,177,100
1222,12220,13020,7.160452506182326e-57,0,,179,100
1223,12230,13030,8.516606727064063e-55,0,,178,100
1224,12240,13040,1.0023489099190938e-56,0,,178,100
1225,12250,13050,1.934405804106353e-55,0,,178,100
1226,12260,13060,4.21751639286929e-52,0,,177,100
1227,12270,13070,8.608165995862757e-48,0,,174,100
1228,12280,13080,7.483609786291155e-47,0,,175,100
1229,12290,13090,3.141464142900629e-48,0,,175,100
1230,12300,13100,1.0290268265255624e-46,0,,176,100
1231,12310,13110,4.750300221039733e-50,0,,174,100
1232,12320,13120,6.207249316981753e-47,0,,176,100
1233,12330,13130,6.117191657738762e-52,0,,172,100
1234,12340,13140,1.3820021800334018e-52,0,,172,100
1235,12350,13150,2.2524439844536607e-50,0,,172,100
1236,12360,13160,5.4508286733619134e-52,0,,172,100
1237,12370,13170,9.7524405192239e-52,0,,173,100
1238,12380,13180,3.708219432372465e-54,0,,174,100
1239,12390,13190,9.671913084699234e-58,0,,174,100
1240,12400,13200,3.5606461081282714e-53,0,,173,100
1241,12410,13210,3.3477822176500324e-48,0,,174,100
1242,12420,13220,1.7204540276656485e-45,0,,173,100
1243,12430,13230,3.1565024621658055e-45,0,,173,100
1244,12440,13240,3.2095080173377435e-45,0,,174,100
1245,12450,13250,1.3269601918613272e-46,0,,173,100
1246,12460,13260,1.6387222463923325e-50,0,,172,100
1247,12470,13270,1.3602117474193725e-50,0,,169,100
1248,12480,13280,2.0957287447848314e-51,0,,171,100
1249,12490,13290,1.0438791794132087e-51,0,,173,100
1250,12500,13300,2.352930350326952e-56,0,,172,100
1251,12510,13310,1.5266494189721701e-53,0,,172,100
1252,12520,13320,7.424697747211376e-53,0,,174,100
1253,12530,13330,1.2124504465446276e-50,0,,173,100
1254,12540,13340,4.67875477628181e-50,0,,172,100
1255,12550,13350,6.470778329804096e-54,0,,171,100
1256,12560,13360,4.153401145624535e-52,0,,175,100
1257,12570,13370,2.49278234959268e-51,0,,175,100
1258,12580,13380,3.4959024222538966e-49,0,,174,100
1259,12590,13390,4.6062592862444215e-49,0,,173,100
1260,12600,13400,5.836795640008518e-49,0,,172,100
1261,12610,13410,3.948556507952744e-47,0,,172,100
1262,12620,13420,7.684236960393168e-49,0,,173,100
1263,12630,13430,2.0670878390659047e-51,0,,175,100
1264,12640,13440,3.234848318093205e-48,0,,175,100
1265,12650,13450,3.763007998456298e-46,0,,176,100
1266,12660,13460,2.4990736451922512e-49,0,,175,100
1267,12670,13470,9.644022332980903e-47,0,,174,100
1268,12680,13480,3.7634630669055564e-52,0,,171,100
1269,12690,13490,1.4977596937917149e-53,0,,174,100
1270,12700,13500,5.238342263621814e-54,0,,174,100
1271,12710,13510,5.282657431491816e-57,0,,175,100
1272,12720,13520,5.051356108023915e-54,0,,174,100
1273,12730,13530,3.699279512554072e-54,0,,174,100
1274,12740,13540,2.5180467969916626e-55,0,,173,100
1275,12750,13550,4.982229512840775e-57,0,,175,100
1276,12760,13560,2.1774594632936217e-55,0,,175,100
1277,12770,13570,4.883661013291462e-57,0,,176,100
1278,12780,13580,2.211572428662526e-53,0,,175,100
1279,12790,13590,8.021421663744066e-59,0,,175,100
1280,12800,13600,9.560804285779295e-59,0,,177,100
1281,12810,13610,2.3976423357432907e-62,0,,176,100
1282,12820,13620,1.4932410487829625e-61,0,,177,100
1283,12830,13630,1.2624089855538694e-58,0,,178,100
1284,12840,13640,3.6538543139510156e-59,0,,178,100
1285,12850,13650,1.6380623506176314e-60,0,,177,100
1286,12860,13660,6.23048327490637e-61,0,,178,100
1287,12870,13670,6.980159720046244e-61,0,,178,100
1288,12880,13680,1.1456678195331444e-61,0,,179,100
1289,12890,13690,3.0976147794128035e-60,0,,180,100
1290,12900,13700,9.653252184868548e-60,0,,179,100
1291,12910,13710,7.024256823429088e-60,0,,180,100
1292,12920,13720,1.7288668656363143e-62,0,,179,100
1293,12930,13730,2.0055121075624707e-61,0,,179,100
1294,12940,13740,2.069330058302783e-57,0,,177,100
1295,12950,13750,1.027224476201546e-52,0,,178,100
1296,12960,13760,1.518423738776523e-55,0,,178,100
1297,12970,13770,4.5830180337327867e-51,0,,178,100
1298,12980,13780,1.4535134460109123e-50,0,,177,100
1299,12990,13790,1.952121923591161e-52,0,,176,100
1300,13000,13800,2.08117662102783e-48,0,,178,100
1301,13010,13810,7.320144568016717e-47,0,,177,100
1302,13020,13820,1.2901774194059113e-47,0,,176,100
1303,13030,13830,6.017833537492081e-45,0,,176,100
1304,13040,13840,2.577750235252751e-46,0,,177,100
1305,13050,13850,6.485923252691917e-44,0,,176,100
1306,13060,13860,1.1306307266670898e-42,0,,176,100
1307,13070,13870,1.765025944692548e-42,0,,180,100
1308,13080,13880,5.111002906915164e-50,0,,178,100
1309,13090,13890,6.576227858126236e-50,0,,180,100
1310,13100,13900,8.914504446611349e-48,0,,181,100
1311,13110,13910,1.4480692410460002e-46,0,,184,100
1312,13120,13920,7.666150641015755e-47,0,,185,100
1313,13130,13930,2.5099316576015636e-49,0,,185,100
1314,13140,13940,1.7389228680158816e-50,0,,187,100
1315,13150,13950,7.831349400774444e-51,0,,186,100
1316,13160,13960,6.388966644065526e-52,0,,185,100
1317,13170,13970,1.2695403300323486e-51,0,,186,100
1318,13180,13980,2.6024663902023225e-57,0,,187,100
1319,13190,13990,6.728701833757262e-55,0,,185,100
1320,13200,14000,2.9550929274341475e-55,0,,187,100
1321,13210,14010,1.399360537233971e-55,0,,187,100
1322,13220,14020,3.983083583498234e-58,0,,186,100
1323,13230,14030,4.801786149130731e-56,0,,189,100
1324,13240,14040,2.155243748639673e-59,0,,187,100
1325,13250,14050,9.268523565702274e-57,0,,187,100
1326,13260,14060,1.6562965436818082e-51,0,,187,100
1327,13270,14070,1.4848199874813883e-50,0,,189,100
1328,13280,14080,1.434032593233305e-55,0,,189,100
1329,13290,14090,1.4143038025602825e-55,0,,188,100
1330,13300,14100,4.1235375152428943e-57,0,,190,100
1331,13310,14110,3.391515842913091e-53,0,,188,100
1332,13320,14120,1.2945340069438104e-53,0,,187,100
1333,13330,14130,7.483468463934614e-56,0,,186,100
1334,13340,14140,2.791099632833184e-51,0,,187,100
1335,13350,14150,4.97366847932324e-52,0,,188,100
1336,13360,14160,2.9122588790151275e-50,0,,187,100
1337,13370,14170,3.9727757463032356e-47,0,,187,100
1338,13380,14180,6.622167602198231e-47,0,,188,100
1339,13390,14190,1.4234406394305023e-45,0,,189,100
1340,13400,14200,1.426990754925269e-47,0,,189,100
1341,13410,14210,3.813426207005899e-48,0,,190,100
1342,13420,14220,4.733182675113059e-45,0,,189,100
1343,13430,14230,3.9554229567949706e-51,0,,185,100
1344,13440,14240,9.907891083349607e-48,0,,184,100
1345,13450,14250,5.469120979904397e-52,0,,186,100
1346,13460,14260,2.166897889623142e-52,0,,186,100
1347,13470,14270,5.028391821010556e-50,0,,185,100
1348,13480,14280,5.394261939652479e-55,0,,186,100
1349,13490,14290,6.20810930270647e-54,0,,187,100
1350,13500,14300,1.2232854585252173e-52,0,,185,100
1351,13510,14310,6.250127451735103e-50,0,,184,100
1352,13520,14320,1.102731267720792e-50,0,,186,100
1353,13530,14330,8.920325361162008e-49,0,,187,100
1354,13540,14340,1.250603286949637e-47,0,,185,100
1355,13550,14350,1.1765923003547415e-47,0,,184,100
1356,13560,14360,9.336710322946124e-44,0,,187,100
1357,13570,14370,3.3483925059954417e-44,0,,189,100
1358,13580,14380,7.089949637194955e-45,0,,188,100
1359,13590,14390,1.9880898032246275e-46,0,,189,100
1360,13600,14400,8.1527400680139585e-53,0,,188,100
1361,13610,14410,5.233208239500154e-45,0,,186,100
1362,13620,14420,2.8054092972477384e-45,0,,185,100
1363,13630,14430,8.1644359269119e-47,0,,187,100
1364,13640,14440,5.063665925502378e-48,0,,189,100
1365,13650,14450,1.2738730731385267e-50,0,,189,100
1366,13660,14460,2.800984746158757e-47,0,,190,100
1367,13670,14470,9.714772652695305e-48,0,,187,100
1368,13680,14480,7.9934457120392e-43,0,,186,100
1369,13690,14490,1.7765873556048606e-40,0,,187,100
1370,13700,14500,2.169490439263171e-43,0,,187,100
1371,13710,14510,3.9060288837387154e-43,0,,187,100
1372,13720,14520,1.725344721627349e-44,0,,188,100
1373,13730,14530,1.4482979512698654e-43,0,,189,100
1374,13740,14540,8.305458069087907e-43,0,,188,100
1375,13750,14550,1.2437091779421872e-44,0,,187,100
1376,13760,14560,6.877960348070325e-50,0,,187,100
1377,13770,14570,1.7771901691153006e-48,0,,188,100
1378,13780,14580,2.301388450183712e-50,0,,190,100
1379,13790,14590,4.305194817099596e-53,0,,191,100
1380,13800,14600,4.2748716282751896e-58,0,,190,100
1381,13810,14610,1.4914354794537417e-51,0,,190,100
1382,13820,14620,6.167024470793484e-53,0,,191,100
1383,13830,14630,2.841930086993398e-52,0,,192,100
1384,13840,14640,1.6887706823189138e-53,0,,193,100
1385,13850,14650,5.273300882392124e-53,0,,191,100
1386,13860,14660,8.240515875920639e-51,0,,194,100
1387,13870,14670,5.0688443826322787e-54,0,,190,100
1388,13880,14680,2.426125865623191e-48,0,,191,100
1389,13890,14690,7.069581290583575e-52,0,,194,100
1390,13900,14700,1.2157392817323194e-51,0,,191,100
1391,13910,14710,5.193054239944888e-50,0,,190,100
1392,13920,14720,4.697145145939535e-51,0,,191,100
1393,13930,14730,9.153100068133146e-48,0,,190,100
1394,13940,14740,1.554126079748149e-54,0,,188,100
1395,13950,14750,8.97422224999714e-50,0,,188,100
1396,13960,14760,8.306497847493107e-50,0,,188,100
1397,13970,14770,6.926691359362746e-48,0,,189,100
1398,13980,14780,4.049470520563383e-49,0,,189,100
1399,13990,14790,4.354648302876477e-45,0,,189,100
1400,14000,14800,4.174777199717931e-43,0,,188,100
1401,14010,14810,2.1526319654978698e-43,0,,188,100
1402,14020,14820,1.6734891420918702e-43,0,,187,100
1403,14030,14830,1.9215423497401303e-44,0,,186,100
1404,14040,14840,1.3443348008314468e-47,0,,188,100
1405,14050,14850,2.8164407519216915e-41,0,,187,100
1406,14060,14860,1.4089718830006931e-43,0,,187,100
1407,14070,14870,1.9270640919326925e-48,0,,185,100
1408,14080,14880,4.5710012602036435e-51,0,,185,100
1409,14090,14890,4.517657005730628e-51,0,,187,100
1410,14100,14900,1.7624234107187877e-50,0,,186,100
1411,14110,14910,3.9036068345906485e-55,0,,185,100
1412,14120,14920,2.0518124853919747e-52,0,,188,100
1413,14130,14930,2.2749386032359325e-52,0,,189,100
1414,14140,14940,7.917151255865227e-53,0,,188,100
1415,14150,14950,1.8789171964799038e-50,0,,186,100
1416,14160,14960,7.431054722169053e-56,0,,186,100
1417,14170,14970,2.2414252162315564e-54,0,,186,100
1418,14180,14980,1.03595552502564e-56,0,,187,100
1419,14190,14990,4.179122074350279e-51,0,,186,100
1420,14200,15000,2.153745475152671e-50,0,,187,100
1421,14210,15010,7.545669564582752e-55,0,,185,100
1422,14220,15020,6.215911121375768e-56,0,,185,100
1423,14230,15030,2.936056903622542e-56,0,,187,100
1424,14240,15040,4.904512590865272e-56,0,,189,100
1425,14250,15050,6.643981017871725e-52,0,,189,100
1426,14260,15060,2.7236697300394636e-50,0,,190,100
1427,14270,15070,4.362810878589168e-55,0,,190,100
1428,14280,15080,1.7383804445141664e-54,0,,190,100
1429,14290,15090,1.8156679245008913e-53,0,,188,100
1430,14300,15100,1.2629835509222244e-54,0,,187,100
1431,14310,15110,2.214358361519372e-51,0,,189,100
1432,14320,15120,3.1772329628045896e-58,0,,187,100
1433,14330,15130,5.990703609795043e-58,0,,190,100
1434,14340,15140,3.1396289666248027e-55,0,,190,100
1435,14350,15150,5.825533435280275e-55,0,,188,100
1436,14360,15160,6.217642325209797e-56,0,,184,100
1437,14370,15170,9.042846759216613e-56,0,,187,100
1438,14380,15180,1.0273541878346174e-55,0,,188,100
1439,14390,15190,9.406952353211696e-55,0,,188,100
1440,14400,15200,1.115717075162076e-52,0,,187,100
1441,14410,15210,9.311995983397203e-52,0,,187,100
1442,14420,15220,4.924323474284855e-56,0,,187,100
1443,14430,15230,5.67267830477061e-49,0,,186,100
1444,14440,15240,6.989141090313452e-51,0,,185,100
1445,14450,15250,5.405984277109931e-49,0,,186,100
1446,14460,15260,1.166034372835445e-52,0,,186,100
1447,14470,15270,3.0515434037816597e-54,0,,188,100
1448,14480,15280,1.136941605988341e-54,0,,191,100
1449,14490,15290,1.0131522766578027e-52,0,,187,100
1450,14500,15300,2.1971826630179015e-51,0,,188,100
1451,14510,15310,5.707290256641244e-50,0,,187,100
1452,14520,15320,5.420609693895409e-49,0,,191,100
1453,14530,15330,4.371266679753599e-45,0,,189,100
1454,14540,15340,2.2975313710181842e-46,0,,190,100
1455,14550,15350,5.004023688128835e-46,0,,189,100
1456,14560,15360,5.806764865729858e-47,0,,187,100
1457,14570,15370,2.4563529018547825e-49,0,,185,100
1458,14580,15380,7.58737215507617e-49,0,,184,100
1459,14590,15390,9.339465677764449e-47,0,,185,100
1460,14600,15400,9.827721366947217e-50,0,,185,100
1461,14610,15410,2.2351262000775627e-52,0,,185,100
1462,14620,15420,1.6989824983702497e-52,0,,183,100
1463,14630,15430,2.11532858005209e-51,0,,182,100
1464,14640,15440,6.381848311793764e-50,0,,181,100
1465,14650,15450,1.4133756947158162e-50,0,,181,100
1466,14660,15460,8.090487703771381e-50,0,,182,100
1467,14670,15470,3.7328474783176315e-52,0,,185,100
1468,14680,15480,1.1183718645284213e-50,0,,183,100
1469,14690,15490,3.1366517688579172e-49,0,,182,100
1470,14700,15500,1.0589148669710818e-48,0,,182,100
1471,14710,15510,3.106160201360329e-53,0,,181,100
1472,14720,15520,1.2972336813445694e-54,0,,180,100
1473,14730,15530,1.0977563853930174e-58,0,,182,100
1474,14740,15540,1.6267704542758656e-55,0,,183,100
1475,14750,15550,1.0532404391587106e-52,0,,182,100
1476,14760,15560,1.0858243493271951e-54,0,,182,100
1477,14770,15570,2.748392338790565e-52,0,,180,100
1478,14780,15580,1.2837435458485846e-51,0,,179,100
1479,14790,15590,2.921187821354277e-50,0,,179,100
1480,14800,15600,2.435042836385676e-52,0,,181,100
1481,14810,15610,2.696852414504215e-49,0,,182,100
1482,14820,15620,4.772067605235667e-52,0,,181,100
1483,14830,15630,7.727752277624975e-56,0,,178,100
1484,14840,15640,1.403363180737431e-55,0,,179,100
1485,14850,15650,2.9597428509278983e-50,0,,179,100
1486,14860,15660,2.180924026667675e-53,0,,178,100
1487,14870,15670,3.357640841624959e-53,0,,179,100
1488,14880,15680,1.768852991810538e-53,0,,179,100
1489,14890,15690,1.9276490859787863e-55,0,,179,100
1490,14900,15700,2.9942625912716544e-54,0,,180,100
1491,14910,15710,1.0864359630049483e-55,0,,179,100
1492,14920,15720,3.5617512373242934e-56,0,,177,100
1493,14930,15730,1.1818453269257871e-60,0,,177,100
1494,14940,15740,1.7728992219414125e-57,0,,177,100
1495,14950,15750,1.1267567413117319e-57,0,,178,100
1496,14960,15760,7.754424150580229e-60,0,,179,100
1497,14970,15770,2.9214374387054497e-62,0,,178,100
1498,14980,15780,2.880679239952315e-51,0,,179,100
1499,14990,15790,3.185819980949977e-54,0,,180,100
1500,15000,15800,2.300220978901001e-52,0,,182,100
1501,15010,15810,1.3138883097155897e-53,0,,184,100
1502,15020,15820,4.125480897590889e-55,0,,184,100
1503,15030,15830,6.751859012953692e-54,0,,181,100
1504,15040,15840,2.536582870498669e-52,0,,180,100
1505,15050,15850,7.428801459539751e-56,0,,176,100
1506,15060,15860,7.114493441329986e-55,0,,177,100
1507,15070,15870,6.747272083460774e-57,0,,177,100
1508,15080,15880,3.235819201808058e-58,0,,178,100
1509,15090,15890,2.870237304382788e-60,0,,179,100
1510,15100,15900,2.120559392164074e-59,0,,179,100
1511,15110,15910,2.7459455162041514e-65,0,,179,100
1512,15120,15920,9.115459894989754e-61,0,,180,100
1513,15130,15930,5.6781940069586585e-62,0,,180,100
1514,15140,15940,3.738695066870768e-57,0,,182,100
1515,15150,15950,2.780419504207291e-53,0,,183,100
1516,15160,15960,6.385685388556125e-57,0,,182,100
1517,15170,15970,4.3061800353859165e-55,0,,182,100
1518,15180,15980,4.097266392449692e-53,0,,181,100
1519,15190,15990,5.487568170848905e-56,0,,181,100
1520,15200,16000,8.797690131537019e-54,0,,185,100
1521,15210,16010,5.621128700097111e-59,0,,185,100
1522,15220,16020,1.662557535565481e-58,0,,186,100
1523,15230,16030,2.7049203909463686e-56,0,,187,100
1524,15240,16040,1.4812575572227258e-59,0,,184,100
1525,15250,16050,9.018786428646132e-61,0,,183,100
1526,15260,16060,4.610441429548425e-61,0,,182,100
1527,15270,16070,7.757101673379007e-60,0,,184,100
1528,15280,16080,1.574998215424356e-60,0,,184,100
1529,15290,16090,1.1974774544328572e-61,0,,184,100
1530,15300,16100,4.3827734052938545e-57,0,,184,100
1531,15310,16110,3.7081595506280904e-52,0,,181,100
1532,15320,16120,1.3010811847993558e-57,0,,177,100
1533,15330,16130,2.240362799355871e-58,0,,179,100
1534,15340,16140,6.213335759919461e-57,0,,181,100
1535,15350,16150,2.938381482745885e-60,0,,181,100
1536,15360,16160,5.87460544551912e-61,0,,181,100
1537,15370,16170,9.25732170182673e-59,0,,182,100
1538,15380,16180,9.66710496756156e-55,0,,183,100
1539,15390,16190,2.3439849938789298e-58,0,,182,100
1540,15400,16200,6.864541239695013e-59,0,,181,100
1541,15410,16210,5.973691108553025e-58,0,,183,100
1542,15420,16220,5.12015285912742e-64,0,,184,100
1543,15430,16230,1.6637763088648705e-61,0,,185,100
1544,15440,16240,3.332271535118987e-62,0,,185,100
1545,15450,16250,1.7760759722274188e-66,0,,182,100
1546,15460,16260,2.992843518785033e-71,0,,181,100
1547,15470,16270,3.069531440544232e-71,0,,180,100
1548,15480,16280,5.350229173487417e-71,0,,181,100
1549,15490,16290,3.6425511009378485e-68,0,,182,100
1550,15500,16300,2.2293333917533267e-71,0,,180,100
1551,15510,16310,4.5058688881800285e-71,0,,181,100
1552,15520,16320,6.524275913493213e-68,0,,182,100
1553,15530,16330,4.922295119628488e-71,0,,181,100
1554,15540,16340,5.200690281139258e-73,0,,179,100
1555,15550,16350,4.0719008952974166e-75,0,,180,100
1556,15560,16360,6.248279526135545e-67,0,,181,100
1557,15570,16370,4.77254547064797e-67,0,,182,100
1558,15580,16380,3.1362102670061914e-67,0,,186,100
1559,15590,16390,4.59827761312658e-65,0,,185,100
1560,15600,16400,1.5274873837612568e-71,0,,184,100
1561,15610,16410,1.917521348141089e-75,0,,184,100
1562,15620,16420,4.177654312317984e-76,0,,187,100
1563,15630,16430,4.369972026304142e-78,0,,186,100
1564,15640,16440,2.142321145358068e-76,0,,185,100
1565,15650,16450,1.5332903191544608e-71,0,,186,100
1566,15660,16460,9.70577023998296e-67,0,,188,100
1567,15670,16470,7.036665101554565e-70,0,,187,100
1568,15680,16480,1.813922542838525e-67,0,,187,100
1569,15690,16490,1.359636514032191e-66,0,,188,100
1570,15700,16500,1.4924472000404747e-64,0,,187,100
1571,15710,16510,3.224402770899415e-60,0,,189,100
1572,15720,16520,1.3359380119367449e-62,0,,189,100
1573,15730,16530,4.1974522368911455e-62,0,,189,100
1574,15740,16540,7.495259150008923e-62,0,,188,100
1575,15750,16550,2.461384397764912e-59,0,,189,100
1576,15760,16560,5.583355137047404e-63,0,,188,100
1577,15770,16570,4.700380779831337e-64,0,,188,100
1578,15780,16580,2.0084882868290638e-63,0,,188,100
1579,15790,16590,8.447249882013746e-63,0,,187,100
1580,15800,16600,3.780044117244022e-62,0,,187,100
1581,15810,16610,1.9033947083974006e-63,0,,188,100
1582,15820,16620,1.8999271727005143e-63,0,,188,100
1583,15830,16630,2.7990165565758538e-64,0,,189,100
1584,15840,16640,5.642864395688225e-65,0,,191,100
1585,15850,16650,9.713772707532297e-61,0,,192,100
1586,15860,16660,3.997591075351073e-65,0,,190,100
1587,15870,16670,3.1307480227998665e-63,0,,192,100
1588,15880,16680,6.929156187671552e-61,0,,190,100
1589,15890,16690,4.430251963575114e-68,0,,189,100
1590,15900,16700,2.0266254258528818e-66,0,,189,100
1591,15910,16710,1.5500330909697082e-60,0,,187,100
1592,15920,16720,6.526190095661959e-65,0,,188,100
1593,15930,16730,2.5257882853066272e-61,0,,187,100
1594,15940,16740,7.810832305523673e-58,0,,190,100
1595,15950,16750,2.7357660205560633e-62,0,,188,100
1596,15960,16760,3.246634447857597e-62,0,,188,100
1597,15970,16770,2.5476662088980595e-62,0,,187,100
1598,15980,16780,3.6670850291423103e-57,0,,186,100
1599,15990,16790,6.111965234414403e-60,0,,186,100
1600,16000,16800,3.120998357742448e-64,0,,184,100
1601,16010,16810,1.132575261935535e-61,0,,185,100
1602,16020,16820,7.103461590301127e-61,0,,183,100
1603,16030,16830,6.653605049426652e-58,0,,183,100
1604,16040,16840,2.1352516747047266e-59,0,,185,100
1605,16050,16850,1.427340723659325e-58,0,,185,100
1606,16060,16860,3.861129783222217e-58,0,,185,100
1607,16070,16870,1.7106043386174302e-57,0,,183,100
1608,16080,16880,1.704206829807467e-55,0,,183,100
1609,16090,16890,2.6231896456659223e-52,0,,184,100
1610,16100,16900,1.7710572418666706e-57,0,,183,100
1611,16110,16910,4.309291841682138e-56,0,,186,100
1612,16120,16920,5.575738917569339e-58,0,,188,100
1613,16130,16930,3.87756915046406e-58,0,,186,100
1614,16140,16940,7.217520690198616e-59,0,,184,100
1615,16150,16950,1.7785681701501356e-56,0,,184,100
1616,16160,16960,7.106556362732747e-54,0,,184,100
1617,16170,16970,1.8215515659849715e-56,0,,184,100
1618,16180,16980,1.1119891370051694e-51,0,,183,100
1619,16190,16990,1.4976948478097587e-50,0,,184,100
1620,16200,17000,5.757025176893636e-50,0,,181,100
1621,16210,17010,1.9731384065506745e-49,0,,180,100
1622,16220,17020,1.956390099270951e-48,0,,180,100
1623,16230,17030,8.745496751845857e-49,0,,183,100
1624,16240,17040,3.3264976446485587e-46,0,,182,100
1625,16250,17050,1.8597106152300943e-46,0,,183,100
1626,16260,17060,2.4734190620848715e-47,0,,183,100
1627,16270,17070,1.0573446902424639e-48,0,,184,100
1628,16280,17080,4.2284208059985545e-49,0,,183,100
1629,16290,17090,2.6509706569889434e-49,0,,185,100
1630,16300,17100,2.698270942006533e-52,0,,186,100
1631,16310,17110,9.238547320908708e-51,0,,185,100
1632,16320,17120,7.344029726752055e-51,0,,185,100
1633,16330,17130,1.6548959539248425e-53,0,,187,100
1634,16340,17140,2.6082637888468428e-49,0,,186,100
1635,16350,17150,1.4425282114203858e-48,0,,186,100
1636,16360,17160,2.632690299065742e-56,0,,186,100
1637,16370,17170,1.183573977193538e-57,0,,185,100
1638,16380,17180,6.2550929925327856e-58,0,,182,100
1639,16390,17190,1.818638814664812e-58,0,,181,100
1640,16400,17200,7.632143319624386e-58,0,,184,100
1641,16410,17210,5.461561957161988e-60,0,,182,100
1642,16420,17220,1.5428942738397032e-59,0,,181,100
1643,16430,17230,6.5805855257637305e-62,0,,182,100
1644,16440,17240,2.068745729936515e-61,0,,181,100
1645,16450,17250,6.880194804777935e-62,0,,180,100
1646,16460,17260,4.04966206509184e-61,0,,179,100
1647,16470,17270,7.720388478866019e-61,0,,179,100
1648,16480,17280,8.00123219839274e-60,0,,181,100
1649,16490,17290,1.4402991842468892e-64,0,,181,100
1650,16500,17300,1.134770077401142e-59,0,,179,100
1651,16510,17310,8.216701602790126e-56,0,,179,100
1652,16520,17320,3.124237588491479e-57,0,,179,100
1653,16530,17330,1.0098824091211709e-57,0,,180,100
1654,16540,17340,2.756211083065688e-58,0,,181,100
1655,16550,17350,3.677995254437171e-55,0,,182,100
1656,16560,17360,1.4734490009030024e-52,0,,180,100
1657,16570,17370,2.196728845743635e-54,0,,181,100
1658,16580,17380,3.149286457041633e-56,0,,181,100
1659,16590,17390,3.8758529539981024e-49,0,,180,100
1660,16600,17400,3.477905333139637e-51,0,,181,100
1661,16610,17410,5.666511863366309e-48,0,,178,100
1662,16620,17420,1.718260754939273e-48,0,,177,100
1663,16630,17430,1.9889525387570528e-48,0,,175,100
1664,16640,17440,3.0310270554890137e-44,0,,176,100
1665,16650,17450,1.479531007699213e-42,0,,175,100
1666,16660,17460,9.542712703264982e-46,0,,176,100
1667,16670,17470,5.789554691314801e-44,0,,173,100
1668,16680,17480,3.5478955199364934e-43,0,,175,100
1669,16690,17490,5.279044470908797e-39,0,,175,100
1670,16700,17500,1.6207195567245834e-41,0,,174,100
1671,16710,17510,5.557381870670506e-41,0,,174,100
1672,16720,17520,7.202706849056884e-41,0,,173,100
1673,16730,17530,5.510944981152311e-44,0,,171,100
1674,16740,17540,4.8533187994473895e-46,0,,171,100
1675,16750,17550,1.433242158917169e-44,0,,171,100
1676,16760,17560,4.249367510633695e-46,0,,172,100
1677,16770,17570,5.1512249175565034e-45,0,,171,100
1678,16780,17580,4.734304969999529e-42,0,,170,100
1679,16790,17590,1.0849670003827997e-47,0,,167,100
1680,16800,17600,3.9681238849556146e-48,0,,168,100
1681,16810,17610,1.157294588727195e-52,0,,167,100
1682,16820,17620,1.5948506275141378e-48,0,,168,100
1683,16830,17630,2.7620192362210935e-48,0,,167,100
1684,16840,17640,1.9440721197465935e-48,0,,169,100
1685,16850,17650,5.309336295795427e-49,0,,168,100
1686,16860,17660,2.8824398389951845e-46,0,,169,100
1687,16870,17670,1.0614895664404735e-49,0,,167,100
1688,16880,17680,5.507746967334965e-49,0,,168,100
1689,16890,17690,1.2281822657321128e-50,0,,169,100
1690,16900,17700,1.8434537640322324e-47,0,,168,100
1691,16910,17710,2.788779508049458e-51,0,,169,100
1692,16920,17720,3.042915888219275e-48,0,,168,100
1693,16930,17730,4.620584113685871e-53,0,,168,100
1694,16940,17740,3.0968759510890223e-49,0,,169,100
1695,16950,17750,5.600838255106762e-55,0,,167,100
1696,16960,17760,1.3166188870488995e-55,0,,168,100
1697,16970,17770,6.622861484589724e-51,0,,168,100
1698,16980,17780,2.184098308071141e-51,0,,171,100
1699,16990,17790,6.423144785561363e-53,0,,172,100
1700,17000,17800,3.44759821411791e-52,0,,175,100
1701,17010,17810,4.209477643650168e-53,0,,175,100
1702,17020,17820,8.727068422518978e-60,0,,173,100
1703,17030,17830,5.617144592584321e-58,0,,175,100
1704,17040,17840,2.292479148304017e-56,0,,175,100
1705,17050,17850,3.003362372127023e-58,0,,175,100
1706,17060,17860,3.531069060374342e-54,0,,175,100
1707,17070,17870,3.1954178077862214e-61,0,,175,100
1708,17080,17880,1.3914033548066468e-56,0,,174,100
1709,17090,17890,9.080624094922043e-59,0,,172,100
1710,17100,17900,2.0432574074039023e-58,0,,172,100
1711,17110,17910,3.1194621156728144e-57,0,,172,100
1712,17120,17920,6.182566815203082e-58,0,,172,100
1713,17130,17930,1.788207547581763e-66,0,,169,100
1714,17140,17940,1.4882933244587896e-65,0,,170,100
1715,17150,17950,1.3506011814580066e-65,0,,170,100
1716,17160,17960,1.6676515181105713e-62,0,,171,100
1717,17170,17970,7.595314535697062e-62,0,,172,100
1718,17180,17980,2.6026793434851525e-63,0,,174,100
1719,17190,17990,3.034220925654565e-64,0,,172,100
1720,17200,18000,1.0834584815855241e-60,0,,172,100
1721,17210,18010,3.517332466240467e-58,0,,174,100
1722,17220,18020,6.308950976321435e-62,0,,174,100
1723,17230,18030,2.8091724206263645e-57,0,,174,100
1724,17240,18040,1.149355346593957e-58,0,,174,100
1725,17250,18050,6.995030855618272e-58,0,,174,100
1726,17260,18060,2.5965050707690902e-62,0,,175,100
1727,17270,18070,5.134235765819956e-60,0,,175,100
1728,17280,18080,6.380978842153884e-61,0,,176,100
1729,17290,18090,6.924627554117219e-62,0,,175,100
1730,17300,18100,1.0888992252650671e-63,0,,175,100
1731,17310,18110,1.565907595498281e-67,0,,175,100
1732,17320,18120,7.113016284423323e-62,0,,175,100
1733,17330,18130,9.664479659880228e-64,0,,174,100
1734,17340,18140,5.910984965006905e-62,0,,175,100
1735,17350,18150,2.0293548776414754e-58,0,,174,100
1736,17360,18160,2.4058941010705485e-59,0,,174,100
1737,17370,18170,4.19292168612991e-59,0,,174,100
1738,17380,18180,8.271779566154238e-61,0,,174,100
1739,17390,18190,3.373556563923941e-63,0,,175,100
1740,17400,18200,5.372508882224664e-57,0,,176,100
1741,17410,18210,2.5616067960366447e-60,0,,175,100
1742,17420,18220,2.486166233725236e-58,0,,177,100
1743,17430,18230,1.8693975072805685e-56,0,,179,100
1744,17440,18240,3.424040263494959e-57,0,,183,100
1745,17450,18250,4.2596367970345035e-61,0,,183,100
1746,17460,18260,1.0078347550349664e-65,0,,181,100
1747,17470,18270,5.286652672425037e-65,0,,182,100
1748,17480,18280,1.3135765927375371e-62,0,,183,100
1749,17490,18290,4.966552033863095e-64,0,,185,100
1750,17500,18300,2.9454698320298253e-61,0,,183,100
1751,17510,18310,1.2018249405104235e-61,0,,184,100
1752,17520,18320,9.434257668097938e-62,0,,187,100
1753,17530,18330,2.3975703865361714e-61,0,,187,100
1754,17540,18340,3.929225750106379e-64,0,,185,100
1755,17550,18350,1.1330926793641849e-63,0,,187,100
1756,17560,18360,1.696130827708322e-66,0,,189,100
1757,17570,18370,1.660357206972112e-63,0,,190,100
1758,17580,18380,2.4730792479233357e-64,0,,191,100
1759,17590,18390,6.02110490020985e-64,0,,188,100
1760,17600,18400,5.9293590159014556e-65,0,,191,100
1761,17610,18410,1.0541133969245644e-60,0,,191,100
1762,17620,18420,1.0803357745433571e-61,0,,190,100
1763,17630,18430,1.1400346785843421e-60,0,,193,100
1764,17640,18440,1.3895453676190398e-60,0,,193,100
1765,17650,18450,5.180854773823727e-56,0,,192,100
1766,17660,18460,1.6877870386506717e-51,0,,193,100
1767,17670,18470,4.724927299962159e-59,0,,191,100
1768,17680,18480,7.789516114024702e-59,0,,192,100
1769,17690,18490,9.593607652174217e-58,0,,191,100
1770,17700,18500,1.7552739123595545e-60,0,,193,100
1771,17710,18510,1.3768302875618997e-51,0,,190,100
1772,17720,18520,7.536870498050829e-54,0,,190,100
1773,17730,18530,1.6107471930164547e-52,0,,191,100
1774,17740,18540,7.268481454330819e-54,0,,191,100
1775,17750,18550,1.8267104844709605e-55,0,,192,100
1776,17760,18560,1.4502755260429723e-49,0,,192,100
1777,17770,18570,8.764357924720225e-49,0,,191,100
1778,17780,18580,6.040492544258518e-51,0,,190,100
1779,17790,18590,3.1365929367180976e-54,0,,192,100
1780,17800,18600,8.10173624220791e-54,0,,190,100
1781,17810,18610,1.3068241218279315e-51,0,,189,100
1782,17820,18620,6.306986247255155e-50,0,,188,100
1783,17830,18630,1.3699075922026015e-52,0,,187,100
1784,17840,18640,1.9562908412239138e-54,0,,187,100
1785,17850,18650,1.7671990203041135e-51,0,,189,100
1786,17860,18660,2.406022138230384e-50,0,,188,100
1787,17870,18670,2.408605976690843e-51,0,,189,100
1788,17880,18680,3.2688481640136287e-47,0,,191,100
1789,17890,18690,2.1005272430587492e-47,0,,189,100
1790,17900,18700,1.2368845264797716e-51,0,,188,100
1791,17910,18710,7.169569675917463e-49,0,,186,100
1792,17920,18720,4.591772755026344e-47,0,,189,100
1793,17930,18730,2.1104574938103567e-48,0,,188,100
1794,17940,18740,8.39269060801233e-49,0,,189,100
1795,17950,18750,9.390470033427684e-51,0,,189,100
1796,17960,18760,5.392725372061182e-47,0,,188,100
1797,17970,18770,1.0680809536679208e-47,0,,190,100
1798,17980,18780,5.686893792629012e-52,0,,189,100
1799,17990,18790,1.1342342273172507e-52,0,,186,100
1800,18000,18800,2.6577000497734532e-52,0,,188,100
1801,18010,18810,3.094272137778196e-49,0,,186,100
1802,18020,18820,4.4177073887045235e-48,0,,186,100
1803,18030,18830,1.491478245756825e-49,0,,186,100
1804,18040,18840,5.1249625672081454e-48,0,,186,100
1805,18050,18850,7.833063371678755e-52,0,,186,100
1806,18060,18860,9.761070378154122e-53,0,,186,100
1807,18070,18870,9.269360978032521e-50,0,,185,100
1808,18080,18880,4.6446551445746345e-56,0,,186,100
1809,18090,18890,2.4793119931202606e-54,0,,185,100
1810,18100,18900,4.246063020957816e-53,0,,183,100
1811,18110,18910,1.7468088690700543e-49,0,,183,100
1812,18120,18920,5.964445285519567e-49,0,,184,100
1813,18130,18930,7.147735499522386e-55,0,,183,100
1814,18140,18940,2.6450959914749015e-57,0,,182,100
1815,18150,18950,9.750388382193779e-57,0,,182,100
1816,18160,18960,1.852648857266427e-54,0,,181,100
1817,18170,18970,3.109323930236694e-54,0,,180,100
1818,18180,18980,1.6326970593316188e-49,0,,178,100
1819,18190,18990,1.0570316062468842e-49,0,,179,100
1820,18200,19000,4.9640704383991867e-51,0,,179,100
1821,18210,19010,4.3655381056086556e-47,0,,179,100
1822,18220,19020,4.173038489068316e-52,0,,176,100
1823,18230,19030,1.8891668630952613e-49,0,,175,100
1824,18240,19040,9.240574564130692e-49,0,,173,100
1825,18250,19050,1.0884279412892135e-46,0,,172,100
1826,18260,19060,3.2511891096582967e-47,0,,173,100
1827,18270,19070,6.206653820837656e-50,0,,172,100
1828,18280,19080,4.29084290865961e-50,0,,170,100
1829,18290,19090,4.7320471077584654e-48,0,,170,100
1830,18300,19100,1.144283104536807e-50,0,,170,100
1831,18310,19110,1.2877444891518958e-53,0,,170,100
1832,18320,19120,4.233815475016324e-51,0,,170,100
1833,18330,19130,8.338411596567327e-52,0,,170,100
1834,18340,19140,7.666065339221586e-52,0,,169,100
1835,18350,19150,1.1462762660237107e-54,0,,170,100
1836,18360,19160,1.0363540795921073e-61,0,,168,100
1837,18370,19170,1.008052703775876e-58,0,,170,100
1838,18380,19180,7.924987388712948e-58,0,,169,100
1839,18390,19190,1.9679195001656883e-53,0,,169,100
1840,18400,19200,4.46833822875677e-55,0,,166,100
1841,18410,19210,4.062133802498508e-51,0,,167,100
1842,18420,19220,3.007979431327685e-51,0,,167,100
1843,18430,19230,1.6342959040121416e-54,0,,167,100
1844,18440,19240,1.1558544434943018e-57,0,,165,100
1845,18450,19250,9.831569795895097e-64,0,,164,100
1846,18460,19260,2.2634846793452784e-59,0,,165,100
1847,18470,19270,4.133258062530212e-59,0,,165,100
1848,18480,19280,1.0187440121127844e-57,0,,165,100
1849,18490,19290,3.825075063357465e-57,0,,164,100
1850,18500,19300,7.286712164127489e-62,0,,162,100
1851,18510,19310,1.5995390406470483e-63,0,,163,100
1852,18520,19320,8.627668906602818e-63,0,,161,100
1853,18530,19330,4.649345679257028e-59,0,,159,100
1854,18540,19340,4.553815197697991e-62,0,,161,100
1855,18550,19350,1.7515033013526548e-58,0,,162,100
1856,18560,19360,3.155360765035059e-55,0,,160,100
1857,18570,19370,1.0309497879307705e-56,0,,161,100
1858,18580,19380,5.7322116419684556e-58,0,,158,100
1859,18590,19390,1.0696125988569125e-59,0,,155,100
1860,18600,19400,5.7015244152228507e-61,0,,156,100
1861,18610,19410,7.646024039099667e-63,0,,157,100
1862,18620,19420,3.5815693657918733e-63,0,,159,100
1863,18630,19430,5.7867413056833525e-64,0,,158,100
1864,18640,19440,2.216292460255871e-67,0,,158,100
1865,18650,19450,4.7130813658445455e-65,0,,157,100
1866,18660,19460,1.6852611044750815e-65,0,,159,100
1867,18670,19470,4.383798950340516e-62,0,,157,100
1868,18680,19480,4.4923543845053907e-63,0,,155,100
1869,18690,19490,6.288095594482754e-62,0,,160,100
1870,18700,19500,2.515849994875532e-61,0,,157,100
1871,18710,19510,2.436710923140783e-65,0,,160,100
1872,18720,19520,6.367661315231245e-68,0,,159,100
1873,18730,19530,2.693716835116838e-60,0,,158,100
1874,18740,19540,9.976627885027983e-64,0,,158,100
1875,18750,19550,7.481263041773018e-58,0,,157,100
1876,18760,19560,2.5458912466311815e-56,0,,159,100
1877,18770,19570,7.351584638712663e-62,0,,158,100
1878,18780,19580,3.167108572911789e-63,0,,157,100
1879,18790,19590,7.101815150366992e-63,0,,158,100
1880,18800,19600,1.8925390701317352e-62,0,,158,100
1881,18810,19610,2.329026400006273e-62,0,,157,100
1882,18820,19620,1.249473144918191e-62,0,,157,100
1883,18830,19630,2.519010417403637e-64,0,,157,100
1884,18840,19640,1.295396264279117e-62,0,,159,100
1885,18850,19650,2.521621167337663e-58,0,,159,100
1886,18860,19660,3.605672609269762e-61,0,,159,100
1887,18870,19670,1.2991417588436738e-63,0,,158,100
1888,18880,19680,1.4718299849942882e-61,0,,157,100
1889,18890,19690,4.5575492674399004e-63,0,,157,100
1890,18900,19700,9.271669059563798e-63,0,,160,100
1891,18910,19710,2.102652523756494e-65,0,,161,100
1892,18920,19720,2.5665164242588367e-66,0,,160,100
1893,18930,19730,1.1973425524605221e-65,0,,161,100
1894,18940,19740,1.1750543247455756e-63,0,,160,100
1895,18950,19750,6.141198860651611e-63,0,,161,100
1896,18960,19760,1.0900655502547328e-62,0,,163,100
1897,18970,19770,1.3490236613957897e-64,0,,164,100
1898,18980,19780,1.1223080599204721e-63,0,,165,100
1899,18990,19790,1.3324459117146755e-63,0,,163,100
1900,19000,19800,5.256961829133363e-68,0,,165,100
1901,19010,19810,9.344792844621887e-64,0,,163,100
1902,19020,19820,1.741687233597098e-62,0,,163,100
1903,19030,19830,4.32154560862938e-57,0,,165,100
1904,19040,19840,5.7385254626438e-63,0,,167,100
1905,19050,19850,1.664974699302277e-61,0,,166,100
1906,19060,19860,1.4536985550340372e-64,0,,168,100
1907,19070,19870,2.080461563142799e-58,0,,168,100
1908,19080,19880,3.885587162794814e-58,0,,168,100
1909,19090,19890,1.3272652057758078e-61,0,,167,100
1910,19100,19900,9.676680518260873e-66,0,,168,100
1911,19110,19910,2.377732302047233e-69,0,,170,100
1912,19120,19920,1.3351653107149121e-67,0,,170,100
1913,19130,19930,4.596249143107591e-70,0,,171,100
1914,19140,19940,2.931122335876591e-65,0,,167,100
1915,19150,19950,2.1082457634635613e-62,0,,166,100
1916,19160,19960,1.2728886838657226e-68,0,,167,100
1917,19170,19970,2.3042478157197525e-65,0,,166,100
1918,19180,19980,5.3475058822463235e-67,0,,167,100
1919,19190,19990,4.772500566735728e-63,0,,168,100
1920,19200,20000,1.3151522954487753e-60,0,,169,100
1921,19210,20010,1.5252875683248627e-62,0,,166,100
1922,19220,20020,4.449178672604025e-64,0,,166,100
1923,19230,20030,2.2599537634998905e-59,0,,166,100
1924,19240,20040,3.2219373335891024e-62,0,,167,100
1925,19250,20050,2.849302725861516e-60,0,,169,100
1926,19260,20060,1.4545759216262658e-59,0,,168,100
1927,19270,20070,1.3899357305351965e-59,0,,169,100
1928,19280,20080,1.4862653265769295e-59,0,,170,100
1929,19290,20090,8.900623733264902e-63,0,,170,100
1930,19300,20100,1.976514226052716e-65,0,,168,100
1931,19310,20110,5.755711297845498e-60,0,,171,100
1932,19320,20120,1.0180805944200637e-59,0,,172,100
1933,19330,20130,1.5696097390870818e-63,0,,172,100
1934,19340,20140,5.813796524166714e-62,0,,172,100
1935,19350,20150,9.587034074173562e-65,0,,173,100
1936,19360,20160,2.0513560860162244e-60,0,,172,100
1937,19370,20170,2.021708197779727e-59,0,,174,100
1938,19380,20180,2.22300999053076e-55,0,,174,100
1939,19390,20190,1.009311133013924e-52,0,,175,100
1940,19400,20200,2.6409748195117405e-57,0,,174,100
1941,19410,20210,1.5710334354337931e-58,0,,175,100
1942,19420,20220,4.92150874918392e-57,0,,173,100
1943,19430,20230,9.722457988157536e-57,0,,173,100
1944,19440,20240,2.7697073379265698e-58,0,,174,100
1945,19450,20250,3.5725983744960566e-55,0,,173,100
1946,19460,20260,3.930793900914273e-52,0,,175,100
1947,19470,20270,4.086439350478044e-54,0,,174,100
1948,19480,20280,3.871916173730204e-52,0,,175,100
1949,19490,20290,4.302311628635574e-52,0,,174,100
1950,19500,20300,7.715352550854811e-52,0,,175,100
1951,19510,20310,1.1224823946189046e-52,0,,175,100
1952,19520,20320,5.954685220648014e-57,0,,177,100
1953,19530,20330,4.323878920742576e-57,0,,176,100
1954,19540,20340,2.0386999112245702e-57,0,,174,100
1955,19550,20350,6.759477729680949e-53,0,,174,100
1956,19560,20360,1.1389221982427603e-52,0,,173,100
1957,19570,20370,1.4227155556988113e-53,0,,174,100
1958,19580,20380,4.328752156763129e-53,0,,174,100
1959,19590,20390,6.317126136718569e-51,0,,175,100
1960,19600,20400,6.336150317652332e-49,0,,176,100
1961,19610,20410,1.7577887746580525e-52,0,,178,100
1962,19620,20420,6.253036094905777e-54,0,,179,100
1963,19630,20430,1.4133847684991983e-58,0,,177,100
1964,19640,20440,1.7822101889054372e-56,0,,176,100
1965,19650,20450,3.471732519637555e-58,0,,177,100
1966,19660,20460,2.64059084082165e-56,0,,175,100
1967,19670,20470,7.51597510076937e-58,0,,177,100
1968,19680,20480,5.826060501879752e-59,0,,177,100
1969,19690,20490,1.3075168217260447e-61,0,,178,100
1970,19700,20500,7.816082132315921e-57,0,,175,100
1971,19710,20510,6.31922781814573e-57,0,,174,100
1972,19720,20520,1.7823886608897834e-56,0,,176,100
1973,19730,20530,7.455764886938927e-56,0,,176,100
1974,19740,20540,1.8937959160145026e-58,0,,176,100
1975,19750,20550,1.5901255013567957e-56,0,,174,100
1976,19760,20560,4.7700173632825026e-55,0,,172,100
1977,19770,20570,1.8582067704797604e-54,0,,172,100
1978,19780,20580,2.593997380554368e-53,0,,174,100
1979,19790,20590,4.9502962884472757e-54,0,,174,100
1980,19800,20600,9.2109814821993e-63,0,,171,100
1981,19810,20610,3.869065339405165e-62,0,,171,100
1982,19820,20620,7.385155959396072e-63,0,,171,100
1983,19830,20630,4.9477101751436054e-67,0,,171,100
1984,19840,20640,2.987439133178822e-62,0,,170,100
1985,19850,20650,2.7595890545736123e-63,0,,172,100
1986,19860,20660,5.749854141404563e-63,0,,171,100
1987,19870,20670,7.749864122509362e-69,0,,173,100
1988,19880,20680,2.513381520940985e-71,0,,174,100
1989,19890,20690,2.2126442564293057e-66,0,,174,100
1990,19900,20700,5.449799140353235e-69,0,,172,100
1991,19910,20710,9.060751045858281e-69,0,,170,100
1992,19920,20720,2.444670147895999e-66,0,,173,100
1993,19930,20730,2.344463561309658e-71,0,,173,100
1994,19940,20740,2.633063245578181e-70,0,,173,100
1995,19950,20750,2.0453504933960987e-70,0,,173,100
1996,19960,20760,3.374696525108158e-70,0,,173,100
1997,19970,20770,5.0084459585473785e-68,0,,173,100
1998,19980,20780,3.9447946621865715e-61,0,,174,100
1999,19990,20790,5.91123224895399e-66,0,,174,100
2000,20000,20800,1.9796872576063063e-65,0,,172,100
2001,20010,20810,6.145692202621616e-65,0,,174,100
2002,20020,20820,1.8467861688112464e-68,0,,174,100
2003,20030,20830,9.480733787344916e-64,0,,175,100
2004,20040,20840,1.784964382042683e-65,0,,174,100
2005,20050,20850,7.835250940360786e-58,0,,176,100
2006,20060,20860,6.087835809093395e-56,0,,175,100
2007,20070,20870,1.3092764482958906e-55,0,,178,100
2008,20080,20880,1.4181611839042825e-55,0,,177,100
2009,20090,20890,2.1204021992408253e-51,0,,176,100
2010,20100,20900,4.604826843867201e-53,0,,176,100
2011,20110,20910,6.151237643524122e-58,0,,174,100
2012,20120,20920,9.69135066091674e-52,0,,175,100
2013,20130,20930,9.570735796124866e-54,0,,175,100
2014,20140,20940,1.4050802661134556e-49,0,,175,100
2015,20150,20950,3.656319916820851e-49,0,,176,100
2016,20160,20960,1.0085948625778825e-49,0,,175,100
2017,20170,20970,1.9712994299442183e-56,0,,177,100
2018,20180,20980,3.264106062860689e-55,0,,176,100
2019,20190,20990,6.814695775595562e-53,0,,177,100
2020,20200,21000,9.031315876228659e-54,0,,178,100
2021,20210,21010,8.77754279838992e-56,0,,178,100
2022,20220,21020,1.6074875533355057e-56,0,,178,100
2023,20230,21030,3.1353585712571255e-61,0,,178,100
2024,20240,21040,9.837180199423748e-58,0,,179,100
2025,20250,21050,7.76187369632979e-64,0,,177,100
2026,20260,21060,2.2109671879262e-68,0,,177,100
2027,20270,21070,2.465504322730459e-69,0,,176,100
2028,20280,21080,2.5439522081989724e-69,0,,177,100
2029,20290,21090,3.953787914974218e-67,0,,177,100
2030,20300,21100,2.2011976063505306e-71,0,,178,100
2031,20310,21110,1.2161746015904176e-69,0,,178,100
2032,20320,21120,6.238422676207771e-66,0,,175,100
2033,20330,21130,5.0666701711987834e-65,0,,175,100
2034,20340,21140,5.662335727507492e-65,0,,177,100
2035,20350,21150,1.4823943177982945e-62,0,,178,100
2036,20360,21160,4.755306645309786e-64,0,,179,100
2037,20370,21170,6.222186045291934e-71,0,,178,100
2038,20380,21180,1.8885422665463405e-71,0,,178,100
2039,20390,21190,3.868265955606681e-67,0,,176,100
2040,20400,21200,3.819023647442999e-63,0,,175,100
2041,20410,21210,1.3590583309140546e-66,0,,176,100
2042,20420,21220,4.859910821427549e-68,0,,178,100
2043,20430,21230,1.9440576498175736e-72,0,,177,100
2044,20440,21240,1.2363395166607352e-70,0,,175,100
2045,20450,21250,1.0221321147185637e-71,0,,176,100
2046,20460,21260,6.572438794892102e-75,0,,176,100
2047,20470,21270,1.2955127235586344e-69,0,,174,100
2048,20480,21280,1.047165773276732e-75,0,,176,100
2049,20490,21290,2.03363688195936e-67,0,,175,100
2050,20500,21300,1.9663419028482926e-66,0,,175,100
2051,20510,21310,2.490563879374851e-69,0,,174,100
2052,20520,21320,9.436635617924822e-69,0,,174,100
2053,20530,21330,6.2793966655467085e-65,0,,175,100
2054,20540,21340,6.123504355202652e-66,0,,176,100
2055,20550,21350,1.3745166262490228e-67,0,,179,100
2056,20560,21360,6.208084032644269e-62,0,,178,100
2057,20570,21370,1.888188095941843e-61,0,,179,100
2058,20580,21380,4.468311232031226e-65,0,,179,100
2059,20590,21390,1.1671681403427932e-65,0,,181,100
2060,20600,21400,8.355869375203885e-65,0,,183,100
2061,20610,21410,2.6456595899607995e-60,0,,182,100
2062,20620,21420,2.382761974878361e-62,0,,183,100
2063,20630,21430,3.3784215856238946e-61,0,,182,100
2064,20640,21440,6.583193400017976e-63,0,,182,100
2065,20650,21450,7.431433163094217e-59,0,,181,100
2066,20660,21460,9.962626119321898e-54,0,,178,100
2067,20670,21470,5.266691877101983e-53,0,,179,100
2068,20680,21480,9.127675629372732e-53,0,,178,100
2069,20690,21490,1.0041536436715474e-48,0,,179,100
2070,20700,21500,1.4859817801189366e-46,0,,179,100
2071,20710,21510,2.5090951335305484e-50,0,,178,100
2072,20720,21520,9.286822752676903e-51,0,,177,100
2073,20730,21530,1.1009980461472584e-47,0,,179,100
2074,20740,21540,8.807388324972518e-46,0,,178,100
2075,20750,21550,1.4282712865715848e-46,0,,177,100
2076,20760,21560,2.8724469571442456e-47,0,,180,100
2077,20770,21570,1.189466269066602e-49,0,,180,100
2078,20780,21580,1.5783451001111804e-49,0,,180,100
2079,20790,21590,2.573276184268021e-47,0,,180,100
2080,20800,21600,3.932312416510171e-52,0,,181,100
2081,20810,21610,7.844875672515063e-50,0,,180,100
2082,20820,21620,3.467676612734218e-50,0,,178,100
2083,20830,21630,2.6871661737456065e-47,0,,183,100
2084,20840,21640,1.0183505480625791e-44,0,,182,100
2085,20850,21650,6.231229238602741e-45,0,,182,100
2086,20860,21660,6.239062887941759e-48,0,,182,100
2087,20870,21670,4.014973666376288e-47,0,,179,100
2088,20880,21680,1.9258736940797466e-46,0,,180,100
2089,20890,21690,4.544140640346868e-49,0,,181,100
2090,20900,21700,1.348832158448328e-45,0,,180,100
2091,20910,21710,4.833509919670379e-47,0,,182,100
2092,20920,21720,1.4799210561131496e-45,0,,183,100
2093,20930,21730,1.6810494368512934e-44,0,,183,100
2094,20940,21740,7.211462397634184e-45,0,,180,100
2095,20950,21750,2.185563510019687e-45,0,,179,100
2096,20960,21760,1.7896307382792454e-45,0,,180,100
2097,20970,21770,1.2837738282381592e-44,0,,184,100
2098,20980,21780,2.0837664974013295e-46,0,,183,100
2099,20990,21790,3.7203792012752285e-45,0,,183,100
2100,21000,21800,4.3159208939939733e-47,0,,179,100
2101,21010,21810,9.619132997509812e-52,0,,178,100
2102,21020,21820,9.124308648831438e-49,0,,178,100
2103,21030,21830,2.3761278582146193e-48,0,,180,100
2104,21040,21840,3.3525060522683616e-47,0,,180,100
2105,21050,21850,3.417694263702198e-48,0,,181,100
2106,21060,21860,3.469163554162557e-49,0,,181,100
2107,21070,21870,1.5002702134709802e-49,0,,179,100
2108,21080,21880,3.03859060835636e-49,0,,180,100
2109,21090,21890,4.2830695795112886e-45,0,,178,100
2110,21100,21900,1.921558596770474e-48,0,,176,100
2111,21110,21910,7.47452666646733e-46,0,,178,100
2112,21120,21920,2.798840571816326e-47,0,,179,100
2113,21130,21930,3.987185619037708e-48,0,,181,100
2114,21140,21940,9.966091465850943e-49,0,,179,100
2115,21150,21950,1.293521650334408e-48,0,,179,100
2116,21160,21960,6.1810304819008454e-46,0,,179,100
2117,21170,21970,1.6615072933844608e-46,0,,180,100
2118,21180,21980,9.083998671880818e-41,0,,181,100
2119,21190,21990,4.676701519377874e-43,0,,180,100
2120,21200,22000,4.4211850914867934e-44,0,,181,100
2121,21210,22010,1.2943806853663137e-44,0,,180,100
2122,21220,22020,2.043701873397949e-41,0,,178,100
2123,21230,22030,4.2991559375803556e-49,0,,178,100
2124,21240,22040,2.256220352702495e-49,0,,179,100
2125,21250,22050,1.1082848591401137e-47,0,,178,100
2126,21260,22060,9.663442547333084e-50,0,,180,100
2127,21270,22070,7.089065729243524e-52,0,,178,100
2128,21280,22080,1.7120571933100155e-51,0,,178,100
2129,21290,22090,1.375145977904899e-52,0,,178,100
2130,21300,22100,1.1158356852158725e-53,0,,179,100
2131,21310,22110,1.5121658972220912e-52,0,,181,100
2132,21320,22120,1.5910071150680518e-50,0,,179,100
2133,21330,22130,2.3519427839265484e-47,0,,179,100
2134,21340,22140,4.523093711213719e-47,0,,178,100
2135,21350,22150,1.4536041040958137e-53,0,,177,100
2136,21360,22160,6.106681557671098e-56,0,,176,100
2137,21370,22170,2.910659752877317e-48,0,,175,100
2138,21380,22180,7.358796910564389e-56,0,,173,100
2139,21390,22190,4.0088142447404445e-58,0,,174,100
2140,21400,22200,4.3050442714184704e-58,0,,175,100
2141,21410,22210,1.357566565630302e-54,0,,176,100
2142,21420,22220,1.7329538416646493e-51,0,,173,100
2143,21430,22230,1.9823761796049508e-57,0,,174,100
2144,21440,22240,2.025431090667848e-55,0,,174,100
2145,21450,22250,6.515657472266462e-55,0,,174,100
2146,21460,22260,1.943171770504418e-55,0,,174,100
2147,21470,22270,1.607703111240202e-53,0,,175,100
2148,21480,22280,4.2154050298666136e-54,0,,175,100
2149,21490,22290,2.436422636425668e-52,0,,175,100
2150,21500,22300,1.0380002555926322e-53,0,,177,100
2151,21510,22310,7.008148058101437e-59,0,,178,100
2152,21520,22320,4.162275046336682e-54,0,,178,100
2153,21530,22330,1.2193762421870458e-60,0,,178,100
2154,21540,22340,4.762185189119648e-59,0,,178,100
2155,21550,22350,3.6640201897955735e-64,0,,179,100
2156,21560,22360,5.743871477063761e-66,0,,179,100
2157,21570,22370,4.985910053235832e-62,0,,178,100
2158,21580,22380,4.453419801614972e-62,0,,179,100
2159,21590,22390,1.5642681421436984e-64,0,,180,100
2160,21600,22400,6.093840031698684e-66,0,,179,100
2161,21610,22410,2.457943229717764e-59,0,,179,100
2162,21620,22420,5.878087466932107e-66,0,,181,100
2163,21630,22430,1.5459591387524994e-63,0,,179,100
2164,21640,22440,5.533364776731649e-68,0,,179,100
2165,21650,22450,1.4904668877382103e-72,0,,179,100
2166,21660,22460,1.8888520732866217e-71,0,,179,100
2167,21670,22470,1.5326429690117967e-65,0,,180,100
2168,21680,22480,1.981063691233005e-71,0,,180,100
2169,21690,22490,9.166507228467051e-69,0,,180,100
2170,21700,22500,2.5397368759805004e-67,0,,180,100
2171,21710,22510,2.560086920207897e-70,0,,179,100
2172,21720,22520,1.402117100879187e-69,0,,177,100
2173,21730,22530,1.5713642830455153e-64,0,,178,100
2174,21740,22540,2.698648031395461e-66,0,,179,100
2175,21750,22550,2.120792779898781e-62,0,,179,100
2176,21760,22560,7.264074633339256e-67,0,,178,100
2177,21770,22570,2.9854169966383385e-62,0,,176,100
2178,21780,22580,5.770941268170513e-62,0,,174,100
2179,21790,22590,4.139952417703987e-61,0,,176,100
2180,21800,22600,5.712829447302862e-59,0,,178,100
2181,21810,22610,3.064509134734662e-58,0,,181,100
2182,21820,22620,5.0272157874839084e-58,0,,180,100
2183,21830,22630,8.46609380856905e-62,0,,180,100
2184,21840,22640,1.0301801054950935e-60,0,,178,100
2185,21850,22650,6.846636720033233e-60,0,,178,100
2186,21860,22660,1.545373544961943e-56,0,,176,100
2187,21870,22670,2.5907990417986098e-58,0,,178,100
2188,21880,22680,2.6591777808220156e-56,0,,180,100
2189,21890,22690,2.0491042916540093e-50,0,,182,100
2190,21900,22700,1.2807292566854355e-51,0,,183,100
2191,21910,22710,6.520625870647227e-47,0,,181,100
2192,21920,22720,3.734999006425253e-46,0,,177,100
2193,21930,22730,1.190662035689969e-46,0,,178,100
2194,21940,22740,8.357791698238026e-44,0,,178,100
2195,21950,22750,1.9119731078953135e-42,0,,179,100
2196,21960,22760,9.278291282873412e-43,0,,177,100
2197,21970,22770,1.1754838290699467e-42,0,,177,100
2198,21980,22780,1.0947178158229751e-42,0,,177,100
2199,21990,22790,3.6140253357717735e-38,0,,176,100
2200,22000,22800,1.2806669704504244e-36,0,,177,100
2201,22010,22810,1.4041532137844672e-36,0,,179,100
2202,22020,22820,8.619830143589354e-37,0,,180,100
2203,22030,22830,1.2680912738060353e-37,0,,180,100
2204,22040,22840,4.565169706087176e-39,0,,179,100
2205,22050,22850,1.2326716369178056e-39,0,,178,100
2206,22060,22860,2.3681859630051788e-36,0,,177,100
2207,22070,22870,1.489720269901875e-39,0,,177,100
2208,22080,22880,1.8107509782727444e-37,0,,179,100
2209,22090,22890,8.913125619397803e-39,0,,178,100
2210,22100,22900,1.22993333883503e-37,0,,179,100
2211,22110,22910,3.9393820479318167e-38,0,,178,100
2212,22120,22920,3.2757224326953813e-38,0,,180,100
2213,22130,22930,6.601621897102846e-42,0,,177,100
2214,22140,22940,1.7317796320402965e-43,0,,179,100
2215,22150,22950,1.0259637400389929e-44,0,,180,100
2216,22160,22960,1.9548462356474684e-42,0,,180,100
2217,22170,22970,1.388782369854267e-43,0,,180,100
2218,22180,22980,4.363831764707837e-45,0,,181,100
2219,22190,22990,6.165428487056049e-50,0,,179,100
2220,22200,23000,7.995985622430164e-54,0,,178,100
2221,22210,23010,5.484024245556532e-53,0,,183,100
2222,22220,23020,2.4832366259348914e-53,0,,181,100
2223,22230,23030,2.6163325425764647e-55,0,,180,100
2224,22240,23040,1.8742208348998495e-56,0,,179,100
2225,22250,23050,3.8624507167498553e-53,0,,180,100
2226,22260,23060,2.3152670159328557e-51,0,,178,100
2227,22270,23070,6.666302399604543e-54,0,,178,100
2228,22280,23080,5.802493125602663e-52,0,,178,100
2229,22290,23090,5.380315781418223e-54,0,,177,100
2230,22300,23100,3.2452177209755643e-52,0,,177,100
2231,22310,23110,6.948957365392881e-55,0,,176,100
2232,22320,23120,4.1230278909009377e-60,0,,175,100
2233,22330,23130,3.6574475306732796e-54,0,,175,100
2234,22340,23140,2.5659014957660577e-59,0,,175,100
2235,22350,23150,1.2781123579145299e-58,0,,177,100
2236,22360,23160,6.06996547680031e-57,0,,178,100
2237,22370,23170,5.778691137430681e-56,0,,176,100
2238,22380,23180,4.617781818214136e-57,0,,177,100
2239,22390,23190,1.167821491165771e-56,0,,177,100
2240,22400,23200,6.485929834809921e-57,0,,177,100
2241,22410,23210,9.046547760940728e-54,0,,178,100
2242,22420,23220,7.354695858459105e-57,0,,177,100
2243,22430,23230,7.795635770285978e-60,0,,175,100
2244,22440,23240,5.024800348844441e-56,0,,176,100
2245,22450,23250,1.343182807156887e-60,0,,176,100
2246,22460,23260,5.06958307006612e-60,0,,176,100
2247,22470,23270,1.6049271010336724e-57,0,,178,100
2248,22480,23280,1.8197762367315952e-55,0,,177,100
2249,22490,23290,1.3146766126244817e-55,0,,175,100
2250,22500,23300,2.5055461608076044e-56,0,,175,100
2251,22510,23310,4.809120518032951e-59,0,,178,100
2252,22520,23320,1.4908373608207134e-54,0,,178,100
2253,22530,23330,7.18030518158731e-51,0,,177,100
2254,22540,23340,6.5511293459521605e-53,0,,179,100
2255,22550,23350,3.956228273846249e-52,0,,179,100
2256,22560,23360,5.711611011924976e-49,0,,179,100
2257,22570,23370,6.800234835215126e-52,0,,178,100
2258,22580,23380,1.3660466610422997e-51,0,,179,100
2259,22590,23390,1.5859817685509364e-58,0,,178,100
2260,22600,23400,3.8466295850024514e-51,0,,175,100
2261,22610,23410,4.752952960897908e-53,0,,175,100
2262,22620,23420,2.5711930309971e-53,0,,175,100
2263,22630,23430,7.674503872932146e-49,0,,175,100
2264,22640,23440,2.548141981850944e-53,0,,175,100
2265,22650,23450,5.236791169507241e-55,0,,175,100
2266,22660,23460,3.5667973988297735e-55,0,,179,100
2267,22670,23470,1.1976455704854375e-55,0,,177,100
2268,22680,23480,3.35825078891402e-54,0,,177,100
2269,22690,23490,3.834662978539658e-55,0,,178,100
2270,22700,23500,2.0819958245673327e-58,0,,179,100
2271,22710,23510,7.204128859844901e-56,0,,180,100
2272,22720,23520,3.5711333954874986e-57,0,,181,100
2273,22730,23530,2.466627870597555e-62,0,,181,100
2274,22740,23540,2.3354114188997302e-55,0,,182,100
2275,22750,23550,3.132226500425657e-61,0,,182,100
2276,22760,23560,3.697324858472625e-60,0,,182,100
2277,22770,23570,6.278520816988365e-58,0,,182,100
2278,22780,23580,1.6712572365228148e-55,0,,184,100
2279,22790,23590,4.375302508231698e-55,0,,184,100
2280,22800,23600,4.185888314800137e-56,0,,188,100
2281,22810,23610,2.6637126136506093e-51,0,,186,100
2282,22820,23620,7.765357033171878e-50,0,,186,100
2283,22830,23630,5.394864209420407e-53,0,,187,100
2284,22840,23640,2.7345551815499806e-53,0,,188,100
2285,22850,23650,5.933580424000474e-57,0,,189,100
2286,22860,23660,2.0655938477693706e-55,0,,187,100
2287,22870,23670,1.831283371479695e-50,0,,188,100
2288,22880,23680,7.235246380769479e-57,0,,186,100
2289,22890,23690,5.284620240536053e-56,0,,187,100
2290,22900,23700,8.505056861546817e-55,0,,189,100
2291,22910,23710,1.5570528761914071e-58,0,,189,100
2292,22920,23720,3.2005940260149933e-55,0,,189,100
2293,22930,23730,1.8576592648165575e-54,0,,191,100
2294,22940,23740,1.4421681873760093e-55,0,,189,100
2295,22950,23750,7.579078084314315e-60,0,,189,100
2296,22960,23760,3.347483597686036e-64,0,,192,100
2297,22970,23770,6.426095943008277e-63,0,,193,100
2298,22980,23780,5.33579196005719e-66,0,,194,100
2299,22990,23790,9.241223166134306e-61,0,,192,100
2300,23000,23800,3.197759467974536e-57,0,,193,100
2301,23010,23810,5.813958431397583e-56,0,,193,100
2302,23020,23820,2.370331573315204e-63,0,,193,100
2303,23030,23830,2.981585720641001e-63,0,,193,100
2304,23040,23840,5.946421440681817e-63,0,,194,100
2305,23050,23850,9.085972903315682e-60,0,,194,100
2306,23060,23860,6.841477762904025e-72,0,,194,100
2307,23070,23870,9.15939179625045e-62,0,,194,100
2308,23080,23880,1.1714060335385166e-68,0,,194,100
2309,23090,23890,2.6482756501875514e-65,0,,195,100
2310,23100,23900,2.2639091001797022e-71,0,,196,100
2311,23110,23910,9.045819033889333e-68,0,,198,100
2312,23120,23920,2.2403234816856326e-70,0,,197,100
2313,23130,23930,9.686657255206905e-65,0,,196,100
2314,23140,23940,1.9177237357290244e-70,0,,194,100
2315,23150,23950,1.0787006387564641e-69,0,,193,100
2316,23160,23960,3.108156804926723e-74,0,,192,100
2317,23170,23970,1.1304793443261196e-69,0,,191,100
2318,23180,23980,2.426627835874964e-65,0,,192,100
2319,23190,23990,7.523961858766314e-68,0,,190,100
2320,23200,24000,1.7685774813947216e-63,0,,189,100
2321,23210,24010,4.510391738876624e-71,0,,188,100
2322,23220,24020,3.1231429033439462e-71,0,,189,100
2323,23230,24030,4.639442484867512e-70,0,,189,100
2324,23240,24040,4.3545029288973703e-75,0,,189,100
2325,23250,24050,2.1572785904130385e-73,0,,189,100
2326,23260,24060,4.4874010974403234e-72,0,,188,100
2327,23270,24070,1.9280279410731504e-68,0,,188,100
2328,23280,24080,3.6524858183839084e-68,0,,188,100
2329,23290,24090,3.177700021628644e-69,0,,188,100
2330,23300,24100,6.866141395894659e-62,0,,189,100
2331,23310,24110,3.249996628227171e-67,0,,189,100
2332,23320,24120,5.024274525145017e-63,0,,190,100
2333,23330,24130,1.437382650699922e-63,0,,188,100
2334,23340,24140,3.8104287389941676e-64,0,,189,100
2335,23350,24150,4.093640828615142e-61,0,,188,100
2336,23360,24160,8.113398115194508e-61,0,,189,100
2337,23370,24170,8.653493989476777e-63,0,,190,100
2338,23380,24180,2.3640727746237222e-60,0,,191,100
2339,23390,24190,2.53215676333271e-60,0,,192,100
2340,23400,24200,1.8547292204058833e-60,0,,193,100
2341,23410,24210,2.69293993241574e-59,0,,192,100
2342,23420,24220,6.814565361031014e-55,0,,193,100
2343,23430,24230,6.489322827208094e-60,0,,192,100
2344,23440,24240,2.615946655291441e-60,0,,192,100
2345,23450,24250,1.0017227893119597e-62,0,,192,100
2346,23460,24260,1.6836433331272305e-67,0,,190,100
2347,23470,24270,4.306618096929488e-65,0,,190,100
2348,23480,24280,9.647540589830559e-63,0,,190,100
2349,23490,24290,2.7185071685124756e-62,0,,189,100
2350,23500,24300,3.568261501893496e-60,0,,186,100
2351,23510,24310,4.497861298114886e-60,0,,189,100
2352,23520,24320,4.1069354467891056e-65,0,,188,100
2353,23530,24330,3.499219936568142e-61,0,,185,100
2354,23540,24340,5.442601787072952e-61,0,,185,100
2355,23550,24350,2.1778036469604085e-63,0,,185,100
2356,23560,24360,3.609694848729784e-59,0,,186,100
2357,23570,24370,2.3375511223926534e-62,0,,186,100
2358,23580,24380,1.254994109208556e-60,0,,187,100
2359,23590,24390,1.773444181681713e-64,0,,186,100
2360,23600,24400,9.468884717664917e-74,0,,180,100
2361,23610,24410,2.2434056357236498e-67,0,,181,100
2362,23620,24420,1.250342036425737e-64,0,,181,100
2363,23630,24430,2.85625717406682e-69,0,,179,100
2364,23640,24440,5.7593476693243014e-67,0,,179,100
2365,23650,24450,1.9031931080809096e-65,0,,179,100
2366,23660,24460,2.2820182767035259e-63,0,,180,100
2367,23670,24470,1.632855156346413e-63,0,,179,100
2368,23680,24480,4.6232581748768764e-63,0,,178,100
2369,23690,24490,1.1025270556513497e-56,0,,178,100
2370,23700,24500,1.2864828756878041e-62,0,,177,100
2371,23710,24510,8.018506584729498e-63,0,,176,100
2372,23720,24520,1.6516003121178434e-61,0,,176,100
2373,23730,24530,4.370932899555234e-62,0,,174,100
2374,23740,24540,2.0803702973377683e-58,0,,172,100
2375,23750,24550,7.071329493597829e-59,0,,174,100
2376,23760,24560,7.880423044261146e-60,0,,169,100
2377,23770,24570,2.655902450819318e-66,0,,171,100
2378,23780,24580,4.914816899968318e-64,0,,171,100
2379,23790,24590,8.454809720714104e-63,0,,170,100
2380,23800,24600,1.157140891078732e-60,0,,170,100
2381,23810,24610,3.263641231025728e-65,0,,169,100
2382,23820,24620,7.949901380469241e-65,0,,167,100
2383,23830,24630,7.970866882805269e-60,0,,166,100
2384,23840,24640,9.260221420235222e-62,0,,168,100
2385,23850,24650,3.3590348921427025e-60,0,,167,100
2386,23860,24660,3.8431134021559356e-64,0,,166,100
2387,23870,24670,1.013150792105801e-68,0,,166,100
2388,23880,24680,1.8827445851044053e-71,0,,166,100
2389,23890,24690,1.0002604369751099e-73,0,,166,100
2390,23900,24700,5.437491907678762e-74,0,,164,100
2391,23910,24710,1.9845806345261265e-75,0,,164,100
2392,23920,24720,2.485881882886703e-71,0,,166,100
2393,23930,24730,1.0334461072040146e-73,0,,168,100
2394,23940,24740,3.3538448645221675e-72,0,,167,100
2395,23950,24750,4.278802945352603e-77,0,,168,100
2396,23960,24760,2.7378216582124886e-74,0,,169,100
2397,23970,24770,5.0417241590128174e-79,0,,166,100
2398,23980,24780,5.1987080689119736e-80,0,,166,100
2399,23990,24790,8.942961848454192e-78,0,,168,100
2400,24000,24800,1.600426273959579e-79,0,,168,100
2401,24010,24810,3.9317256663021483e-81,0,,171,100
2402,24020,24820,1.5221596410592674e-78,0,,169,100
2403,24030,24830,2.419282861480866e-70,0,,172,100
2404,24040,24840,5.312547757965648e-77,0,,169,100
2405,24050,24850,1.049025054362162e-71,0,,168,100
2406,24060,24860,4.777939255795882e-70,0,,167,100
2407,24070,24870,1.37739947543096e-69,0,,166,100
2408,24080,24880,4.199056405156674e-72,0,,165,100
2409,24090,24890,1.0980470414258312e-70,0,,165,100
2410,24100,24900,8.687750540295657e-69,0,,167,100
2411,24110,24910,6.134900279759051e-63,0,,164,100
2412,24120,24920,7.137485663410055e-62,0,,164,100
2413,24130,24930,4.5791020891243155e-61,0,,164,100
2414,24140,24940,4.2911361754661615e-60,0,,165,100
2415,24150,24950,1.5419615777773361e-61,0,,164,100
2416,24160,24960,5.613375284291174e-69,0,,166,100
2417,24170,24970,2.3373537662516732e-63,0,,166,100
2418,24180,24980,1.2206487964956947e-53,0,,163,100
2419,24190,24990,5.366346309962117e-56,0,,163,100
2420,24200,25000,2.9821904942715774e-58,0,,162,100
2421,24210,25010,3.4477520867567595e-58,0,,160,100
2422,24220,25020,8.168443154752888e-61,0,,161,100
2423,24230,25030,2.2633652405663605e-54,0,,163,100
2424,24240,25040,5.358654736433652e-56,0,,164,100
2425,24250,25050,7.547587813296472e-54,0,,163,100
2426,24260,25060,2.353313347610561e-51,0,,161,100
2427,24270,25070,1.3551340652096107e-55,0,,161,100
2428,24280,25080,8.109252372480504e-59,0,,162,100
2429,24290,25090,1.0573095304220436e-59,0,,163,100
2430,24300,25100,2.028724956187359e-59,0,,164,100
2431,24310,25110,2.762157785435465e-60,0,,162,100
2432,24320,25120,1.618822204858387e-64,0,,163,100
2433,24330,25130,1.526975869996541e-62,0,,164,100
2434,24340,25140,1.0516838229468876e-63,0,,163,100
2435,24350,25150,2.0507945662459832e-62,0,,164,100
2436,24360,25160,8.577406849478167e-64,0,,163,100
2437,24370,25170,1.4797078569258336e-62,0,,163,100
2438,24380,25180,5.5768514274328536e-67,0,,162,100
2439,24390,25190,6.292806835867365e-67,0,,164,100
2440,24400,25200,1.1579183339234263e-67,0,,164,100
2441,24410,25210,9.072554279121358e-67,0,,163,100
2442,24420,25220,6.832800418136597e-66,0,,163,100
2443,24430,25230,1.7251256695841206e-63,0,,163,100
2444,24440,25240,7.3878929211161434e-62,0,,163,100
2445,24450,25250,5.538730252162146e-60,0,,167,100
2446,24460,25260,3.798894768103635e-58,0,,168,100
2447,24470,25270,5.123700097346678e-58,0,,167,100
2448,24480,25280,3.747547486181992e-61,0,,166,100
2449,24490,25290,1.3146143421331426e-60,0,,168,100
2450,24500,25300,2.482058488292857e-56,0,,168,100
2451,24510,25310,9.768504164982347e-60,0,,170,100
2452,24520,25320,1.1253274826405125e-55,0,,170,100
2453,24530,25330,8.051258808969391e-55,0,,171,100
2454,24540,25340,4.510629202523399e-50,0,,171,100
2455,24550,25350,4.4563167167033695e-51,0,,172,100
2456,24560,25360,6.223021229858844e-49,0,,170,100
2457,24570,25370,1.693741123031476e-48,0,,171,100
2458,24580,25380,9.704480672453445e-47,0,,171,100
2459,24590,25390,5.082987821561126e-47,0,,172,100
2460,24600,25400,6.481093793797748e-46,0,,173,100
2461,24610,25410,5.199881598841697e-45,0,,174,100
2462,24620,25420,1.7552774896900216e-41,0,,174,100
2463,24630,25430,1.1847522975932146e-45,0,,175,100
2464,24640,25440,2.2733659383415536e-41,0,,176,100
2465,24650,25450,1.0686273369280642e-39,0,,174,100
2466,24660,25460,1.078710314279107e-42,0,,177,100
2467,24670,25470,9.291784964161052e-47,0,,175,100
2468,24680,25480,6.2358895515721e-47,0,,179,100
2469,24690,25490,3.637014145121245e-42,0,,178,100
2470,24700,25500,2.6643369301780376e-44,0,,177,100
2471,24710,25510,2.093475621905297e-49,0,,177,100
2472,24720,25520,3.3963940247367503e-49,0,,176,100
2473,24730,25530,1.8623423056316032e-52,0,,174,100
2474,24740,25540,2.4960729596350446e-58,0,,176,100
2475,24750,25550,6.999381240313541e-60,0,,178,100
2476,24760,25560,2.9254023344450196e-58,0,,178,100
2477,24770,25570,5.033071152640137e-55,0,,179,100
2478,24780,25580,3.0045199359541077e-56,0,,179,100
2479,24790,25590,1.311892842656719e-60,0,,178,100
2480,24800,25600,4.706925191666689e-66,0,,178,100
2481,24810,25610,8.134865631115198e-67,0,,179,100
2482,24820,25620,1.4061894058043236e-67,0,,179,100
2483,24830,25630,2.2484410484737628e-69,0,,178,100
2484,24840,25640,5.239001719256836e-69,0,,180,100
2485,24850,25650,2.4205721673295954e-65,0,,180,100
2486,24860,25660,1.9835872508948656e-60,0,,180,100
2487,24870,25670,3.2164891673548147e-65,0,,182,100
2488,24880,25680,8.323658070455055e-65,0,,183,100
2489,24890,25690,3.6400272165586147e-62,0,,183,100
2490,24900,25700,9.322335773786875e-62,0,,183,100
2491,24910,25710,1.8826233361203715e-57,0,,182,100
2492,24920,25720,6.001101850215533e-59,0,,183,100
2493,24930,25730,7.122669877407365e-58,0,,181,100
2494,24940,25740,3.2708114715150263e-59,0,,180,100
2495,24950,25750,4.831937067559222e-55,0,,181,100
2496,24960,25760,1.0498429270950779e-50,0,,178,100
2497,24970,25770,1.2177135183444568e-54,0,,180,100
2498,24980,25780,2.4806653069258488e-48,0,,181,100
2499,24990,25790,2.184618127913913e-50,0,,183,100
2500,25000,25800,2.3151028951121537e-46,0,,186,100
2501,25010,25810,2.173634296609223e-45,0,,188,100
2502,25020,25820,5.2677876152028045e-49,0,,187,100
2503,25030,25830,1.6616017353922372e-43,0,,185,100
2504,25040,25840,5.400703803529661e-41,0,,185,100
2505,25050,25850,2.4920786149559123e-38,0,,188,100
2506,25060,25860,3.064565839456924e-46,0,,187,100
2507,25070,25870,7.426720762090664e-48,0,,187,100
2508,25080,25880,1.1623124748391869e-47,0,,187,100
2509,25090,25890,3.252969535264345e-45,0,,188,100
2510,25100,25900,6.02835667308365e-45,0,,186,100
2511,25110,25910,9.18817185625645e-44,0,,186,100
2512,25120,25920,6.867792164386394e-45,0,,185,100
2513,25130,25930,9.570801524075727e-48,0,,187,100
2514,25140,25940,5.9133470430937515e-49,0,,187,100
2515,25150,25950,1.0349811941076292e-46,0,,189,100
2516,25160,25960,5.780883095185025e-51,0,,189,100
2517,25170,25970,2.4304091190041045e-60,0,,187,100
2518,25180,25980,1.2338652541295616e-58,0,,186,100
2519,25190,25990,9.451444780135786e-61,0,,186,100
2520,25200,26000,2.966515297657714e-62,0,,187,100
2521,25210,26010,9.161415068568872e-59,0,,189,100
2522,25220,26020,7.52115058603121e-64,0,,191,100
2523,25230,26030,2.9578699657766165e-57,0,,191,100
2524,25240,26040,3.791670321166381e-58,0,,190,100
2525,25250,26050,1.4643276842188286e-62,0,,189,100
2526,25260,26060,1.076157264448928e-62,0,,189,100
2527,25270,26070,2.9491658204887733e-63,0,,191,100
2528,25280,26080,1.3460745638672993e-58,0,,191,100
2529,25290,26090,1.310864993897588e-56,0,,192,100
2530,25300,26100,4.505688713007722e-54,0,,192,100
2531,25310,26110,3.5132960988897e-58,0,,192,100
2532,25320,26120,9.458141260464803e-56,0,,189,100
2533,25330,26130,1.541127327546936e-60,0,,190,100
2534,25340,26140,1.663940593701199e-60,0,,191,100
2535,25350,26150,2.101831474625801e-51,0,,191,100
2536,25360,26160,6.212930472497341e-54,0,,194,100
2537,25370,26170,2.036930890639225e-50,0,,192,100
2538,25380,26180,7.766665477103118e-45,0,,192,100
2539,25390,26190,1.5251466753065394e-43,0,,192,100
2540,25400,26200,2.318136560888146e-42,0,,192,100
2541,25410,26210,2.8273235950706677e-43,0,,193,100
2542,25420,26220,2.37306975237213e-45,0,,192,100
2543,25430,26230,1.2696865965292708e-42,0,,191,100
2544,25440,26240,2.1017729486539693e-42,0,,194,100
2545,25450,26250,8.322274880440284e-43,0,,192,100
2546,25460,26260,1.852095692288063e-43,0,,191,100
2547,25470,26270,3.8904865688724095e-48,0,,193,100
2548,25480,26280,1.7797278316112172e-42,0,,194,100
2549,25490,26290,2.7827933642839414e-42,0,,192,100
2550,25500,26300,2.1179977199758896e-43,0,,193,100
2551,25510,26310,2.9314665655135336e-46,0,,193,100
2552,25520,26320,4.844712827100326e-46,0,,195,100
2553,25530,26330,2.4109206551209603e-45,0,,194,100
2554,25540,26340,3.966621803084333e-48,0,,193,100
2555,25550,26350,4.02955837755075e-43,0,,191,100
2556,25560,26360,1.1829773247651122e-49,0,,191,100
2557,25570,26370,3.938472975060481e-53,0,,190,100
2558,25580,26380,8.149604217083797e-50,0,,190,100
2559,25590,26390,1.697405945961704e-51,0,,189,100
2560,25600,26400,5.562906077784795e-47,0,,188,100
2561,25610,26410,3.637540934188196e-46,0,,190,100
2562,25620,26420,1.78460342714794e-52,0,,192,100
2563,25630,26430,2.17383689806928e-53,0,,194,100
2564,25640,26440,1.8214217490494563e-48,0,,196,100
2565,25650,26450,8.199642488266614e-49,0,,195,100
2566,25660,26460,1.4089561151680642e-50,0,,195,100
2567,25670,26470,1.1341406287223275e-53,0,,194,100
2568,25680,26480,3.898881779216406e-55,0,,193,100
2569,25690,26490,1.08645689376364e-49,0,,193,100
2570,25700,26500,8.897320716311414e-54,0,,193,100
2571,25710,26510,1.9794500197475058e-55,0,,194,100
2572,25720,26520,2.541272297223103e-60,0,,195,100
2573,25730,26530,5.026709850742677e-59,0,,195,100
2574,25740,26540,1.4479367609667348e-59,0,,194,100
2575,25750,26550,1.038073840854953e-58,0,,194,100
2576,25760,26560,4.27490016621739e-58,0,,195,100
2577,25770,26570,2.2107836171242763e-55,0,,196,100
2578,25780,26580,2.5863196082486317e-59,0,,194,100
2579,25790,26590,5.462247448589197e-57,0,,194,100
2580,25800,26600,1.1588650152564341e-54,0,,192,100
2581,25810,26610,2.65768602463781e-53,0,,190,100
2582,25820,26620,4.853192280118442e-56,0,,192,100
2583,25830,26630,3.594755686039297e-49,0,,191,100
2584,25840,26640,1.1827974323435151e-48,0,,191,100
2585,25850,26650,1.030564973716087e-55,0,,188,100
2586,25860,26660,2.533383326840335e-51,0,,189,100
2587,25870,26670,4.6614469059654463e-54,0,,187,100
2588,25880,26680,1.1908061011001605e-50,0,,190,100
2589,25890,26690,4.233131008029072e-52,0,,190,100
2590,25900,26700,2.1748788272205615e-54,0,,189,100
2591,25910,26710,1.0410391777698717e-56,0,,191,100
2592,25920,26720,9.412534677513754e-53,0,,191,100
2593,25930,26730,1.3402288413312668e-48,0,,188,100
2594,25940,26740,1.9721517482814032e-48,0,,188,100
2595,25950,26750,8.225706508070923e-55,0,,187,100
2596,25960,26760,7.556237975808238e-52,0,,188,100
2597,25970,26770,1.4381003070687906e-51,0,,189,100
2598,25980,26780,3.8110230617881074e-48,0,,189,100
2599,25990,26790,1.4301186774820895e-49,0,,188,100
2600,26000,26800,1.8603568921561943e-51,0,,187,100
2601,26010,26810,1.094201989257625e-48,0,,187,100
2602,26020,26820,1.8466024295715765e-48,0,,185,100
2603,26030,26830,7.806783602099329e-48,0,,187,100
2604,26040,26840,4.97655132196564e-49,0,,187,100
2605,26050,26850,6.085486076517829e-50,0,,187,100
2606,26060,26860,8.15084421688002e-49,0,,188,100
2607,26070,26870,1.3691416198342215e-51,0,,185,100
2608,26080,26880,1.1743555668356474e-55,0,,185,100
2609,26090,26890,2.213315106443539e-55,0,,184,100
2610,26100,26900,4.854560930791042e-51,0,,185,100
2611,26110,26910,8.504704853828649e-52,0,,185,100
2612,26120,26920,1.477883510014343e-50,0,,185,100
2613,26130,26930,3.6833679240359e-52,0,,184,100
2614,26140,26940,2.5091413935718587e-55,0,,183,100
2615,26150,26950,2.1886898537583567e-49,0,,183,100
2616,26160,26960,3.7970067410117303e-51,0,,186,100
2617,26170,26970,3.8194549055325986e-51,0,,184,100
2618,26180,26980,8.932203473695105e-54,0,,183,100
2619,26190,26990,5.517837678667923e-54,0,,182,100
2620,26200,27000,1.9210746211131234e-52,0,,182,100
2621,26210,27010,7.15691290877874e-56,0,,182,100
2622,26220,27020,2.4575425823385837e-57,0,,184,100
2623,26230,27030,6.595401204698261e-58,0,,182,100
2624,26240,27040,2.1357069123032247e-58,0,,182,100
2625,26250,27050,6.80063908560964e-57,0,,180,100
2626,26260,27060,1.0438317263631124e-56,0,,181,100
2627,26270,27070,2.2327515993120497e-55,0,,178,100
2628,26280,27080,7.319486039807768e-57,0,,178,100
2629,26290,27090,1.4529055015549061e-55,0,,178,100
2630,26300,27100,4.962417240755979e-59,0,,181,100
2631,26310,27110,9.651728393770165e-61,0,,180,100
2632,26320,27120,1.5045839695756952e-59,0,,181,100
2633,26330,27130,1.9298238518450508e-60,0,,179,100
2634,26340,27140,4.5195125622077837e-63,0,,180,100
2635,26350,27150,1.1888714789182746e-63,0,,181,100
2636,26360,27160,5.542462813269544e-63,0,,180,100
2637,26370,27170,8.094817341531893e-65,0,,180,100
2638,26380,27180,3.8554071257823045e-66,0,,183,100
2639,26390,27190,7.137477030784744e-70,0,,182,100
2640,26400,27200,5.644443171335847e-70,0,,182,100
2641,26410,27210,9.404648221927014e-66,0,,178,100
2642,26420,27220,2.0832931837331575e-67,0,,177,100
2643,26430,27230,2.5173773724087823e-64,0,,176,100
2644,26440,27240,4.278224635974794e-69,0,,174,100
2645,26450,27250,9.15454335511533e-68,0,,175,100
2646,26460,27260,5.864400658301475e-63,0,,176,100
2647,26470,27270,4.3878806679644323e-66,0,,175,100
2648,26480,27280,3.680309828703864e-65,0,,177,100
2649,26490,27290,1.6474762159844893e-64,0,,177,100
2650,26500,27300,1.5880510183865755e-67,0,,176,100
2651,26510,27310,2.488226844047669e-66,0,,177,100
2652,26520,27320,5.176265103479811e-66,0,,177,100
2653,26530,27330,3.337324835671295e-64,0,,177,100
2654,26540,27340,3.616863908609847e-60,0,,176,100
2655,26550,27350,9.725313579685383e-59,0,,176,100
2656,26560,27360,9.366707294703079e-60,0,,178,100
2657,26570,27370,5.77954614312639e-52,0,,178,100
2658,26580,27380,3.941509009228847e-53,0,,178,100
2659,26590,27390,4.139349715904661e-51,0,,178,100
2660,26600,27400,2.7842004457221437e-55,0,,176,100
2661,26610,27410,2.9549210224645304e-55,0,,175,100
2662,26620,27420,2.977645017726375e-57,0,,175,100
2663,26630,27430,3.793688839121022e-56,0,,178,100
2664,26640,27440,1.7845437464530642e-54,0,,177,100
2665,26650,27450,6.570575408332999e-55,0,,176,100
2666,26660,27460,6.780568182896649e-50,0,,175,100
2667,26670,27470,2.9781363269735333e-57,0,,173,100
2668,26680,27480,1.3251021528122306e-54,0,,173,100
2669,26690,27490,2.2981686277190154e-52,0,,172,100
2670,26700,27500,1.47657821232165e-51,0,,172,100
2671,26710,27510,2.9513386586715757e-55,0,,174,100
2672,26720,27520,9.373353275898435e-53,0,,173,100
2673,26730,27530,2.2400537334551126e-48,0,,172,100
2674,26740,27540,2.0237603027935959e-50,0,,173,100
2675,26750,27550,1.0653300675490819e-51,0,,171,100
2676,26760,27560,1.3690566634244437e-53,0,,173,100
2677,26770,27570,2.730595123265011e-56,0,,174,100
2678,26780,27580,1.818614649681102e-56,0,,173,100
2679,26790,27590,5.12480485720593e-56,0,,173,100
2680,26800,27600,5.418195037165599e-55,0,,174,100
2681,26810,27610,5.810023081666634e-56,0,,174,100
2682,26820,27620,2.862487986518237e-56,0,,172,100
2683,26830,27630,3.7556841646514724e-55,0,,173,100
2684,26840,27640,1.970911063723936e-59,0,,173,100
2685,26850,27650,9.811736845380544e-61,0,,174,100
2686,26860,27660,1.4081026830827223e-60,0,,174,100
2687,26870,27670,2.170045958034334e-59,0,,174,100
2688,26880,27680,4.482767923283698e-63,0,,174,100
2689,26890,27690,1.3499130323958148e-62,0,,174,100
2690,26900,27700,3.814994696860721e-57,0,,173,100
2691,26910,27710,1.6504288616925768e-61,0,,174,100
2692,26920,27720,2.652948749457152e-60,0,,174,100
2693,26930,27730,2.5447561883786473e-59,0,,175,100
2694,26940,27740,1.4139354512817884e-59,0,,172,100
2695,26950,27750,8.094373722908238e-64,0,,171,100
2696,26960,27760,4.157725091087482e-65,0,,167,100
2697,26970,27770,1.2574418297141502e-56,0,,165,100
2698,26980,27780,4.0190880834639015e-62,0,,163,100
2699,26990,27790,1.6944794609556872e-63,0,,162,100
2700,27000,27800,1.618961155445778e-64,0,,161,100
2701,27010,27810,1.9822520361038075e-62,0,,156,100
2702,27020,27820,1.6537295227533184e-63,0,,155,100
2703,27030,27830,7.356654881812149e-64,0,,154,100
2704,27040,27840,1.4866027091746008e-59,0,,151,100
2705,27050,27850,4.935408944920068e-60,0,,149,100
2706,27060,27860,6.412268013395419e-57,0,,147,100
2707,27070,27870,1.1694120778156892e-50,0,,144,100
2708,27080,27880,3.3470218005906324e-54,0,,142,100
2709,27090,27890,1.4149277080721733e-56,0,,139,100
2710,27100,27900,3.992113878141957e-55,0,,137,100
2711,27110,27910,9.18893478939147e-57,0,,135,100
2712,27120,27920,7.181792638092878e-60,0,,134,100
2713,27130,27930,4.646318863855319e-55,0,,132,100
2714,27140,27940,3.0654109701127376e-57,0,,130,100
2715,27150,27950,7.503020702422167e-54,0,,128,100
2716,27160,27960,1.803809414911257e-51,0,,126,100
2717,27170,27970,5.296540037389154e-57,0,,124,100
2718,27180,27980,4.87600184581234e-51,0,,121,100
2719,27190,27990,3.126073902705441e-53,0,,118,100
2720,27200,28000,6.354611584751207e-57,0,,116,100
2721,27210,28010,4.547098869552424e-52,0,,115,100
2722,27220,28020,1.103609039580429e-55,0,,112,100
2723,27230,28030,1.272773207338005e-57,0,,111,100
2724,27240,28040,1.4668767306679145e-55,0,,109,100
2725,27250,28050,9.236248049531723e-51,0,,105,100
2726,27260,28060,7.369248837219195e-48,0,,104,100
2727,27270,28070,1.6083680560429473e-50,0,,102,100
