window_index,char_start,char_end,p_z,extracted,error,n_tokens_in_chunk,sequence_len_tokens
0,0,800,6.501771865689045e-25,0,,218,100
1,4,804,5.742789763060564e-44,0,,215,100
2,7,807,1.915326204636282e-14,0,,215,100
3,11,811,4.869303272177053e-13,0,,216,100
4,21,821,0.04040422103250431,1,,218,100
5,25,825,0.00621827404678866,1,,217,100
6,33,833,0.018651930190025545,1,,218,100
7,37,837,0.023410276878892647,1,,219,100
8,44,844,0.007898403233236638,1,,221,100
9,48,848,0.43378869760121097,1,,223,100
10,52,852,0.18388483227627594,1,,223,100
11,60,860,2.8675494728697e-209,0,,221,100
12,64,864,4.6353091822779745e-155,0,,219,100
13,68,868,1.287154835125902e-97,0,,219,100
14,72,872,0.0,0,,219,100
15,78,878,1.5040180538161337e-73,0,,219,100
16,82,882,2.97738400049226e-103,0,,219,100
17,90,890,1.8354560656958063e-23,0,,219,100
18,96,896,9.867490457675599e-29,0,,219,100
19,100,900,6.458809325543635e-07,0,,219,100
20,106,906,2.540057899159612e-05,0,,217,100
21,110,910,9.516050948565626e-06,0,,217,100
22,119,919,0.7026489923207083,1,,218,100
23,123,923,0.9811008929483385,1,,218,100
24,128,928,6.001576946794434e-07,0,,216,100
25,132,932,0.6825473056429721,1,,217,100
26,137,937,0.08097980714717774,1,,217,100
27,140,940,6.60369889036288e-15,0,,217,100
28,144,944,1.8324311807055699e-38,0,,217,100
29,150,950,7.362562394455304e-63,0,,216,100
30,154,954,0.0,0,,216,100
31,158,958,0.00011244119644109716,0,,216,100
32,165,965,6.363750468305547e-12,0,,217,100
33,168,968,2.2571589892727957e-12,0,,217,100
34,172,972,1.771070057035352e-12,0,,218,100
35,178,978,2.9057834750230376e-11,0,,222,100
36,183,983,2.893203168533397e-13,0,,223,100
37,187,987,3.5894056123738817e-12,0,,223,100
38,192,992,9.926127553088884e-07,0,,223,100
39,195,995,2.7141533906135902e-05,0,,223,100
40,199,999,8.710270450314207e-05,0,,222,100
41,208,1008,3.8405054142581705e-56,0,,220,100
42,212,1012,8.690755796577795e-103,0,,218,100
43,216,1016,3.4005575416907057e-103,0,,218,100
44,220,1020,4.704683564612361e-47,0,,218,100
45,226,1026,2.516505474929315e-82,0,,218,100
46,230,1030,4.368989911115961e-05,0,,218,100
47,236,1036,2.615601172212022e-05,0,,217,100
48,239,1039,6.688811073701338e-08,0,,216,100
49,246,1046,0.272469936172461,1,,216,100
50,250,1050,0.0458965612636296,1,,216,100
51,256,1056,0.017046900396930954,1,,216,100
52,260,1060,0.054485892903877245,1,,215,100
53,268,1068,0.2252549906186443,1,,213,100
54,272,1072,1.3565526468665045e-218,0,,212,100
55,276,1076,2.303622688301189e-101,0,,212,100
56,280,1080,0.00941875367422194,1,,213,100
57,284,1084,2.020205071613462e-34,0,,212,100
58,288,1088,2.2005229788157254e-92,0,,211,100
59,295,1095,6.719838288433548e-12,0,,211,100
60,300,1100,0.0008539370663196295,0,,211,100
61,303,1103,0.002146474163766698,1,,213,100
62,307,1107,0.003550727120136409,1,,216,100
63,313,1113,0.009574751285129529,1,,216,100
64,317,1117,0.2832938830478331,1,,216,100
65,321,1121,0.11254817628106605,1,,217,100
66,329,1129,0.890962381295829,1,,217,100
67,333,1133,0.8189613838033655,1,,217,100
68,339,1139,2.6931189353412774e-17,0,,216,100
69,344,1144,1.4634677831987693e-18,0,,216,100
70,348,1148,1.3680662682123337e-21,0,,217,100
71,359,1159,0.001204733794527206,1,,215,100
72,363,1163,3.326359939555039e-209,0,,212,100
73,367,1167,2.3586819990827273e-110,0,,213,100
74,371,1171,1.823547559049345e-15,0,,212,100
75,378,1178,0.16776498011555283,1,,213,100
76,382,1182,0.19858449544674275,1,,213,100
77,388,1188,0.005433481847648865,1,,214,100
78,393,1193,3.793744402185135e-12,0,,213,100
79,397,1197,0.0003411492842702276,0,,212,100
80,401,1201,0.0006300735968791568,0,,214,100
81,410,1210,0.17048249067119572,1,,212,100
82,413,1213,1.223428682260442e-16,0,,212,100
83,420,1220,1.1029749603390613e-05,0,,212,100
84,427,1227,9.014044905542187e-11,0,,210,100
85,431,1231,3.1771503800772207e-17,0,,211,100
86,435,1235,5.436081122533222e-18,0,,212,100
87,443,1243,6.327545355833246e-52,0,,212,100
88,447,1247,9.702828352257245e-17,0,,213,100
89,451,1251,3.872596738135208e-54,0,,214,100
90,459,1259,3.157196563965924e-96,0,,214,100
91,464,1264,4.7827775046714966e-05,0,,214,100
92,468,1268,0.001930058227060152,1,,213,100
93,474,1274,0.6299097841971674,1,,215,100
94,480,1280,0.9868301944905316,1,,212,100
95,484,1284,1.087587187471004e-35,0,,211,100
96,488,1288,0.003272314257886452,1,,214,100
97,492,1292,3.2285715237328027e-32,0,,216,100
98,498,1298,4.960736976547562e-17,0,,215,100
99,502,1302,7.405508148951631e-44,0,,215,100
100,508,1308,1.8000692489175548e-63,0,,215,100
101,511,1311,1.2201504467296466e-57,0,,215,100
102,513,1313,1.5886275971363546e-86,0,,215,100
103,523,1323,9.243503188771326e-233,0,,214,100
104,526,1326,8.345937293921571e-69,0,,214,100
105,530,1330,6.202228733654581e-122,0,,215,100
106,536,1336,3.317364096416676e-25,0,,214,100
107,539,1339,3.045679754498616e-11,0,,214,100
108,543,1343,1.2721883520100249e-23,0,,212,100
109,551,1351,3.160839902258912e-16,0,,211,100
110,555,1355,5.741323915064859e-16,0,,211,100
111,559,1359,2.7561934865956416e-30,0,,212,100
112,562,1362,0.00307737314841036,1,,211,100
113,569,1369,4.14781612847474e-06,0,,213,100
114,573,1373,2.997663707658809e-05,0,,213,100
115,580,1380,0.00528803818511018,1,,214,100
116,585,1385,3.075369401814278e-91,0,,213,100
117,589,1389,0.00017536175807342786,0,,212,100
118,598,1398,5.779941110793047e-07,0,,211,100
119,602,1402,1.2425540789349618e-101,0,,208,100
120,606,1406,1.175187821368043e-26,0,,208,100
121,610,1410,1.2835932174037535e-57,0,,208,100
122,615,1415,4.804889492546385e-18,0,,208,100
123,619,1419,8.103036363652292e-46,0,,209,100
124,630,1430,1.8013296107183328e-41,0,,209,100
125,634,1434,4.0363269834355756e-36,0,,209,100
126,642,1442,2.0240328869098696e-13,0,,210,100
127,646,1446,2.0082879086107216e-07,0,,210,100
128,653,1453,0.00011213005727931794,0,,211,100
129,659,1459,6.091078915911776e-05,0,,211,100
130,664,1464,0.04843763716348811,1,,210,100
131,670,1470,5.518100413810821e-07,0,,215,100
132,674,1474,2.6071584144124446e-08,0,,217,100
133,684,1484,1.164701931984906e-14,0,,216,100
134,689,1489,3.937752440995371e-05,0,,216,100
135,693,1493,6.512145902036934e-18,0,,216,100
136,700,1500,8.908787772989766e-17,0,,217,100
137,706,1506,9.747544281727461e-39,0,,216,100
138,711,1511,8.262956107344544e-19,0,,216,100
139,717,1517,6.753530092098968e-24,0,,217,100
140,721,1521,5.495300847233183e-19,0,,217,100
141,732,1532,1.4250311383803023e-45,0,,220,100
142,736,1536,4.18445875297618e-34,0,,220,100
143,739,1539,1.126892406472982e-28,0,,220,100
144,743,1543,1.950882312095629e-34,0,,220,100
145,748,1548,5.023426915283499e-06,0,,218,100
146,752,1552,4.616923244777072e-27,0,,215,100
147,756,1556,2.0521315050617712e-116,0,,215,100
148,760,1560,3.692038533414453e-69,0,,215,100
149,767,1567,5.083456690027172e-83,0,,216,100
150,771,1571,1.8590798995138195e-109,0,,217,100
151,781,1581,1.3607420766342232e-23,0,,216,100
152,789,1589,3.2372053891930286e-44,0,,216,100
153,793,1593,8.521404058019611e-16,0,,216,100
154,797,1597,2.5507708917890737e-14,0,,217,100
155,805,1605,4.565071836592954e-11,0,,217,100
156,809,1609,2.708050576760713e-17,0,,217,100
157,813,1613,0.005123286894953988,1,,216,100
158,821,1621,3.404303889686941e-05,0,,215,100
159,826,1626,2.8498620790377574e-08,0,,216,100
160,830,1630,3.3193064257906005e-09,0,,216,100
161,837,1637,2.194484668734711e-05,0,,217,100
162,843,1643,5.430382589770178e-38,0,,214,100
163,847,1647,3.9969597316119895e-71,0,,212,100
164,851,1651,3.837724009217698e-45,0,,212,100
165,855,1655,6.294783365785492e-62,0,,212,100
166,861,1661,2.5302776579201324e-17,0,,212,100
167,865,1665,2.8681168994458096e-14,0,,213,100
168,869,1669,8.132360893113656e-13,0,,213,100
169,876,1676,4.5227484309845757e-10,0,,214,100
170,882,1682,3.519056243124668e-06,0,,215,100
171,886,1686,2.9458707711692337e-08,0,,216,100
172,893,1693,8.698436793541372e-20,0,,216,100
173,896,1696,1.8469160908624213e-17,0,,216,100
174,905,1705,3.268937695600662e-33,0,,221,100
175,914,1714,1.122004318231137e-15,0,,221,100
176,919,1719,3.7622076023383994e-06,0,,222,100
177,923,1723,3.0347327393158906e-15,0,,222,100
178,930,1730,2.04652606537413e-11,0,,221,100
179,934,1734,1.3896144962034222e-07,0,,222,100
180,938,1738,9.302429370937097e-07,0,,222,100
181,942,1742,5.996070302089607e-06,0,,222,100
182,946,1746,2.6560998808015672e-12,0,,221,100
183,951,1751,0.10192597057583686,1,,222,100
184,959,1759,0.06810483915002655,1,,222,100
185,963,1763,0.00031758455471137583,0,,221,100
186,966,1766,0.07792211062316916,1,,221,100
187,970,1770,6.207036598319745e-08,0,,221,100
188,975,1775,8.320725736461681e-50,0,,218,100
189,980,1780,1.7533924112283867e-101,0,,215,100
190,984,1784,6.659474844899755e-70,0,,215,100
191,988,1788,6.977422258832624e-82,0,,215,100
192,995,1795,9.770424298673822e-68,0,,216,100
193,999,1799,2.6004008376626032e-15,0,,216,100
194,1003,1803,5.0099207170710415e-18,0,,217,100
195,1008,1808,2.0629282285943462e-29,0,,220,100
196,1015,1815,4.3584529819748545e-38,0,,222,100
197,1019,1819,2.742750814083978e-32,0,,222,100
198,1023,1823,1.1271530305111118e-33,0,,223,100
199,1033,1833,3.8965742338975804e-82,0,,224,100
200,1042,1842,4.2117504823364006e-58,0,,224,100
201,1045,1845,6.746283385154947e-117,0,,223,100
202,1049,1849,4.72714127329273e-74,0,,223,100
203,1056,1856,2.0987392510124774e-55,0,,223,100
204,1063,1863,7.317254677220438e-100,0,,223,100
205,1066,1866,3.276719759724714e-78,0,,224,100
206,1072,1872,6.062937783587496e-173,0,,222,100
207,1076,1876,2.816457815317708e-40,0,,222,100
208,1080,1880,8.276630409666393e-43,0,,225,100
209,1084,1884,2.464583746680164e-16,0,,224,100
210,1089,1889,1.8523974044425928e-09,0,,224,100
211,1092,1892,3.248222928669095e-09,0,,223,100
212,1096,1896,0.6545038568305552,1,,223,100
213,1103,1903,0.010283976958005592,1,,221,100
214,1108,1908,4.995384844332614e-64,0,,218,100
215,1112,1912,1.4071377484294966e-79,0,,218,100
216,1116,1916,5.847309235342528e-82,0,,217,100
217,1122,1922,1.1406039487496686e-94,0,,218,100
218,1126,1926,1.1278084336265188e-88,0,,218,100
219,1130,1930,1.0584439812538513e-169,0,,218,100
220,1136,1936,3.165041392478251e-53,0,,218,100
221,1142,1942,5.289661256929525e-22,0,,219,100
222,1148,1948,4.189858170655792e-12,0,,224,100
223,1155,1955,0.0028808368761190366,1,,223,100
224,1159,1959,0.00056277152357681,0,,224,100
225,1164,1964,0.01197191624849494,1,,224,100
226,1173,1973,3.903230658655653e-05,0,,224,100
227,1179,1979,1.160297334681695e-21,0,,223,100
228,1183,1983,3.2237385272102633e-29,0,,223,100
229,1187,1987,6.382712975759075e-28,0,,223,100
230,1193,1993,1.195499017333334e-55,0,,223,100
231,1198,1998,3.7558092428116835e-66,0,,224,100
232,1207,2007,1.9917099722622265e-15,0,,224,100
233,1213,2013,3.4055974482983697e-39,0,,226,100
234,1219,2019,1.6063245201642802e-33,0,,226,100
235,1223,2023,6.697634852384788e-20,0,,226,100
236,1229,2029,1.400290643491824e-35,0,,228,100
237,1235,2035,6.496648713910138e-14,0,,230,100
238,1240,2040,1.8425479469213172e-07,0,,230,100
239,1243,2043,0.0003984423326873681,0,,229,100
240,1246,2046,0.0002924549009001856,0,,229,100
241,1254,2054,7.684486889677665e-13,0,,228,100
242,1259,2059,1.691640006593227e-17,0,,228,100
243,1263,2063,2.0268085368473003e-14,0,,228,100
244,1270,2070,4.8653172874807795e-12,0,,228,100
245,1274,2074,0.005538723468804049,1,,227,100
246,1277,2077,2.129061902356712e-12,0,,228,100
247,1281,2081,7.483623537155467e-06,0,,229,100
248,1286,2086,3.617019905887518e-41,0,,226,100
249,1291,2091,2.7831204512768587e-93,0,,223,100
250,1295,2095,5.6794011843490114e-21,0,,223,100
251,1299,2099,4.12211338097722e-15,0,,222,100
252,1305,2105,7.7898391764997e-17,0,,224,100
253,1313,2113,0.00014699846410331794,0,,223,100
254,1319,2119,2.4184815126695506e-13,0,,224,100
255,1326,2126,8.848258977793061e-17,0,,223,100
256,1330,2130,6.374594121380734e-16,0,,224,100
257,1335,2135,7.310770536830869e-42,0,,224,100
258,1344,2144,4.290095296277144e-32,0,,225,100
259,1349,2149,5.773678640244217e-31,0,,226,100
260,1355,2155,1.0820572380032745e-30,0,,230,100
261,1359,2159,2.5137174914521906e-30,0,,230,100
262,1365,2165,3.2825267717613014e-34,0,,229,100
263,1369,2169,1.8310216881905155e-31,0,,229,100
264,1373,2173,9.441709192322024e-23,0,,228,100
265,1378,2178,4.6304287060998456e-21,0,,229,100
266,1387,2187,2.5533586464083186e-16,0,,229,100
267,1394,2194,1.9947947435889346e-22,0,,228,100
268,1400,2200,2.6825290390817802e-21,0,,228,100
269,1405,2205,3.334217135073012e-23,0,,228,100
270,1409,2209,4.6510772564169133e-38,0,,230,100
271,1412,2212,1.7994269784493528e-34,0,,233,100
272,1420,2220,1.071582480452019e-142,0,,233,100
273,1426,2226,6.7079541409019886e-136,0,,232,100
274,1430,2230,5.110963596579123e-33,0,,233,100
275,1436,2236,0.02511885701958034,1,,233,100
276,1440,2240,0.03501102103631365,1,,233,100
277,1444,2244,0.006361463892660885,1,,233,100
278,1448,2248,1.1623789307020881e-10,0,,231,100
279,1453,2253,5.8133840699431825e-27,0,,231,100
280,1456,2256,7.788824194062947e-37,0,,231,100
281,1460,2260,7.021558776061909e-07,0,,230,100
282,1467,2267,2.489120386316091e-241,0,,227,100
283,1472,2272,0.0,0,,224,100
284,1476,2276,3.3746720556274633e-20,0,,223,100
285,1480,2280,5.083076855637531e-19,0,,225,100
286,1488,2288,9.123166824508697e-10,0,,225,100
287,1492,2292,1.0897684127314587e-10,0,,225,100
288,1496,2296,4.34436779863512e-08,0,,226,100
289,1504,2304,3.8192701589425244e-06,0,,226,100
290,1509,2309,7.108824912124906e-08,0,,227,100
291,1513,2313,1.1257061472718356e-06,0,,227,100
292,1519,2319,3.2577343231115096e-06,0,,227,100
293,1525,2325,9.781595145034941e-09,0,,225,100
294,1530,2330,2.227e-320,0,,222,100
295,1534,2334,8.179361582122035e-247,0,,222,100
296,1538,2338,8.846376954840288e-220,0,,222,100
297,1544,2344,0.0,0,,221,100
298,1548,2348,0.0,0,,222,100
299,1554,2354,8.018230361007283e-68,0,,222,100
300,1557,2357,2.368407842252981e-26,0,,222,100
301,1564,2364,1.391055280302678e-10,0,,222,100
302,1567,2367,1.595098401846125e-13,0,,222,100
303,1571,2371,1.550490322616831e-16,0,,222,100
304,1581,2381,9.831190170040983e-28,0,,227,100
305,1584,2384,5.427066507143475e-23,0,,227,100
306,1588,2388,5.007737683840015e-24,0,,228,100
307,1595,2395,2.9641048051104743e-08,0,,226,100
308,1598,2398,2.4001791780709072e-09,0,,225,100
309,1605,2405,5.276855561269024e-51,0,,226,100
310,1609,2409,0.0,0,,226,100
311,1613,2413,1.9527170755567583e-247,0,,226,100
312,1618,2418,3.862012376377238e-218,0,,225,100
313,1622,2422,0.0,0,,225,100
314,1629,2429,3.801623055508187e-77,0,,224,100
315,1633,2433,1.251481075237448e-36,0,,224,100
316,1637,2437,1.7386961068008895e-47,0,,223,100
317,1642,2442,5.430881378095283e-13,0,,224,100
318,1645,2445,1.3008632502222825e-05,0,,224,100
319,1649,2449,2.3251855830805593e-06,0,,226,100
320,1656,2456,1.6534285065247145e-38,0,,224,100
321,1660,2460,6.771434612451079e-103,0,,224,100
322,1664,2464,2.8394553958089624e-08,0,,222,100
323,1673,2473,4.6034530020197696e-27,0,,221,100
324,1677,2477,5.219074830705044e-58,0,,220,100
325,1681,2481,0.0,0,,220,100
326,1687,2487,2.1372264523952317e-166,0,,218,100
327,1691,2491,1.714716380482428e-295,0,,219,100
328,1698,2498,4.2024670203860476e-15,0,,217,100
329,1703,2503,0.05673948778284121,1,,214,100
330,1707,2507,0.022905713952409777,1,,213,100
331,1711,2511,2.317282677081959e-06,0,,215,100
332,1716,2516,7.71030387671894e-05,0,,215,100
333,1719,2519,4.6902486882350025e-06,0,,215,100
334,1723,2523,0.0010204589104807777,1,,214,100
335,1730,2530,1.0887264831025865e-11,0,,216,100
336,1733,2533,3.2366493770163635e-89,0,,215,100
337,1737,2537,9.552904673701702e-44,0,,216,100
338,1747,2547,0.0,0,,216,100
339,1750,2550,8.052675953751437e-285,0,,215,100
340,1754,2554,1.8409647886379623e-258,0,,216,100
341,1761,2561,0.0,0,,216,100
342,1764,2564,9.725650030874455e-42,0,,216,100
343,1769,2569,9.826845786993639e-48,0,,216,100
344,1775,2575,1.0094524905132259e-25,0,,216,100
345,1780,2580,4.3649204383072305e-42,0,,220,100
346,1784,2584,5.844775362871782e-39,0,,222,100
347,1791,2591,1.0707311770854014e-121,0,,222,100
348,1795,2595,1.3547913755810964e-121,0,,222,100
349,1798,2598,5.119420153336406e-25,0,,220,100
350,1802,2602,3.625518364803209e-53,0,,219,100
351,1807,2607,2.42162332204195e-240,0,,217,100
352,1812,2612,0.0,0,,214,100
353,1816,2616,0.0,0,,215,100
354,1820,2620,2.525963668191039e-76,0,,215,100
355,1825,2625,2.115815350936554e-175,0,,214,100
356,1829,2629,2.1781170037924798e-143,0,,214,100
357,1835,2635,6.355899199824648e-219,0,,214,100
358,1843,2643,1.366303866159128e-25,0,,214,100
359,1847,2647,3.3684161823901466e-14,0,,214,100
360,1855,2655,2.873179724479419e-50,0,,216,100
361,1861,2661,3.894998923353492e-28,0,,216,100
362,1864,2664,2.223886515947115e-22,0,,216,100
363,1869,2669,1.2540561519952645e-56,0,,216,100
364,1873,2673,7.644162468490996e-63,0,,217,100
365,1878,2678,3.49284240304e-312,0,,215,100
366,1882,2682,4.993309737007562e-216,0,,215,100
367,1886,2686,2.0185816464686874e-203,0,,217,100
368,1893,2693,6.902860941252919e-265,0,,215,100
369,1899,2699,1.642219455565343e-298,0,,216,100
370,1902,2702,0.0,0,,216,100
371,1907,2707,8.419947833733847e-144,0,,215,100
372,1911,2711,2.491671788024363e-189,0,,218,100
373,1918,2718,1.416954413067492e-63,0,,220,100
374,1921,2721,3.052491020369301e-55,0,,220,100
375,1926,2726,1.0771980461094954e-20,0,,220,100
376,1930,2730,2.9805831605867657e-26,0,,219,100
377,1936,2736,3.4804934026395155e-175,0,,220,100
378,1943,2743,2.143103585747721e-16,0,,218,100
379,1948,2748,7.67149618981721e-110,0,,214,100
380,1952,2752,7.890006999783009e-188,0,,214,100
381,1956,2756,5.026191368701942e-178,0,,214,100
382,1960,2760,0.0,0,,214,100
383,1965,2765,0.0,0,,213,100
384,1968,2768,1.707132228889341e-21,0,,215,100
385,1972,2772,6.946461764641728e-25,0,,219,100
386,1982,2782,9.694101279381366e-16,0,,219,100
387,1985,2785,2.5647405323046845e-31,0,,218,100
388,1989,2789,4.919349017799483e-35,0,,220,100
389,1996,2796,2.3345578426945558e-34,0,,220,100
390,1999,2799,2.861626744136491e-44,0,,220,100
391,2004,2804,5.5159802708989875e-52,0,,219,100
392,2010,2810,1.8203977058059017e-49,0,,218,100
393,2015,2815,8.83190192365091e-16,0,,218,100
394,2019,2819,1.9842751469118693e-26,0,,218,100
395,2026,2826,7.084215767011792e-83,0,,216,100
396,2031,2831,1.3135942973970322e-104,0,,213,100
397,2035,2835,1.9735061195100053e-70,0,,212,100
398,2038,2838,5.842369527136583e-92,0,,211,100
399,2043,2843,8.697166555711891e-11,0,,213,100
400,2048,2848,5.90387163303691e-20,0,,213,100
401,2052,2852,9.014614652306467e-21,0,,213,100
402,2056,2856,1.2840283059553973e-18,0,,213,100
403,2060,2860,1.3560503600524742e-46,0,,213,100
404,2065,2865,3.2021826582141994e-58,0,,214,100
405,2069,2869,3.582309539479487e-89,0,,212,100
406,2076,2876,5.052160518228346e-118,0,,212,100
407,2080,2880,2.0189998187008865e-25,0,,211,100
408,2083,2883,2.4143762572004136e-30,0,,211,100
409,2090,2890,7.118495288905771e-07,0,,212,100
410,2094,2894,2.521527185877774e-21,0,,212,100
411,2100,2900,2.4092841716215986e-26,0,,212,100
412,2105,2905,8.573217133128817e-38,0,,211,100
413,2109,2909,7.749171688831776e-38,0,,212,100
414,2119,2919,5.183285617960426e-52,0,,213,100
415,2123,2923,5.315410120331591e-53,0,,214,100
416,2127,2927,3.1509931506097074e-57,0,,215,100
417,2131,2931,4.57860672621363e-22,0,,215,100
418,2136,2936,4.668577619655292e-16,0,,219,100
419,2139,2939,2.048455113460077e-21,0,,219,100
420,2143,2943,2.3904098674145106e-40,0,,219,100
421,2150,2950,1.009428044587579e-222,0,,217,100
422,2155,2955,1.7793923624624135e-14,0,,214,100
423,2159,2959,2.6411048787676292e-55,0,,213,100
424,2163,2963,2.0800514187845535e-84,0,,215,100
425,2171,2971,1.802703725026365e-94,0,,215,100
426,2175,2975,4.581818522619503e-102,0,,214,100
427,2179,2979,8.470243009888065e-103,0,,215,100
428,2187,2987,1.3464088282868551e-92,0,,214,100
429,2192,2992,1.9959872666987665e-83,0,,215,100
430,2196,2996,8.768842022512257e-83,0,,216,100
431,2203,3003,0.0029369626226142236,1,,216,100
432,2209,3009,7.644190566561609e-203,0,,213,100
433,2214,3014,1.489591507582566e-120,0,,210,100
434,2218,3018,1.9892356531604598e-49,0,,211,100
435,2222,3022,1.4875131261848213e-73,0,,211,100
436,2228,3028,8.156157364117776e-56,0,,210,100
437,2232,3032,5.850438371070731e-53,0,,209,100
438,2236,3036,1.4837385876420546e-53,0,,209,100
439,2243,3043,1.0671826755702747e-39,0,,210,100
440,2249,3049,1.0418393462709796e-19,0,,210,100
441,2255,3055,1.691589732945479e-28,0,,212,100
442,2266,3066,6.81053303132668e-17,0,,211,100
443,2270,3070,0.023893832829794626,1,,212,100
444,2277,3077,3.715271444464819e-124,0,,211,100
445,2286,3086,1.0550754082318691e-36,0,,212,100
446,2291,3091,2.5486143786246087e-13,0,,214,100
447,2296,3096,4.304301532472984e-192,0,,213,100
448,2302,3102,1.1317587325625238e-245,0,,212,100
449,2306,3106,6.545264823209655e-35,0,,212,100
450,2311,3111,1.6850644402949698e-121,0,,214,100
451,2316,3116,5.823259059947314e-49,0,,217,100
452,2320,3120,1.5552871702061565e-29,0,,217,100
453,2324,3124,3.340776747036102e-53,0,,217,100
454,2330,3130,1.3733596523609944e-58,0,,218,100
455,2334,3134,2.3136630717809125e-10,0,,218,100
456,2340,3140,7.700640449509364e-05,0,,218,100
457,2343,3143,2.2843441674921742e-08,0,,218,100
458,2347,3147,2.601336656746375e-14,0,,217,100
459,2352,3152,1.1769103452226404e-17,0,,219,100
460,2362,3162,6.637228730309772e-07,0,,218,100
461,2365,3165,3.74252942971049e-10,0,,219,100
462,2374,3174,2.0733164579424517e-259,0,,216,100
463,2379,3179,1.246871300195265e-41,0,,213,100
464,2383,3183,1.604127025567235e-34,0,,214,100
465,2387,3187,1.5435188659998242e-22,0,,214,100
466,2395,3195,1.416644344971825e-39,0,,215,100
467,2401,3201,1.899297486033779e-35,0,,216,100
468,2409,3209,4.5432795621915155e-29,0,,214,100
469,2413,3213,0.00010895158975576389,0,,214,100
470,2419,3219,5.278453486854192e-27,0,,214,100
471,2426,3226,2.657308409970236e-35,0,,216,100
472,2435,3235,3.632598075509548e-48,0,,217,100
473,2440,3240,5.185469857963795e-46,0,,216,100
474,2448,3248,4.047471334354263e-309,0,,216,100
475,2454,3254,2.5608086981613746e-183,0,,218,100
476,2458,3258,2.7812903566890685e-59,0,,218,100
477,2465,3265,3.224812366664259e-47,0,,220,100
478,2473,3273,1.105857556012484e-27,0,,220,100
479,2479,3279,1.1256433555096238e-35,0,,223,100
480,2491,3291,1.6889783337509384e-23,0,,221,100
481,2497,3297,2.759014727565732e-07,0,,222,100
482,2503,3303,1.3944696261014393e-08,0,,222,100
483,2509,3309,0.0009079044871906663,0,,221,100
484,2513,3313,2.6128389841312025e-47,0,,221,100
485,2519,3319,0.0011263033935300557,1,,223,100
486,2526,3326,0.010255217428068866,1,,222,100
487,2531,3331,0.04779050171774963,1,,220,100
488,2537,3337,0.00014553200914355183,0,,220,100
489,2541,3341,8.315523722790399e-23,0,,219,100
490,2547,3347,6.251621354551701e-75,0,,218,100
491,2551,3351,5.3049572055414415e-33,0,,219,100
492,2555,3355,4.895713248456028e-30,0,,219,100
493,2559,3359,4.479177644097747e-48,0,,218,100
494,2564,3364,8.905715605672541e-82,0,,219,100
495,2567,3367,2.2303535803433512e-61,0,,219,100
496,2571,3371,6.197815682456203e-85,0,,222,100
497,2578,3378,4.902015768083566e-16,0,,221,100
498,2583,3383,3.888872952195268e-47,0,,218,100
499,2587,3387,2.3654269407839097e-59,0,,217,100
500,2591,3391,1.8994490196553152e-51,0,,219,100
501,2599,3399,5.35179240340454e-220,0,,219,100
502,2605,3405,4.0873723488654233e-200,0,,219,100
503,2613,3413,1.8020879305587404e-07,0,,219,100
504,2616,3416,1.6518199692904444e-07,0,,219,100
505,2626,3426,3.8410024862552597e-60,0,,219,100
506,2630,3430,3.779855621272847e-34,0,,220,100
507,2640,3440,6.965637417425023e-19,0,,219,100
508,2644,3444,1.3976623749424071e-18,0,,219,100
509,2649,3449,1.148481662243344e-37,0,,219,100
510,2653,3453,2.5029581872125826e-34,0,,219,100
511,2660,3460,1.1201290414916654e-22,0,,220,100
512,2663,3463,3.4205968606734737e-57,0,,219,100
513,2667,3467,9.224940591864148e-75,0,,219,100
514,2673,3473,3.9075299753699143e-48,0,,218,100
515,2677,3477,4.727457841371291e-07,0,,217,100
516,2681,3481,4.0027712370094966e-08,0,,220,100
517,2686,3486,6.28616379704301e-06,0,,223,100
518,2695,3495,4.363074498515072e-52,0,,223,100
519,2698,3498,1.1023124712328112e-53,0,,222,100
520,2702,3502,6.3897962897424835e-46,0,,222,100
521,2710,3510,2.3735522262578874e-35,0,,220,100
522,2715,3515,2.1636829361470905e-100,0,,218,100
523,2719,3519,4.897180923494088e-10,0,,217,100
524,2723,3523,9.963014142839104e-27,0,,218,100
525,2731,3531,6.502962932418585e-20,0,,219,100
526,2735,3535,2.9358456118377734e-35,0,,219,100
527,2739,3539,8.282255417538614e-36,0,,219,100
528,2747,3547,2.5281415367256373e-33,0,,219,100
529,2752,3552,0.017187936004228504,1,,220,100
530,2756,3556,0.00648437486508853,1,,221,100
531,2762,3562,0.0003479667689403273,0,,222,100
532,2768,3568,0.00024063981569585758,0,,218,100
533,2773,3573,6.855258350400105e-226,0,,215,100
534,2777,3577,1.4001570032673624e-33,0,,215,100
535,2781,3581,8.938870624462079e-84,0,,214,100
536,2787,3587,3.3533760297461116e-23,0,,215,100
537,2791,3591,7.743515093589433e-33,0,,214,100
538,2795,3595,8.424443822093648e-19,0,,215,100
539,2801,3601,1.0390240569402747e-29,0,,216,100
540,2807,3607,1.3775348130023207e-34,0,,217,100
541,2813,3613,2.202165024665442e-35,0,,217,100
542,2817,3617,1.0509484692627424e-59,0,,218,100
543,2824,3624,4.167650897950477e-111,0,,219,100
544,2833,3633,4.6490696745338395e-14,0,,220,100
545,2839,3639,1.79546698412582e-11,0,,219,100
546,2843,3643,3.6371790612998223e-26,0,,220,100
547,2849,3649,5.657551155454824e-08,0,,220,100
548,2857,3657,1.5848511091720339e-87,0,,219,100
549,2861,3661,2.3061293477147296e-83,0,,221,100
550,2870,3670,0.40313815879345627,1,,221,100
551,2877,3677,9.438297469447888e-08,0,,222,100
552,2881,3681,0.000988629812366077,0,,223,100
553,2887,3687,8.608759409389486e-07,0,,222,100
554,2890,3690,4.7486043336310615e-09,0,,223,100
555,2894,3694,1.2626540829236104e-12,0,,222,100
556,2900,3700,8.201239650564319e-08,0,,222,100
557,2906,3706,4.246161300427547e-05,0,,222,100
558,2910,3710,6.629372796819713e-08,0,,221,100
559,2916,3716,3.56337406346886e-05,0,,220,100
560,2920,3720,1.2342707664430014e-08,0,,220,100
561,2923,3723,1.4880185223183085e-37,0,,220,100
562,2927,3727,1.5773823976203237e-18,0,,220,100
563,2932,3732,0.008674925809708245,1,,221,100
564,2937,3737,0.00012596750078036577,0,,219,100
565,2941,3741,1.2375601773482868e-08,0,,219,100
566,2945,3745,5.334241547438298e-17,0,,220,100
567,2950,3750,6.784340643063307e-23,0,,220,100
568,2954,3754,7.818436003253426e-13,0,,221,100
569,2960,3760,3.1616384393405353e-21,0,,222,100
570,2963,3763,1.688064936358341e-24,0,,222,100
571,2967,3767,1.6601681705725959e-21,0,,221,100
572,2973,3773,1.7642439952304545e-22,0,,222,100
573,2979,3779,1.8397503755817464e-22,0,,222,100
574,2983,3783,5.045384616665144e-26,0,,221,100
575,2989,3789,2.3268176433136013e-11,0,,221,100
576,2993,3793,3.386196560550203e-11,0,,221,100
577,3000,3800,1.2932768030215573e-15,0,,221,100
578,3006,3806,0.28812205582111733,1,,221,100
579,3012,3812,0.36188720830232723,1,,222,100
580,3018,3818,2.895314120952778e-33,0,,221,100
581,3022,3822,4.5739079487886295e-05,0,,221,100
582,3028,3828,0.00030160413385400754,0,,222,100
583,3034,3834,0.0009427045369646454,0,,222,100
584,3039,3839,1.0080910737498647e-08,0,,224,100
585,3048,3848,3.9001394623633124e-77,0,,222,100
586,3053,3853,3.0307550655306805e-34,0,,222,100
587,3057,3857,1.4218489348900535e-39,0,,223,100
588,3063,3863,1.4160277438783276e-18,0,,224,100
589,3069,3869,1.728719178835965e-59,0,,224,100
590,3073,3873,0.8734349257171414,1,,224,100
591,3079,3879,0.343443906943777,1,,224,100
592,3083,3883,0.10490128209990421,1,,223,100
593,3087,3887,0.03080592170640202,1,,225,100
594,3091,3891,0.040266306537116235,1,,224,100
595,3096,3896,0.05509363318681184,1,,223,100
596,3099,3899,0.004299778377023347,1,,222,100
597,3103,3903,0.001023099895533829,1,,222,100
598,3110,3910,2.0264253838330068e-16,0,,221,100
599,3115,3915,2.58520377022999e-18,0,,218,100
600,3119,3919,2.7947358700167262e-18,0,,218,100
601,3123,3923,1.4273009441840293e-75,0,,218,100
602,3129,3929,0.5217574414017958,1,,218,100
603,3133,3933,2.117866540023334e-05,0,,217,100
604,3136,3936,0.00444937606949495,1,,219,100
605,3141,3941,3.4326273340676734e-16,0,,223,100
606,3145,3945,3.155335189634316e-17,0,,223,100
607,3148,3948,3.761847290548525e-14,0,,223,100
608,3152,3952,3.729563127356909e-14,0,,222,100
609,3159,3959,2.940712761679306e-19,0,,221,100
610,3165,3965,7.541547534782974e-17,0,,222,100
611,3169,3969,2.1003692980617643e-18,0,,224,100
612,3179,3979,5.582781411649455e-28,0,,222,100
613,3183,3983,1.8305396862605053e-37,0,,222,100
614,3187,3987,1.2470798088842717e-20,0,,222,100
615,3192,3992,1.657699308056765e-35,0,,223,100
616,3197,3997,9.490567912203916e-147,0,,223,100
617,3206,4006,2.943334022154792e-166,0,,225,100
618,3211,4011,1.1294756433384794e-08,0,,226,100
619,3215,4015,0.6430139937734006,1,,225,100
620,3220,4020,6.903981321019418e-31,0,,225,100
621,3223,4023,3.2254532067393504e-11,0,,225,100
622,3227,4027,1.83113940200376e-07,0,,224,100
623,3232,4032,8.09486493449242e-41,0,,224,100
624,3236,4036,4.0726556784766956e-33,0,,223,100
625,3241,4041,2.291542617088095e-12,0,,223,100
626,3245,4045,1.973377897993489e-20,0,,223,100
627,3250,4050,3.904780103669045e-15,0,,222,100
628,3253,4053,1.0491462722116782e-25,0,,222,100
629,3257,4057,1.7052447947288935e-26,0,,222,100
630,3262,4062,4.5532611539236166e-54,0,,220,100
631,3266,4066,4.676266460059673e-61,0,,219,100
632,3271,4071,6.213056678675322e-62,0,,221,100
633,3275,4075,1.8328188688103006e-50,0,,222,100
634,3283,4083,6.452886781127248e-10,0,,222,100
635,3287,4087,0.7048216260284078,1,,221,100
636,3292,4092,0.0007785697590089724,0,,221,100
637,3296,4096,0.7329627740951272,1,,221,100
638,3300,4100,9.173327790350388e-48,0,,220,100
639,3307,4107,2.63627109583593e-40,0,,220,100
640,3311,4111,1.4208438700662562e-05,0,,220,100
641,3316,4116,1.462333133101422e-08,0,,220,100
642,3322,4122,2.4284002030156002e-08,0,,221,100
643,3331,4131,6.5008498510543464e-37,0,,223,100
644,3337,4137,7.110462442266997e-16,0,,228,100
645,3342,4142,1.2062211665977571e-24,0,,229,100
646,3351,4151,0.002649526962693359,1,,228,100
647,3356,4156,0.11426606994330614,1,,228,100
648,3360,4160,0.2598692879907711,1,,227,100
649,3368,4168,1.1743838935730322e-06,0,,225,100
650,3373,4173,5.198318262095487e-37,0,,223,100
651,3376,4176,5.203795564463503e-39,0,,222,100
652,3380,4180,5.360797497252145e-93,0,,223,100
653,3388,4188,3.2140365579363916e-82,0,,225,100
654,3392,4192,7.9198779118439e-71,0,,225,100
655,3395,4195,1.5426278075880294e-156,0,,225,100
656,3399,4199,1.4882462783127242e-43,0,,225,100
657,3403,4203,7.568646370375688e-39,0,,225,100
658,3410,4210,3.1231967488286134e-11,0,,226,100
659,3413,4213,1.5832234295411615e-09,0,,225,100
660,3417,4217,4.628166727785754e-15,0,,225,100
661,3423,4223,9.482588417979712e-19,0,,226,100
662,3426,4226,5.223622154312365e-09,0,,225,100
663,3430,4230,2.2598631020791398e-17,0,,225,100
664,3438,4238,2.3540226007571068e-14,0,,225,100
665,3441,4241,1.0259699368111056e-10,0,,223,100
666,3446,4246,7.758014461500188e-25,0,,222,100
667,3451,4251,1.0649632131090276e-18,0,,223,100
668,3455,4255,1.6836925518350455e-13,0,,223,100
669,3462,4262,9.521750161441743e-08,0,,224,100
670,3470,4270,2.485855050104157e-16,0,,228,100
671,3473,4273,7.534294250498683e-20,0,,228,100
672,3480,4280,1.1435167567702788e-11,0,,225,100
673,3485,4285,1.7993294077279939e-66,0,,222,100
674,3489,4289,2.0798194403002028e-106,0,,222,100
675,3493,4293,6.781644497110633e-37,0,,224,100
676,3501,4301,1.709678677054243e-92,0,,222,100
677,3507,4307,3.158962124452282e-21,0,,222,100
678,3511,4311,1.3463009775123721e-15,0,,220,100
679,3515,4315,1.7869026282164204e-15,0,,221,100
680,3520,4320,6.544364298039711e-16,0,,221,100
681,3525,4325,1.107388062496629e-24,0,,222,100
682,3531,4331,6.037577800313331e-15,0,,221,100
683,3534,4334,5.696650095599152e-17,0,,223,100
684,3544,4344,1.653847716851873e-16,0,,227,100
685,3548,4348,1.0497499649345124e-08,0,,226,100
686,3558,4358,7.2630439826861e-82,0,,226,100
687,3562,4362,3.750369867599379e-85,0,,226,100
688,3572,4372,4.8588526535129364e-287,0,,226,100
689,3576,4376,1.7106970303816915e-288,0,,225,100
690,3583,4383,7.203878177614976e-06,0,,225,100
691,3587,4387,5.658207275121505e-24,0,,225,100
692,3594,4394,4.9051114269854774e-11,0,,224,100
693,3598,4398,1.9036909687956891e-10,0,,223,100
694,3602,4402,6.743621485270583e-15,0,,223,100
695,3607,4407,6.176338432273692e-20,0,,224,100
696,3616,4416,3.5677295287105058e-06,0,,224,100
697,3621,4421,0.0011601345463768257,1,,224,100
698,3625,4425,2.8492426734810505e-16,0,,224,100
699,3630,4430,1.9640025250250125e-98,0,,225,100
700,3633,4433,1.1089638831255402e-74,0,,223,100
701,3637,4437,1.1733364056434398e-59,0,,223,100
702,3642,4442,2.1998213480104157e-42,0,,222,100
703,3646,4446,5.471090277929823e-36,0,,222,100
704,3651,4451,4.6433822714046e-44,0,,223,100
705,3655,4455,1.7762420107035493e-10,0,,222,100
706,3660,4460,8.801118660845422e-17,0,,222,100
707,3663,4463,2.1782460013161353e-36,0,,221,100
708,3667,4467,1.9553213900539607e-23,0,,221,100
709,3672,4472,5.141473480423657e-72,0,,220,100
710,3676,4476,1.098235114087354e-66,0,,222,100
711,3681,4481,6.98273560647969e-126,0,,225,100
712,3687,4487,2.1190980629878138e-10,0,,224,100
713,3694,4494,1.101074098720471e-35,0,,226,100
714,3700,4500,2.768879043838218e-33,0,,225,100
715,3705,4505,1.5173357321071835e-20,0,,224,100
716,3712,4512,7.245423354710111e-23,0,,224,100
717,3717,4517,2.5647542148766404e-94,0,,225,100
718,3721,4521,3.0962911008704135e-52,0,,225,100
719,3729,4529,9.213426098022307e-36,0,,222,100
720,3734,4534,0.0,0,,220,100
721,3738,4538,7.420144173790023e-22,0,,220,100
722,3742,4542,7.1513940026779325e-65,0,,219,100
723,3748,4548,4.2641123262108644e-46,0,,220,100
724,3756,4556,1.2224318692366147e-24,0,,219,100
725,3758,4558,7.9847264497019e-47,0,,219,100
726,3763,4563,3.724456320206641e-46,0,,219,100
727,3769,4569,1.0733468328720878e-49,0,,218,100
728,3773,4573,8.272308110445503e-105,0,,218,100
729,3779,4579,8.757897776050483e-75,0,,220,100
730,3784,4584,4.124997783520954e-63,0,,220,100
731,3792,4592,2.4638925873750403e-89,0,,219,100
732,3798,4598,1.2536053263979418e-108,0,,217,100
733,3804,4604,1.44121446742197e-115,0,,217,100
734,3807,4607,4.160987357076514e-266,0,,217,100
735,3812,4612,1.41306e-318,0,,219,100
736,3816,4616,2.3901505416927116e-34,0,,222,100
737,3821,4621,1.2412353420443756e-37,0,,221,100
738,3824,4624,1.3779674805797496e-51,0,,221,100
739,3828,4628,1.7880652762431938e-60,0,,221,100
740,3832,4632,1.7298652775585616e-21,0,,221,100
741,3839,4639,1.5749759308648505e-45,0,,220,100
742,3843,4643,1.3100616144881983e-56,0,,219,100
743,3849,4649,2.1231609628812487e-43,0,,220,100
744,3855,4655,1.0674763491970048e-37,0,,218,100
745,3858,4658,8.581012672182071e-09,0,,218,100
746,3862,4662,2.032121982153151e-11,0,,218,100
747,3868,4668,8.884994251220629e-36,0,,218,100
748,3871,4671,5.919326403647002e-64,0,,217,100
749,3875,4675,3.2392818659909667e-98,0,,217,100
750,3881,4681,4.185909247597228e-131,0,,218,100
751,3884,4684,6.670353971319275e-286,0,,218,100
752,3886,4686,5.974291816087357e-53,0,,217,100
753,3891,4691,9.145915271708866e-58,0,,218,100
754,3900,4700,3.223177870384673e-06,0,,218,100
755,3906,4706,4.454924278624723e-05,0,,218,100
756,3909,4709,0.01605765979917031,1,,218,100
757,3913,4713,6.099487059239429e-26,0,,217,100
758,3916,4716,4.90528851299789e-34,0,,217,100
759,3922,4722,3.9578140900499996e-33,0,,217,100
760,3925,4725,1.5815477360244478e-29,0,,217,100
761,3929,4729,6.720583403180505e-20,0,,217,100
762,3936,4736,7.036256557471086e-41,0,,215,100
763,3941,4741,9.912997236328277e-127,0,,211,100
764,3945,4745,1.696443121248308e-285,0,,211,100
765,3948,4748,5.15104995616746e-47,0,,211,100
766,3954,4754,1.3157578005226438e-95,0,,214,100
767,3960,4760,1.633237525075599e-17,0,,215,100
768,3963,4763,2.3411524154837177e-23,0,,217,100
769,3967,4767,8.372772936112257e-30,0,,217,100
770,3974,4774,1.0580622287963106e-12,0,,216,100
771,3978,4778,1.492970690559071e-09,0,,215,100
772,3981,4781,1.5927526468642333e-11,0,,215,100
773,3987,4787,1.7846327486322495e-83,0,,216,100
774,3992,4792,3.0281551054402883e-21,0,,215,100
775,3995,4795,4.8011681802217135e-22,0,,215,100
776,3999,4799,1.5308662231514845e-23,0,,214,100
777,4004,4804,9.762718538000638e-35,0,,212,100
778,4008,4808,4.0787615023580915e-38,0,,212,100
779,4011,4811,2.919846668593618e-50,0,,212,100
780,4017,4817,2.9350809756255485e-73,0,,213,100
781,4023,4823,1.9450785105575018e-69,0,,214,100
782,4028,4828,1.1600886800338662e-59,0,,215,100
783,4037,4837,2.792963245016047e-28,0,,214,100
784,4042,4842,1.3623414729349527e-17,0,,215,100
785,4046,4846,4.452801805708688e-19,0,,215,100
786,4053,4853,1.6082720968192187e-14,0,,214,100
787,4061,4861,2.0180269475997835e-30,0,,214,100
788,4067,4867,3.521745586475334e-32,0,,215,100
789,4070,4870,1.9712576023631773e-91,0,,214,100
790,4076,4876,2.6426869845776113e-57,0,,213,100
791,4078,4878,2.587416088505596e-22,0,,213,100
792,4083,4883,1.545231871484354e-11,0,,213,100
793,4089,4889,2.6552724164792192e-17,0,,214,100
794,4095,4895,1.9005437156293186e-15,0,,215,100
795,4101,4901,3.167138477359812e-20,0,,217,100
796,4106,4906,2.6232597921408884e-19,0,,216,100
797,4110,4910,5.296860180491886e-13,0,,217,100
798,4116,4916,2.6280508144364564e-18,0,,216,100
799,4120,4920,1.8602905536834117e-08,0,,216,100
800,4123,4923,6.830221729705856e-05,0,,216,100
801,4127,4927,7.535181153609521e-10,0,,216,100
802,4132,4932,1.563018862923517e-15,0,,212,100
803,4137,4937,1.6421914727686667e-93,0,,210,100
804,4141,4941,3.4179758965915245e-69,0,,210,100
805,4145,4945,2.4750849097379657e-57,0,,211,100
806,4149,4949,1.1298903809695924e-07,0,,210,100
807,4155,4955,1.3439222977037876e-37,0,,211,100
808,4161,4961,2.873606688909335e-52,0,,212,100
809,4166,4966,2.2972417749836498e-69,0,,212,100
810,4169,4969,2.6087264626354275e-21,0,,214,100
811,4173,4973,1.6464774079404977e-14,0,,216,100
812,4179,4979,1.6627213583503213e-11,0,,215,100
813,4184,4984,7.342349897450468e-17,0,,215,100
814,4192,4992,1.3679664445014484e-31,0,,215,100
815,4195,4995,1.0136922885224902e-39,0,,214,100
816,4199,4999,1.3180347298570833e-48,0,,213,100
817,4204,5004,3.4542499733373253e-47,0,,213,100
818,4210,5010,2.0264474786490723e-22,0,,213,100
819,4214,5014,1.6683290871848316e-23,0,,213,100
820,4218,5018,1.3983077237938243e-23,0,,214,100
821,4226,5026,9.274251045869205e-13,0,,213,100
822,4230,5030,2.474581831534822e-38,0,,213,100
823,4234,5034,5.271167591588049e-41,0,,213,100
824,4242,5042,1.0018386093437756e-62,0,,214,100
825,4247,5047,5.695568972743863e-53,0,,215,100
826,4251,5051,1.8377142011564418e-60,0,,215,100
827,4257,5057,8.963134698990492e-30,0,,217,100
828,4263,5063,1.4065007057294532e-44,0,,216,100
829,4267,5067,7.941622494077573e-96,0,,214,100
830,4272,5072,2.828344131823489e-91,0,,214,100
831,4276,5076,1.3230369745252676e-98,0,,215,100
832,4284,5084,3.354337653846956e-20,0,,215,100
833,4288,5088,1.4132525569280783e-11,0,,215,100
834,4292,5092,8.94464498580468e-10,0,,215,100
835,4298,5098,6.985857601272207e-13,0,,216,100
836,4303,5103,4.682034335218336e-24,0,,216,100
837,4313,5113,2.525889462992039e-14,0,,215,100
838,4317,5117,4.0955741117975144e-25,0,,216,100
839,4321,5121,1.602807725560453e-29,0,,217,100
840,4325,5125,5.897307879471755e-23,0,,217,100
841,4330,5130,5.7524921207756835e-21,0,,218,100
842,4333,5133,3.839730180086532e-30,0,,217,100
843,4340,5140,1.8565919041752825e-116,0,,214,100
844,4344,5144,1.723058760055638e-151,0,,212,100
845,4348,5148,1.7416148581697218e-100,0,,212,100
846,4351,5151,6.322759360281681e-106,0,,212,100
847,4355,5155,9.735695432703694e-152,0,,212,100
848,4363,5163,1.457934023779592e-79,0,,212,100
849,4367,5167,3.844733923335296e-139,0,,213,100
850,4371,5171,2.493863190018827e-45,0,,213,100
851,4377,5177,8.292126187618807e-118,0,,213,100
852,4381,5181,7.746653848861254e-42,0,,213,100
853,4386,5186,3.1211469599079084e-68,0,,213,100
854,4392,5192,9.344217648779316e-95,0,,214,100
855,4395,5195,1.7143854529437685e-45,0,,215,100
856,4399,5199,3.9096797589278984e-61,0,,218,100
857,4405,5205,8.430006732949302e-41,0,,219,100
858,4409,5209,1.3929616429637517e-77,0,,218,100
859,4412,5212,7.357646070229038e-97,0,,219,100
860,4419,5219,2.107445791944302e-96,0,,218,100
861,4422,5222,2.581295369864542e-86,0,,217,100
862,4426,5226,5.106215956488836e-89,0,,218,100
863,4434,5234,4.213715458355014e-31,0,,217,100
864,4438,5238,2.0167047120811107e-19,0,,217,100
865,4443,5243,4.835411568380473e-24,0,,217,100
866,4447,5247,1.3576262491635622e-44,0,,218,100
867,4451,5251,0.0,0,,217,100
868,4456,5256,9.361376514167453e-294,0,,218,100
869,4462,5262,2.9179445145994747e-261,0,,218,100
870,4465,5265,5.475979440973162e-239,0,,218,100
871,4469,5269,3.820295464925445e-197,0,,219,100
872,4476,5276,1.2538304880452812e-96,0,,217,100
873,4480,5280,7.282287256579772e-163,0,,215,100
874,4484,5284,2.20669584219887e-180,0,,215,100
875,4488,5288,3.5966384021589896e-225,0,,217,100
876,4496,5296,3.6647603969891935e-131,0,,215,100
877,4500,5300,1.2305588977190448e-139,0,,219,100
878,4508,5308,2.018512736322466e-40,0,,221,100
879,4513,5313,1.1802983519760664e-28,0,,220,100
880,4517,5317,6.545186426835334e-51,0,,221,100
881,4528,5328,3.529872525737755e-258,0,,220,100
882,4532,5332,0.0,0,,219,100
883,4540,5340,2.628088347222708e-50,0,,220,100
884,4545,5345,8.544262173641377e-106,0,,219,100
885,4548,5348,1.7565957557713811e-84,0,,219,100
886,4551,5351,2.2290974791301474e-55,0,,219,100
887,4554,5354,4.505186626712585e-36,0,,218,100
888,4558,5358,6.102474215643858e-31,0,,219,100
889,4565,5365,6.658591590744303e-103,0,,218,100
890,4570,5370,3.573457874945027e-54,0,,219,100
891,4574,5374,2.3337841247040684e-74,0,,220,100
892,4578,5378,5.701598967386375e-68,0,,218,100
893,4583,5383,2.2284614156677085e-68,0,,219,100
894,4589,5389,1.4255174544210405e-68,0,,219,100
895,4593,5393,3.074846428067598e-68,0,,220,100
896,4601,5401,1.0619432714857763e-27,0,,220,100
897,4605,5405,1.3318545138595094e-75,0,,220,100
898,4612,5412,6.520720001687803e-77,0,,219,100
899,4616,5416,2.969857471421042e-71,0,,217,100
900,4622,5422,4.474120621314634e-70,0,,217,100
901,4626,5426,1.8763775909127332e-87,0,,217,100
902,4630,5430,3.0979723786231878e-77,0,,218,100
903,4642,5442,8.884775912124523e-24,0,,220,100
904,4645,5445,6.840048051079909e-62,0,,220,100
905,4649,5449,1.772077267678446e-65,0,,221,100
906,4657,5457,1.510684302194439e-67,0,,221,100
907,4661,5461,2.443535819083186e-41,0,,221,100
908,4664,5464,3.2636981486089496e-44,0,,221,100
909,4668,5468,3.394871935465872e-80,0,,221,100
910,4674,5474,1.788662522749107e-50,0,,221,100
911,4679,5479,0.0,0,,221,100
912,4684,5484,0.0,0,,221,100
913,4689,5489,0.0,0,,220,100
914,4698,5498,3.87728853627214e-82,0,,220,100
915,4701,5501,1.1743511808294582e-88,0,,220,100
916,4705,5505,3.1073312938718574e-78,0,,220,100
917,4709,5509,1.5284861079454406e-60,0,,223,100
918,4714,5514,1.312743114544322e-63,0,,225,100
919,4718,5518,1.0731348656744725e-81,0,,227,100
920,4723,5523,2.0145774095374945e-21,0,,225,100
921,4727,5527,8.283701387976468e-18,0,,226,100
922,4732,5532,2.5783342232775108e-36,0,,225,100
923,4736,5536,5.139413515327214e-89,0,,226,100
924,4742,5542,1.6939831527200849e-44,0,,226,100
925,4746,5546,3.1551314842839795e-37,0,,226,100
926,4750,5550,5.503717126021861e-153,0,,225,100
927,4759,5559,1.812302466597776e-240,0,,223,100
928,4763,5563,5.8414414954644986e-24,0,,221,100
929,4767,5567,1.1544700713146327e-13,0,,221,100
930,4773,5573,6.063093565517689e-07,0,,221,100
931,4779,5579,1.6018893971562032e-13,0,,223,100
932,4782,5582,1.5230752126877576e-11,0,,223,100
933,4786,5586,2.9617130916972683e-27,0,,223,100
934,4792,5592,5.718909398457174e-08,0,,223,100
935,4799,5599,1.4829973188962433e-21,0,,224,100
936,4802,5602,2.4253695378040565e-39,0,,224,100
937,4806,5606,2.803638835035435e-62,0,,223,100
938,4809,5609,1.7884816016352054e-32,0,,223,100
939,4813,5613,2.245595393917773e-28,0,,222,100
940,4820,5620,1.0717348170889324e-124,0,,221,100
941,4824,5624,4.040404553742586e-38,0,,224,100
942,4830,5630,1.3359000303020865e-34,0,,227,100
943,4835,5635,1.76511421174163e-35,0,,226,100
944,4838,5638,5.2365782614795895e-45,0,,226,100
945,4842,5642,1.9621774176143976e-28,0,,226,100
946,4848,5648,3.5761647063998405e-18,0,,226,100
947,4855,5655,3.023039865459387e-15,0,,227,100
948,4858,5658,1.7450539572174458e-13,0,,229,100
949,4864,5664,3.443425820673717e-41,0,,228,100
950,4868,5668,6.071615913777199e-71,0,,228,100
951,4872,5672,2.677440805541893e-58,0,,229,100
952,4877,5677,3.626312843652286e-16,0,,228,100
953,4881,5681,2.216211175931433e-43,0,,228,100
954,4885,5685,8.100265514047906e-59,0,,227,100
955,4889,5689,1.0009853855935617e-41,0,,226,100
956,4896,5696,4.877785842372047e-37,0,,226,100
957,4899,5699,7.627365606847611e-37,0,,226,100
958,4902,5702,1.0297045953733747e-36,0,,226,100
959,4907,5707,2.6995451773178525e-41,0,,226,100
960,4912,5712,2.7606219719005907e-54,0,,227,100
961,4916,5716,4.4980888146174785e-42,0,,228,100
962,4923,5723,1.5530473052611422e-09,0,,227,100
963,4927,5727,2.2815832470240484e-16,0,,227,100
964,4933,5733,5.968042789367965e-19,0,,227,100
965,4937,5737,4.396547382801541e-30,0,,230,100
966,4941,5741,7.435720483588749e-53,0,,232,100
967,4943,5743,2.5804539552378805e-65,0,,231,100
968,4947,5747,7.863407458695575e-21,0,,231,100
969,4950,5750,1.1656055922038982e-23,0,,232,100
970,4955,5755,7.113906268977135e-17,0,,231,100
971,4959,5759,2.862308089837716e-222,0,,230,100
972,4968,5768,7.402574561907547e-18,0,,229,100
973,4972,5772,9.23189578485816e-31,0,,227,100
974,4976,5776,2.618338586744824e-26,0,,228,100
975,4982,5782,5.088615313789818e-22,0,,228,100
976,4987,5787,4.619025460089165e-25,0,,229,100
977,4990,5790,2.4164022786545132e-12,0,,228,100
978,4992,5792,1.1141703619131402e-36,0,,228,100
979,4997,5797,1.5207810380783616e-26,0,,229,100
980,5002,5802,8.114757327327735e-25,0,,229,100
981,5006,5806,1.1024737893728502e-20,0,,230,100
982,5013,5813,3.3361180364701663e-18,0,,230,100
983,5017,5817,8.581569783641893e-22,0,,234,100
984,5025,5825,1.043297657622133e-10,0,,235,100
985,5029,5829,2.4834299010047023e-35,0,,235,100
986,5035,5835,5.800448237560634e-222,0,,235,100
987,5040,5840,3.690045138183377e-09,0,,235,100
988,5043,5843,1.2646932090897889e-08,0,,235,100
989,5047,5847,8.605354079270482e-10,0,,234,100
990,5056,5856,1.471749878073712e-08,0,,232,100
991,5060,5860,7.669161704202262e-65,0,,231,100
992,5064,5864,1.9445327878972013e-79,0,,232,100
993,5068,5868,2.7978955041992267e-70,0,,233,100
994,5073,5873,1.1465562260139043e-74,0,,232,100
995,5077,5877,7.292765438376173e-52,0,,233,100
996,5084,5884,1.5470820356166045e-31,0,,234,100
997,5088,5888,1.3985530926348214e-40,0,,234,100
998,5091,5891,3.1554410482712956e-30,0,,233,100
999,5095,5895,9.337260340540273e-67,0,,233,100
1000,5100,5900,1.1555086613375747e-74,0,,233,100
1001,5103,5903,1.3722958945390935e-45,0,,233,100
1002,5107,5907,1.6111668608099796e-22,0,,232,100
1003,5115,5915,1.4357952676185267e-70,0,,233,100
1004,5119,5919,1.7639157218212117e-20,0,,230,100
1005,5128,5928,3.69258662623567e-23,0,,235,100
1006,5133,5933,7.882646572591427e-34,0,,235,100
1007,5137,5937,4.895777346357086e-65,0,,235,100
1008,5146,5946,1.882811742790705e-40,0,,235,100
1009,5150,5950,2.947527389000105e-42,0,,236,100
1010,5157,5957,3.124789332032835e-28,0,,236,100
1011,5160,5960,2.7490003643512147e-17,0,,235,100
1012,5166,5966,2.5510125704031104e-41,0,,235,100
1013,5170,5970,4.355061695680289e-38,0,,236,100
1014,5174,5974,4.310708415417142e-35,0,,238,100
1015,5181,5981,1.860081849151673e-45,0,,238,100
1016,5183,5983,2.0361328345286404e-30,0,,238,100
1017,5190,5990,6.686995929195159e-24,0,,238,100
1018,5197,5997,3.7871330876043964e-17,0,,235,100
1019,5201,6001,3.7024825335877634e-42,0,,232,100
1020,5205,6005,2.70963485746571e-32,0,,232,100
1021,5209,6009,8.154508350895799e-44,0,,233,100
1022,5214,6014,9.265886367240703e-35,0,,233,100
1023,5218,6018,5.748153916150925e-24,0,,233,100
1024,5226,6026,4.217012484700472e-80,0,,235,100
1025,5228,6028,2.3644504312767995e-83,0,,235,100
1026,5235,6035,3.1015948335723623e-77,0,,235,100
1027,5244,6044,2.2233029812823002e-79,0,,235,100
1028,5247,6047,7.738663244772201e-111,0,,236,100
1029,5253,6053,2.810838567481602e-31,0,,235,100
1030,5257,6057,0.0,0,,235,100
1031,5263,6063,7.718449182867236e-22,0,,240,100
1032,5266,6066,2.0885240612514025e-11,0,,239,100
1033,5270,6070,1.4674506214665698e-36,0,,239,100
1034,5274,6074,2.461104953936009e-13,0,,239,100
1035,5278,6078,9.446291360605402e-12,0,,240,100
1036,5283,6083,3.955074196862904e-12,0,,239,100
1037,5286,6086,7.081506091628974e-21,0,,239,100
1038,5290,6090,5.484481209795402e-21,0,,239,100
1039,5299,6099,2.2285854713691687e-304,0,,238,100
1040,5303,6103,3.205932138653936e-272,0,,236,100
1041,5307,6107,9.222635871062107e-217,0,,236,100
1042,5311,6111,2.3416815880130754e-82,0,,235,100
1043,5314,6114,4.459439628342402e-52,0,,235,100
1044,5318,6118,0.0,0,,235,100
1045,5325,6125,2.2121175320665642e-66,0,,235,100
1046,5330,6130,2.5940804055449336e-81,0,,237,100
1047,5334,6134,2.790720825764127e-89,0,,239,100
1048,5339,6139,7.976772626392813e-34,0,,237,100
1049,5343,6143,2.499229878974799e-45,0,,238,100
1050,5346,6146,1.4221003053861826e-38,0,,237,100
1051,5351,6151,1.8639553303307902e-25,0,,238,100
1052,5357,6157,2.5072041847878598e-34,0,,238,100
1053,5362,6162,5.739283377524032e-09,0,,242,100
1054,5367,6167,1.3652089764893482e-18,0,,244,100
1055,5370,6170,1.9951038850507638e-54,0,,243,100
1056,5379,6179,1.6647738460527361e-77,0,,244,100
1057,5382,6182,5.1758245900807976e-98,0,,244,100
1058,5386,6186,1.8344575643429076e-102,0,,244,100
1059,5393,6193,2.5159246965683064e-134,0,,242,100
1060,5397,6197,1.5840549566328578e-227,0,,242,100
1061,5402,6202,1.17e-321,0,,243,100
1062,5406,6206,1.8962962160404317e-258,0,,243,100
1063,5412,6212,1.892159803613065e-77,0,,243,100
1064,5416,6216,1.1053824196283548e-61,0,,242,100
1065,5421,6221,7.626866714720644e-96,0,,242,100
1066,5424,6224,3.479927185888434e-60,0,,242,100
1067,5429,6229,4.842743351109212e-144,0,,242,100
1068,5434,6234,4.245393585929929e-168,0,,243,100
1069,5437,6237,0.0,0,,243,100
1070,5441,6241,0.0,0,,241,100
1071,5447,6247,1.814451655371457e-42,0,,241,100
1072,5450,6250,5.56885976465632e-48,0,,241,100
1073,5454,6254,1.1406128843571666e-60,0,,240,100
1074,5462,6262,8.358903401251573e-51,0,,242,100
1075,5466,6266,2.944212689267024e-94,0,,245,100
1076,5470,6270,2.0246657182111577e-95,0,,245,100
1077,5475,6275,1.636790816442251e-74,0,,245,100
1078,5478,6278,7.502051315733447e-117,0,,245,100
1079,5488,6288,5.789448634420213e-98,0,,246,100
1080,5491,6291,2.530792789219989e-71,0,,246,100
1081,5496,6296,1.1754595108521558e-83,0,,246,100
1082,5500,6300,2.975087663204628e-35,0,,246,100
1083,5507,6307,0.0,0,,244,100
1084,5512,6312,5.300360137139271e-52,0,,241,100
1085,5516,6316,6.395933531265855e-37,0,,241,100
1086,5518,6318,4.773772916458426e-77,0,,241,100
1087,5524,6324,1.7871865016247154e-122,0,,241,100
1088,5529,6329,3.85727034430363e-71,0,,241,100
1089,5533,6333,1.003420235485377e-105,0,,241,100
1090,5536,6336,2.5551160599061233e-115,0,,242,100
1091,5541,6341,9.223949577042702e-105,0,,241,100
1092,5544,6344,4.6973084982883114e-98,0,,242,100
1093,5550,6350,3.619955708255168e-105,0,,243,100
1094,5554,6354,2.819178869489504e-102,0,,243,100
1095,5562,6362,2.0351235447854236e-112,0,,242,100
1096,5566,6366,8.358597748087803e-102,0,,242,100
1097,5571,6371,3.030694319641559e-143,0,,243,100
1098,5578,6378,8.5317509408274e-144,0,,242,100
1099,5581,6381,9.615323790213237e-86,0,,242,100
1100,5585,6385,1.9359542895504746e-88,0,,242,100
1101,5593,6393,3.2596579063471167e-37,0,,240,100
1102,5597,6397,1.7544814438590057e-34,0,,241,100
1103,5604,6404,1.942081747241762e-99,0,,240,100
1104,5609,6409,4.870067788877698e-67,0,,244,100
1105,5614,6414,5.7676818167331505e-83,0,,246,100
1106,5622,6422,4.0006839658200116e-106,0,,244,100
1107,5627,6427,1.1987222511534642e-11,0,,241,100
1108,5631,6431,3.1353684612255626e-86,0,,241,100
1109,5636,6436,1.631889268531865e-65,0,,242,100
1110,5639,6439,3.501982740543015e-87,0,,242,100
1111,5643,6443,4.386019607445998e-123,0,,242,100
1112,5649,6449,8.313887008945809e-111,0,,242,100
1113,5652,6452,4.268185246463775e-92,0,,242,100
1114,5659,6459,4.623017376188314e-55,0,,241,100
1115,5664,6464,1.0602141006985219e-63,0,,241,100
1116,5667,6467,9.607846966942525e-85,0,,241,100
1117,5670,6470,6.369363934798297e-58,0,,240,100
1118,5676,6476,5.076483490006587e-68,0,,241,100
1119,5687,6487,3.2204955293841925e-67,0,,243,100
1120,5691,6491,4.402934707604149e-78,0,,241,100
1121,5697,6497,4.358547983240881e-40,0,,242,100
1122,5702,6502,2.8453692385606667e-96,0,,242,100
1123,5705,6505,1.4145579769524744e-36,0,,242,100
1124,5714,6514,1.0976120499389682e-123,0,,240,100
1125,5720,6520,3.218763560380407e-122,0,,243,100
1126,5726,6526,1.4000700121340285e-60,0,,246,100
1127,5729,6529,2.897228074955436e-271,0,,246,100
1128,5735,6535,1.3680525854022554e-223,0,,245,100
1129,5740,6540,2.2194149145963566e-46,0,,242,100
1130,5744,6544,4.013233258686214e-39,0,,242,100
1131,5748,6548,2.4526656638532874e-49,0,,241,100
1132,5753,6553,7.369251387000806e-52,0,,242,100
1133,5756,6556,1.6044918078157294e-49,0,,241,100
1134,5761,6561,1.7223309921962865e-35,0,,240,100
1135,5766,6566,1.2482014505316456e-40,0,,240,100
1136,5769,6569,4.746810700193607e-156,0,,239,100
1137,5775,6575,1.3374481529458897e-113,0,,239,100
1138,5781,6581,2.975258184907806e-104,0,,239,100
1139,5784,6584,1.0337917444373859e-101,0,,238,100
1140,5793,6593,1.676410604837607e-190,0,,239,100
1141,5797,6597,3.2761096362483734e-167,0,,239,100
1142,5801,6601,5.787725739984898e-177,0,,238,100
1143,5806,6606,1.117336450275508e-22,0,,238,100
1144,5814,6614,2.195741255075825e-78,0,,237,100
1145,5819,6619,1.2858895260833488e-48,0,,235,100
1146,5823,6623,1.3523237237835366e-198,0,,235,100
1147,5827,6627,1.2800787798184529e-229,0,,235,100
1148,5832,6632,1.9952328420738946e-190,0,,234,100
1149,5835,6635,2.297622525650569e-134,0,,233,100
1150,5839,6639,1.175687021653704e-98,0,,233,100
1151,5846,6646,5.133273709062292e-261,0,,234,100
1152,5852,6652,1.976797078871261e-220,0,,234,100
1153,5855,6655,2.0095716051632317e-144,0,,235,100
1154,5862,6662,7.778500298401371e-114,0,,233,100
1155,5866,6666,1.381330573230504e-60,0,,232,100
1156,5871,6671,2.2190112219064043e-38,0,,232,100
1157,5874,6674,1.3833398462718948e-25,0,,232,100
1158,5877,6677,5.607120345653931e-38,0,,232,100
1159,5882,6682,1.9033996124470264e-84,0,,232,100
1160,5893,6693,2.0704980097624815e-20,0,,231,100
1161,5897,6697,7.992422999752811e-67,0,,230,100
1162,5903,6703,1.9363798361522354e-52,0,,231,100
1163,5908,6708,7.601213623823882e-43,0,,230,100
1164,5911,6711,5.1620842913165294e-58,0,,232,100
1165,5922,6722,9.373462693422444e-38,0,,229,100
1166,5927,6727,1.9104488836250745e-227,0,,226,100
1167,5931,6731,2.2300727880649024e-113,0,,226,100
1168,5935,6735,7.414731439109284e-121,0,,226,100
1169,5940,6740,3.4387542510486305e-117,0,,226,100
1170,5943,6743,1.6413294191464601e-127,0,,226,100
1171,5947,6747,2.8046834153845405e-109,0,,226,100
1172,5953,6753,4.47331191114649e-112,0,,225,100
1173,5959,6759,6.1621489764384885e-127,0,,230,100
1174,5962,6762,3.818876221516583e-115,0,,231,100
1175,5972,6772,2.8863398199557954e-20,0,,228,100
1176,5977,6777,2.279127599565949e-21,0,,228,100
1177,5980,6780,1.0838543586202538e-26,0,,227,100
1178,5983,6783,8.46031900371784e-38,0,,227,100
1179,5989,6789,5.5435269784626784e-49,0,,227,100
1180,5995,6795,4.0858662034666866e-230,0,,227,100
1181,6002,6802,3.4492580092788336e-68,0,,227,100
1182,6006,6806,2.6416913617189036e-79,0,,227,100
1183,6011,6811,5.0027270480075e-42,0,,228,100
1184,6014,6814,2.2482891224410308e-42,0,,228,100
1185,6023,6823,2.752640481403209e-10,0,,227,100
1186,6027,6827,6.611167596584604e-08,0,,228,100
1187,6031,6831,3.553037297652227e-08,0,,230,100
1188,6038,6838,2.1660470247965877e-10,0,,229,100
1189,6044,6844,1.0437306810408413e-24,0,,229,100
1190,6047,6847,8.215218681626858e-28,0,,229,100
1191,6059,6859,3.505107116381406e-175,0,,226,100
1192,6064,6864,5.14018302874774e-32,0,,223,100
1193,6068,6868,4.9291142112158587e-57,0,,223,100
1194,6072,6872,1.3412192802343178e-53,0,,224,100
1195,6077,6877,2.8105928502944452e-33,0,,223,100
1196,6081,6881,1.3196197218744722e-45,0,,224,100
1197,6086,6886,3.6297665408791966e-32,0,,223,100
1198,6090,6890,3.098687938100297e-06,0,,223,100
1199,6095,6895,1.717916081226649e-08,0,,223,100
1200,6099,6899,6.67071403941902e-49,0,,223,100
1201,6103,6903,1.6379302480642547e-26,0,,223,100
1202,6107,6907,1.1198058394123762e-29,0,,223,100
1203,6112,6912,1.020974091750984e-29,0,,224,100
1204,6116,6916,5.476503455064235e-51,0,,227,100
1205,6123,6923,7.573230234104547e-54,0,,229,100
1206,6126,6926,1.0243239617777306e-298,0,,228,100
1207,6131,6931,8.730829458301588e-10,0,,227,100
1208,6134,6934,0.002772125595553331,1,,226,100
1209,6140,6940,2.0837634083348815e-17,0,,226,100
1210,6143,6943,3.496857614548514e-06,0,,226,100
1211,6147,6947,1.0530201571601144e-05,0,,227,100
1212,6150,6950,0.01388260694591581,1,,226,100
1213,6155,6955,2.566738096582069e-06,0,,226,100
1214,6160,6960,2.9350039741688218e-08,0,,223,100
1215,6165,6965,7.945830141406716e-22,0,,220,100
1216,6169,6969,7.281016873188495e-23,0,,220,100
1217,6173,6973,7.226356877835036e-43,0,,221,100
1218,6178,6978,2.635209555144846e-82,0,,221,100
1219,6182,6982,6.281776279697858e-106,0,,223,100
1220,6192,6992,3.1657752509386855e-167,0,,226,100
1221,6196,6996,8.657143117984604e-09,0,,226,100
1222,6201,7001,7.253850112781294e-20,0,,226,100
1223,6209,7009,3.6496671465116e-16,0,,225,100
1224,6212,7012,3.602807974591375e-21,0,,225,100
1225,6218,7018,7.283455584954209e-35,0,,226,100
1226,6223,7023,4.702050946080849e-40,0,,226,100
1227,6226,7026,1.8102895068928146e-24,0,,225,100
1228,6230,7030,4.1366964683712094e-10,0,,224,100
1229,6237,7037,8.119538759211126e-09,0,,226,100
1230,6242,7042,1.2889061976735347e-22,0,,225,100
1231,6249,7049,9.304585195002068e-38,0,,225,100
1232,6256,7056,5.667533165171811e-51,0,,225,100
1233,6261,7061,2.152636912753666e-203,0,,227,100
1234,6266,7066,0.6232683152557074,1,,225,100
1235,6270,7070,0.0022616852982580596,1,,225,100
1236,6273,7073,0.000818766538378535,0,,225,100
1237,6277,7077,0.000259138170599084,0,,226,100
1238,6282,7082,5.540392626141044e-16,0,,226,100
1239,6285,7085,6.72127442382751e-58,0,,225,100
1240,6289,7089,8.976211716463443e-37,0,,226,100
1241,6299,7099,1.3247771606201807e-58,0,,226,100
1242,6302,7102,1.3961354020109852e-15,0,,225,100
1243,6307,7107,9.795595050247322e-29,0,,225,100
1244,6311,7111,2.1126632633747815e-35,0,,225,100
1245,6317,7117,1.7517309433712503e-38,0,,226,100
1246,6322,7122,1.60442365353171e-52,0,,227,100
1247,6328,7128,2.72207995945895e-34,0,,227,100
1248,6332,7132,2.338466539511446e-63,0,,228,100
1249,6336,7136,5.945303352157143e-25,0,,228,100
1250,6339,7139,1.6749537092826538e-08,0,,227,100
1251,6343,7143,1.1949771112135645e-16,0,,225,100
1252,6347,7147,2.7537117712978932e-28,0,,225,100
1253,6350,7150,5.544429708796685e-38,0,,225,100
1254,6354,7154,1.5672871718389852e-19,0,,225,100
1255,6358,7158,3.5126045602282703e-19,0,,225,100
1256,6363,7163,2.160262206420029e-18,0,,228,100
1257,6368,7168,6.51379578538046e-12,0,,230,100
1258,6375,7175,7.726337149658878e-13,0,,230,100
1259,6383,7183,2.5994648970312183e-26,0,,232,100
1260,6388,7188,5.534226687865886e-36,0,,232,100
1261,6394,7194,5.634370295458905e-47,0,,232,100
1262,6401,7201,3.083642402883598e-74,0,,232,100
1263,6407,7207,1.4814397551806865e-117,0,,230,100
1264,6412,7212,1.4164161455015859e-27,0,,227,100
1265,6416,7216,4.268874451083336e-45,0,,227,100
1266,6420,7220,4.712401270358398e-97,0,,228,100
1267,6425,7225,1.1730547882462382e-227,0,,227,100
1268,6429,7229,6.082047233837416e-206,0,,228,100
1269,6435,7235,1.703687616619442e-33,0,,229,100
1270,6438,7238,9.844038426626887e-46,0,,229,100
1271,6441,7241,5.9279289496827096e-89,0,,229,100
1272,6445,7245,2.7245543812871488e-120,0,,228,100
1273,6450,7250,5.220886312959576e-200,0,,229,100
1274,6455,7255,1.747245180505729e-157,0,,228,100
1275,6459,7259,1.29949597084918e-57,0,,229,100
1276,6463,7263,4.17296054065124e-108,0,,229,100
1277,6470,7270,1.232493751038535e-27,0,,228,100
1278,6473,7273,2.2526865545342432e-45,0,,227,100
1279,6480,7280,3.6002058588123737e-10,0,,227,100
1280,6482,7282,5.210454405843356e-12,0,,226,100
1281,6487,7287,5.78048778738332e-17,0,,226,100
1282,6492,7292,2.4402088802123208e-105,0,,227,100
1283,6496,7296,4.1101488990847114e-41,0,,227,100
1284,6499,7299,1.6097560293037967e-109,0,,229,100
1285,6504,7304,1.4997230574276883e-95,0,,232,100
1286,6509,7309,1.6994474364475606e-94,0,,232,100
1287,6513,7313,3.6011420824657026e-19,0,,231,100
1288,6519,7319,4.753616404479337e-31,0,,228,100
1289,6524,7324,8.400141940848667e-95,0,,225,100
1290,6528,7328,4.7484872054131224e-123,0,,226,100
1291,6532,7332,1.4767419910144236e-189,0,,225,100
1292,6535,7335,3.839664144593567e-225,0,,225,100
1293,6539,7339,7.891057673778573e-29,0,,225,100
1294,6546,7346,6.387143944236857e-12,0,,225,100
1295,6550,7350,2.0287675697061436e-14,0,,226,100
1296,6555,7355,2.202887691626457e-131,0,,225,100
1297,6559,7359,7.553051962468097e-74,0,,225,100
1298,6566,7366,1.2415612228567307e-30,0,,226,100
1299,6572,7372,1.4677676186107622e-48,0,,228,100
1300,6578,7378,1.3365845812314825e-34,0,,227,100
1301,6581,7381,1.3669776222826706e-43,0,,227,100
1302,6585,7385,1.2479710677197179e-34,0,,226,100
1303,6592,7392,1.1569997946435846e-37,0,,226,100
1304,6596,7396,6.193899779621522e-54,0,,226,100
1305,6602,7402,3.9079456878783656e-67,0,,226,100
1306,6607,7407,3.438183207944805e-53,0,,225,100
1307,6610,7410,4.210622545780624e-33,0,,225,100
1308,6614,7414,5.547531690238512e-51,0,,225,100
1309,6619,7419,3.458307864960634e-14,0,,225,100
1310,6623,7423,8.612401258771327e-16,0,,229,100
1311,6631,7431,3.600205530047717e-19,0,,230,100
1312,6636,7436,1.624783404026561e-42,0,,230,100
1313,6641,7441,4.1124411442393106e-29,0,,230,100
1314,6646,7446,2.6732878461769804e-40,0,,230,100
1315,6649,7449,5.2321119011227606e-39,0,,229,100
1316,6653,7453,2.4177106932888666e-33,0,,229,100
1317,6658,7458,1.012473400806105e-35,0,,229,100
1318,6661,7461,4.2127441458815195e-139,0,,229,100
1319,6667,7467,8.077169139817503e-110,0,,230,100
1320,6672,7472,2.3991256830426367e-66,0,,230,100
1321,6678,7478,3.4634558710415186e-59,0,,230,100
1322,6682,7482,4.487721516267059e-62,0,,231,100
1323,6693,7493,1.5618846976280854e-27,0,,232,100
1324,6698,7498,3.642790219178206e-83,0,,236,100
1325,6705,7505,3.803340849581423e-99,0,,238,100
1326,6711,7511,5.199403826081053e-26,0,,238,100
1327,6718,7518,1.0116006332769899e-56,0,,237,100
1328,6728,7528,5.947443438268376e-70,0,,236,100
1329,6733,7533,1.0768789084722874e-68,0,,237,100
1330,6737,7537,1.1061799583628962e-39,0,,237,100
1331,6741,7541,1.1834658144984409e-91,0,,237,100
1332,6746,7546,4.632660603633651e-103,0,,237,100
1333,6756,7556,5.897436738973743e-45,0,,235,100
1334,6761,7561,4.468705632703408e-33,0,,232,100
1335,6765,7565,1.131075034007942e-56,0,,231,100
1336,6770,7570,1.3406478876220164e-117,0,,234,100
1337,6775,7575,4.9626978543191866e-89,0,,233,100
1338,6781,7581,7.555479775190836e-279,0,,233,100
1339,6784,7584,4.282680365504712e-208,0,,233,100
1340,6788,7588,2.1101155115314598e-209,0,,234,100
1341,6796,7596,6.130464418578957e-203,0,,234,100
1342,6800,7600,2.2359111362023915e-160,0,,233,100
1343,6803,7603,5.574442916510264e-101,0,,233,100
1344,6807,7607,1.101753778657179e-65,0,,233,100
1345,6812,7612,2.621317866396769e-97,0,,232,100
1346,6815,7615,6.5358552911563e-31,0,,231,100
1347,6819,7619,4.379060033429327e-08,0,,232,100
1348,6824,7624,3.4324914857125783e-12,0,,232,100
1349,6828,7628,2.1359765487157854e-14,0,,232,100
1350,6831,7631,6.49959808534988e-26,0,,232,100
1351,6837,7637,1.2710546542815059e-30,0,,234,100
1352,6843,7643,4.1858350438633777e-47,0,,234,100
1353,6846,7646,4.228070323057541e-60,0,,234,100
1354,6850,7650,1.0939432505376364e-179,0,,234,100
1355,6857,7657,2.3704839282397145e-240,0,,234,100
1356,6861,7661,7.183428959234913e-254,0,,233,100
1357,6865,7665,3.320264794174459e-301,0,,233,100
1358,6870,7670,3.5891543299836215e-306,0,,233,100
1359,6876,7676,3.6675831069953513e-261,0,,234,100
1360,6880,7680,3.2642847509508167e-143,0,,234,100
1361,6884,7684,7.323023806064998e-208,0,,235,100
1362,6890,7690,0.0,0,,237,100
1363,6893,7693,0.0007494373727153276,0,,236,100
1364,6898,7698,1.2864382799204449e-21,0,,236,100
1365,6903,7703,1.4209255114137104e-26,0,,236,100
1366,6907,7707,1.5041380377115932e-15,0,,237,100
1367,6913,7713,4.758182596805081e-21,0,,234,100
1368,6918,7718,0.0,0,,231,100
1369,6922,7722,0.0,0,,230,100
1370,6926,7726,0.0,0,,232,100
1371,6931,7731,3.0141183210463425e-193,0,,232,100
1372,6935,7735,4.443927658169883e-239,0,,233,100
1373,6942,7742,8.205507409562352e-78,0,,233,100
1374,6944,7744,1.6691158416601846e-89,0,,232,100
1375,6949,7749,6.05285e-318,0,,232,100
1376,6955,7755,5.218100618206312e-118,0,,233,100
1377,6958,7758,0.00016384876284336687,0,,232,100
1378,6963,7763,3.154640386390673e-40,0,,232,100
1379,6968,7768,4.9475152325687164e-30,0,,233,100
1380,6974,7774,2.1891064998687964e-35,0,,231,100
1381,6978,7778,3.943363879340097e-79,0,,234,100
1382,6981,7781,1.1412033569214163e-60,0,,234,100
1383,6988,7788,0.0,0,,232,100
1384,6992,7792,0.0,0,,232,100
1385,6995,7795,0.0,0,,233,100
1386,7000,7800,1.2822151983029937e-277,0,,232,100
1387,7004,7804,2.554548031904539e-286,0,,232,100
1388,7007,7807,3.472070666066774e-64,0,,231,100
1389,7011,7811,1.3295442303238116e-65,0,,231,100
1390,7017,7817,4.226557707024011e-157,0,,230,100
1391,7021,7821,9.114711236344649e-07,0,,231,100
1392,7028,7828,2.4519498188839336e-46,0,,231,100
1393,7031,7831,1.4497459161326943e-86,0,,231,100
1394,7035,7835,8.302632975049291e-75,0,,232,100
1395,7041,7841,2.7837546968333464e-31,0,,231,100
1396,7049,7849,4.500273147027545e-40,0,,232,100
1397,7058,7858,1.669416708709806e-12,0,,231,100
1398,7063,7863,6.78188768997196e-07,0,,228,100
1399,7067,7867,2.291704360910348e-15,0,,228,100
1400,7071,7871,0.00013145940099141152,0,,228,100
1401,7076,7876,0.005575953110387373,1,,227,100
1402,7082,7882,1.2363644446411206e-15,0,,228,100
1403,7086,7886,1.7288534387088764e-10,0,,230,100
1404,7091,7891,1.0438201432443978e-13,0,,229,100
1405,7095,7895,1.2002346910389718e-19,0,,228,100
1406,7099,7899,1.3406116136644872e-34,0,,228,100
1407,7105,7905,6.010020331564023e-07,0,,228,100
1408,7110,7910,9.216003729523794e-35,0,,228,100
1409,7115,7915,5.75382201805555e-28,0,,228,100
1410,7120,7920,3.020355046422974e-176,0,,229,100
1411,7123,7923,4.6904886745547325e-11,0,,228,100
1412,7125,7925,5.029932955089676e-12,0,,229,100
1413,7132,7932,3.8189500884095603e-13,0,,232,100
1414,7136,7936,6.19842339533694e-14,0,,233,100
1415,7144,7944,5.281140549593238e-11,0,,233,100
1416,7148,7948,1.5339785351108483e-11,0,,232,100
1417,7153,7953,2.391560294555616e-12,0,,232,100
1418,7157,7957,5.868965589722439e-14,0,,232,100
1419,7163,7963,9.360222084630657e-21,0,,229,100
1420,7168,7968,2.7293032181387353e-11,0,,227,100
1421,7172,7972,2.5199402564333e-93,0,,227,100
1422,7177,7977,7.107813317017284e-149,0,,227,100
1423,7183,7983,5.726442434967748e-209,0,,226,100
1424,7188,7988,5.931625919080831e-236,0,,226,100
1425,7191,7991,3.188083636364255e-217,0,,226,100
1426,7195,7995,2.347383727835261e-50,0,,229,100
1427,7200,8000,3.089199903351194e-72,0,,231,100
1428,7203,8003,4.779939213397591e-21,0,,230,100
1429,7206,8006,3.0851153959046975e-23,0,,230,100
1430,7213,8013,6.373994188851542e-62,0,,230,100
1431,7217,8017,3.4028084881507903e-65,0,,231,100
1432,7223,8023,3.428125553649209e-56,0,,231,100
1433,7226,8026,2.500407612781553e-20,0,,231,100
1434,7229,8029,5.466779265137087e-63,0,,229,100
1435,7236,8036,3.6314788538165e-30,0,,228,100
1436,7240,8040,3.4837604476526966e-31,0,,228,100
1437,7246,8046,9.639590282945819e-18,0,,229,100
1438,7249,8049,5.289117633155958e-67,0,,228,100
1439,7256,8056,9.200249384824763e-213,0,,229,100
1440,7263,8063,2.3385195294894967e-195,0,,228,100
1441,7271,8071,3.159743165140933e-130,0,,230,100
1442,7275,8075,8.830368244532479e-141,0,,230,100
1443,7279,8079,1.1109525670620621e-64,0,,230,100
1444,7285,8085,1.4722830274067346e-54,0,,231,100
1445,7289,8089,4.1049488484711796e-63,0,,231,100
1446,7292,8092,4.195260173832908e-69,0,,230,100
1447,7298,8098,4.739713211530304e-65,0,,228,100
1448,7303,8103,4.888645352036461e-50,0,,226,100
1449,7313,8113,1.9396284670779745e-53,0,,226,100
1450,7319,8119,5.291147384283676e-153,0,,226,100
1451,7321,8121,1.378996999134642e-160,0,,226,100
1452,7325,8125,1.8862925512412428e-169,0,,226,100
1453,7331,8131,1.6769311275573197e-149,0,,231,100
1454,7335,8135,1.5467722904597517e-142,0,,231,100
1455,7342,8142,1.0633770854370011e-208,0,,231,100
1456,7346,8146,1.6763949265325098e-131,0,,231,100
1457,7350,8150,3.603061323827836e-54,0,,231,100
1458,7358,8158,1.3892799181735942e-70,0,,230,100
1459,7362,8162,2.3520912690723127e-67,0,,230,100
1460,7368,8168,1.2822498562593196e-142,0,,230,100
1461,7375,8175,4.195638758973189e-171,0,,229,100
1462,7380,8180,1.0201554431808174e-117,0,,229,100
1463,7384,8184,2.1980345979161724e-97,0,,229,100
1464,7390,8190,1.796473983455673e-52,0,,229,100
1465,7394,8194,3.162967469831577e-43,0,,229,100
1466,7399,8199,6.476208354011626e-40,0,,231,100
1467,7405,8205,6.622951458616631e-32,0,,231,100
1468,7408,8208,1.4144323138115662e-74,0,,230,100
1469,7412,8212,2.6215346943319147e-73,0,,231,100
1470,7420,8220,2.663164836545751e-63,0,,228,100
1471,7425,8225,3.309686424888418e-114,0,,226,100
1472,7429,8229,8.071754965463195e-223,0,,226,100
1473,7434,8234,2.6644457226326268e-194,0,,226,100
1474,7439,8239,5.990770287784298e-128,0,,227,100
1475,7444,8244,9.259747338583964e-185,0,,228,100
1476,7451,8251,3.5848016109101556e-100,0,,226,100
1477,7455,8255,3.5174763647459306e-52,0,,226,100
1478,7459,8259,1.888004139723994e-42,0,,226,100
1479,7463,8263,1.1939545745151854e-34,0,,227,100
1480,7467,8267,4.994410304496992e-23,0,,227,100
1481,7473,8273,5.496046311805046e-13,0,,227,100
1482,7477,8277,6.837779842609057e-69,0,,227,100
1483,7482,8282,3.261671344065931e-121,0,,227,100
1484,7486,8286,4.0581261149387164e-23,0,,226,100
1485,7496,8296,1.0907634381183864e-186,0,,223,100
1486,7500,8300,2.3264972371009578e-110,0,,221,100
1487,7504,8304,2.365061970825032e-109,0,,221,100
1488,7508,8308,1.2853996768175197e-116,0,,222,100
1489,7516,8316,5.420951125457689e-124,0,,223,100
1490,7520,8320,2.5290131398339676e-58,0,,222,100
1491,7525,8325,9.466512646452811e-117,0,,222,100
1492,7532,8332,3.2141508809875325e-104,0,,223,100
1493,7537,8337,6.669598898820138e-119,0,,223,100
1494,7541,8341,2.293741927236534e-120,0,,224,100
1495,7547,8347,9.813319080513957e-19,0,,222,100
1496,7550,8350,1.6843606518381167e-20,0,,222,100
1497,7554,8354,1.4982023373128884e-14,0,,223,100
1498,7560,8360,3.1909721738639633e-10,0,,224,100
1499,7566,8366,7.741481351397313e-15,0,,223,100
1500,7570,8370,3.930322099912584e-13,0,,226,100
1501,7575,8375,1.3845606672196274e-244,0,,228,100
1502,7579,8379,3.17299640088513e-154,0,,228,100
1503,7583,8383,4.756089159335424e-196,0,,228,100
1504,7589,8389,1.554947331478915e-181,0,,227,100
1505,7593,8393,2.1882779427706632e-228,0,,227,100
1506,7596,8396,9.582297380882933e-60,0,,227,100
1507,7601,8401,2.826617108450421e-93,0,,227,100
1508,7606,8406,1.5868495386457193e-67,0,,227,100
1509,7610,8410,2.2644014459637964e-94,0,,227,100
1510,7617,8417,9.947768140657349e-63,0,,227,100
1511,7622,8422,5.829272873801395e-06,0,,226,100
1512,7627,8427,2.14473921442071e-05,0,,225,100
1513,7631,8431,2.143158525220297e-05,0,,224,100
1514,7637,8437,1.7874069899315891e-50,0,,223,100
1515,7640,8440,6.796543188887494e-219,0,,223,100
1516,7646,8446,0.0,0,,224,100
1517,7650,8450,2.1957291993785008e-122,0,,224,100
1518,7654,8454,9.531869005590717e-259,0,,224,100
1519,7657,8457,2.489517207650307e-166,0,,223,100
1520,7663,8463,1.7351259433067338e-179,0,,224,100
1521,7668,8468,2.927745589969169e-50,0,,225,100
1522,7671,8471,2.2633001509511534e-60,0,,225,100
1523,7675,8475,1.618689077419779e-63,0,,224,100
1524,7683,8483,1.1478803557453296e-96,0,,221,100
1525,7687,8487,3.2752829290530816e-09,0,,220,100
1526,7691,8491,1.4920901101649263e-12,0,,220,100
1527,7695,8495,2.1105523078517897e-09,0,,220,100
1528,7701,8501,1.4607690218633431e-27,0,,220,100
1529,7706,8506,2.6770055677601374e-95,0,,219,100
1530,7711,8511,2.141748898777934e-108,0,,219,100
1531,7715,8515,2.4820735371935633e-116,0,,223,100
1532,7724,8524,3.659908419818388e-154,0,,224,100
1533,7727,8527,1.0859340442301569e-200,0,,224,100
1534,7731,8531,2.2410653861058067e-250,0,,223,100
1535,7735,8535,9.638332527377053e-69,0,,223,100
1536,7738,8538,9.657146902197641e-47,0,,223,100
1537,7742,8542,1.308289399197762e-226,0,,222,100
1538,7748,8548,7.396563549524868e-95,0,,223,100
1539,7751,8551,7.816891369977334e-80,0,,223,100
1540,7755,8555,3.3912960221892934e-94,0,,224,100
1541,7761,8561,8.413009382535215e-143,0,,223,100
1542,7764,8564,5.2111135953403496e-169,0,,223,100
1543,7768,8568,1.0923226766876804e-66,0,,222,100
1544,7776,8576,4.087650418714049e-32,0,,221,100
1545,7780,8580,1.8827487874017968e-78,0,,218,100
1546,7784,8584,9.564979675384979e-70,0,,219,100
1547,7787,8587,0.0,0,,219,100
1548,7791,8591,1.290291426269496e-188,0,,220,100
1549,7797,8597,6.229805349071533e-305,0,,220,100
1550,7800,8600,0.0,0,,220,100
1551,7804,8604,1.50232097714537e-105,0,,220,100
1552,7809,8609,6.919709735664771e-89,0,,221,100
1553,7815,8615,9.038034598345844e-100,0,,221,100
1554,7818,8618,4.217019685504387e-56,0,,221,100
1555,7821,8621,7.64522658764884e-80,0,,220,100
1556,7825,8625,2.144307973642505e-84,0,,222,100
1557,7831,8631,2.1015838468799658e-39,0,,221,100
1558,7834,8634,8.888116199857828e-47,0,,220,100
1559,7838,8638,3.7015837961970854e-82,0,,220,100
1560,7846,8646,3.313286486736641e-41,0,,217,100
1561,7850,8650,2.909771005377911e-32,0,,218,100
1562,7855,8655,6.521800174902293e-52,0,,218,100
1563,7861,8661,5.708211791328518e-119,0,,218,100
1564,7864,8664,0.0,0,,218,100
1565,7870,8670,5.661462167385632e-257,0,,219,100
1566,7874,8674,2.3712302124767517e-184,0,,218,100
1567,7878,8678,1.0544665626089778e-275,0,,218,100
1568,7881,8681,8.698245922939935e-60,0,,217,100
1569,7885,8685,8.802332223522181e-48,0,,217,100
1570,7893,8693,2.5463291599820343e-55,0,,216,100
1571,7899,8699,4.706188224516837e-78,0,,217,100
1572,7902,8702,1.75380483848778e-44,0,,217,100
1573,7908,8708,8.119854158774218e-70,0,,217,100
1574,7912,8712,3.311062562342386e-85,0,,219,100
1575,7917,8717,4.25021880241402e-23,0,,219,100
1576,7920,8720,5.949000945471271e-32,0,,219,100
1577,7926,8726,9.290410055750745e-111,0,,216,100
1578,7930,8730,3.771796012089835e-96,0,,214,100
1579,7934,8734,3.9682008692096746e-114,0,,214,100
1580,7938,8738,3.9003019023590664e-110,0,,215,100
1581,7946,8746,6.06197409094819e-38,0,,214,100
1582,7951,8751,2.093113944205453e-56,0,,215,100
1583,7956,8756,1.4805631323894904e-81,0,,216,100
1584,7960,8760,6.485762882236749e-274,0,,215,100
1585,7967,8767,2.460430000565512e-186,0,,215,100
1586,7970,8770,1.557392637356815e-138,0,,215,100
1587,7976,8776,7.327931596552381e-186,0,,215,100
1588,7980,8780,1.035143798599252e-166,0,,217,100
1589,7987,8787,7.202357304935738e-32,0,,221,100
1590,7992,8792,1.6486163335224468e-94,0,,220,100
1591,7996,8796,1.2193889741687114e-165,0,,218,100
1592,8000,8800,1.3260119711432243e-67,0,,217,100
1593,8004,8804,3.273795742201964e-81,0,,219,100
1594,8009,8809,4.006984467157082e-34,0,,217,100
1595,8014,8814,3.153335452374594e-47,0,,218,100
1596,8019,8819,4.1276841998322844e-302,0,,217,100
1597,8022,8822,0.0,0,,217,100
1598,8026,8826,1.5620531846730127e-226,0,,217,100
1599,8030,8830,4.819420679908662e-149,0,,217,100
1600,8033,8833,4.851970687809181e-164,0,,216,100
1601,8037,8837,2.581137985745761e-170,0,,218,100
1602,8046,8846,1.8357914964074365e-46,0,,219,100
1603,8051,8851,3.6879117559785003e-85,0,,219,100
1604,8056,8856,2.2592033201845105e-82,0,,220,100
1605,8061,8861,1.55384839563316e-88,0,,220,100
1606,8067,8867,4.6965421787231834e-204,0,,220,100
1607,8070,8870,1.4818707638890205e-77,0,,220,100
1608,8078,8878,1.905456063466737e-67,0,,220,100
1609,8082,8882,1.2277517868268305e-100,0,,220,100
1610,8085,8885,1.1652700904267332e-60,0,,220,100
1611,8091,8891,5.4362413231699055e-33,0,,220,100
1612,8094,8894,1.7024773730071023e-38,0,,222,100
1613,8097,8897,8.893063905334749e-46,0,,225,100
1614,8103,8903,4.220141939714377e-245,0,,225,100
1615,8111,8911,2.3118549884581637e-175,0,,226,100
1616,8116,8916,5.026247128121107e-230,0,,226,100
1617,8120,8920,1.508128465208711e-201,0,,226,100
1618,8127,8927,3.3763596928258226e-67,0,,223,100
1619,8131,8931,3.747468603404421e-48,0,,221,100
1620,8135,8935,2.136128126668607e-55,0,,221,100
1621,8140,8940,2.4839472743113252e-45,0,,221,100
1622,8144,8944,7.50001963246786e-84,0,,221,100
1623,8150,8950,3.9495433183017553e-53,0,,222,100
1624,8154,8954,1.941686756308669e-46,0,,222,100
1625,8159,8959,1.6742357500828646e-37,0,,222,100
1626,8163,8963,1.411582710844612e-42,0,,222,100
1627,8168,8968,1.8071591477812317e-47,0,,223,100
1628,8172,8972,9.196408378235385e-138,0,,223,100
1629,8177,8977,1.2631305987392846e-100,0,,224,100
1630,8181,8981,9.961055701949098e-89,0,,223,100
1631,8187,8987,5.149230818650792e-91,0,,224,100
1632,8191,8991,6.526389918264553e-48,0,,223,100
1633,8196,8996,1.0174431666929039e-112,0,,222,100
1634,8199,8999,1.5463763455661968e-93,0,,221,100
1635,8203,9003,2.3207943853472454e-130,0,,221,100
1636,8212,9012,1.3891485095950317e-114,0,,222,100
1637,8215,9015,1.529856752458036e-110,0,,222,100
1638,8219,9019,4.982632856497602e-72,0,,221,100
1639,8225,9025,4.669370645801014e-40,0,,221,100
1640,8229,9029,8.268507414606331e-46,0,,221,100
1641,8231,9031,2.1821055753003868e-44,0,,222,100
1642,8236,9036,1.707683459649706e-29,0,,225,100
1643,8239,9039,1.4299315331189997e-62,0,,225,100
1644,8242,9042,1.4065080980411074e-63,0,,225,100
1645,8250,9050,1.9744308935647141e-59,0,,226,100
1646,8253,9053,8.5398485467561e-81,0,,226,100
1647,8258,9058,2.04046127110263e-33,0,,226,100
1648,8262,9062,4.2786631929162137e-100,0,,224,100
1649,8268,9068,4.980504093272214e-44,0,,224,100
1650,8272,9072,4.4576210363337877e-48,0,,224,100
1651,8277,9077,1.0333218463249435e-52,0,,223,100
1652,8280,9080,3.249115551360547e-131,0,,225,100
1653,8284,9084,1.824312903825735e-109,0,,225,100
1654,8290,9090,3.8496949613891024e-113,0,,226,100
1655,8299,9099,1.2713322136127659e-74,0,,227,100
1656,8303,9103,3.816962019160936e-87,0,,228,100
1657,8307,9107,1.802101358938971e-116,0,,229,100
1658,8312,9112,9.895388677709308e-64,0,,228,100
1659,8316,9116,1.862118287744496e-66,0,,229,100
1660,8321,9121,5.2585293235907166e-39,0,,229,100
1661,8326,9126,7.502671250446783e-12,0,,230,100
1662,8331,9131,4.655971427368124e-19,0,,229,100
1663,8335,9135,1.1368017443562226e-18,0,,231,100
1664,8343,9143,7.189483727561988e-17,0,,235,100
1665,8348,9148,4.286100666013637e-20,0,,235,100
1666,8353,9153,8.376804598932322e-09,0,,234,100
1667,8357,9157,3.97321601771486e-09,0,,234,100
1668,8360,9160,1.1436196873372363e-17,0,,234,100
1669,8364,9164,2.1386154361476933e-16,0,,234,100
1670,8370,9170,0.0,0,,231,100
1671,8374,9174,1.21015215308783e-34,0,,229,100
1672,8378,9178,1.280159471516896e-54,0,,229,100
1673,8382,9182,3.085703812668217e-13,0,,230,100
1674,8387,9187,3.006001340240386e-35,0,,230,100
1675,8390,9190,2.0078314915900885e-66,0,,229,100
1676,8395,9195,6.989425282272227e-16,0,,229,100
1677,8400,9200,3.006380298173931e-09,0,,229,100
1678,8405,9205,1.2416105195395692e-21,0,,229,100
1679,8413,9213,9.670961367471983e-12,0,,231,100
1680,8417,9217,7.040437322511181e-22,0,,231,100
1681,8422,9222,7.583656068864242e-23,0,,232,100
1682,8427,9227,1.7557090434741244e-45,0,,231,100
1683,8432,9232,9.466205025049462e-30,0,,231,100
1684,8437,9237,3.296440403696068e-52,0,,231,100
1685,8442,9242,4.041277311636314e-65,0,,232,100
1686,8449,9249,1.384870054073493e-71,0,,230,100
1687,8453,9253,8.685474519727544e-104,0,,230,100
1688,8458,9258,4.538615365189842e-43,0,,232,100
1689,8464,9264,3.8646443880371735e-09,0,,232,100
1690,8468,9268,7.960550134475561e-09,0,,233,100
1691,8475,9275,6.912776581420796e-10,0,,235,100
1692,8485,9285,1.3975313029707646e-10,0,,238,100
1693,8489,9289,3.004667711622531e-216,0,,238,100
1694,8494,9294,2.8934959456944934e-196,0,,239,100
1695,8505,9305,1.4381463646560376e-175,0,,238,100
1696,8514,9314,1.000601885219231e-100,0,,236,100
1697,8518,9318,6.421417266825689e-108,0,,233,100
1698,8522,9322,2.380089074539571e-152,0,,233,100
1699,8527,9327,5.1401136797144946e-58,0,,233,100
1700,8533,9333,4.706391193047071e-44,0,,233,100
1701,8537,9337,2.7591061242472317e-15,0,,233,100
1702,8543,9343,2.1874542549627369e-10,0,,234,100
1703,8546,9346,5.694302891208592e-17,0,,233,100
1704,8550,9350,1.4436740575265322e-18,0,,235,100
1705,8555,9355,2.7525172339229282e-33,0,,234,100
1706,8559,9359,2.5072694341779375e-124,0,,234,100
1707,8567,9367,1.745170658931634e-86,0,,235,100
1708,8570,9370,6.99646371743854e-41,0,,234,100
1709,8574,9374,1.2866727898961353e-47,0,,234,100
1710,8581,9381,7.765835588141848e-156,0,,234,100
1711,8584,9384,1.4116526545653134e-177,0,,233,100
1712,8588,9388,0.0,0,,233,100
1713,8593,9393,0.0,0,,233,100
1714,8596,9396,4.541400660148408e-289,0,,232,100
1715,8600,9400,2.7676616866436406e-135,0,,232,100
1716,8605,9405,2.4813834827247276e-40,0,,231,100
1717,8609,9409,2.2650414274529826e-28,0,,231,100
1718,8614,9414,1.1323699587258857e-20,0,,233,100
1719,8618,9418,2.552465950901901e-29,0,,233,100
1720,8622,9422,1.8664558744549618e-78,0,,232,100
1721,8627,9427,3.5602688402957557e-68,0,,233,100
1722,8631,9431,2.240022273880465e-42,0,,233,100
1723,8642,9442,1.1503097224611576e-130,0,,233,100
1724,8647,9447,2.8870587922636613e-114,0,,234,100
1725,8651,9451,7.992339921588931e-148,0,,233,100
1726,8660,9460,3.1188357969111556e-169,0,,233,100
1727,8663,9463,0.0,0,,233,100
1728,8667,9467,1.1173709534601249e-256,0,,233,100
1729,8672,9472,0.0,0,,233,100
1730,8676,9476,0.0,0,,234,100
1731,8684,9484,0.0,0,,234,100
1732,8688,9488,0.0,0,,236,100
1733,8694,9494,5.13746418689598e-106,0,,235,100
1734,8697,9497,8.499767622097089e-144,0,,235,100
1735,8701,9501,7.396064615072694e-103,0,,238,100
1736,8710,9510,4.4727157709239715e-32,0,,238,100
1737,8714,9514,2.956475193350062e-135,0,,236,100
1738,8718,9518,0.0,0,,236,100
1739,8722,9522,6.807535514025513e-215,0,,237,100
1740,8727,9527,0.0,0,,237,100
1741,8731,9531,0.0,0,,237,100
1742,8738,9538,5.064207118729402e-215,0,,237,100
1743,8743,9543,1.131364221228515e-92,0,,237,100
1744,8749,9549,2.0370057930551542e-98,0,,238,100
1745,8753,9553,9.164608387066112e-161,0,,238,100
1746,8758,9558,7.813241631684112e-101,0,,238,100
1747,8763,9563,3.81510552201854e-113,0,,238,100
1748,8768,9568,1.1171244101796361e-64,0,,236,100
1749,8774,9574,2.0189882815247243e-78,0,,237,100
1750,8778,9578,6.969648247117222e-100,0,,236,100
1751,8784,9584,2.582e-320,0,,233,100
1752,8789,9589,2.9004904258662435e-235,0,,231,100
1753,8793,9593,1.319257194648058e-91,0,,231,100
1754,8796,9596,2.157989055003434e-59,0,,230,100
1755,8802,9602,4.193320579681404e-80,0,,230,100
1756,8804,9604,2.894931840795227e-163,0,,230,100
1757,8810,9610,5.61926187538943e-167,0,,230,100
1758,8814,9614,1.0895226163456405e-194,0,,231,100
1759,8820,9620,5.8102654256096786e-207,0,,232,100
1760,8823,9623,1.1422491759471406e-149,0,,232,100
1761,8827,9627,2.9366103523190948e-95,0,,232,100
1762,8835,9635,7.646830527879322e-92,0,,231,100
1763,8839,9639,9.97464034397169e-195,0,,231,100
1764,8841,9641,2.4133823750575856e-226,0,,231,100
1765,8845,9645,1.4543509763546206e-106,0,,230,100
1766,8853,9653,2.3675147963327673e-278,0,,234,100
1767,8861,9661,1.805885498565819e-85,0,,236,100
1768,8863,9663,2.68809900866845e-87,0,,235,100
1769,8867,9667,9.543821637223398e-91,0,,236,100
1770,8874,9674,1.4250160429890248e-14,0,,234,100
1771,8878,9678,2.0009197048641267e-152,0,,236,100
1772,8880,9680,2.082047597253647e-170,0,,235,100
1773,8884,9684,4.957689027995649e-176,0,,236,100
1774,8893,9693,6.317983790471345e-83,0,,232,100
1775,8898,9698,1.6876860080403297e-242,0,,228,100
1776,8902,9702,1.1311451186439782e-128,0,,228,100
1777,8905,9705,1.2195775663954757e-175,0,,228,100
1778,8911,9711,1.4356608258635044e-172,0,,227,100
1779,8915,9715,9.894120283137042e-97,0,,227,100
1780,8920,9720,2.0727167500246585e-110,0,,229,100
1781,8925,9725,2.889117470096065e-46,0,,228,100
1782,8930,9730,7.088614024471203e-57,0,,228,100
1783,8935,9735,1.090134576411903e-05,0,,229,100
1784,8940,9740,9.130429138581388e-06,0,,228,100
1785,8947,9747,2.068898587271683e-83,0,,227,100
1786,8952,9752,3.1078872189502977e-106,0,,227,100
1787,8957,9757,5.5315893207480504e-126,0,,226,100
1788,8963,9763,6.424039601361459e-47,0,,224,100
1789,8966,9766,3.917780567338396e-60,0,,224,100
1790,8970,9770,3.1474285078822885e-176,0,,224,100
1791,8976,9776,7.34202365554047e-134,0,,223,100
1792,8984,9784,2.571366131753893e-256,0,,224,100
1793,8986,9786,4.660921289380076e-309,0,,225,100
1794,8996,9796,3e-323,0,,226,100
1795,9001,9801,1.976708058105886e-30,0,,226,100
1796,9006,9806,5.291285525468215e-29,0,,227,100
1797,9011,9811,5.253087344740297e-26,0,,226,100
1798,9021,9821,1.3521908809184691e-22,0,,227,100
1799,9025,9825,6.196279679165322e-77,0,,227,100
1800,9030,9830,1.1135416491589194e-27,0,,224,100
1801,9035,9835,1.946248139303797e-161,0,,221,100
1802,9039,9839,1.796591653580998e-233,0,,221,100
1803,9043,9843,2.000728668233819e-54,0,,222,100
1804,9047,9847,1.1665690019988546e-57,0,,225,100
1805,9053,9853,9.554169362671776e-50,0,,226,100
1806,9057,9857,3.730069902147867e-49,0,,225,100
1807,9063,9863,1.6439953280332528e-88,0,,227,100
1808,9068,9868,5.719228572299127e-32,0,,227,100
1809,9073,9873,3.399488492199345e-51,0,,227,100
1810,9080,9880,1.7773557307963493e-15,0,,225,100
1811,9083,9883,7.068298071296886e-09,0,,224,100
1812,9086,9886,1.7326519129668037e-31,0,,224,100
1813,9091,9891,2.3605533897425508e-74,0,,224,100
1814,9095,9895,2.5346646424163102e-31,0,,223,100
1815,9099,9899,4.2456337562871585e-11,0,,222,100
1816,9104,9904,4.998002383400226e-17,0,,221,100
1817,9107,9907,1.2180978026807582e-12,0,,221,100
1818,9110,9910,1.7962500591309495e-25,0,,221,100
1819,9114,9914,4.3035357561201424e-27,0,,220,100
1820,9120,9920,4.323277922892354e-20,0,,221,100
1821,9124,9924,3.544009744455502e-17,0,,221,100
1822,9126,9926,4.1886629746295857e-22,0,,220,100
1823,9130,9930,6.860722285968614e-33,0,,221,100
1824,9136,9936,1.5170436687652005e-23,0,,218,100
1825,9141,9941,1.2012382405188702e-103,0,,216,100
1826,9145,9945,2.417820120354416e-38,0,,215,100
1827,9149,9949,3.612244013382011e-145,0,,216,100
1828,9154,9954,2.340133394947918e-184,0,,215,100
1829,9158,9958,6.3016668250471075e-115,0,,216,100
1830,9163,9963,9.10309557379277e-46,0,,217,100
1831,9168,9968,2.200289863823827e-11,0,,217,100
1832,9172,9972,5.501653947948099e-13,0,,216,100
1833,9179,9979,1.5563588026511935e-18,0,,215,100
1834,9184,9984,2.0441005360393706e-13,0,,217,100
1835,9187,9987,2.8101100989335442e-05,0,,217,100
1836,9192,9992,6.251867512308188e-31,0,,218,100
1837,9197,9997,1.0956562683117274e-29,0,,219,100
1838,9202,10002,1.1443404888612095e-25,0,,219,100
1839,9207,10007,6.008472196093149e-276,0,,217,100
1840,9213,10013,8.690961770968009e-76,0,,217,100
1841,9217,10017,1.6403252809759983e-78,0,,218,100
1842,9221,10021,9.170227851407315e-10,0,,217,100
1843,9227,10027,8.275710620629002e-16,0,,218,100
1844,9233,10033,1.1817614033784653e-10,0,,217,100
1845,9237,10037,1.1790426088809074e-15,0,,217,100
1846,9245,10045,0.09646651217127584,1,,217,100
1847,9254,10054,7.781395298733574e-13,0,,218,100
1848,9258,10058,3.16019174879455e-05,0,,217,100
1849,9262,10062,0.00030735183368719294,0,,217,100
1850,9264,10064,4.757697168281295e-15,0,,216,100
1851,9268,10068,2.761163738876468e-23,0,,216,100
1852,9274,10074,2.681846856594248e-177,0,,213,100
1853,9279,10079,5.1841701815730265e-15,0,,210,100
1854,9283,10083,3.769865863253535e-11,0,,211,100
1855,9287,10087,3.2065321594826884e-25,0,,212,100
1856,9292,10092,5.697872831687805e-08,0,,211,100
1857,9296,10096,5.133868967573569e-11,0,,211,100
1858,9301,10101,9.336556023092943e-06,0,,211,100
1859,9306,10106,1.7257457526799172e-08,0,,211,100
1860,9310,10110,2.787376878095441e-07,0,,214,100
1861,9319,10119,5.581480261968352e-16,0,,215,100
1862,9327,10127,3.935758290382852e-16,0,,219,100
1863,9332,10132,5.720496849333362e-46,0,,219,100
1864,9337,10137,6.2745712350422886e-27,0,,218,100
1865,9342,10142,1.3680607351491398e-289,0,,217,100
1866,9348,10148,3.19846171449134e-295,0,,218,100
1867,9353,10153,1.622295684723372e-67,0,,216,100
1868,9357,10157,2.246910569013292e-79,0,,217,100
1869,9364,10164,1.0641272467874548e-34,0,,217,100
1870,9370,10170,2.9852860426962773e-33,0,,218,100
1871,9374,10174,3.77538216129867e-33,0,,219,100
1872,9382,10182,2.2641651518540138e-20,0,,218,100
1873,9386,10186,1.1274311843051487e-18,0,,217,100
1874,9392,10192,5.23594651757373e-24,0,,218,100
1875,9398,10198,4.15496024900317e-19,0,,221,100
1876,9404,10204,2.5615561651376902e-15,0,,221,100
1877,9407,10207,5.465897790342677e-20,0,,221,100
1878,9411,10211,1.303800230128039e-142,0,,220,100
1879,9418,10218,3.361916150687728e-21,0,,223,100
1880,9423,10223,1.1058335751195372e-272,0,,224,100
1881,9427,10227,1.0762210239106087e-290,0,,225,100
1882,9433,10233,0.0,0,,225,100
1883,9439,10239,0.0,0,,225,100
1884,9444,10244,1.0555432064247032e-72,0,,224,100
1885,9448,10248,9.65993908586484e-34,0,,223,100
1886,9452,10252,1.6796095094745743e-37,0,,223,100
1887,9457,10257,5.301225646542006e-36,0,,224,100
1888,9463,10263,2.1566864490659303e-36,0,,225,100
1889,9468,10268,4.059118875908295e-32,0,,226,100
1890,9472,10272,6.976346312395346e-18,0,,225,100
1891,9476,10276,1.2071324404984956e-14,0,,225,100
1892,9480,10280,9.324523271494174e-27,0,,224,100
1893,9485,10285,4.0381108500988875e-38,0,,224,100
1894,9488,10288,6.759745606201924e-53,0,,223,100
1895,9492,10292,2.6819953979271748e-68,0,,223,100
1896,9498,10298,2.4698972777603606e-172,0,,222,100
1897,9503,10303,1.7741107712059695e-274,0,,219,100
1898,9507,10307,6.001186374337783e-257,0,,219,100
1899,9509,10309,1.0199615058641754e-18,0,,219,100
1900,9514,10314,4.028676927073829e-31,0,,219,100
1901,9518,10318,4.029851830364359e-34,0,,219,100
1902,9525,10325,9.467515263364284e-30,0,,217,100
1903,9533,10333,3.0886190167371196e-30,0,,221,100
1904,9538,10338,6.367942327976746e-16,0,,220,100
1905,9542,10342,3.3762840294521867e-22,0,,220,100
1906,9546,10346,1.2611044177534832e-57,0,,219,100
1907,9553,10353,8.518516160544699e-23,0,,219,100
1908,9557,10357,3.95204515380107e-05,0,,219,100
1909,9565,10365,8.443975033041472e-73,0,,220,100
1910,9569,10369,4.2119021954245736e-82,0,,219,100
1911,9574,10374,1.579714683126531e-94,0,,219,100
1912,9578,10378,2.291118874528945e-79,0,,218,100
1913,9582,10382,0.03645528606042916,1,,221,100
1914,9588,10388,2.075859042285185e-52,0,,223,100
1915,9591,10391,4.0225964584974843e-45,0,,223,100
1916,9597,10397,1.1018281504353371e-36,0,,223,100
1917,9604,10404,1.0111302844572738e-77,0,,222,100
1918,9608,10408,9.804331246976839e-48,0,,222,100
1919,9614,10414,3.46543400137728e-56,0,,221,100
1920,9618,10418,1.1350142445464441e-51,0,,222,100
1921,9623,10423,7.042095907053457e-47,0,,223,100
1922,9629,10429,1.4191239695991102e-35,0,,222,100
1923,9636,10436,7.56162386738039e-12,0,,221,100
1924,9640,10440,1.6174331350374214e-16,0,,221,100
1925,9647,10447,1.212892235232376e-06,0,,218,100
1926,9652,10452,4.7576771889541385e-24,0,,216,100
1927,9657,10457,2.335157623755517e-69,0,,216,100
1928,9661,10461,9.437875967718601e-71,0,,216,100
1929,9667,10467,9.992902889791592e-47,0,,218,100
1930,9670,10470,1.1695226511894297e-75,0,,220,100
1931,9676,10476,1.267517957738596e-74,0,,221,100
1932,9678,10478,2.0359912689707856e-74,0,,220,100
1933,9683,10483,1.7128176853877422e-77,0,,221,100
1934,9691,10491,3.0377362477334404e-23,0,,222,100
1935,9700,10500,6.951651834233379e-42,0,,223,100
1936,9704,10504,7.433616554811741e-43,0,,223,100
1937,9711,10511,2.2457416440738946e-13,0,,223,100
1938,9715,10515,8.390914451221609e-26,0,,222,100
1939,9719,10519,5.081210118559175e-105,0,,223,100
1940,9731,10531,1.7371248009168697e-80,0,,222,100
1941,9734,10534,1.0522488544228805e-86,0,,224,100
1942,9741,10541,5.787839265392536e-81,0,,225,100
1943,9746,10546,8.64427886939184e-110,0,,225,100
1944,9752,10552,2.066322043316535e-57,0,,225,100
1945,9758,10558,4.95710978902093e-118,0,,226,100
1946,9764,10564,1.0875002066076003e-76,0,,231,100
1947,9774,10574,1.3650484967529883e-159,0,,231,100
1948,9778,10578,2.0380790238493024e-90,0,,231,100
1949,9782,10582,1.614247374356458e-151,0,,230,100
1950,9789,10589,9.258193653898533e-183,0,,230,100
1951,9795,10595,5.1578145789422745e-169,0,,232,100
1952,9798,10598,1.0498471091430744e-185,0,,231,100
1953,9801,10601,1.6395480236665328e-97,0,,231,100
1954,9805,10605,1.5784628869827653e-92,0,,232,100
1955,9814,10614,2.449855789546898e-45,0,,231,100
1956,9818,10618,3.036699008720064e-76,0,,231,100
1957,9821,10621,1.3596062252644157e-126,0,,231,100
1958,9827,10627,1.741423750154006e-111,0,,233,100
1959,9832,10632,1.3218197771633287e-40,0,,234,100
1960,9837,10637,1.3047278266395383e-42,0,,235,100
1961,9844,10644,2.043151251642732e-159,0,,232,100
1962,9849,10649,1.7478092345937395e-167,0,,229,100
1963,9853,10653,1.854574956603993e-198,0,,229,100
1964,9858,10658,4.081891180593285e-200,0,,230,100
1965,9863,10663,7.215404418708869e-93,0,,230,100
1966,9866,10666,4.0387277502598946e-98,0,,230,100
1967,9872,10672,1.6598003938309917e-30,0,,230,100
1968,9880,10680,6.578410406370109e-35,0,,231,100
1969,9885,10685,3.0687983294463797e-28,0,,231,100
1970,9890,10690,2.6074634660037183e-39,0,,231,100
1971,9900,10700,1.3765766234425815e-21,0,,230,100
1972,9905,10705,8.889714926251923e-31,0,,232,100
1973,9909,10709,3.265238138341264e-47,0,,232,100
1974,9915,10715,3.703396484679388e-105,0,,231,100
1975,9918,10718,3.913422941132256e-125,0,,231,100
1976,9922,10722,1.588808256789685e-129,0,,232,100
1977,9928,10728,5.44373818515837e-153,0,,231,100
1978,9932,10732,3.286178080384351e-149,0,,233,100
1979,9937,10737,1.1731622030004342e-130,0,,233,100
1980,9943,10743,1.7444530399899863e-37,0,,232,100
1981,9946,10746,2.1655702649141143e-69,0,,232,100
1982,9950,10750,5.40434333136308e-51,0,,233,100
1983,9956,10756,3.7369664655728974e-61,0,,236,100
1984,9959,10759,5.584020576755587e-37,0,,235,100
1985,9965,10765,2.227355157193541e-39,0,,235,100
1986,9967,10767,5.097203720966508e-51,0,,235,100
1987,9977,10777,2.672672795467399e-15,0,,238,100
1988,9983,10783,2.5384923308626324e-16,0,,236,100
1989,9991,10791,2.4154027446373451e-82,0,,235,100
1990,9996,10796,8.542704866198493e-191,0,,235,100
1991,10002,10802,7.056295394896603e-258,0,,235,100
1992,10006,10806,4.2190899827645854e-204,0,,234,100
1993,10010,10810,2.6603243453967405e-157,0,,234,100
1994,10013,10813,8.688980317615699e-72,0,,234,100
1995,10017,10817,1.9052734351930568e-65,0,,234,100
1996,10024,10824,2.527677731170088e-128,0,,234,100
1997,10027,10827,5.040524093431548e-15,0,,234,100
1998,10031,10831,3.400719876308181e-72,0,,234,100
1999,10038,10838,4.029382441265888e-51,0,,235,100
2000,10042,10842,9.512405348594292e-60,0,,235,100
2001,10046,10846,2.4942725170892286e-59,0,,235,100
2002,10052,10852,1.035903206049778e-70,0,,233,100
2003,10055,10855,3.0827744087039912e-58,0,,233,100
2004,10062,10862,3.795948187889285e-39,0,,234,100
2005,10068,10868,4.082981228200746e-15,0,,239,100
2006,10073,10873,5.1969594800427815e-135,0,,239,100
2007,10077,10877,1.171396644801733e-127,0,,239,100
2008,10080,10880,8.105754422234284e-138,0,,238,100
2009,10083,10883,1.9699233450917527e-111,0,,238,100
2010,10087,10887,1.7908116615929647e-96,0,,238,100
2011,10091,10891,3.592906237197797e-95,0,,238,100
2012,10096,10896,6.26402076814111e-96,0,,239,100
2013,10099,10899,1.5261606521574688e-106,0,,239,100
2014,10103,10903,7.756780841077674e-233,0,,239,100
2015,10109,10909,4.1036850226250865e-73,0,,237,100
2016,10114,10914,9.455208906105384e-77,0,,234,100
2017,10121,10921,4.434399577652481e-15,0,,233,100
2018,10126,10926,9.220399184749357e-80,0,,233,100
2019,10130,10930,3.2800187362452316e-64,0,,233,100
2020,10139,10939,1.2034846396779701e-275,0,,234,100
2021,10145,10945,2.9436419023641737e-295,0,,234,100
2022,10148,10948,4.47607031268777e-297,0,,234,100
2023,10154,10954,6.311713786175712e-284,0,,236,100
2024,10160,10960,3.932542608538693e-141,0,,237,100
2025,10163,10963,1.383056639402794e-123,0,,238,100
2026,10169,10969,3.707325680519463e-40,0,,235,100
2027,10173,10973,1.625881645110368e-34,0,,236,100
2028,10178,10978,3.085286583428534e-36,0,,235,100
2029,10184,10984,8.678354403161208e-23,0,,235,100
2030,10188,10988,1.7908547856756723e-50,0,,234,100
2031,10192,10992,5.081671409841888e-54,0,,233,100
2032,10197,10997,5.81523172585355e-74,0,,233,100
2033,10200,11000,5.628902353519684e-30,0,,233,100
2034,10204,11004,1.4393276026144956e-58,0,,232,100
2035,10211,11011,4.3204232001341925e-111,0,,232,100
2036,10216,11016,3.636092882464062e-70,0,,230,100
2037,10219,11019,4.21374779397467e-81,0,,229,100
2038,10223,11023,3.260164751890413e-69,0,,231,100
2039,10229,11029,0.00031044298462091976,0,,230,100
2040,10232,11032,2.7980944366522265e-28,0,,229,100
2041,10236,11036,2.133701284935567e-38,0,,232,100
2042,10241,11041,2.984428681607968e-71,0,,235,100
2043,10247,11047,4.82647374558947e-30,0,,235,100
2044,10252,11052,8.165660409380944e-43,0,,234,100
2045,10256,11056,5.27734286801977e-19,0,,234,100
2046,10263,11063,7.11666012752093e-15,0,,233,100
2047,10268,11068,2.994248086473616e-70,0,,234,100
2048,10273,11073,4.8580987933644285e-288,0,,233,100
2049,10280,11080,2.102675602203265e-93,0,,233,100
2050,10285,11085,3.120892097767711e-96,0,,233,100
2051,10289,11089,4.683124079691153e-160,0,,233,100
2052,10297,11097,1.6411936272511855e-141,0,,233,100
2053,10301,11101,2.9753231061515383e-125,0,,234,100
2054,10305,11105,1.227632687774607e-118,0,,234,100
2055,10308,11108,2.6128492339139385e-07,0,,235,100
2056,10311,11111,1.8712066145142855e-07,0,,236,100
2057,10316,11116,4.759694786368752e-22,0,,237,100
2058,10321,11121,6.026834348149856e-34,0,,235,100
2059,10328,11128,1.57068807460734e-15,0,,235,100
2060,10332,11132,5.020157099257951e-123,0,,234,100
2061,10337,11137,1.1086120176961904e-103,0,,235,100
2062,10342,11142,2.3507116776138303e-21,0,,234,100
2063,10347,11147,6.5612980667236445e-106,0,,235,100
2064,10351,11151,0.0,0,,238,100
2065,10356,11156,3.8626160475291236e-120,0,,238,100
2066,10361,11161,8.41989236847676e-114,0,,239,100
2067,10367,11167,3.5145420669012737e-102,0,,239,100
2068,10372,11172,3.6333302999414065e-108,0,,238,100
2069,10381,11181,5.3620900994908085e-22,0,,235,100
2070,10386,11186,1.0242224104705343e-27,0,,232,100
2071,10390,11190,1.9977125901731521e-81,0,,233,100
2072,10395,11195,1.8521297413703288e-46,0,,233,100
2073,10402,11202,2.4055250030831117e-153,0,,234,100
2074,10406,11206,4.1702048402074156e-263,0,,235,100
2075,10413,11213,4.0936269140503453e-17,0,,234,100
2076,10418,11218,1.2030117092840769e-17,0,,236,100
2077,10423,11223,1.0483904020582458e-57,0,,235,100
2078,10431,11231,8.037983954289019e-44,0,,236,100
2079,10435,11235,3.526475391629564e-71,0,,237,100
2080,10439,11239,3.937192275650999e-94,0,,236,100
2081,10443,11243,4.997952579926038e-87,0,,237,100
2082,10450,11250,4.599292395337346e-109,0,,237,100
2083,10453,11253,3.6331908408477794e-84,0,,236,100
2084,10457,11257,7.394130591924511e-58,0,,237,100
2085,10466,11266,2.4615517825751236e-126,0,,239,100
2086,10471,11271,1.5894564412497332e-15,0,,236,100
2087,10476,11276,1.0446467874641391e-19,0,,234,100
2088,10481,11281,4.828330474149129e-22,0,,235,100
2089,10486,11286,3.735525318434107e-34,0,,235,100
2090,10490,11290,5.081801205187369e-37,0,,235,100
2091,10493,11293,1.9970106706446827e-23,0,,235,100
2092,10497,11297,5.342285802543428e-43,0,,235,100
2093,10502,11302,1.8409623857870817e-67,0,,236,100
2094,10506,11306,1.8657204833605415e-40,0,,235,100
2095,10510,11310,6.867469396666396e-40,0,,237,100
2096,10515,11315,1.0251826637095031e-70,0,,235,100
2097,10519,11319,1.7172206340674407e-135,0,,234,100
2098,10524,11324,1.18699068754275e-130,0,,236,100
2099,10530,11330,3.772942448974084e-34,0,,237,100
2100,10533,11333,1.7797412265901617e-129,0,,235,100
2101,10540,11340,4.177548310543992e-10,0,,235,100
2102,10544,11344,1.0623073201446856e-09,0,,235,100
2103,10552,11352,4.051525090644232e-13,0,,234,100
2104,10559,11359,4.469706665133517e-08,0,,231,100
2105,10564,11364,1.4296088716404793e-68,0,,228,100
2106,10568,11368,2.0936295234953287e-239,0,,228,100
2107,10572,11372,1.9816858425722003e-129,0,,228,100
2108,10577,11377,5.8305947735146805e-146,0,,231,100
2109,10581,11381,2.7142934632901173e-263,0,,232,100
2110,10587,11387,8.395531815920752e-256,0,,231,100
2111,10595,11395,2.8607230337307524e-63,0,,231,100
2112,10599,11399,1.7371261710804812e-82,0,,231,100
2113,10603,11403,8.62839170978086e-48,0,,231,100
2114,10606,11406,6.724044972810521e-38,0,,231,100
2115,10613,11413,2.0402148217620106e-39,0,,231,100
2116,10616,11416,2.90404473767095e-72,0,,231,100
2117,10620,11420,1.575157149431553e-73,0,,230,100
2118,10623,11423,5.5715486434682764e-43,0,,230,100
2119,10627,11427,1.2653612246250325e-74,0,,229,100
2120,10630,11430,1.5028127510893806e-162,0,,228,100
2121,10635,11435,8.75942618086766e-22,0,,227,100
2122,10640,11440,0.0,0,,228,100
2123,10644,11444,5.0513346270512605e-74,0,,229,100
2124,10650,11450,4.626483569612316e-20,0,,228,100
2125,10654,11454,1.0713293399076347e-56,0,,228,100
2126,10659,11459,1.348182578248102e-96,0,,227,100
2127,10664,11464,2.086967126441951e-31,0,,228,100
2128,10667,11467,1.8187854143136757e-58,0,,227,100
2129,10671,11471,2.1277515845334618e-44,0,,228,100
2130,10677,11477,5.917680212304166e-58,0,,228,100
2131,10681,11481,4.52835174685463e-59,0,,227,100
2132,10687,11487,1.1402466185577212e-94,0,,226,100
2133,10691,11491,3.769894932648566e-37,0,,226,100
2134,10696,11496,4.2106433696840546e-73,0,,226,100
2135,10701,11501,7.355987304569629e-125,0,,225,100
2136,10704,11504,1.2060548880150072e-83,0,,225,100
2137,10708,11508,1.7146506411539713e-33,0,,226,100
2138,10713,11513,1.2761372778796942e-254,0,,226,100
2139,10716,11516,3.5501500050729226e-107,0,,227,100
2140,10722,11522,5.31317166371906e-66,0,,229,100
2141,10726,11526,5.792476256072841e-33,0,,229,100
2142,10731,11531,5.897274281834139e-64,0,,228,100
2143,10735,11535,9.745108077894208e-82,0,,228,100
2144,10740,11540,5.678449376979443e-63,0,,228,100
2145,10744,11544,1.571609504084745e-34,0,,228,100
2146,10750,11550,2.02993978848451e-50,0,,226,100
2147,10755,11555,4.750308964306189e-66,0,,223,100
2148,10765,11565,6.1213076002246484e-83,0,,225,100
2149,10769,11569,7.349671516424308e-51,0,,223,100
2150,10774,11574,1.8271571437434084e-23,0,,223,100
2151,10778,11578,8.389509592607587e-36,0,,224,100
2152,10783,11583,3.83891487287464e-27,0,,224,100
2153,10787,11587,2.2426683814749898e-07,0,,224,100
2154,10793,11593,4.5922615585894884e-18,0,,224,100
2155,10798,11598,1.0193670929227302e-14,0,,225,100
2156,10802,11602,5.37045791551738e-13,0,,225,100
2157,10809,11609,9.380309012255142e-27,0,,226,100
2158,10812,11612,1.9162428908775913e-25,0,,226,100
2159,10818,11618,1.6086529790658047e-59,0,,224,100
2160,10821,11621,1.2019021090331013e-52,0,,225,100
2161,10826,11626,5.628762164435925e-90,0,,226,100
2162,10830,11630,2.1548900264873464e-39,0,,229,100
2163,10837,11637,4.379314166202536e-59,0,,228,100
2164,10842,11642,4.819389064796951e-56,0,,229,100
2165,10849,11649,9.185348771439191e-35,0,,229,100
2166,10852,11652,5.257932815765583e-25,0,,228,100
2167,10856,11656,9.40713994745736e-28,0,,229,100
2168,10864,11664,1.4395564883888273e-53,0,,227,100
2169,10869,11669,9.107387689926782e-38,0,,224,100
2170,10872,11672,7.415491296826641e-48,0,,224,100
2171,10875,11675,3.661817056380046e-44,0,,225,100
2172,10881,11681,2.3935327767284945e-39,0,,225,100
2173,10885,11685,1.7216363882828614e-77,0,,225,100
2174,10889,11689,1.2991063934752339e-64,0,,225,100
2175,10894,11694,1.6972430567515716e-103,0,,225,100
2176,10898,11698,7.390902467702596e-52,0,,225,100
2177,10901,11701,8.445291667181177e-42,0,,225,100
2178,10908,11708,1.9881823357404854e-28,0,,225,100
2179,10911,11711,5.18087901041483e-28,0,,225,100
2180,10915,11715,1.4429467969263188e-20,0,,226,100
2181,10920,11720,2.681338038208959e-34,0,,228,100
2182,10923,11723,1.9750052718620242e-86,0,,228,100
2183,10927,11727,4.091633382110151e-13,0,,228,100
2184,10934,11734,1.700636549833088e-26,0,,228,100
2185,10937,11737,4.125583738821219e-21,0,,229,100
2186,10942,11742,3.623846140875776e-27,0,,229,100
2187,10953,11753,3.317711157445113e-51,0,,227,100
2188,10957,11757,6.90803645446281e-83,0,,228,100
2189,10959,11759,4.903960260576936e-76,0,,228,100
2190,10967,11767,5.9448580483096504e-64,0,,229,100
2191,10973,11773,1.609413079303093e-44,0,,229,100
2192,10979,11779,3.0488486843531194e-65,0,,229,100
2193,10986,11786,1.6046791807902004e-24,0,,230,100
2194,10992,11792,1.175757337856992e-25,0,,230,100
2195,10997,11797,1.3928972755521405e-32,0,,230,100
2196,11000,11800,2.816778477955992e-45,0,,230,100
2197,11005,11805,2.8902110898680624e-16,0,,230,100
2198,11009,11809,1.580514239398193e-19,0,,230,100
2199,11013,11813,2.5740480607594545e-31,0,,230,100
2200,11016,11816,2.1363795452485734e-26,0,,230,100
2201,11020,11820,5.094581647174221e-49,0,,230,100
2202,11025,11825,5.295079302836518e-54,0,,230,100
2203,11028,11828,2.269579747494662e-37,0,,231,100
2204,11035,11835,2.9111066639610624e-99,0,,230,100
2205,11039,11839,1.895903046336933e-97,0,,227,100
2206,11043,11843,3.0093254766220007e-77,0,,227,100
2207,11048,11848,1.6329129731162946e-67,0,,229,100
2208,11053,11853,2.3451644901950414e-48,0,,229,100
2209,11057,11857,5.432427891925111e-125,0,,228,100
2210,11061,11861,2.2096327304176628e-79,0,,228,100
2211,11067,11867,7.813142310916619e-40,0,,227,100
2212,11071,11871,7.661398552710373e-28,0,,226,100
2213,11075,11875,1.5202192506606508e-24,0,,227,100
2214,11086,11886,9.084839133436086e-49,0,,231,100
2215,11090,11890,8.930638473914616e-52,0,,231,100
2216,11095,11895,9.523767236690996e-60,0,,232,100
2217,11101,11901,1.1012164125921062e-70,0,,231,100
2218,11105,11905,1.2171414070736757e-64,0,,229,100
2219,11111,11911,1.066690069394256e-41,0,,228,100
2220,11113,11913,1.902293168524768e-52,0,,228,100
2221,11118,11918,3.6606308075128545e-58,0,,229,100
2222,11125,11925,2.6748759745393084e-31,0,,228,100
2223,11127,11927,1.024968851353075e-51,0,,228,100
2224,11131,11931,6.348337958846358e-56,0,,228,100
2225,11136,11936,8.059234794806512e-47,0,,228,100
2226,11140,11940,6.842010211198959e-48,0,,229,100
2227,11147,11947,2.5712058963069405e-36,0,,227,100
2228,11151,11951,5.2167819184040945e-61,0,,224,100
2229,11155,11955,4.120806133402357e-46,0,,225,100
2230,11159,11959,5.725003584971914e-205,0,,225,100
2231,11165,11965,8.577727721633824e-113,0,,226,100
2232,11170,11970,3.766497092927628e-134,0,,226,100
2233,11174,11974,6.320885235380785e-179,0,,225,100
2234,11182,11982,2.88811767189946e-159,0,,228,100
2235,11188,11988,5.587097978148395e-43,0,,226,100
2236,11192,11992,9.118577860415772e-40,0,,227,100
2237,11197,11997,3.8926887729152716e-38,0,,227,100
2238,11201,12001,4.048777427248378e-136,0,,225,100
2239,11203,12003,5.758127496398688e-37,0,,225,100
2240,11210,12010,2.3443982864582233e-42,0,,225,100
2241,11213,12013,5.106266471720279e-53,0,,224,100
2242,11220,12020,5.440877124785924e-90,0,,223,100
2243,11224,12024,5.681611008993768e-63,0,,225,100
2244,11229,12029,1.3264979833249257e-262,0,,224,100
2245,11233,12033,8.45740463983354e-241,0,,224,100
2246,11235,12035,1.1162440845814719e-259,0,,225,100
2247,11242,12042,8.03065952712305e-270,0,,227,100
2248,11245,12045,1.7138426205752487e-155,0,,227,100
2249,11249,12049,2.8929610320152375e-88,0,,227,100
2250,11258,12058,2.603589484623442e-119,0,,225,100
2251,11262,12062,8.193752318579873e-92,0,,223,100
2252,11266,12066,9.394215749044393e-111,0,,222,100
2253,11269,12069,2.6806174479929703e-93,0,,223,100
2254,11277,12077,3.8797905930256206e-54,0,,224,100
2255,11280,12080,3.8353804285373782e-25,0,,223,100
2256,11285,12085,3.2212974476071536e-66,0,,223,100
2257,11288,12088,6.474732709434197e-304,0,,223,100
2258,11293,12093,1.5833625646059775e-226,0,,222,100
2259,11296,12096,1.7448137951223897e-280,0,,223,100
2260,11302,12102,2.4505491538617253e-172,0,,223,100
2261,11307,12107,5.81494141804503e-159,0,,225,100
2262,11312,12112,1.3220132448971306e-125,0,,226,100
2263,11320,12120,6.000275098025531e-68,0,,227,100
2264,11323,12123,5.890408653658766e-58,0,,227,100
2265,11327,12127,3.430759366183697e-112,0,,226,100
2266,11333,12133,3.2175545994730713e-174,0,,226,100
2267,11336,12136,3.937038437493218e-35,0,,226,100
2268,11340,12140,6.455715864331024e-50,0,,226,100
2269,11347,12147,1.7425988900466583e-63,0,,228,100
2270,11350,12150,3.3492710776554064e-57,0,,231,100
2271,11359,12159,1.7672235487512626e-37,0,,232,100
2272,11364,12164,6.0935176187653264e-27,0,,233,100
2273,11368,12168,3.9859646886021893e-20,0,,233,100
2274,11375,12175,3.920539490810866e-189,0,,232,100
2275,11379,12179,1.84074540574054e-134,0,,230,100
2276,11383,12183,3.1613153561940776e-139,0,,230,100
2277,11389,12189,7.998734094475083e-42,0,,230,100
2278,11392,12192,2.865095327277769e-61,0,,230,100
2279,11397,12197,1.9685161706219778e-66,0,,230,100
2280,11405,12205,1.7831958575599513e-35,0,,230,100
2281,11408,12208,3.0803744844247912e-49,0,,230,100
2282,11412,12212,3.659823425388917e-107,0,,230,100
2283,11423,12223,3.3591239714180034e-107,0,,230,100
2284,11426,12226,1.84404834050776e-92,0,,230,100
2285,11430,12230,2.1504438605806985e-232,0,,231,100
2286,11436,12236,1.3341066812425362e-16,0,,230,100
2287,11440,12240,1.45644888208086e-177,0,,231,100
2288,11443,12243,2.3776487160921164e-35,0,,230,100
2289,11447,12247,6.645036246751571e-46,0,,230,100
2290,11451,12251,7.1842537220360484e-65,0,,232,100
2291,11460,12260,2.5303077929812532e-57,0,,235,100
2292,11464,12264,2.627707421318424e-17,0,,235,100
2293,11468,12268,2.0687326463264118e-22,0,,236,100
2294,11473,12273,5.91221706735972e-22,0,,235,100
2295,11477,12277,2.405302832773268e-24,0,,234,100
2296,11485,12285,5.988601865932057e-46,0,,235,100
2297,11490,12290,7.7847166212662685e-50,0,,236,100
2298,11495,12295,5.1460811342446905e-43,0,,235,100
2299,11499,12299,2.260141740984222e-93,0,,236,100
2300,11502,12302,8.385848056603643e-124,0,,235,100
2301,11506,12306,7.783865355563787e-170,0,,233,100
2302,11516,12316,0.0,0,,231,100
2303,11520,12320,1.1800239338547805e-56,0,,230,100
2304,11524,12324,1.0190788337265102e-44,0,,230,100
2305,11529,12329,6.723271176268952e-49,0,,231,100
2306,11534,12334,2.6141553686051616e-49,0,,229,100
2307,11538,12338,1.1661229506794143e-34,0,,229,100
2308,11541,12341,1.8642330220062468e-24,0,,229,100
2309,11545,12345,2.3768697092324722e-25,0,,230,100
2310,11554,12354,1.8279797632229468e-33,0,,229,100
2311,11557,12357,5.254735584041606e-25,0,,229,100
2312,11561,12361,1.340461831235395e-57,0,,229,100
2313,11565,12365,0.0,0,,229,100
2314,11574,12374,1.8835592124110208e-203,0,,232,100
2315,11578,12378,2.94234265885768e-309,0,,233,100
2316,11583,12383,0.0,0,,232,100
2317,11587,12387,0.0,0,,233,100
2318,11592,12392,0.0,0,,234,100
2319,11599,12399,1.0095215588075141e-84,0,,233,100
2320,11603,12403,2.4974646624716164e-34,0,,232,100
2321,11607,12407,1.0739054414538304e-33,0,,233,100
2322,11619,12419,4.662595175989136e-50,0,,234,100
2323,11626,12426,1.557282902589831e-48,0,,231,100
2324,11630,12430,4.730936462723518e-231,0,,229,100
2325,11634,12434,1.9879484654339383e-265,0,,228,100
2326,11638,12438,1.4677094658837324e-258,0,,229,100
2327,11643,12443,1.735883705375777e-176,0,,228,100
2328,11648,12448,1.9216513969088542e-142,0,,228,100
2329,11653,12453,1.8249493294756285e-190,0,,230,100
2330,11659,12459,2.851507880126211e-70,0,,230,100
2331,11663,12463,3.060269437252787e-37,0,,230,100
2332,11667,12467,2.2624823227509626e-39,0,,231,100
2333,11672,12472,1.5835243800461036e-34,0,,230,100
2334,11679,12479,1.384204774282908e-33,0,,229,100
2335,11683,12483,1.0210318363804538e-40,0,,229,100
2336,11687,12487,9.058764653017024e-41,0,,230,100
2337,11690,12490,2.265825970890832e-46,0,,229,100
2338,11694,12494,3.636245198788156e-113,0,,228,100
2339,11706,12506,1.2263178935958787e-179,0,,231,100
2340,11714,12514,2.96465300406677e-69,0,,230,100
2341,11718,12518,3.4625601831118346e-42,0,,231,100
2342,11721,12521,1.225091985832084e-89,0,,232,100
2343,11726,12526,7.659836798789722e-25,0,,232,100
2344,11732,12532,8.690491869446324e-86,0,,230,100
2345,11738,12538,1.3442670280266351e-65,0,,231,100
2346,11744,12544,5.15841229206749e-56,0,,231,100
2347,11749,12549,2.700997794316568e-39,0,,231,100
2348,11753,12553,2.4158028728109216e-93,0,,231,100
2349,11756,12556,6.675570802088464e-109,0,,230,100
2350,11766,12566,5.139287512256581e-78,0,,229,100
2351,11770,12570,1.4085143514272716e-102,0,,228,100
2352,11773,12573,8.585717189822247e-54,0,,229,100
2353,11778,12578,2.860356464420106e-59,0,,228,100
2354,11784,12584,2.568235254806551e-52,0,,228,100
2355,11788,12588,1.8519944163592835e-49,0,,228,100
2356,11794,12594,8.469793165856431e-52,0,,232,100
2357,11798,12598,1.5684624187258477e-61,0,,233,100
2358,11804,12604,4.870370495137132e-62,0,,234,100
2359,11807,12607,5.8233752354628236e-65,0,,233,100
2360,11811,12611,4.0311072900410094e-67,0,,233,100
2361,11817,12617,1.5759086615048762e-188,0,,232,100
2362,11821,12621,1.430965618871933e-146,0,,232,100
2363,11826,12626,1.32841579545764e-310,0,,231,100
2364,11831,12631,4.053092151217917e-211,0,,230,100
2365,11837,12637,2.390310555389662e-303,0,,231,100
2366,11840,12640,9.295442465869158e-160,0,,230,100
2367,11844,12644,2.9518666686463096e-167,0,,231,100
2368,11852,12652,3.712608596004364e-63,0,,230,100
2369,11856,12656,5.439987811457909e-61,0,,231,100
2370,11861,12661,3.1218958093180667e-28,0,,232,100
2371,11867,12667,1.8257704439056971e-47,0,,232,100
2372,11872,12672,5.134528668133719e-59,0,,232,100
2373,11877,12677,3.399063371750467e-33,0,,232,100
2374,11883,12683,5.80165795458618e-92,0,,230,100
2375,11887,12687,3.0158351853950087e-234,0,,228,100
2376,11891,12691,8.670609257799941e-268,0,,229,100
2377,11896,12696,0.0,0,,229,100
2378,11903,12703,0.0,0,,230,100
2379,11908,12708,0.0,0,,231,100
2380,11913,12713,1.0917474452091182e-169,0,,230,100
2381,11917,12717,1.797056776255125e-90,0,,231,100
2382,11926,12726,1.8348917235859951e-13,0,,231,100
2383,11930,12730,4.395833186744799e-18,0,,232,100
2384,11933,12733,2.2556545639487446e-17,0,,232,100
2385,11938,12738,2.1300905610672334e-69,0,,232,100
2386,11941,12741,6.1754172906512404e-180,0,,233,100
2387,11947,12747,1.1472506431012437e-201,0,,233,100
2388,11952,12752,1.1915100027120743e-89,0,,231,100
2389,11957,12757,2.033556016353369e-91,0,,232,100
2390,11962,12762,1.0576164311802103e-67,0,,233,100
2391,11965,12765,2.9304890659342317e-108,0,,233,100
2392,11969,12769,7.902756712165212e-106,0,,232,100
2393,11976,12776,1.433587803987814e-166,0,,232,100
2394,11981,12781,6.279213093235927e-206,0,,234,100
2395,11986,12786,0.0,0,,233,100
2396,11991,12791,2.768835345095057e-214,0,,232,100
2397,11994,12794,3.05298814119268e-230,0,,232,100
2398,12002,12802,1.9416833117928683e-241,0,,235,100
2399,12007,12807,1.208852960949369e-20,0,,234,100
2400,12011,12811,1.2557070255514054e-18,0,,234,100
2401,12020,12820,8.516576667914496e-106,0,,233,100
2402,12024,12824,3.1571238409305607e-114,0,,235,100
2403,12029,12829,1.199962787355112e-80,0,,237,100
2404,12035,12835,1.0278672378656439e-37,0,,237,100
2405,12039,12839,2.6625642463725774e-117,0,,235,100
2406,12043,12843,1.690906395364207e-17,0,,235,100
2407,12047,12847,1.4123874107137042e-25,0,,236,100
2408,12052,12852,0.0,0,,235,100
2409,12057,12857,0.0,0,,235,100
2410,12062,12862,0.0,0,,237,100
2411,12068,12868,2.2909227905311947e-66,0,,235,100
2412,12074,12874,3.8583562649649933e-109,0,,234,100
2413,12077,12877,2.4329622905470196e-76,0,,236,100
2414,12082,12882,5.490845247533456e-65,0,,235,100
2415,12086,12886,5.545701109284747e-78,0,,235,100
2416,12095,12895,8.842507588636855e-230,0,,237,100
2417,12099,12899,1.410277244394775e-204,0,,238,100
2418,12102,12902,2.4529131963764726e-112,0,,237,100
2419,12108,12908,3.073403279336364e-73,0,,236,100
2420,12110,12910,6.837757170680454e-106,0,,235,100
2421,12115,12915,7.094660217391785e-37,0,,236,100
2422,12120,12920,1.396529703304636e-241,0,,235,100
2423,12123,12923,5.043442846461031e-279,0,,235,100
2424,12125,12925,2.1139034528961185e-275,0,,234,100
2425,12128,12928,4.95108143614654e-309,0,,234,100
2426,12138,12938,4.22447422028888e-166,0,,235,100
2427,12146,12946,4.756242100821328e-58,0,,234,100
2428,12151,12951,1.0031522254944446e-244,0,,231,100
2429,12155,12955,2.276024428686751e-181,0,,231,100
2430,12158,12958,1.1951171906482123e-215,0,,231,100
2431,12164,12964,1.0591808292595471e-159,0,,231,100
2432,12169,12969,1.884648690627962e-82,0,,230,100
2433,12174,12974,0.0,0,,231,100
2434,12179,12979,7.659e-320,0,,230,100
2435,12185,12985,6.427337793944186e-149,0,,229,100
2436,12189,12989,2.484529009597498e-118,0,,228,100
2437,12195,12995,3.980172383905107e-63,0,,229,100
2438,12198,12998,8.532195813099373e-39,0,,229,100
2439,12202,13002,8.942801408291919e-46,0,,228,100
2440,12212,13012,3.9109752671342407e-122,0,,230,100
2441,12218,13018,8.180125702944492e-97,0,,234,100
2442,12225,13025,2.476513049996448e-235,0,,233,100
2443,12230,13030,2.3407669434381097e-197,0,,233,100
2444,12233,13033,5.357024227351047e-175,0,,233,100
2445,12238,13038,9.260384475367059e-248,0,,232,100
2446,12242,13042,2.2956590549689722e-73,0,,232,100
2447,12251,13051,5.199594061978847e-112,0,,230,100
2448,12256,13056,5.3704614444123615e-73,0,,227,100
2449,12260,13060,1.4950976065547108e-72,0,,227,100
2450,12264,13064,1.9824546471373755e-120,0,,226,100
2451,12268,13068,9.10462544341431e-126,0,,228,100
2452,12273,13073,5.2365752224173355e-80,0,,229,100
2453,12280,13080,8.528000079780065e-91,0,,229,100
2454,12285,13085,1.3965006075851605e-191,0,,230,100
2455,12289,13089,1.2800661227488526e-151,0,,230,100
2456,12296,13096,2.341476317672634e-100,0,,232,100
2457,12302,13102,5.401956424874737e-109,0,,233,100
2458,12307,13107,1.6514666609127867e-125,0,,232,100
2459,12314,13114,8.259245857922262e-89,0,,234,100
2460,12318,13118,1.9956582542370227e-200,0,,234,100
2461,12324,13124,1.2452667327414772e-261,0,,238,100
2462,12327,13127,1.1098786321515842e-62,0,,238,100
2463,12335,13135,5.871117136050849e-76,0,,238,100
2464,12339,13139,8.758994916592241e-122,0,,238,100
2465,12349,13149,4.7797776629950494e-36,0,,239,100
2466,12355,13155,4.446121441878929e-58,0,,240,100
2467,12360,13160,5.577693323292562e-92,0,,239,100
2468,12364,13164,1.0887566944893454e-52,0,,238,100
2469,12370,13170,1.7266053422439581e-96,0,,238,100
2470,12375,13175,2.0321838046340417e-76,0,,235,100
2471,12380,13180,1.0060674221744875e-80,0,,236,100
2472,12385,13185,2.4326805947952288e-101,0,,235,100
2473,12393,13193,8.13376878331463e-105,0,,236,100
2474,12397,13197,6.805892622834694e-120,0,,236,100
2475,12405,13205,5.889291140314569e-26,0,,237,100
2476,12408,13208,1.22708842415078e-49,0,,236,100
2477,12414,13214,4.479745198936288e-50,0,,237,100
2478,12418,13218,1.4585659272408371e-74,0,,236,100
2479,12429,13229,1.091421262190201e-155,0,,237,100
2480,12435,13235,2.435327327759854e-280,0,,237,100
2481,12440,13240,4.294700574800207e-282,0,,239,100
2482,12445,13245,0.0,0,,238,100
2483,12449,13249,1.748277910006852e-83,0,,237,100
2484,12459,13259,7.468070410354811e-09,0,,236,100
2485,12461,13261,8.378330669135496e-09,0,,238,100
2486,12470,13270,2.744538256967615e-150,0,,238,100
2487,12474,13274,7.50135317109335e-48,0,,241,100
2488,12476,13276,5.187315350670328e-148,0,,242,100
2489,12485,13285,5.879222666402574e-65,0,,243,100
2490,12491,13291,2.7309599321172555e-69,0,,244,100
2491,12496,13296,4.877620867848268e-65,0,,243,100
2492,12499,13299,3.9776471378086465e-44,0,,243,100
2493,12502,13302,1.3213839799353237e-59,0,,243,100
2494,12506,13306,1.2219461874180675e-57,0,,243,100
2495,12514,13314,2.368641467298997e-65,0,,242,100
2496,12519,13319,1.1332633137854644e-283,0,,240,100
2497,12523,13323,1.942344874685902e-271,0,,242,100
2498,12528,13328,1.751137495857301e-199,0,,242,100
2499,12533,13333,1.1599433870528271e-71,0,,244,100
2500,12538,13338,1.7316822172129594e-86,0,,245,100
2501,12542,13342,4.576843773999291e-101,0,,247,100
2502,12548,13348,1.271350497117354e-58,0,,246,100
2503,12551,13351,4.11020415290837e-61,0,,247,100
2504,12562,13362,2.1662639898641156e-93,0,,249,100
2505,12565,13365,2.4748422621381268e-48,0,,249,100
2506,12573,13373,1.718833822620552e-43,0,,250,100
2507,12578,13378,8.855761188175987e-53,0,,251,100
2508,12580,13380,6.668001582155584e-96,0,,250,100
2509,12584,13384,5.445857145421339e-74,0,,250,100
2510,12591,13391,4.991324364449516e-22,0,,250,100
2511,12596,13396,9.498269417072237e-133,0,,251,100
2512,12604,13404,1.3384458860803488e-91,0,,251,100
2513,12609,13409,1.8904647469272016e-128,0,,253,100
2514,12614,13414,2.3677876316839747e-124,0,,253,100
2515,12621,13421,6.25405542276331e-66,0,,252,100
2516,12624,13424,1.289500281460229e-74,0,,252,100
2517,12628,13428,1.0384054254815125e-69,0,,252,100
2518,12633,13433,2.1206255245311536e-36,0,,253,100
2519,12637,13437,4.1956868476502953e-63,0,,253,100
2520,12642,13442,8.306914459375437e-57,0,,253,100
2521,12646,13446,5.6301762000633716e-86,0,,253,100
2522,12651,13451,9.795502479512228e-83,0,,253,100
2523,12654,13454,2.174473642166449e-110,0,,253,100
2524,12658,13458,1.1102478495674485e-36,0,,252,100
2525,12665,13465,7.904147712109966e-50,0,,254,100
2526,12669,13469,1.306567911644364e-62,0,,254,100
2527,12674,13474,2.2247617025784787e-89,0,,254,100
2528,12678,13478,2.0369388527052813e-83,0,,254,100
2529,12683,13483,3.6295583195903784e-58,0,,255,100
2530,12689,13489,1.183065431918925e-39,0,,255,100
2531,12691,13491,1.0175881409837564e-43,0,,255,100
2532,12694,13494,6.156944987835786e-64,0,,254,100
2533,12699,13499,7.655211832377915e-44,0,,257,100
2534,12703,13503,1.6344274521274344e-51,0,,260,100
2535,12705,13505,9.493033522040409e-49,0,,259,100
2536,12711,13511,1.7393991699239397e-53,0,,260,100
2537,12714,13514,7.2947087202592255e-65,0,,260,100
2538,12716,13516,7.870416869603956e-66,0,,260,100
2539,12725,13525,5.2328595485731233e-79,0,,261,100
2540,12729,13529,2.8203950053467566e-47,0,,260,100
2541,12731,13531,4.9374162829847684e-55,0,,260,100
2542,12740,13540,2.2387761820668536e-61,0,,259,100
2543,12743,13543,2.44078940673623e-43,0,,258,100
2544,12747,13547,1.349332988084001e-38,0,,258,100
2545,12754,13554,2.1302862880131458e-35,0,,258,100
2546,12758,13558,1.1679533522357969e-18,0,,257,100
2547,12761,13561,1.5141181338786633e-67,0,,257,100
2548,12767,13567,1.0164073083543351e-42,0,,257,100
2549,12772,13572,3.5378957748312227e-38,0,,259,100
2550,12775,13575,1.754672600928007e-23,0,,259,100
2551,12781,13581,4.515495999216187e-49,0,,259,100
2552,12786,13586,1.0258605120371482e-54,0,,259,100
2553,12792,13592,2.5801339820123693e-58,0,,259,100
2554,12796,13596,3.6527050202451534e-36,0,,258,100
2555,12801,13601,3.2272343222087947e-37,0,,262,100
2556,12809,13609,5.552194268352372e-46,0,,263,100
2557,12812,13612,8.699641091064153e-63,0,,263,100
2558,12818,13618,1.8251098331408668e-50,0,,262,100
2559,12823,13623,3.127792348191606e-35,0,,262,100
2560,12828,13628,2.799697751797359e-52,0,,259,100
2561,12833,13633,3.9867366193156325e-41,0,,256,100
2562,12837,13637,2.0566082323509655e-60,0,,258,100
2563,12841,13641,1.1465230986008322e-61,0,,259,100
2564,12846,13646,2.1787946208868716e-110,0,,258,100
2565,12851,13651,4.743440861571195e-93,0,,258,100
2566,12856,13656,4.422986421638572e-46,0,,258,100
2567,12861,13661,4.787981516870605e-63,0,,257,100
2568,12871,13671,3.3164257332468446e-68,0,,260,100
2569,12881,13681,8.53348911175487e-117,0,,259,100
2570,12889,13689,5.488564434741539e-19,0,,258,100
2571,12895,13695,8.105068728204157e-104,0,,255,100
2572,12905,13705,5.338746509552114e-35,0,,260,100
2573,12911,13711,1.2382071668675946e-70,0,,261,100
2574,12914,13714,5.7500123908809646e-86,0,,262,100
2575,12920,13720,1.7641467960449873e-124,0,,263,100
2576,12923,13723,1.1254317875065868e-138,0,,262,100
2577,12927,13727,1.1331682421864604e-48,0,,262,100
2578,12938,13738,2.2851106379266356e-73,0,,262,100
2579,12942,13742,1.4816654490674393e-122,0,,263,100
2580,12946,13746,2.597429977199316e-172,0,,264,100
2581,12951,13751,6.981962284648858e-137,0,,262,100
2582,12955,13755,4.632889784804237e-63,0,,263,100
2583,12957,13757,1.4883088158502033e-06,0,,263,100
2584,12962,13762,6.112081443993176e-57,0,,261,100
2585,12967,13767,2.3911615105276483e-53,0,,263,100
2586,12973,13773,3.060803313150186e-219,0,,263,100
2587,12978,13778,2.4629061898503037e-33,0,,263,100
2588,12982,13782,2.0333666157696223e-49,0,,263,100
2589,12990,13790,1.3805220397162151e-42,0,,263,100
2590,12994,13794,1.163353391331674e-36,0,,264,100
2591,13001,13801,9.595224925202783e-35,0,,265,100
2592,13006,13806,1.0681796495517907e-42,0,,264,100
2593,13012,13812,1.0204774792493505e-21,0,,262,100
2594,13017,13817,2.0980037170998735e-147,0,,260,100
2595,13021,13821,1.8594447746574298e-158,0,,261,100
2596,13026,13826,3.510431192039568e-30,0,,260,100
2597,13031,13831,1.1646712944058114e-51,0,,262,100
2598,13035,13835,2.698480300880158e-46,0,,265,100
2599,13040,13840,4.5772117500581565e-94,0,,267,100
2600,13044,13844,2.2467134434476286e-101,0,,268,100
2601,13053,13853,4.806118137256885e-24,0,,269,100
2602,13056,13856,1.3800098348960214e-58,0,,269,100
2603,13060,13860,6.834849752235396e-56,0,,270,100
2604,13066,13866,2.2922072038046985e-48,0,,269,100
2605,13070,13870,8.322890276383644e-58,0,,269,100
2606,13076,13876,2.0506972004023795e-56,0,,269,100
2607,13079,13879,1.392269228329018e-41,0,,269,100
2608,13083,13883,3.5836190993257564e-126,0,,268,100
2609,13088,13888,2.4778925781988178e-138,0,,270,100
2610,13091,13891,1.622317883589189e-98,0,,269,100
2611,13096,13896,1.1325589232638102e-06,0,,268,100
2612,13099,13899,5.421823215260304e-06,0,,267,100
2613,13103,13903,4.023162736198443e-05,0,,269,100
2614,13108,13908,9.883980445550116e-28,0,,270,100
2615,13111,13911,2.142549481451929e-23,0,,270,100
2616,13118,13918,2.5891387989741584e-87,0,,267,100
2617,13123,13923,1.292513535297517e-31,0,,266,100
2618,13127,13927,4.191379701513125e-22,0,,267,100
2619,13132,13932,6.875194074056522e-39,0,,268,100
2620,13137,13937,1.187414409864656e-29,0,,267,100
2621,13141,13941,2.1363062976828087e-80,0,,267,100
2622,13147,13947,3.4988580648618215e-88,0,,267,100
2623,13151,13951,4.59885540605049e-33,0,,267,100
2624,13155,13955,5.933544562996413e-31,0,,269,100
2625,13166,13966,1.7124261328322957e-26,0,,268,100
2626,13170,13970,4.955372282744516e-16,0,,268,100
2627,13175,13975,6.248109224178122e-32,0,,270,100
2628,13182,13982,1.0450610150853942e-100,0,,268,100
2629,13186,13986,5.64468418899909e-86,0,,269,100
2630,13189,13989,1.5022993880105857e-74,0,,268,100
2631,13197,13997,3.0347822786525377e-16,0,,268,100
2632,13199,13999,1.0545482063544543e-09,0,,267,100
2633,13205,14005,2.9153171991188936e-15,0,,267,100
2634,13209,14009,1.165015181099818e-50,0,,267,100
2635,13216,14016,1.5386727134271249e-28,0,,271,100
2636,13220,14020,5.0912587914175587e-23,0,,273,100
2637,13225,14025,9.317429594654731e-31,0,,274,100
2638,13228,14028,1.7112897035854875e-10,0,,273,100
2639,13232,14032,2.587999955321112e-10,0,,272,100
2640,13238,14038,0.014945293863859954,1,,272,100
2641,13244,14044,1.8346915241594394e-29,0,,273,100
2642,13248,14048,1.7245530257632645e-20,0,,273,100
2643,13253,14053,4.0221375447117142e-84,0,,272,100
2644,13256,14056,9.773309844842097e-58,0,,273,100
2645,13260,14060,3.4588941390703967e-153,0,,271,100
2646,13265,14065,1.9195588971230592e-72,0,,271,100
2647,13273,14073,1.0069657108714047e-104,0,,268,100
2648,13278,14078,1.0268577624513944e-52,0,,265,100
2649,13282,14082,4.103032016404405e-20,0,,266,100
2650,13287,14087,3.7574562368566134e-61,0,,266,100
2651,13293,14093,1.7595702440998486e-37,0,,268,100
2652,13297,14097,7.508380222520746e-65,0,,271,100
2653,13302,14102,1.2500000708228173e-82,0,,271,100
2654,13308,14108,5.464266266181973e-134,0,,269,100
2655,13312,14112,5.393165155519484e-251,0,,269,100
2656,13317,14117,9.388054587594427e-38,0,,268,100
2657,13323,14123,1.652161348515428e-29,0,,268,100
2658,13333,14133,6.486457743473314e-52,0,,265,100
2659,13337,14137,5.717686388378943e-37,0,,264,100
2660,13346,14146,4.2116806098107744e-58,0,,263,100
2661,13352,14152,1.279186179635772e-50,0,,264,100
2662,13363,14163,2.3871711763764096e-101,0,,262,100
2663,13367,14167,1.9603490541353968e-126,0,,263,100
2664,13377,14177,1.0227929696978307e-22,0,,262,100
2665,13383,14183,7.978526968232663e-26,0,,262,100
2666,13392,14192,1.249745657047886e-116,0,,259,100
2667,13397,14197,3.894863156406814e-41,0,,256,100
2668,13401,14201,2.5110551508211906e-27,0,,256,100
2669,13408,14208,1.575811052382366e-81,0,,254,100
2670,13413,14213,6.81590502788945e-15,0,,254,100
2671,13418,14218,9.022334858106307e-23,0,,253,100
2672,13422,14222,1.1026419573080645e-29,0,,252,100
2673,13426,14226,1.8209870791448332e-56,0,,252,100
2674,13433,14233,5.16007305964711e-35,0,,252,100
2675,13437,14237,2.9993909889103875e-38,0,,252,100
2676,13442,14242,1.210841261385295e-50,0,,253,100
2677,13445,14245,2.4790807047017343e-109,0,,253,100
2678,13449,14249,2.6392148605834734e-148,0,,252,100
2679,13453,14253,5.942068862130482e-134,0,,252,100
2680,13457,14257,1.844943972263936e-138,0,,254,100
2681,13463,14263,1.3359916533040163e-56,0,,255,100
2682,13467,14267,1.2415229302480928e-39,0,,255,100
2683,13471,14271,8.680780663948071e-33,0,,255,100
2684,13476,14276,7.037875614813658e-90,0,,256,100
2685,13479,14279,1.0719851100066878e-101,0,,256,100
2686,13483,14283,1.408879987666327e-39,0,,256,100
2687,13489,14289,3.620909075992526e-52,0,,256,100
2688,13498,14298,7.398649165122358e-132,0,,252,100
2689,13503,14303,2.1216918614760287e-240,0,,249,100
2690,13507,14307,1.066014699172442e-257,0,,249,100
2691,13512,14312,1.733921962517661e-201,0,,249,100
2692,13517,14317,2.6316140150620985e-76,0,,250,100
2693,13524,14324,1.799451264358316e-147,0,,248,100
2694,13527,14327,3.416938478782018e-216,0,,248,100
2695,13531,14331,9.751613575595076e-75,0,,248,100
2696,13535,14335,4.559742462895864e-69,0,,249,100
2697,13542,14342,1.571384709010203e-83,0,,250,100
2698,13545,14345,1.315246269438384e-62,0,,250,100
2699,13550,14350,8.403231563040899e-58,0,,250,100
2700,13553,14353,2.0360889400158704e-122,0,,250,100
2701,13559,14359,2.400489124625814e-90,0,,250,100
2702,13562,14362,8.146888497987639e-95,0,,251,100
2703,13569,14369,2.430871100881347e-251,0,,248,100
2704,13573,14373,1.5134323810246179e-231,0,,248,100
2705,13576,14376,2.6845921798680446e-275,0,,248,100
2706,13581,14381,1.1615997250028735e-102,0,,248,100
2707,13584,14384,6.573962505189891e-147,0,,248,100
2708,13589,14389,1.5398936713065755e-155,0,,251,100
2709,13598,14398,2.3144481760277114e-37,0,,251,100
2710,13603,14403,9.012987209207959e-88,0,,248,100
2711,13607,14407,1.6672311985534722e-68,0,,248,100
2712,13611,14411,1.0964042772905232e-94,0,,248,100
2713,13621,14421,5.309004686295e-142,0,,248,100
2714,13626,14426,1.5356077823466455e-201,0,,248,100
2715,13630,14430,3.2156876340015885e-209,0,,248,100
2716,13637,14437,1.9325320013183804e-254,0,,246,100
2717,13640,14440,1.0156432500795253e-78,0,,246,100
2718,13644,14444,7.54297411132805e-217,0,,246,100
2719,13648,14448,2.2979324728085004e-208,0,,246,100
2720,13655,14455,1.038268966549563e-113,0,,247,100
2721,13658,14458,5.53717054977829e-105,0,,247,100
2722,13662,14462,1.3019401489228182e-132,0,,248,100
2723,13667,14467,2.884813880448093e-126,0,,246,100
2724,13670,14470,3.5371550085061484e-101,0,,246,100
2725,13677,14477,8.37344544009678e-141,0,,247,100
2726,13681,14481,2.0093717122257327e-133,0,,248,100
2727,13686,14486,5.884466245323618e-91,0,,246,100
2728,13690,14490,7.3380515031390545e-214,0,,247,100
2729,13698,14498,2.9786519496923503e-97,0,,244,100
2730,13703,14503,4.518276751280694e-102,0,,242,100
2731,13707,14507,6.909838176940972e-211,0,,243,100
2732,13715,14515,2.5725059204641506e-146,0,,243,100
2733,13719,14519,2.2929297288293934e-128,0,,243,100
2734,13724,14524,1.885878704414458e-99,0,,244,100
2735,13729,14529,2.316105990290092e-99,0,,245,100
2736,13740,14540,5.551526580833786e-193,0,,242,100
2737,13743,14543,1.0741961086316297e-169,0,,243,100
2738,13754,14554,1.5667472305080477e-156,0,,244,100
2739,13757,14557,3.4351405183471624e-137,0,,242,100
2740,13763,14563,8.755253075455775e-108,0,,242,100
2741,13773,14573,0.0,0,,241,100
2742,13776,14576,0.0,0,,241,100
2743,13782,14582,2.4528837307416665e-130,0,,240,100
2744,13786,14586,1.3116968491436165e-124,0,,240,100
2745,13792,14592,1.8483771547252475e-138,0,,240,100
2746,13796,14596,1.3969569878818885e-79,0,,240,100
2747,13800,14600,5.929179699919877e-84,0,,242,100
2748,13807,14607,5.308568340764207e-116,0,,242,100
2749,13810,14610,1.156150526819123e-103,0,,242,100
2750,13820,14620,8.66917949385325e-77,0,,241,100
2751,13824,14624,2.0622425941672176e-121,0,,240,100
2752,13833,14633,5.97563316926831e-139,0,,240,100
2753,13838,14638,7.617300443188209e-149,0,,237,100
2754,13842,14642,4.097546649061209e-211,0,,237,100
2755,13849,14649,1.6220469926168677e-194,0,,236,100
2756,13854,14654,2.0949587734259458e-137,0,,237,100
2757,13859,14659,1.0093525291620418e-93,0,,235,100
2758,13863,14663,3.896880578568892e-65,0,,235,100
2759,13870,14670,4.1558455932824854e-90,0,,234,100
2760,13875,14675,4.625180584090795e-177,0,,234,100
2761,13879,14679,6.897251211832032e-146,0,,234,100
2762,13887,14687,2.7225731195036247e-129,0,,233,100
2763,13892,14692,8.416050966306789e-123,0,,233,100
2764,13895,14695,9.44097663248881e-124,0,,233,100
2765,13902,14702,4.038029028847043e-105,0,,233,100
2766,13905,14705,3.2481724592460484e-82,0,,232,100
2767,13911,14711,1.2513126585320515e-85,0,,233,100
2768,13914,14714,1.899913269136274e-250,0,,232,100
2769,13922,14722,2.5428040937608187e-115,0,,230,100
2770,13930,14730,1.1669649952067451e-155,0,,228,100
2771,13935,14735,1.030607343560628e-236,0,,229,100
2772,13938,14738,1.3209836672852692e-216,0,,229,100
2773,13946,14746,6.991295277819205e-175,0,,228,100
2774,13950,14750,1.1223016112310078e-187,0,,228,100
2775,13952,14752,1.1995164379707119e-180,0,,228,100
2776,13957,14757,1.3315528323042457e-182,0,,229,100
2777,13963,14763,1.2310894376827168e-87,0,,232,100
2778,13965,14765,1.219420777782293e-75,0,,231,100
2779,13969,14769,1.6297568700411536e-76,0,,232,100
2780,13972,14772,9.105356177502942e-50,0,,231,100
2781,13975,14775,1.2194231689146277e-116,0,,231,100
2782,13985,14785,4.337892363335118e-42,0,,230,100
2783,13989,14789,1.4856380228611519e-43,0,,230,100
2784,13991,14791,2.2459733552243026e-38,0,,229,100
2785,13997,14797,4.5345923488856555e-68,0,,230,100
2786,14001,14801,2.6565530673296868e-98,0,,230,100
2787,14004,14804,5.052974041849804e-128,0,,230,100
2788,14007,14807,5.397858406177139e-165,0,,230,100
2789,14014,14814,1.4122847634569772e-161,0,,227,100
2790,14019,14819,3.497781358041385e-242,0,,225,100
2791,14022,14822,7.815058058243257e-137,0,,225,100
2792,14027,14827,3.1993197465873637e-128,0,,225,100
2793,14033,14833,2.4890331933196524e-171,0,,223,100
2794,14036,14836,4.568592824600277e-77,0,,224,100
2795,14044,14844,2.8053040859409295e-54,0,,225,100
2796,14055,14855,7.851322473512644e-107,0,,226,100
2797,14061,14861,5.2503275783851834e-67,0,,226,100
2798,14068,14868,1.4359445061608885e-185,0,,225,100
2799,14076,14876,4.1883234664585095e-152,0,,227,100
2800,14080,14880,0.0,0,,226,100
2801,14092,14892,1.78555620966431e-117,0,,224,100
2802,14097,14897,2.5723783941506093e-94,0,,221,100
2803,14101,14901,9.222759577007835e-106,0,,221,100
2804,14106,14906,6.089224275423202e-108,0,,222,100
2805,14111,14911,1.5263900794010374e-95,0,,222,100
2806,14115,14915,1.4622810269742083e-127,0,,221,100
2807,14120,14920,7.274370783699639e-234,0,,222,100
2808,14127,14927,3.2682164145856295e-221,0,,220,100
2809,14131,14931,4.1036392348360536e-157,0,,220,100
2810,14135,14935,9.327137415264778e-112,0,,220,100
2811,14140,14940,1.3469892658949271e-84,0,,219,100
2812,14142,14942,3.80856299216886e-157,0,,220,100
2813,14147,14947,1.039973003957949e-176,0,,219,100
2814,14151,14951,1.5622330268531382e-193,0,,219,100
2815,14158,14958,1.325654711775866e-224,0,,223,100
2816,14162,14962,1.9480209192577423e-147,0,,223,100
2817,14167,14967,2.71795707347044e-186,0,,224,100
2818,14173,14973,2.8828735957584008e-123,0,,222,100
2819,14177,14977,2.011220306713197e-113,0,,222,100
2820,14182,14982,1.3959836217646363e-83,0,,222,100
2821,14187,14987,6.78719883371578e-95,0,,221,100
2822,14192,14992,6.4633146889409055e-62,0,,221,100
2823,14197,14997,9.172275673567897e-114,0,,220,100
2824,14207,15007,1.0849444733559246e-95,0,,222,100
2825,14210,15010,1.1809248008776588e-113,0,,222,100
2826,14218,15018,1.0066588922755709e-194,0,,225,100
2827,14223,15023,2.308967847457807e-283,0,,228,100
2828,14231,15031,2.8234330184956596e-177,0,,230,100
2829,14234,15034,2.4451205602046712e-188,0,,230,100
2830,14240,15040,4.448438062577514e-239,0,,229,100
2831,14245,15045,2.889671849668327e-230,0,,229,100
2832,14250,15050,4.843224740815639e-161,0,,230,100
2833,14257,15057,3.6951079149563506e-121,0,,228,100
2834,14262,15062,1.7882345592927658e-147,0,,224,100
2835,14266,15066,8.332607648219696e-253,0,,224,100
2836,14269,15069,1.165081889880448e-270,0,,226,100
2837,14275,15075,1.0061324458190342e-269,0,,223,100
2838,14278,15078,0.0,0,,223,100
2839,14282,15082,9.028978136945006e-148,0,,222,100
2840,14287,15087,3.707324736100371e-238,0,,222,100
2841,14293,15093,2.8962538493065795e-172,0,,224,100
2842,14297,15097,3.75391083097064e-254,0,,224,100
2843,14302,15102,9.627724741617219e-178,0,,224,100
2844,14304,15104,3.5228857183332976e-128,0,,224,100
2845,14309,15109,2.2211443408261434e-102,0,,223,100
2846,14313,15113,2.0924887227053784e-67,0,,223,100
2847,14316,15116,1.9836898828667358e-50,0,,221,100
2848,14323,15123,0.0,0,,226,100
2849,14327,15127,9.543844684344632e-152,0,,225,100
2850,14332,15132,1.7446972055211026e-160,0,,225,100
2851,14338,15138,1.4925092009846215e-120,0,,223,100
2852,14343,15143,5.162809841085714e-120,0,,225,100
2853,14349,15149,7.089824640201714e-219,0,,224,100
2854,14353,15153,2.108646891849246e-159,0,,224,100
2855,14356,15156,2.3842073756077012e-133,0,,223,100
2856,14361,15161,5.3976032780852445e-98,0,,225,100
2857,14366,15166,3.847902595996073e-134,0,,225,100
2858,14370,15170,9.498897527758986e-132,0,,225,100
2859,14375,15175,9.459160773530737e-177,0,,224,100
2860,14378,15178,4.2585123961999e-114,0,,224,100
2861,14382,15182,1.367667129373904e-100,0,,225,100
2862,14389,15189,1.4160299352011875e-213,0,,222,100
2863,14393,15193,8.520166718164518e-142,0,,220,100
2864,14398,15198,1.9230975338227455e-175,0,,223,100
2865,14401,15201,1.4909558269996e-310,0,,225,100
2866,14405,15205,2.8407764011587514e-179,0,,225,100
2867,14410,15210,1.9392564059919216e-189,0,,226,100
2868,14413,15213,1.8257493184706473e-160,0,,225,100
2869,14417,15217,2.252320920123471e-188,0,,226,100
2870,14429,15229,4.897471263623928e-155,0,,226,100
2871,14432,15232,1.4458422974856155e-155,0,,226,100
2872,14438,15238,6.452095821629785e-177,0,,226,100
2873,14441,15241,2.2365115454213164e-143,0,,226,100
2874,14445,15245,4.832092101983364e-129,0,,226,100
2875,14449,15249,3.7779652752341465e-97,0,,228,100
2876,14454,15254,1.125762464565398e-126,0,,231,100
2877,14458,15258,1.9770971624810307e-94,0,,230,100
2878,14466,15266,3.8278981259994474e-90,0,,231,100
2879,14471,15271,1.1492019491093164e-118,0,,231,100
2880,14474,15274,6.296124836083427e-193,0,,231,100
2881,14478,15278,7.868262700679542e-130,0,,233,100
2882,14487,15287,1.49314445937723e-309,0,,232,100
2883,14490,15290,4.870326393150456e-208,0,,233,100
2884,14494,15294,4.752441297731624e-129,0,,233,100
2885,14499,15299,1.3650244436085614e-154,0,,232,100
2886,14502,15302,5.598594413927738e-34,0,,233,100
2887,14507,15307,1.0837689206262964e-215,0,,229,100
2888,14511,15311,3.752870743286546e-73,0,,227,100
2889,14516,15316,3.420192283198987e-61,0,,227,100
2890,14520,15320,1.1381487766373898e-98,0,,226,100
2891,14527,15327,4.938470626168955e-61,0,,227,100
2892,14535,15335,1.4493533037561799e-63,0,,228,100
2893,14538,15338,6.864072520953163e-60,0,,228,100
2894,14544,15344,2.8089653737603092e-67,0,,228,100
2895,14548,15348,1.5024263836225123e-61,0,,230,100
2896,14556,15356,8.985492744320987e-239,0,,231,100
2897,14562,15362,3.57990798880681e-177,0,,232,100
2898,14566,15366,4.781999976157007e-102,0,,232,100
2899,14573,15373,2.5311188990268136e-93,0,,232,100
2900,14579,15379,2.739998156515719e-104,0,,233,100
2901,14584,15384,9.051452169549495e-64,0,,234,100
2902,14590,15390,1.863573877300998e-33,0,,233,100
2903,14593,15393,4.3620817668925715e-59,0,,233,100
2904,14597,15397,6.810571772210834e-75,0,,232,100
2905,14601,15401,6.613668242527253e-31,0,,231,100
2906,14606,15406,3.011498377215145e-142,0,,232,100
2907,14611,15411,3.5021311140659836e-65,0,,232,100
2908,14616,15416,5.303235847546265e-103,0,,232,100
2909,14626,15426,1.7660239375454115e-29,0,,231,100
2910,14630,15430,9.375471553678872e-169,0,,230,100
2911,14634,15434,1.980740901009201e-132,0,,233,100
2912,14639,15439,4.508068320926228e-70,0,,235,100
2913,14645,15445,5.237817167231597e-188,0,,235,100
2914,14648,15448,1.079015460993132e-177,0,,236,100
2915,14656,15456,1.0002932774741612e-67,0,,236,100
2916,14660,15460,4.6867209703462816e-66,0,,235,100
2917,14667,15467,7.315118224109828e-91,0,,235,100
2918,14674,15474,5.931056382805654e-54,0,,234,100
2919,14678,15478,2.909755419146674e-50,0,,235,100
2920,14684,15484,3.347188923195854e-97,0,,235,100
2921,14686,15486,6.38165669537171e-138,0,,235,100
2922,14690,15490,1.0898367e-316,0,,237,100
2923,14693,15493,2.0446726486994344e-261,0,,239,100
2924,14697,15497,3.708249364928518e-78,0,,238,100
2925,14701,15501,6.813424556208055e-209,0,,242,100
2926,14711,15511,4.012286819091155e-154,0,,241,100
2927,14715,15515,2.75050881595835e-135,0,,241,100
2928,14721,15521,9.814910667794904e-116,0,,241,100
2929,14725,15525,7.745977789626528e-134,0,,241,100
2930,14732,15532,1.813442723654318e-78,0,,241,100
2931,14736,15536,1.0707389512095703e-127,0,,242,100
2932,14743,15543,2.3843781851331513e-138,0,,243,100
2933,14747,15547,2.872503454921446e-106,0,,243,100
2934,14752,15552,1.0160054148002998e-90,0,,243,100
2935,14758,15558,3.800607821745613e-164,0,,240,100
2936,14762,15562,2.829017185489204e-125,0,,238,100
2937,14766,15566,2.774970189666752e-236,0,,236,100
2938,14770,15570,1.1172546454471524e-78,0,,238,100
2939,14775,15575,9.886878147881892e-63,0,,238,100
2940,14778,15578,4.5210755321501815e-97,0,,239,100
2941,14783,15583,1.0706926189603007e-114,0,,239,100
2942,14789,15589,6.203175781227617e-163,0,,239,100
2943,14792,15592,9.866414137357619e-128,0,,239,100
2944,14796,15596,2.651692380314133e-37,0,,237,100
2945,14805,15605,1.2310597109705393e-26,0,,242,100
2946,14810,15610,1.057106570487274e-43,0,,241,100
2947,14815,15615,2.593979515640743e-31,0,,242,100
2948,14821,15621,3.085232354858623e-28,0,,243,100
2949,14829,15629,1.7324609517545487e-88,0,,243,100
2950,14836,15636,1.069422173665122e-132,0,,243,100
2951,14840,15640,1.4040226975748e-310,0,,244,100
2952,14843,15643,1.8404402947313498e-148,0,,243,100
2953,14849,15649,8.66104750711721e-237,0,,242,100
2954,14854,15654,5.11613897127478e-148,0,,242,100
2955,14858,15658,2.012022049085154e-147,0,,243,100
2956,14869,15669,8.906660786860317e-19,0,,242,100
2957,14873,15673,0.08901893653638994,1,,240,100
2958,14877,15677,6.383066545796521e-22,0,,242,100
2959,14881,15681,2.405166974801968e-75,0,,245,100
2960,14885,15685,1.8750487881063043e-128,0,,245,100
2961,14890,15690,2.3624262363487618e-81,0,,246,100
2962,14895,15695,3.1705792045488544e-65,0,,247,100
2963,14900,15700,1.1557969272411909e-62,0,,248,100
2964,14906,15706,8.461343563242922e-166,0,,246,100
2965,14911,15711,1.5671968900971592e-93,0,,247,100
2966,14916,15716,2.9235892871539687e-109,0,,248,100
2967,14924,15724,3.5789374331528284e-11,0,,247,100
2968,14928,15728,3.982066896790792e-11,0,,248,100
2969,14935,15735,4.726377595195826e-11,0,,249,100
2970,14942,15742,1.4495035012573045e-10,0,,249,100
2971,14946,15746,1.1985211152148587e-10,0,,252,100
2972,14949,15749,1.0950714294820168e-09,0,,254,100
2973,14956,15756,1.6124032531327182e-32,0,,251,100
2974,14960,15760,1.634090411844754e-58,0,,250,100
2975,14964,15764,6.620693357987803e-58,0,,251,100
2976,14969,15769,5.563524948759604e-17,0,,251,100
2977,14975,15775,2.969774115810039e-129,0,,250,100
2978,14978,15778,2.0530693387018953e-116,0,,251,100
2979,14986,15786,1.873654508028434e-44,0,,251,100
2980,14990,15790,5.859750261182976e-65,0,,251,100
2981,14995,15795,4.8710047229399645e-39,0,,251,100
2982,15002,15802,2.3598825193430643e-09,0,,249,100
2983,15006,15806,4.7394190723564126e-18,0,,249,100
2984,15012,15812,0.0030337829820722972,1,,249,100
2985,15018,15818,4.310431247410042e-99,0,,246,100
2986,15022,15822,7.727163099623293e-180,0,,245,100
2987,15026,15826,9.94719501259882e-309,0,,244,100
2988,15031,15831,2.8242342882742703e-24,0,,245,100
2989,15037,15837,3.269754491016679e-190,0,,244,100
2990,15043,15843,4.1175960247328405e-272,0,,245,100
2991,15046,15846,8.778879781943101e-256,0,,244,100
2992,15052,15852,6.19624480932981e-13,0,,244,100
2993,15057,15857,4.578359841275906e-07,0,,246,100
2994,15063,15863,2.8919604501371e-07,0,,247,100
2995,15071,15871,4.325104147414584e-11,0,,247,100
2996,15075,15875,3.179929224133648e-16,0,,247,100
2997,15081,15881,1.2580325480421874e-18,0,,249,100
2998,15088,15888,4.717153937739684e-106,0,,250,100
2999,15092,15892,6.007874943596551e-51,0,,249,100
3000,15098,15898,5.388596020795593e-79,0,,248,100
3001,15103,15903,1.269827793856055e-15,0,,249,100
3002,15107,15907,5.794716972665939e-43,0,,248,100
3003,15118,15918,1.1077093497020912e-44,0,,246,100
3004,15122,15922,3.1120875455571146e-06,0,,244,100
3005,15126,15926,1.692006303333443e-07,0,,243,100
3006,15130,15930,0.00016285459338290622,0,,244,100
3007,15134,15934,0.0007910761644511355,0,,244,100
3008,15139,15939,1.2460506989824027e-05,0,,244,100
3009,15142,15942,8.205447016828528e-06,0,,246,100
3010,15147,15947,2.0620790378240606e-245,0,,249,100
3011,15152,15952,1.529456669905091e-233,0,,251,100
3012,15157,15957,2.265413853054908e-103,0,,248,100
3013,15165,15965,1.2154239547540477e-182,0,,248,100
3014,15169,15969,7.057981229599439e-176,0,,249,100
3015,15176,15976,1.6388665128028368e-255,0,,248,100
3016,15183,15983,3.3186843671098554e-07,0,,247,100
3017,15187,15987,5.387719353167338e-09,0,,247,100
3018,15190,15990,1.8422900192297433e-07,0,,248,100
3019,15197,15997,2.1296756697353733e-09,0,,245,100
3020,15201,16001,1.150086704872337e-137,0,,243,100
3021,15205,16005,9.79049185132179e-260,0,,243,100
3022,15210,16010,3.087012285193296e-231,0,,245,100
3023,15216,16016,1.0172018749738834e-116,0,,247,100
3024,15223,16023,2.6689885146584453e-178,0,,250,100
3025,15230,16030,1.9339280464548002e-126,0,,249,100
3026,15234,16034,2.622782449186891e-193,0,,249,100
3027,15240,16040,7.93933270842118e-183,0,,249,100
3028,15248,16048,1.9354125933017808e-13,0,,246,100
3029,15253,16053,9.652522394548958e-26,0,,244,100
3030,15257,16057,7.005488081291591e-107,0,,244,100
3031,15262,16062,2.09158588963404e-42,0,,245,100
3032,15268,16068,1.4843540498043937e-50,0,,243,100
3033,15274,16074,2.0821685419960008e-94,0,,242,100
3034,15277,16077,4.5207468123041964e-51,0,,241,100
3035,15283,16083,1.7934814616995763e-174,0,,244,100
3036,15290,16090,4.36299845549496e-296,0,,243,100
3037,15296,16096,0.0,0,,244,100
3038,15304,16104,9.344752603603372e-05,0,,244,100
3039,15308,16108,8.113478881470628e-11,0,,245,100
3040,15316,16116,1.4185286664144267e-15,0,,248,100
3041,15323,16123,5.339769795689572e-114,0,,248,100
3042,15327,16127,3.6165735758113965e-106,0,,248,100
3043,15333,16133,2.243651264101102e-72,0,,247,100
3044,15338,16138,2.386012929701099e-100,0,,247,100
3045,15342,16142,9.8588992480442e-181,0,,247,100
3046,15353,16153,1.4999000232608247e-50,0,,246,100
3047,15358,16158,7.848130356630394e-149,0,,244,100
3048,15362,16162,7.62096282910904e-124,0,,244,100
3049,15366,16166,5.823270706939592e-09,0,,243,100
3050,15370,16170,9.18173609547989e-24,0,,243,100
3051,15375,16175,1.3947432324069752e-07,0,,243,100
3052,15378,16178,4.530978923744893e-11,0,,243,100
3053,15383,16183,3.1997248455147647e-94,0,,243,100
3054,15388,16188,1.0276534694990432e-66,0,,244,100
3055,15393,16193,1.878879622488355e-62,0,,246,100
3056,15401,16201,1.8513144003322352e-49,0,,249,100
3057,15405,16205,5.2111360856061975e-76,0,,249,100
3058,15410,16210,1.0584954921858044e-80,0,,249,100
3059,15417,16217,1.1537874850648267e-87,0,,248,100
3060,15421,16221,1.3516964715992299e-20,0,,248,100
3061,15424,16224,1.1811214573515348e-20,0,,249,100
3062,15431,16231,1.0933396784699827e-23,0,,245,100
3063,15436,16236,1.7957130378106377e-20,0,,243,100
3064,15440,16240,2.6515307006141855e-69,0,,244,100
3065,15447,16247,1.0184124016913625e-55,0,,244,100
3066,15453,16253,5.5635575869605204e-58,0,,245,100
3067,15461,16261,1.4941468986221995e-138,0,,249,100
3068,15467,16267,4.494764350556375e-171,0,,252,100
3069,15471,16271,7.399143888146526e-161,0,,252,100
3070,15477,16277,1.3470778561645778e-129,0,,251,100
3071,15489,16289,7.970298834586831e-18,0,,248,100
3072,15494,16294,1.8935398343860442e-82,0,,244,100
3073,15498,16298,1.1169580474743996e-271,0,,244,100
3074,15505,16305,2.2804304668528527e-81,0,,244,100
3075,15511,16311,2.3201661209986455e-71,0,,243,100
3076,15517,16317,4.522550870794503e-158,0,,245,100
3077,15520,16320,2.886111007964534e-248,0,,244,100
3078,15526,16326,2.4019158264024098e-206,0,,245,100
3079,15537,16337,1.4482791086444913e-09,0,,243,100
3080,15543,16343,2.9925273254431204e-11,0,,244,100
3081,15551,16351,4.884530424625965e-07,0,,245,100
3082,15555,16355,3.0112706370641834e-09,0,,246,100
3083,15561,16361,2.3625102216315877e-16,0,,245,100
3084,15568,16368,0.0,0,,245,100
3085,15572,16372,7.959929663187654e-50,0,,247,100
3086,15578,16378,3.767163910795126e-136,0,,246,100
3087,15583,16383,6.865750973033728e-122,0,,247,100
3088,15587,16387,1.936513902556371e-147,0,,247,100
3089,15598,16398,5.009180758763429e-97,0,,248,100
3090,15603,16403,1.4772736578364275e-56,0,,245,100
3091,15607,16407,2.3574462101552767e-58,0,,244,100
3092,15611,16411,1.326305280881258e-30,0,,244,100
3093,15615,16415,2.404374167674466e-10,0,,243,100
3094,15620,16420,1.0921535820567928e-06,0,,244,100
3095,15623,16423,2.667526450868326e-09,0,,244,100
3096,15630,16430,5.661636547254092e-106,0,,242,100
3097,15635,16435,1.111377654761548e-78,0,,241,100
3098,15640,16440,6.840277197815575e-178,0,,244,100
3099,15648,16448,7.563226047313348e-182,0,,246,100
3100,15652,16452,3.23519103433327e-155,0,,246,100
3101,15656,16456,7.294139398986073e-55,0,,246,100
3102,15663,16463,1.5496926907999026e-87,0,,245,100
3103,15667,16467,7.589783157742993e-102,0,,246,100
3104,15670,16470,2.0182826834838832e-88,0,,248,100
3105,15677,16477,8.865195203219234e-63,0,,245,100
3106,15682,16482,0.0,0,,242,100
3107,15686,16486,0.0,0,,243,100
3108,15697,16497,3.5742138254843416e-169,0,,242,100
3109,15703,16503,8.2419941197575225e-199,0,,243,100
3110,15709,16509,1.5871056631833942e-78,0,,247,100
3111,15713,16513,1.0592844922029932e-274,0,,247,100
3112,15718,16518,1.4495812039991893e-230,0,,247,100
3113,15725,16525,5.919102716162486e-172,0,,249,100
3114,15729,16529,1.3961799004006248e-122,0,,248,100
3115,15735,16535,1.299614811409751e-122,0,,249,100
3116,15742,16542,2.135810057513875e-21,0,,246,100
3117,15747,16547,8.253195991281754e-184,0,,241,100
3118,15751,16551,3.937554670151841e-167,0,,241,100
3119,15762,16562,4.515417516953807e-174,0,,240,100
3120,15768,16568,3.8188434298796047e-90,0,,240,100
3121,15774,16574,3.5519883101408874e-101,0,,241,100
3122,15777,16577,1.1935498838879035e-91,0,,242,100
3123,15783,16583,3.950805973657445e-106,0,,244,100
3124,15789,16589,1.6948812264218006e-138,0,,248,100
3125,15795,16595,6.151233093454261e-147,0,,250,100
3126,15803,16603,4.1967536838143744e-131,0,,250,100
3127,15807,16607,2.2212700349578293e-88,0,,252,100
3128,15814,16614,1.3034452838505787e-91,0,,250,100
3129,15821,16621,2.0219059970495413e-125,0,,250,100
3130,15825,16625,1.0312323463649685e-87,0,,250,100
3131,15831,16631,7.889626786162612e-119,0,,251,100
3132,15836,16636,9.760169223824474e-163,0,,252,100
3133,15840,16640,0.0,0,,252,100
3134,15851,16651,1.220095050432581e-124,0,,250,100
3135,15856,16656,8.801705262522607e-68,0,,247,100
3136,15860,16660,2.484155141119865e-90,0,,247,100
3137,15864,16664,1.3510672899054153e-69,0,,247,100
3138,15868,16668,8.025974608385333e-83,0,,247,100
3139,15873,16673,7.243190672054541e-72,0,,248,100
3140,15876,16676,1.639820058734097e-25,0,,246,100
3141,15887,16687,1.4179486075537994e-215,0,,245,100
3142,15892,16692,3.840116451332974e-157,0,,246,100
3143,15898,16698,1.6793866521811765e-99,0,,246,100
3144,15906,16706,7.047546976673327e-178,0,,251,100
3145,15913,16713,0.0,0,,251,100
3146,15917,16717,1.3132686122543905e-153,0,,251,100
3147,15922,16722,3.129835218528367e-53,0,,251,100
3148,15929,16729,3.12570480967862e-87,0,,253,100
3149,15933,16733,2.1631347134211334e-21,0,,253,100
3150,15936,16736,2.853751644567938e-20,0,,255,100
3151,15943,16743,4.730197597756024e-34,0,,252,100
3152,15948,16748,3.149076392658734e-234,0,,248,100
3153,15952,16752,7.04749471003399e-266,0,,248,100
3154,15958,16758,6.844682356325082e-157,0,,248,100
3155,15964,16764,2.5715110442138023e-252,0,,248,100
3156,15967,16767,1.774195213541545e-177,0,,248,100
3157,15975,16775,3.8591893121549897e-272,0,,250,100
3158,15981,16781,4.460959708707721e-149,0,,249,100
3159,15985,16785,6.003788164358629e-84,0,,249,100
3160,15989,16789,4.759993481087301e-125,0,,251,100
3161,15996,16796,4.854261471530784e-118,0,,254,100
3162,16000,16800,6.188454753712091e-64,0,,254,100
3163,16003,16803,3.0414308922170244e-24,0,,255,100
3164,16009,16809,3.0886148977638498e-12,0,,253,100
3165,16016,16816,7.744534920030148e-90,0,,251,100
3166,16021,16821,8.411774216173853e-129,0,,247,100
3167,16025,16825,3.771149001158163e-295,0,,249,100
3168,16031,16831,2.0991424212634346e-223,0,,248,100
3169,16037,16837,5.516646699765408e-272,0,,248,100
3170,16043,16843,2.5468273051258656e-120,0,,248,100
3171,16046,16846,3.969185533293015e-68,0,,248,100
3172,16052,16852,5.915876986340216e-36,0,,248,100
3173,16058,16858,1.0870564037775781e-29,0,,249,100
3174,16064,16864,2.0647995451489064e-20,0,,254,100
3175,16072,16872,1.2027554579154899e-25,0,,255,100
3176,16079,16879,2.24664255510023e-172,0,,253,100
3177,16083,16883,1.0978422140060767e-231,0,,253,100
3178,16089,16889,8.553649821250532e-75,0,,253,100
3179,16094,16894,4.699162235502298e-81,0,,253,100
3180,16098,16898,1.1205181721888024e-85,0,,254,100
3181,16109,16909,8.861878106206971e-99,0,,253,100
3182,16114,16914,5.708151511416096e-73,0,,250,100
3183,16118,16918,3.2836949756727004e-66,0,,249,100
3184,16122,16922,9.54053608166317e-47,0,,249,100
3185,16126,16926,1.5917290386849525e-56,0,,248,100
3186,16131,16931,3.4367007359972385e-83,0,,250,100
3187,16134,16934,2.530567187373872e-84,0,,250,100
3188,16140,16940,1.1719887290621908e-81,0,,248,100
3189,16145,16945,9.857850999125365e-80,0,,250,100
3190,16150,16950,0.0,0,,248,100
3191,16158,16958,1.0349963329119582e-307,0,,249,100
3192,16164,16964,2.318149170091442e-87,0,,249,100
3193,16168,16968,1.7168645904282403e-94,0,,249,100
3194,16172,16972,1.2388795946461061e-92,0,,249,100
3195,16179,16979,1.484953416349128e-162,0,,249,100
3196,16183,16983,1.494353101191118e-147,0,,248,100
3197,16186,16986,7.217755871007834e-157,0,,249,100
3198,16193,16993,3.5257077278675757e-14,0,,246,100
3199,16198,16998,5.02423115176745e-19,0,,244,100
3200,16202,17002,1.3610357563493387e-14,0,,243,100
3201,16208,17008,1.1722253291731366e-158,0,,244,100
3202,16214,17014,1.248243795625414e-162,0,,243,100
3203,16220,17020,4.271152406927061e-124,0,,242,100
3204,16224,17024,7.283129229944739e-137,0,,244,100
3205,16229,17029,2.0733466694619746e-56,0,,248,100
3206,16236,17036,6.912951438204361e-240,0,,247,100
3207,16240,17040,1.6132653880001308e-131,0,,249,100
3208,16246,17046,5.024925773621985e-91,0,,249,100
3209,16258,17058,2.1600242795286072e-71,0,,244,100
3210,16263,17063,1.7219089325933022e-182,0,,241,100
3211,16267,17067,7.041506619346837e-99,0,,241,100
3212,16273,17073,3.979794084490963e-91,0,,241,100
3213,16280,17080,9.046067275807982e-67,0,,240,100
3214,16285,17085,2.0969599637555607e-170,0,,239,100
3215,16289,17089,2.2057414986710676e-247,0,,239,100
3216,16295,17095,5.13436613089703e-231,0,,240,100
3217,16298,17098,0.0,0,,241,100
3218,16304,17104,0.0,0,,241,100
3219,16315,17115,3.0652902724805254e-142,0,,239,100
3220,16321,17121,5.018987000776143e-130,0,,241,100
3221,16329,17129,2.3833172881766293e-31,0,,238,100
3222,16336,17136,5.054644498029951e-97,0,,242,100
3223,16340,17140,5.820295634415908e-96,0,,242,100
3224,16346,17146,8.178753746427234e-68,0,,242,100
3225,16351,17151,1.0180135205122961e-70,0,,242,100
3226,16355,17155,3.0919837656125485e-86,0,,243,100
3227,16366,17166,6.948212568239707e-156,0,,244,100
3228,16371,17171,3.765404327366947e-115,0,,241,100
3229,16375,17175,5.601397895659465e-75,0,,241,100
3230,16379,17179,1.5384382105978111e-65,0,,241,100
3231,16383,17183,5.505894542706861e-68,0,,240,100
3232,16388,17188,2.396548858243999e-69,0,,239,100
3233,16391,17191,3.9737817609548486e-65,0,,239,100
3234,16397,17197,2.8801333093730427e-46,0,,237,100
3235,16402,17202,1.1858174603642368e-43,0,,237,100
3236,16408,17208,2.292194205776408e-71,0,,239,100
3237,16416,17216,2.4319033611545682e-110,0,,240,100
3238,16422,17222,8.211550344997207e-77,0,,241,100
3239,16426,17226,9.630454022137702e-52,0,,244,100
3240,16431,17231,8.851163398055889e-57,0,,245,100
3241,16438,17238,2.1782521927005267e-76,0,,243,100
3242,16443,17243,2.2860586302884088e-125,0,,241,100
3243,16447,17247,3.2587879493526765e-96,0,,240,100
3244,16453,17253,6.502919343060238e-41,0,,240,100
3245,16460,17260,2.4126305569380373e-26,0,,239,100
3246,16465,17265,4.2679099470236164e-60,0,,239,100
3247,16470,17270,1.4786005151612853e-65,0,,238,100
3248,16474,17274,5.197271265684807e-66,0,,238,100
3249,16477,17277,8.648467472876816e-49,0,,238,100
3250,16481,17281,6.834977647142317e-55,0,,238,100
3251,16486,17286,3.322719031169038e-36,0,,239,100
3252,16490,17290,2.146304238242411e-101,0,,240,100
3253,16494,17294,3.058329563512328e-97,0,,242,100
3254,16499,17299,1.6217241539113354e-10,0,,242,100
3255,16505,17305,1.4850237174796463e-12,0,,240,100
3256,16510,17310,7.320118939923564e-15,0,,236,100
3257,16514,17314,2.821131540294458e-14,0,,236,100
3258,16525,17325,1.9959935548323664e-26,0,,232,100
3259,16531,17331,1.8915337746961586e-34,0,,230,100
3260,16534,17334,1.2060800174561244e-33,0,,230,100
3261,16542,17342,2.5824238507334495e-35,0,,229,100
3262,16549,17349,1.9939613658720954e-98,0,,227,100
3263,16553,17353,7.746975855729501e-153,0,,226,100
3264,16559,17359,2.4147471571886764e-34,0,,225,100
3265,16566,17366,6.656149320320746e-55,0,,223,100
3266,16570,17370,7.092042648236355e-26,0,,222,100
3267,16576,17376,2.6679281608716126e-28,0,,219,100
3268,16585,17385,7.05971450677599e-32,0,,213,100
3269,16590,17390,4.53986141882223e-44,0,,209,100
3270,16594,17394,8.367129560088057e-48,0,,209,100
3271,16605,17405,1.1986342165808133e-46,0,,205,100
3272,16611,17411,1.110190358559329e-107,0,,203,100
3273,16617,17417,9.23469124027019e-81,0,,202,100
3274,16620,17420,2.25070603415028e-82,0,,201,100
3275,16626,17426,5.165206554707758e-24,0,,199,100
3276,16633,17433,2.690971690445887e-59,0,,196,100
3277,16639,17439,1.4297647875325603e-94,0,,196,100
3278,16647,17447,1.7790474780628354e-85,0,,195,100
3279,16654,17454,2.5553229960860293e-39,0,,192,100
3280,16658,17458,3.6482174386361017e-60,0,,191,100
3281,16662,17462,1.3788476863525826e-15,0,,190,100
3282,16669,17469,4.6351968799132984e-148,0,,188,100
3283,16673,17473,2.4386343694982933e-148,0,,187,100
3284,16679,17479,7.183473841052843e-67,0,,185,100
3285,16684,17484,7.906698576120039e-84,0,,184,100
3286,16688,17488,3.158814919380763e-79,0,,184,100
3287,16699,17499,2.7004282484270416e-43,0,,180,100
3288,16704,17504,6.066527850083213e-30,0,,176,100
3289,16708,17508,1.2069504796289566e-15,0,,175,100
3290,16712,17512,4.148187482293295e-48,0,,174,100
3291,16716,17516,1.1330328590042078e-30,0,,173,100
3292,16721,17521,8.494424873528685e-52,0,,172,100
3293,16724,17524,7.743819869522167e-24,0,,170,100
3294,16735,17535,2.495340820411535e-304,0,,165,100
3295,16740,17540,5.5410531255e-314,0,,165,100
3296,16745,17545,3.489667258599765e-295,0,,164,100
3297,16753,17553,6.151786259715144e-140,0,,163,100
3298,16759,17559,1.6328923600215569e-262,0,,161,100
3299,16763,17563,5.3621037540723775e-161,0,,161,100
3300,16768,17568,2.9865535626956016e-153,0,,159,100
3301,16775,17575,9.813268783125887e-57,0,,157,100
3302,16779,17579,2.4816447682821537e-41,0,,156,100
3303,16782,17582,7.860509429372464e-35,0,,156,100
3304,16789,17589,2.5785165559104827e-42,0,,151,100
3305,16794,17594,4.866295846416376e-259,0,,147,100
3306,16798,17598,2.387343768483481e-223,0,,146,100
3307,16805,17605,2.5847047155493054e-186,0,,144,100
3308,16811,17611,5.83795585660683e-158,0,,142,100
3309,16814,17614,1.228866939426482e-151,0,,142,100
3310,16822,17622,8.67173454931649e-112,0,,141,100
3311,16829,17629,1.1549849587352962e-37,0,,139,100
3312,16833,17633,6.165818402565247e-28,0,,138,100
3313,16837,17637,3.1515375434662666e-39,0,,137,100
3314,16844,17644,4.612490288744657e-28,0,,135,100
3315,16848,17648,2.098353313737734e-33,0,,134,100
3316,16854,17654,4.669513217502652e-19,0,,132,100
3317,16856,17656,4.0318197308386067e-32,0,,130,100
3318,16861,17661,1.5100492150555718e-123,0,,127,100
3319,16866,17666,8.487518719777853e-73,0,,123,100
3320,16870,17670,6.6785701403532675e-62,0,,122,100
3321,16873,17673,4.133702195125477e-89,0,,121,100
3322,16880,17680,6.0945025582826115e-52,0,,120,100
3323,16884,17684,3.0690065927291937e-54,0,,119,100
3324,16889,17689,6.549769533541062e-47,0,,119,100
3325,16895,17695,1.6000016739489848e-39,0,,117,100
3326,16903,17703,3.5909958439834425e-153,0,,114,100
3327,16908,17708,7.640590751573118e-172,0,,113,100
3328,16913,17713,1.634865664943752e-97,0,,112,100
3329,16919,17719,1.6747273799089047e-105,0,,111,100
3330,16927,17727,1.2214995599010058e-104,0,,109,100
3331,16930,17730,4.043701516189793e-98,0,,109,100
3332,16941,17741,1.1438647519769167e-80,0,,107,100
3333,16945,17745,4.940061484633791e-42,0,,106,100
3334,16950,17750,1.6174806182236974e-49,0,,105,100
3335,16954,17754,1.5386434725659406e-51,0,,104,100
3336,16959,17759,2.263660732450289e-37,0,,102,100
3337,16962,17762,1.0993425257124037e-66,0,,101,100
3338,16966,17766,3.5010867042125965e-51,0,,100,100
