window_index,char_start,char_end,p_z,extracted,error,n_tokens_in_chunk,sequence_len_tokens
0,0,800,0.4997965877288641,1,,218,100
1,4,804,0.04003252613214674,1,,215,100
2,7,807,0.00022215779426976035,0,,215,100
3,11,811,0.48620313278300814,1,,216,100
4,21,821,0.0008212272563645184,0,,218,100
5,25,825,0.002307694201567828,1,,217,100
6,33,833,0.0008887073132059232,0,,218,100
7,37,837,0.5510452800477716,1,,219,100
8,44,844,0.0028358453069329383,1,,221,100
9,48,848,0.0010077504629982497,1,,223,100
10,52,852,0.0011171003305707936,1,,223,100
11,60,860,0.4154862249506494,1,,221,100
12,64,864,0.001959773832217557,1,,219,100
13,68,868,0.002535484056226316,1,,219,100
14,72,872,4.4638852706282085e-05,0,,219,100
15,78,878,0.00038246730391653397,0,,219,100
16,82,882,6.353417214705065e-05,0,,219,100
17,90,890,0.003125402631829481,1,,219,100
18,96,896,0.000491396295225009,0,,219,100
19,100,900,0.0005636487808066451,0,,219,100
20,106,906,0.007139080988116779,1,,217,100
21,110,910,0.25074998101003093,1,,217,100
22,119,919,0.00037828111033260775,0,,218,100
23,123,923,0.0012839435301050838,1,,218,100
24,128,928,0.30808126741493846,1,,216,100
25,132,932,0.69980946778271,1,,217,100
26,137,937,0.20328058839706378,1,,217,100
27,140,940,0.09270030730760558,1,,217,100
28,144,944,0.026526757745044774,1,,217,100
29,150,950,0.008061415111798146,1,,216,100
30,154,954,0.00047418326278893643,0,,216,100
31,158,958,0.001161531116754787,1,,216,100
32,165,965,0.0003223635409754887,0,,217,100
33,168,968,0.0006603066068293026,0,,217,100
34,172,972,0.012575797776234604,1,,218,100
35,178,978,0.000183743120312187,0,,222,100
36,183,983,0.00016554147694580396,0,,223,100
37,187,987,0.00176979621545679,1,,223,100
38,192,992,0.0002552424597803805,0,,223,100
39,195,995,5.8877597337048035e-05,0,,223,100
40,199,999,5.855513066983744e-05,0,,222,100
41,208,1008,0.32234343687447464,1,,220,100
42,212,1012,0.013974679903516338,1,,218,100
43,216,1016,0.00034491654484031264,0,,218,100
44,220,1020,0.0006430056178605532,0,,218,100
45,226,1026,0.05905619158813203,1,,218,100
46,230,1030,0.0010333845548801952,1,,218,100
47,236,1036,0.0024874681097634766,1,,217,100
48,239,1039,5.351599848608998e-05,0,,216,100
49,246,1046,0.02033207213316779,1,,216,100
50,250,1050,0.0052968346315682225,1,,216,100
51,256,1056,5.9292236635875345e-05,0,,216,100
52,260,1060,0.0001254210763058865,0,,215,100
53,268,1068,0.6700217943396478,1,,213,100
54,272,1072,0.00155595048564613,1,,212,100
55,276,1076,0.00394898908585542,1,,212,100
56,280,1080,0.5221905645048931,1,,213,100
57,284,1084,0.005680215129781015,1,,212,100
58,288,1088,1.3793424615198757e-05,0,,211,100
59,295,1095,0.0004604275284623239,0,,211,100
60,300,1100,4.280780166298638e-05,0,,211,100
61,303,1103,6.9013905678028025e-06,0,,213,100
62,307,1107,3.5678259389561804e-05,0,,216,100
63,313,1113,0.0009849345930047172,0,,216,100
64,317,1117,2.5302361419837854e-05,0,,216,100
65,321,1121,0.060923940417058946,1,,217,100
66,329,1129,8.160955794285238e-06,0,,217,100
67,333,1133,0.00016240805479343168,0,,217,100
68,339,1139,0.0009724333292333656,0,,216,100
69,344,1144,6.532668537350328e-05,0,,216,100
70,348,1148,0.19403021472410004,1,,217,100
71,359,1159,0.4165609218369481,1,,215,100
72,363,1163,0.008175499600843851,1,,212,100
73,367,1167,0.0011645348767324352,1,,213,100
74,371,1171,5.856937316434375e-05,0,,212,100
75,378,1178,0.00018276547438506182,0,,213,100
76,382,1182,7.324991890673696e-05,0,,213,100
77,388,1188,5.016934749729115e-05,0,,214,100
78,393,1193,0.0005344030464043727,0,,213,100
79,397,1197,6.907973508502106e-05,0,,212,100
80,401,1201,0.008905391518439077,1,,214,100
81,410,1210,3.276445937293489e-05,0,,212,100
82,413,1213,5.739970437441396e-06,0,,212,100
83,420,1220,0.0015969905970538566,1,,212,100
84,427,1227,0.0023787525187047753,1,,210,100
85,431,1231,0.0030706470087415783,1,,211,100
86,435,1235,0.7770093331874472,1,,212,100
87,443,1243,0.003118114149352236,1,,212,100
88,447,1247,0.00035896055318637173,0,,213,100
89,451,1251,0.09364118302588911,1,,214,100
90,459,1259,8.852594045024942e-05,0,,214,100
91,464,1264,0.005350205816410569,1,,214,100
92,468,1268,0.0005259624802771613,0,,213,100
93,474,1274,0.0005487978999791325,0,,215,100
94,480,1280,0.8105188496869999,1,,212,100
95,484,1284,0.0033617236074952607,1,,211,100
96,488,1288,0.0019530941430520384,1,,214,100
97,492,1292,0.002183800875527103,1,,216,100
98,498,1298,0.0019814357813840978,1,,215,100
99,502,1302,0.00015034918213919764,0,,215,100
100,508,1308,4.938738198021997e-06,0,,215,100
101,511,1311,0.00024420188592159486,0,,215,100
102,513,1313,0.5919607399651015,1,,215,100
103,523,1323,2.0468120215043372e-05,0,,214,100
104,526,1326,0.00024806491262133,0,,214,100
105,530,1330,0.006455503934144939,1,,215,100
106,536,1336,3.4030162032710286e-05,0,,214,100
107,539,1339,1.679303217527794e-06,0,,214,100
108,543,1343,4.997696775163233e-05,0,,212,100
109,551,1351,0.001750751851703261,1,,211,100
110,555,1355,0.0025858246789479205,1,,211,100
111,559,1359,6.807373472911975e-05,0,,212,100
112,562,1362,0.018714995566587005,1,,211,100
113,569,1369,0.0014020619587545172,1,,213,100
114,573,1373,0.03504149877146428,1,,213,100
115,580,1380,0.0008191378599600695,0,,214,100
116,585,1385,0.008127387623376937,1,,213,100
117,589,1389,1.7767101261019734e-06,0,,212,100
118,598,1398,0.014885512850251963,1,,211,100
119,602,1402,0.0020731815725783015,1,,208,100
120,606,1406,1.0251488280434071e-05,0,,208,100
121,610,1410,1.4958160006158481e-05,0,,208,100
122,615,1415,5.847091093664191e-06,0,,208,100
123,619,1419,0.009865212584816643,1,,209,100
124,630,1430,2.415049366720725e-06,0,,209,100
125,634,1434,0.016558650115837608,1,,209,100
126,642,1442,2.7693544413053727e-06,0,,210,100
127,646,1446,4.972188280099609e-06,0,,210,100
128,653,1453,8.078514912438555e-06,0,,211,100
129,659,1459,0.0005998077591260715,0,,211,100
130,664,1464,0.0507419251033072,1,,210,100
131,670,1470,0.0032314714931386606,1,,215,100
132,674,1474,0.005716589213129497,1,,217,100
133,684,1484,0.0003580680943589292,0,,216,100
134,689,1489,1.5261763640783907e-05,0,,216,100
135,693,1493,9.635509604278377e-06,0,,216,100
136,700,1500,7.122555108854593e-06,0,,217,100
137,706,1506,9.877987951331028e-06,0,,216,100
138,711,1511,5.957206216235253e-05,0,,216,100
139,717,1517,0.00013399076102223626,0,,217,100
140,721,1521,0.06668862778596736,1,,217,100
141,732,1532,0.0012904515543131784,1,,220,100
142,736,1536,0.0010410921218654383,1,,220,100
143,739,1539,0.00017995445577388664,0,,220,100
144,743,1543,2.0261492023182882e-05,0,,220,100
145,748,1548,0.17669041588677312,1,,218,100
146,752,1552,0.00018290204767682514,0,,215,100
147,756,1556,0.003250612389171526,1,,215,100
148,760,1560,1.400928776495671e-05,0,,215,100
149,767,1567,0.0053900271514246215,1,,216,100
150,771,1571,0.10597644493367686,1,,217,100
151,781,1581,1.1760987587475906e-07,0,,216,100
152,789,1589,4.5810736562059524e-05,0,,216,100
153,793,1593,0.00010384691745268982,0,,216,100
154,797,1597,0.08920452100784633,1,,217,100
155,805,1605,2.2631245775517753e-05,0,,217,100
156,809,1609,8.458302166418832e-06,0,,217,100
157,813,1613,0.00195322463023322,1,,216,100
158,821,1621,2.0137726247451373e-06,0,,215,100
159,826,1626,0.0003272108207062896,0,,216,100
160,830,1630,2.1370028531196178e-05,0,,216,100
161,837,1637,8.377214531099499e-06,0,,217,100
162,843,1643,0.021758754434668834,1,,214,100
163,847,1647,0.0002297420621470501,0,,212,100
164,851,1651,1.3585362926318107e-05,0,,212,100
165,855,1655,8.1673493076738e-06,0,,212,100
166,861,1661,1.198298815613468e-05,0,,212,100
167,865,1665,7.67411063446237e-07,0,,213,100
168,869,1669,1.080369967647868e-07,0,,213,100
169,876,1676,1.0641964419424346e-07,0,,214,100
170,882,1682,1.932497524501282e-06,0,,215,100
171,886,1686,0.010319171776541241,1,,216,100
172,893,1693,2.112935776495793e-06,0,,216,100
173,896,1696,0.030192201115011322,1,,216,100
174,905,1705,8.389533156017753e-06,0,,221,100
175,914,1714,0.01759077462997858,1,,221,100
176,919,1719,0.03239940611661437,1,,222,100
177,923,1723,0.0007972419689690646,0,,222,100
178,930,1730,0.06867523736748553,1,,221,100
179,934,1734,0.0030831504485321687,1,,222,100
180,938,1738,0.02939444400804343,1,,222,100
181,942,1742,0.0014915752997666154,1,,222,100
182,946,1746,0.0071595977592765585,1,,221,100
183,951,1751,1.5962696129089378e-05,0,,222,100
184,959,1759,0.0006297844711407299,0,,222,100
185,963,1763,0.0008238872483374294,0,,221,100
186,966,1766,0.0002787383609763083,0,,221,100
187,970,1770,2.3173287554148556e-06,0,,221,100
188,975,1775,0.0009242668823788765,0,,218,100
189,980,1780,8.497396982360142e-06,0,,215,100
190,984,1784,5.422286726840014e-05,0,,215,100
191,988,1788,2.675121324750925e-07,0,,215,100
192,995,1795,5.4612285208218437e-05,0,,216,100
193,999,1799,1.70936876031419e-07,0,,216,100
194,1003,1803,3.563890046493999e-06,0,,217,100
195,1008,1808,1.0870706287755422e-06,0,,220,100
196,1015,1815,7.785797969289295e-06,0,,222,100
197,1019,1819,2.9944700952534555e-05,0,,222,100
198,1023,1823,0.026284873933943628,1,,223,100
199,1033,1833,4.693691094126682e-06,0,,224,100
200,1042,1842,6.1502692539335005e-09,0,,224,100
201,1045,1845,6.962340454913258e-05,0,,223,100
202,1049,1849,1.4022204679617135e-06,0,,223,100
203,1056,1856,1.1238897545962013e-07,0,,223,100
204,1063,1863,0.0029323590200975537,1,,223,100
205,1066,1866,0.003936856743670924,1,,224,100
206,1072,1872,0.00015371312131044187,0,,222,100
207,1076,1876,0.038958340757487935,1,,222,100
208,1080,1880,0.45817142996477145,1,,225,100
209,1084,1884,0.004550461184172641,1,,224,100
210,1089,1889,1.5398822978852693e-05,0,,224,100
211,1092,1892,0.001236922822170706,1,,223,100
212,1096,1896,1.1124661268302084e-07,0,,223,100
213,1103,1903,0.0015881445210020884,1,,221,100
214,1108,1908,1.1394836240705747e-06,0,,218,100
215,1112,1912,0.0007847032018052264,0,,218,100
216,1116,1916,1.3427522340476056e-06,0,,217,100
217,1122,1922,0.00012448031082930465,0,,218,100
218,1126,1926,0.00019101366970761166,0,,218,100
219,1130,1930,6.693921215442661e-07,0,,218,100
220,1136,1936,0.00014301959661025478,0,,218,100
221,1142,1942,4.4971957657046836e-07,0,,219,100
222,1148,1948,0.0007070114721334451,0,,224,100
223,1155,1955,0.0003198674723815988,0,,223,100
224,1159,1959,0.012413065928804224,1,,224,100
225,1164,1964,0.0006438255111613864,0,,224,100
226,1173,1973,0.016048331761425165,1,,224,100
227,1179,1979,0.02097673624213318,1,,223,100
228,1183,1983,2.632356900846633e-05,0,,223,100
229,1187,1987,4.4688286451286034e-05,0,,223,100
230,1193,1993,0.00022555194041661543,0,,223,100
231,1198,1998,0.004001252448583128,1,,224,100
232,1207,2007,3.7193398678432824e-07,0,,224,100
233,1213,2013,1.3572394233807639e-05,0,,226,100
234,1219,2019,4.960899141466155e-05,0,,226,100
235,1223,2023,2.0155773006956682e-06,0,,226,100
236,1229,2029,7.050892055073262e-06,0,,228,100
237,1235,2035,8.567816550290288e-07,0,,230,100
238,1240,2040,3.4019812710215336e-07,0,,230,100
239,1243,2043,0.005669624166847142,1,,229,100
240,1246,2046,0.012037867426255075,1,,229,100
241,1254,2054,0.00026389098352687493,0,,228,100
242,1259,2059,0.015738569977370696,1,,228,100
243,1263,2063,6.691833985345226e-05,0,,228,100
244,1270,2070,0.0005680577710685102,0,,228,100
245,1274,2074,0.0005415095264443975,0,,227,100
246,1277,2077,0.0001478565692707404,0,,228,100
247,1281,2081,1.2856407140215381e-05,0,,229,100
248,1286,2086,0.25737910988413604,1,,226,100
249,1291,2091,0.0014003532290035284,1,,223,100
250,1295,2095,1.5191615044837057e-07,0,,223,100
251,1299,2099,1.8928756064401315e-05,0,,222,100
252,1305,2105,0.13879188088531064,1,,224,100
253,1313,2113,3.0483926976981813e-06,0,,223,100
254,1319,2119,1.3393127557358413e-06,0,,224,100
255,1326,2126,5.795740612188472e-06,0,,223,100
256,1330,2130,0.0002046497151766957,0,,224,100
257,1335,2135,0.006791176930379141,1,,224,100
258,1344,2144,0.00011681773747851953,0,,225,100
259,1349,2149,5.441993711814226e-06,0,,226,100
260,1355,2155,0.004235527410556057,1,,230,100
261,1359,2159,0.0004214145463959234,0,,230,100
262,1365,2165,9.954062126978071e-05,0,,229,100
263,1369,2169,0.00360867967534294,1,,229,100
264,1373,2173,8.609137263796614e-05,0,,228,100
265,1378,2178,0.0003084999405129713,0,,229,100
266,1387,2187,4.0771203040682415e-07,0,,229,100
267,1394,2194,2.480125381637533e-06,0,,228,100
268,1400,2200,1.183112590595421e-06,0,,228,100
269,1405,2205,1.9679818016165913e-07,0,,228,100
270,1409,2209,1.3583575271139018e-06,0,,230,100
271,1412,2212,0.012355833346572509,1,,233,100
272,1420,2220,0.0013948005780604405,1,,233,100
273,1426,2226,0.012896432038610257,1,,232,100
274,1430,2230,4.4650189261400943e-07,0,,233,100
275,1436,2236,0.0020860132255443,1,,233,100
276,1440,2240,0.06477389852610745,1,,233,100
277,1444,2244,0.72159669551315,1,,233,100
278,1448,2248,0.008990969836808204,1,,231,100
279,1453,2253,0.0002678401633428533,0,,231,100
280,1456,2256,0.001100842129206197,1,,231,100
281,1460,2260,5.7773371780765e-06,0,,230,100
282,1467,2267,0.061008986803483836,1,,227,100
283,1472,2272,0.007434701474498759,1,,224,100
284,1476,2276,0.0160317460429583,1,,223,100
285,1480,2280,0.6527393449118877,1,,225,100
286,1488,2288,0.006113450193222079,1,,225,100
287,1492,2292,0.00025018281175902263,0,,225,100
288,1496,2296,0.00173587919074795,1,,226,100
289,1504,2304,5.3759554336469934e-05,0,,226,100
290,1509,2309,0.009279656430552594,1,,227,100
291,1513,2313,0.00022191952595075764,0,,227,100
292,1519,2319,0.0010991621981596225,1,,227,100
293,1525,2325,0.44215952808507447,1,,225,100
294,1530,2330,0.002884369955478104,1,,222,100
295,1534,2334,0.00026580464067724505,0,,222,100
296,1538,2338,0.000577026524099262,0,,222,100
297,1544,2344,0.0043173778080394815,1,,221,100
298,1548,2348,2.8886473603576544e-05,0,,222,100
299,1554,2354,3.910954511151348e-05,0,,222,100
300,1557,2357,7.824563012159274e-05,0,,222,100
301,1564,2364,1.4361989445285055e-06,0,,222,100
302,1567,2367,8.932993578266701e-05,0,,222,100
303,1571,2371,0.17916471821483662,1,,222,100
304,1581,2381,1.2041460648223678e-06,0,,227,100
305,1584,2384,8.673762169687042e-05,0,,227,100
306,1588,2388,0.1083115175693998,1,,228,100
307,1595,2395,0.1433644735411148,1,,226,100
308,1598,2398,0.016776137606391076,1,,225,100
309,1605,2405,0.2140077719804454,1,,226,100
310,1609,2409,0.001883351851478564,1,,226,100
311,1613,2413,0.0004122086103457319,0,,226,100
312,1618,2418,0.0008215553969860178,0,,225,100
313,1622,2422,0.0001951885915961877,0,,225,100
314,1629,2429,0.00010056634675507527,0,,224,100
315,1633,2433,1.1359743925840947e-05,0,,224,100
316,1637,2437,4.935596083538743e-05,0,,223,100
317,1642,2442,1.552114262858469e-05,0,,224,100
318,1645,2445,6.737169755552173e-05,0,,224,100
319,1649,2449,0.01980491771655362,1,,226,100
320,1656,2456,2.4869377181358522e-05,0,,224,100
321,1660,2460,3.237623286362362e-05,0,,224,100
322,1664,2464,0.1586403396600542,1,,222,100
323,1673,2473,0.0036235404098916525,1,,221,100
324,1677,2477,0.00010226619391120861,0,,220,100
325,1681,2481,1.4534391133030846e-05,0,,220,100
326,1687,2487,4.4626387928258556e-05,0,,218,100
327,1691,2491,9.665295903631082e-06,0,,219,100
328,1698,2498,0.02810000817196574,1,,217,100
329,1703,2503,7.196562530231168e-06,0,,214,100
330,1707,2507,1.7704375721747187e-05,0,,213,100
331,1711,2511,3.274589539100603e-05,0,,215,100
332,1716,2516,3.0852506319223953e-06,0,,215,100
333,1719,2519,1.1095947411245645e-06,0,,215,100
334,1723,2523,3.5601748185411064e-06,0,,214,100
335,1730,2530,1.6563325778695623e-05,0,,216,100
336,1733,2533,0.06853829417820546,1,,215,100
337,1737,2537,0.06746507270502604,1,,216,100
338,1747,2547,0.0038450394832617242,1,,216,100
339,1750,2550,0.00042628448819697105,0,,215,100
340,1754,2554,0.010244066476783787,1,,216,100
341,1761,2561,9.485175162821605e-05,0,,216,100
342,1764,2564,8.594896192477673e-06,0,,216,100
343,1769,2569,3.8548514571157085e-05,0,,216,100
344,1775,2575,7.237627501597635e-05,0,,216,100
345,1780,2580,2.996378709429228e-06,0,,220,100
346,1784,2584,2.602271097563399e-06,0,,222,100
347,1791,2591,0.00010765087080936358,0,,222,100
348,1795,2595,2.7936795354596323e-05,0,,222,100
349,1798,2598,3.2377692964731484e-07,0,,220,100
350,1802,2602,1.4943603616030662e-06,0,,219,100
351,1807,2607,0.24708028221565678,1,,217,100
352,1812,2612,3.488622827172905e-05,0,,214,100
353,1816,2616,3.543456919625022e-05,0,,215,100
354,1820,2620,5.5585177177667615e-05,0,,215,100
355,1825,2625,0.00019782951439715408,0,,214,100
356,1829,2629,0.0004858502117542977,0,,214,100
357,1835,2635,7.896097119250237e-06,0,,214,100
358,1843,2643,4.4528099230991145e-05,0,,214,100
359,1847,2647,1.1211017559107856e-05,0,,214,100
360,1855,2655,8.791535385580343e-07,0,,216,100
361,1861,2661,1.3890328646466626e-05,0,,216,100
362,1864,2664,5.780067093795498e-06,0,,216,100
363,1869,2669,1.3547369801429337e-05,0,,216,100
364,1873,2673,2.1198094440136783e-06,0,,217,100
365,1878,2678,0.020736767059677103,1,,215,100
366,1882,2682,0.0016272836044452623,1,,215,100
367,1886,2686,0.0005845669920797457,0,,217,100
368,1893,2693,4.704076777063527e-06,0,,215,100
369,1899,2699,0.004359121500965155,1,,216,100
370,1902,2702,2.6048821552772356e-07,0,,216,100
371,1907,2707,1.9242060260282512e-05,0,,215,100
372,1911,2711,1.3514486832143556e-08,0,,218,100
373,1918,2718,3.192754741067501e-05,0,,220,100
374,1921,2721,1.4391428216153615e-08,0,,220,100
375,1926,2726,1.096053613860539e-05,0,,220,100
376,1930,2730,4.487761714200624e-06,0,,219,100
377,1936,2736,3.3612429334976164e-08,0,,220,100
378,1943,2743,0.01336100166593103,1,,218,100
379,1948,2748,0.0002146781606151233,0,,214,100
380,1952,2752,0.0005168654010832494,0,,214,100
381,1956,2756,6.178408764976035e-05,0,,214,100
382,1960,2760,1.930465093666373e-06,0,,214,100
383,1965,2765,2.2879237588280438e-07,0,,213,100
384,1968,2768,0.00010984316684604501,0,,215,100
385,1972,2772,0.02004958623694733,1,,219,100
386,1982,2782,8.182780475927887e-08,0,,219,100
387,1985,2785,4.242908652457007e-06,0,,218,100
388,1989,2789,0.003608145092830937,1,,220,100
389,1996,2796,0.0004436201490004197,0,,220,100
390,1999,2799,1.0195444481456373e-05,0,,220,100
391,2004,2804,3.5751672282087154e-05,0,,219,100
392,2010,2810,4.2600152491639716e-05,0,,218,100
393,2015,2815,0.006149227172102253,1,,218,100
394,2019,2819,9.300444532182753e-06,0,,218,100
395,2026,2826,0.2634897086645299,1,,216,100
396,2031,2831,4.012659024425556e-05,0,,213,100
397,2035,2835,0.0003125554262881696,0,,212,100
398,2038,2838,0.00040745595418296727,0,,211,100
399,2043,2843,6.0280181651502704e-05,0,,213,100
400,2048,2848,7.051418119005151e-05,0,,213,100
401,2052,2852,1.3089057858395302e-05,0,,213,100
402,2056,2856,1.506039563846472e-05,0,,213,100
403,2060,2860,1.8357115176322629e-06,0,,213,100
404,2065,2865,4.897927278657371e-05,0,,214,100
405,2069,2869,2.2534737277653326e-06,0,,212,100
406,2076,2876,3.8648482306356996e-05,0,,212,100
407,2080,2880,0.0075692182734082535,1,,211,100
408,2083,2883,0.00565158071423966,1,,211,100
409,2090,2890,0.0027031330092474365,1,,212,100
410,2094,2894,0.037647044552707565,1,,212,100
411,2100,2900,0.00013615111812350687,0,,212,100
412,2105,2905,0.006729760830641518,1,,211,100
413,2109,2909,0.2890181782885751,1,,212,100
414,2119,2919,9.033493844023148e-05,0,,213,100
415,2123,2923,0.0023464925686046936,1,,214,100
416,2127,2927,0.05695251423715096,1,,215,100
417,2131,2931,0.0029805730435790573,1,,215,100
418,2136,2936,7.101001374002348e-06,0,,219,100
419,2139,2939,0.00021455438595595745,0,,219,100
420,2143,2943,2.0358017725232638e-07,0,,219,100
421,2150,2950,0.007033556978555496,1,,217,100
422,2155,2955,0.001057707985612057,1,,214,100
423,2159,2959,0.0019983833643581724,1,,213,100
424,2163,2963,0.6003930141983487,1,,215,100
425,2171,2971,0.0005447124326360467,0,,215,100
426,2175,2975,2.15582276540628e-05,0,,214,100
427,2179,2979,0.0020759367865484614,1,,215,100
428,2187,2987,4.849835764550464e-06,0,,214,100
429,2192,2992,0.0013308484851704283,1,,215,100
430,2196,2996,0.006843111030084631,1,,216,100
431,2203,3003,3.392904055039852e-05,0,,216,100
432,2209,3009,0.5643017031508156,1,,213,100
433,2214,3014,0.006367533210330923,1,,210,100
434,2218,3018,4.1865296642038725e-05,0,,211,100
435,2222,3022,0.00030801069612828344,0,,211,100
436,2228,3028,0.02233822754328381,1,,210,100
437,2232,3032,2.7181330979745557e-05,0,,209,100
438,2236,3036,6.478313747721786e-05,0,,209,100
439,2243,3043,4.071998253827896e-06,0,,210,100
440,2249,3049,0.00015775592404166465,0,,210,100
441,2255,3055,0.00016504354856422743,0,,212,100
442,2266,3066,4.836576088431228e-05,0,,211,100
443,2270,3070,4.283630347724695e-06,0,,212,100
444,2277,3077,0.003634832598794846,1,,211,100
445,2286,3086,0.0019990669307890312,1,,212,100
446,2291,3091,9.752149367823383e-06,0,,214,100
447,2296,3096,4.893034417306684e-06,0,,213,100
448,2302,3102,8.958393128445845e-07,0,,212,100
449,2306,3106,0.00017373273686465174,0,,212,100
450,2311,3111,2.1701290299654667e-05,0,,214,100
451,2316,3116,4.0105865324896787e-07,0,,217,100
452,2320,3120,0.00012971194210259853,0,,217,100
453,2324,3124,3.9345423203443027e-07,0,,217,100
454,2330,3130,4.221209748556166e-06,0,,218,100
455,2334,3134,1.13707414556656e-08,0,,218,100
456,2340,3140,1.1127943300273615e-05,0,,218,100
457,2343,3143,1.378386168157533e-07,0,,218,100
458,2347,3147,0.00011638839114075035,0,,217,100
459,2352,3152,0.001429899836539602,1,,219,100
460,2362,3162,0.00018063051133848459,0,,218,100
461,2365,3165,0.1320952464119853,1,,219,100
462,2374,3174,0.006809271490634566,1,,216,100
463,2379,3179,2.2495616359579705e-05,0,,213,100
464,2383,3183,0.00074822331811067,0,,214,100
465,2387,3187,7.880917625650498e-08,0,,214,100
466,2395,3195,0.00017514908118540032,0,,215,100
467,2401,3201,0.002850224149697825,1,,216,100
468,2409,3209,4.3434294038792005e-06,0,,214,100
469,2413,3213,8.325684250835124e-05,0,,214,100
470,2419,3219,1.601212480652819e-06,0,,214,100
471,2426,3226,0.004528115685974889,1,,216,100
472,2435,3235,2.860162992794425e-06,0,,217,100
473,2440,3240,2.1350114633918036e-06,0,,216,100
474,2448,3248,6.23636662603583e-05,0,,216,100
475,2454,3254,1.1313805301407459e-07,0,,218,100
476,2458,3258,4.477412018749188e-06,0,,218,100
477,2465,3265,0.059875964949161115,1,,220,100
478,2473,3273,4.0892278125773066e-06,0,,220,100
479,2479,3279,0.0002467435243906348,0,,223,100
480,2491,3291,1.1179244461081436e-05,0,,221,100
481,2497,3297,2.173827631650551e-05,0,,222,100
482,2503,3303,8.478824417230667e-05,0,,222,100
483,2509,3309,0.0005272489807326235,0,,221,100
484,2513,3313,0.0003428490575764636,0,,221,100
485,2519,3319,0.027499658486548395,1,,223,100
486,2526,3326,0.018597477276642745,1,,222,100
487,2531,3331,0.0011073372624122663,1,,220,100
488,2537,3337,0.003140414094097239,1,,220,100
489,2541,3341,1.3501888624192673e-05,0,,219,100
490,2547,3347,0.002496467822023083,1,,218,100
491,2551,3351,0.0007221562063349509,0,,219,100
492,2555,3355,0.05227163972277896,1,,219,100
493,2559,3359,0.00020875904899776433,0,,218,100
494,2564,3364,0.0002505840695159701,0,,219,100
495,2567,3367,5.274201927927717e-05,0,,219,100
496,2571,3371,1.533732691661798e-05,0,,222,100
497,2578,3378,0.1528925917913651,1,,221,100
498,2583,3383,0.0014122365284909998,1,,218,100
499,2587,3387,0.0011339566476187264,1,,217,100
500,2591,3391,0.125176233194829,1,,219,100
501,2599,3399,0.00011067885226215278,0,,219,100
502,2605,3405,0.011217551060905218,1,,219,100
503,2613,3413,2.209481257185553e-05,0,,219,100
504,2616,3416,4.383856434121903e-05,0,,219,100
505,2626,3426,1.2271440434232722e-06,0,,219,100
506,2630,3430,0.0278544686370301,1,,220,100
507,2640,3440,1.4591313939144632e-07,0,,219,100
508,2644,3444,1.523713894784341e-06,0,,219,100
509,2649,3449,0.0011182262315064472,1,,219,100
510,2653,3453,4.8453134432427274e-08,0,,219,100
511,2660,3460,1.5546329493138146e-06,0,,220,100
512,2663,3463,0.00037499463834477534,0,,219,100
513,2667,3467,0.003316607972453149,1,,219,100
514,2673,3473,0.0012692190177110926,1,,218,100
515,2677,3477,2.276395478966376e-05,0,,217,100
516,2681,3481,0.020114960665973663,1,,220,100
517,2686,3486,0.0019003469378140161,1,,223,100
518,2695,3495,4.161662007397283e-09,0,,223,100
519,2698,3498,0.004462349924515717,1,,222,100
520,2702,3502,5.061757241207248e-07,0,,222,100
521,2710,3510,0.008037547292344389,1,,220,100
522,2715,3515,0.00030237326369965357,0,,218,100
523,2719,3519,0.0023642073738313722,1,,217,100
524,2723,3523,0.2740306311798502,1,,218,100
525,2731,3531,0.0017634537252086287,1,,219,100
526,2735,3535,2.2319959180466726e-05,0,,219,100
527,2739,3539,0.0006937925979176582,0,,219,100
528,2747,3547,1.8818575151090947e-06,0,,219,100
529,2752,3552,0.0034807290860229797,1,,220,100
530,2756,3556,0.2953326289217801,1,,221,100
531,2762,3562,8.831592301496592e-05,0,,222,100
532,2768,3568,0.38023441314861794,1,,218,100
533,2773,3573,0.0001507862378497718,0,,215,100
534,2777,3577,5.527111228173375e-05,0,,215,100
535,2781,3581,3.7027430174192704e-05,0,,214,100
536,2787,3587,0.0070575352004624975,1,,215,100
537,2791,3591,1.3795603470767922e-05,0,,214,100
538,2795,3595,3.517944956479627e-05,0,,215,100
539,2801,3601,3.11755435664057e-06,0,,216,100
540,2807,3607,7.164476256956799e-07,0,,217,100
541,2813,3613,4.746273405215489e-06,0,,217,100
542,2817,3617,4.071552202185576e-05,0,,218,100
543,2824,3624,0.03284713004761423,1,,219,100
544,2833,3633,1.2008650973864758e-05,0,,220,100
545,2839,3639,0.008696320871799007,1,,219,100
546,2843,3643,0.0012293894532377993,1,,220,100
547,2849,3649,0.045507025820009935,1,,220,100
548,2857,3657,0.00021059672579811493,0,,219,100
549,2861,3661,0.006342105810901615,1,,221,100
550,2870,3670,8.8848348432903e-09,0,,221,100
551,2877,3677,7.138194089519347e-06,0,,222,100
552,2881,3681,0.020051342656177012,1,,223,100
553,2887,3687,1.3249943650149554e-06,0,,222,100
554,2890,3690,1.0099524653375143e-05,0,,223,100
555,2894,3694,8.849491442234505e-06,0,,222,100
556,2900,3700,0.00011247375066808594,0,,222,100
557,2906,3706,4.274267451168736e-06,0,,222,100
558,2910,3710,9.924571430032221e-06,0,,221,100
559,2916,3716,0.0007032466887842816,0,,220,100
560,2920,3720,0.0001329167314361466,0,,220,100
561,2923,3723,3.3650494978518396e-05,0,,220,100
562,2927,3727,1.7762259405331627e-05,0,,220,100
563,2932,3732,0.22846687937459007,1,,221,100
564,2937,3737,0.0018903936761149925,1,,219,100
565,2941,3741,9.536737335565592e-05,0,,219,100
566,2945,3745,5.068996100757937e-05,0,,220,100
567,2950,3750,3.199966193529529e-05,0,,220,100
568,2954,3754,0.036341481352160025,1,,221,100
569,2960,3760,5.2659786835316335e-05,0,,222,100
570,2963,3763,9.457864892397913e-05,0,,222,100
571,2967,3767,2.0183707531043824e-05,0,,221,100
572,2973,3773,0.00015688138715664042,0,,222,100
573,2979,3779,3.108040015058455e-05,0,,222,100
574,2983,3783,0.0003926765827758107,0,,221,100
575,2989,3789,0.0010433856460364626,1,,221,100
576,2993,3793,0.11652192627432502,1,,221,100
577,3000,3800,0.18006586628309093,1,,221,100
578,3006,3806,0.03285871994536675,1,,221,100
579,3012,3812,0.0042251487954151346,1,,222,100
580,3018,3818,4.739776370409103e-05,0,,221,100
581,3022,3822,6.489220451126293e-06,0,,221,100
582,3028,3828,3.7363838844399624e-05,0,,222,100
583,3034,3834,0.0009784216613472681,0,,222,100
584,3039,3839,0.09529012255424313,1,,224,100
585,3048,3848,3.880844225708633e-05,0,,222,100
586,3053,3853,6.288877728403936e-05,0,,222,100
587,3057,3857,1.963242706564884e-05,0,,223,100
588,3063,3863,0.00013217940563773364,0,,224,100
589,3069,3869,0.0031641814613754607,1,,224,100
590,3073,3873,6.31989756304346e-05,0,,224,100
591,3079,3879,0.012211493109910213,1,,224,100
592,3083,3883,0.019788358437438872,1,,223,100
593,3087,3887,0.3715609773204229,1,,225,100
594,3091,3891,0.007863390302129082,1,,224,100
595,3096,3896,0.002373541624488622,1,,223,100
596,3099,3899,0.0023897763237608416,1,,222,100
597,3103,3903,9.509547556304665e-06,0,,222,100
598,3110,3910,0.15878438630215502,1,,221,100
599,3115,3915,0.0002213181971751607,0,,218,100
600,3119,3919,0.00029191002787303395,0,,218,100
601,3123,3923,6.68999779365533e-05,0,,218,100
602,3129,3929,0.006259331203160886,1,,218,100
603,3133,3933,0.00012627893095598785,0,,217,100
604,3136,3936,0.0001756666305146813,0,,219,100
605,3141,3941,0.0001479442845415056,0,,223,100
606,3145,3945,1.4700883251361794e-06,0,,223,100
607,3148,3948,5.1787849795139026e-05,0,,223,100
608,3152,3952,1.7383877737928797e-05,0,,222,100
609,3159,3959,3.662735474393436e-05,0,,221,100
610,3165,3965,7.451257287857837e-06,0,,222,100
611,3169,3969,0.024263517417791827,1,,224,100
612,3179,3979,0.1891832179753674,1,,222,100
613,3183,3983,0.0325644152927316,1,,222,100
614,3187,3987,0.02574297698661347,1,,222,100
615,3192,3992,0.00022708345172077298,0,,223,100
616,3197,3997,0.0009201598846896136,0,,223,100
617,3206,4006,0.002465203995263077,1,,225,100
618,3211,4011,2.8572768136083037e-06,0,,226,100
619,3215,4015,0.00022010449346942964,0,,225,100
620,3220,4020,4.674231161036483e-06,0,,225,100
621,3223,4023,1.6517769285596953e-05,0,,225,100
622,3227,4027,9.711361447151453e-05,0,,224,100
623,3232,4032,2.1237714032586536e-05,0,,224,100
624,3236,4036,9.482637646402231e-05,0,,223,100
625,3241,4041,4.1009361972900255e-07,0,,223,100
626,3245,4045,6.838772670606738e-08,0,,223,100
627,3250,4050,0.008791899204476511,1,,222,100
628,3253,4053,0.14908803335990373,1,,222,100
629,3257,4057,0.0003154449536872769,0,,222,100
630,3262,4062,7.226066238145897e-05,0,,220,100
631,3266,4066,0.0005632042939164846,0,,219,100
632,3271,4071,0.00010094921106221587,0,,221,100
633,3275,4075,0.03863880416382712,1,,222,100
634,3283,4083,9.857830298717127e-05,0,,222,100
635,3287,4087,4.803981564966438e-06,0,,221,100
636,3292,4092,0.0001524769563915015,0,,221,100
637,3296,4096,5.508876480270278e-06,0,,221,100
638,3300,4100,0.00011506578268977844,0,,220,100
639,3307,4107,0.00012282490706424414,0,,220,100
640,3311,4111,1.8513417616567328e-05,0,,220,100
641,3316,4116,0.002517155388938105,1,,220,100
642,3322,4122,0.025574018737045047,1,,221,100
643,3331,4131,2.4428119543992324e-05,0,,223,100
644,3337,4137,0.3006688285490743,1,,228,100
645,3342,4142,0.1979257209052134,1,,229,100
646,3351,4151,0.00010323188479876201,0,,228,100
647,3356,4156,0.028195339676126394,1,,228,100
648,3360,4160,2.4884159098739572e-05,0,,227,100
649,3368,4168,0.05173230230798436,1,,225,100
650,3373,4173,0.000354960552135673,0,,223,100
651,3376,4176,0.006994299440888033,1,,222,100
652,3380,4180,0.0020434132597337597,1,,223,100
653,3388,4188,0.0011816670173908396,1,,225,100
654,3392,4192,0.00021862835304002767,0,,225,100
655,3395,4195,0.0002678535379163856,0,,225,100
656,3399,4199,3.259548378581842e-06,0,,225,100
657,3403,4203,0.0001257828123283286,0,,225,100
658,3410,4210,8.507640579200758e-05,0,,226,100
659,3413,4213,2.6251909600552394e-06,0,,225,100
660,3417,4217,3.2510809798363456e-05,0,,225,100
661,3423,4223,2.9916713440321003e-06,0,,226,100
662,3426,4226,7.34305168909695e-08,0,,225,100
663,3430,4230,3.69515685324603e-05,0,,225,100
664,3438,4238,6.496331557622482e-06,0,,225,100
665,3441,4241,0.008753073036652745,1,,223,100
666,3446,4246,0.09930062652947236,1,,222,100
667,3451,4251,5.068429579892009e-05,0,,223,100
668,3455,4255,9.535206410015374e-06,0,,223,100
669,3462,4262,4.839632169337912e-06,0,,224,100
670,3470,4270,0.0004993214390721689,0,,228,100
671,3473,4273,4.409265368581583e-05,0,,228,100
672,3480,4280,0.010488755817047132,1,,225,100
673,3485,4285,0.00011876079099469999,0,,222,100
674,3489,4289,6.93713398909444e-05,0,,222,100
675,3493,4293,0.0047018127848482555,1,,224,100
676,3501,4301,2.198053179830093e-05,0,,222,100
677,3507,4307,1.5149100134743305e-06,0,,222,100
678,3511,4311,1.9278600707214266e-07,0,,220,100
679,3515,4315,4.935113341704507e-06,0,,221,100
680,3520,4320,1.2241187371502766e-08,0,,221,100
681,3525,4325,0.0002831410596483847,0,,222,100
682,3531,4331,0.004101729208323402,1,,221,100
683,3534,4334,0.0028000858119375813,1,,223,100
684,3544,4344,6.16940825989762e-08,0,,227,100
685,3548,4348,2.8183108242013457e-06,0,,226,100
686,3558,4358,0.012518369483080749,1,,226,100
687,3562,4362,0.00042605617629933403,0,,226,100
688,3572,4372,5.929775194044635e-05,0,,226,100
689,3576,4376,4.0792198991110885e-08,0,,225,100
690,3583,4383,2.7308105418942277e-06,0,,225,100
691,3587,4387,0.00029265666485815705,0,,225,100
692,3594,4394,6.1789028662748845e-06,0,,224,100
693,3598,4398,0.00011842061682835269,0,,223,100
694,3602,4402,1.0590601830326369e-05,0,,223,100
695,3607,4407,2.6556415303623215e-05,0,,224,100
696,3616,4416,0.0020573385564306395,1,,224,100
697,3621,4421,0.012254271112939454,1,,224,100
698,3625,4425,2.20952720971153e-05,0,,224,100
699,3630,4430,3.534174570157439e-05,0,,225,100
700,3633,4433,0.00010088783992805998,0,,223,100
701,3637,4437,1.4142325248826211e-05,0,,223,100
702,3642,4442,3.863321013390202e-05,0,,222,100
703,3646,4446,2.436105533719234e-06,0,,222,100
704,3651,4451,1.0282571204259354e-06,0,,223,100
705,3655,4455,7.997206679539922e-07,0,,222,100
706,3660,4460,5.0423012684795504e-08,0,,222,100
707,3663,4463,1.0388720767105728e-06,0,,221,100
708,3667,4467,2.915471212231192e-06,0,,221,100
709,3672,4472,7.244083596982153e-07,0,,220,100
710,3676,4476,3.750582761589974e-06,0,,222,100
711,3681,4481,4.5988505502064244e-07,0,,225,100
712,3687,4487,4.931522820031032e-06,0,,224,100
713,3694,4494,2.3304163671323428e-05,0,,226,100
714,3700,4500,0.002029919609318802,1,,225,100
715,3705,4505,5.6773463980145976e-06,0,,224,100
716,3712,4512,6.262571598103621e-05,0,,224,100
717,3717,4517,1.4060193932074266e-05,0,,225,100
718,3721,4521,7.3976136540238625e-06,0,,225,100
719,3729,4529,0.0991651900694073,1,,222,100
720,3734,4534,0.0003378279880350732,0,,220,100
721,3738,4538,3.6236207290969956e-05,0,,220,100
722,3742,4542,2.598095817545404e-05,0,,219,100
723,3748,4548,0.000648501542131555,0,,220,100
724,3756,4556,1.6692401516093238e-06,0,,219,100
725,3758,4558,9.05617001705309e-06,0,,219,100
726,3763,4563,4.6785652466138524e-08,0,,219,100
727,3769,4569,7.260406667295983e-06,0,,218,100
728,3773,4573,1.665068686827289e-07,0,,218,100
729,3779,4579,2.667490021138138e-05,0,,220,100
730,3784,4584,0.03086018777689693,1,,220,100
731,3792,4592,1.0378414558075293e-05,0,,219,100
732,3798,4598,4.6468988166878486e-05,0,,217,100
733,3804,4604,0.0028380701762073836,1,,217,100
734,3807,4607,6.3559083258651815e-06,0,,217,100
735,3812,4612,0.007916180921257742,1,,219,100
736,3816,4616,5.107472992580119e-07,0,,222,100
737,3821,4621,5.7259136617923214e-05,0,,221,100
738,3824,4624,4.6466158673113724e-10,0,,221,100
739,3828,4628,5.386675263448169e-05,0,,221,100
740,3832,4632,3.631222381158642e-08,0,,221,100
741,3839,4639,3.7010071222317037e-10,0,,220,100
742,3843,4643,1.2376972806365468e-05,0,,219,100
743,3849,4649,2.1181329170233622e-09,0,,220,100
744,3855,4655,2.3145711153204406e-09,0,,218,100
745,3858,4658,1.7177852213059398e-06,0,,218,100
746,3862,4662,5.444267238455039e-07,0,,218,100
747,3868,4668,5.108751182287559e-05,0,,218,100
748,3871,4671,0.006344650547125329,1,,217,100
749,3875,4675,4.710476823389135e-06,0,,217,100
750,3881,4681,0.0003532497228292868,0,,218,100
751,3884,4684,0.0002320111647574769,0,,218,100
752,3886,4686,0.0030951873809340114,1,,217,100
753,3891,4691,0.0072816286612679216,1,,218,100
754,3900,4700,1.6434896388192635e-05,0,,218,100
755,3906,4706,0.0006064042846386627,0,,218,100
756,3909,4709,2.9772535330700506e-07,0,,218,100
757,3913,4713,0.00833338885926417,1,,217,100
758,3916,4716,9.963543073597022e-06,0,,217,100
759,3922,4722,1.9178730474640166e-05,0,,217,100
760,3925,4725,8.053521159457388e-05,0,,217,100
761,3929,4729,1.2322045293429836e-05,0,,217,100
762,3936,4736,0.2419297914683816,1,,215,100
763,3941,4741,0.006345608765595579,1,,211,100
764,3945,4745,3.297027970711475e-05,0,,211,100
765,3948,4748,0.00020340849474223291,0,,211,100
766,3954,4754,0.14045396093793533,1,,214,100
767,3960,4760,4.283513111199938e-06,0,,215,100
768,3963,4763,2.978894091013608e-07,0,,217,100
769,3967,4767,2.368515937444998e-05,0,,217,100
770,3974,4774,8.41477820221579e-05,0,,216,100
771,3978,4778,2.1468137835538516e-06,0,,215,100
772,3981,4781,2.7558588019610278e-05,0,,215,100
773,3987,4787,3.6869067904304296e-07,0,,216,100
774,3992,4792,2.8061332559241445e-08,0,,215,100
775,3995,4795,4.83309872046257e-05,0,,215,100
776,3999,4799,1.0903739307622348e-08,0,,214,100
777,4004,4804,0.024239728691024625,1,,212,100
778,4008,4808,5.897707800346792e-06,0,,212,100
779,4011,4811,0.00037701124462531237,0,,212,100
780,4017,4817,4.6948556841472874e-07,0,,213,100
781,4023,4823,0.0009263668292682725,0,,214,100
782,4028,4828,0.02458254523657307,1,,215,100
783,4037,4837,1.3677970326726827e-07,0,,214,100
784,4042,4842,8.147306201566746e-05,0,,215,100
785,4046,4846,2.3646469572884554e-07,0,,215,100
786,4053,4853,2.6494056697681695e-07,0,,214,100
787,4061,4861,6.959849297586817e-05,0,,214,100
788,4067,4867,6.070168651629563e-08,0,,215,100
789,4070,4870,2.601590033537575e-07,0,,214,100
790,4076,4876,0.00044579550563757616,0,,213,100
791,4078,4878,0.002774223990127324,1,,213,100
792,4083,4883,1.5934568976875459e-06,0,,213,100
793,4089,4889,0.0011853532414196303,1,,214,100
794,4095,4895,0.0004954806132404118,0,,215,100
795,4101,4901,0.00719125640590463,1,,217,100
796,4106,4906,0.0014115683830637283,1,,216,100
797,4110,4910,4.3489948698703706e-07,0,,217,100
798,4116,4916,0.0013467420437969725,1,,216,100
799,4120,4920,0.00013459542482052833,0,,216,100
800,4123,4923,0.00013585966947768198,0,,216,100
801,4127,4927,9.436665325550463e-07,0,,216,100
802,4132,4932,0.12829526853535514,1,,212,100
803,4137,4937,0.00010244428146609538,0,,210,100
804,4141,4941,9.929148439006535e-05,0,,210,100
805,4145,4945,0.055759411045070546,1,,211,100
806,4149,4949,0.0003888724096412443,0,,210,100
807,4155,4955,2.544906828926266e-07,0,,211,100
808,4161,4961,7.857404152339137e-05,0,,212,100
809,4166,4966,1.907122562115058e-05,0,,212,100
810,4169,4969,4.1394279491947426e-07,0,,214,100
811,4173,4973,6.408629987975857e-09,0,,216,100
812,4179,4979,3.1313007001004204e-05,0,,215,100
813,4184,4984,0.00011184967107609578,0,,215,100
814,4192,4992,1.7507490275292302e-05,0,,215,100
815,4195,4995,1.5160281812049962e-05,0,,214,100
816,4199,4999,0.002764072992850794,1,,213,100
817,4204,5004,1.4451849033678936e-06,0,,213,100
818,4210,5010,0.0030691485123386084,1,,213,100
819,4214,5014,0.00012600679292391204,0,,213,100
820,4218,5018,0.006126682085278323,1,,214,100
821,4226,5026,2.6860206172683777e-05,0,,213,100
822,4230,5030,0.0001569352360249446,0,,213,100
823,4234,5034,8.103769111488312e-06,0,,213,100
824,4242,5042,7.862037050567598e-07,0,,214,100
825,4247,5047,6.095325230013158e-05,0,,215,100
826,4251,5051,0.0023935879920688784,1,,215,100
827,4257,5057,8.013763767609266e-06,0,,217,100
828,4263,5063,0.008258438675311956,1,,216,100
829,4267,5067,0.0031937819113107735,1,,214,100
830,4272,5072,0.0003002813249692439,0,,214,100
831,4276,5076,0.006110240376521895,1,,215,100
832,4284,5084,2.58312284311808e-06,0,,215,100
833,4288,5088,4.308306138455982e-05,0,,215,100
834,4292,5092,8.82704276757339e-08,0,,215,100
835,4298,5098,1.2669455937281354e-06,0,,216,100
836,4303,5103,9.877781180273755e-09,0,,216,100
837,4313,5113,1.279148121494963e-05,0,,215,100
838,4317,5117,1.6426184044433297e-05,0,,216,100
839,4321,5121,5.971980844165072e-07,0,,217,100
840,4325,5125,6.467015255777717e-06,0,,217,100
841,4330,5130,2.944908691974722e-09,0,,218,100
842,4333,5133,3.282490377196092e-07,0,,217,100
843,4340,5140,0.00045012014391690414,0,,214,100
844,4344,5144,0.001400852845317058,1,,212,100
845,4348,5148,2.6117709849716555e-09,0,,212,100
846,4351,5151,8.391103580550946e-06,0,,212,100
847,4355,5155,0.040444544001149406,1,,212,100
848,4363,5163,1.2777878113084723e-05,0,,212,100
849,4367,5167,3.3351398352778983e-09,0,,213,100
850,4371,5171,2.04883749684591e-07,0,,213,100
851,4377,5177,4.042154352816051e-09,0,,213,100
852,4381,5181,1.1097349339002877e-05,0,,213,100
853,4386,5186,9.209726454000491e-10,0,,213,100
854,4392,5192,5.18105393612696e-06,0,,214,100
855,4395,5195,1.387066547767823e-10,0,,215,100
856,4399,5199,7.113138556166714e-07,0,,218,100
857,4405,5205,3.597053571045732e-06,0,,219,100
858,4409,5209,0.000631678271593022,0,,218,100
859,4412,5212,0.001828341500401597,1,,219,100
860,4419,5219,0.0002202612525136632,0,,218,100
861,4422,5222,3.7983383701882433e-07,0,,217,100
862,4426,5226,5.0330164891146585e-06,0,,218,100
863,4434,5234,4.40977385650802e-09,0,,217,100
864,4438,5238,1.1059737058078116e-05,0,,217,100
865,4443,5243,2.178735415396787e-09,0,,217,100
866,4447,5247,5.7167835138447075e-05,0,,218,100
867,4451,5251,4.48146125890925e-09,0,,217,100
868,4456,5256,7.140702268696421e-08,0,,218,100
869,4462,5262,3.710111491317034e-09,0,,218,100
870,4465,5265,3.464202138894822e-07,0,,218,100
871,4469,5269,3.3970482305234557e-10,0,,219,100
872,4476,5276,5.74218804659213e-06,0,,217,100
873,4480,5280,6.526149897106235e-07,0,,215,100
874,4484,5284,2.8952329941195597e-08,0,,215,100
875,4488,5288,5.919417538490952e-05,0,,217,100
876,4496,5296,9.423145195878694e-10,0,,215,100
877,4500,5300,7.786514535335521e-07,0,,219,100
878,4508,5308,5.700651697304837e-09,0,,221,100
879,4513,5313,1.0601804379397267e-10,0,,220,100
880,4517,5317,7.039775106190134e-08,0,,221,100
881,4528,5328,2.009110320320342e-08,0,,220,100
882,4532,5332,8.988082374106705e-07,0,,219,100
883,4540,5340,1.0538572945019576e-09,0,,220,100
884,4545,5345,2.3077129610220575e-08,0,,219,100
885,4548,5348,6.152385581908713e-07,0,,219,100
886,4551,5351,1.2445430533621954e-06,0,,219,100
887,4554,5354,4.107093184509854e-06,0,,218,100
888,4558,5358,1.1726269670161507e-06,0,,219,100
889,4565,5365,7.731714112657523e-08,0,,218,100
890,4570,5370,1.7096199635311265e-09,0,,219,100
891,4574,5374,5.72565095890492e-07,0,,220,100
892,4578,5378,3.5595805275639083e-08,0,,218,100
893,4583,5383,9.924671239993775e-08,0,,219,100
894,4589,5389,5.098784264084436e-07,0,,219,100
895,4593,5393,3.400189659076644e-08,0,,220,100
896,4601,5401,1.8989518650127651e-07,0,,220,100
897,4605,5405,5.59548379506301e-06,0,,220,100
898,4612,5412,0.003974051853094307,1,,219,100
899,4616,5416,1.6207826205969872e-07,0,,217,100
900,4622,5422,5.334983313374421e-09,0,,217,100
901,4626,5426,5.847918416963399e-08,0,,217,100
902,4630,5430,1.4121504728422644e-05,0,,218,100
903,4642,5442,1.4678141422477992e-09,0,,220,100
904,4645,5445,9.349046894473505e-07,0,,220,100
905,4649,5449,0.000369273012690302,0,,221,100
906,4657,5457,1.0907637744303826e-09,0,,221,100
907,4661,5461,3.5773172466631213e-09,0,,221,100
908,4664,5464,9.616217435419925e-09,0,,221,100
909,4668,5468,5.525811482614047e-09,0,,221,100
910,4674,5474,1.3379037771864129e-08,0,,221,100
911,4679,5479,1.1529223087630332e-05,0,,221,100
912,4684,5484,3.2537235100251235e-05,0,,221,100
913,4689,5489,5.516202684639005e-07,0,,220,100
914,4698,5498,4.054728122132844e-06,0,,220,100
915,4701,5501,1.5071130476131315e-06,0,,220,100
916,4705,5505,7.290455694348036e-08,0,,220,100
917,4709,5509,3.848012852608318e-08,0,,223,100
918,4714,5514,9.724154263708849e-07,0,,225,100
919,4718,5518,0.0005733943954359693,0,,227,100
920,4723,5523,5.716195607325832e-07,0,,225,100
921,4727,5527,1.238372189403121e-07,0,,226,100
922,4732,5532,9.230825031594516e-08,0,,225,100
923,4736,5536,8.069218135997935e-08,0,,226,100
924,4742,5542,2.072978889652435e-09,0,,226,100
925,4746,5546,1.339195333708322e-07,0,,226,100
926,4750,5550,2.524807845947312e-05,0,,225,100
927,4759,5559,0.0014048930338327074,1,,223,100
928,4763,5563,5.524123133828004e-07,0,,221,100
929,4767,5567,4.035647471716753e-06,0,,221,100
930,4773,5573,6.181713626956042e-08,0,,221,100
931,4779,5579,1.383071917040443e-07,0,,223,100
932,4782,5582,2.520557875568817e-07,0,,223,100
933,4786,5586,9.096502958468845e-06,0,,223,100
934,4792,5592,1.471036477710492e-06,0,,223,100
935,4799,5599,4.143822384569561e-07,0,,224,100
936,4802,5602,3.695827868284785e-07,0,,224,100
937,4806,5606,3.6700774057332e-08,0,,223,100
938,4809,5609,1.9661398466391016e-06,0,,223,100
939,4813,5613,1.1075886714961998e-06,0,,222,100
940,4820,5620,0.0006909142050754332,0,,221,100
941,4824,5624,8.637248586567975e-05,0,,224,100
942,4830,5630,3.7621881539082025e-05,0,,227,100
943,4835,5635,8.863777731133239e-08,0,,226,100
944,4838,5638,7.100899140441934e-07,0,,226,100
945,4842,5642,3.9598862397899875e-06,0,,226,100
946,4848,5648,9.464939828514922e-07,0,,226,100
947,4855,5655,8.057877563960225e-06,0,,227,100
948,4858,5658,0.0010546006458287474,1,,229,100
949,4864,5664,0.00012119531098851793,0,,228,100
950,4868,5668,1.442602958306255e-05,0,,228,100
951,4872,5672,0.0037249014639686067,1,,229,100
952,4877,5677,9.435525959941968e-06,0,,228,100
953,4881,5681,2.2215456166207035e-07,0,,228,100
954,4885,5685,3.741025017338402e-09,0,,227,100
955,4889,5689,0.002646337833408607,1,,226,100
956,4896,5696,1.2487237745966232e-06,0,,226,100
957,4899,5699,0.008470469267693044,1,,226,100
958,4902,5702,1.072294687856269e-06,0,,226,100
959,4907,5707,1.0850141303333976e-05,0,,226,100
960,4912,5712,0.00016290214013989316,0,,227,100
961,4916,5716,6.720084659643052e-06,0,,228,100
962,4923,5723,0.0004065246579346155,0,,227,100
963,4927,5727,4.8705516988390664e-05,0,,227,100
964,4933,5733,9.404164571276894e-06,0,,227,100
965,4937,5737,5.323582796123334e-06,0,,230,100
966,4941,5741,1.0193580978486422e-05,0,,232,100
967,4943,5743,5.158918575041042e-05,0,,231,100
968,4947,5747,0.00016223073848409665,0,,231,100
969,4950,5750,0.01735023562544539,1,,232,100
970,4955,5755,1.6913888754857905e-05,0,,231,100
971,4959,5759,0.00025795540658664524,0,,230,100
972,4968,5768,0.07729007636653419,1,,229,100
973,4972,5772,0.00021628268198917142,0,,227,100
974,4976,5776,8.898086482186082e-05,0,,228,100
975,4982,5782,1.2610460258414077e-05,0,,228,100
976,4987,5787,3.847855267474458e-06,0,,229,100
977,4990,5790,3.219449456637041e-07,0,,228,100
978,4992,5792,3.4497329932063422e-06,0,,228,100
979,4997,5797,5.063893362022326e-05,0,,229,100
980,5002,5802,8.956229717232799e-06,0,,229,100
981,5006,5806,1.4557373028920619e-05,0,,230,100
982,5013,5813,2.6163406466563356e-05,0,,230,100
983,5017,5817,0.12044070637910052,1,,234,100
984,5025,5825,5.471000584163707e-05,0,,235,100
985,5029,5829,8.954648769960087e-08,0,,235,100
986,5035,5835,0.00029334519675173614,0,,235,100
987,5040,5840,0.0010824830512630194,1,,235,100
988,5043,5843,0.004297652292433827,1,,235,100
989,5047,5847,0.0023916307440519486,1,,234,100
990,5056,5856,0.2633526569297289,1,,232,100
991,5060,5860,7.116123190026073e-05,0,,231,100
992,5064,5864,0.00020354561123288445,0,,232,100
993,5068,5868,0.06295821172963782,1,,233,100
994,5073,5873,5.169463710113988e-06,0,,232,100
995,5077,5877,4.6668115498913474e-05,0,,233,100
996,5084,5884,6.085179949066489e-05,0,,234,100
997,5088,5888,2.5270861300716804e-06,0,,234,100
998,5091,5891,6.78333393994087e-06,0,,233,100
999,5095,5895,8.156032281489957e-05,0,,233,100
1000,5100,5900,2.146339482989219e-06,0,,233,100
1001,5103,5903,4.766845361119872e-05,0,,233,100
1002,5107,5907,2.953432618622735e-06,0,,232,100
1003,5115,5915,1.4089591547183753e-05,0,,233,100
1004,5119,5919,0.030284049959897103,1,,230,100
1005,5128,5928,0.05706371112520056,1,,235,100
1006,5133,5933,0.0025930220756178925,1,,235,100
1007,5137,5937,0.0030083702552873006,1,,235,100
1008,5146,5946,5.217631681907449e-05,0,,235,100
1009,5150,5950,0.04709069880444746,1,,236,100
1010,5157,5957,6.343625806394903e-05,0,,236,100
1011,5160,5960,5.597053477188093e-06,0,,235,100
1012,5166,5966,2.2117726934669898e-05,0,,235,100
1013,5170,5970,0.00011770529570382506,0,,236,100
1014,5174,5974,0.03834595690205919,1,,238,100
1015,5181,5981,1.6067456066056028e-07,0,,238,100
1016,5183,5983,7.892256209606372e-05,0,,238,100
1017,5190,5990,0.027174213234801858,1,,238,100
1018,5197,5997,0.04696511174379994,1,,235,100
1019,5201,6001,5.242003013823289e-05,0,,232,100
1020,5205,6005,0.0006751852607318341,0,,232,100
1021,5209,6009,0.03012729485084775,1,,233,100
1022,5214,6014,3.247855025453604e-05,0,,233,100
1023,5218,6018,3.9538073476807704e-07,0,,233,100
1024,5226,6026,5.482719561005098e-06,0,,235,100
1025,5228,6028,9.336785146869903e-08,0,,235,100
1026,5235,6035,1.4352182167916054e-05,0,,235,100
1027,5244,6044,1.0936265733246056e-06,0,,235,100
1028,5247,6047,0.0030026648841545056,1,,236,100
1029,5253,6053,1.7036229299625853e-06,0,,235,100
1030,5257,6057,2.684206100721206e-06,0,,235,100
1031,5263,6063,5.284984573458125e-08,0,,240,100
1032,5266,6066,1.5127779844827812e-06,0,,239,100
1033,5270,6070,0.0005745084665941064,0,,239,100
1034,5274,6074,3.983235948134868e-06,0,,239,100
1035,5278,6078,0.0009945654107748334,0,,240,100
1036,5283,6083,1.8955802154059902e-05,0,,239,100
1037,5286,6086,3.1360763478094093e-07,0,,239,100
1038,5290,6090,2.908652136037848e-07,0,,239,100
1039,5299,6099,0.0023514196423307845,1,,238,100
1040,5303,6103,2.1170352924179984e-06,0,,236,100
1041,5307,6107,7.159493796244592e-07,0,,236,100
1042,5311,6111,2.5385004049394606e-09,0,,235,100
1043,5314,6114,1.8183919177394914e-07,0,,235,100
1044,5318,6118,1.0927063167454926e-10,0,,235,100
1045,5325,6125,9.60720617848649e-09,0,,235,100
1046,5330,6130,1.7838270900111573e-10,0,,237,100
1047,5334,6134,2.624695770990422e-09,0,,239,100
1048,5339,6139,4.7838293533282355e-11,0,,237,100
1049,5343,6143,1.3399928583729928e-07,0,,238,100
1050,5346,6146,1.9587956987433552e-10,0,,237,100
1051,5351,6151,2.494862651930688e-07,0,,238,100
1052,5357,6157,5.9298484902660474e-08,0,,238,100
1053,5362,6162,1.2283187396436177e-07,0,,242,100
1054,5367,6167,1.1008510399766238e-07,0,,244,100
1055,5370,6170,5.314794024017508e-07,0,,243,100
1056,5379,6179,5.661153942474902e-06,0,,244,100
1057,5382,6182,6.203406203751019e-08,0,,244,100
1058,5386,6186,1.8083880804095652e-07,0,,244,100
1059,5393,6193,1.0449344650701639e-08,0,,242,100
1060,5397,6197,1.0609115382585161e-10,0,,242,100
1061,5402,6202,7.577826534651272e-09,0,,243,100
1062,5406,6206,1.3438657208464438e-10,0,,243,100
1063,5412,6212,2.0598181266885766e-09,0,,243,100
1064,5416,6216,5.032291633310725e-10,0,,242,100
1065,5421,6221,2.1653361372412683e-11,0,,242,100
1066,5424,6224,3.3300172497980236e-13,0,,242,100
1067,5429,6229,1.3870421274816929e-09,0,,242,100
1068,5434,6234,7.077318269517994e-14,0,,243,100
1069,5437,6237,1.7737648356674963e-09,0,,243,100
1070,5441,6241,4.040172199528335e-06,0,,241,100
1071,5447,6247,1.3538374800668083e-06,0,,241,100
1072,5450,6250,5.0592020584116405e-12,0,,241,100
1073,5454,6254,3.210581754222765e-08,0,,240,100
1074,5462,6262,4.036838798101677e-06,0,,242,100
1075,5466,6266,1.2526881247277917e-12,0,,245,100
1076,5470,6270,3.9650131274643845e-07,0,,245,100
1077,5475,6275,3.82804534943908e-12,0,,245,100
1078,5478,6278,2.6918014514360907e-07,0,,245,100
1079,5488,6288,1.6250051506309782e-11,0,,246,100
1080,5491,6291,1.493087126892553e-09,0,,246,100
1081,5496,6296,8.702843945149307e-11,0,,246,100
1082,5500,6300,1.295699602500584e-10,0,,246,100
1083,5507,6307,1.4206985828111099e-05,0,,244,100
1084,5512,6312,2.9365372034128855e-08,0,,241,100
1085,5516,6316,5.171094526670772e-12,0,,241,100
1086,5518,6318,2.246644054830693e-09,0,,241,100
1087,5524,6324,6.871195501458698e-12,0,,241,100
1088,5529,6329,1.2165829062050755e-10,0,,241,100
1089,5533,6333,1.2061531345110318e-12,0,,241,100
1090,5536,6336,3.351311446781568e-11,0,,242,100
1091,5541,6341,3.4616411341271723e-12,0,,241,100
1092,5544,6344,1.6543344805753977e-12,0,,242,100
1093,5550,6350,1.514633356027579e-12,0,,243,100
1094,5554,6354,5.142040097848382e-12,0,,243,100
1095,5562,6362,1.6938176176565545e-09,0,,242,100
1096,5566,6366,1.9961045994831698e-10,0,,242,100
1097,5571,6371,9.29384967116963e-11,0,,243,100
1098,5578,6378,4.708324062082502e-10,0,,242,100
1099,5581,6381,4.330716380444509e-08,0,,242,100
1100,5585,6385,2.0793807172621713e-07,0,,242,100
1101,5593,6393,2.3521430565613497e-08,0,,240,100
1102,5597,6397,7.633359959063917e-07,0,,241,100
1103,5604,6404,3.3281740692622432e-09,0,,240,100
1104,5609,6409,5.714818357700638e-08,0,,244,100
1105,5614,6414,1.1548317892632004e-09,0,,246,100
1106,5622,6422,2.0376585293009853e-06,0,,244,100
1107,5627,6427,6.542458757785813e-07,0,,241,100
1108,5631,6431,3.923352726870731e-08,0,,241,100
1109,5636,6436,1.7309023038462432e-09,0,,242,100
1110,5639,6439,2.655545478241547e-09,0,,242,100
1111,5643,6443,1.5719493104731976e-10,0,,242,100
1112,5649,6449,1.585330359123546e-09,0,,242,100
1113,5652,6452,1.3516920736293358e-09,0,,242,100
1114,5659,6459,4.208430062172103e-08,0,,241,100
1115,5664,6464,2.8503970076008963e-11,0,,241,100
1116,5667,6467,1.933802215044709e-08,0,,241,100
1117,5670,6470,1.0649407328119822e-10,0,,240,100
1118,5676,6476,1.0546734265421633e-08,0,,241,100
1119,5687,6487,1.6628100935059955e-10,0,,243,100
1120,5691,6491,6.829658774990327e-10,0,,241,100
1121,5697,6497,3.722136609852491e-11,0,,242,100
1122,5702,6502,9.04627187096168e-11,0,,242,100
1123,5705,6505,8.645421779003752e-11,0,,242,100
1124,5714,6514,1.2883637267037842e-13,0,,240,100
1125,5720,6520,4.988659040721038e-11,0,,243,100
1126,5726,6526,6.311367545709179e-15,0,,246,100
1127,5729,6529,5.49368154531879e-12,0,,246,100
1128,5735,6535,2.0412765056352015e-10,0,,245,100
1129,5740,6540,1.0763580484039458e-13,0,,242,100
1130,5744,6544,1.2477424623557058e-10,0,,242,100
1131,5748,6548,7.189740285438087e-15,0,,241,100
1132,5753,6553,1.1096170437319367e-11,0,,242,100
1133,5756,6556,1.3834268473215114e-13,0,,241,100
1134,5761,6561,4.177302278842027e-12,0,,240,100
1135,5766,6566,1.0795316707079352e-09,0,,240,100
1136,5769,6569,2.6990656839153866e-12,0,,239,100
1137,5775,6575,1.3911723698876338e-11,0,,239,100
1138,5781,6581,1.4049736255322976e-10,0,,239,100
1139,5784,6584,3.078333490020722e-11,0,,238,100
1140,5793,6593,6.278083526368288e-11,0,,239,100
1141,5797,6597,4.302576610062367e-07,0,,239,100
1142,5801,6601,1.8857672732592807e-13,0,,238,100
1143,5806,6606,2.527784232780336e-13,0,,238,100
1144,5814,6614,7.0013628504083e-10,0,,237,100
1145,5819,6619,1.638614113562967e-11,0,,235,100
1146,5823,6623,1.2657898768299675e-06,0,,235,100
1147,5827,6627,4.254936384965339e-12,0,,235,100
1148,5832,6632,1.1757053884051592e-07,0,,234,100
1149,5835,6635,9.876944608056107e-13,0,,233,100
1150,5839,6639,3.9584517520715346e-07,0,,233,100
1151,5846,6646,3.943156689665093e-13,0,,234,100
1152,5852,6652,8.020771824579539e-08,0,,234,100
1153,5855,6655,4.636645158689869e-13,0,,235,100
1154,5862,6662,1.3470210630626304e-11,0,,233,100
1155,5866,6666,1.0838381328556458e-09,0,,232,100
1156,5871,6671,7.824396386585606e-13,0,,232,100
1157,5874,6674,4.409239446839226e-08,0,,232,100
1158,5877,6677,1.6002662905721488e-11,0,,232,100
1159,5882,6682,4.9952285842676956e-11,0,,232,100
1160,5893,6693,1.0660067593765686e-07,0,,231,100
1161,5897,6697,5.898424836341127e-08,0,,230,100
1162,5903,6703,5.844417944235567e-10,0,,231,100
1163,5908,6708,8.34789090555165e-08,0,,230,100
1164,5911,6711,2.5414158456414467e-06,0,,232,100
1165,5922,6722,1.3477699168663438e-06,0,,229,100
1166,5927,6727,2.0893310702592345e-09,0,,226,100
1167,5931,6731,1.6409405752459141e-07,0,,226,100
1168,5935,6735,2.6662905676896366e-11,0,,226,100
1169,5940,6740,2.74188739033167e-09,0,,226,100
1170,5943,6743,4.263810478280526e-11,0,,226,100
1171,5947,6747,3.945592173219399e-07,0,,226,100
1172,5953,6753,1.158596636151612e-11,0,,225,100
1173,5959,6759,1.1458093693517601e-08,0,,230,100
1174,5962,6762,1.4679840942960155e-11,0,,231,100
1175,5972,6772,3.5217541454320557e-07,0,,228,100
1176,5977,6777,7.744822119395246e-10,0,,228,100
1177,5980,6780,1.0409957068281123e-07,0,,227,100
1178,5983,6783,8.951719334576195e-09,0,,227,100
1179,5989,6789,1.3667954476041312e-08,0,,227,100
1180,5995,6795,0.0034111698148181365,1,,227,100
1181,6002,6802,0.0010038301294253951,1,,227,100
1182,6006,6806,2.1030984681562765e-06,0,,227,100
1183,6011,6811,0.00034768984558086714,0,,228,100
1184,6014,6814,0.00026728297783058097,0,,228,100
1185,6023,6823,9.979418235097504e-06,0,,227,100
1186,6027,6827,0.002100424750797572,1,,228,100
1187,6031,6831,0.0028054085951994883,1,,230,100
1188,6038,6838,5.5846408948783495e-05,0,,229,100
1189,6044,6844,2.0273180007967023e-07,0,,229,100
1190,6047,6847,0.0016507404722884808,1,,229,100
1191,6059,6859,0.08883676576077709,1,,226,100
1192,6064,6864,0.00022075399192720267,0,,223,100
1193,6068,6868,1.5456645359364184e-05,0,,223,100
1194,6072,6872,0.017909727073434134,1,,224,100
1195,6077,6877,2.8397742046576494e-05,0,,223,100
1196,6081,6881,0.0015065569023609518,1,,224,100
1197,6086,6886,1.71606846072575e-05,0,,223,100
1198,6090,6890,0.0015857903674560269,1,,223,100
1199,6095,6895,1.0776771121294055e-05,0,,223,100
1200,6099,6899,3.518615654952019e-06,0,,223,100
1201,6103,6903,0.0002922238492219976,0,,223,100
1202,6107,6907,5.08846528186163e-07,0,,223,100
1203,6112,6912,7.672745578069479e-05,0,,224,100
1204,6116,6916,0.00033003901832316695,0,,227,100
1205,6123,6923,0.001335096014717339,1,,229,100
1206,6126,6926,0.15943792132913104,1,,228,100
1207,6131,6931,0.11865867902641877,1,,227,100
1208,6134,6934,0.00013865873658776642,0,,226,100
1209,6140,6940,0.00015829048671370295,0,,226,100
1210,6143,6943,0.004264813688206304,1,,226,100
1211,6147,6947,0.012476954094338532,1,,227,100
1212,6150,6950,0.00040438016548212,0,,226,100
1213,6155,6955,8.718577254083573e-05,0,,226,100
1214,6160,6960,0.1600825271956176,1,,223,100
1215,6165,6965,0.00676548695737259,1,,220,100
1216,6169,6969,0.020887577938341277,1,,220,100
1217,6173,6973,0.05205752517967933,1,,221,100
1218,6178,6978,0.0001174616279409717,0,,221,100
1219,6182,6982,0.002277527105361043,1,,223,100
1220,6192,6992,0.00048158246296724954,0,,226,100
1221,6196,6996,6.208124696692107e-05,0,,226,100
1222,6201,7001,0.04431639855977061,1,,226,100
1223,6209,7009,0.0007478958702091456,0,,225,100
1224,6212,7012,4.234244068779821e-06,0,,225,100
1225,6218,7018,8.182026480656606e-05,0,,226,100
1226,6223,7023,5.984654173253279e-05,0,,226,100
1227,6226,7026,8.671222923117105e-06,0,,225,100
1228,6230,7030,3.3899372746692698e-06,0,,224,100
1229,6237,7037,0.055920400845293775,1,,226,100
1230,6242,7042,4.277237775478773e-06,0,,225,100
1231,6249,7049,9.225094037283446e-05,0,,225,100
1232,6256,7056,9.451760149192921e-06,0,,225,100
1233,6261,7061,0.17334173843638173,1,,227,100
1234,6266,7066,0.0019235162416222963,1,,225,100
1235,6270,7070,5.668429283866778e-06,0,,225,100
1236,6273,7073,1.1617835830491876e-05,0,,225,100
1237,6277,7077,5.5430536131715704e-06,0,,226,100
1238,6282,7082,4.561307919542192e-06,0,,226,100
1239,6285,7085,3.549317381506068e-05,0,,225,100
1240,6289,7089,0.0005822822246546734,0,,226,100
1241,6299,7099,0.060502224792093016,1,,226,100
1242,6302,7102,0.0181417945104372,1,,225,100
1243,6307,7107,0.0034401168404944874,1,,225,100
1244,6311,7111,0.0003553229243065082,0,,225,100
1245,6317,7117,0.054731251011266864,1,,226,100
1246,6322,7122,0.008970528046459621,1,,227,100
1247,6328,7128,4.851564912924018e-07,0,,227,100
1248,6332,7132,2.0453956681456826e-07,0,,228,100
1249,6336,7136,7.284315952558298e-06,0,,228,100
1250,6339,7139,1.3574456659539475e-07,0,,227,100
1251,6343,7143,9.610260631174294e-05,0,,225,100
1252,6347,7147,9.41711198633244e-06,0,,225,100
1253,6350,7150,8.20603475627791e-05,0,,225,100
1254,6354,7154,5.3577744149182536e-08,0,,225,100
1255,6358,7158,9.36119105371826e-06,0,,225,100
1256,6363,7163,0.0002802817976974275,0,,228,100
1257,6368,7168,2.28320212911042e-05,0,,230,100
1258,6375,7175,0.00022999954525808295,0,,230,100
1259,6383,7183,0.02463351372478084,1,,232,100
1260,6388,7188,0.0034536788170618973,1,,232,100
1261,6394,7194,2.703235174268766e-05,0,,232,100
1262,6401,7201,1.4098985420286335e-07,0,,232,100
1263,6407,7207,0.045528790417986166,1,,230,100
1264,6412,7212,0.00017714932785422959,0,,227,100
1265,6416,7216,1.8566835562227205e-05,0,,227,100
1266,6420,7220,0.010423389439848121,1,,228,100
1267,6425,7225,4.361856755565564e-05,0,,227,100
1268,6429,7229,3.1502822852358173e-07,0,,228,100
1269,6435,7235,1.5444215122914254e-06,0,,229,100
1270,6438,7238,0.00012214237018081555,0,,229,100
1271,6441,7241,1.1308363628268395e-06,0,,229,100
1272,6445,7245,7.933002996421129e-07,0,,228,100
1273,6450,7250,2.794164982165542e-06,0,,229,100
1274,6455,7255,1.3445786830728584e-07,0,,228,100
1275,6459,7259,8.648116604918589e-08,0,,229,100
1276,6463,7263,1.1151931839390915e-06,0,,229,100
1277,6470,7270,5.955838390160233e-08,0,,228,100
1278,6473,7273,0.0002176379266748511,0,,227,100
1279,6480,7280,7.552187531416033e-05,0,,227,100
1280,6482,7282,1.7283511041136658e-05,0,,226,100
1281,6487,7287,2.759438220483088e-05,0,,226,100
1282,6492,7292,8.166567854300894e-06,0,,227,100
1283,6496,7296,9.428418162450464e-05,0,,227,100
1284,6499,7299,1.5616730613987445e-05,0,,229,100
1285,6504,7304,2.645172155095003e-08,0,,232,100
1286,6509,7309,6.886938107506372e-07,0,,232,100
1287,6513,7313,3.246214671333722e-08,0,,231,100
1288,6519,7319,0.005292048446449825,1,,228,100
1289,6524,7324,0.0004936243881717337,0,,225,100
1290,6528,7328,5.330296056131245e-07,0,,226,100
1291,6532,7332,8.485882241556714e-07,0,,225,100
1292,6535,7335,1.0821968096265979e-06,0,,225,100
1293,6539,7339,1.624441782736556e-07,0,,225,100
1294,6546,7346,7.98498384229577e-08,0,,225,100
1295,6550,7350,1.0361877343340833e-05,0,,226,100
1296,6555,7355,1.3724923079436846e-06,0,,225,100
1297,6559,7359,5.545950435572789e-06,0,,225,100
1298,6566,7366,1.024265622669808e-06,0,,226,100
1299,6572,7372,0.002538774752604485,1,,228,100
1300,6578,7378,6.316032291977538e-07,0,,227,100
1301,6581,7381,1.3856777981873186e-08,0,,227,100
1302,6585,7385,0.006969774194838442,1,,226,100
1303,6592,7392,0.008688544441543112,1,,226,100
1304,6596,7396,4.510372054792983e-06,0,,226,100
1305,6602,7402,9.687667229001151e-05,0,,226,100
1306,6607,7407,3.195565292367098e-06,0,,225,100
1307,6610,7410,2.3307333977476716e-07,0,,225,100
1308,6614,7414,1.3893530990546978e-06,0,,225,100
1309,6619,7419,7.825562029964099e-07,0,,225,100
1310,6623,7423,0.0019182090124149915,1,,229,100
1311,6631,7431,5.360529092501614e-06,0,,230,100
1312,6636,7436,2.6524944005364196e-06,0,,230,100
1313,6641,7441,2.2374946811636586e-05,0,,230,100
1314,6646,7446,1.9710642653565974e-06,0,,230,100
1315,6649,7449,7.210390005644248e-08,0,,229,100
1316,6653,7453,0.0008240138250303719,0,,229,100
1317,6658,7458,5.395786970513614e-05,0,,229,100
1318,6661,7461,3.7136253881215074e-05,0,,229,100
1319,6667,7467,8.417460768081798e-08,0,,230,100
1320,6672,7472,9.852644648300703e-06,0,,230,100
1321,6678,7478,3.1366877894853734e-05,0,,230,100
1322,6682,7482,0.0004272149080367395,0,,231,100
1323,6693,7493,1.9106604507730328e-05,0,,232,100
1324,6698,7498,6.141701900829109e-10,0,,236,100
1325,6705,7505,5.5802172567853235e-06,0,,238,100
1326,6711,7511,9.739725561705635e-08,0,,238,100
1327,6718,7518,1.0608441909713345e-05,0,,237,100
1328,6728,7528,4.280391869248544e-07,0,,236,100
1329,6733,7533,2.272881335680766e-08,0,,237,100
1330,6737,7537,3.224494311903166e-06,0,,237,100
1331,6741,7541,2.004840819408902e-07,0,,237,100
1332,6746,7546,4.974806990598037e-06,0,,237,100
1333,6756,7556,0.002113018090376234,1,,235,100
1334,6761,7561,1.1763447569169225e-05,0,,232,100
1335,6765,7565,7.400269940082013e-08,0,,231,100
1336,6770,7570,1.0044838645125202e-05,0,,234,100
1337,6775,7575,1.085048769624625e-09,0,,233,100
1338,6781,7581,3.9554925759652246e-10,0,,233,100
1339,6784,7584,2.1070305475246795e-08,0,,233,100
1340,6788,7588,5.3535723035170766e-05,0,,234,100
1341,6796,7596,1.5892671213023393e-08,0,,234,100
1342,6800,7600,3.649317980432497e-08,0,,233,100
1343,6803,7603,1.9307421431894198e-09,0,,233,100
1344,6807,7607,4.519184786450918e-09,0,,233,100
1345,6812,7612,1.5199796382410936e-08,0,,232,100
1346,6815,7615,1.6495398055704163e-08,0,,231,100
1347,6819,7619,1.5148057891894634e-08,0,,232,100
1348,6824,7624,0.0003467258882654257,0,,232,100
1349,6828,7628,3.631264032177077e-07,0,,232,100
1350,6831,7631,8.74572144615469e-06,0,,232,100
1351,6837,7637,0.000510023978470035,0,,234,100
1352,6843,7643,1.9366047897976562e-07,0,,234,100
1353,6846,7646,6.587470590992689e-07,0,,234,100
1354,6850,7650,1.1005835167397641e-07,0,,234,100
1355,6857,7657,3.458605991348661e-07,0,,234,100
1356,6861,7661,1.5831284913192574e-06,0,,233,100
1357,6865,7665,1.543838908514719e-07,0,,233,100
1358,6870,7670,2.636166844944395e-08,0,,233,100
1359,6876,7676,9.174392930261608e-09,0,,234,100
1360,6880,7680,5.162451481420036e-09,0,,234,100
1361,6884,7684,3.037003840707842e-07,0,,235,100
1362,6890,7690,1.4808056421300117e-06,0,,237,100
1363,6893,7693,4.769763648838959e-05,0,,236,100
1364,6898,7698,2.736801774828374e-05,0,,236,100
1365,6903,7703,5.3164005518485985e-05,0,,236,100
1366,6907,7707,6.607411987445747e-06,0,,237,100
1367,6913,7713,0.003727781330780676,1,,234,100
1368,6918,7718,3.137422316998167e-05,0,,231,100
1369,6922,7722,2.860750516995362e-05,0,,230,100
1370,6926,7726,0.00028620299346978956,0,,232,100
1371,6931,7731,8.875072578262858e-08,0,,232,100
1372,6935,7735,4.944333760184296e-05,0,,233,100
1373,6942,7742,1.107048023379285e-08,0,,233,100
1374,6944,7744,3.4614979160674423e-06,0,,232,100
1375,6949,7749,8.42320542032775e-09,0,,232,100
1376,6955,7755,1.5428475663530483e-07,0,,233,100
1377,6958,7758,2.6542797863064347e-10,0,,232,100
1378,6963,7763,2.839204977162902e-07,0,,232,100
1379,6968,7768,2.9718352644153586e-08,0,,233,100
1380,6974,7774,9.022764605817383e-08,0,,231,100
1381,6978,7778,9.539443208638954e-08,0,,234,100
1382,6981,7781,1.6026914968851707e-05,0,,234,100
1383,6988,7788,5.075278993512425e-05,0,,232,100
1384,6992,7792,1.5603649910651598e-06,0,,232,100
1385,6995,7795,0.00012011691197132204,0,,233,100
1386,7000,7800,1.7763714902340837e-06,0,,232,100
1387,7004,7804,7.88217241254149e-06,0,,232,100
1388,7007,7807,5.499028011140366e-07,0,,231,100
1389,7011,7811,3.499680716723138e-08,0,,231,100
1390,7017,7817,1.3228149327164237e-06,0,,230,100
1391,7021,7821,4.927955431670438e-10,0,,231,100
1392,7028,7828,3.077913446293766e-08,0,,231,100
1393,7031,7831,3.6515399420263904e-12,0,,231,100
1394,7035,7835,4.020218418543163e-09,0,,232,100
1395,7041,7841,2.5797036062603895e-09,0,,231,100
1396,7049,7849,1.4247170914013898e-05,0,,232,100
1397,7058,7858,0.006228056085720069,1,,231,100
1398,7063,7863,7.009607486486202e-05,0,,228,100
1399,7067,7867,3.9323832877012415e-06,0,,228,100
1400,7071,7871,7.4176369596543235e-06,0,,228,100
1401,7076,7876,5.017819089212313e-05,0,,227,100
1402,7082,7882,9.98974892033136e-09,0,,228,100
1403,7086,7886,5.726963324577521e-07,0,,230,100
1404,7091,7891,2.3079250335328677e-07,0,,229,100
1405,7095,7895,4.6052511739540655e-07,0,,228,100
1406,7099,7899,7.90620407433272e-09,0,,228,100
1407,7105,7905,1.0128686696887727e-06,0,,228,100
1408,7110,7910,1.3171219772900676e-10,0,,228,100
1409,7115,7915,3.405864985747458e-10,0,,228,100
1410,7120,7920,1.9423811752736531e-10,0,,229,100
1411,7123,7923,1.3443181166390234e-05,0,,228,100
1412,7125,7925,5.684040862668619e-06,0,,229,100
1413,7132,7932,6.102253265869362e-05,0,,232,100
1414,7136,7936,0.00905620627898381,1,,233,100
1415,7144,7944,1.8621046710895503e-06,0,,233,100
1416,7148,7948,2.5982983888528666e-07,0,,232,100
1417,7153,7953,6.938821436194869e-06,0,,232,100
1418,7157,7957,1.279335887235894e-05,0,,232,100
1419,7163,7963,0.0024729794676815672,1,,229,100
1420,7168,7968,0.0003788521257963809,0,,227,100
1421,7172,7972,9.635882116691463e-06,0,,227,100
1422,7177,7977,8.490111132650888e-07,0,,227,100
1423,7183,7983,0.00017805938264920212,0,,226,100
1424,7188,7988,2.6829939196153966e-06,0,,226,100
1425,7191,7991,3.886396791233229e-07,0,,226,100
1426,7195,7995,1.2762111345335786e-06,0,,229,100
1427,7200,8000,3.14322227008292e-06,0,,231,100
1428,7203,8003,1.3623577815493304e-07,0,,230,100
1429,7206,8006,8.346208282490313e-05,0,,230,100
1430,7213,8013,2.5555471287888893e-07,0,,230,100
1431,7217,8017,0.00023169296618880166,0,,231,100
1432,7223,8023,7.709209721475687e-06,0,,231,100
1433,7226,8026,1.8980058785171882e-08,0,,231,100
1434,7229,8029,0.0002450595552388355,0,,229,100
1435,7236,8036,0.0007094354037401177,0,,228,100
1436,7240,8040,2.801527263960789e-06,0,,228,100
1437,7246,8046,3.470864799795626e-05,0,,229,100
1438,7249,8049,5.247716525346796e-06,0,,228,100
1439,7256,8056,0.001204810221232884,1,,229,100
1440,7263,8063,0.001148004304381235,1,,228,100
1441,7271,8071,3.4181872233163746e-08,0,,230,100
1442,7275,8075,7.629170440125193e-05,0,,230,100
1443,7279,8079,9.533978789725163e-08,0,,230,100
1444,7285,8085,1.7308301866010278e-07,0,,231,100
1445,7289,8089,4.3655214394660545e-07,0,,231,100
1446,7292,8092,1.879817031840528e-05,0,,230,100
1447,7298,8098,0.3323929158716711,1,,228,100
1448,7303,8103,0.0001978956531954408,0,,226,100
1449,7313,8113,8.081450840669733e-07,0,,226,100
1450,7319,8119,9.972319481467013e-06,0,,226,100
1451,7321,8121,2.5627039021487365e-06,0,,226,100
1452,7325,8125,0.0013743709567384192,1,,226,100
1453,7331,8131,7.730434986297105e-09,0,,231,100
1454,7335,8135,5.026019496293225e-06,0,,231,100
1455,7342,8142,3.9184178351793104e-10,0,,231,100
1456,7346,8146,3.438085042655014e-07,0,,231,100
1457,7350,8150,4.764133911872351e-10,0,,231,100
1458,7358,8158,5.264972617065864e-08,0,,230,100
1459,7362,8162,1.9566406634593924e-06,0,,230,100
1460,7368,8168,4.6180477263011035e-05,0,,230,100
1461,7375,8175,0.00012296316918215876,0,,229,100
1462,7380,8180,4.868406394843023e-07,0,,229,100
1463,7384,8184,0.0001857175555231384,0,,229,100
1464,7390,8190,0.0023156845664975157,1,,229,100
1465,7394,8194,2.2751504308988776e-08,0,,229,100
1466,7399,8199,0.0008453731043390248,0,,231,100
1467,7405,8205,6.878899115414625e-11,0,,231,100
1468,7408,8208,0.0015430604236433363,1,,230,100
1469,7412,8212,0.024462752684275602,1,,231,100
1470,7420,8220,8.44059484946217e-07,0,,228,100
1471,7425,8225,4.677636690995184e-09,0,,226,100
1472,7429,8229,0.0022969522815646137,1,,226,100
1473,7434,8234,4.485828102902935e-09,0,,226,100
1474,7439,8239,3.228930534633281e-05,0,,227,100
1475,7444,8244,0.021440254997122547,1,,228,100
1476,7451,8251,1.6944686329560678e-09,0,,226,100
1477,7455,8255,6.630874853462072e-05,0,,226,100
1478,7459,8259,9.139980694815321e-10,0,,226,100
1479,7463,8263,0.0003690754092618359,0,,227,100
1480,7467,8267,2.151284540243315e-09,0,,227,100
1481,7473,8273,2.138570341436502e-09,0,,227,100
1482,7477,8277,4.636390092805945e-05,0,,227,100
1483,7482,8282,1.587415088020268e-09,0,,227,100
1484,7486,8286,2.7303360976131522e-06,0,,226,100
1485,7496,8296,0.6015901836186978,1,,223,100
1486,7500,8300,3.049155259002868e-06,0,,221,100
1487,7504,8304,0.000770202621772716,0,,221,100
1488,7508,8308,0.1340730655121785,1,,222,100
1489,7516,8316,0.00033150212984090567,0,,223,100
1490,7520,8320,2.159799375168319e-08,0,,222,100
1491,7525,8325,0.003358172374468182,1,,222,100
1492,7532,8332,3.400009937538728e-05,0,,223,100
1493,7537,8337,2.0427935521695647e-11,0,,223,100
1494,7541,8341,7.422305779539328e-10,0,,224,100
1495,7547,8347,1.6552117280559078e-10,0,,222,100
1496,7550,8350,4.750447219693943e-05,0,,222,100
1497,7554,8354,3.219736771057379e-10,0,,223,100
1498,7560,8360,0.0020863013204371135,1,,224,100
1499,7566,8366,0.2683353067612769,1,,223,100
1500,7570,8370,0.14946389203615287,1,,226,100
1501,7575,8375,0.00118823412069113,1,,228,100
1502,7579,8379,2.4149463002162973e-06,0,,228,100
1503,7583,8383,1.9263980611382412e-06,0,,228,100
1504,7589,8389,0.005720753839268763,1,,227,100
1505,7593,8393,6.783387189056693e-08,0,,227,100
1506,7596,8396,3.232932066837115e-05,0,,227,100
1507,7601,8401,5.080450392357796e-07,0,,227,100
1508,7606,8406,6.999831410205874e-05,0,,227,100
1509,7610,8410,2.003035040799203e-08,0,,227,100
1510,7617,8417,1.007071636360069e-05,0,,227,100
1511,7622,8422,5.880993711453535e-05,0,,226,100
1512,7627,8427,7.634050716411593e-07,0,,225,100
1513,7631,8431,8.772004968793736e-06,0,,224,100
1514,7637,8437,2.2928465671088703e-05,0,,223,100
1515,7640,8440,0.0003026738183461796,0,,223,100
1516,7646,8446,8.240815557698086e-09,0,,224,100
1517,7650,8450,8.718562836229643e-06,0,,224,100
1518,7654,8454,1.3237770030442692e-06,0,,224,100
1519,7657,8457,4.709663569326339e-05,0,,223,100
1520,7663,8463,3.4903809669512774e-07,0,,224,100
1521,7668,8468,6.485403793325997e-05,0,,225,100
1522,7671,8471,4.598800497676578e-08,0,,225,100
1523,7675,8475,4.17031128666049e-07,0,,224,100
1524,7683,8483,6.454450627163575e-05,0,,221,100
1525,7687,8487,0.0008711743314055709,0,,220,100
1526,7691,8491,7.370393757394234e-08,0,,220,100
1527,7695,8495,1.820693938492625e-05,0,,220,100
1528,7701,8501,8.4057977398203e-13,0,,220,100
1529,7706,8506,1.1286195872706042e-11,0,,219,100
1530,7711,8511,0.0006349545870489501,0,,219,100
1531,7715,8515,0.00214096998074214,1,,223,100
1532,7724,8524,3.816603383911076e-09,0,,224,100
1533,7727,8527,1.6916927052905932e-07,0,,224,100
1534,7731,8531,3.877104766764864e-06,0,,223,100
1535,7735,8535,4.408618550615421e-06,0,,223,100
1536,7738,8538,1.260738881596787e-06,0,,223,100
1537,7742,8542,1.998181773272591e-06,0,,222,100
1538,7748,8548,7.91052374553309e-06,0,,223,100
1539,7751,8551,5.726547859745265e-06,0,,223,100
1540,7755,8555,0.02390144265676067,1,,224,100
1541,7761,8561,1.284704858758117e-05,0,,223,100
1542,7764,8564,4.580634680620808e-06,0,,223,100
1543,7768,8568,1.8218867753096023e-07,0,,222,100
1544,7776,8576,0.02340364986197674,1,,221,100
1545,7780,8580,0.0017549829571070266,1,,218,100
1546,7784,8584,7.501323348803715e-05,0,,219,100
1547,7787,8587,0.0012478869498314307,1,,219,100
1548,7791,8591,1.0842795257745078e-06,0,,220,100
1549,7797,8597,1.827875809187951e-05,0,,220,100
1550,7800,8600,2.668858614063452e-06,0,,220,100
1551,7804,8604,2.155724778104495e-05,0,,220,100
1552,7809,8609,1.0574886721258444e-05,0,,221,100
1553,7815,8615,2.4306262234396094e-05,0,,221,100
1554,7818,8618,1.5951426542930625e-06,0,,221,100
1555,7821,8621,5.946489810224177e-06,0,,220,100
1556,7825,8625,1.6307635198956175e-06,0,,222,100
1557,7831,8631,3.368058919010726e-05,0,,221,100
1558,7834,8634,2.6423885066010515e-06,0,,220,100
1559,7838,8638,2.1000923906610952e-07,0,,220,100
1560,7846,8646,0.024704573833317908,1,,217,100
1561,7850,8650,0.015228002986798876,1,,218,100
1562,7855,8655,4.796966476895896e-05,0,,218,100
1563,7861,8661,0.00038467241368310597,0,,218,100
1564,7864,8664,6.994557786078731e-06,0,,218,100
1565,7870,8670,2.2063312519919238e-06,0,,219,100
1566,7874,8674,4.0377721103967124e-07,0,,218,100
1567,7878,8678,4.337292675642334e-05,0,,218,100
1568,7881,8681,1.2236202597116513e-07,0,,217,100
1569,7885,8685,0.024385690644252674,1,,217,100
1570,7893,8693,1.4668267925747392e-05,0,,216,100
1571,7899,8699,1.2592980861823823e-08,0,,217,100
1572,7902,8702,2.412902946857199e-05,0,,217,100
1573,7908,8708,1.9742854649535698e-08,0,,217,100
1574,7912,8712,3.7782813561663056e-07,0,,219,100
1575,7917,8717,5.804322118171312e-09,0,,219,100
1576,7920,8720,4.786815728414706e-06,0,,219,100
1577,7926,8726,0.014239161012429174,1,,216,100
1578,7930,8730,2.8292444000871733e-05,0,,214,100
1579,7934,8734,0.0003031898508309243,0,,214,100
1580,7938,8738,0.000576102898768712,0,,215,100
1581,7946,8746,1.1283386468322044e-06,0,,214,100
1582,7951,8751,8.986881607627864e-12,0,,215,100
1583,7956,8756,5.2402465669717065e-05,0,,216,100
1584,7960,8760,5.0582973515266544e-11,0,,215,100
1585,7967,8767,3.5671282565962513e-08,0,,215,100
1586,7970,8770,2.91191773181418e-05,0,,215,100
1587,7976,8776,1.299352362760449e-09,0,,215,100
1588,7980,8780,1.095277893589328e-08,0,,217,100
1589,7987,8787,1.0777232043275267e-10,0,,221,100
1590,7992,8792,0.005210708136329813,1,,220,100
1591,7996,8796,0.0033403832171674305,1,,218,100
1592,8000,8800,7.53832368044955e-08,0,,217,100
1593,8004,8804,0.0007966032895378404,0,,219,100
1594,8009,8809,0.00032620165679565945,0,,217,100
1595,8014,8814,2.3029452071203696e-08,0,,218,100
1596,8019,8819,0.00030016458830719236,0,,217,100
1597,8022,8822,9.310838715929039e-10,0,,217,100
1598,8026,8826,2.2736474162860836e-07,0,,217,100
1599,8030,8830,7.238438133516778e-10,0,,217,100
1600,8033,8833,8.716685501385468e-05,0,,216,100
1601,8037,8837,0.0023903581518592465,1,,218,100
1602,8046,8846,9.323381604796928e-10,0,,219,100
1603,8051,8851,1.1766036788663614e-05,0,,219,100
1604,8056,8856,8.105686544972126e-10,0,,220,100
1605,8061,8861,3.444149915308836e-05,0,,220,100
1606,8067,8867,0.0003730496891402916,0,,220,100
1607,8070,8870,3.644125371371028e-09,0,,220,100
1608,8078,8878,4.342437866898507e-08,0,,220,100
1609,8082,8882,0.0005185532725150476,0,,220,100
1610,8085,8885,3.64153726245759e-07,0,,220,100
1611,8091,8891,0.00022793586693350759,0,,220,100
1612,8094,8894,2.8362181088384183e-06,0,,222,100
1613,8097,8897,1.7592528231249374e-05,0,,225,100
1614,8103,8903,4.672069797629596e-06,0,,225,100
1615,8111,8911,2.2445604937999674e-08,0,,226,100
1616,8116,8916,4.662241608712867e-06,0,,226,100
1617,8120,8920,1.3558539451531223e-10,0,,226,100
1618,8127,8927,1.2408935968659572e-05,0,,223,100
1619,8131,8931,0.0001438437178254637,0,,221,100
1620,8135,8935,2.3840554272120464e-11,0,,221,100
1621,8140,8940,5.0271158443747055e-05,0,,221,100
1622,8144,8944,1.863299648246371e-09,0,,221,100
1623,8150,8950,2.0780228076376077e-07,0,,222,100
1624,8154,8954,2.051712883072586e-10,0,,222,100
1625,8159,8959,7.701229851346992e-06,0,,222,100
1626,8163,8963,8.114536490083802e-12,0,,222,100
1627,8168,8968,1.8997182428386241e-06,0,,223,100
1628,8172,8972,1.9893009975190596e-11,0,,223,100
1629,8177,8977,1.6031480029138895e-07,0,,224,100
1630,8181,8981,3.9473874143814694e-13,0,,223,100
1631,8187,8987,4.0935809268547025e-13,0,,224,100
1632,8191,8991,1.4378515708056578e-06,0,,223,100
1633,8196,8996,0.0010390030728898566,1,,222,100
1634,8199,8999,5.150273625745927e-09,0,,221,100
1635,8203,9003,6.895543209179825e-05,0,,221,100
1636,8212,9012,2.387968610370752e-13,0,,222,100
1637,8215,9015,4.1735941773465696e-05,0,,222,100
1638,8219,9019,4.2186596413701195e-12,0,,221,100
1639,8225,9025,4.721793733795053e-13,0,,221,100
1640,8229,9029,2.685868399602799e-08,0,,221,100
1641,8231,9031,4.937669585029067e-10,0,,222,100
1642,8236,9036,5.298227937310348e-07,0,,225,100
1643,8239,9039,3.422944417975623e-11,0,,225,100
1644,8242,9042,1.0256313419784404e-07,0,,225,100
1645,8250,9050,2.0508132440032095e-10,0,,226,100
1646,8253,9053,7.5546948827470125e-06,0,,226,100
1647,8258,9058,1.1716182833321573e-13,0,,226,100
1648,8262,9062,8.680159924978373e-08,0,,224,100
1649,8268,9068,8.281184726725155e-07,0,,224,100
1650,8272,9072,5.210705993078659e-07,0,,224,100
1651,8277,9077,5.304756821840096e-10,0,,223,100
1652,8280,9080,1.639920201504075e-05,0,,225,100
1653,8284,9084,4.980500130286134e-10,0,,225,100
1654,8290,9090,3.6180417556264463e-09,0,,226,100
1655,8299,9099,7.946275310540207e-07,0,,227,100
1656,8303,9103,4.602263255150302e-12,0,,228,100
1657,8307,9107,1.129916891593888e-06,0,,229,100
1658,8312,9112,3.3266405019120574e-06,0,,228,100
1659,8316,9116,0.0013792651989193614,1,,229,100
1660,8321,9121,3.129898469470032e-07,0,,229,100
1661,8326,9126,9.652614846179027e-12,0,,230,100
1662,8331,9131,5.1132223672901475e-08,0,,229,100
1663,8335,9135,1.2745108315347978e-06,0,,231,100
1664,8343,9143,3.644701883411613e-10,0,,235,100
1665,8348,9148,3.8029160905462577e-06,0,,235,100
1666,8353,9153,1.1575239062282301e-05,0,,234,100
1667,8357,9157,1.2568911759653826e-07,0,,234,100
1668,8360,9160,4.291371399134086e-06,0,,234,100
1669,8364,9164,4.444101935513425e-10,0,,234,100
1670,8370,9170,0.00022032920676130755,0,,231,100
1671,8374,9174,0.0018352268410006048,1,,229,100
1672,8378,9178,3.2415253850830013e-07,0,,229,100
1673,8382,9182,2.3722537389229542e-05,0,,230,100
1674,8387,9187,4.840992927453871e-09,0,,230,100
1675,8390,9190,4.371096991959984e-06,0,,229,100
1676,8395,9195,2.5573548551588822e-09,0,,229,100
1677,8400,9200,1.822993873090972e-05,0,,229,100
1678,8405,9205,3.165214779596386e-09,0,,229,100
1679,8413,9213,2.0466558290829898e-07,0,,231,100
1680,8417,9217,1.405485656842358e-06,0,,231,100
1681,8422,9222,0.015229779946539254,1,,232,100
1682,8427,9227,4.734412366895018e-06,0,,231,100
1683,8432,9232,2.5620241498087336e-07,0,,231,100
1684,8437,9237,0.000122852210029614,0,,231,100
1685,8442,9242,0.00045984108772602973,0,,232,100
1686,8449,9249,4.782577482386156e-07,0,,230,100
1687,8453,9253,4.4166668246170775e-07,0,,230,100
1688,8458,9258,3.765730020670983e-08,0,,232,100
1689,8464,9264,9.265332201304513e-08,0,,232,100
1690,8468,9268,6.490580224560074e-05,0,,233,100
1691,8475,9275,7.202753992551664e-09,0,,235,100
1692,8485,9285,1.2746425436663255e-07,0,,238,100
1693,8489,9289,2.6829837228330554e-10,0,,238,100
1694,8494,9294,7.828270439529688e-09,0,,239,100
1695,8505,9305,0.0008109230924314343,0,,238,100
1696,8514,9314,0.00215719091428895,1,,236,100
1697,8518,9318,1.881676711349849e-05,0,,233,100
1698,8522,9322,4.849322136100165e-05,0,,233,100
1699,8527,9327,3.8647131237141155e-07,0,,233,100
1700,8533,9333,4.000146849519479e-07,0,,233,100
1701,8537,9337,6.818211084718653e-07,0,,233,100
1702,8543,9343,1.577275131024042e-06,0,,234,100
1703,8546,9346,2.857064431851375e-06,0,,233,100
1704,8550,9350,0.008822557455962457,1,,235,100
1705,8555,9355,9.451071298353324e-06,0,,234,100
1706,8559,9359,9.050666765363825e-07,0,,234,100
1707,8567,9367,5.061530025764104e-07,0,,235,100
1708,8570,9370,1.246381995489533e-08,0,,234,100
1709,8574,9374,5.530574089555077e-06,0,,234,100
1710,8581,9381,1.8928234377228477e-07,0,,234,100
1711,8584,9384,6.572930754579958e-05,0,,233,100
1712,8588,9388,0.00026236935883748044,0,,233,100
1713,8593,9393,2.4932256383374894e-08,0,,233,100
1714,8596,9396,0.001837172284506298,1,,232,100
1715,8600,9400,3.208657803054819e-10,0,,232,100
1716,8605,9405,4.624645626407856e-08,0,,231,100
1717,8609,9409,2.82501348879804e-05,0,,231,100
1718,8614,9414,1.1058698762129625e-08,0,,233,100
1719,8618,9418,1.2859465187098365e-05,0,,233,100
1720,8622,9422,1.3003319824663159e-12,0,,232,100
1721,8627,9427,3.7935714242734757e-06,0,,233,100
1722,8631,9431,0.016826310502628745,1,,233,100
1723,8642,9442,3.031434448463961e-06,0,,233,100
1724,8647,9447,1.9118924834115565e-08,0,,234,100
1725,8651,9451,3.3012210596151773e-06,0,,233,100
1726,8660,9460,1.1392888771902229e-06,0,,233,100
1727,8663,9463,0.0016627490056695495,1,,233,100
1728,8667,9467,0.0052897283439623305,1,,233,100
1729,8672,9472,1.2966052018784077e-07,0,,233,100
1730,8676,9476,0.0009328462042031085,0,,234,100
1731,8684,9484,0.00016089859994126445,0,,234,100
1732,8688,9488,0.001905697466249879,1,,236,100
1733,8694,9494,5.4817940867083855e-05,0,,235,100
1734,8697,9497,3.1686114499033784e-05,0,,235,100
1735,8701,9501,2.906347015242558e-06,0,,238,100
1736,8710,9510,0.002560348123846689,1,,238,100
1737,8714,9514,6.369686953012767e-06,0,,236,100
1738,8718,9518,7.994803834284265e-07,0,,236,100
1739,8722,9522,9.699602259874465e-06,0,,237,100
1740,8727,9527,4.349847399455587e-07,0,,237,100
1741,8731,9531,7.021833185312383e-08,0,,237,100
1742,8738,9538,1.964004501592345e-07,0,,237,100
1743,8743,9543,5.737395178017667e-07,0,,237,100
1744,8749,9549,3.054969456454314e-07,0,,238,100
1745,8753,9553,1.1611781577738032e-08,0,,238,100
1746,8758,9558,6.721406066881127e-07,0,,238,100
1747,8763,9563,1.6367406261609565e-09,0,,238,100
1748,8768,9568,4.949372295855722e-07,0,,236,100
1749,8774,9574,1.053424789274083e-09,0,,237,100
1750,8778,9578,3.124372957868679e-05,0,,236,100
1751,8784,9584,0.0003810552093244178,0,,233,100
1752,8789,9589,2.2161170662345561e-07,0,,231,100
1753,8793,9593,7.627153682430432e-07,0,,231,100
1754,8796,9596,5.190742540619311e-08,0,,230,100
1755,8802,9602,3.317293819335199e-08,0,,230,100
1756,8804,9604,5.111768756977662e-07,0,,230,100
1757,8810,9610,9.804411222600905e-11,0,,230,100
1758,8814,9614,1.1271764285196262e-07,0,,231,100
1759,8820,9620,2.8573119048837176e-07,0,,232,100
1760,8823,9623,2.8434263199327942e-06,0,,232,100
1761,8827,9627,1.3831685619075568e-06,0,,232,100
1762,8835,9635,1.4513423578089331e-05,0,,231,100
1763,8839,9639,2.2530879394400496e-05,0,,231,100
1764,8841,9641,3.6684813634367085e-06,0,,231,100
1765,8845,9645,0.0027940122798892765,1,,230,100
1766,8853,9653,0.0005712932270087223,0,,234,100
1767,8861,9661,0.0005069625423452151,0,,236,100
1768,8863,9663,5.956140781534074e-07,0,,235,100
1769,8867,9667,5.117173424493042e-05,0,,236,100
1770,8874,9674,5.3302742423897054e-06,0,,234,100
1771,8878,9678,4.850132954984774e-06,0,,236,100
1772,8880,9680,1.045798204088707e-07,0,,235,100
1773,8884,9684,0.0011415848879508586,1,,236,100
1774,8893,9693,0.09091484021455694,1,,232,100
1775,8898,9698,0.0005849274432145465,0,,228,100
1776,8902,9702,2.105014836491561e-06,0,,228,100
1777,8905,9705,1.2465078163795708e-05,0,,228,100
1778,8911,9711,8.794567740984881e-05,0,,227,100
1779,8915,9715,7.162705189358393e-08,0,,227,100
1780,8920,9720,3.967145396744047e-05,0,,229,100
1781,8925,9725,8.383754221215893e-08,0,,228,100
1782,8930,9730,3.235925905444974e-06,0,,228,100
1783,8935,9735,1.2659885232008099e-05,0,,229,100
1784,8940,9740,5.833173532868013e-05,0,,228,100
1785,8947,9747,0.00047229386612548046,0,,227,100
1786,8952,9752,5.104512847860734e-05,0,,227,100
1787,8957,9757,0.002055766546875232,1,,226,100
1788,8963,9763,5.721224567501213e-05,0,,224,100
1789,8966,9766,0.0003643194561587371,0,,224,100
1790,8970,9770,7.651044613938757e-05,0,,224,100
1791,8976,9776,0.05413529333556838,1,,223,100
1792,8984,9784,0.00022481415839279673,0,,224,100
1793,8986,9786,0.00105768685023386,1,,225,100
1794,8996,9796,0.011708341424961938,1,,226,100
1795,9001,9801,0.00023347995807833176,0,,226,100
1796,9006,9806,0.005644636931525835,1,,227,100
1797,9011,9811,0.00015293792326617683,0,,226,100
1798,9021,9821,3.5902345075293893e-07,0,,227,100
1799,9025,9825,1.5133496364118721e-06,0,,227,100
1800,9030,9830,0.26633899161410496,1,,224,100
1801,9035,9835,0.0064339303018963795,1,,221,100
1802,9039,9839,2.4537307734627043e-07,0,,221,100
1803,9043,9843,3.032159424042851e-05,0,,222,100
1804,9047,9847,2.050557148184152e-07,0,,225,100
1805,9053,9853,1.232985212832929e-06,0,,226,100
1806,9057,9857,0.0001702576959342008,0,,225,100
1807,9063,9863,0.0031924621150565538,1,,227,100
1808,9068,9868,5.023647299906294e-05,0,,227,100
1809,9073,9873,2.019976299322126e-07,0,,227,100
1810,9080,9880,3.584407237580805e-07,0,,225,100
1811,9083,9883,3.252404465952222e-08,0,,224,100
1812,9086,9886,6.499796467113611e-06,0,,224,100
1813,9091,9891,2.9138126049765496e-07,0,,224,100
1814,9095,9895,3.3383499170005136e-07,0,,223,100
1815,9099,9899,0.00017427347349671993,0,,222,100
1816,9104,9904,6.230492428324442e-08,0,,221,100
1817,9107,9907,6.984764547686793e-06,0,,221,100
1818,9110,9910,6.174998845682642e-07,0,,221,100
1819,9114,9914,3.9744683724705385e-06,0,,220,100
1820,9120,9920,4.131881048291992e-05,0,,221,100
1821,9124,9924,2.257601841255341e-05,0,,221,100
1822,9126,9926,2.878217601843352e-05,0,,220,100
1823,9130,9930,3.4216302120466295e-06,0,,221,100
1824,9136,9936,0.0039093387863059015,1,,218,100
1825,9141,9941,0.00024115886367037548,0,,216,100
1826,9145,9945,5.110970491968666e-05,0,,215,100
1827,9149,9949,0.004386127561208451,1,,216,100
1828,9154,9954,3.8280407266129314e-07,0,,215,100
1829,9158,9958,1.3520687701216229e-07,0,,216,100
1830,9163,9963,3.778563701218034e-07,0,,217,100
1831,9168,9968,1.917465437969624e-06,0,,217,100
1832,9172,9972,8.247889365071574e-07,0,,216,100
1833,9179,9979,3.065233075897086e-06,0,,215,100
1834,9184,9984,2.760445502647631e-07,0,,217,100
1835,9187,9987,1.1749542808907199e-06,0,,217,100
1836,9192,9992,8.46996466080889e-07,0,,218,100
1837,9197,9997,0.00040604102772235777,0,,219,100
1838,9202,10002,0.017534353818248524,1,,219,100
1839,9207,10007,0.0001449718716264489,0,,217,100
1840,9213,10013,0.0007892428269122713,0,,217,100
1841,9217,10017,0.0058237666908285265,1,,218,100
1842,9221,10021,0.0003388543965340345,0,,217,100
1843,9227,10027,9.147056644260443e-05,0,,218,100
1844,9233,10033,0.0017153917340003615,1,,217,100
1845,9237,10037,0.03429064900410861,1,,217,100
1846,9245,10045,0.03797002748063236,1,,217,100
1847,9254,10054,2.8117743000749526e-07,0,,218,100
1848,9258,10058,1.087543912521059e-06,0,,217,100
1849,9262,10062,1.0503079524247624e-06,0,,217,100
1850,9264,10064,2.236926116403032e-06,0,,216,100
1851,9268,10068,7.680743542418747e-06,0,,216,100
1852,9274,10074,0.04437801642843648,1,,213,100
1853,9279,10079,0.00037439407998251053,0,,210,100
1854,9283,10083,3.419411842610923e-05,0,,211,100
1855,9287,10087,0.0006702195228692034,0,,212,100
1856,9292,10092,2.0046677769386815e-05,0,,211,100
1857,9296,10096,8.123225711043669e-07,0,,211,100
1858,9301,10101,1.516729345148695e-06,0,,211,100
1859,9306,10106,2.084404342658121e-06,0,,211,100
1860,9310,10110,2.191109420955868e-05,0,,214,100
1861,9319,10119,5.77345858088405e-05,0,,215,100
1862,9327,10127,4.002909840157305e-05,0,,219,100
1863,9332,10132,4.171374702263072e-05,0,,219,100
1864,9337,10137,1.1573323995733281e-07,0,,218,100
1865,9342,10142,2.749468367213355e-06,0,,217,100
1866,9348,10148,0.0014210703040133327,1,,218,100
1867,9353,10153,4.934563922386393e-06,0,,216,100
1868,9357,10157,1.6092205810803168e-05,0,,217,100
1869,9364,10164,5.696456629042471e-07,0,,217,100
1870,9370,10170,5.465952051145609e-08,0,,218,100
1871,9374,10174,0.0015294955883244708,1,,219,100
1872,9382,10182,1.3712719129269983e-08,0,,218,100
1873,9386,10186,3.5644355428673394e-06,0,,217,100
1874,9392,10192,3.520132944145202e-07,0,,218,100
1875,9398,10198,6.194443838459622e-06,0,,221,100
1876,9404,10204,1.0769425792772412e-07,0,,221,100
1877,9407,10207,3.716090139258665e-07,0,,221,100
1878,9411,10211,0.00023587525070112092,0,,220,100
1879,9418,10218,2.219761169292916e-05,0,,223,100
1880,9423,10223,1.5699447507534643e-05,0,,224,100
1881,9427,10227,0.0003298704075273268,0,,225,100
1882,9433,10233,0.003854665505990991,1,,225,100
1883,9439,10239,5.385801948351754e-06,0,,225,100
1884,9444,10244,3.351634179002307e-08,0,,224,100
1885,9448,10248,5.477668343870325e-06,0,,223,100
1886,9452,10252,1.0401020030025485e-06,0,,223,100
1887,9457,10257,0.0007832232309988252,0,,224,100
1888,9463,10263,3.93730066208674e-06,0,,225,100
1889,9468,10268,5.006598343461467e-08,0,,226,100
1890,9472,10272,1.2143138691647962e-06,0,,225,100
1891,9476,10276,3.393782633734331e-06,0,,225,100
1892,9480,10280,0.0004862952281066394,0,,224,100
1893,9485,10285,2.651529206981396e-06,0,,224,100
1894,9488,10288,2.0939903515772918e-07,0,,223,100
1895,9492,10292,5.295801400112982e-08,0,,223,100
1896,9498,10298,0.011467927234051241,1,,222,100
1897,9503,10303,4.037899898508297e-05,0,,219,100
1898,9507,10307,9.309246082487423e-07,0,,219,100
1899,9509,10309,3.6810691561999494e-07,0,,219,100
1900,9514,10314,2.6498262778187712e-06,0,,219,100
1901,9518,10318,2.9105405540147724e-08,0,,219,100
1902,9525,10325,1.6039355481582067e-05,0,,217,100
1903,9533,10333,0.0007271036479218751,0,,221,100
1904,9538,10338,2.0776300306067762e-07,0,,220,100
1905,9542,10342,8.076064950899907e-07,0,,220,100
1906,9546,10346,0.0016565725694399928,1,,219,100
1907,9553,10353,0.0009193257479511147,0,,219,100
1908,9557,10357,0.011017125366290906,1,,219,100
1909,9565,10365,1.3837088582087046e-06,0,,220,100
1910,9569,10369,2.0698958693856052e-05,0,,219,100
1911,9574,10374,6.365124891801256e-06,0,,219,100
1912,9578,10378,3.215673597425259e-05,0,,218,100
1913,9582,10382,6.534646722720443e-07,0,,221,100
1914,9588,10388,5.252068314614058e-06,0,,223,100
1915,9591,10391,5.0006857333787475e-05,0,,223,100
1916,9597,10397,0.00011047139789769908,0,,223,100
1917,9604,10404,2.2099039897491148e-07,0,,222,100
1918,9608,10408,1.41563439453169e-06,0,,222,100
1919,9614,10414,1.3893163418545566e-05,0,,221,100
1920,9618,10418,0.0035789495818235096,1,,222,100
1921,9623,10423,0.007201373841589369,1,,223,100
1922,9629,10429,1.200316374179923e-05,0,,222,100
1923,9636,10436,5.6250838738497355e-05,0,,221,100
1924,9640,10440,1.311193208608553e-08,0,,221,100
1925,9647,10447,0.0001332052592986903,0,,218,100
1926,9652,10452,0.00013376185109968396,0,,216,100
1927,9657,10457,3.21516942994018e-07,0,,216,100
1928,9661,10461,4.198735378287301e-06,0,,216,100
1929,9667,10467,7.182140167976819e-08,0,,218,100
1930,9670,10470,1.7894987229551308e-07,0,,220,100
1931,9676,10476,4.820895177711641e-06,0,,221,100
1932,9678,10478,1.6087027660123725e-08,0,,220,100
1933,9683,10483,2.4162642336951034e-08,0,,221,100
1934,9691,10491,0.0017214863160665349,1,,222,100
1935,9700,10500,8.817014132081686e-08,0,,223,100
1936,9704,10504,6.48853255634282e-08,0,,223,100
1937,9711,10511,4.794593688609465e-08,0,,223,100
1938,9715,10515,0.0009175892989772462,0,,222,100
1939,9719,10519,0.007487074876574879,1,,223,100
1940,9731,10531,1.1566812366679665e-07,0,,222,100
1941,9734,10534,3.608626530868197e-06,0,,224,100
1942,9741,10541,0.00017696206544944802,0,,225,100
1943,9746,10546,2.0887167576617548e-06,0,,225,100
1944,9752,10552,1.1063054740419115e-09,0,,225,100
1945,9758,10558,4.267526811296859e-08,0,,226,100
1946,9764,10564,9.80132439677668e-10,0,,231,100
1947,9774,10574,6.540660665577384e-09,0,,231,100
1948,9778,10578,6.610452585596121e-10,0,,231,100
1949,9782,10582,0.00031920983214758184,0,,230,100
1950,9789,10589,1.600702216230731e-05,0,,230,100
1951,9795,10595,8.831036978392832e-08,0,,232,100
1952,9798,10598,2.583550439699941e-05,0,,231,100
1953,9801,10601,2.194187326821961e-09,0,,231,100
1954,9805,10605,9.007635112023115e-06,0,,232,100
1955,9814,10614,8.671367818002499e-05,0,,231,100
1956,9818,10618,1.4119720000624635e-06,0,,231,100
1957,9821,10621,5.714126427779784e-05,0,,231,100
1958,9827,10627,4.029477354739756e-08,0,,233,100
1959,9832,10632,1.8590357744733785e-08,0,,234,100
1960,9837,10637,0.0003394606689686936,0,,235,100
1961,9844,10644,4.682026084469681e-05,0,,232,100
1962,9849,10649,4.646855319948115e-06,0,,229,100
1963,9853,10653,1.1091059547077753e-07,0,,229,100
1964,9858,10658,1.1986398067575968e-07,0,,230,100
1965,9863,10663,1.804548446351086e-08,0,,230,100
1966,9866,10666,1.6191605583928828e-07,0,,230,100
1967,9872,10672,2.8867720848846797e-05,0,,230,100
1968,9880,10680,6.758409073340305e-05,0,,231,100
1969,9885,10685,6.022304164796787e-08,0,,231,100
1970,9890,10690,2.2162452526166562e-08,0,,231,100
1971,9900,10700,6.952727248507737e-09,0,,230,100
1972,9905,10705,7.204595770951729e-09,0,,232,100
1973,9909,10709,5.132919301130056e-09,0,,232,100
1974,9915,10715,1.2599182522674538e-05,0,,231,100
1975,9918,10718,6.561556615457879e-07,0,,231,100
1976,9922,10722,9.988573068334273e-07,0,,232,100
1977,9928,10728,6.321660848029656e-08,0,,231,100
1978,9932,10732,0.0007226837721100015,0,,233,100
1979,9937,10737,3.450223208918382e-05,0,,233,100
1980,9943,10743,1.3414708575147213e-07,0,,232,100
1981,9946,10746,2.4707669113325905e-06,0,,232,100
1982,9950,10750,6.201296829996702e-08,0,,233,100
1983,9956,10756,5.26416587920662e-07,0,,236,100
1984,9959,10759,4.422769947707563e-06,0,,235,100
1985,9965,10765,5.916963635985135e-09,0,,235,100
1986,9967,10767,5.1655084575349456e-09,0,,235,100
1987,9977,10777,0.0002573643858633738,0,,238,100
1988,9983,10783,0.006807345926092548,1,,236,100
1989,9991,10791,0.0006737874580318282,0,,235,100
1990,9996,10796,3.1846678210286844e-07,0,,235,100
1991,10002,10802,1.1110184152012007e-10,0,,235,100
1992,10006,10806,5.479214801730697e-07,0,,234,100
1993,10010,10810,2.8392770115442352e-09,0,,234,100
1994,10013,10813,6.7058791216851e-07,0,,234,100
1995,10017,10817,4.851592859470586e-07,0,,234,100
1996,10024,10824,2.1139334533412093e-07,0,,234,100
1997,10027,10827,2.2612054138268395e-07,0,,234,100
1998,10031,10831,3.4122941690855264e-08,0,,234,100
1999,10038,10838,2.541705237641371e-08,0,,235,100
2000,10042,10842,2.758388209198953e-09,0,,235,100
2001,10046,10846,1.781351531214066e-07,0,,235,100
2002,10052,10852,4.0736047062756095e-06,0,,233,100
2003,10055,10855,1.686744789196002e-05,0,,233,100
2004,10062,10862,0.0025319889504393464,1,,234,100
2005,10068,10868,5.20929704907824e-05,0,,239,100
2006,10073,10873,6.707911564038968e-10,0,,239,100
2007,10077,10877,8.961868984232489e-05,0,,239,100
2008,10080,10880,6.839117549107357e-10,0,,238,100
2009,10083,10883,6.934757785722117e-06,0,,238,100
2010,10087,10887,6.87461292800386e-08,0,,238,100
2011,10091,10891,3.049346717449861e-06,0,,238,100
2012,10096,10896,9.652459261147953e-10,0,,239,100
2013,10099,10899,4.276786269192322e-08,0,,239,100
2014,10103,10903,1.2090464418757978e-10,0,,239,100
2015,10109,10909,0.04655320670837098,1,,237,100
2016,10114,10914,0.0003560010333623851,0,,234,100
2017,10121,10921,1.1873935278489597e-11,0,,233,100
2018,10126,10926,0.002729387158176324,1,,233,100
2019,10130,10930,2.3746569338125873e-07,0,,233,100
2020,10139,10939,2.649434661920071e-11,0,,234,100
2021,10145,10945,2.038919394365064e-08,0,,234,100
2022,10148,10948,5.5256360210253095e-12,0,,234,100
2023,10154,10954,1.1838260485477562e-08,0,,236,100
2024,10160,10960,4.1586510989570216e-10,0,,237,100
2025,10163,10963,3.163849819849072e-08,0,,238,100
2026,10169,10969,1.0333443033615185e-06,0,,235,100
2027,10173,10973,0.00028927210891145524,0,,236,100
2028,10178,10978,1.949183492415669e-07,0,,235,100
2029,10184,10984,6.720464148015176e-10,0,,235,100
2030,10188,10988,1.9303430068415233e-07,0,,234,100
2031,10192,10992,9.422468951217561e-05,0,,233,100
2032,10197,10997,0.00012165212936928293,0,,233,100
2033,10200,11000,8.403087430704395e-10,0,,233,100
2034,10204,11004,0.0001700612179945252,0,,232,100
2035,10211,11011,6.316373376000853e-07,0,,232,100
2036,10216,11016,1.3204196648601344e-08,0,,230,100
2037,10219,11019,8.00193232772575e-05,0,,229,100
2038,10223,11023,5.12621867479782e-07,0,,231,100
2039,10229,11029,4.204569971365349e-05,0,,230,100
2040,10232,11032,4.302428542718391e-11,0,,229,100
2041,10236,11036,1.4494018029181838e-05,0,,232,100
2042,10241,11041,0.00019076713352805474,0,,235,100
2043,10247,11047,1.930202265925057e-07,0,,235,100
2044,10252,11052,3.536264399190979e-10,0,,234,100
2045,10256,11056,5.424129618068101e-06,0,,234,100
2046,10263,11063,2.5401363393655585e-06,0,,233,100
2047,10268,11068,0.010056076705527174,1,,234,100
2048,10273,11073,0.001034073190955432,1,,233,100
2049,10280,11080,1.4488326805571043e-09,0,,233,100
2050,10285,11085,0.0021371128204444047,1,,233,100
2051,10289,11089,1.9311759839387652e-10,0,,233,100
2052,10297,11097,1.8436495529632077e-09,0,,233,100
2053,10301,11101,1.3309380333770703e-08,0,,234,100
2054,10305,11105,2.672913715139913e-10,0,,234,100
2055,10308,11108,1.2413170383816512e-07,0,,235,100
2056,10311,11111,1.620096285180764e-05,0,,236,100
2057,10316,11116,3.290903522167252e-08,0,,237,100
2058,10321,11121,4.373130250965707e-11,0,,235,100
2059,10328,11128,6.413689343613636e-08,0,,235,100
2060,10332,11132,6.534241905470872e-07,0,,234,100
2061,10337,11137,2.1476005306391034e-05,0,,235,100
2062,10342,11142,2.70271263675755e-08,0,,234,100
2063,10347,11147,6.008462490039911e-07,0,,235,100
2064,10351,11151,0.00018341842197620858,0,,238,100
2065,10356,11156,9.995790521904188e-09,0,,238,100
2066,10361,11161,1.5783956209100992e-05,0,,239,100
2067,10367,11167,4.582523251103445e-06,0,,239,100
2068,10372,11172,9.274512120849253e-08,0,,238,100
2069,10381,11181,0.04348166900400632,1,,235,100
2070,10386,11186,0.0015954330465447369,1,,232,100
2071,10390,11190,4.375522188067529e-08,0,,233,100
2072,10395,11195,3.5295680650582554e-05,0,,233,100
2073,10402,11202,1.0326534093546412e-08,0,,234,100
2074,10406,11206,3.1181613054240583e-06,0,,235,100
2075,10413,11213,0.00016418670905446445,0,,234,100
2076,10418,11218,0.057531162501208856,1,,236,100
2077,10423,11223,2.780688128829796e-07,0,,235,100
2078,10431,11231,1.458237275232873e-05,0,,236,100
2079,10435,11235,1.7078961131731747e-09,0,,237,100
2080,10439,11239,0.00019941751356621271,0,,236,100
2081,10443,11243,1.0462944963007776e-08,0,,237,100
2082,10450,11250,5.365469970688518e-08,0,,237,100
2083,10453,11253,7.261807184868449e-05,0,,236,100
2084,10457,11257,9.016574611175899e-09,0,,237,100
2085,10466,11266,0.0002383888798743332,0,,239,100
2086,10471,11271,2.406640439085295e-06,0,,236,100
2087,10476,11276,2.0487127496362274e-07,0,,234,100
2088,10481,11281,1.8133036961775894e-08,0,,235,100
2089,10486,11286,3.4394462748722265e-08,0,,235,100
2090,10490,11290,1.2934386523781437e-08,0,,235,100
2091,10493,11293,3.251746459257615e-09,0,,235,100
2092,10497,11297,8.281064185595778e-09,0,,235,100
2093,10502,11302,1.2313722793629085e-07,0,,236,100
2094,10506,11306,2.1368161649849885e-07,0,,235,100
2095,10510,11310,6.490116003529404e-06,0,,237,100
2096,10515,11315,1.8420173675390423e-08,0,,235,100
2097,10519,11319,2.398092458887566e-08,0,,234,100
2098,10524,11324,3.144708751831778e-05,0,,236,100
2099,10530,11330,2.7528758655134497e-07,0,,237,100
2100,10533,11333,1.670609872746859e-05,0,,235,100
2101,10540,11340,0.0003871993807867613,0,,235,100
2102,10544,11344,0.018265888756304895,1,,235,100
2103,10552,11352,7.604518817465069e-07,0,,234,100
2104,10559,11359,0.0007758272459065805,0,,231,100
2105,10564,11364,6.6388384759756115e-06,0,,228,100
2106,10568,11368,1.1144033188681347e-05,0,,228,100
2107,10572,11372,1.0273961201222535e-05,0,,228,100
2108,10577,11377,7.090402509063215e-06,0,,231,100
2109,10581,11381,2.164803767761167e-09,0,,232,100
2110,10587,11387,1.5170477252393862e-06,0,,231,100
2111,10595,11395,1.52805350500287e-05,0,,231,100
2112,10599,11399,3.034929033208727e-08,0,,231,100
2113,10603,11403,9.809017061442235e-07,0,,231,100
2114,10606,11406,0.00020715257177764696,0,,231,100
2115,10613,11413,1.0176964587573486e-07,0,,231,100
2116,10616,11416,1.3677400253315924e-08,0,,231,100
2117,10620,11420,4.788974241858996e-08,0,,230,100
2118,10623,11423,1.3932209115672962e-10,0,,230,100
2119,10627,11427,1.0218358754980289e-09,0,,229,100
2120,10630,11430,3.455238790642415e-07,0,,228,100
2121,10635,11435,9.631670146722567e-06,0,,227,100
2122,10640,11440,1.0407981900564802e-05,0,,228,100
2123,10644,11444,8.229997991559844e-08,0,,229,100
2124,10650,11450,3.5222180880303367e-07,0,,228,100
2125,10654,11454,3.1433667224477874e-09,0,,228,100
2126,10659,11459,7.724124979574449e-07,0,,227,100
2127,10664,11464,9.720745794319153e-09,0,,228,100
2128,10667,11467,1.2597358591484685e-07,0,,227,100
2129,10671,11471,9.958821198961562e-08,0,,228,100
2130,10677,11477,2.6867821413167755e-07,0,,228,100
2131,10681,11481,6.346198413193215e-09,0,,227,100
2132,10687,11487,6.111733697412067e-07,0,,226,100
2133,10691,11491,8.177359586293096e-07,0,,226,100
2134,10696,11496,6.255137994841231e-08,0,,226,100
2135,10701,11501,0.0003293336534047669,0,,225,100
2136,10704,11504,3.369450168162835e-05,0,,225,100
2137,10708,11508,5.75657431922157e-05,0,,226,100
2138,10713,11513,6.506959765471957e-07,0,,226,100
2139,10716,11516,1.0328531547062053e-10,0,,227,100
2140,10722,11522,3.3950808527769227e-09,0,,229,100
2141,10726,11526,4.494917640952309e-09,0,,229,100
2142,10731,11531,2.978462052389653e-08,0,,228,100
2143,10735,11535,4.992811828925315e-10,0,,228,100
2144,10740,11540,2.6851713088573705e-08,0,,228,100
2145,10744,11544,1.2231439801947246e-08,0,,228,100
2146,10750,11550,7.063829274098604e-05,0,,226,100
2147,10755,11555,1.6351678251965831e-06,0,,223,100
2148,10765,11565,2.6832136288342035e-07,0,,225,100
2149,10769,11569,1.1463173375298939e-05,0,,223,100
2150,10774,11574,3.4509184210312895e-08,0,,223,100
2151,10778,11578,2.541729361125578e-08,0,,224,100
2152,10783,11583,1.200186948802246e-07,0,,224,100
2153,10787,11587,5.425967927825527e-07,0,,224,100
2154,10793,11593,4.7402908958430805e-06,0,,224,100
2155,10798,11598,4.046621000877873e-07,0,,225,100
2156,10802,11602,4.363164440920478e-07,0,,225,100
2157,10809,11609,1.3169796714188319e-07,0,,226,100
2158,10812,11612,7.491606466389579e-06,0,,226,100
2159,10818,11618,6.972095647763584e-07,0,,224,100
2160,10821,11621,3.0510662541172882e-05,0,,225,100
2161,10826,11626,6.595578105660965e-07,0,,226,100
2162,10830,11630,2.8193500723864626e-11,0,,229,100
2163,10837,11637,8.895169234084044e-05,0,,228,100
2164,10842,11642,7.604782087306197e-05,0,,229,100
2165,10849,11649,8.266974751692537e-07,0,,229,100
2166,10852,11652,5.4507880906714195e-06,0,,228,100
2167,10856,11656,1.189435567074199e-09,0,,229,100
2168,10864,11664,0.00045595824261249917,0,,227,100
2169,10869,11669,7.571937049231317e-07,0,,224,100
2170,10872,11672,9.686292433246734e-08,0,,224,100
2171,10875,11675,3.904179910414799e-05,0,,225,100
2172,10881,11681,4.748460807039608e-09,0,,225,100
2173,10885,11685,1.2559185189909288e-06,0,,225,100
2174,10889,11689,4.101575317219019e-07,0,,225,100
2175,10894,11694,2.6752075559765474e-07,0,,225,100
2176,10898,11698,1.3897100699671471e-09,0,,225,100
2177,10901,11701,2.1081764401787534e-07,0,,225,100
2178,10908,11708,2.2753685020070291e-07,0,,225,100
2179,10911,11711,1.9105218817986398e-07,0,,225,100
2180,10915,11715,1.707286417123158e-07,0,,226,100
2181,10920,11720,4.721741490205004e-09,0,,228,100
2182,10923,11723,9.586182874824135e-08,0,,228,100
2183,10927,11727,1.5440342938533054e-07,0,,228,100
2184,10934,11734,2.6244273153288643e-06,0,,228,100
2185,10937,11737,2.5620496343293778e-09,0,,229,100
2186,10942,11742,1.888412702769729e-06,0,,229,100
2187,10953,11753,4.96998450503091e-07,0,,227,100
2188,10957,11757,2.069049605780323e-06,0,,228,100
2189,10959,11759,2.905171758931885e-07,0,,228,100
2190,10967,11767,1.5160384929816475e-07,0,,229,100
2191,10973,11773,1.1926907422677851e-08,0,,229,100
2192,10979,11779,6.871713199356694e-14,0,,229,100
2193,10986,11786,1.1977735983196625e-07,0,,230,100
2194,10992,11792,2.833041726656483e-12,0,,230,100
2195,10997,11797,1.1521441393950268e-10,0,,230,100
2196,11000,11800,8.477592266994364e-08,0,,230,100
2197,11005,11805,3.844294560568457e-05,0,,230,100
2198,11009,11809,1.2634609464182421e-08,0,,230,100
2199,11013,11813,1.2478937491062137e-06,0,,230,100
2200,11016,11816,2.48882050597898e-06,0,,230,100
2201,11020,11820,4.0052610285013506e-05,0,,230,100
2202,11025,11825,5.671447622258976e-06,0,,230,100
2203,11028,11828,1.154267080914673e-06,0,,231,100
2204,11035,11835,0.02060565776379798,1,,230,100
2205,11039,11839,5.749205917514824e-06,0,,227,100
2206,11043,11843,4.0266070646082677e-05,0,,227,100
2207,11048,11848,0.00019705538701389065,0,,229,100
2208,11053,11853,0.0001156205549480714,0,,229,100
2209,11057,11857,2.891383448002115e-07,0,,228,100
2210,11061,11861,1.785410775937542e-06,0,,228,100
2211,11067,11867,3.47760923358031e-07,0,,227,100
2212,11071,11871,3.338973447565758e-08,0,,226,100
2213,11075,11875,4.6390616196404626e-05,0,,227,100
2214,11086,11886,2.3657690833011296e-08,0,,231,100
2215,11090,11890,9.255590718828175e-11,0,,231,100
2216,11095,11895,3.099618551164773e-06,0,,232,100
2217,11101,11901,3.917508531595811e-08,0,,231,100
2218,11105,11905,4.589681830198706e-07,0,,229,100
2219,11111,11911,6.963968449376132e-06,0,,228,100
2220,11113,11913,6.817058648359364e-09,0,,228,100
2221,11118,11918,1.026196128259908e-08,0,,229,100
2222,11125,11925,1.136874649412966e-09,0,,228,100
2223,11127,11927,9.742191054543689e-08,0,,228,100
2224,11131,11931,5.449321684927968e-10,0,,228,100
2225,11136,11936,3.94304597798497e-06,0,,228,100
2226,11140,11940,7.568702599986525e-05,0,,229,100
2227,11147,11947,6.0676591804734646e-05,0,,227,100
2228,11151,11951,1.129607473981413e-06,0,,224,100
2229,11155,11955,4.0497135423483957e-10,0,,225,100
2230,11159,11959,5.937931003666651e-10,0,,225,100
2231,11165,11965,5.030017573181568e-10,0,,226,100
2232,11170,11970,1.438727628047347e-08,0,,226,100
2233,11174,11974,2.439461973907101e-09,0,,225,100
2234,11182,11982,0.00013037753688264047,0,,228,100
2235,11188,11988,1.798358605608793e-06,0,,226,100
2236,11192,11992,0.0001220949433300154,0,,227,100
2237,11197,11997,5.265268099340048e-08,0,,227,100
2238,11201,12001,9.426532033216351e-08,0,,225,100
2239,11203,12003,1.0210779507991113e-06,0,,225,100
2240,11210,12010,4.4734894880968246e-08,0,,225,100
2241,11213,12013,0.0002978728975144154,0,,224,100
2242,11220,12020,1.5397709569180992e-06,0,,223,100
2243,11224,12024,0.0008906739627688377,0,,225,100
2244,11229,12029,7.843565097178003e-06,0,,224,100
2245,11233,12033,2.4170205506212864e-05,0,,224,100
2246,11235,12035,7.007595627005464e-06,0,,225,100
2247,11242,12042,9.234941555853879e-08,0,,227,100
2248,11245,12045,3.125301336565665e-06,0,,227,100
2249,11249,12049,1.3816844029292636e-07,0,,227,100
2250,11258,12058,0.003909707608849856,1,,225,100
2251,11262,12062,8.055801161070259e-05,0,,223,100
2252,11266,12066,4.203735472171053e-07,0,,222,100
2253,11269,12069,2.7510019388397235e-07,0,,223,100
2254,11277,12077,1.1668367857711269e-07,0,,224,100
2255,11280,12080,7.3888611745793224e-09,0,,223,100
2256,11285,12085,2.611102801206788e-08,0,,223,100
2257,11288,12088,5.223751730674107e-07,0,,223,100
2258,11293,12093,1.6220906538308595e-08,0,,222,100
2259,11296,12096,2.6378423048623383e-08,0,,223,100
2260,11302,12102,8.777046765877438e-08,0,,223,100
2261,11307,12107,0.009776391744936466,1,,225,100
2262,11312,12112,3.896857850461509e-06,0,,226,100
2263,11320,12120,3.445664019453115e-08,0,,227,100
2264,11323,12123,1.8006234914079581e-06,0,,227,100
2265,11327,12127,2.0326965935802246e-06,0,,226,100
2266,11333,12133,4.1473010265520313e-07,0,,226,100
2267,11336,12136,0.00024496222092010897,0,,226,100
2268,11340,12140,4.376297828956889e-08,0,,226,100
2269,11347,12147,1.3088656732301755e-06,0,,228,100
2270,11350,12150,0.003356177374173315,1,,231,100
2271,11359,12159,3.8384665701367226e-07,0,,232,100
2272,11364,12164,5.9971501189611276e-05,0,,233,100
2273,11368,12168,0.0027460677068926105,1,,233,100
2274,11375,12175,0.0017826614610872832,1,,232,100
2275,11379,12179,0.00010395364957594806,0,,230,100
2276,11383,12183,6.409972461244712e-05,0,,230,100
2277,11389,12189,1.3839121718015299e-09,0,,230,100
2278,11392,12192,7.76694366373076e-09,0,,230,100
2279,11397,12197,0.0001982388105777986,0,,230,100
2280,11405,12205,5.1190160279173584e-08,0,,230,100
2281,11408,12208,3.297060816640865e-08,0,,230,100
2282,11412,12212,5.589625198182132e-07,0,,230,100
2283,11423,12223,9.503776830278712e-10,0,,230,100
2284,11426,12226,2.157300366863631e-08,0,,230,100
2285,11430,12230,1.9221109526211603e-06,0,,231,100
2286,11436,12236,2.0461464305356725e-07,0,,230,100
2287,11440,12240,4.320873208334054e-09,0,,231,100
2288,11443,12243,2.771358248870685e-05,0,,230,100
2289,11447,12247,3.831566062758825e-06,0,,230,100
2290,11451,12251,0.00046683271485923033,0,,232,100
2291,11460,12260,4.085657220091872e-08,0,,235,100
2292,11464,12264,6.720349668412431e-08,0,,235,100
2293,11468,12268,0.00010877757002454775,0,,236,100
2294,11473,12273,6.546108454597583e-09,0,,235,100
2295,11477,12277,2.531537458090106e-09,0,,234,100
2296,11485,12285,7.612391526066736e-09,0,,235,100
2297,11490,12290,1.6026867445915764e-06,0,,236,100
2298,11495,12295,1.0411461146617353e-10,0,,235,100
2299,11499,12299,6.55994081957298e-15,0,,236,100
2300,11502,12302,1.835540735094487e-09,0,,235,100
2301,11506,12306,9.633380603306334e-08,0,,233,100
2302,11516,12316,8.04902073409208e-08,0,,231,100
2303,11520,12320,1.3391099326829048e-13,0,,230,100
2304,11524,12324,5.80853797503122e-09,0,,230,100
2305,11529,12329,1.3417951238931533e-07,0,,231,100
2306,11534,12334,1.6429299360178824e-08,0,,229,100
2307,11538,12338,9.29171095173965e-18,0,,229,100
2308,11541,12341,8.296428047303009e-11,0,,229,100
2309,11545,12345,1.916143408386742e-07,0,,230,100
2310,11554,12354,1.2726481054075877e-09,0,,229,100
2311,11557,12357,1.7646424280933647e-17,0,,229,100
2312,11561,12361,4.961439828502475e-10,0,,229,100
2313,11565,12365,4.902890466767752e-15,0,,229,100
2314,11574,12374,5.593933721024867e-08,0,,232,100
2315,11578,12378,1.3507012393461125e-06,0,,233,100
2316,11583,12383,4.026414695926169e-09,0,,232,100
2317,11587,12387,6.136008705755856e-11,0,,233,100
2318,11592,12392,3.697314319587408e-08,0,,234,100
2319,11599,12399,2.729651563688791e-08,0,,233,100
2320,11603,12403,3.5305300481245346e-07,0,,232,100
2321,11607,12407,4.1738266846256455e-08,0,,233,100
2322,11619,12419,2.0481355770984118e-10,0,,234,100
2323,11626,12426,3.5030356439668326e-06,0,,231,100
2324,11630,12430,8.184738434490173e-08,0,,229,100
2325,11634,12434,2.4006176614177997e-07,0,,228,100
2326,11638,12438,1.0672773728759843e-06,0,,229,100
2327,11643,12443,2.2552054566412975e-10,0,,228,100
2328,11648,12448,7.008831372632438e-10,0,,228,100
2329,11653,12453,6.605676445688281e-07,0,,230,100
2330,11659,12459,2.8288206146936583e-08,0,,230,100
2331,11663,12463,8.866823475643717e-11,0,,230,100
2332,11667,12467,3.330863104515268e-08,0,,231,100
2333,11672,12472,1.758159596763135e-09,0,,230,100
2334,11679,12479,8.838402886863211e-11,0,,229,100
2335,11683,12483,1.9598473500537153e-10,0,,229,100
2336,11687,12487,2.3334874762490487e-10,0,,230,100
2337,11690,12490,1.8842718984775728e-09,0,,229,100
2338,11694,12494,9.816232069203126e-08,0,,228,100
2339,11706,12506,2.1026330594214317e-08,0,,231,100
2340,11714,12514,7.3695318070974674e-06,0,,230,100
2341,11718,12518,3.2755232099514983e-07,0,,231,100
2342,11721,12521,8.5992853062749e-06,0,,232,100
2343,11726,12526,1.8819473661529878e-10,0,,232,100
2344,11732,12532,2.0675290790350735e-10,0,,230,100
2345,11738,12538,1.0915499808853011e-09,0,,231,100
2346,11744,12544,5.985613999946846e-10,0,,231,100
2347,11749,12549,5.4415545202155475e-09,0,,231,100
2348,11753,12553,2.047370526823052e-12,0,,231,100
2349,11756,12556,2.6835687181322483e-09,0,,230,100
2350,11766,12566,1.4049870785805172e-07,0,,229,100
2351,11770,12570,1.484580625956576e-06,0,,228,100
2352,11773,12573,0.00011623331022956916,0,,229,100
2353,11778,12578,1.9550815264255877e-07,0,,228,100
2354,11784,12584,1.9867284148716026e-08,0,,228,100
2355,11788,12588,5.231203941370752e-13,0,,228,100
2356,11794,12594,5.971666883904409e-10,0,,232,100
2357,11798,12598,3.8148298090781895e-11,0,,233,100
2358,11804,12604,4.144599928359407e-10,0,,234,100
2359,11807,12607,1.790860730018952e-11,0,,233,100
2360,11811,12611,6.740881920057147e-10,0,,233,100
2361,11817,12617,1.2243178737893548e-07,0,,232,100
2362,11821,12621,2.4637399894011243e-08,0,,232,100
2363,11826,12626,4.166893609760877e-07,0,,231,100
2364,11831,12631,4.72842293367555e-10,0,,230,100
2365,11837,12637,4.777616365408059e-08,0,,231,100
2366,11840,12640,2.0403986724180373e-06,0,,230,100
2367,11844,12644,0.00015541914163432404,0,,231,100
2368,11852,12652,6.864708827915858e-06,0,,230,100
2369,11856,12656,0.02024848957290734,1,,231,100
2370,11861,12661,6.253405405544491e-07,0,,232,100
2371,11867,12667,6.53934741976608e-11,0,,232,100
2372,11872,12672,1.2823073065137353e-07,0,,232,100
2373,11877,12677,2.9846022426975626e-08,0,,232,100
2374,11883,12683,0.000579157578438778,0,,230,100
2375,11887,12687,0.0012399021254058918,1,,228,100
2376,11891,12691,0.0352004615518882,1,,229,100
2377,11896,12696,7.480290192180247e-07,0,,229,100
2378,11903,12703,2.8754349661368298e-08,0,,230,100
2379,11908,12708,0.0003229001125222243,0,,231,100
2380,11913,12713,1.5013313831524675e-07,0,,230,100
2381,11917,12717,1.0408023710695942e-06,0,,231,100
2382,11926,12726,1.3564068867044672e-06,0,,231,100
2383,11930,12730,8.145805398580821e-09,0,,232,100
2384,11933,12733,3.161920045207295e-06,0,,232,100
2385,11938,12738,5.972028863090115e-09,0,,232,100
2386,11941,12741,6.520938676536174e-11,0,,233,100
2387,11947,12747,6.266073824838656e-09,0,,233,100
2388,11952,12752,1.904445348948508e-05,0,,231,100
2389,11957,12757,2.8752373387454766e-07,0,,232,100
2390,11962,12762,1.696187326457078e-08,0,,233,100
2391,11965,12765,3.520892767723396e-08,0,,233,100
2392,11969,12769,1.7562811374252896e-07,0,,232,100
2393,11976,12776,4.748808300894155e-09,0,,232,100
2394,11981,12781,0.00039152538493663497,0,,234,100
2395,11986,12786,3.312469320270527e-07,0,,233,100
2396,11991,12791,3.15337960973067e-07,0,,232,100
2397,11994,12794,3.1532324203407317e-07,0,,232,100
2398,12002,12802,0.00048106353056325614,0,,235,100
2399,12007,12807,5.039109028957952e-07,0,,234,100
2400,12011,12811,3.076344501595323e-09,0,,234,100
2401,12020,12820,6.632192458134871e-09,0,,233,100
2402,12024,12824,6.287258478893153e-07,0,,235,100
2403,12029,12829,2.2472047095280298e-11,0,,237,100
2404,12035,12835,1.0004567789161812e-07,0,,237,100
2405,12039,12839,0.0001706807420601602,0,,235,100
2406,12043,12843,1.1806905165063576e-09,0,,235,100
2407,12047,12847,1.9399728966354478e-09,0,,236,100
2408,12052,12852,1.7098426390295995e-14,0,,235,100
2409,12057,12857,3.656301491782513e-08,0,,235,100
2410,12062,12862,0.000341810323561764,0,,237,100
2411,12068,12868,2.593832760495907e-10,0,,235,100
2412,12074,12874,4.086360984414558e-08,0,,234,100
2413,12077,12877,2.3538300573042097e-06,0,,236,100
2414,12082,12882,8.611558886570417e-11,0,,235,100
2415,12086,12886,3.462930207835352e-13,0,,235,100
2416,12095,12895,6.189265302721669e-09,0,,237,100
2417,12099,12899,1.2996498494807049e-07,0,,238,100
2418,12102,12902,2.8496119042520266e-05,0,,237,100
2419,12108,12908,5.039206029646013e-05,0,,236,100
2420,12110,12910,5.60860518666571e-09,0,,235,100
2421,12115,12915,1.275174047724316e-09,0,,236,100
2422,12120,12920,1.7709211180497778e-06,0,,235,100
2423,12123,12923,2.3156839053870882e-11,0,,235,100
2424,12125,12925,1.0744720882267906e-08,0,,234,100
2425,12128,12928,1.576785722697571e-11,0,,234,100
2426,12138,12938,6.396443738529205e-12,0,,235,100
2427,12146,12946,0.0004882989076751353,0,,234,100
2428,12151,12951,6.869651825053646e-08,0,,231,100
2429,12155,12955,4.89826935264009e-09,0,,231,100
2430,12158,12958,1.3351901492273625e-09,0,,231,100
2431,12164,12964,5.693589914106687e-07,0,,231,100
2432,12169,12969,0.00010296765448663618,0,,230,100
2433,12174,12974,1.999912186923024e-06,0,,231,100
2434,12179,12979,4.413961622413285e-06,0,,230,100
2435,12185,12985,5.01779595984663e-08,0,,229,100
2436,12189,12989,2.7816888821591563e-06,0,,228,100
2437,12195,12995,6.020149555477767e-09,0,,229,100
2438,12198,12998,8.305057178451967e-07,0,,229,100
2439,12202,13002,7.781642918255258e-09,0,,228,100
2440,12212,13012,4.851396840842646e-09,0,,230,100
2441,12218,13018,1.0185732505141829e-07,0,,234,100
2442,12225,13025,1.1651650774983555e-08,0,,233,100
2443,12230,13030,5.8146654565514907e-11,0,,233,100
2444,12233,13033,1.9810944299720366e-07,0,,233,100
2445,12238,13038,2.291079149333672e-06,0,,232,100
2446,12242,13042,3.3368997995147063e-10,0,,232,100
2447,12251,13051,8.739010030830735e-06,0,,230,100
2448,12256,13056,1.7442289642037247e-08,0,,227,100
2449,12260,13060,4.821871010872708e-07,0,,227,100
2450,12264,13064,7.17151405958349e-10,0,,226,100
2451,12268,13068,1.582908000160777e-08,0,,228,100
2452,12273,13073,1.5359639299618616e-08,0,,229,100
2453,12280,13080,9.523161095997084e-11,0,,229,100
2454,12285,13085,2.0224200766171915e-10,0,,230,100
2455,12289,13089,1.8731661069576183e-08,0,,230,100
2456,12296,13096,2.4020489198487933e-08,0,,232,100
2457,12302,13102,0.0001970488104078023,0,,233,100
2458,12307,13107,3.1891467354334744e-07,0,,232,100
2459,12314,13114,1.2304500342847489e-14,0,,234,100
2460,12318,13118,1.064740657267441e-11,0,,234,100
2461,12324,13124,1.898321901613025e-05,0,,238,100
2462,12327,13127,1.9222007976249717e-11,0,,238,100
2463,12335,13135,3.4251716022541875e-10,0,,238,100
2464,12339,13139,1.1973260582334482e-11,0,,238,100
2465,12349,13149,2.0306070319183907e-10,0,,239,100
2466,12355,13155,3.110059487901259e-08,0,,240,100
2467,12360,13160,3.285079018019492e-12,0,,239,100
2468,12364,13164,8.425109114451507e-10,0,,238,100
2469,12370,13170,7.903706849628656e-07,0,,238,100
2470,12375,13175,4.377110313593857e-08,0,,235,100
2471,12380,13180,5.719661311943042e-06,0,,236,100
2472,12385,13185,6.532513256755851e-05,0,,235,100
2473,12393,13193,1.7311227998962475e-06,0,,236,100
2474,12397,13197,9.545794871800937e-08,0,,236,100
2475,12405,13205,1.313485123503684e-07,0,,237,100
2476,12408,13208,5.736420086934912e-10,0,,236,100
2477,12414,13214,3.519172808292918e-08,0,,237,100
2478,12418,13218,1.3142807190651515e-10,0,,236,100
2479,12429,13229,1.0218131690560921e-11,0,,237,100
2480,12435,13235,2.3343950705164107e-10,0,,237,100
2481,12440,13240,2.765697473007055e-08,0,,239,100
2482,12445,13245,6.556264551204008e-08,0,,238,100
2483,12449,13249,0.0029549048152550036,1,,237,100
2484,12459,13259,4.513439232062817e-05,0,,236,100
2485,12461,13261,0.00011724180973849213,0,,238,100
2486,12470,13270,0.0002831305355416867,0,,238,100
2487,12474,13274,1.4447694211766427e-05,0,,241,100
2488,12476,13276,0.0012636220029717457,1,,242,100
2489,12485,13285,0.00029795863049480726,0,,243,100
2490,12491,13291,4.4883469008155603e-07,0,,244,100
2491,12496,13296,2.4390417942044484e-09,0,,243,100
2492,12499,13299,4.846411639422119e-06,0,,243,100
2493,12502,13302,7.51479922037974e-05,0,,243,100
2494,12506,13306,8.858644960861941e-08,0,,243,100
2495,12514,13314,0.0033153933944112157,1,,242,100
2496,12519,13319,3.4249953512252913e-06,0,,240,100
2497,12523,13323,6.97454187888039e-07,0,,242,100
2498,12528,13328,2.2313234811761553e-14,0,,242,100
2499,12533,13333,2.131174179721164e-09,0,,244,100
2500,12538,13338,1.6688038021451223e-13,0,,245,100
2501,12542,13342,6.762211186151429e-11,0,,247,100
2502,12548,13348,9.043668673940365e-08,0,,246,100
2503,12551,13351,1.2807729494107804e-06,0,,247,100
2504,12562,13362,1.2521263226592778e-10,0,,249,100
2505,12565,13365,4.743674267394987e-10,0,,249,100
2506,12573,13373,3.6207473651018656e-13,0,,250,100
2507,12578,13378,2.308391057807883e-10,0,,251,100
2508,12580,13380,8.482566895260769e-13,0,,250,100
2509,12584,13384,1.4367403386802935e-10,0,,250,100
2510,12591,13391,7.920763512022488e-06,0,,250,100
2511,12596,13396,3.8746750627003677e-07,0,,251,100
2512,12604,13404,1.880360717878314e-06,0,,251,100
2513,12609,13409,5.685921629645234e-08,0,,253,100
2514,12614,13414,2.2838082160696746e-06,0,,253,100
2515,12621,13421,6.730578072089093e-10,0,,252,100
2516,12624,13424,1.1104203327617924e-08,0,,252,100
2517,12628,13428,3.0432984184753833e-10,0,,252,100
2518,12633,13433,1.0587223514922906e-11,0,,253,100
2519,12637,13437,1.0917003788667851e-10,0,,253,100
2520,12642,13442,1.8612265031247297e-10,0,,253,100
2521,12646,13446,7.715226204764426e-11,0,,253,100
2522,12651,13451,3.722744564066941e-10,0,,253,100
2523,12654,13454,9.89310202225698e-11,0,,253,100
2524,12658,13458,3.7752752395752144e-07,0,,252,100
2525,12665,13465,2.9339710896916945e-07,0,,254,100
2526,12669,13469,1.452347002862907e-07,0,,254,100
2527,12674,13474,1.3657145595334628e-08,0,,254,100
2528,12678,13478,4.716468575377421e-10,0,,254,100
2529,12683,13483,7.46629059297116e-09,0,,255,100
2530,12689,13489,9.984656229867919e-11,0,,255,100
2531,12691,13491,6.491328130573287e-10,0,,255,100
2532,12694,13494,2.918719134989221e-11,0,,254,100
2533,12699,13499,4.291015850400171e-10,0,,257,100
2534,12703,13503,6.466892080769639e-07,0,,260,100
2535,12705,13505,1.2311573932018115e-09,0,,259,100
2536,12711,13511,6.9637853135808e-11,0,,260,100
2537,12714,13514,2.6506021424197274e-09,0,,260,100
2538,12716,13516,2.438999190426175e-07,0,,260,100
2539,12725,13525,2.427917982070768e-08,0,,261,100
2540,12729,13529,0.00023923934093109304,0,,260,100
2541,12731,13531,5.1457925756364684e-08,0,,260,100
2542,12740,13540,9.82738072912237e-08,0,,259,100
2543,12743,13543,1.0390717191960313e-08,0,,258,100
2544,12747,13547,1.7505853374035146e-09,0,,258,100
2545,12754,13554,2.798233609414383e-07,0,,258,100
2546,12758,13558,1.8298112181770368e-08,0,,257,100
2547,12761,13561,8.019522600850943e-10,0,,257,100
2548,12767,13567,2.3181106982830256e-12,0,,257,100
2549,12772,13572,1.994276512629152e-09,0,,259,100
2550,12775,13575,5.109095174720287e-13,0,,259,100
2551,12781,13581,1.8614187270894506e-10,0,,259,100
2552,12786,13586,7.340547642030695e-08,0,,259,100
2553,12792,13592,6.957088253413482e-09,0,,259,100
2554,12796,13596,2.1276910638186224e-08,0,,258,100
2555,12801,13601,3.1288611345955563e-07,0,,262,100
2556,12809,13609,2.4451145136330493e-09,0,,263,100
2557,12812,13612,8.112416696008394e-09,0,,263,100
2558,12818,13618,1.6480209873044075e-08,0,,262,100
2559,12823,13623,9.641615780639632e-10,0,,262,100
2560,12828,13628,8.611387814261302e-06,0,,259,100
2561,12833,13633,3.84297291595618e-06,0,,256,100
2562,12837,13637,4.758063044554381e-10,0,,258,100
2563,12841,13641,1.290497252214816e-06,0,,259,100
2564,12846,13646,7.71685527902632e-11,0,,258,100
2565,12851,13651,4.696216782346993e-10,0,,258,100
2566,12856,13656,6.544298303452341e-11,0,,258,100
2567,12861,13661,1.0978607080728459e-07,0,,257,100
2568,12871,13671,7.234415059972713e-07,0,,260,100
2569,12881,13681,5.953191090462526e-08,0,,259,100
2570,12889,13689,6.007944561277713e-07,0,,258,100
2571,12895,13695,1.833650544920969e-05,0,,255,100
2572,12905,13705,1.08914479603365e-06,0,,260,100
2573,12911,13711,7.044448214178834e-11,0,,261,100
2574,12914,13714,2.897410880609734e-09,0,,262,100
2575,12920,13720,5.786903910967991e-09,0,,263,100
2576,12923,13723,1.561001463598064e-08,0,,262,100
2577,12927,13727,3.162713997267364e-07,0,,262,100
2578,12938,13738,1.0984766775625297e-05,0,,262,100
2579,12942,13742,2.6561701252331255e-07,0,,263,100
2580,12946,13746,0.00017158475542020137,0,,264,100
2581,12951,13751,4.5894768464064684e-07,0,,262,100
2582,12955,13755,1.2644083555262601e-06,0,,263,100
2583,12957,13757,2.501958520132897e-08,0,,263,100
2584,12962,13762,6.523885132016576e-08,0,,261,100
2585,12967,13767,0.0007324830062942826,0,,263,100
2586,12973,13773,8.542147541169229e-06,0,,263,100
2587,12978,13778,7.943138474085176e-10,0,,263,100
2588,12982,13782,9.38305884381078e-09,0,,263,100
2589,12990,13790,6.179261084926441e-08,0,,263,100
2590,12994,13794,4.533382180223765e-06,0,,264,100
2591,13001,13801,4.866447794541927e-08,0,,265,100
2592,13006,13806,3.429899324302057e-07,0,,264,100
2593,13012,13812,0.004265936018129387,1,,262,100
2594,13017,13817,1.4222543538103828e-05,0,,260,100
2595,13021,13821,0.00137533642458662,1,,261,100
2596,13026,13826,1.142950480707926e-06,0,,260,100
2597,13031,13831,1.8541584184534302e-06,0,,262,100
2598,13035,13835,3.9387883579791794e-07,0,,265,100
2599,13040,13840,3.005860906505536e-06,0,,267,100
2600,13044,13844,7.479954046056765e-06,0,,268,100
2601,13053,13853,2.8398260709774875e-08,0,,269,100
2602,13056,13856,2.785374759449222e-07,0,,269,100
2603,13060,13860,3.0099906658938124e-05,0,,270,100
2604,13066,13866,4.70058521876353e-07,0,,269,100
2605,13070,13870,1.373322003989732e-07,0,,269,100
2606,13076,13876,6.270879029032376e-08,0,,269,100
2607,13079,13879,1.0138546977443538e-05,0,,269,100
2608,13083,13883,7.94104273663633e-05,0,,268,100
2609,13088,13888,1.037402016214336e-06,0,,270,100
2610,13091,13891,0.0004285641913109636,0,,269,100
2611,13096,13896,1.2531923750006756e-06,0,,268,100
2612,13099,13899,0.00010761359219706215,0,,267,100
2613,13103,13903,1.6567336957983227e-07,0,,269,100
2614,13108,13908,0.0003348093231848875,0,,270,100
2615,13111,13911,0.000465995094100664,0,,270,100
2616,13118,13918,0.012685331570888367,1,,267,100
2617,13123,13923,0.00033717983987953984,0,,266,100
2618,13127,13927,0.000614220943841544,0,,267,100
2619,13132,13932,0.0015546178377746018,1,,268,100
2620,13137,13937,5.999238384435819e-05,0,,267,100
2621,13141,13941,5.625928578995526e-06,0,,267,100
2622,13147,13947,2.9231699852575595e-06,0,,267,100
2623,13151,13951,5.457410877159435e-06,0,,267,100
2624,13155,13955,0.0036093441916791196,1,,269,100
2625,13166,13966,7.329216891648436e-07,0,,268,100
2626,13170,13970,6.349201249944432e-10,0,,268,100
2627,13175,13975,1.3672377142868236e-05,0,,270,100
2628,13182,13982,1.8517524519093945e-06,0,,268,100
2629,13186,13986,1.3291886784723268e-05,0,,269,100
2630,13189,13989,0.0004464345883891209,0,,268,100
2631,13197,13997,3.582249904437661e-05,0,,268,100
2632,13199,13999,1.4322843847577535e-06,0,,267,100
2633,13205,14005,1.0075668204914432e-06,0,,267,100
2634,13209,14009,9.879840020288303e-06,0,,267,100
2635,13216,14016,1.2687959516188493e-06,0,,271,100
2636,13220,14020,6.467852279561422e-07,0,,273,100
2637,13225,14025,2.2120688825409513e-08,0,,274,100
2638,13228,14028,1.1612626974484617e-06,0,,273,100
2639,13232,14032,1.0008709395278437e-07,0,,272,100
2640,13238,14038,4.2144814823046026e-07,0,,272,100
2641,13244,14044,4.115839159104183e-06,0,,273,100
2642,13248,14048,3.910732886213742e-06,0,,273,100
2643,13253,14053,4.3860689348855393e-07,0,,272,100
2644,13256,14056,1.989698625575074e-06,0,,273,100
2645,13260,14060,1.2640616833469886e-05,0,,271,100
2646,13265,14065,0.0002510359502539266,0,,271,100
2647,13273,14073,0.004675689274996544,1,,268,100
2648,13278,14078,0.00032880562765566496,0,,265,100
2649,13282,14082,1.0575075991104119e-07,0,,266,100
2650,13287,14087,2.3579838187922884e-05,0,,266,100
2651,13293,14093,3.4120622680282755e-05,0,,268,100
2652,13297,14097,7.776415199067253e-08,0,,271,100
2653,13302,14102,1.2729263369787402e-06,0,,271,100
2654,13308,14108,1.3229802143251026e-06,0,,269,100
2655,13312,14112,1.5627538415118748e-05,0,,269,100
2656,13317,14117,1.540805100266855e-07,0,,268,100
2657,13323,14123,2.1353930108328155e-07,0,,268,100
2658,13333,14133,7.684637555561264e-07,0,,265,100
2659,13337,14137,1.9657670722857363e-06,0,,264,100
2660,13346,14146,2.772668748666031e-07,0,,263,100
2661,13352,14152,0.0011876466623060087,1,,264,100
2662,13363,14163,1.0230353836061859e-05,0,,262,100
2663,13367,14167,2.40089297333607e-05,0,,263,100
2664,13377,14177,7.829473209861112e-08,0,,262,100
2665,13383,14183,8.608772247291009e-10,0,,262,100
2666,13392,14192,2.990044102257705e-07,0,,259,100
2667,13397,14197,1.2086582043397047e-08,0,,256,100
2668,13401,14201,6.261040044993027e-08,0,,256,100
2669,13408,14208,0.0001651966420153169,0,,254,100
2670,13413,14213,5.908573346684428e-08,0,,254,100
2671,13418,14218,3.9645352492502885e-12,0,,253,100
2672,13422,14222,1.4437702449025514e-06,0,,252,100
2673,13426,14226,1.5077174959173167e-10,0,,252,100
2674,13433,14233,8.573614001040031e-09,0,,252,100
2675,13437,14237,1.9323961723470986e-08,0,,252,100
2676,13442,14242,2.607381468896556e-13,0,,253,100
2677,13445,14245,1.1294632127360074e-09,0,,253,100
2678,13449,14249,1.4777687607086355e-13,0,,252,100
2679,13453,14253,1.5708715547025811e-10,0,,252,100
2680,13457,14257,2.5002315982794023e-14,0,,254,100
2681,13463,14263,1.827470882322643e-14,0,,255,100
2682,13467,14267,1.1086909504067632e-08,0,,255,100
2683,13471,14271,1.0203691939446913e-15,0,,255,100
2684,13476,14276,2.2549935366532228e-11,0,,256,100
2685,13479,14279,9.015898954153642e-14,0,,256,100
2686,13483,14283,3.062262656293283e-11,0,,256,100
2687,13489,14289,7.332273288228364e-13,0,,256,100
2688,13498,14298,1.4971067585825275e-11,0,,252,100
2689,13503,14303,1.825068173499331e-13,0,,249,100
2690,13507,14307,1.3791845497819485e-08,0,,249,100
2691,13512,14312,5.75544636215873e-12,0,,249,100
2692,13517,14317,1.948064593811855e-12,0,,250,100
2693,13524,14324,5.844682797309345e-10,0,,248,100
2694,13527,14327,2.661559195828662e-15,0,,248,100
2695,13531,14331,1.2303054601111244e-11,0,,248,100
2696,13535,14335,5.27115903724029e-13,0,,249,100
2697,13542,14342,9.051980151574636e-10,0,,250,100
2698,13545,14345,3.440980937853563e-15,0,,250,100
2699,13550,14350,3.890668246409697e-11,0,,250,100
2700,13553,14353,6.3806800958846695e-18,0,,250,100
2701,13559,14359,1.4907775567273075e-13,0,,250,100
2702,13562,14362,1.0261419308736493e-11,0,,251,100
2703,13569,14369,1.672727000543516e-10,0,,248,100
2704,13573,14373,1.4814360911850334e-14,0,,248,100
2705,13576,14376,4.119921691367803e-10,0,,248,100
2706,13581,14381,1.6765690875905233e-15,0,,248,100
2707,13584,14384,1.9600482531303476e-14,0,,248,100
2708,13589,14389,7.668579896666008e-11,0,,251,100
2709,13598,14398,2.2152390504837578e-11,0,,251,100
2710,13603,14403,4.96714622474068e-14,0,,248,100
2711,13607,14407,1.2232614033479884e-13,0,,248,100
2712,13611,14411,4.537645177382183e-16,0,,248,100
2713,13621,14421,9.72204360188365e-16,0,,248,100
2714,13626,14426,6.407817464730788e-14,0,,248,100
2715,13630,14430,2.411255494035084e-11,0,,248,100
2716,13637,14437,1.5492289558248298e-13,0,,246,100
2717,13640,14440,1.2145920386825493e-16,0,,246,100
2718,13644,14444,2.7503611562460553e-13,0,,246,100
2719,13648,14448,6.196974129204614e-16,0,,246,100
2720,13655,14455,1.720452456950957e-14,0,,247,100
2721,13658,14458,1.375009129792296e-17,0,,247,100
2722,13662,14462,8.248997163501959e-15,0,,248,100
2723,13667,14467,2.515868182870751e-16,0,,246,100
2724,13670,14470,4.012816464114637e-17,0,,246,100
2725,13677,14477,1.484953533868404e-15,0,,247,100
2726,13681,14481,3.360236332908087e-13,0,,248,100
2727,13686,14486,1.764664086808172e-14,0,,246,100
2728,13690,14490,5.848655102679386e-18,0,,247,100
2729,13698,14498,1.4248548885946352e-09,0,,244,100
2730,13703,14503,9.966438380942175e-12,0,,242,100
2731,13707,14507,1.2185121530810242e-16,0,,243,100
2732,13715,14515,1.1325434119721584e-16,0,,243,100
2733,13719,14519,4.972344688622478e-16,0,,243,100
2734,13724,14524,3.3566713475683307e-21,0,,244,100
2735,13729,14529,4.133029119804212e-16,0,,245,100
2736,13740,14540,7.896231093281829e-15,0,,242,100
2737,13743,14543,6.309881604236375e-12,0,,243,100
2738,13754,14554,1.2090580123465225e-15,0,,244,100
2739,13757,14557,4.043706869195923e-18,0,,242,100
2740,13763,14563,9.350292704014237e-14,0,,242,100
2741,13773,14573,8.086176488357889e-15,0,,241,100
2742,13776,14576,3.690482379479764e-12,0,,241,100
2743,13782,14582,4.259269056427671e-14,0,,240,100
2744,13786,14586,3.679638241982185e-15,0,,240,100
2745,13792,14592,5.943016889799062e-12,0,,240,100
2746,13796,14596,1.7343207024601166e-12,0,,240,100
2747,13800,14600,2.1935706695581576e-12,0,,242,100
2748,13807,14607,1.1835063529249336e-15,0,,242,100
2749,13810,14610,1.3587706304995847e-15,0,,242,100
2750,13820,14620,4.302194348660297e-16,0,,241,100
2751,13824,14624,1.0585679533483246e-13,0,,240,100
2752,13833,14633,1.3018709446654956e-08,0,,240,100
2753,13838,14638,2.3135361866609483e-11,0,,237,100
2754,13842,14642,8.930512342042773e-16,0,,237,100
2755,13849,14649,7.666480472833204e-13,0,,236,100
2756,13854,14654,5.771763891238744e-16,0,,237,100
2757,13859,14659,2.167905789462929e-13,0,,235,100
2758,13863,14663,1.1933113864319796e-15,0,,235,100
2759,13870,14670,1.1657827000639564e-15,0,,234,100
2760,13875,14675,5.313833475308417e-18,0,,234,100
2761,13879,14679,2.10540749152873e-16,0,,234,100
2762,13887,14687,9.05521137352004e-15,0,,233,100
2763,13892,14692,1.6482115844628984e-18,0,,233,100
2764,13895,14695,9.035322946543974e-17,0,,233,100
2765,13902,14702,1.77619933459703e-13,0,,233,100
2766,13905,14705,8.027168747231092e-14,0,,232,100
2767,13911,14711,6.638071691981331e-16,0,,233,100
2768,13914,14714,5.21087913358167e-14,0,,232,100
2769,13922,14722,2.014130407772086e-14,0,,230,100
2770,13930,14730,1.718966057666482e-20,0,,228,100
2771,13935,14735,1.4077573623759484e-14,0,,229,100
2772,13938,14738,3.249754619887577e-18,0,,229,100
2773,13946,14746,2.8599078875911065e-16,0,,228,100
2774,13950,14750,5.797926737613214e-15,0,,228,100
2775,13952,14752,8.879464692137883e-19,0,,228,100
2776,13957,14757,1.8706863785346155e-17,0,,229,100
2777,13963,14763,6.864549845413026e-16,0,,232,100
2778,13965,14765,2.28024553216994e-16,0,,231,100
2779,13969,14769,7.227578443097949e-17,0,,232,100
2780,13972,14772,1.4543627136928554e-15,0,,231,100
2781,13975,14775,1.3997479033328432e-15,0,,231,100
2782,13985,14785,1.8401073319541067e-16,0,,230,100
2783,13989,14789,2.6727484276297082e-15,0,,230,100
2784,13991,14791,1.4058819670722368e-18,0,,229,100
2785,13997,14797,7.314011376276137e-16,0,,230,100
2786,14001,14801,4.227972052785997e-15,0,,230,100
2787,14004,14804,5.21771695641733e-15,0,,230,100
2788,14007,14807,2.6244598845048255e-14,0,,230,100
2789,14014,14814,1.3187903386380102e-07,0,,227,100
2790,14019,14819,1.5090968905599617e-08,0,,225,100
2791,14022,14822,6.833324884217981e-08,0,,225,100
2792,14027,14827,3.2989186562109004e-11,0,,225,100
2793,14033,14833,5.714219963176245e-16,0,,223,100
2794,14036,14836,2.291295973651786e-09,0,,224,100
2795,14044,14844,6.279048098624308e-11,0,,225,100
2796,14055,14855,7.169032040584791e-10,0,,226,100
2797,14061,14861,1.6399583523094396e-11,0,,226,100
2798,14068,14868,2.49142180347327e-11,0,,225,100
2799,14076,14876,4.321083656396693e-12,0,,227,100
2800,14080,14880,3.525987012165381e-10,0,,226,100
2801,14092,14892,3.2161763869680396e-06,0,,224,100
2802,14097,14897,1.2748943683722864e-09,0,,221,100
2803,14101,14901,1.0006391152347775e-11,0,,221,100
2804,14106,14906,6.589896730941808e-09,0,,222,100
2805,14111,14911,2.273776623404365e-12,0,,222,100
2806,14115,14915,3.903780499556244e-11,0,,221,100
2807,14120,14920,2.497180307022023e-13,0,,222,100
2808,14127,14927,1.0775911174706088e-12,0,,220,100
2809,14131,14931,6.322398806523333e-11,0,,220,100
2810,14135,14935,1.035940394248105e-12,0,,220,100
2811,14140,14940,8.251247138064579e-12,0,,219,100
2812,14142,14942,4.717375168042982e-11,0,,220,100
2813,14147,14947,3.343514190312216e-12,0,,219,100
2814,14151,14951,2.0462745477492107e-14,0,,219,100
2815,14158,14958,1.6765728419377127e-13,0,,223,100
2816,14162,14962,5.924272377510544e-11,0,,223,100
2817,14167,14967,2.923903858145769e-12,0,,224,100
2818,14173,14973,4.321391986052428e-12,0,,222,100
2819,14177,14977,6.266330581296207e-12,0,,222,100
2820,14182,14982,8.380289637548103e-15,0,,222,100
2821,14187,14987,3.1217854373159917e-15,0,,221,100
2822,14192,14992,1.0966259687573948e-09,0,,221,100
2823,14197,14997,3.572507789306175e-14,0,,220,100
2824,14207,15007,1.260450836607124e-13,0,,222,100
2825,14210,15010,6.589028757306716e-12,0,,222,100
2826,14218,15018,4.499028736851173e-12,0,,225,100
2827,14223,15023,2.94750456443907e-12,0,,228,100
2828,14231,15031,4.024398028036988e-09,0,,230,100
2829,14234,15034,4.314084406954031e-09,0,,230,100
2830,14240,15040,1.6997119779943126e-07,0,,229,100
2831,14245,15045,4.4837267040676176e-11,0,,229,100
2832,14250,15050,2.5152957360562153e-07,0,,230,100
2833,14257,15057,3.208273381306009e-08,0,,228,100
2834,14262,15062,5.031348237909328e-10,0,,224,100
2835,14266,15066,1.9764899319784067e-08,0,,224,100
2836,14269,15069,1.9588359413772675e-10,0,,226,100
2837,14275,15075,6.7169294680396066e-12,0,,223,100
2838,14278,15078,4.6824436197450444e-08,0,,223,100
2839,14282,15082,2.371092412343933e-13,0,,222,100
2840,14287,15087,6.66018590224278e-08,0,,222,100
2841,14293,15093,4.027151441742226e-11,0,,224,100
2842,14297,15097,6.176269956361036e-08,0,,224,100
2843,14302,15102,3.122637061255275e-12,0,,224,100
2844,14304,15104,8.27109873592891e-08,0,,224,100
2845,14309,15109,1.293836111418005e-07,0,,223,100
2846,14313,15113,3.7261833617994824e-11,0,,223,100
2847,14316,15116,1.7963397446473555e-07,0,,221,100
2848,14323,15123,4.673181484896958e-11,0,,226,100
2849,14327,15127,1.9440511715940675e-10,0,,225,100
2850,14332,15132,1.713924132685319e-05,0,,225,100
2851,14338,15138,1.3317329224009396e-09,0,,223,100
2852,14343,15143,1.461616900870965e-07,0,,225,100
2853,14349,15149,3.4275772307340874e-09,0,,224,100
2854,14353,15153,2.4740333584962464e-07,0,,224,100
2855,14356,15156,6.5723224711806925e-12,0,,223,100
2856,14361,15161,7.830655495565927e-09,0,,225,100
2857,14366,15166,1.0706217181701549e-09,0,,225,100
2858,14370,15170,1.276245752869216e-07,0,,225,100
2859,14375,15175,7.68859936597023e-10,0,,224,100
2860,14378,15178,4.258227234932378e-06,0,,224,100
2861,14382,15182,5.6346441053372254e-06,0,,225,100
2862,14389,15189,1.4778402444412298e-06,0,,222,100
2863,14393,15193,5.560053825062899e-07,0,,220,100
2864,14398,15198,9.66668371420951e-11,0,,223,100
2865,14401,15201,3.4394882376537507e-09,0,,225,100
2866,14405,15205,1.5873485794316874e-10,0,,225,100
2867,14410,15210,7.406860786529414e-13,0,,226,100
2868,14413,15213,4.3711662033554434e-10,0,,225,100
2869,14417,15217,3.495031147881149e-08,0,,226,100
2870,14429,15229,3.102616688508773e-12,0,,226,100
2871,14432,15232,1.6611603811415055e-10,0,,226,100
2872,14438,15238,2.435181721308209e-08,0,,226,100
2873,14441,15241,2.955890721458288e-11,0,,226,100
2874,14445,15245,7.462609042631957e-11,0,,226,100
2875,14449,15249,1.825309479373803e-10,0,,228,100
2876,14454,15254,3.0687922675429742e-09,0,,231,100
2877,14458,15258,1.0675160694999371e-07,0,,230,100
2878,14466,15266,1.0205463420799052e-10,0,,231,100
2879,14471,15271,8.64777176503241e-10,0,,231,100
2880,14474,15274,1.919292690566834e-09,0,,231,100
2881,14478,15278,1.558076719573227e-07,0,,233,100
2882,14487,15287,1.6850595084218815e-11,0,,232,100
2883,14490,15290,1.7011472121892726e-10,0,,233,100
2884,14494,15294,4.807075638762666e-12,0,,233,100
2885,14499,15299,1.0113068848423256e-10,0,,232,100
2886,14502,15302,3.410953270339144e-08,0,,233,100
2887,14507,15307,3.373994201384557e-07,0,,229,100
2888,14511,15311,8.495242969385494e-08,0,,227,100
2889,14516,15316,3.0514495266707937e-09,0,,227,100
2890,14520,15320,3.047740644014552e-10,0,,226,100
2891,14527,15327,1.1386248191298513e-08,0,,227,100
2892,14535,15335,2.505160604663394e-11,0,,228,100
2893,14538,15338,6.067657301942319e-08,0,,228,100
2894,14544,15344,2.245193248889285e-09,0,,228,100
2895,14548,15348,6.601019287146447e-06,0,,230,100
2896,14556,15356,7.315922129156706e-10,0,,231,100
2897,14562,15362,4.711324418219763e-10,0,,232,100
2898,14566,15366,6.119283720883333e-07,0,,232,100
2899,14573,15373,6.42000818014772e-09,0,,232,100
2900,14579,15379,8.380940571947172e-09,0,,233,100
2901,14584,15384,2.1759934015990268e-08,0,,234,100
2902,14590,15390,2.2035240481908366e-08,0,,233,100
2903,14593,15393,2.0594127383997421e-07,0,,233,100
2904,14597,15397,1.5404793281878606e-07,0,,232,100
2905,14601,15401,6.534462950364075e-07,0,,231,100
2906,14606,15406,5.65830204195097e-07,0,,232,100
2907,14611,15411,2.132328669585619e-06,0,,232,100
2908,14616,15416,3.8866146163080754e-08,0,,232,100
2909,14626,15426,0.0004497835144377598,0,,231,100
2910,14630,15430,1.4404733074328835e-06,0,,230,100
2911,14634,15434,8.157594981181442e-05,0,,233,100
2912,14639,15439,0.0008734423341501678,0,,235,100
2913,14645,15445,4.164404292437126e-07,0,,235,100
2914,14648,15448,0.0023169314902958525,1,,236,100
2915,14656,15456,3.199747784720077e-08,0,,236,100
2916,14660,15460,0.00011157134653208928,0,,235,100
2917,14667,15467,5.970740019383304e-08,0,,235,100
2918,14674,15474,1.0599989996477502e-08,0,,234,100
2919,14678,15478,2.789745053064471e-09,0,,235,100
2920,14684,15484,4.587200772075475e-08,0,,235,100
2921,14686,15486,2.3251384186835157e-07,0,,235,100
2922,14690,15490,2.943875793958844e-09,0,,237,100
2923,14693,15493,3.733467143290582e-09,0,,239,100
2924,14697,15497,9.683988152695104e-07,0,,238,100
2925,14701,15501,0.00012361899020035258,0,,242,100
2926,14711,15511,1.6363624491356606e-08,0,,241,100
2927,14715,15515,5.957971668497852e-07,0,,241,100
2928,14721,15521,6.777445824737326e-09,0,,241,100
2929,14725,15525,2.290041407261722e-08,0,,241,100
2930,14732,15532,1.6366575885889598e-08,0,,241,100
2931,14736,15536,1.4195230828764549e-08,0,,242,100
2932,14743,15543,1.64270798726643e-09,0,,243,100
2933,14747,15547,2.8621720465029924e-10,0,,243,100
2934,14752,15552,2.0844579410979995e-06,0,,243,100
2935,14758,15558,0.0005686181450494602,0,,240,100
2936,14762,15562,3.130437330824094e-09,0,,238,100
2937,14766,15566,3.096648338436694e-07,0,,236,100
2938,14770,15570,8.70989954360049e-05,0,,238,100
2939,14775,15575,1.9149665535165695e-08,0,,238,100
2940,14778,15578,3.2740628785778955e-07,0,,239,100
2941,14783,15583,1.2665129144825744e-09,0,,239,100
2942,14789,15589,1.5655737132546866e-07,0,,239,100
2943,14792,15592,4.678605746938215e-11,0,,239,100
2944,14796,15596,6.371240697929131e-06,0,,237,100
2945,14805,15605,1.0071087737070377e-08,0,,242,100
2946,14810,15610,3.5476186630897694e-09,0,,241,100
2947,14815,15615,8.765160055509596e-10,0,,242,100
2948,14821,15621,1.1148170717827701e-05,0,,243,100
2949,14829,15629,3.772953488727439e-08,0,,243,100
2950,14836,15636,0.0004035161401424398,0,,243,100
2951,14840,15640,0.00019439226033991178,0,,244,100
2952,14843,15643,1.4668775180573014e-05,0,,243,100
2953,14849,15649,1.4139179343635222e-06,0,,242,100
2954,14854,15654,9.327529385246565e-07,0,,242,100
2955,14858,15658,0.0012532349638643854,1,,243,100
2956,14869,15669,0.004786186349880753,1,,242,100
2957,14873,15673,1.2634810175134884e-06,0,,240,100
2958,14877,15677,8.02929348100143e-06,0,,242,100
2959,14881,15681,2.786263595723449e-10,0,,245,100
2960,14885,15685,8.697617735689264e-08,0,,245,100
2961,14890,15690,6.421561800115481e-09,0,,246,100
2962,14895,15695,1.7501750676506406e-05,0,,247,100
2963,14900,15700,0.004487186409364531,1,,248,100
2964,14906,15706,1.25223740702121e-05,0,,246,100
2965,14911,15711,7.938251048789625e-05,0,,247,100
2966,14916,15716,0.02553803115806698,1,,248,100
2967,14924,15724,0.00029689382110084216,0,,247,100
2968,14928,15728,0.03203846846965336,1,,248,100
2969,14935,15735,0.00015740776786568288,0,,249,100
2970,14942,15742,0.00012491993677639344,0,,249,100
2971,14946,15746,6.749523171551191e-07,0,,252,100
2972,14949,15749,0.0001261504243335118,0,,254,100
2973,14956,15756,0.061820615759521226,1,,251,100
2974,14960,15760,2.0510829125417888e-05,0,,250,100
2975,14964,15764,0.0002419921082084069,0,,251,100
2976,14969,15769,0.018893210988006996,1,,251,100
2977,14975,15775,1.3923401729891291e-05,0,,250,100
2978,14978,15778,0.04974973865993373,1,,251,100
2979,14986,15786,1.564468045365656e-06,0,,251,100
2980,14990,15790,7.445774803380996e-07,0,,251,100
2981,14995,15795,3.4638427802913326e-08,0,,251,100
2982,15002,15802,1.101532066894924e-07,0,,249,100
2983,15006,15806,1.720151731662831e-09,0,,249,100
2984,15012,15812,1.0540410643362236e-08,0,,249,100
2985,15018,15818,0.0015665563021346532,1,,246,100
2986,15022,15822,1.5162444619852802e-06,0,,245,100
2987,15026,15826,0.0009157163200487515,0,,244,100
2988,15031,15831,0.0021199198873155575,1,,245,100
2989,15037,15837,2.466806390696831e-05,0,,244,100
2990,15043,15843,5.812739619457687e-07,0,,245,100
2991,15046,15846,3.492650201726277e-08,0,,244,100
2992,15052,15852,8.959633422264606e-07,0,,244,100
2993,15057,15857,2.5227367017693174e-08,0,,246,100
2994,15063,15863,8.150241183945512e-05,0,,247,100
2995,15071,15871,2.6823918468062975e-09,0,,247,100
2996,15075,15875,2.7241088637047015e-05,0,,247,100
2997,15081,15881,2.916520945565943e-09,0,,249,100
2998,15088,15888,5.29821532284869e-08,0,,250,100
2999,15092,15892,6.700735249005587e-06,0,,249,100
3000,15098,15898,9.542847414263925e-08,0,,248,100
3001,15103,15903,0.0003575205365507713,0,,249,100
3002,15107,15907,0.028460445044905785,1,,248,100
3003,15118,15918,0.04682659699806884,1,,246,100
3004,15122,15922,1.321577041631241e-09,0,,244,100
3005,15126,15926,3.8906076429817346e-05,0,,243,100
3006,15130,15930,7.25763712460334e-11,0,,244,100
3007,15134,15934,4.0484983923150567e-07,0,,244,100
3008,15139,15939,6.137371638959719e-10,0,,244,100
3009,15142,15942,1.6363399424400442e-11,0,,246,100
3010,15147,15947,1.1081298002860934e-11,0,,249,100
3011,15152,15952,1.3168816174880805e-07,0,,251,100
3012,15157,15957,0.026823603304553183,1,,248,100
3013,15165,15965,0.0008961097337190538,0,,248,100
3014,15169,15969,0.03526467409231689,1,,249,100
3015,15176,15976,0.0006257030344170221,0,,248,100
3016,15183,15983,0.00019986915388854072,0,,247,100
3017,15187,15987,6.872663488987065e-08,0,,247,100
3018,15190,15990,3.042125432309843e-06,0,,248,100
3019,15197,15997,0.03039607920347932,1,,245,100
3020,15201,16001,4.4334091209261895e-07,0,,243,100
3021,15205,16005,0.00016838267195470375,0,,243,100
3022,15210,16010,2.8554336874015365e-06,0,,245,100
3023,15216,16016,0.02494962953397395,1,,247,100
3024,15223,16023,1.0902693360131996e-06,0,,250,100
3025,15230,16030,1.0812561124949334e-05,0,,249,100
3026,15234,16034,9.142536324250499e-10,0,,249,100
3027,15240,16040,0.03787556289724033,1,,249,100
3028,15248,16048,1.0651756850897364e-05,0,,246,100
3029,15253,16053,1.934137075192113e-08,0,,244,100
3030,15257,16057,4.1298144254968566e-07,0,,244,100
3031,15262,16062,2.501215454971629e-05,0,,245,100
3032,15268,16068,0.0008922429797638021,0,,243,100
3033,15274,16074,4.181607726497733e-05,0,,242,100
3034,15277,16077,5.680463937629555e-05,0,,241,100
3035,15283,16083,2.4216558879467373e-05,0,,244,100
3036,15290,16090,2.2906773182924745e-07,0,,243,100
3037,15296,16096,0.0011381694643059638,1,,244,100
3038,15304,16104,2.4468313085398774e-07,0,,244,100
3039,15308,16108,0.00010825798551982932,0,,245,100
3040,15316,16116,1.5907113931952344e-07,0,,248,100
3041,15323,16123,7.614239602812393e-06,0,,248,100
3042,15327,16127,7.969020217656192e-09,0,,248,100
3043,15333,16133,3.5538798105033104e-08,0,,247,100
3044,15338,16138,0.0001307755690321238,0,,247,100
3045,15342,16142,0.00013872042601768042,0,,247,100
3046,15353,16153,0.000272191262250312,0,,246,100
3047,15358,16158,4.6112380620076023e-07,0,,244,100
3048,15362,16162,5.719447836797013e-07,0,,244,100
3049,15366,16166,5.809995548206703e-09,0,,243,100
3050,15370,16170,2.761012063170725e-09,0,,243,100
3051,15375,16175,1.738692213187567e-08,0,,243,100
3052,15378,16178,2.562880893387798e-06,0,,243,100
3053,15383,16183,2.712479981441253e-07,0,,243,100
3054,15388,16188,9.464625922505761e-05,0,,244,100
3055,15393,16193,0.00023888783057304783,0,,246,100
3056,15401,16201,2.619360734274834e-07,0,,249,100
3057,15405,16205,2.106242580476035e-05,0,,249,100
3058,15410,16210,1.1059707315826118e-06,0,,249,100
3059,15417,16217,1.0046794491437262e-06,0,,248,100
3060,15421,16221,0.00014346138991143298,0,,248,100
3061,15424,16224,0.003674262090684572,1,,249,100
3062,15431,16231,1.1250410670484915e-05,0,,245,100
3063,15436,16236,8.185366396441416e-07,0,,243,100
3064,15440,16240,3.6471121127888695e-05,0,,244,100
3065,15447,16247,1.5851356817541613e-05,0,,244,100
3066,15453,16253,1.6255559611540022e-05,0,,245,100
3067,15461,16261,1.1572788664273886e-09,0,,249,100
3068,15467,16267,3.4804162496371317e-08,0,,252,100
3069,15471,16271,2.1940886334889568e-08,0,,252,100
3070,15477,16277,2.3122303314432914e-06,0,,251,100
3071,15489,16289,0.0008931909841106281,0,,248,100
3072,15494,16294,1.1932881943348906e-06,0,,244,100
3073,15498,16298,0.0009843543970999692,0,,244,100
3074,15505,16305,0.00023341472000742465,0,,244,100
3075,15511,16311,4.626410540826712e-05,0,,243,100
3076,15517,16317,6.622108198423882e-07,0,,245,100
3077,15520,16320,1.945155456301714e-08,0,,244,100
3078,15526,16326,7.40186185160623e-07,0,,245,100
3079,15537,16337,5.647131873482026e-08,0,,243,100
3080,15543,16343,0.0001296699582601034,0,,244,100
3081,15551,16351,1.0338668549871296e-08,0,,245,100
3082,15555,16355,2.8725989929357368e-06,0,,246,100
3083,15561,16361,5.455958235616178e-08,0,,245,100
3084,15568,16368,0.0008753235172782421,0,,245,100
3085,15572,16372,3.831406992661569e-05,0,,247,100
3086,15578,16378,2.5988207498401314e-08,0,,246,100
3087,15583,16383,5.099026009894499e-06,0,,247,100
3088,15587,16387,0.0011296989643627632,1,,247,100
3089,15598,16398,0.0016161219418378203,1,,248,100
3090,15603,16403,1.9783051346672264e-06,0,,245,100
3091,15607,16407,1.0948732472629975e-09,0,,244,100
3092,15611,16411,2.630620690654607e-08,0,,244,100
3093,15615,16415,3.722600039785001e-12,0,,243,100
3094,15620,16420,2.712949086181939e-07,0,,244,100
3095,15623,16423,2.4419410173920305e-06,0,,244,100
3096,15630,16430,1.8636947038245755e-09,0,,242,100
3097,15635,16435,2.1355353039774286e-05,0,,241,100
3098,15640,16440,0.026221144914695113,1,,244,100
3099,15648,16448,0.0002083489496917451,0,,246,100
3100,15652,16452,2.3147723497274347e-09,0,,246,100
3101,15656,16456,0.000305845444670471,0,,246,100
3102,15663,16463,7.644997386361075e-05,0,,245,100
3103,15667,16467,9.13793619679278e-07,0,,246,100
3104,15670,16470,1.4458109951599601e-05,0,,248,100
3105,15677,16477,0.02611600957393669,1,,245,100
3106,15682,16482,0.009804126584801877,1,,242,100
3107,15686,16486,3.821843525085538e-07,0,,243,100
3108,15697,16497,0.004943393307883373,1,,242,100
3109,15703,16503,1.21814390425256e-07,0,,243,100
3110,15709,16509,1.8702990975499193e-10,0,,247,100
3111,15713,16513,2.1583363543392723e-05,0,,247,100
3112,15718,16518,4.612929200030171e-11,0,,247,100
3113,15725,16525,3.138544749329249e-12,0,,249,100
3114,15729,16529,1.3284888518731713e-06,0,,248,100
3115,15735,16535,2.373398543430232e-06,0,,249,100
3116,15742,16542,8.707943947990698e-07,0,,246,100
3117,15747,16547,0.00019552477252466772,0,,241,100
3118,15751,16551,5.324286076449292e-08,0,,241,100
3119,15762,16562,2.908254088010093e-05,0,,240,100
3120,15768,16568,3.549582922947572e-08,0,,240,100
3121,15774,16574,2.826946257474312e-10,0,,241,100
3122,15777,16577,6.115670141684576e-09,0,,242,100
3123,15783,16583,3.021042351481196e-08,0,,244,100
3124,15789,16589,8.06317469434367e-11,0,,248,100
3125,15795,16595,1.2461937758928797e-06,0,,250,100
3126,15803,16603,6.74917737199586e-11,0,,250,100
3127,15807,16607,2.343112244967791e-07,0,,252,100
3128,15814,16614,7.382897491958237e-05,0,,250,100
3129,15821,16621,0.00037767709610535407,0,,250,100
3130,15825,16625,3.4594098164226854e-10,0,,250,100
3131,15831,16631,1.2042999540322501e-07,0,,251,100
3132,15836,16636,1.3339698400767564e-06,0,,252,100
3133,15840,16640,0.002463037302897564,1,,252,100
3134,15851,16651,0.00118991458499927,1,,250,100
3135,15856,16656,3.100885971008742e-06,0,,247,100
3136,15860,16660,1.1377963222137597e-08,0,,247,100
3137,15864,16664,1.4092399876578912e-08,0,,247,100
3138,15868,16668,3.368237367598738e-11,0,,247,100
3139,15873,16673,5.894147815672744e-06,0,,248,100
3140,15876,16676,0.0028933171056909983,1,,246,100
3141,15887,16687,0.00660702812284132,1,,245,100
3142,15892,16692,4.5745727001028003e-07,0,,246,100
3143,15898,16698,2.35485258664257e-05,0,,246,100
3144,15906,16706,0.006306484860022854,1,,251,100
3145,15913,16713,0.0004419685195145348,0,,251,100
3146,15917,16717,5.713469485638522e-06,0,,251,100
3147,15922,16722,0.0004264326215518287,0,,251,100
3148,15929,16729,1.582217157630884e-05,0,,253,100
3149,15933,16733,0.00011683332703872043,0,,253,100
3150,15936,16736,0.0021427616640199293,1,,255,100
3151,15943,16743,0.0013582043191692672,1,,252,100
3152,15948,16748,0.00030954770485036744,0,,248,100
3153,15952,16752,0.0006572698290754395,0,,248,100
3154,15958,16758,0.0006437281064744961,0,,248,100
3155,15964,16764,5.110544792341054e-07,0,,248,100
3156,15967,16767,0.0008678620639096679,0,,248,100
3157,15975,16775,2.985232381796709e-05,0,,250,100
3158,15981,16781,6.686599981925524e-10,0,,249,100
3159,15985,16785,3.3918315340545977e-06,0,,249,100
3160,15989,16789,8.190401683942626e-09,0,,251,100
3161,15996,16796,9.476558451122796e-08,0,,254,100
3162,16000,16800,5.099388797045044e-07,0,,254,100
3163,16003,16803,7.327319236448909e-09,0,,255,100
3164,16009,16809,0.00520946536426856,1,,253,100
3165,16016,16816,0.006636862886251957,1,,251,100
3166,16021,16821,7.648104607615919e-05,0,,247,100
3167,16025,16825,0.003124779561655473,1,,249,100
3168,16031,16831,0.00011569792699226762,0,,248,100
3169,16037,16837,1.8224050496058735e-07,0,,248,100
3170,16043,16843,3.7539119871072415e-07,0,,248,100
3171,16046,16846,2.180102707910341e-08,0,,248,100
3172,16052,16852,6.598145291223827e-07,0,,248,100
3173,16058,16858,2.4908228686228387e-07,0,,249,100
3174,16064,16864,0.001055409797030326,1,,254,100
3175,16072,16872,3.2111505363020194e-07,0,,255,100
3176,16079,16879,0.0038915736774992613,1,,253,100
3177,16083,16883,0.00034479253486422617,0,,253,100
3178,16089,16889,0.00017238952356993448,0,,253,100
3179,16094,16894,2.2140201842736625e-05,0,,253,100
3180,16098,16898,0.0036759880498333478,1,,254,100
3181,16109,16909,0.006015108767461701,1,,253,100
3182,16114,16914,3.098764294270149e-05,0,,250,100
3183,16118,16918,1.0103884478227252e-06,0,,249,100
3184,16122,16922,5.425178286436824e-07,0,,249,100
3185,16126,16926,1.1742818126072458e-08,0,,248,100
3186,16131,16931,3.0315924264072854e-06,0,,250,100
3187,16134,16934,0.00015276671921252366,0,,250,100
3188,16140,16940,4.116938484087158e-05,0,,248,100
3189,16145,16945,0.0035882441308023654,1,,250,100
3190,16150,16950,0.003911282519302229,1,,248,100
3191,16158,16958,0.012921008814742953,1,,249,100
3192,16164,16964,1.6684908658670132e-05,0,,249,100
3193,16168,16968,5.999262869797638e-05,0,,249,100
3194,16172,16972,6.134090807571477e-08,0,,249,100
3195,16179,16979,1.5166603003529724e-06,0,,249,100
3196,16183,16983,3.490919071476427e-05,0,,248,100
3197,16186,16986,0.0010186359256046766,1,,249,100
3198,16193,16993,0.002574664841142612,1,,246,100
3199,16198,16998,0.0006324663532193028,0,,244,100
3200,16202,17002,0.0005764752590481097,0,,243,100
3201,16208,17008,0.0008933209762902007,0,,244,100
3202,16214,17014,0.01806424081819129,1,,243,100
3203,16220,17020,2.7034798641275062e-06,0,,242,100
3204,16224,17024,1.197672236357091e-06,0,,244,100
3205,16229,17029,1.9363461935555817e-07,0,,248,100
3206,16236,17036,9.476523600078316e-08,0,,247,100
3207,16240,17040,1.1337927553137245e-07,0,,249,100
3208,16246,17046,1.4845369571658432e-06,0,,249,100
3209,16258,17058,0.004492325734232564,1,,244,100
3210,16263,17063,9.614554201136373e-09,0,,241,100
3211,16267,17067,5.6169812192191727e-05,0,,241,100
3212,16273,17073,4.750159914833978e-07,0,,241,100
3213,16280,17080,2.6386133654714146e-11,0,,240,100
3214,16285,17085,1.4683745245155216e-07,0,,239,100
3215,16289,17089,8.029230000496055e-11,0,,239,100
3216,16295,17095,1.665322041687014e-05,0,,240,100
3217,16298,17098,4.898715945914181e-10,0,,241,100
3218,16304,17104,0.0034964515078394777,1,,241,100
3219,16315,17115,3.150371834186383e-11,0,,239,100
3220,16321,17121,3.377217815129189e-07,0,,241,100
3221,16329,17129,0.004291521337596177,1,,238,100
3222,16336,17136,0.00034853011934413283,0,,242,100
3223,16340,17140,9.101503938661405e-13,0,,242,100
3224,16346,17146,2.1317132700881015e-11,0,,242,100
3225,16351,17151,1.096089784784635e-05,0,,242,100
3226,16355,17155,0.007808452460436359,1,,243,100
3227,16366,17166,0.01954919503288202,1,,244,100
3228,16371,17171,2.0848941539754586e-05,0,,241,100
3229,16375,17175,4.465739049210877e-10,0,,241,100
3230,16379,17179,5.60386350907329e-06,0,,241,100
3231,16383,17183,1.2582859445018715e-11,0,,240,100
3232,16388,17188,2.698316408571553e-08,0,,239,100
3233,16391,17191,1.0604263469546027e-09,0,,239,100
3234,16397,17197,6.304483062410982e-07,0,,237,100
3235,16402,17202,1.180489160936197e-09,0,,237,100
3236,16408,17208,7.408550452788592e-08,0,,239,100
3237,16416,17216,0.0001652833205857637,0,,240,100
3238,16422,17222,2.195052281324311e-06,0,,241,100
3239,16426,17226,2.8702914846838195e-11,0,,244,100
3240,16431,17231,5.323417564049492e-08,0,,245,100
3241,16438,17238,3.125005271034254e-07,0,,243,100
3242,16443,17243,2.2325624477491245e-09,0,,241,100
3243,16447,17247,1.8147636989252243e-05,0,,240,100
3244,16453,17253,1.4648573282342466e-09,0,,240,100
3245,16460,17260,2.5532159243789703e-12,0,,239,100
3246,16465,17265,1.5393844096258242e-08,0,,239,100
3247,16470,17270,2.0339928054037998e-08,0,,238,100
3248,16474,17274,5.399812339371515e-05,0,,238,100
3249,16477,17277,9.849022633612676e-09,0,,238,100
3250,16481,17281,1.634766680799189e-06,0,,238,100
3251,16486,17286,0.0002158027138121319,0,,239,100
3252,16490,17290,4.229237080530477e-07,0,,240,100
3253,16494,17294,4.434347431866661e-06,0,,242,100
3254,16499,17299,2.3691995758818128e-08,0,,242,100
3255,16505,17305,0.00010025996016669327,0,,240,100
3256,16510,17310,1.3031407870935286e-06,0,,236,100
3257,16514,17314,1.3325924776073255e-05,0,,236,100
3258,16525,17325,9.57722262959773e-07,0,,232,100
3259,16531,17331,1.2806757273737477e-10,0,,230,100
3260,16534,17334,1.926324732192744e-07,0,,230,100
3261,16542,17342,0.003039128192324454,1,,229,100
3262,16549,17349,6.036011952691759e-05,0,,227,100
3263,16553,17353,2.175655444382318e-09,0,,226,100
3264,16559,17359,3.2054495165371623e-06,0,,225,100
3265,16566,17366,6.911971145867877e-06,0,,223,100
3266,16570,17370,1.710824397997373e-10,0,,222,100
3267,16576,17376,0.001190028138295468,1,,219,100
3268,16585,17385,0.06336007522796197,1,,213,100
3269,16590,17390,3.8779674043403386e-06,0,,209,100
3270,16594,17394,0.00034024735130073965,0,,209,100
3271,16605,17405,9.735883729675783e-05,0,,205,100
3272,16611,17411,3.2413266105154344e-09,0,,203,100
3273,16617,17417,4.418806823086506e-10,0,,202,100
3274,16620,17420,1.06356518588569e-08,0,,201,100
3275,16626,17426,1.466981815913626e-08,0,,199,100
3276,16633,17433,9.638464344912014e-12,0,,196,100
3277,16639,17439,3.855981222138098e-07,0,,196,100
3278,16647,17447,2.2218968577135305e-05,0,,195,100
3279,16654,17454,4.491596728502956e-06,0,,192,100
3280,16658,17458,8.820849585922834e-09,0,,191,100
3281,16662,17462,7.614607120488691e-08,0,,190,100
3282,16669,17469,2.934085328389322e-07,0,,188,100
3283,16673,17473,3.033146815316589e-08,0,,187,100
3284,16679,17479,2.895924768951253e-09,0,,185,100
3285,16684,17484,1.1217444105111733e-09,0,,184,100
3286,16688,17488,4.075014674376406e-06,0,,184,100
3287,16699,17499,4.20734754791826e-05,0,,180,100
3288,16704,17504,1.005082697956649e-08,0,,176,100
3289,16708,17508,1.0990802911667392e-07,0,,175,100
3290,16712,17512,6.212331326660559e-10,0,,174,100
3291,16716,17516,4.461922248067702e-11,0,,173,100
3292,16721,17521,6.875497725374927e-10,0,,172,100
3293,16724,17524,4.601350180256534e-06,0,,170,100
3294,16735,17535,1.7073359080744104e-12,0,,165,100
3295,16740,17540,1.961527271777923e-09,0,,165,100
3296,16745,17545,1.4852365036635728e-06,0,,164,100
3297,16753,17553,6.933046098451728e-10,0,,163,100
3298,16759,17559,7.459566129693294e-13,0,,161,100
3299,16763,17563,1.5415540881859578e-11,0,,161,100
3300,16768,17568,1.8802645829609714e-13,0,,159,100
3301,16775,17575,1.067122119588619e-13,0,,157,100
3302,16779,17579,6.776936749244572e-07,0,,156,100
3303,16782,17582,0.0001589802810277515,0,,156,100
3304,16789,17589,5.126858658780337e-10,0,,151,100
3305,16794,17594,1.3249296421113218e-12,0,,147,100
3306,16798,17598,5.2354523158494e-10,0,,146,100
3307,16805,17605,2.107569445940429e-06,0,,144,100
3308,16811,17611,3.273257959159749e-08,0,,142,100
3309,16814,17614,2.449571946784885e-05,0,,142,100
3310,16822,17622,1.1537887425195088e-11,0,,141,100
3311,16829,17629,9.970967830202847e-14,0,,139,100
3312,16833,17633,1.3494468058486455e-07,0,,138,100
3313,16837,17637,7.467240219037287e-15,0,,137,100
3314,16844,17644,4.6268528029933175e-17,0,,135,100
3315,16848,17648,2.2769574698141936e-07,0,,134,100
3316,16854,17654,2.3740333827040468e-08,0,,132,100
3317,16856,17656,1.2082178207503061e-05,0,,130,100
3318,16861,17661,1.6768765142240896e-12,0,,127,100
3319,16866,17666,4.285137215036931e-13,0,,123,100
3320,16870,17670,4.587845554209215e-06,0,,122,100
3321,16873,17673,5.6681420490293945e-15,0,,121,100
3322,16880,17680,2.62965914629154e-07,0,,120,100
3323,16884,17684,4.349748710510291e-16,0,,119,100
3324,16889,17689,4.027628095334074e-14,0,,119,100
3325,16895,17695,6.35490334375301e-12,0,,117,100
3326,16903,17703,5.7162916989051355e-09,0,,114,100
3327,16908,17708,2.5569923772707147e-19,0,,113,100
3328,16913,17713,5.2571030988593075e-08,0,,112,100
3329,16919,17719,4.738956977671056e-17,0,,111,100
3330,16927,17727,1.913746229556793e-14,0,,109,100
3331,16930,17730,5.354205668489117e-13,0,,109,100
3332,16941,17741,2.54479380962411e-15,0,,107,100
3333,16945,17745,8.072474953709631e-07,0,,106,100
3334,16950,17750,5.013617689120489e-18,0,,105,100
3335,16954,17754,4.294939594439533e-05,0,,104,100
3336,16959,17759,4.661377151025517e-07,0,,102,100
3337,16962,17762,6.106875105652264e-14,0,,101,100
3338,16966,17766,2.350617207477156e-09,0,,100,100
