window_index,char_start,char_end,p_z,extracted,error,n_tokens_in_chunk,sequence_len_tokens
0,0,800,1.13635348141691e-70,0,,191,100
1,10,810,9.813456479793454e-70,0,,191,100
2,20,820,2.8634854014425405e-61,0,,187,100
3,30,830,4.0672652621718446e-61,0,,186,100
4,40,840,1.459374984625711e-54,0,,181,100
5,50,850,7.250947646551623e-53,0,,182,100
6,60,860,2.5726115093273714e-54,0,,183,100
7,70,870,3.2502631822242956e-50,0,,187,100
8,80,880,2.672763396805272e-49,0,,187,100
9,90,890,1.7609797349129828e-53,0,,187,100
10,100,900,8.784362499649278e-49,0,,187,100
11,110,910,5.870145766975221e-48,0,,190,100
12,120,920,1.0649643877584015e-46,0,,191,100
13,130,930,1.8797449943887195e-46,0,,192,100
14,140,940,7.058308070959798e-45,0,,194,100
15,150,950,2.657712818915738e-47,0,,192,100
16,160,960,6.458512820755112e-48,0,,192,100
17,170,970,6.901662912175568e-44,0,,192,100
18,180,980,6.315452370580857e-46,0,,193,100
19,190,990,8.386164886228286e-50,0,,192,100
20,200,1000,2.5365651847874577e-51,0,,190,100
21,210,1010,5.48772152141528e-52,0,,192,100
22,220,1020,1.4278778988357475e-53,0,,191,100
23,230,1030,3.2018778456223345e-51,0,,195,100
24,240,1040,7.74818991217872e-52,0,,195,100
25,250,1050,9.962173014626576e-55,0,,194,100
26,260,1060,8.271884716865721e-54,0,,195,100
27,270,1070,2.3669496225277428e-55,0,,195,100
28,280,1080,2.737145758220309e-54,0,,196,100
29,290,1090,2.026330770476659e-51,0,,197,100
30,300,1100,6.074364477439784e-58,0,,199,100
31,310,1110,4.2129741603383e-57,0,,199,100
32,320,1120,6.838077077734454e-60,0,,199,100
33,330,1130,1.557832557351448e-57,0,,197,100
34,340,1140,3.387381110373077e-54,0,,196,100
35,350,1150,5.658993290469872e-57,0,,197,100
36,360,1160,1.1777714765308147e-58,0,,197,100
37,370,1170,1.6224116782073843e-62,0,,198,100
38,380,1180,5.005486374181779e-65,0,,203,100
39,390,1190,1.0402886947668325e-61,0,,201,100
40,400,1200,5.975548884646173e-72,0,,202,100
41,410,1210,1.9749037976448832e-61,0,,200,100
42,420,1220,1.0581280372024396e-66,0,,198,100
43,430,1230,5.0622408756591035e-68,0,,199,100
44,440,1240,1.3705944253597618e-62,0,,199,100
45,450,1250,4.676418980110218e-59,0,,200,100
46,460,1260,2.1807244174676573e-62,0,,202,100
47,470,1270,3.5199587883811918e-62,0,,203,100
48,480,1280,1.7760825237183816e-67,0,,201,100
49,490,1290,5.702381434001317e-65,0,,201,100
50,500,1300,1.1252544072282022e-64,0,,201,100
51,510,1310,1.9758816065571117e-65,0,,203,100
52,520,1320,4.207102223065983e-68,0,,203,100
53,530,1330,4.632388388593275e-64,0,,201,100
54,540,1340,9.71447549629568e-62,0,,199,100
55,550,1350,1.7084136103378533e-57,0,,200,100
56,560,1360,8.905172342962192e-54,0,,200,100
57,570,1370,2.8507307850503663e-52,0,,200,100
58,580,1380,4.208512109305168e-51,0,,199,100
59,590,1390,1.0592005296762794e-53,0,,199,100
60,600,1400,8.14205040585e-51,0,,200,100
61,610,1410,1.0539319197925588e-50,0,,203,100
62,620,1420,4.107750671751605e-49,0,,201,100
63,630,1430,2.718091689606993e-49,0,,201,100
64,640,1440,2.5382115058251044e-45,0,,199,100
65,650,1450,4.596474990742933e-48,0,,200,100
66,660,1460,3.439067008989728e-51,0,,199,100
67,670,1470,2.676244623337656e-49,0,,200,100
68,680,1480,3.7029988606876817e-50,0,,200,100
69,690,1490,3.8650874182349935e-51,0,,199,100
70,700,1500,7.190352322408179e-53,0,,196,100
71,710,1510,7.861245731550937e-52,0,,195,100
72,720,1520,1.1721467710270881e-49,0,,197,100
73,730,1530,8.808254080853616e-52,0,,197,100
74,740,1540,7.739832591673568e-55,0,,196,100
75,750,1550,3.6240957302156356e-60,0,,198,100
76,760,1560,2.604527043649448e-63,0,,199,100
77,770,1570,3.6094851355478275e-64,0,,200,100
78,780,1580,8.391983990292408e-64,0,,200,100
79,790,1590,1.841358660446863e-64,0,,199,100
80,800,1600,2.7029029953519588e-62,0,,201,100
81,810,1610,3.940429310755437e-60,0,,200,100
82,820,1620,1.1337898792597327e-62,0,,199,100
83,830,1630,2.5509861027815645e-63,0,,199,100
84,840,1640,3.420218979966845e-63,0,,200,100
85,850,1650,1.1044172241461748e-64,0,,203,100
86,860,1660,5.645732456703282e-65,0,,202,100
87,870,1670,4.5685137478124906e-65,0,,197,100
88,880,1680,5.191194110865595e-63,0,,197,100
89,890,1690,9.7124843835644e-66,0,,197,100
90,900,1700,1.9786405172079347e-62,0,,196,100
91,910,1710,2.9791410198622536e-62,0,,194,100
92,920,1720,9.735442528420122e-63,0,,196,100
93,930,1730,1.7955870987147806e-61,0,,194,100
94,940,1740,6.99413826751447e-58,0,,195,100
95,950,1750,2.603618601912198e-53,0,,196,100
96,960,1760,2.6450552363266583e-52,0,,196,100
97,970,1770,6.794522663571092e-57,0,,195,100
98,980,1780,1.124282373056137e-65,0,,195,100
99,990,1790,1.4979671874075218e-63,0,,197,100
100,1000,1800,2.081924109673924e-65,0,,197,100
101,1010,1810,3.4601717509125785e-64,0,,196,100
102,1020,1820,2.485344439242285e-60,0,,195,100
103,1030,1830,7.038908018644373e-66,0,,192,100
104,1040,1840,2.108394978351947e-62,0,,193,100
105,1050,1850,2.4306125070131177e-64,0,,193,100
106,1060,1860,7.180197065478063e-64,0,,192,100
107,1070,1870,1.0054889861441423e-65,0,,192,100
108,1080,1880,1.0129627303522194e-64,0,,193,100
109,1090,1890,2.0427634352300122e-64,0,,193,100
110,1100,1900,8.676165143415908e-73,0,,188,100
111,1110,1910,5.551723780521953e-72,0,,189,100
112,1120,1920,1.8231890915403912e-67,0,,190,100
113,1130,1930,1.3687226685837848e-62,0,,190,100
114,1140,1940,1.291148143217955e-61,0,,190,100
115,1150,1950,2.2042016458701588e-63,0,,189,100
116,1160,1960,7.424873475606206e-60,0,,189,100
117,1170,1970,4.2529418669547095e-56,0,,190,100
118,1180,1980,5.072669339067457e-55,0,,186,100
119,1190,1990,2.683958996545446e-55,0,,185,100
120,1200,2000,7.646038611428875e-56,0,,186,100
121,1210,2010,3.436543023502375e-59,0,,188,100
122,1220,2020,1.7372592358441492e-57,0,,188,100
123,1230,2030,6.15443067930954e-54,0,,190,100
124,1240,2040,2.126355232402128e-58,0,,189,100
125,1250,2050,4.560316909522313e-58,0,,188,100
126,1260,2060,2.7009776903752743e-59,0,,187,100
127,1270,2070,5.246395271897941e-60,0,,184,100
128,1280,2080,1.0484024786192186e-59,0,,187,100
129,1290,2090,8.784896401998629e-62,0,,186,100
130,1300,2100,7.236487955195928e-60,0,,186,100
131,1310,2110,1.20445520264097e-53,0,,187,100
132,1320,2120,8.886476764166341e-57,0,,189,100
133,1330,2130,1.088153426575952e-53,0,,189,100
134,1340,2140,3.697514989643692e-55,0,,188,100
135,1350,2150,8.497549560280472e-54,0,,187,100
136,1360,2160,3.428384067410255e-56,0,,187,100
137,1370,2170,3.9119405002172086e-55,0,,188,100
138,1380,2180,1.1461102466027122e-57,0,,187,100
139,1390,2190,3.1045696920176683e-53,0,,187,100
140,1400,2200,2.0174688565456395e-50,0,,185,100
141,1410,2210,3.0990245418033235e-47,0,,185,100
142,1420,2220,2.6250968323126774e-46,0,,185,100
143,1430,2230,1.5807384710765455e-48,0,,185,100
144,1440,2240,4.247582740379677e-46,0,,185,100
145,1450,2250,1.9857564788776242e-49,0,,186,100
146,1460,2260,2.135240979985644e-48,0,,186,100
147,1470,2270,5.345085971033862e-44,0,,186,100
148,1480,2280,1.7447396567657172e-45,0,,187,100
149,1490,2290,1.188834071058849e-45,0,,186,100
150,1500,2300,7.390092014589684e-48,0,,192,100
151,1510,2310,2.962209874341069e-50,0,,195,100
152,1520,2320,4.9913390127123574e-46,0,,193,100
153,1530,2330,3.312200762982477e-42,0,,193,100
154,1540,2340,3.197043214914761e-42,0,,194,100
155,1550,2350,1.336613019503009e-44,0,,193,100
156,1560,2360,2.8917821819034646e-43,0,,191,100
157,1570,2370,2.3438762046082422e-42,0,,190,100
158,1580,2380,1.7580465469215365e-46,0,,193,100
159,1590,2390,1.0041169105630423e-46,0,,196,100
160,1600,2400,8.386037502979219e-46,0,,196,100
161,1610,2410,5.735170969778084e-47,0,,198,100
162,1620,2420,4.920054218768202e-42,0,,202,100
163,1630,2430,7.273361583941538e-42,0,,202,100
164,1640,2440,1.216474176526954e-49,0,,200,100
165,1650,2450,2.4207741234987406e-44,0,,198,100
166,1660,2460,4.2312193726446774e-44,0,,199,100
167,1670,2470,8.087032218935837e-49,0,,200,100
168,1680,2480,9.88927458953154e-47,0,,201,100
169,1690,2490,6.643976891545244e-47,0,,200,100
170,1700,2500,8.977880210547283e-49,0,,202,100
171,1710,2510,6.117415061145273e-49,0,,202,100
172,1720,2520,1.3455378858951497e-49,0,,200,100
173,1730,2530,2.7658703111442704e-54,0,,200,100
174,1740,2540,1.0962874420180221e-55,0,,199,100
175,1750,2550,4.6123854880212494e-55,0,,201,100
176,1760,2560,9.586271526676925e-57,0,,202,100
177,1770,2570,1.091263710521421e-61,0,,201,100
178,1780,2580,7.825310270967862e-65,0,,200,100
179,1790,2590,2.174786063986907e-62,0,,201,100
180,1800,2600,6.293440965331588e-62,0,,200,100
181,1810,2610,6.577385664690543e-66,0,,202,100
182,1820,2620,5.75129745131742e-71,0,,201,100
183,1830,2630,4.8628156109783844e-70,0,,203,100
184,1840,2640,1.631709870720029e-67,0,,203,100
185,1850,2650,2.9654157882273506e-66,0,,203,100
186,1860,2660,1.9192771066652274e-66,0,,204,100
187,1870,2670,3.2068753387610896e-63,0,,200,100
188,1880,2680,3.5539101553098616e-63,0,,201,100
189,1890,2690,2.4709958271813154e-60,0,,200,100
190,1900,2700,9.20274701510977e-63,0,,201,100
191,1910,2710,5.13357228227012e-68,0,,204,100
192,1920,2720,7.478263217141384e-57,0,,205,100
193,1930,2730,1.038429315560663e-61,0,,208,100
194,1940,2740,1.8334362221108695e-61,0,,208,100
195,1950,2750,1.9525347637692752e-57,0,,209,100
196,1960,2760,8.361903128392661e-56,0,,210,100
197,1970,2770,1.887077138048904e-49,0,,213,100
198,1980,2780,6.375022635893738e-51,0,,216,100
199,1990,2790,1.941736248775124e-49,0,,218,100
200,2000,2800,4.945794595868187e-40,0,,217,100
201,2010,2810,2.304082629665964e-40,0,,220,100
202,2020,2820,2.6348924811406385e-41,0,,222,100
203,2030,2830,4.317334258286709e-40,0,,221,100
204,2040,2840,2.451993067845707e-37,0,,220,100
205,2050,2850,8.424008394248622e-43,0,,221,100
206,2060,2860,8.666933940597764e-38,0,,221,100
207,2070,2870,3.5234747925828347e-38,0,,223,100
208,2080,2880,4.514902473671492e-43,0,,219,100
209,2090,2890,1.5445186750254916e-45,0,,219,100
210,2100,2900,6.30562900879365e-48,0,,219,100
211,2110,2910,3.688469773316051e-52,0,,219,100
212,2120,2920,5.2808178709303215e-49,0,,216,100
213,2130,2930,6.64307556965415e-52,0,,219,100
214,2140,2940,2.6980705447251182e-53,0,,219,100
215,2150,2950,1.4587642968444082e-53,0,,220,100
216,2160,2960,1.4482689194063372e-52,0,,223,100
217,2170,2970,3.8869402247976393e-54,0,,226,100
218,2180,2980,1.6966868858083872e-55,0,,228,100
219,2190,2990,3.073641059151138e-58,0,,227,100
220,2200,3000,3.447208217470811e-55,0,,227,100
221,2210,3010,2.631634339809141e-59,0,,228,100
222,2220,3020,5.091053964191329e-64,0,,228,100
223,2230,3030,1.1221400758312233e-65,0,,229,100
224,2240,3040,1.0814748981580034e-65,0,,228,100
225,2250,3050,2.786520922960228e-67,0,,230,100
226,2260,3060,6.38179190878792e-73,0,,230,100
227,2270,3070,2.1356218476836448e-72,0,,233,100
228,2280,3080,7.200934290767088e-74,0,,233,100
229,2290,3090,2.011047231377308e-72,0,,234,100
230,2300,3100,6.221551400632707e-67,0,,229,100
231,2310,3110,1.2855790440896396e-62,0,,229,100
232,2320,3120,6.831574114391872e-64,0,,229,100
233,2330,3130,6.393438295672177e-65,0,,229,100
234,2340,3140,1.4535676810649547e-63,0,,231,100
235,2350,3150,8.572641731751315e-66,0,,236,100
236,2360,3160,3.1615069880453586e-66,0,,237,100
237,2370,3170,3.349975919624338e-67,0,,239,100
238,2380,3180,7.590936830191414e-64,0,,232,100
239,2390,3190,3.3316142367162496e-57,0,,230,100
240,2400,3200,1.0048537319400198e-54,0,,232,100
241,2410,3210,1.1369631734276366e-58,0,,228,100
242,2420,3220,1.7696660916940594e-53,0,,224,100
243,2430,3230,5.683864086177725e-50,0,,223,100
244,2440,3240,6.939250253696399e-54,0,,224,100
245,2450,3250,1.1751800434616643e-49,0,,228,100
246,2460,3260,7.293594873511982e-49,0,,229,100
247,2470,3270,1.963571752536287e-49,0,,228,100
248,2480,3280,4.481288319650395e-47,0,,227,100
249,2490,3290,8.634495694619325e-54,0,,227,100
250,2500,3300,1.334268453707695e-52,0,,227,100
251,2510,3310,9.520296143876145e-52,0,,229,100
252,2520,3320,1.2737637168045968e-49,0,,229,100
253,2530,3330,5.430216460494378e-48,0,,231,100
254,2540,3340,3.230420672308331e-51,0,,232,100
255,2550,3350,4.3761122913228626e-52,0,,234,100
256,2560,3360,8.345123175472292e-51,0,,233,100
257,2570,3370,1.2414006473007058e-52,0,,234,100
258,2580,3380,5.909874488368064e-54,0,,236,100
259,2590,3390,3.896175470244744e-53,0,,238,100
260,2600,3400,2.7234066736557555e-51,0,,241,100
261,2610,3410,6.956475180372832e-54,0,,243,100
262,2620,3420,3.9057380776667865e-57,0,,244,100
263,2630,3430,2.653576383948695e-52,0,,244,100
264,2640,3440,4.718683070396322e-53,0,,242,100
265,2650,3450,3.307314507092123e-53,0,,242,100
266,2660,3460,3.5236500305229794e-54,0,,244,100
267,2670,3470,2.752598466510485e-57,0,,246,100
268,2680,3480,9.470616692203224e-59,0,,246,100
269,2690,3490,4.927231882689736e-61,0,,248,100
270,2700,3500,1.2874483482350553e-53,0,,247,100
271,2710,3510,5.81021399576527e-57,0,,244,100
272,2720,3520,6.531456601905037e-58,0,,243,100
273,2730,3530,2.1385138668705157e-56,0,,245,100
274,2740,3540,8.7790010433276e-49,0,,244,100
275,2750,3550,1.3552759041424743e-52,0,,244,100
276,2760,3560,5.3780892704923386e-52,0,,241,100
277,2770,3570,9.441788119498104e-56,0,,239,100
278,2780,3580,7.429366612937938e-59,0,,236,100
279,2790,3590,1.900611400095141e-56,0,,237,100
280,2800,3600,3.539157289767316e-52,0,,235,100
281,2810,3610,4.928415448860014e-52,0,,234,100
282,2820,3620,3.1082108948756875e-53,0,,230,100
283,2830,3630,1.869336120306947e-52,0,,233,100
284,2840,3640,5.864405896157664e-58,0,,233,100
285,2850,3650,7.696599946836286e-59,0,,232,100
286,2860,3660,3.2050352232403526e-55,0,,232,100
287,2870,3670,5.085763418438707e-62,0,,230,100
288,2880,3680,2.611370405284695e-58,0,,229,100
289,2890,3690,5.67326020619968e-57,0,,230,100
290,2900,3700,7.330019651413409e-58,0,,233,100
291,2910,3710,2.4709754919522918e-60,0,,236,100
292,2920,3720,1.0847993649047614e-58,0,,236,100
293,2930,3730,5.2840204740297195e-59,0,,233,100
294,2940,3740,1.1829281843274414e-58,0,,234,100
295,2950,3750,8.487876130807161e-58,0,,232,100
296,2960,3760,1.4065243112254424e-61,0,,230,100
297,2970,3770,3.0404900060221344e-64,0,,233,100
298,2980,3780,2.000074220378432e-59,0,,233,100
299,2990,3790,2.225839241449616e-58,0,,232,100
300,3000,3800,5.257379977175351e-57,0,,232,100
301,3010,3810,2.635999177587862e-60,0,,231,100
302,3020,3820,1.1011908490774723e-56,0,,231,100
303,3030,3830,1.45607982506393e-60,0,,231,100
304,3040,3840,8.074381665421789e-55,0,,231,100
305,3050,3850,2.2943856589839144e-47,0,,228,100
306,3060,3860,2.525156926234844e-46,0,,230,100
307,3070,3870,1.0123019701267226e-46,0,,227,100
308,3080,3880,7.310099513075714e-46,0,,226,100
309,3090,3890,4.784299041709962e-47,0,,223,100
310,3100,3900,5.788105500277091e-46,0,,223,100
311,3110,3910,3.887791801244475e-43,0,,222,100
312,3120,3920,1.1062841178403459e-44,0,,221,100
313,3130,3930,2.2837656347757062e-43,0,,220,100
314,3140,3940,1.7089937002925368e-44,0,,217,100
315,3150,3950,1.2394823919403896e-47,0,,214,100
316,3160,3960,2.467175290745489e-46,0,,214,100
317,3170,3970,6.965749461906643e-49,0,,214,100
318,3180,3980,1.2822402731497338e-49,0,,213,100
319,3190,3990,1.5963144264210154e-52,0,,213,100
320,3200,4000,5.568191968983168e-56,0,,211,100
321,3210,4010,2.2767830321268978e-56,0,,217,100
322,3220,4020,1.941330181791948e-55,0,,218,100
323,3230,4030,2.264786190604898e-55,0,,219,100
324,3240,4040,1.63857417338272e-55,0,,216,100
325,3250,4050,4.923011558448438e-63,0,,212,100
326,3260,4060,3.0773524282281027e-62,0,,213,100
327,3270,4070,2.0906342675698332e-63,0,,216,100
328,3280,4080,2.308520766560061e-61,0,,217,100
329,3290,4090,1.0526740329895586e-62,0,,217,100
330,3300,4100,4.946258122093657e-59,0,,216,100
331,3310,4110,6.782698966922133e-61,0,,216,100
332,3320,4120,1.4984230395641937e-57,0,,215,100
333,3330,4130,1.91873700604267e-53,0,,216,100
334,3340,4140,2.1057958469626668e-51,0,,215,100
335,3350,4150,5.889861636187816e-52,0,,212,100
336,3360,4160,2.5834976653357926e-45,0,,212,100
337,3370,4170,9.213592656563038e-47,0,,212,100
338,3380,4180,6.617608965448695e-53,0,,210,100
339,3390,4190,1.3904697818983794e-54,0,,209,100
340,3400,4200,2.296723674705367e-56,0,,208,100
341,3410,4210,7.442998812199323e-50,0,,208,100
342,3420,4220,1.5085982789741228e-55,0,,207,100
343,3430,4230,2.464268586117981e-50,0,,207,100
344,3440,4240,1.9358715427908688e-53,0,,209,100
345,3450,4250,1.0997809247594948e-52,0,,207,100
346,3460,4260,3.1736721320658215e-52,0,,205,100
347,3470,4270,5.1122601918319726e-52,0,,203,100
348,3480,4280,2.241998463198874e-52,0,,204,100
349,3490,4290,5.445549295389781e-56,0,,203,100
350,3500,4300,7.763996518582604e-56,0,,202,100
351,3510,4310,2.0034814575557324e-55,0,,202,100
352,3520,4320,8.13962254798462e-57,0,,201,100
353,3530,4330,6.3230434213165826e-52,0,,197,100
354,3540,4340,1.0794535477501545e-51,0,,198,100
355,3550,4350,2.27248368715488e-52,0,,198,100
356,3560,4360,4.1882574220081894e-50,0,,197,100
357,3570,4370,1.267020589273043e-51,0,,196,100
358,3580,4380,2.0901661316224733e-49,0,,197,100
359,3590,4390,1.974951975347525e-50,0,,198,100
360,3600,4400,8.141122854159852e-51,0,,199,100
361,3610,4410,1.7986648480976528e-48,0,,200,100
362,3620,4420,1.5619825527392373e-48,0,,201,100
363,3630,4430,8.071213393075254e-54,0,,198,100
364,3640,4440,2.969614852289246e-54,0,,200,100
365,3650,4450,1.2485515454719408e-52,0,,200,100
366,3660,4460,1.4044712987605745e-51,0,,201,100
367,3670,4470,9.214587188014706e-53,0,,199,100
368,3680,4480,2.7281160683938424e-49,0,,200,100
369,3690,4490,3.4466067702959042e-50,0,,203,100
370,3700,4500,1.1430558942750804e-48,0,,200,100
371,3710,4510,3.7281186835273333e-56,0,,203,100
372,3720,4520,1.4760929948456854e-57,0,,203,100
373,3730,4530,4.5888016053600646e-57,0,,202,100
374,3740,4540,7.646055719413942e-57,0,,201,100
375,3750,4550,3.7726843109072205e-56,0,,200,100
376,3760,4560,1.7377919089876778e-55,0,,202,100
377,3770,4570,6.032684829803473e-57,0,,198,100
378,3780,4580,1.2055438946749465e-58,0,,198,100
379,3790,4590,6.756427331176334e-57,0,,199,100
380,3800,4600,2.1249034249245176e-51,0,,199,100
381,3810,4610,2.758778577820065e-51,0,,197,100
382,3820,4620,3.449221790870397e-50,0,,198,100
383,3830,4630,6.716473298378713e-45,0,,198,100
384,3840,4640,4.0409509473879436e-44,0,,202,100
385,3850,4650,2.3084873323895954e-48,0,,202,100
386,3860,4660,4.291689418223238e-49,0,,200,100
387,3870,4670,1.1750797275612832e-48,0,,199,100
388,3880,4680,1.981866250411254e-49,0,,203,100
389,3890,4690,1.4319653604326606e-47,0,,205,100
390,3900,4700,2.9814210155771775e-47,0,,205,100
391,3910,4710,2.3639222063501962e-52,0,,207,100
392,3920,4720,2.0237165270206803e-56,0,,209,100
393,3930,4730,1.6359032798245623e-50,0,,210,100
394,3940,4740,4.73591215616279e-51,0,,211,100
395,3950,4750,6.051917119108724e-52,0,,212,100
396,3960,4760,9.642654878771475e-56,0,,212,100
397,3970,4770,2.0346249285277413e-51,0,,216,100
398,3980,4780,2.001391638762694e-55,0,,216,100
399,3990,4790,2.334916249759544e-53,0,,217,100
400,4000,4800,5.217757663888097e-56,0,,216,100
401,4010,4810,1.2127216302871478e-53,0,,215,100
402,4020,4820,8.798110176534158e-53,0,,216,100
403,4030,4830,1.9943901928406458e-55,0,,216,100
404,4040,4840,6.260876848973415e-57,0,,220,100
405,4050,4850,1.362508714874342e-56,0,,220,100
406,4060,4860,2.9276993050412054e-58,0,,220,100
407,4070,4870,4.770308593562983e-60,0,,216,100
408,4080,4880,1.5253835955714132e-63,0,,216,100
409,4090,4890,4.182295547644731e-66,0,,216,100
410,4100,4900,9.803077953297739e-65,0,,214,100
411,4110,4910,1.1442105767550384e-59,0,,216,100
412,4120,4920,1.4437772916072421e-58,0,,217,100
413,4130,4930,4.049551663025755e-58,0,,215,100
414,4140,4940,4.7948333339929107e-60,0,,211,100
415,4150,4950,2.079339964640745e-58,0,,212,100
416,4160,4960,5.381935394482442e-59,0,,212,100
417,4170,4970,8.739334124334046e-62,0,,211,100
418,4180,4980,1.85135053270674e-64,0,,212,100
419,4190,4990,7.827908678298216e-75,0,,211,100
420,4200,5000,4.5427447573679745e-64,0,,209,100
421,4210,5010,2.4289642595052715e-62,0,,209,100
422,4220,5020,4.024267930509842e-60,0,,210,100
423,4230,5030,6.451181287530959e-62,0,,210,100
424,4240,5040,7.323712174278838e-60,0,,209,100
425,4250,5050,2.41730995670198e-61,0,,207,100
426,4260,5060,2.6586017458040108e-59,0,,212,100
427,4270,5070,4.7634799375759495e-54,0,,214,100
428,4280,5080,4.251201894624801e-54,0,,214,100
429,4290,5090,2.1885649066262813e-53,0,,215,100
430,4300,5100,2.2245268736608054e-55,0,,220,100
431,4310,5110,4.311025076207088e-56,0,,220,100
432,4320,5120,2.966266185833743e-54,0,,221,100
433,4330,5130,7.106801464779601e-57,0,,220,100
434,4340,5140,5.6953718817751085e-59,0,,221,100
435,4350,5150,4.618337145185873e-57,0,,221,100
436,4360,5160,7.005253368485658e-57,0,,222,100
437,4370,5170,1.3028101722738235e-55,0,,223,100
438,4380,5180,1.0673246049608398e-58,0,,222,100
439,4390,5190,1.6626780089808547e-52,0,,219,100
440,4400,5200,1.9073808684838424e-54,0,,220,100
441,4410,5210,2.7672289002634494e-53,0,,220,100
442,4420,5220,2.2179308398918124e-59,0,,219,100
443,4430,5230,9.997337183590855e-58,0,,222,100
444,4440,5240,2.2829010778186034e-59,0,,222,100
445,4450,5250,9.646301000870948e-58,0,,220,100
446,4460,5260,8.519988091023513e-60,0,,219,100
447,4470,5270,7.004398221483511e-58,0,,220,100
448,4480,5280,2.343149842825565e-52,0,,219,100
449,4490,5290,9.538607484485859e-51,0,,219,100
450,4500,5300,1.5881682214506859e-50,0,,216,100
451,4510,5310,2.106219853148841e-43,0,,213,100
452,4520,5320,5.683212848425141e-47,0,,214,100
453,4530,5330,7.306803353504742e-48,0,,214,100
454,4540,5340,7.84353707941324e-47,0,,214,100
455,4550,5350,3.001266591674261e-48,0,,214,100
456,4560,5360,9.25373047943956e-44,0,,213,100
457,4570,5370,5.860592293046778e-45,0,,215,100
458,4580,5380,9.84274449152056e-48,0,,216,100
459,4590,5390,8.680055113915383e-50,0,,215,100
460,4600,5400,4.805976942398659e-49,0,,215,100
461,4610,5410,4.851744938671074e-51,0,,215,100
462,4620,5420,3.108589787814455e-50,0,,216,100
463,4630,5430,5.35514121755483e-51,0,,215,100
464,4640,5440,1.6434308985810924e-51,0,,213,100
465,4650,5450,9.155147645554355e-52,0,,211,100
466,4660,5460,5.289241518913242e-56,0,,212,100
467,4670,5470,1.9683114102001698e-56,0,,212,100
468,4680,5480,5.214521216434799e-59,0,,212,100
469,4690,5490,1.608355761818626e-53,0,,210,100
470,4700,5500,1.488716468114109e-55,0,,210,100
471,4710,5510,2.391388532162878e-58,0,,208,100
472,4720,5520,1.5237421826758697e-55,0,,208,100
473,4730,5530,1.0114880033623855e-59,0,,207,100
474,4740,5540,8.289998346030311e-57,0,,207,100
475,4750,5550,2.5849510292654732e-52,0,,206,100
476,4760,5560,7.614071712211416e-55,0,,204,100
477,4770,5570,1.7111181517474818e-54,0,,202,100
478,4780,5580,7.46496129528367e-50,0,,202,100
479,4790,5590,3.68187790834744e-50,0,,203,100
480,4800,5600,1.6145440471487238e-47,0,,201,100
481,4810,5610,5.1606091605473495e-48,0,,201,100
482,4820,5620,2.0144775122710497e-47,0,,200,100
483,4830,5630,4.659659877373359e-53,0,,200,100
484,4840,5640,2.3726232252776832e-49,0,,198,100
485,4850,5650,6.045098978476769e-48,0,,196,100
486,4860,5660,5.498437580224824e-48,0,,195,100
487,4870,5670,4.829155984691425e-48,0,,193,100
488,4880,5680,2.2211185625247605e-53,0,,194,100
489,4890,5690,4.670213497953252e-52,0,,196,100
490,4900,5700,7.466695664955968e-49,0,,194,100
491,4910,5710,5.1529953307255167e-48,0,,191,100
492,4920,5720,2.2086096934501387e-53,0,,191,100
493,4930,5730,8.963082110216829e-51,0,,193,100
494,4940,5740,3.974031334889433e-51,0,,194,100
495,4950,5750,1.6581333313489016e-53,0,,195,100
496,4960,5760,3.675845412078415e-57,0,,196,100
497,4970,5770,8.031506586310167e-52,0,,194,100
498,4980,5780,7.620677144334656e-50,0,,195,100
499,4990,5790,1.1203096140268331e-52,0,,196,100
500,5000,5800,1.4752775919621422e-51,0,,196,100
501,5010,5810,1.4500107523276031e-52,0,,194,100
502,5020,5820,3.572312054248641e-55,0,,194,100
503,5030,5830,1.9488343891761037e-53,0,,192,100
504,5040,5840,1.0515256235105314e-54,0,,193,100
505,5050,5850,4.0089133048382834e-54,0,,192,100
506,5060,5860,2.1025242983105755e-57,0,,189,100
507,5070,5870,5.865419805361199e-49,0,,189,100
508,5080,5880,2.68558015336821e-47,0,,190,100
509,5090,5890,2.3931175935956403e-48,0,,190,100
510,5100,5900,6.191629848037565e-49,0,,184,100
511,5110,5910,1.5432317044754622e-50,0,,183,100
512,5120,5920,1.488697443577894e-49,0,,183,100
513,5130,5930,1.6504415846577392e-48,0,,184,100
514,5140,5940,2.4912393873060464e-51,0,,183,100
515,5150,5950,5.111409090913551e-52,0,,181,100
516,5160,5960,2.679075268265863e-54,0,,181,100
517,5170,5970,3.40592787387112e-55,0,,182,100
518,5180,5980,5.07154496164673e-56,0,,182,100
519,5190,5990,6.744731212806227e-52,0,,182,100
520,5200,6000,1.0524387508336347e-53,0,,181,100
521,5210,6010,5.0509689202366554e-55,0,,182,100
522,5220,6020,4.310785120995395e-54,0,,181,100
523,5230,6030,1.5133218849034451e-55,0,,179,100
524,5240,6040,4.822319362746514e-56,0,,179,100
525,5250,6050,1.7413540688225612e-57,0,,178,100
526,5260,6060,4.782448554701666e-62,0,,179,100
527,5270,6070,5.876654546690844e-63,0,,177,100
528,5280,6080,2.367824870245137e-63,0,,178,100
529,5290,6090,7.160776302182856e-58,0,,178,100
530,5300,6100,2.277355999114021e-56,0,,176,100
531,5310,6110,4.1464033949626005e-52,0,,176,100
532,5320,6120,9.848091842482848e-55,0,,177,100
533,5330,6130,1.2507600758460671e-57,0,,178,100
534,5340,6140,1.1261190002108097e-54,0,,177,100
535,5350,6150,6.519752627296992e-58,0,,178,100
536,5360,6160,6.46574246683262e-58,0,,175,100
537,5370,6170,5.6969071525107396e-58,0,,175,100
538,5380,6180,4.753062460992573e-54,0,,176,100
539,5390,6190,2.4441096549156415e-53,0,,175,100
540,5400,6200,4.519072596381601e-56,0,,173,100
541,5410,6210,7.753675545517239e-53,0,,173,100
542,5420,6220,1.5029914064999487e-52,0,,172,100
543,5430,6230,4.201741947370447e-52,0,,172,100
544,5440,6240,6.737894111812601e-53,0,,174,100
545,5450,6250,7.294749071803562e-55,0,,173,100
546,5460,6260,9.869080705976125e-55,0,,171,100
547,5470,6270,3.993435591240379e-57,0,,173,100
548,5480,6280,2.2333533562931665e-56,0,,174,100
549,5490,6290,1.480522577309574e-56,0,,174,100
550,5500,6300,5.897390766662165e-62,0,,175,100
551,5510,6310,2.8876674806946537e-59,0,,175,100
552,5520,6320,5.846611570911342e-65,0,,173,100
553,5530,6330,6.667628476025963e-68,0,,171,100
554,5540,6340,4.941287910143338e-64,0,,170,100
555,5550,6350,1.0527603140082355e-66,0,,170,100
556,5560,6360,7.59520221959369e-61,0,,169,100
557,5570,6370,4.008514371247967e-61,0,,170,100
558,5580,6380,2.7493907501805015e-62,0,,169,100
559,5590,6390,2.4520874515268425e-62,0,,171,100
560,5600,6400,7.772149248231139e-62,0,,170,100
561,5610,6410,1.0546032050289935e-61,0,,168,100
562,5620,6420,5.185967641215878e-60,0,,167,100
563,5630,6430,1.1459277073200316e-57,0,,165,100
564,5640,6440,3.720186795346558e-59,0,,165,100
565,5650,6450,4.311607029980518e-61,0,,165,100
566,5660,6460,4.6162425675777313e-60,0,,169,100
567,5670,6470,2.2503462976353386e-61,0,,170,100
568,5680,6480,7.061218182655732e-60,0,,167,100
569,5690,6490,3.119070356539307e-61,0,,171,100
570,5700,6500,3.4601206690896456e-60,0,,175,100
571,5710,6510,4.6768320401429726e-67,0,,174,100
572,5720,6520,5.302036888615356e-65,0,,178,100
573,5730,6530,4.071459155779473e-62,0,,178,100
574,5740,6540,8.140757510166528e-60,0,,176,100
575,5750,6550,6.104413392214567e-59,0,,176,100
576,5760,6560,4.767099217719489e-60,0,,176,100
577,5770,6570,4.744971061003057e-54,0,,176,100
578,5780,6580,1.0183921743058597e-55,0,,180,100
579,5790,6590,3.395343068997071e-56,0,,180,100
580,5800,6600,4.378548796641861e-57,0,,180,100
581,5810,6610,1.0613535579110438e-55,0,,182,100
582,5820,6620,1.1297569892048047e-57,0,,183,100
583,5830,6630,1.9088481460948532e-56,0,,187,100
584,5840,6640,4.3102923449595015e-59,0,,188,100
585,5850,6650,5.634497791764392e-56,0,,189,100
586,5860,6660,1.438485772349562e-56,0,,187,100
587,5870,6670,4.577579028283685e-59,0,,184,100
588,5880,6680,6.785401182338379e-57,0,,184,100
589,5890,6690,3.788644640502625e-56,0,,185,100
590,5900,6700,4.0118882333584967e-56,0,,185,100
591,5910,6710,3.505809014365951e-54,0,,185,100
592,5920,6720,4.6664570683428445e-56,0,,188,100
593,5930,6730,5.338145299005729e-58,0,,188,100
594,5940,6740,1.5195691878917968e-58,0,,189,100
595,5950,6750,9.961239766086403e-49,0,,187,100
596,5960,6760,1.325176508159712e-50,0,,188,100
597,5970,6770,1.696649175921584e-50,0,,185,100
598,5980,6780,2.1147000036778075e-48,0,,186,100
599,5990,6790,1.006580853939199e-49,0,,188,100
600,6000,6800,2.6171011263976133e-51,0,,189,100
601,6010,6810,4.648877115382817e-50,0,,189,100
602,6020,6820,5.604795425644998e-49,0,,189,100
603,6030,6830,2.0320798313931332e-50,0,,189,100
604,6040,6840,1.492558411869578e-51,0,,192,100
605,6050,6850,1.4330947564160816e-48,0,,192,100
606,6060,6860,1.2853473301745908e-49,0,,193,100
607,6070,6870,5.3061613060398685e-49,0,,193,100
608,6080,6880,2.30637249770403e-52,0,,193,100
609,6090,6890,1.0600278713913827e-49,0,,195,100
610,6100,6900,3.147566483346426e-50,0,,194,100
611,6110,6910,8.714598973406153e-48,0,,193,100
612,6120,6920,4.786944171567038e-51,0,,197,100
613,6130,6930,1.0104557401468308e-50,0,,197,100
614,6140,6940,2.4165480922803355e-47,0,,195,100
615,6150,6950,5.720001369654827e-45,0,,197,100
616,6160,6960,2.839093000241509e-42,0,,196,100
617,6170,6970,1.5497820239223143e-41,0,,197,100
618,6180,6980,4.286158321642724e-42,0,,197,100
619,6190,6990,2.3229723825426474e-40,0,,198,100
620,6200,7000,8.052936723679476e-45,0,,198,100
621,6210,7010,4.619320961434793e-50,0,,198,100
622,6220,7020,8.097257192842256e-49,0,,199,100
623,6230,7030,1.3276964635020637e-49,0,,198,100
624,6240,7040,2.2309618170248717e-50,0,,198,100
625,6250,7050,4.709260350815897e-51,0,,198,100
626,6260,7060,7.150803510284544e-52,0,,198,100
627,6270,7070,4.08636871114115e-56,0,,198,100
628,6280,7080,2.1255529895794633e-59,0,,199,100
629,6290,7090,1.0757365689602317e-63,0,,199,100
630,6300,7100,5.464899815843081e-64,0,,198,100
631,6310,7110,3.803354789380411e-59,0,,198,100
632,6320,7120,1.958275286843927e-58,0,,197,100
633,6330,7130,8.56270255449726e-58,0,,200,100
634,6340,7140,3.243043851822868e-58,0,,199,100
635,6350,7150,7.496201341937239e-54,0,,200,100
636,6360,7160,9.59750699719487e-56,0,,200,100
637,6370,7170,2.7411638704991776e-52,0,,199,100
638,6380,7180,1.6063270322142323e-54,0,,197,100
639,6390,7190,5.57581063060848e-57,0,,197,100
640,6400,7200,9.168873743043997e-57,0,,200,100
641,6410,7210,1.954713392422818e-60,0,,199,100
642,6420,7220,1.012199767016308e-57,0,,200,100
643,6430,7230,5.888712087909925e-57,0,,201,100
644,6440,7240,3.656404631832816e-57,0,,201,100
645,6450,7250,1.8350897708500797e-60,0,,202,100
646,6460,7260,4.06107093536073e-57,0,,200,100
647,6470,7270,4.768547204942706e-59,0,,203,100
648,6480,7280,4.9508488699071165e-57,0,,201,100
649,6490,7290,3.9115296248130062e-53,0,,198,100
650,6500,7300,2.5222087390476973e-48,0,,197,100
651,6510,7310,5.1395667482861446e-51,0,,199,100
652,6520,7320,1.8588757597256428e-53,0,,193,100
653,6530,7330,1.0098175088236352e-52,0,,192,100
654,6540,7340,5.824114516531247e-51,0,,196,100
655,6550,7350,1.0359539595275913e-48,0,,198,100
656,6560,7360,1.0162622941171756e-54,0,,201,100
657,6570,7370,1.1885214661733224e-53,0,,200,100
658,6580,7380,3.023564743920257e-45,0,,196,100
659,6590,7390,7.035975239750009e-44,0,,196,100
660,6600,7400,1.767532458820874e-42,0,,196,100
661,6610,7410,4.6243595266145986e-39,0,,196,100
662,6620,7420,1.4163863460034023e-39,0,,195,100
663,6630,7430,4.321016565071806e-42,0,,194,100
664,6640,7440,8.471657118196354e-43,0,,193,100
665,6650,7450,2.110967324291947e-50,0,,194,100
666,6660,7460,1.282440493784178e-53,0,,193,100
667,6670,7470,3.049417715934565e-54,0,,196,100
668,6680,7480,4.660864057530812e-52,0,,197,100
669,6690,7490,4.423010903261674e-59,0,,196,100
670,6700,7500,2.061896965021372e-62,0,,195,100
671,6710,7510,3.8573703440381665e-64,0,,195,100
672,6720,7520,2.3357311112134438e-62,0,,193,100
673,6730,7530,1.5249443939637785e-63,0,,194,100
674,6740,7540,3.689605036592811e-63,0,,196,100
675,6750,7550,4.112320363486375e-64,0,,200,100
676,6760,7560,2.7743567686368105e-61,0,,201,100
677,6770,7570,1.4749337393576936e-68,0,,200,100
678,6780,7580,9.167216619676486e-72,0,,203,100
679,6790,7590,3.1119419581711114e-74,0,,204,100
680,6800,7600,5.132103932805711e-75,0,,204,100
681,6810,7610,1.522707197573357e-76,0,,204,100
682,6820,7620,1.9793179247355174e-69,0,,203,100
683,6830,7630,9.349995246706439e-68,0,,207,100
684,6840,7640,6.559229211373106e-69,0,,206,100
685,6850,7650,4.879340485620701e-66,0,,204,100
686,6860,7660,1.7166930298803493e-60,0,,204,100
687,6870,7670,6.591047771942765e-60,0,,205,100
688,6880,7680,7.759161895574447e-57,0,,204,100
689,6890,7690,4.123234862741345e-59,0,,204,100
690,6900,7700,2.5229275363415753e-55,0,,204,100
691,6910,7710,6.576823725666246e-55,0,,203,100
692,6920,7720,4.7823998246492295e-57,0,,201,100
693,6930,7730,2.1061205022654028e-57,0,,202,100
694,6940,7740,2.8228497746090318e-64,0,,202,100
695,6950,7750,3.0190143674478376e-65,0,,203,100
696,6960,7760,5.394975868704759e-67,0,,202,100
697,6970,7770,2.5407060812522395e-63,0,,201,100
698,6980,7780,2.2289799845501944e-63,0,,202,100
699,6990,7790,7.051023907467608e-57,0,,202,100
700,7000,7800,5.4878456374470065e-52,0,,202,100
701,7010,7810,5.181540107387484e-50,0,,201,100
702,7020,7820,6.402879161502591e-50,0,,202,100
703,7030,7830,1.5858533015388352e-54,0,,201,100
704,7040,7840,2.1600361224098216e-52,0,,202,100
705,7050,7850,2.460685010969297e-53,0,,203,100
706,7060,7860,5.339569089320224e-53,0,,203,100
707,7070,7870,3.4773490231187915e-43,0,,201,100
708,7080,7880,1.5450099643996996e-48,0,,201,100
709,7090,7890,1.383484705969704e-47,0,,202,100
710,7100,7900,2.2656395237344155e-49,0,,202,100
711,7110,7910,3.524606574629264e-48,0,,202,100
712,7120,7920,1.026890282893258e-50,0,,202,100
713,7130,7930,4.0468230840274735e-50,0,,201,100
714,7140,7940,2.2204040553665437e-50,0,,204,100
715,7150,7950,7.333101317024107e-48,0,,203,100
716,7160,7960,6.532090351491518e-48,0,,205,100
717,7170,7970,1.2015276332569493e-45,0,,202,100
718,7180,7980,1.3303498020837128e-46,0,,203,100
719,7190,7990,4.418273138532923e-45,0,,205,100
720,7200,8000,4.1350452283939396e-45,0,,203,100
721,7210,8010,8.551808366631136e-42,0,,204,100
722,7220,8020,1.835178454632733e-42,0,,203,100
723,7230,8030,3.152066675820884e-44,0,,204,100
724,7240,8040,1.2355930269672826e-43,0,,205,100
725,7250,8050,9.209550816427805e-45,0,,206,100
726,7260,8060,3.336268888012434e-46,0,,203,100
727,7270,8070,1.5463330340155736e-45,0,,202,100
728,7280,8080,9.071327971646457e-47,0,,202,100
729,7290,8090,2.6015439601215745e-45,0,,202,100
730,7300,8100,2.6200620160132943e-50,0,,205,100
731,7310,8110,6.4694939481658136e-52,0,,205,100
732,7320,8120,1.0464215056737967e-48,0,,205,100
733,7330,8130,5.251826071052322e-47,0,,203,100
734,7340,8140,2.8915583079544045e-48,0,,201,100
735,7350,8150,7.37285523377254e-47,0,,201,100
736,7360,8160,1.6218606303480854e-47,0,,196,100
737,7370,8170,2.2102590970127685e-46,0,,197,100
738,7380,8180,4.1400517968790356e-45,0,,197,100
739,7390,8190,6.790271225089352e-52,0,,197,100
740,7400,8200,2.0082038205043213e-52,0,,195,100
741,7410,8210,9.932881969024307e-52,0,,194,100
742,7420,8220,1.8478957651048066e-55,0,,193,100
743,7430,8230,4.496292871734148e-53,0,,193,100
744,7440,8240,4.2612678626151077e-50,0,,192,100
745,7450,8250,1.3042797053852997e-51,0,,190,100
746,7460,8260,3.3364073499460613e-53,0,,191,100
747,7470,8270,1.4504248655904967e-61,0,,189,100
748,7480,8280,1.1315173163511879e-56,0,,189,100
749,7490,8290,3.1064633231643843e-57,0,,190,100
750,7500,8300,2.0170915674714085e-56,0,,191,100
751,7510,8310,5.041484507341484e-61,0,,192,100
752,7520,8320,1.1123074256938024e-60,0,,191,100
753,7530,8330,7.454562644532649e-68,0,,190,100
754,7540,8340,4.370734162381338e-69,0,,190,100
755,7550,8350,2.2060031801118785e-69,0,,187,100
756,7560,8360,2.0273515168669638e-69,0,,185,100
757,7570,8370,5.93813982013714e-68,0,,184,100
758,7580,8380,1.8924616754689246e-69,0,,181,100
759,7590,8390,2.0131589120688326e-69,0,,181,100
760,7600,8400,2.748215295391296e-73,0,,180,100
761,7610,8410,1.357112410446329e-75,0,,181,100
762,7620,8420,3.1176022087935723e-74,0,,181,100
763,7630,8430,2.2346981652177634e-71,0,,177,100
764,7640,8440,7.378565511286421e-66,0,,179,100
765,7650,8450,5.06628590839388e-67,0,,179,100
766,7660,8460,6.990382050956129e-67,0,,178,100
767,7670,8470,6.488400773968448e-72,0,,180,100
768,7680,8480,1.184253447869709e-69,0,,179,100
769,7690,8490,1.0748623389011424e-70,0,,180,100
770,7700,8500,1.6412676288734825e-65,0,,180,100
771,7710,8510,8.172694018532996e-66,0,,179,100
772,7720,8520,2.856914789309494e-67,0,,179,100
773,7730,8530,2.152767998460392e-62,0,,178,100
774,7740,8540,1.1737728224711051e-60,0,,179,100
775,7750,8550,2.0730441940441278e-63,0,,181,100
776,7760,8560,1.3556951157566478e-66,0,,181,100
777,7770,8570,5.412418508861418e-65,0,,180,100
778,7780,8580,1.8652634545670674e-65,0,,182,100
779,7790,8590,1.754140162890963e-66,0,,182,100
780,7800,8600,2.607564300451934e-65,0,,182,100
781,7810,8610,6.204514281417573e-64,0,,183,100
782,7820,8620,3.276452513036383e-66,0,,183,100
783,7830,8630,1.2713346344665153e-61,0,,183,100
784,7840,8640,3.291351285925436e-61,0,,183,100
785,7850,8650,3.810477232187349e-62,0,,185,100
786,7860,8660,1.252537949293572e-60,0,,185,100
787,7870,8670,6.645251548642294e-64,0,,183,100
788,7880,8680,5.797199743939839e-64,0,,183,100
789,7890,8690,1.1964706916529678e-63,0,,182,100
790,7900,8700,1.9773510665574344e-61,0,,181,100
791,7910,8710,6.181778641746236e-58,0,,182,100
792,7920,8720,1.0606858065436333e-57,0,,183,100
793,7930,8730,4.1819302366654895e-55,0,,183,100
794,7940,8740,1.4052745885405284e-53,0,,182,100
795,7950,8750,2.138881834485356e-54,0,,183,100
796,7960,8760,6.101951637990205e-54,0,,184,100
797,7970,8770,1.4684097507503709e-53,0,,185,100
798,7980,8780,3.016952028208339e-51,0,,186,100
799,7990,8790,7.058003654044836e-56,0,,185,100
800,8000,8800,8.210873915135294e-56,0,,185,100
801,8010,8810,1.460033113150455e-62,0,,187,100
802,8020,8820,5.54980213868679e-57,0,,187,100
803,8030,8830,1.8715505960155602e-55,0,,187,100
804,8040,8840,1.8344775792277744e-56,0,,187,100
805,8050,8850,1.4091933720139597e-54,0,,186,100
806,8060,8860,3.534653585372357e-53,0,,187,100
807,8070,8870,4.462224004224087e-55,0,,187,100
808,8080,8880,2.8136414486477396e-53,0,,187,100
809,8090,8890,7.063156191480171e-49,0,,185,100
810,8100,8900,5.106957664867517e-49,0,,183,100
811,8110,8910,1.4624308634779553e-49,0,,185,100
812,8120,8920,1.6678693040421622e-50,0,,185,100
813,8130,8930,2.0578713401844562e-53,0,,187,100
814,8140,8940,9.384770167255651e-59,0,,187,100
815,8150,8950,2.7360903293492124e-55,0,,186,100
816,8160,8960,1.3598647036659674e-58,0,,185,100
817,8170,8970,2.3872324908908602e-60,0,,189,100
818,8180,8980,7.798987992729861e-62,0,,190,100
819,8190,8990,1.0490473984897584e-59,0,,189,100
820,8200,9000,3.5937433365391838e-65,0,,192,100
821,8210,9010,1.2799325909820343e-59,0,,191,100
822,8220,9020,2.6191817802156822e-55,0,,190,100
823,8230,9030,1.0629071362051455e-56,0,,189,100
824,8240,9040,6.185644802976688e-54,0,,191,100
825,8250,9050,9.874477321571468e-51,0,,192,100
826,8260,9060,5.370979962374402e-53,0,,192,100
827,8270,9070,1.528567937821744e-56,0,,190,100
828,8280,9080,5.976998744853147e-63,0,,191,100
829,8290,9090,2.2311428023113714e-59,0,,193,100
830,8300,9100,6.577391981644901e-56,0,,193,100
831,8310,9110,1.7225912979464226e-55,0,,193,100
832,8320,9120,3.622658201881659e-60,0,,193,100
833,8330,9130,2.0060500848419725e-59,0,,193,100
834,8340,9140,2.7336886635816445e-59,0,,191,100
835,8350,9150,1.4454045671686245e-60,0,,191,100
836,8360,9160,2.157714900337686e-59,0,,193,100
837,8370,9170,9.160139421340592e-64,0,,192,100
838,8380,9180,9.643636756545083e-62,0,,192,100
839,8390,9190,2.3888730317679068e-60,0,,196,100
840,8400,9200,1.7864610518376293e-66,0,,196,100
841,8410,9210,2.0915360287176e-67,0,,196,100
842,8420,9220,2.9411080361819412e-67,0,,199,100
843,8430,9230,2.146002894065975e-68,0,,198,100
844,8440,9240,6.081302905525061e-67,0,,200,100
845,8450,9250,2.109374549689468e-69,0,,200,100
846,8460,9260,1.5680347365682719e-68,0,,199,100
847,8470,9270,7.919999814109633e-71,0,,200,100
848,8480,9280,1.025343969044194e-67,0,,200,100
849,8490,9290,5.816496915262086e-66,0,,201,100
850,8500,9300,4.0519211889001936e-67,0,,202,100
851,8510,9310,3.3379791240317e-69,0,,203,100
852,8520,9320,8.169937605690789e-71,0,,204,100
853,8530,9330,3.0750046254386042e-71,0,,204,100
854,8540,9340,6.60938949636588e-75,0,,204,100
855,8550,9350,3.5360867350817374e-65,0,,202,100
856,8560,9360,6.664667313625678e-67,0,,201,100
857,8570,9370,1.9570741581875376e-65,0,,205,100
858,8580,9380,3.20256294498145e-64,0,,204,100
859,8590,9390,1.7103602743159438e-62,0,,204,100
860,8600,9400,3.5667260538192774e-58,0,,204,100
861,8610,9410,2.5121142885258504e-58,0,,204,100
862,8620,9420,8.50728621715371e-56,0,,203,100
863,8630,9430,4.961609759079625e-55,0,,202,100
864,8640,9440,3.432303552908143e-47,0,,200,100
865,8650,9450,3.1155171920651425e-43,0,,201,100
866,8660,9460,1.596980210599374e-42,0,,201,100
867,8670,9470,1.7991407505884546e-42,0,,201,100
868,8680,9480,1.3995375024912147e-40,0,,202,100
869,8690,9490,9.521341195253044e-44,0,,204,100
870,8700,9500,3.3189178494682856e-44,0,,206,100
871,8710,9510,5.2358606102192987e-39,0,,205,100
872,8720,9520,2.4896240769659647e-41,0,,205,100
873,8730,9530,1.768701768123388e-43,0,,205,100
874,8740,9540,4.016089594054535e-42,0,,207,100
875,8750,9550,1.0468310324389442e-40,0,,204,100
876,8760,9560,6.305759018646802e-44,0,,204,100
877,8770,9570,3.668705657965969e-43,0,,203,100
878,8780,9580,4.771680984341082e-41,0,,202,100
879,8790,9590,6.203268517467919e-40,0,,203,100
880,8800,9600,4.985929590650361e-44,0,,202,100
881,8810,9610,1.1726862682683664e-38,0,,202,100
882,8820,9620,1.6915753881016535e-43,0,,206,100
883,8830,9630,3.095165505055222e-46,0,,206,100
884,8840,9640,1.414875581423373e-45,0,,206,100
885,8850,9650,2.451167360991299e-44,0,,205,100
886,8860,9660,2.668508540790229e-49,0,,204,100
887,8870,9670,4.8321649916421255e-48,0,,207,100
888,8880,9680,5.2492970441157674e-49,0,,208,100
889,8890,9690,1.328691177264552e-49,0,,207,100
890,8900,9700,4.1226839759338907e-50,0,,207,100
891,8910,9710,4.1991897409166575e-55,0,,206,100
892,8920,9720,2.5547128982840094e-55,0,,205,100
893,8930,9730,1.3636729566298654e-53,0,,204,100
894,8940,9740,4.0355159736368293e-54,0,,205,100
895,8950,9750,4.139526860623112e-45,0,,205,100
896,8960,9760,2.733345651447713e-48,0,,206,100
897,8970,9770,2.272967603039808e-45,0,,204,100
898,8980,9780,2.672999521818857e-45,0,,205,100
899,8990,9790,1.3169758985106289e-45,0,,205,100
900,9000,9800,1.7421054384604827e-44,0,,206,100
901,9010,9810,1.74866008244223e-41,0,,210,100
902,9020,9820,5.271143694764022e-46,0,,209,100
903,9030,9830,5.947702759225956e-47,0,,208,100
904,9040,9840,9.400552486821584e-43,0,,210,100
905,9050,9850,1.1388220394296836e-45,0,,211,100
906,9060,9860,2.2691883858255957e-48,0,,210,100
907,9070,9870,6.580726404116342e-48,0,,211,100
908,9080,9880,1.2423560445590393e-49,0,,212,100
909,9090,9890,3.973161992894724e-56,0,,212,100
910,9100,9900,1.0434808055656198e-52,0,,213,100
911,9110,9910,1.430790496244825e-50,0,,214,100
912,9120,9920,6.888656475910742e-50,0,,215,100
913,9130,9930,1.0009296564158094e-52,0,,215,100
914,9140,9940,5.06535709209845e-51,0,,219,100
915,9150,9950,1.903189969015933e-52,0,,219,100
916,9160,9960,3.155666286969613e-50,0,,219,100
917,9170,9970,3.202122892753457e-49,0,,220,100
918,9180,9980,3.60449415566951e-51,0,,219,100
919,9190,9990,7.763872446104756e-55,0,,215,100
920,9200,10000,1.7549801830166352e-56,0,,216,100
921,9210,10010,3.0454784006654834e-56,0,,217,100
922,9220,10020,4.614929084749312e-58,0,,217,100
923,9230,10030,1.7327436501938883e-55,0,,216,100
924,9240,10040,2.2538847790728583e-58,0,,214,100
925,9250,10050,7.578571797404101e-59,0,,217,100
926,9260,10060,2.9205697681812314e-57,0,,218,100
927,9270,10070,2.6450858147955887e-54,0,,216,100
928,9280,10080,3.7710426065840145e-53,0,,217,100
929,9290,10090,5.1515991815617e-56,0,,217,100
930,9300,10100,2.5761165612864324e-61,0,,217,100
931,9310,10110,2.0473890087820743e-58,0,,217,100
932,9320,10120,5.381970719150621e-54,0,,216,100
933,9330,10130,1.88021049252385e-57,0,,214,100
934,9340,10140,1.0077176515356527e-55,0,,215,100
935,9350,10150,7.083076529581269e-53,0,,216,100
936,9360,10160,7.327248137565339e-53,0,,219,100
937,9370,10170,2.818574192054518e-57,0,,215,100
938,9380,10180,1.3277885319068757e-55,0,,217,100
939,9390,10190,3.3553257065860594e-58,0,,217,100
940,9400,10200,2.315226605069438e-61,0,,215,100
941,9410,10210,5.1755914316532874e-55,0,,215,100
942,9420,10220,1.366589726724441e-60,0,,218,100
943,9430,10230,7.278923579635543e-62,0,,218,100
944,9440,10240,4.300652984423446e-59,0,,220,100
945,9450,10250,1.69250725380938e-56,0,,220,100
946,9460,10260,1.9095775597225965e-57,0,,221,100
947,9470,10270,4.099819424599206e-56,0,,221,100
948,9480,10280,5.741499160132144e-64,0,,222,100
949,9490,10290,1.168505450517333e-53,0,,222,100
950,9500,10300,1.4316228099676382e-48,0,,222,100
951,9510,10310,1.0319448935913283e-49,0,,221,100
952,9520,10320,2.510238346584933e-49,0,,224,100
953,9530,10330,4.304764088324121e-50,0,,223,100
954,9540,10340,2.431983995279731e-56,0,,222,100
955,9550,10350,1.196963398396643e-62,0,,223,100
956,9560,10360,6.263586230189529e-70,0,,222,100
957,9570,10370,8.139179947353775e-71,0,,223,100
958,9580,10380,5.864877567463119e-71,0,,222,100
959,9590,10390,1.55628386625727e-72,0,,222,100
960,9600,10400,1.7493861298703581e-68,0,,225,100
961,9610,10410,3.0557053564858904e-68,0,,224,100
962,9620,10420,1.1555754409318038e-70,0,,222,100
963,9630,10430,1.3281492050245234e-68,0,,221,100
964,9640,10440,1.620092021576409e-64,0,,222,100
965,9650,10450,9.736038344676963e-69,0,,224,100
966,9660,10460,1.0131990170759897e-74,0,,223,100
967,9670,10470,1.1824122278708816e-73,0,,221,100
968,9680,10480,7.003796813801325e-72,0,,222,100
969,9690,10490,7.985644853183798e-76,0,,223,100
970,9700,10500,2.3954022881872165e-78,0,,226,100
971,9710,10510,1.5410414940368482e-77,0,,226,100
972,9720,10520,4.1385610424835854e-73,0,,227,100
973,9730,10530,6.807703110769657e-75,0,,226,100
974,9740,10540,6.035953653925535e-74,0,,228,100
975,9750,10550,8.712473444295571e-70,0,,229,100
976,9760,10560,3.933691178684408e-62,0,,227,100
977,9770,10570,4.384418599141882e-58,0,,225,100
978,9780,10580,2.601633839146817e-63,0,,229,100
979,9790,10590,4.126008540953436e-62,0,,229,100
980,9800,10600,7.68937003968229e-62,0,,227,100
981,9810,10610,3.813984266673727e-70,0,,223,100
982,9820,10620,2.09387131249063e-68,0,,225,100
983,9830,10630,3.1857235061447464e-68,0,,223,100
984,9840,10640,1.0512318499027304e-65,0,,219,100
985,9850,10650,4.7370210890921356e-64,0,,221,100
986,9860,10660,1.9560592565926912e-61,0,,221,100
987,9870,10670,3.2790389225601204e-64,0,,225,100
988,9880,10680,8.050015686962377e-59,0,,221,100
989,9890,10690,6.817755717858278e-59,0,,219,100
990,9900,10700,2.5764293956881432e-61,0,,217,100
991,9910,10710,8.345436336043677e-62,0,,217,100
992,9920,10720,2.1884923977043447e-60,0,,216,100
993,9930,10730,3.081972693964847e-61,0,,216,100
994,9940,10740,2.4463478389665735e-57,0,,213,100
995,9950,10750,6.482174361244361e-58,0,,214,100
996,9960,10760,7.586703468900709e-56,0,,217,100
997,9970,10770,2.2837226296111473e-57,0,,217,100
998,9980,10780,3.416448985026407e-54,0,,216,100
999,9990,10790,1.4741707411971413e-58,0,,217,100
1000,10000,10800,2.961273442087984e-59,0,,214,100
1001,10010,10810,5.8032148253975535e-64,0,,214,100
1002,10020,10820,4.804677773402455e-62,0,,215,100
1003,10030,10830,1.6577291761347048e-57,0,,214,100
1004,10040,10840,7.043585891917139e-58,0,,214,100
1005,10050,10850,1.6605046103440845e-57,0,,212,100
1006,10060,10860,2.9991502076846017e-61,0,,212,100
1007,10070,10870,1.0330922803853224e-53,0,,215,100
1008,10080,10880,1.3520160651941056e-50,0,,215,100
1009,10090,10890,6.936857851681296e-50,0,,215,100
1010,10100,10900,1.5166319719423338e-49,0,,216,100
1011,10110,10910,2.5277231116659463e-47,0,,216,100
1012,10120,10920,2.0966573426640623e-51,0,,217,100
1013,10130,10930,6.256316576811857e-52,0,,216,100
1014,10140,10940,2.5336348907478077e-48,0,,216,100
1015,10150,10950,4.020997489865519e-50,0,,216,100
1016,10160,10960,6.994545211513413e-48,0,,213,100
1017,10170,10970,2.0479445355113364e-46,0,,212,100
1018,10180,10980,1.7309988607699603e-48,0,,213,100
1019,10190,10990,2.0391287198804418e-47,0,,214,100
1020,10200,11000,2.565366491427781e-42,0,,215,100
1021,10210,11010,3.6856794358838166e-42,0,,215,100
1022,10220,11020,4.822675388849033e-44,0,,214,100
1023,10230,11030,1.6004848906682606e-45,0,,213,100
1024,10240,11040,5.671642341415569e-50,0,,211,100
1025,10250,11050,4.4920790586911655e-49,0,,211,100
1026,10260,11060,2.0249262756434124e-53,0,,211,100
1027,10270,11070,1.0983638515650812e-54,0,,211,100
1028,10280,11080,3.784871170684678e-55,0,,214,100
1029,10290,11090,3.200310957051025e-55,0,,214,100
1030,10300,11100,1.0585179282812565e-52,0,,213,100
1031,10310,11110,1.3192325802888716e-57,0,,213,100
1032,10320,11120,3.55195999695737e-60,0,,212,100
1033,10330,11130,6.80422409295311e-58,0,,211,100
1034,10340,11140,4.214127804047557e-62,0,,212,100
1035,10350,11150,8.478669965835375e-57,0,,213,100
1036,10360,11160,1.231158518375413e-59,0,,214,100
1037,10370,11170,3.1604813752713254e-60,0,,213,100
1038,10380,11180,1.0448573373058504e-58,0,,213,100
1039,10390,11190,6.548083478707149e-58,0,,212,100
1040,10400,11200,5.879020758356113e-63,0,,211,100
1041,10410,11210,8.440898672355478e-60,0,,212,100
1042,10420,11220,1.9051868504418755e-64,0,,212,100
1043,10430,11230,3.980904301928938e-62,0,,213,100
1044,10440,11240,1.3329385928361652e-61,0,,213,100
1045,10450,11250,8.228029687008118e-60,0,,213,100
1046,10460,11260,4.496694410760453e-64,0,,213,100
1047,10470,11270,1.0415826257860544e-63,0,,215,100
1048,10480,11280,7.08193692858545e-69,0,,215,100
1049,10490,11290,1.1537706784539146e-57,0,,215,100
1050,10500,11300,1.2795963327119404e-55,0,,216,100
1051,10510,11310,3.24503216758272e-57,0,,217,100
1052,10520,11320,4.8945985331015174e-55,0,,215,100
1053,10530,11330,5.584413207829101e-59,0,,216,100
1054,10540,11340,5.317295397171561e-60,0,,214,100
1055,10550,11350,2.347575457524973e-59,0,,212,100
1056,10560,11360,9.980350406544777e-64,0,,213,100
1057,10570,11370,3.0117034036369256e-68,0,,218,100
1058,10580,11380,2.0901663804514524e-67,0,,214,100
1059,10590,11390,3.001176739910074e-66,0,,218,100
1060,10600,11400,1.3164978759507527e-63,0,,218,100
1061,10610,11410,1.2120578818677694e-62,0,,220,100
1062,10620,11420,9.601571031431531e-64,0,,221,100
1063,10630,11430,2.2764988207467013e-61,0,,219,100
1064,10640,11440,3.5521070125899366e-57,0,,221,100
1065,10650,11450,8.627454990785962e-59,0,,221,100
1066,10660,11460,4.369033035642416e-60,0,,220,100
1067,10670,11470,3.705328542856802e-57,0,,219,100
1068,10680,11480,6.549235315359353e-56,0,,218,100
1069,10690,11490,1.1086018815551239e-57,0,,216,100
1070,10700,11500,4.623541558676653e-57,0,,216,100
1071,10710,11510,2.5732254074797917e-54,0,,217,100
1072,10720,11520,9.873225311081813e-53,0,,217,100
1073,10730,11530,1.641804390624186e-58,0,,214,100
1074,10740,11540,7.886294963380521e-60,0,,215,100
1075,10750,11550,2.245325077849302e-59,0,,215,100
1076,10760,11560,3.5580319031091805e-51,0,,211,100
1077,10770,11570,1.461206407973848e-51,0,,211,100
1078,10780,11580,8.377543050529595e-53,0,,211,100
1079,10790,11590,1.7034419864529617e-49,0,,211,100
1080,10800,11600,8.849367251928159e-55,0,,211,100
1081,10810,11610,1.744024557181398e-56,0,,210,100
1082,10820,11620,2.8960144494684267e-56,0,,210,100
1083,10830,11630,8.141487888265302e-56,0,,209,100
1084,10840,11640,4.185871813822778e-56,0,,207,100
1085,10850,11650,5.216671253510772e-57,0,,209,100
1086,10860,11660,1.1146920695146255e-51,0,,209,100
1087,10870,11670,6.656594764722433e-57,0,,206,100
1088,10880,11680,4.4900680654739196e-52,0,,205,100
1089,10890,11690,3.2816744579316893e-52,0,,206,100
1090,10900,11700,1.198739931391768e-54,0,,205,100
1091,10910,11710,1.0494541310330983e-49,0,,205,100
1092,10920,11720,6.284280474593607e-50,0,,207,100
1093,10930,11730,1.8617033122529267e-47,0,,208,100
1094,10940,11740,2.803630902730271e-46,0,,208,100
1095,10950,11750,1.5633009624036085e-46,0,,208,100
1096,10960,11760,2.0831681803430348e-43,0,,207,100
1097,10970,11770,4.63275909286807e-41,0,,208,100
1098,10980,11780,5.753377611973441e-40,0,,207,100
1099,10990,11790,2.2190732389000685e-44,0,,207,100
1100,11000,11800,1.0794947438437447e-39,0,,205,100
1101,11010,11810,2.726461746360385e-41,0,,205,100
1102,11020,11820,2.1688689591139428e-44,0,,205,100
1103,11030,11830,1.3714053242868887e-42,0,,204,100
1104,11040,11840,9.195018775115028e-42,0,,203,100
1105,11050,11850,3.1560214621814536e-42,0,,204,100
1106,11060,11860,5.9370498270499835e-37,0,,202,100
1107,11070,11870,1.2329427413292005e-37,0,,200,100
1108,11080,11880,2.5639198330845555e-41,0,,197,100
1109,11090,11890,1.6498975593414295e-47,0,,197,100
1110,11100,11900,2.0565628656681081e-47,0,,197,100
1111,11110,11910,4.400194572603251e-42,0,,198,100
1112,11120,11920,4.000336471467034e-48,0,,198,100
1113,11130,11930,6.946423424894461e-46,0,,197,100
1114,11140,11940,4.272574171986587e-44,0,,197,100
1115,11150,11950,1.8897896543617987e-48,0,,198,100
1116,11160,11960,1.196791663976973e-49,0,,202,100
1117,11170,11970,8.194515299481408e-54,0,,201,100
1118,11180,11980,3.083808121930805e-50,0,,201,100
1119,11190,11990,1.5596164625200736e-49,0,,205,100
1120,11200,12000,1.1009165225595548e-50,0,,202,100
1121,11210,12010,2.6691413863897657e-47,0,,200,100
1122,11220,12020,3.0308199579296824e-51,0,,201,100
1123,11230,12030,2.755022130029839e-49,0,,200,100
1124,11240,12040,6.863891980733836e-47,0,,199,100
1125,11250,12050,2.371266331495512e-49,0,,199,100
1126,11260,12060,6.091663143576366e-49,0,,198,100
1127,11270,12070,5.989389847398926e-51,0,,199,100
1128,11280,12080,6.897116850501553e-51,0,,198,100
1129,11290,12090,3.396691098106091e-53,0,,197,100
1130,11300,12100,6.142808419642675e-48,0,,194,100
1131,11310,12110,9.592595061525546e-48,0,,195,100
1132,11320,12120,4.427313665441245e-50,0,,197,100
1133,11330,12130,3.1779076499583867e-52,0,,198,100
1134,11340,12140,7.551393505068619e-44,0,,198,100
1135,11350,12150,5.329521698059427e-48,0,,201,100
1136,11360,12160,1.5665931270835727e-49,0,,200,100
1137,11370,12170,4.527298511308606e-55,0,,197,100
1138,11380,12180,3.5298173978929306e-54,0,,197,100
1139,11390,12190,1.3664814568159553e-63,0,,193,100
1140,11400,12200,3.154751932107712e-61,0,,196,100
1141,11410,12210,2.4948980875054417e-60,0,,195,100
1142,11420,12220,2.165767023897622e-64,0,,195,100
1143,11430,12230,2.1823128477702917e-62,0,,195,100
1144,11440,12240,2.2053424181966063e-57,0,,194,100
1145,11450,12250,9.42151286563594e-53,0,,193,100
1146,11460,12260,1.2782568843616179e-56,0,,193,100
1147,11470,12270,6.547763750254853e-59,0,,194,100
1148,11480,12280,9.191794139036065e-57,0,,194,100
1149,11490,12290,5.503542732242465e-54,0,,194,100
1150,11500,12300,1.0321818658930478e-55,0,,193,100
1151,11510,12310,3.1955262847208926e-56,0,,194,100
1152,11520,12320,3.579170415225994e-55,0,,194,100
1153,11530,12330,1.4573733625996347e-53,0,,195,100
1154,11540,12340,1.1789596628481316e-57,0,,193,100
1155,11550,12350,1.3230690722332412e-60,0,,193,100
1156,11560,12360,3.5433265788521904e-57,0,,194,100
1157,11570,12370,2.2544280630804175e-57,0,,194,100
1158,11580,12380,3.81196280160147e-52,0,,195,100
1159,11590,12390,7.454691942299554e-52,0,,194,100
1160,11600,12400,1.9486838746669004e-48,0,,193,100
1161,11610,12410,1.1464967373444073e-48,0,,193,100
1162,11620,12420,2.2735527532181487e-48,0,,193,100
1163,11630,12430,3.3860770150199734e-48,0,,196,100
1164,11640,12440,2.966363616434686e-49,0,,198,100
1165,11650,12450,1.9872762704283692e-48,0,,194,100
1166,11660,12460,4.9204778881096005e-48,0,,194,100
1167,11670,12470,1.3313885240992432e-43,0,,192,100
1168,11680,12480,1.9909408750158157e-49,0,,197,100
1169,11690,12490,2.9198010794730515e-49,0,,194,100
1170,11700,12500,6.365664574013676e-50,0,,197,100
1171,11710,12510,2.481371475916803e-50,0,,198,100
1172,11720,12520,2.4911685991090038e-57,0,,195,100
1173,11730,12530,4.7576412567523135e-58,0,,198,100
1174,11740,12540,1.889489085449044e-62,0,,197,100
1175,11750,12550,7.221922908610786e-56,0,,199,100
1176,11760,12560,1.4664093981248498e-52,0,,201,100
1177,11770,12570,2.1239229412070767e-53,0,,201,100
1178,11780,12580,6.688174855137519e-48,0,,200,100
1179,11790,12590,8.710350492610938e-57,0,,199,100
1180,11800,12600,8.195892263542518e-57,0,,199,100
1181,11810,12610,5.592119921104915e-55,0,,199,100
1182,11820,12620,2.0408304822120262e-53,0,,200,100
1183,11830,12630,4.67552092905459e-54,0,,202,100
1184,11840,12640,2.74192600986309e-52,0,,203,100
1185,11850,12650,4.3166634731239484e-49,0,,207,100
1186,11860,12660,6.500393998411725e-48,0,,208,100
1187,11870,12670,5.590430062082768e-42,0,,208,100
1188,11880,12680,5.226374802923947e-44,0,,208,100
1189,11890,12690,5.107586926566948e-47,0,,210,100
1190,11900,12700,2.0567687624630836e-46,0,,210,100
1191,11910,12710,4.9982540367605324e-48,0,,208,100
1192,11920,12720,3.707079182607464e-48,0,,208,100
1193,11930,12730,2.479249297549462e-49,0,,210,100
1194,11940,12740,1.14197619898691e-50,0,,208,100
1195,11950,12750,8.51678727583606e-45,0,,207,100
1196,11960,12760,1.8092247086598244e-50,0,,204,100
1197,11970,12770,1.7979232987408526e-50,0,,206,100
1198,11980,12780,5.173062272302899e-45,0,,205,100
1199,11990,12790,8.07936963133473e-52,0,,205,100
1200,12000,12800,9.184226086615446e-49,0,,205,100
1201,12010,12810,1.5451590839825918e-48,0,,205,100
1202,12020,12820,3.2494341740829244e-49,0,,206,100
1203,12030,12830,3.095270724132694e-51,0,,205,100
1204,12040,12840,9.099374238873031e-54,0,,203,100
1205,12050,12850,3.7031839628930385e-51,0,,206,100
1206,12060,12860,2.226765140195833e-54,0,,209,100
1207,12070,12870,5.202807021104573e-56,0,,205,100
1208,12080,12880,2.6076211968284705e-54,0,,205,100
1209,12090,12890,3.156243351164907e-51,0,,207,100
1210,12100,12900,3.1694707403513198e-55,0,,209,100
1211,12110,12910,7.829908400962507e-49,0,,208,100
1212,12120,12920,1.921804278338512e-48,0,,208,100
1213,12130,12930,3.259700025647159e-53,0,,206,100
1214,12140,12940,5.0630365406729715e-55,0,,208,100
1215,12150,12950,3.857670081414878e-55,0,,204,100
1216,12160,12960,4.5644955378278895e-50,0,,204,100
1217,12170,12970,1.9745426876757637e-51,0,,206,100
1218,12180,12980,7.757404797067294e-49,0,,207,100
1219,12190,12990,5.608152717388263e-48,0,,208,100
1220,12200,13000,1.0315932818116624e-50,0,,206,100
1221,12210,13010,1.6893985599320195e-52,0,,208,100
1222,12220,13020,1.0064752376113162e-51,0,,206,100
1223,12230,13030,3.4060640719271117e-47,0,,206,100
1224,12240,13040,2.5742306448847275e-53,0,,207,100
1225,12250,13050,2.52718781589423e-47,0,,207,100
1226,12260,13060,4.218580560527734e-46,0,,207,100
1227,12270,13070,9.866397817385542e-48,0,,208,100
1228,12280,13080,1.8739432466515882e-47,0,,209,100
1229,12290,13090,3.8186410391911913e-50,0,,209,100
1230,12300,13100,3.0024346967039768e-49,0,,211,100
1231,12310,13110,7.529684989366072e-48,0,,210,100
1232,12320,13120,3.715491801858349e-42,0,,211,100
1233,12330,13130,3.7030072670755256e-44,0,,211,100
1234,12340,13140,7.644861088063114e-42,0,,213,100
1235,12350,13150,7.559900982248519e-41,0,,214,100
1236,12360,13160,3.8692448829086994e-44,0,,217,100
1237,12370,13170,2.4032657814062743e-49,0,,220,100
1238,12380,13180,5.508916472164938e-52,0,,218,100
1239,12390,13190,9.999301220474791e-54,0,,219,100
1240,12400,13200,9.09425901815938e-50,0,,218,100
1241,12410,13210,7.881562301412235e-51,0,,220,100
1242,12420,13220,1.818915733434489e-57,0,,220,100
1243,12430,13230,1.508399985272339e-54,0,,219,100
1244,12440,13240,3.609973639628364e-50,0,,219,100
1245,12450,13250,4.3524139618036064e-49,0,,219,100
1246,12460,13260,3.3267159130829546e-48,0,,219,100
1247,12470,13270,1.2760135011623891e-49,0,,217,100
1248,12480,13280,1.0937353505764202e-54,0,,213,100
1249,12490,13290,1.4767856492147712e-54,0,,214,100
1250,12500,13300,1.600316047628073e-54,0,,211,100
1251,12510,13310,4.555928375193044e-59,0,,211,100
1252,12520,13320,1.0284553382166473e-54,0,,211,100
1253,12530,13330,2.3283771172866397e-56,0,,210,100
1254,12540,13340,1.3797542066430106e-66,0,,210,100
1255,12550,13350,2.2861195796409803e-64,0,,208,100
1256,12560,13360,7.0387236254082726e-65,0,,206,100
1257,12570,13370,5.654759887483768e-62,0,,212,100
1258,12580,13380,3.6810240236401788e-62,0,,213,100
1259,12590,13390,7.54033566109769e-60,0,,216,100
1260,12600,13400,3.270943921410681e-57,0,,215,100
1261,12610,13410,8.123958894503142e-57,0,,218,100
1262,12620,13420,4.314179486361437e-56,0,,217,100
1263,12630,13430,4.3111658784313106e-57,0,,216,100
1264,12640,13440,4.520968435974642e-55,0,,214,100
1265,12650,13450,3.920092313233712e-54,0,,211,100
1266,12660,13460,2.890099595153149e-54,0,,215,100
1267,12670,13470,6.79211086929608e-54,0,,215,100
1268,12680,13480,5.42686361198829e-59,0,,215,100
1269,12690,13490,1.9630373741287037e-54,0,,214,100
1270,12700,13500,1.3708981984387758e-56,0,,216,100
1271,12710,13510,3.568941372808457e-60,0,,215,100
1272,12720,13520,1.1077967655371477e-60,0,,215,100
1273,12730,13530,6.168232207117353e-57,0,,214,100
1274,12740,13540,3.171447095359594e-60,0,,215,100
1275,12750,13550,1.0065301570151043e-59,0,,214,100
1276,12760,13560,9.059029644840814e-65,0,,213,100
1277,12770,13570,2.788990913270524e-63,0,,216,100
1278,12780,13580,1.190689013682884e-64,0,,218,100
1279,12790,13590,2.3907300840796595e-80,0,,215,100
1280,12800,13600,5.395422621236041e-78,0,,213,100
1281,12810,13610,4.4151269481405954e-83,0,,214,100
1282,12820,13620,1.5608505150197917e-80,0,,215,100
1283,12830,13630,1.8955666803836037e-84,0,,215,100
1284,12840,13640,1.1771164312376538e-79,0,,215,100
1285,12850,13650,2.415153628788223e-80,0,,214,100
1286,12860,13660,1.5428870762672244e-79,0,,213,100
1287,12870,13670,1.1247592755838652e-78,0,,212,100
1288,12880,13680,3.039692470152451e-80,0,,215,100
1289,12890,13690,1.6559481007996709e-82,0,,212,100
1290,12900,13700,3.609352952346175e-80,0,,212,100
1291,12910,13710,1.9518110205461737e-79,0,,212,100
1292,12920,13720,3.300215839769695e-82,0,,212,100
1293,12930,13730,7.496477407036024e-82,0,,212,100
1294,12940,13740,4.025302080286144e-82,0,,211,100
1295,12950,13750,7.247006874356828e-85,0,,211,100
1296,12960,13760,2.3957257129414422e-85,0,,212,100
1297,12970,13770,1.696958098389405e-69,0,,210,100
1298,12980,13780,2.785395761000295e-73,0,,210,100
1299,12990,13790,7.38054270395767e-71,0,,211,100
1300,13000,13800,2.3195499208428124e-67,0,,210,100
1301,13010,13810,1.384783742481247e-72,0,,210,100
1302,13020,13820,2.56903066069874e-77,0,,209,100
1303,13030,13830,1.0484136805075189e-76,0,,211,100
1304,13040,13840,6.131251608471944e-75,0,,211,100
1305,13050,13850,1.379020179042584e-80,0,,209,100
1306,13060,13860,2.9386440965039053e-80,0,,211,100
1307,13070,13870,1.1011715281200113e-74,0,,210,100
1308,13080,13880,1.764855214240382e-73,0,,208,100
1309,13090,13890,2.7608435737689557e-69,0,,209,100
1310,13100,13900,1.875650987319511e-71,0,,207,100
1311,13110,13910,7.284712217315996e-69,0,,209,100
1312,13120,13920,5.1026543797835044e-73,0,,208,100
1313,13130,13930,1.1488822056702418e-70,0,,210,100
1314,13140,13940,7.691080110183623e-78,0,,207,100
1315,13150,13950,4.304824220162293e-72,0,,207,100
1316,13160,13960,7.995305054320784e-73,0,,204,100
1317,13170,13970,8.140219929150538e-71,0,,203,100
1318,13180,13980,9.73256850012146e-66,0,,202,100
1319,13190,13990,1.170726184461952e-65,0,,201,100
1320,13200,14000,2.532182769575756e-65,0,,203,100
1321,13210,14010,1.2335246740378234e-66,0,,201,100
1322,13220,14020,5.816759841433314e-68,0,,202,100
1323,13230,14030,5.167015435239117e-66,0,,200,100
1324,13240,14040,4.279402803282206e-62,0,,200,100
1325,13250,14050,1.8700314574726272e-65,0,,200,100
1326,13260,14060,4.128013483303719e-58,0,,200,100
1327,13270,14070,1.3036738151448798e-60,0,,202,100
1328,13280,14080,1.8478123411605534e-60,0,,201,100
1329,13290,14090,6.603498040611523e-66,0,,201,100
1330,13300,14100,3.1712884872018746e-63,0,,200,100
1331,13310,14110,8.97922478326314e-63,0,,199,100
1332,13320,14120,6.313420670816075e-57,0,,200,100
1333,13330,14130,3.252664392525065e-62,0,,199,100
1334,13340,14140,7.786152254315352e-59,0,,199,100
1335,13350,14150,3.365143700900893e-55,0,,199,100
1336,13360,14160,6.50543118654994e-54,0,,198,100
1337,13370,14170,1.6430383984266943e-54,0,,195,100
1338,13380,14180,2.0794660927881284e-55,0,,193,100
1339,13390,14190,2.3626628734519643e-59,0,,191,100
1340,13400,14200,1.917619966200599e-58,0,,191,100
1341,13410,14210,1.321356701064275e-58,0,,190,100
1342,13420,14220,3.355558748729648e-54,0,,190,100
1343,13430,14230,1.811187289772146e-53,0,,189,100
1344,13440,14240,2.6053490887477025e-55,0,,188,100
1345,13450,14250,2.918287747064448e-63,0,,188,100
1346,13460,14260,2.185994797619485e-60,0,,185,100
1347,13470,14270,4.2205244635104913e-63,0,,184,100
1348,13480,14280,5.641354118682704e-67,0,,186,100
1349,13490,14290,4.1636714627625797e-73,0,,185,100
1350,13500,14300,1.4620602683712753e-70,0,,185,100
1351,13510,14310,2.436811925932836e-62,0,,186,100
1352,13520,14320,1.66598852960555e-62,0,,186,100
1353,13530,14330,8.694838056709236e-68,0,,187,100
1354,13540,14340,1.7917946968807628e-66,0,,187,100
1355,13550,14350,1.5375670022789627e-68,0,,187,100
1356,13560,14360,3.628073634666943e-69,0,,188,100
1357,13570,14370,2.8959579805383123e-71,0,,184,100
1358,13580,14380,8.462112237929679e-70,0,,185,100
1359,13590,14390,3.712159266347205e-66,0,,184,100
1360,13600,14400,4.1461688610968056e-73,0,,185,100
1361,13610,14410,7.098868914922886e-78,0,,182,100
1362,13620,14420,9.860965976266786e-81,0,,182,100
1363,13630,14430,7.95383913829276e-82,0,,183,100
1364,13640,14440,4.474855093875554e-80,0,,183,100
1365,13650,14450,6.452547731030186e-82,0,,184,100
1366,13660,14460,3.749933738897571e-83,0,,182,100
1367,13670,14470,1.52964071551238e-85,0,,184,100
1368,13680,14480,5.307245770025548e-92,0,,181,100
1369,13690,14490,2.1445813164589708e-91,0,,181,100
1370,13700,14500,3.5265191055707682e-87,0,,182,100
1371,13710,14510,8.242045034884086e-88,0,,181,100
1372,13720,14520,1.8344278320928478e-85,0,,180,100
1373,13730,14530,2.2601074162827643e-88,0,,181,100
1374,13740,14540,5.94574257873931e-87,0,,181,100
1375,13750,14550,1.0135179378198777e-82,0,,180,100
1376,13760,14560,7.536569359462972e-84,0,,181,100
1377,13770,14570,1.8320536546078372e-89,0,,180,100
1378,13780,14580,5.978589986279359e-92,0,,180,100
1379,13790,14590,1.7001673859708068e-86,0,,181,100
1380,13800,14600,2.3652796368212125e-87,0,,180,100
1381,13810,14610,5.117943656392126e-81,0,,183,100
1382,13820,14620,7.927946286590632e-77,0,,183,100
1383,13830,14630,2.997568556281511e-82,0,,184,100
1384,13840,14640,5.364356861940143e-84,0,,185,100
1385,13850,14650,1.4198311467473145e-78,0,,184,100
1386,13860,14660,3.6594638610001444e-78,0,,185,100
1387,13870,14670,1.857350311147172e-74,0,,184,100
1388,13880,14680,1.1469654554390154e-74,0,,185,100
1389,13890,14690,9.35728562784205e-74,0,,186,100
1390,13900,14700,6.286433213918712e-68,0,,184,100
1391,13910,14710,6.870333396580551e-71,0,,183,100
1392,13920,14720,3.2825655164250395e-66,0,,182,100
1393,13930,14730,1.2400644705261138e-68,0,,181,100
1394,13940,14740,1.5868383945580297e-68,0,,181,100
1395,13950,14750,1.4354680790032476e-72,0,,181,100
1396,13960,14760,7.748647090212213e-72,0,,182,100
1397,13970,14770,7.310793042360204e-70,0,,179,100
1398,13980,14780,3.2783703563248744e-76,0,,179,100
1399,13990,14790,1.0866577209290427e-75,0,,181,100
1400,14000,14800,5.000807036356254e-75,0,,182,100
1401,14010,14810,2.2587782709243664e-78,0,,182,100
1402,14020,14820,3.3284832193032235e-77,0,,183,100
1403,14030,14830,6.6498367416989405e-77,0,,183,100
1404,14040,14840,1.4437228365070756e-74,0,,184,100
1405,14050,14850,1.0437026257897078e-73,0,,184,100
1406,14060,14860,3.588034792420063e-72,0,,183,100
1407,14070,14870,2.968492100544708e-74,0,,184,100
1408,14080,14880,3.0480707227257045e-75,0,,186,100
1409,14090,14890,1.2018523382020459e-77,0,,186,100
1410,14100,14900,1.2018702716455733e-75,0,,188,100
1411,14110,14910,1.1692273044908684e-82,0,,189,100
1412,14120,14920,5.007582285525595e-81,0,,190,100
1413,14130,14930,1.9087362762070556e-78,0,,189,100
1414,14140,14940,1.013792577654067e-77,0,,189,100
1415,14150,14950,3.699932909553388e-77,0,,190,100
1416,14160,14960,1.6143414436518614e-73,0,,193,100
1417,14170,14970,4.9834103751506935e-73,0,,194,100
1418,14180,14980,8.709461646244235e-72,0,,195,100
1419,14190,14990,1.5134508906693051e-72,0,,195,100
1420,14200,15000,8.489377265659595e-69,0,,196,100
1421,14210,15010,4.79018131346147e-63,0,,194,100
1422,14220,15020,1.3785972487398559e-64,0,,195,100
1423,14230,15030,6.396168089973198e-64,0,,196,100
1424,14240,15040,1.0053161277780416e-64,0,,195,100
1425,14250,15050,1.92810258434985e-64,0,,194,100
1426,14260,15060,1.997795880303815e-65,0,,195,100
1427,14270,15070,4.011648070384042e-66,0,,195,100
1428,14280,15080,1.5539913937359562e-70,0,,194,100
1429,14290,15090,4.015147791892313e-71,0,,195,100
1430,14300,15100,1.4243885717871312e-65,0,,193,100
1431,14310,15110,3.35478540192283e-68,0,,193,100
1432,14320,15120,4.701357802208888e-72,0,,195,100
1433,14330,15130,6.178563711337408e-72,0,,197,100
1434,14340,15140,2.7623676679049285e-73,0,,198,100
1435,14350,15150,1.2026020851446489e-78,0,,198,100
1436,14360,15160,5.730453347213473e-83,0,,196,100
1437,14370,15170,4.195406902597941e-83,0,,196,100
1438,14380,15180,2.859363945988509e-80,0,,199,100
1439,14390,15190,5.955313322271762e-73,0,,199,100
1440,14400,15200,1.8882037731076705e-74,0,,199,100
1441,14410,15210,1.0676854879455048e-79,0,,199,100
1442,14420,15220,1.0882153400169491e-75,0,,199,100
1443,14430,15230,3.4396294545750336e-78,0,,198,100
1444,14440,15240,2.5583021161197658e-79,0,,198,100
1445,14450,15250,9.665317918869711e-77,0,,196,100
1446,14460,15260,3.469458523160781e-68,0,,197,100
1447,14470,15270,1.5605601711931672e-72,0,,198,100
1448,14480,15280,2.4827805404083513e-73,0,,198,100
1449,14490,15290,1.2227707116167272e-65,0,,196,100
1450,14500,15300,9.665527792336987e-64,0,,199,100
1451,14510,15310,1.6259849705323735e-64,0,,198,100
1452,14520,15320,1.8038225500826953e-65,0,,200,100
1453,14530,15330,4.662884165602715e-62,0,,201,100
1454,14540,15340,1.5641539768670106e-62,0,,198,100
1455,14550,15350,4.010256935698465e-63,0,,198,100
1456,14560,15360,1.6305535007373806e-57,0,,198,100
1457,14570,15370,1.0081311843174739e-51,0,,196,100
1458,14580,15380,8.162287565786861e-55,0,,195,100
1459,14590,15390,2.781356850584548e-55,0,,193,100
1460,14600,15400,3.739518101066058e-55,0,,196,100
1461,14610,15410,1.3129360466143734e-56,0,,197,100
1462,14620,15420,5.499579734370502e-57,0,,197,100
1463,14630,15430,2.327362264809035e-52,0,,195,100
1464,14640,15440,1.891308254438518e-57,0,,196,100
1465,14650,15450,1.0627708887660718e-60,0,,193,100
1466,14660,15460,4.564969144299846e-62,0,,195,100
1467,14670,15470,1.4175697087680442e-67,0,,195,100
1468,14680,15480,8.341868407100917e-67,0,,198,100
1469,14690,15490,1.2149949199535917e-72,0,,198,100
1470,14700,15500,5.183334006681892e-74,0,,198,100
1471,14710,15510,7.71104131373198e-79,0,,197,100
1472,14720,15520,2.749980875495561e-77,0,,198,100
1473,14730,15530,6.796281872025251e-78,0,,198,100
1474,14740,15540,9.40210412953228e-75,0,,198,100
1475,14750,15550,4.1194660217024314e-73,0,,197,100
1476,14760,15560,2.5924608556517844e-73,0,,197,100
1477,14770,15570,2.459820023747092e-79,0,,198,100
1478,14780,15580,5.2116705242527505e-79,0,,198,100
1479,14790,15590,2.8315934866234073e-75,0,,198,100
1480,14800,15600,1.1981258527368704e-78,0,,197,100
1481,14810,15610,6.4761168257370754e-83,0,,197,100
1482,14820,15620,8.979968332480851e-82,0,,197,100
1483,14830,15630,1.1257961509262232e-82,0,,196,100
1484,14840,15640,4.138164543532811e-83,0,,197,100
1485,14850,15650,2.201486123482741e-82,0,,200,100
1486,14860,15660,3.355307403092836e-78,0,,203,100
1487,14870,15670,1.2699448230185254e-76,0,,201,100
1488,14880,15680,8.888300586745673e-79,0,,200,100
1489,14890,15690,4.666259429699274e-78,0,,200,100
1490,14900,15700,8.238242148552239e-73,0,,200,100
1491,14910,15710,7.24677818750429e-67,0,,201,100
1492,14920,15720,4.1670010411485185e-63,0,,199,100
1493,14930,15730,3.999435467094233e-63,0,,200,100
1494,14940,15740,1.6764839697362715e-62,0,,197,100
1495,14950,15750,9.992705557156043e-67,0,,196,100
1496,14960,15760,2.589054542416446e-57,0,,192,100
1497,14970,15770,3.4349713973877737e-62,0,,193,100
1498,14980,15780,5.002818790801282e-61,0,,194,100
1499,14990,15790,5.318425378459175e-65,0,,193,100
1500,15000,15800,4.614501456935536e-59,0,,192,100
1501,15010,15810,5.938498349447225e-60,0,,192,100
1502,15020,15820,2.5577443556000364e-54,0,,191,100
1503,15030,15830,1.16265570996006e-53,0,,192,100
1504,15040,15840,4.649294882529462e-51,0,,191,100
1505,15050,15850,1.5274400479502126e-49,0,,195,100
1506,15060,15860,1.2693623763674748e-53,0,,195,100
1507,15070,15870,1.3452058888334654e-51,0,,194,100
1508,15080,15880,8.987967060435062e-49,0,,192,100
1509,15090,15890,4.105556614943864e-49,0,,192,100
1510,15100,15900,2.1000741769968833e-49,0,,195,100
1511,15110,15910,1.1570627698418397e-53,0,,196,100
1512,15120,15920,2.551512139933415e-52,0,,195,100
1513,15130,15930,5.856202278337806e-57,0,,193,100
1514,15140,15940,1.1897854232316746e-51,0,,191,100
1515,15150,15950,3.107635645479829e-49,0,,191,100
1516,15160,15960,1.0832090565533045e-53,0,,190,100
1517,15170,15970,2.870775033848522e-53,0,,191,100
1518,15180,15980,1.208427059367644e-52,0,,188,100
1519,15190,15990,1.2878230620721134e-53,0,,189,100
1520,15200,16000,3.098017079473514e-54,0,,190,100
1521,15210,16010,2.3252678260766105e-52,0,,191,100
1522,15220,16020,2.329536304632525e-52,0,,191,100
1523,15230,16030,5.3485825507714e-53,0,,191,100
1524,15240,16040,5.389587806528875e-52,0,,191,100
1525,15250,16050,1.362945887754398e-51,0,,192,100
1526,15260,16060,3.0177372112675027e-53,0,,191,100
1527,15270,16070,4.7493098442929394e-54,0,,192,100
1528,15280,16080,1.2524483046649796e-56,0,,193,100
1529,15290,16090,6.728645063649008e-59,0,,193,100
1530,15300,16100,8.897613598019971e-64,0,,191,100
1531,15310,16110,1.4620344626352365e-57,0,,189,100
1532,15320,16120,2.7215467745736227e-55,0,,191,100
1533,15330,16130,6.2574239896818755e-52,0,,192,100
1534,15340,16140,7.502613042249676e-53,0,,194,100
1535,15350,16150,5.980900446962973e-53,0,,194,100
1536,15360,16160,2.53663486622755e-53,0,,195,100
1537,15370,16170,9.205349176681843e-53,0,,192,100
1538,15380,16180,1.888319079627315e-54,0,,192,100
1539,15390,16190,1.4065665882784753e-53,0,,194,100
1540,15400,16200,5.581028114739528e-59,0,,192,100
1541,15410,16210,6.791089920241199e-60,0,,189,100
1542,15420,16220,5.244313121990909e-57,0,,190,100
1543,15430,16230,7.857578759418826e-56,0,,190,100
1544,15440,16240,2.717762376514459e-61,0,,191,100
1545,15450,16250,4.110719558962967e-64,0,,189,100
1546,15460,16260,1.3322967689672726e-66,0,,189,100
1547,15470,16270,1.0740037638359345e-56,0,,189,100
1548,15480,16280,1.1049907974427457e-54,0,,188,100
1549,15490,16290,1.0584474009130107e-57,0,,186,100
1550,15500,16300,3.893077582368262e-58,0,,188,100
1551,15510,16310,7.409370044651818e-56,0,,189,100
1552,15520,16320,1.511001491490301e-60,0,,187,100
1553,15530,16330,1.961551996395759e-59,0,,187,100
1554,15540,16340,1.7027026931486177e-59,0,,188,100
1555,15550,16350,7.046432713233967e-62,0,,193,100
1556,15560,16360,4.618171343349099e-65,0,,191,100
1557,15570,16370,1.5410506164870949e-62,0,,192,100
1558,15580,16380,5.536699416551055e-64,0,,193,100
1559,15590,16390,9.452374268295115e-56,0,,192,100
1560,15600,16400,1.0130317539156929e-56,0,,194,100
1561,15610,16410,1.260178420914186e-53,0,,194,100
1562,15620,16420,6.653558094129932e-52,0,,192,100
1563,15630,16430,2.0582814211866698e-50,0,,191,100
1564,15640,16440,2.181699759010112e-50,0,,192,100
1565,15650,16450,2.468140348830138e-53,0,,188,100
1566,15660,16460,2.2611328020219387e-48,0,,188,100
1567,15670,16470,1.0253756942786953e-52,0,,189,100
1568,15680,16480,5.237677463565995e-55,0,,192,100
1569,15690,16490,4.641722933011399e-55,0,,191,100
1570,15700,16500,6.617232740696252e-52,0,,191,100
1571,15710,16510,2.2828823529479248e-57,0,,193,100
1572,15720,16520,5.59707470564761e-59,0,,195,100
1573,15730,16530,3.7660573072978166e-60,0,,196,100
1574,15740,16540,3.577809877277517e-56,0,,196,100
1575,15750,16550,8.701465956013674e-62,0,,196,100
1576,15760,16560,4.798054331165401e-61,0,,195,100
1577,15770,16570,9.531324595045559e-63,0,,195,100
1578,15780,16580,7.542688336117223e-66,0,,195,100
1579,15790,16590,1.212455276280561e-64,0,,195,100
1580,15800,16600,7.176361482518434e-63,0,,195,100
1581,15810,16610,2.284196432848399e-62,0,,197,100
1582,15820,16620,1.994192370883112e-64,0,,198,100
1583,15830,16630,9.962714023342923e-64,0,,198,100
1584,15840,16640,1.6178805313249415e-65,0,,197,100
1585,15850,16650,3.639666814941566e-68,0,,195,100
1586,15860,16660,5.796194063211085e-69,0,,197,100
1587,15870,16670,5.354512917721403e-69,0,,197,100
1588,15880,16680,4.862049219256699e-63,0,,199,100
1589,15890,16690,6.975309964090967e-63,0,,201,100
1590,15900,16700,4.4182652174037654e-61,0,,198,100
1591,15910,16710,1.2921579270079901e-62,0,,198,100
1592,15920,16720,1.296747122363244e-63,0,,199,100
1593,15930,16730,3.544588215744786e-61,0,,202,100
1594,15940,16740,2.1294204384561042e-61,0,,202,100
1595,15950,16750,3.6080762302411033e-66,0,,202,100
1596,15960,16760,5.286362695670929e-64,0,,202,100
1597,15970,16770,1.5025873330735906e-55,0,,203,100
1598,15980,16780,1.931479230482973e-53,0,,202,100
1599,15990,16790,5.76478775484924e-57,0,,203,100
1600,16000,16800,4.498729452239305e-58,0,,202,100
1601,16010,16810,4.404947063311676e-59,0,,200,100
1602,16020,16820,3.0252044671987058e-58,0,,203,100
1603,16030,16830,8.74390079080173e-62,0,,202,100
1604,16040,16840,4.300478891304173e-61,0,,201,100
1605,16050,16850,3.5826932247274794e-60,0,,201,100
1606,16060,16860,1.6469921980672018e-64,0,,202,100
1607,16070,16870,1.2054154552121902e-62,0,,202,100
1608,16080,16880,3.975434174480749e-62,0,,201,100
1609,16090,16890,5.827295716462512e-63,0,,200,100
1610,16100,16900,2.4040901834078044e-64,0,,202,100
1611,16110,16910,3.2429292969037657e-62,0,,203,100
1612,16120,16920,4.2533452705814247e-63,0,,200,100
1613,16130,16930,3.428178422342474e-64,0,,199,100
1614,16140,16940,1.6288654659806588e-62,0,,202,100
1615,16150,16950,5.38043210316431e-59,0,,201,100
1616,16160,16960,1.3782287720273815e-58,0,,202,100
1617,16170,16970,1.084361019387986e-58,0,,204,100
1618,16180,16980,7.081996896059929e-56,0,,203,100
1619,16190,16990,3.0994522010598515e-58,0,,202,100
1620,16200,17000,2.2366264233102056e-56,0,,203,100
1621,16210,17010,2.384826544485505e-56,0,,204,100
1622,16220,17020,1.7829955435617958e-54,0,,203,100
1623,16230,17030,1.172696580141888e-51,0,,202,100
1624,16240,17040,3.346142124051898e-52,0,,203,100
1625,16250,17050,7.79409461662175e-52,0,,203,100
1626,16260,17060,6.402385105509446e-52,0,,203,100
1627,16270,17070,7.93010790882793e-52,0,,203,100
1628,16280,17080,6.3771598680082394e-49,0,,204,100
1629,16290,17090,2.73918764219168e-48,0,,204,100
1630,16300,17100,3.889957415640055e-49,0,,206,100
1631,16310,17110,1.5268128478287226e-50,0,,207,100
1632,16320,17120,8.72194873205858e-52,0,,206,100
1633,16330,17130,8.480588696255655e-55,0,,207,100
1634,16340,17140,4.025393165243955e-54,0,,209,100
1635,16350,17150,2.8288807495621094e-56,0,,204,100
1636,16360,17160,2.0468613273985734e-59,0,,203,100
1637,16370,17170,1.7609623437882017e-54,0,,204,100
1638,16380,17180,2.0533487781316818e-55,0,,203,100
1639,16390,17190,4.3264108271149263e-54,0,,202,100
1640,16400,17200,4.261528933088125e-54,0,,200,100
1641,16410,17210,2.826093215083585e-58,0,,206,100
1642,16420,17220,5.741378848416207e-55,0,,207,100
1643,16430,17230,1.0065559122178311e-57,0,,208,100
1644,16440,17240,7.14988844954633e-51,0,,208,100
1645,16450,17250,4.3895126693273195e-53,0,,209,100
1646,16460,17260,2.3238074782507758e-51,0,,208,100
1647,16470,17270,4.100875631681785e-52,0,,206,100
1648,16480,17280,1.857692945306431e-58,0,,204,100
1649,16490,17290,6.632513795427942e-59,0,,205,100
1650,16500,17300,3.602915088378079e-54,0,,202,100
1651,16510,17310,6.975942073009426e-59,0,,202,100
1652,16520,17320,5.83282464957263e-52,0,,201,100
1653,16530,17330,1.6053210662767912e-54,0,,201,100
1654,16540,17340,2.9707467104790842e-58,0,,202,100
1655,16550,17350,3.487216354886652e-54,0,,200,100
1656,16560,17360,3.624922889307561e-56,0,,202,100
1657,16570,17370,3.089208794456929e-60,0,,203,100
1658,16580,17380,1.596001003345508e-60,0,,204,100
1659,16590,17390,4.2847222696226844e-60,0,,206,100
1660,16600,17400,2.8249642217020388e-64,0,,205,100
1661,16610,17410,2.849728448473395e-61,0,,203,100
1662,16620,17420,2.612960873794494e-61,0,,203,100
1663,16630,17430,3.984975922417039e-65,0,,203,100
1664,16640,17440,3.542967533694768e-63,0,,205,100
1665,16650,17450,1.2252274589136433e-67,0,,204,100
1666,16660,17460,5.997327264310451e-69,0,,203,100
1667,16670,17470,3.034504887020358e-67,0,,205,100
1668,16680,17480,5.748085221922724e-67,0,,202,100
1669,16690,17490,9.71005988992442e-59,0,,200,100
1670,16700,17500,3.7400946820186533e-60,0,,199,100
1671,16710,17510,2.207609372210674e-62,0,,201,100
1672,16720,17520,7.120738913369913e-64,0,,202,100
1673,16730,17530,1.852756517148293e-58,0,,202,100
1674,16740,17540,7.555010651198517e-60,0,,202,100
1675,16750,17550,7.151068746908231e-54,0,,202,100
1676,16760,17560,2.454162143303201e-54,0,,202,100
1677,16770,17570,3.0555354637591755e-59,0,,202,100
1678,16780,17580,9.1888307419051e-59,0,,200,100
1679,16790,17590,1.2504780211693471e-57,0,,201,100
1680,16800,17600,4.447256168131376e-53,0,,205,100
1681,16810,17610,2.3244347351951476e-52,0,,203,100
1682,16820,17620,2.0889317992739624e-47,0,,203,100
1683,16830,17630,3.9801234010957477e-50,0,,203,100
1684,16840,17640,1.8573740797101812e-45,0,,204,100
1685,16850,17650,1.7970188514206426e-46,0,,203,100
1686,16860,17660,5.1701332620124625e-49,0,,204,100
1687,16870,17670,1.6168528096969347e-47,0,,205,100
1688,16880,17680,2.9263321313864083e-44,0,,203,100
1689,16890,17690,1.032770014666421e-45,0,,204,100
1690,16900,17700,4.135185866641503e-49,0,,203,100
1691,16910,17710,2.447822653788223e-46,0,,204,100
1692,16920,17720,3.563367787129621e-49,0,,202,100
1693,16930,17730,1.11089730115019e-49,0,,202,100
1694,16940,17740,1.5513804099755425e-51,0,,199,100
1695,16950,17750,2.9749354359970925e-52,0,,200,100
1696,16960,17760,5.62093001028907e-57,0,,202,100
1697,16970,17770,2.3890594864249477e-53,0,,200,100
1698,16980,17780,1.7293810167390965e-55,0,,201,100
1699,16990,17790,9.705508842094228e-56,0,,201,100
1700,17000,17800,1.540785807064764e-54,0,,199,100
1701,17010,17810,5.129752579591823e-56,0,,201,100
1702,17020,17820,5.201286818402877e-57,0,,200,100
1703,17030,17830,5.94366152477318e-54,0,,200,100
1704,17040,17840,1.763368345407418e-51,0,,203,100
1705,17050,17850,2.418570022802268e-49,0,,204,100
1706,17060,17860,1.7961762200970597e-52,0,,202,100
1707,17070,17870,4.1189099461251997e-50,0,,202,100
1708,17080,17880,7.784399505454866e-49,0,,201,100
1709,17090,17890,1.5368539228515323e-47,0,,200,100
1710,17100,17900,7.757703714077869e-49,0,,197,100
1711,17110,17910,1.1588522069630662e-52,0,,198,100
1712,17120,17920,1.2450836183696338e-50,0,,198,100
1713,17130,17930,2.359749727663713e-50,0,,196,100
1714,17140,17940,3.6579694304752643e-48,0,,195,100
1715,17150,17950,9.068237310599192e-45,0,,194,100
1716,17160,17960,2.6017763847650707e-48,0,,195,100
1717,17170,17970,5.680150318599857e-52,0,,195,100
1718,17180,17980,7.244213614915526e-50,0,,196,100
1719,17190,17990,1.5114249356445898e-48,0,,197,100
1720,17200,18000,3.597580618013913e-50,0,,197,100
1721,17210,18010,2.918911529066938e-44,0,,193,100
1722,17220,18020,3.1432070694027995e-46,0,,193,100
1723,17230,18030,4.604654974431495e-47,0,,191,100
1724,17240,18040,5.971410631354695e-50,0,,195,100
1725,17250,18050,4.6274972618786183e-51,0,,194,100
1726,17260,18060,7.266425066985672e-55,0,,195,100
1727,17270,18070,1.2739163051995016e-57,0,,195,100
1728,17280,18080,9.516815541455602e-59,0,,195,100
1729,17290,18090,5.481432461480163e-60,0,,196,100
1730,17300,18100,5.242472211850726e-57,0,,194,100
1731,17310,18110,1.3398062506741064e-55,0,,192,100
1732,17320,18120,2.607862104007252e-60,0,,191,100
1733,17330,18130,8.337564841852041e-60,0,,190,100
1734,17340,18140,2.32664870881924e-61,0,,189,100
1735,17350,18150,4.7894818645329854e-63,0,,189,100
1736,17360,18160,7.007008606319248e-60,0,,189,100
1737,17370,18170,1.7826104261729863e-58,0,,188,100
1738,17380,18180,4.6449847637904265e-56,0,,192,100
1739,17390,18190,2.5221158160121987e-59,0,,190,100
1740,17400,18200,3.318767254392128e-58,0,,192,100
1741,17410,18210,2.1492567205093892e-58,0,,194,100
1742,17420,18220,4.974334717897271e-64,0,,194,100
1743,17430,18230,1.0171165483070503e-63,0,,191,100
1744,17440,18240,4.446179705233732e-58,0,,191,100
1745,17450,18250,5.806849482995261e-53,0,,190,100
1746,17460,18260,8.498644374101677e-53,0,,190,100
1747,17470,18270,2.6033855302157284e-51,0,,189,100
1748,17480,18280,2.677439284810521e-50,0,,189,100
1749,17490,18290,1.5267210068296942e-47,0,,189,100
1750,17500,18300,3.138211052388264e-50,0,,190,100
1751,17510,18310,1.195001417726773e-58,0,,188,100
1752,17520,18320,1.7047282869181342e-61,0,,185,100
1753,17530,18330,6.231278725632438e-51,0,,185,100
1754,17540,18340,6.546468939743153e-52,0,,185,100
1755,17550,18350,7.467226506978599e-52,0,,186,100
1756,17560,18360,1.7539833176550764e-53,0,,185,100
1757,17570,18370,7.845157534135992e-53,0,,185,100
1758,17580,18380,1.450283466408222e-52,0,,185,100
1759,17590,18390,1.8186420325683063e-50,0,,186,100
1760,17600,18400,5.618574629937863e-53,0,,182,100
1761,17610,18410,1.2888009925276793e-53,0,,183,100
1762,17620,18420,2.948598078984169e-54,0,,182,100
1763,17630,18430,1.006511627159732e-52,0,,182,100
1764,17640,18440,8.052336056644112e-60,0,,181,100
1765,17650,18450,5.310709999599641e-56,0,,185,100
1766,17660,18460,5.424150651779647e-58,0,,185,100
1767,17670,18470,3.0042796781621076e-64,0,,185,100
1768,17680,18480,2.591714751575988e-65,0,,185,100
1769,17690,18490,4.809541916643554e-62,0,,183,100
1770,17700,18500,1.4750978438165364e-58,0,,182,100
1771,17710,18510,1.7904313558402377e-59,0,,183,100
1772,17720,18520,2.3866552327359486e-54,0,,182,100
1773,17730,18530,1.310353467320773e-56,0,,182,100
1774,17740,18540,4.8344115441297954e-54,0,,182,100
1775,17750,18550,1.4493170810090654e-58,0,,181,100
1776,17760,18560,3.7925660140715465e-62,0,,180,100
1777,17770,18570,2.1775633533542446e-60,0,,182,100
1778,17780,18580,1.5584084717912067e-60,0,,180,100
1779,17790,18590,3.6667934113974793e-63,0,,181,100
1780,17800,18600,8.019785664390056e-61,0,,182,100
1781,17810,18610,4.177131192809553e-58,0,,180,100
1782,17820,18620,1.0799811805298244e-61,0,,180,100
1783,17830,18630,5.530924351324048e-60,0,,179,100
1784,17840,18640,9.793086117015677e-60,0,,177,100
1785,17850,18650,2.270622738673658e-52,0,,177,100
1786,17860,18660,2.8900387001261014e-51,0,,178,100
1787,17870,18670,1.6444252185268427e-50,0,,178,100
1788,17880,18680,1.0493477160399108e-46,0,,177,100
1789,17890,18690,1.2857407304428062e-47,0,,177,100
1790,17900,18700,8.277135875885725e-43,0,,179,100
1791,17910,18710,2.8705658102327725e-44,0,,178,100
1792,17920,18720,2.498740444485648e-48,0,,180,100
1793,17930,18730,3.530271392558507e-48,0,,180,100
1794,17940,18740,2.09559114847892e-48,0,,180,100
1795,17950,18750,2.723196529920396e-48,0,,185,100
1796,17960,18760,2.828210884686148e-48,0,,186,100
1797,17970,18770,3.834589902496738e-52,0,,187,100
1798,17980,18780,9.506184978755096e-51,0,,187,100
1799,17990,18790,9.928977845881261e-53,0,,188,100
1800,18000,18800,2.4851662299552134e-59,0,,186,100
1801,18010,18810,1.6323389260421635e-51,0,,186,100
1802,18020,18820,1.1264566897846518e-45,0,,185,100
1803,18030,18830,2.845080711999634e-45,0,,186,100
1804,18040,18840,3.0152288794832827e-47,0,,181,100
1805,18050,18850,7.829523410901338e-51,0,,182,100
1806,18060,18860,1.2560399343292677e-52,0,,182,100
1807,18070,18870,6.140231839425218e-54,0,,183,100
1808,18080,18880,1.1060216823806794e-50,0,,184,100
1809,18090,18890,1.8252163374382804e-51,0,,186,100
1810,18100,18900,3.2083494761986756e-54,0,,187,100
1811,18110,18910,1.4568017468062702e-50,0,,187,100
1812,18120,18920,1.063645534107156e-49,0,,190,100
1813,18130,18930,5.496841627310128e-49,0,,190,100
1814,18140,18940,4.0831743793100587e-53,0,,189,100
1815,18150,18950,6.463604245209103e-52,0,,188,100
1816,18160,18960,6.71510320454483e-55,0,,188,100
1817,18170,18970,3.668681298233076e-59,0,,187,100
1818,18180,18980,1.0472272085137736e-57,0,,185,100
1819,18190,18990,5.897565698625382e-56,0,,185,100
1820,18200,19000,1.276544104435909e-53,0,,186,100
1821,18210,19010,8.565178865981908e-56,0,,185,100
1822,18220,19020,8.246017803069497e-57,0,,185,100
1823,18230,19030,3.6331021584072475e-57,0,,184,100
1824,18240,19040,6.948906974283568e-57,0,,186,100
1825,18250,19050,5.7043261692856064e-58,0,,184,100
1826,18260,19060,9.015843942608833e-54,0,,182,100
1827,18270,19070,2.9482752445438893e-54,0,,183,100
1828,18280,19080,4.374275658630738e-52,0,,181,100
1829,18290,19090,4.33039900692516e-52,0,,180,100
1830,18300,19100,1.1360867386439186e-50,0,,180,100
1831,18310,19110,1.9202423657303575e-50,0,,183,100
1832,18320,19120,5.0069623378760734e-52,0,,185,100
1833,18330,19130,1.5084402636022616e-52,0,,182,100
1834,18340,19140,1.6614617855460224e-50,0,,184,100
1835,18350,19150,2.3941514356468908e-48,0,,184,100
1836,18360,19160,1.2611562545907288e-48,0,,185,100
1837,18370,19170,1.0189426962443376e-51,0,,186,100
1838,18380,19180,9.469178526769322e-49,0,,186,100
1839,18390,19190,8.664903727939035e-56,0,,184,100
1840,18400,19200,1.3507983879836941e-58,0,,183,100
1841,18410,19210,3.1193595908262864e-57,0,,184,100
1842,18420,19220,2.311362643394549e-58,0,,185,100
1843,18430,19230,9.198203336317624e-57,0,,185,100
1844,18440,19240,2.4379617282728077e-55,0,,186,100
1845,18450,19250,7.139047997889973e-60,0,,181,100
1846,18460,19260,7.95053724932126e-60,0,,182,100
1847,18470,19270,3.447634281250576e-58,0,,183,100
1848,18480,19280,4.975930614466109e-62,0,,184,100
1849,18490,19290,1.707252627524591e-63,0,,184,100
1850,18500,19300,7.636798880864271e-58,0,,184,100
1851,18510,19310,8.054251112572006e-58,0,,185,100
1852,18520,19320,3.539036696450666e-59,0,,183,100
1853,18530,19330,2.0586733029321164e-65,0,,184,100
1854,18540,19340,2.6557097640970336e-58,0,,187,100
1855,18550,19350,1.6513286929816188e-57,0,,190,100
1856,18560,19360,1.4957528133186235e-58,0,,188,100
1857,18570,19370,1.4924055308869316e-58,0,,191,100
1858,18580,19380,4.56194485097056e-61,0,,192,100
1859,18590,19390,2.3616690297677824e-59,0,,191,100
1860,18600,19400,1.8274308033254354e-61,0,,192,100
1861,18610,19410,6.067076755232874e-61,0,,192,100
1862,18620,19420,2.9153609877962827e-53,0,,193,100
1863,18630,19430,1.8073689513397607e-54,0,,193,100
1864,18640,19440,2.8463818722878977e-61,0,,192,100
1865,18650,19450,2.6236916638733814e-63,0,,191,100
1866,18660,19460,2.1733258504635778e-63,0,,193,100
1867,18670,19470,2.787389498589276e-64,0,,192,100
1868,18680,19480,5.055748816326029e-63,0,,193,100
1869,18690,19490,1.8037999396007842e-63,0,,193,100
1870,18700,19500,4.017674492181175e-61,0,,192,100
1871,18710,19510,1.3640081492323032e-58,0,,192,100
1872,18720,19520,1.5145827530742465e-59,0,,193,100
1873,18730,19530,1.9763455160776937e-65,0,,192,100
1874,18740,19540,2.0107258063519375e-60,0,,191,100
1875,18750,19550,3.00018232172371e-61,0,,188,100
1876,18760,19560,1.0613855642199048e-61,0,,188,100
1877,18770,19570,1.4287155505375929e-58,0,,187,100
1878,18780,19580,1.9054570432616407e-58,0,,187,100
1879,18790,19590,2.538957915756853e-60,0,,189,100
1880,18800,19600,9.846049869331761e-64,0,,188,100
1881,18810,19610,1.2985621986606784e-64,0,,188,100
1882,18820,19620,1.789505931762122e-64,0,,190,100
1883,18830,19630,1.2115997490722782e-68,0,,191,100
1884,18840,19640,1.776717935981051e-62,0,,189,100
1885,18850,19650,8.473106038873854e-56,0,,188,100
1886,18860,19660,1.2805505927192812e-55,0,,192,100
1887,18870,19670,1.0689699611922525e-58,0,,190,100
1888,18880,19680,4.137065096917563e-58,0,,190,100
1889,18890,19690,5.866672369013799e-55,0,,187,100
1890,18900,19700,2.85212791049331e-48,0,,188,100
1891,18910,19710,1.9300560221755851e-50,0,,188,100
1892,18920,19720,1.4416040333841971e-49,0,,187,100
1893,18930,19730,5.504285973930355e-51,0,,187,100
1894,18940,19740,2.1429218793967968e-51,0,,187,100
1895,18950,19750,7.650272926226435e-47,0,,188,100
1896,18960,19760,1.7667384437520843e-48,0,,187,100
1897,18970,19770,1.968953243013825e-47,0,,187,100
1898,18980,19780,1.0690266420172867e-47,0,,188,100
1899,18990,19790,8.91987731794724e-47,0,,186,100
1900,19000,19800,7.002510336250446e-46,0,,184,100
1901,19010,19810,5.413857806631158e-47,0,,188,100
1902,19020,19820,1.7197849561762398e-47,0,,187,100
1903,19030,19830,3.037987712406615e-47,0,,187,100
1904,19040,19840,5.300914526603254e-45,0,,189,100
1905,19050,19850,1.0831341036587053e-43,0,,191,100
1906,19060,19860,1.9788930953145285e-41,0,,191,100
1907,19070,19870,1.86742244687026e-43,0,,192,100
1908,19080,19880,9.78073773712143e-44,0,,193,100
1909,19090,19890,6.473335221036361e-47,0,,192,100
1910,19100,19900,3.4047431946387633e-41,0,,193,100
1911,19110,19910,4.3078122928292126e-41,0,,192,100
1912,19120,19920,1.3998935505418824e-45,0,,190,100
1913,19130,19930,3.089456386251017e-45,0,,190,100
1914,19140,19940,4.3434391571212235e-44,0,,189,100
1915,19150,19950,9.956269171530889e-45,0,,189,100
1916,19160,19960,1.091894868091819e-46,0,,188,100
1917,19170,19970,4.867811753427085e-46,0,,188,100
1918,19180,19980,2.1138933416027846e-48,0,,189,100
1919,19190,19990,6.068731277302446e-48,0,,191,100
1920,19200,20000,6.410016007899191e-49,0,,191,100
1921,19210,20010,1.1984835185879395e-47,0,,190,100
1922,19220,20020,6.950854650115834e-47,0,,190,100
1923,19230,20030,6.726385074444096e-51,0,,191,100
1924,19240,20040,8.082663882837999e-50,0,,191,100
1925,19250,20050,3.192280188149032e-48,0,,192,100
1926,19260,20060,2.0580668752736574e-54,0,,193,100
1927,19270,20070,4.2812547925643904e-52,0,,194,100
1928,19280,20080,9.03833703212584e-57,0,,194,100
1929,19290,20090,1.0883241353648365e-58,0,,194,100
1930,19300,20100,1.546314043379499e-56,0,,194,100
1931,19310,20110,3.1959024849915786e-62,0,,194,100
1932,19320,20120,6.18288772676358e-64,0,,196,100
1933,19330,20130,1.557763207131395e-62,0,,194,100
1934,19340,20140,4.0109872510421275e-67,0,,190,100
1935,19350,20150,5.0452729610113015e-64,0,,191,100
1936,19360,20160,3.2538592312507533e-71,0,,191,100
1937,19370,20170,9.695672087953851e-70,0,,192,100
1938,19380,20180,1.9298358954356933e-71,0,,193,100
1939,19390,20190,2.815514701251482e-69,0,,193,100
1940,19400,20200,8.802270300760903e-71,0,,191,100
1941,19410,20210,1.1700433644205256e-64,0,,191,100
1942,19420,20220,5.857211999947861e-67,0,,191,100
1943,19430,20230,1.631962996902059e-67,0,,192,100
1944,19440,20240,7.011914985249072e-66,0,,192,100
1945,19450,20250,1.819432920295524e-71,0,,190,100
1946,19460,20260,5.8504188298873713e-67,0,,191,100
1947,19470,20270,1.1991051888934845e-68,0,,191,100
1948,19480,20280,2.6707056868628824e-66,0,,191,100
1949,19490,20290,2.191695140035204e-74,0,,190,100
1950,19500,20300,2.4852367956665736e-72,0,,192,100
1951,19510,20310,1.7513148822509748e-71,0,,193,100
1952,19520,20320,9.169897498931514e-70,0,,193,100
1953,19530,20330,2.9736138722257412e-71,0,,194,100
1954,19540,20340,1.9409238114447042e-71,0,,194,100
1955,19550,20350,6.5618423872096305e-68,0,,195,100
1956,19560,20360,5.978161344177937e-71,0,,193,100
1957,19570,20370,1.6351269747545146e-64,0,,194,100
1958,19580,20380,1.2794502229621636e-67,0,,194,100
1959,19590,20390,2.3655463736675322e-66,0,,196,100
1960,19600,20400,3.336114893099202e-67,0,,196,100
1961,19610,20410,1.2843225096910033e-64,0,,196,100
1962,19620,20420,1.5684292613059166e-68,0,,195,100
1963,19630,20430,4.8346430193029e-70,0,,194,100
1964,19640,20440,1.0566790019051936e-66,0,,195,100
1965,19650,20450,8.920064337611706e-68,0,,195,100
1966,19660,20460,2.760913628601226e-64,0,,192,100
1967,19670,20470,1.2570929651351392e-59,0,,193,100
1968,19680,20480,4.924583232813128e-60,0,,194,100
1969,19690,20490,3.752698275528353e-52,0,,193,100
1970,19700,20500,1.2408952955024207e-47,0,,193,100
1971,19710,20510,1.5901884603575123e-51,0,,194,100
1972,19720,20520,3.958383017621067e-46,0,,193,100
1973,19730,20530,3.35621545374361e-47,0,,193,100
1974,19740,20540,8.213379915617478e-48,0,,193,100
1975,19750,20550,4.84361279374553e-48,0,,192,100
1976,19760,20560,8.240593277820133e-48,0,,192,100
1977,19770,20570,2.910773143184748e-45,0,,190,100
1978,19780,20580,1.2172714612495266e-42,0,,190,100
1979,19790,20590,4.948538198255567e-44,0,,192,100
1980,19800,20600,1.9552194126388768e-48,0,,193,100
1981,19810,20610,1.0108659361170009e-44,0,,189,100
1982,19820,20620,1.8874197844315665e-45,0,,189,100
1983,19830,20630,1.639998372859992e-47,0,,190,100
1984,19840,20640,1.6820486858886273e-48,0,,189,100
1985,19850,20650,2.6889181449065846e-47,0,,187,100
1986,19860,20660,1.093094543380495e-50,0,,187,100
1987,19870,20670,1.3999518280969778e-54,0,,184,100
1988,19880,20680,3.2197575175313755e-53,0,,184,100
1989,19890,20690,2.0432090053229633e-56,0,,185,100
1990,19900,20700,1.4649258650142785e-56,0,,185,100
1991,19910,20710,6.041797533276524e-53,0,,186,100
1992,19920,20720,1.640741955632394e-55,0,,186,100
1993,19930,20730,1.7244687790604377e-57,0,,186,100
1994,19940,20740,1.3767990089694237e-55,0,,187,100
1995,19950,20750,5.864474564200269e-52,0,,185,100
1996,19960,20760,5.010211961564472e-53,0,,185,100
1997,19970,20770,4.435878762221273e-56,0,,184,100
1998,19980,20780,7.433144740150261e-59,0,,183,100
1999,19990,20790,2.931126199731033e-58,0,,183,100
2000,20000,20800,7.883296768999798e-59,0,,187,100
2001,20010,20810,1.36772473754777e-58,0,,187,100
2002,20020,20820,1.656435165489981e-59,0,,185,100
2003,20030,20830,1.017516199662953e-51,0,,184,100
2004,20040,20840,2.5436934907633586e-57,0,,182,100
2005,20050,20850,7.3982647757416425e-59,0,,182,100
2006,20060,20860,8.632436229169771e-52,0,,180,100
2007,20070,20870,8.710090584694851e-56,0,,179,100
2008,20080,20880,4.244767670851255e-54,0,,178,100
2009,20090,20890,4.398537078773595e-50,0,,178,100
2010,20100,20900,2.5859529393537148e-51,0,,178,100
2011,20110,20910,1.216330598616323e-51,0,,177,100
2012,20120,20920,1.5446739575288773e-52,0,,178,100
2013,20130,20930,1.952664291127586e-52,0,,179,100
2014,20140,20940,1.500040548371905e-56,0,,178,100
2015,20150,20950,2.4872027499806104e-59,0,,180,100
2016,20160,20960,3.7599173565386377e-62,0,,177,100
2017,20170,20970,4.757603655397627e-59,0,,177,100
2018,20180,20980,3.1240016311483357e-59,0,,175,100
2019,20190,20990,1.992632652241402e-59,0,,174,100
2020,20200,21000,1.7263263563550836e-61,0,,175,100
2021,20210,21010,4.1668261566055525e-62,0,,176,100
2022,20220,21020,2.763037887572338e-60,0,,176,100
2023,20230,21030,1.0403919068753236e-63,0,,176,100
2024,20240,21040,2.0031620032157375e-63,0,,175,100
2025,20250,21050,1.7802729130284572e-66,0,,175,100
2026,20260,21060,2.1746995774799418e-64,0,,175,100
2027,20270,21070,4.93440471833267e-65,0,,176,100
2028,20280,21080,5.559272133896717e-64,0,,175,100
2029,20290,21090,1.7002304975607116e-63,0,,174,100
2030,20300,21100,1.2070747512683377e-64,0,,175,100
2031,20310,21110,8.683287742562272e-65,0,,173,100
2032,20320,21120,1.6410673789700778e-57,0,,172,100
2033,20330,21130,3.251260388408591e-58,0,,178,100
2034,20340,21140,1.0175244764281199e-57,0,,177,100
2035,20350,21150,2.511802114151461e-55,0,,175,100
2036,20360,21160,1.4318187415013538e-55,0,,175,100
2037,20370,21170,3.324137846877527e-56,0,,174,100
2038,20380,21180,6.658072885641527e-56,0,,173,100
2039,20390,21190,2.82109867453552e-55,0,,174,100
2040,20400,21200,1.8737335303376114e-57,0,,173,100
2041,20410,21210,1.5950232043627824e-55,0,,174,100
2042,20420,21220,2.836686903926676e-53,0,,174,100
2043,20430,21230,2.520033293860051e-49,0,,173,100
2044,20440,21240,6.868046347435112e-55,0,,175,100
2045,20450,21250,3.1187625449609134e-53,0,,175,100
2046,20460,21260,3.1600027380122104e-54,0,,172,100
2047,20470,21270,1.0238157876206445e-59,0,,172,100
2048,20480,21280,7.148825205465142e-60,0,,170,100
2049,20490,21290,1.0552941687209291e-63,0,,171,100
2050,20500,21300,2.3958522315891115e-62,0,,174,100
2051,20510,21310,4.721049998905954e-64,0,,176,100
2052,20520,21320,6.138289519566905e-62,0,,178,100
2053,20530,21330,1.0492324462449065e-61,0,,181,100
2054,20540,21340,1.5508881093883754e-60,0,,182,100
2055,20550,21350,1.1291851746410023e-59,0,,182,100
2056,20560,21360,8.590629763110512e-59,0,,182,100
2057,20570,21370,2.8050698971428497e-59,0,,183,100
2058,20580,21380,2.7121641495216497e-59,0,,184,100
2059,20590,21390,9.206572516522272e-58,0,,185,100
2060,20600,21400,2.49275807640681e-59,0,,186,100
2061,20610,21410,1.4512543729473975e-53,0,,185,100
2062,20620,21420,3.85384256779017e-52,0,,185,100
2063,20630,21430,2.0447580522159068e-52,0,,187,100
2064,20640,21440,9.220290807564465e-54,0,,186,100
2065,20650,21450,6.823804323704242e-53,0,,188,100
2066,20660,21460,2.809087017330489e-55,0,,188,100
2067,20670,21470,5.986487141874099e-49,0,,187,100
2068,20680,21480,2.32846549540105e-48,0,,186,100
2069,20690,21490,8.698377505205427e-45,0,,187,100
2070,20700,21500,3.3094558504361066e-46,0,,186,100
2071,20710,21510,1.328604138037512e-49,0,,189,100
2072,20720,21520,5.765809989867036e-44,0,,190,100
2073,20730,21530,6.0266227458538404e-43,0,,191,100
2074,20740,21540,9.635880121629676e-44,0,,191,100
2075,20750,21550,2.1746299102742585e-43,0,,193,100
2076,20760,21560,2.5564950956217777e-39,0,,194,100
2077,20770,21570,2.8731817559148814e-41,0,,193,100
2078,20780,21580,1.1947786026510706e-43,0,,192,100
2079,20790,21590,2.5931073262261578e-45,0,,191,100
2080,20800,21600,4.427366248321391e-45,0,,191,100
2081,20810,21610,9.746436369639008e-48,0,,190,100
2082,20820,21620,5.609852954892646e-47,0,,192,100
2083,20830,21630,1.8512207326122174e-48,0,,190,100
2084,20840,21640,3.1065080826579904e-54,0,,190,100
2085,20850,21650,3.1044084498643944e-62,0,,190,100
2086,20860,21660,9.952499424848874e-67,0,,191,100
2087,20870,21670,9.971463595641038e-72,0,,190,100
2088,20880,21680,2.428662932096688e-73,0,,192,100
2089,20890,21690,3.2776520191559586e-81,0,,192,100
2090,20900,21700,5.5162619130172925e-86,0,,191,100
2091,20910,21710,1.03242225386858e-92,0,,190,100
2092,20920,21720,4.4128964599580647e-94,0,,192,100
2093,20930,21730,2.119423028840471e-98,0,,191,100
2094,20940,21740,2.0517144438069402e-97,0,,190,100
2095,20950,21750,2.1828195315518534e-97,0,,191,100
2096,20960,21760,5.6508026713850965e-99,0,,189,100
2097,20970,21770,1.2931550293561152e-104,0,,190,100
2098,20980,21780,7.414845956820543e-109,0,,191,100
2099,20990,21790,2.3485309637919673e-107,0,,194,100
2100,21000,21800,8.795820990329945e-103,0,,194,100
2101,21010,21810,7.105231183231098e-102,0,,195,100
2102,21020,21820,1.446180159264572e-97,0,,193,100
2103,21030,21830,1.4584899940465814e-98,0,,195,100
2104,21040,21840,9.731738279792326e-102,0,,194,100
2105,21050,21850,6.995557545871138e-99,0,,195,100
2106,21060,21860,7.342681340840647e-99,0,,196,100
2107,21070,21870,3.768017723865531e-102,0,,198,100
2108,21080,21880,5.823494082311449e-101,0,,200,100
2109,21090,21890,9.278792710186151e-95,0,,198,100
2110,21100,21900,1.3331597637718795e-92,0,,199,100
2111,21110,21910,9.626065756260744e-84,0,,198,100
2112,21120,21920,4.662369892098935e-72,0,,196,100
2113,21130,21930,1.5433345003094358e-71,0,,193,100
2114,21140,21940,6.382398931603482e-69,0,,194,100
2115,21150,21950,1.875957591614173e-67,0,,195,100
2116,21160,21960,5.253328649835833e-60,0,,194,100
2117,21170,21970,1.6574448851279366e-60,0,,194,100
2118,21180,21980,4.472050705119143e-60,0,,194,100
2119,21190,21990,6.751026480246081e-57,0,,195,100
2120,21200,22000,2.0554085360265616e-53,0,,194,100
2121,21210,22010,3.292794618452706e-52,0,,194,100
2122,21220,22020,1.20756926664404e-53,0,,194,100
2123,21230,22030,2.0024107086078618e-56,0,,194,100
2124,21240,22040,8.606577926857504e-54,0,,193,100
2125,21250,22050,1.6076830844771603e-55,0,,195,100
2126,21260,22060,1.4633390576967944e-53,0,,196,100
2127,21270,22070,1.2222266301748311e-60,0,,195,100
2128,21280,22080,7.2540408429921445e-62,0,,195,100
2129,21290,22090,5.034792339215841e-61,0,,196,100
2130,21300,22100,8.742206242645882e-59,0,,196,100
2131,21310,22110,3.8000197228812783e-56,0,,194,100
2132,21320,22120,5.000431741817159e-57,0,,190,100
2133,21330,22130,4.091674613953525e-59,0,,187,100
2134,21340,22140,7.460220861478135e-58,0,,189,100
2135,21350,22150,1.7354637744305775e-58,0,,188,100
2136,21360,22160,1.1236797009561747e-56,0,,189,100
2137,21370,22170,1.585274384348554e-61,0,,187,100
2138,21380,22180,6.531600984079101e-57,0,,187,100
2139,21390,22190,6.305838944640171e-65,0,,184,100
2140,21400,22200,5.530901002418637e-66,0,,187,100
2141,21410,22210,7.599197899901343e-64,0,,187,100
2142,21420,22220,4.6167674258048364e-58,0,,186,100
2143,21430,22230,4.295077899132132e-54,0,,188,100
2144,21440,22240,3.6450201399017876e-54,0,,186,100
2145,21450,22250,9.033077418593944e-53,0,,186,100
2146,21460,22260,4.252908128029039e-46,0,,185,100
2147,21470,22270,5.894357620070925e-45,0,,186,100
2148,21480,22280,1.6231289061837776e-41,0,,185,100
2149,21490,22290,2.2691275574761395e-44,0,,185,100
2150,21500,22300,2.0331044580629926e-42,0,,185,100
2151,21510,22310,1.7039857686341276e-52,0,,182,100
2152,21520,22320,1.8467263910298875e-51,0,,180,100
2153,21530,22330,9.78257304844919e-50,0,,180,100
2154,21540,22340,2.111053445873231e-50,0,,180,100
2155,21550,22350,5.513953292144474e-55,0,,179,100
2156,21560,22360,3.092008417753492e-56,0,,181,100
2157,21570,22370,2.447596463939275e-56,0,,182,100
2158,21580,22380,3.633368761647986e-56,0,,182,100
2159,21590,22390,1.8621678242662575e-55,0,,180,100
2160,21600,22400,2.312253435111042e-51,0,,182,100
2161,21610,22410,7.53429079791913e-54,0,,181,100
2162,21620,22420,2.0551809369355824e-54,0,,181,100
2163,21630,22430,9.71922357724086e-55,0,,180,100
2164,21640,22440,2.0151631645338233e-57,0,,180,100
2165,21650,22450,2.072532809508133e-55,0,,181,100
2166,21660,22460,1.4832516734617084e-57,0,,181,100
2167,21670,22470,3.29871618305859e-60,0,,183,100
2168,21680,22480,7.142390009920343e-64,0,,181,100
2169,21690,22490,1.4649510577049976e-60,0,,181,100
2170,21700,22500,4.5913397136877805e-58,0,,180,100
2171,21710,22510,2.0725107604653086e-59,0,,183,100
2172,21720,22520,1.4142600592878618e-57,0,,185,100
2173,21730,22530,1.0814200437547167e-58,0,,183,100
2174,21740,22540,4.4281838666987405e-60,0,,185,100
2175,21750,22550,2.123268601183461e-60,0,,185,100
2176,21760,22560,9.160771674717915e-62,0,,185,100
2177,21770,22570,5.782966915312147e-57,0,,187,100
2178,21780,22580,3.0223373728867994e-59,0,,184,100
2179,21790,22590,5.498493703191192e-53,0,,183,100
2180,21800,22600,3.307205876207091e-55,0,,183,100
2181,21810,22610,1.813910550359144e-57,0,,183,100
2182,21820,22620,1.0887505233992998e-57,0,,182,100
2183,21830,22630,6.384191586105604e-61,0,,183,100
2184,21840,22640,1.3264518914032839e-52,0,,184,100
2185,21850,22650,1.9809859450090563e-53,0,,183,100
2186,21860,22660,6.76524985739506e-53,0,,185,100
2187,21870,22670,3.426035775551882e-54,0,,181,100
2188,21880,22680,1.0299073991424734e-53,0,,180,100
2189,21890,22690,1.7841465648358808e-53,0,,180,100
2190,21900,22700,9.294157129572213e-57,0,,180,100
2191,21910,22710,8.645752558716254e-53,0,,180,100
2192,21920,22720,1.044229002157454e-53,0,,180,100
2193,21930,22730,1.3983028185638095e-48,0,,180,100
2194,21940,22740,7.088706068290995e-52,0,,181,100
2195,21950,22750,7.628647223821585e-50,0,,181,100
2196,21960,22760,2.799666282976035e-55,0,,180,100
2197,21970,22770,3.4755287374988732e-56,0,,180,100
2198,21980,22780,1.7673093554084695e-51,0,,180,100
2199,21990,22790,1.349248279858162e-50,0,,182,100
2200,22000,22800,2.9434410436349217e-55,0,,183,100
2201,22010,22810,3.450883264196446e-55,0,,183,100
2202,22020,22820,9.038721661796424e-54,0,,183,100
2203,22030,22830,8.378433518887364e-59,0,,181,100
2204,22040,22840,2.7960424058135825e-53,0,,182,100
2205,22050,22850,3.765096358217124e-51,0,,180,100
2206,22060,22860,5.710098007164401e-51,0,,181,100
2207,22070,22870,1.2100156014589133e-50,0,,182,100
2208,22080,22880,1.82042423513835e-49,0,,180,100
2209,22090,22890,6.519699561258191e-49,0,,181,100
2210,22100,22900,2.1000683946878388e-48,0,,180,100
2211,22110,22910,2.4613135725454216e-46,0,,182,100
2212,22120,22920,3.7522791929669584e-47,0,,182,100
2213,22130,22930,8.595459328109534e-50,0,,183,100
2214,22140,22940,8.911367543073012e-51,0,,184,100
2215,22150,22950,5.450001270403527e-54,0,,186,100
2216,22160,22960,2.3694458000168407e-50,0,,187,100
2217,22170,22970,4.378309656918343e-53,0,,189,100
2218,22180,22980,3.70245494097777e-53,0,,189,100
2219,22190,22990,1.0903810580552124e-53,0,,189,100
2220,22200,23000,5.728026465609278e-54,0,,187,100
2221,22210,23010,4.8199046910797666e-54,0,,187,100
2222,22220,23020,2.5550275467955414e-54,0,,187,100
2223,22230,23030,2.4385037422345275e-51,0,,186,100
2224,22240,23040,6.247713153604272e-53,0,,187,100
2225,22250,23050,3.1962260843297087e-52,0,,189,100
2226,22260,23060,8.068428620170156e-52,0,,192,100
2227,22270,23070,4.0781298075165896e-52,0,,193,100
2228,22280,23080,6.681411893907724e-56,0,,197,100
2229,22290,23090,2.1158764059391063e-56,0,,197,100
2230,22300,23100,1.5479795668784469e-57,0,,197,100
2231,22310,23110,1.1068594965168778e-58,0,,196,100
2232,22320,23120,9.852513795361651e-60,0,,196,100
2233,22330,23130,1.0279993051193915e-62,0,,197,100
2234,22340,23140,1.1363907805243048e-63,0,,196,100
2235,22350,23150,6.823070027961807e-58,0,,196,100
2236,22360,23160,5.630595410906462e-63,0,,196,100
2237,22370,23170,3.815703758819992e-63,0,,196,100
2238,22380,23180,6.268843588657174e-60,0,,195,100
2239,22390,23190,2.5892370975822893e-57,0,,194,100
2240,22400,23200,2.2701801550774813e-59,0,,194,100
2241,22410,23210,2.9017038913727157e-59,0,,196,100
2242,22420,23220,3.569605118812236e-53,0,,195,100
2243,22430,23230,2.8266647603641157e-54,0,,197,100
2244,22440,23240,1.8937028772026254e-59,0,,196,100
2245,22450,23250,1.1976182663605279e-57,0,,195,100
2246,22460,23260,4.548513583747685e-60,0,,197,100
2247,22470,23270,1.770674600607816e-59,0,,195,100
2248,22480,23280,4.808019152708987e-60,0,,196,100
2249,22490,23290,4.9381960697960844e-60,0,,198,100
2250,22500,23300,3.2246879588331065e-56,0,,196,100
2251,22510,23310,3.060935489873521e-55,0,,194,100
2252,22520,23320,1.0079811706812956e-51,0,,194,100
2253,22530,23330,7.890630711054481e-49,0,,195,100
2254,22540,23340,9.713096783993974e-50,0,,194,100
2255,22550,23350,4.498633739528112e-50,0,,194,100
2256,22560,23360,1.6830778737093212e-51,0,,194,100
2257,22570,23370,2.3695019964286164e-51,0,,194,100
2258,22580,23380,2.362097406845573e-49,0,,194,100
2259,22590,23390,4.058546844023133e-50,0,,193,100
2260,22600,23400,1.1629706489077682e-50,0,,197,100
2261,22610,23410,1.9770123578100074e-55,0,,198,100
2262,22620,23420,9.244790983953094e-53,0,,197,100
2263,22630,23430,9.40061781549325e-51,0,,195,100
2264,22640,23440,2.17672561096944e-51,0,,197,100
2265,22650,23450,3.9491540863368907e-53,0,,196,100
2266,22660,23460,2.5446040841764904e-50,0,,196,100
2267,22670,23470,6.896338551875755e-52,0,,199,100
2268,22680,23480,1.4986291237305898e-50,0,,199,100
2269,22690,23490,5.4954493083935484e-49,0,,198,100
2270,22700,23500,1.6533755080745276e-49,0,,196,100
2271,22710,23510,8.236125230870555e-51,0,,195,100
2272,22720,23520,8.998922603824832e-53,0,,196,100
2273,22730,23530,2.8158536773882973e-50,0,,197,100
2274,22740,23540,2.1793849349135825e-45,0,,197,100
2275,22750,23550,9.846159740500437e-49,0,,196,100
2276,22760,23560,1.3206132245671023e-51,0,,196,100
2277,22770,23570,3.3315617346734744e-52,0,,196,100
2278,22780,23580,5.797367722327298e-51,0,,196,100
2279,22790,23590,4.6329931020514814e-48,0,,195,100
2280,22800,23600,2.338570500119717e-47,0,,195,100
2281,22810,23610,2.3612136100915714e-51,0,,194,100
2282,22820,23620,5.942291694972781e-50,0,,196,100
2283,22830,23630,2.260332362794375e-48,0,,197,100
2284,22840,23640,4.288227365295414e-50,0,,196,100
2285,22850,23650,1.2843068357291937e-52,0,,194,100
2286,22860,23660,1.4472758266626332e-51,0,,197,100
2287,22870,23670,2.1506994175982157e-49,0,,199,100
2288,22880,23680,2.0397627938694493e-53,0,,197,100
2289,22890,23690,4.195595553194689e-51,0,,198,100
2290,22900,23700,1.5990349942349796e-52,0,,199,100
2291,22910,23710,1.5903135807412927e-56,0,,196,100
2292,22920,23720,4.218316391455647e-59,0,,196,100
2293,22930,23730,4.919684338788879e-59,0,,195,100
2294,22940,23740,5.092192658583823e-60,0,,195,100
2295,22950,23750,2.557441671098504e-62,0,,191,100
2296,22960,23760,9.703027469175816e-59,0,,190,100
2297,22970,23770,2.6019938244354367e-57,0,,189,100
2298,22980,23780,9.437114383068143e-58,0,,189,100
2299,22990,23790,2.1087974403373164e-56,0,,189,100
2300,23000,23800,1.3057507200992933e-56,0,,189,100
2301,23010,23810,2.1348277475344072e-53,0,,191,100
2302,23020,23820,1.5735297892101534e-53,0,,192,100
2303,23030,23830,2.862927854125277e-52,0,,192,100
2304,23040,23840,1.7812281623195317e-53,0,,193,100
2305,23050,23850,1.2951490480922362e-56,0,,190,100
2306,23060,23860,1.703958580685346e-55,0,,190,100
2307,23070,23870,2.6555560613501755e-54,0,,190,100
2308,23080,23880,6.100798668894431e-58,0,,187,100
2309,23090,23890,8.997141822879464e-58,0,,187,100
2310,23100,23900,4.401131757854512e-52,0,,187,100
2311,23110,23910,4.15574694155521e-53,0,,187,100
2312,23120,23920,5.729337422293105e-52,0,,187,100
2313,23130,23930,5.027197178772255e-56,0,,188,100
2314,23140,23940,6.513156366815584e-53,0,,192,100
2315,23150,23950,4.3331313063028515e-52,0,,191,100
2316,23160,23960,1.4030268715163665e-55,0,,191,100
2317,23170,23970,4.2423631132661426e-58,0,,196,100
2318,23180,23980,1.1388919269273826e-59,0,,194,100
2319,23190,23990,1.1254372878253618e-62,0,,194,100
2320,23200,24000,1.0360314608009697e-60,0,,195,100
2321,23210,24010,8.288406737951413e-61,0,,196,100
2322,23220,24020,9.588561600519502e-60,0,,200,100
2323,23230,24030,4.922139878263969e-59,0,,199,100
2324,23240,24040,6.1900119798238595e-61,0,,199,100
2325,23250,24050,6.083419264768655e-58,0,,202,100
2326,23260,24060,3.6807444881435074e-59,0,,201,100
2327,23270,24070,1.5791842979116658e-60,0,,201,100
2328,23280,24080,6.707800866329174e-57,0,,201,100
2329,23290,24090,2.3828617262524727e-54,0,,204,100
2330,23300,24100,3.0137162311513324e-61,0,,205,100
2331,23310,24110,1.3720014384813031e-57,0,,205,100
2332,23320,24120,5.899829138145276e-62,0,,205,100
2333,23330,24130,7.4352436003556e-59,0,,206,100
2334,23340,24140,8.992522903595061e-63,0,,206,100
2335,23350,24150,4.354836794513981e-67,0,,209,100
2336,23360,24160,7.600663301954935e-64,0,,208,100
2337,23370,24170,2.2735293608758644e-62,0,,209,100
2338,23380,24180,3.990620613041896e-64,0,,208,100
2339,23390,24190,6.611284014765068e-61,0,,209,100
2340,23400,24200,3.127217060980102e-54,0,,207,100
2341,23410,24210,5.6502907499171384e-55,0,,208,100
2342,23420,24220,1.5145871916583421e-50,0,,209,100
2343,23430,24230,1.140151567841075e-51,0,,209,100
2344,23440,24240,2.7307074249193076e-57,0,,209,100
2345,23450,24250,1.0577932392136502e-51,0,,207,100
2346,23460,24260,1.0623046238215467e-56,0,,206,100
2347,23470,24270,1.08024512981575e-55,0,,208,100
2348,23480,24280,4.7735600897621365e-60,0,,209,100
2349,23490,24290,1.763405153733807e-58,0,,210,100
2350,23500,24300,7.209695350387027e-50,0,,211,100
2351,23510,24310,3.9859708977199415e-52,0,,212,100
2352,23520,24320,1.518941766970355e-53,0,,212,100
2353,23530,24330,5.109685429698548e-50,0,,213,100
2354,23540,24340,2.9090670695949477e-49,0,,212,100
2355,23550,24350,6.265053007198078e-49,0,,214,100
2356,23560,24360,8.152072435982507e-45,0,,213,100
2357,23570,24370,2.0934535407905978e-44,0,,213,100
2358,23580,24380,1.0915913539527533e-47,0,,212,100
2359,23590,24390,7.106147638778421e-52,0,,212,100
2360,23600,24400,1.1094345173538776e-48,0,,212,100
2361,23610,24410,6.358952428291545e-47,0,,211,100
2362,23620,24420,6.793222065534681e-52,0,,212,100
2363,23630,24430,1.184604290079877e-54,0,,211,100
2364,23640,24440,1.6130485505097287e-54,0,,212,100
2365,23650,24450,2.562165823249611e-52,0,,212,100
2366,23660,24460,4.35896217531652e-54,0,,209,100
2367,23670,24470,5.250405352199732e-56,0,,210,100
2368,23680,24480,2.058396637164709e-57,0,,209,100
2369,23690,24490,6.696383039077736e-58,0,,208,100
2370,23700,24500,1.828503749132045e-55,0,,210,100
2371,23710,24510,1.2785479532315057e-59,0,,210,100
2372,23720,24520,7.593067169728945e-58,0,,212,100
2373,23730,24530,4.536290909207128e-56,0,,211,100
2374,23740,24540,1.9965438387520625e-57,0,,212,100
2375,23750,24550,7.888940121818242e-57,0,,212,100
2376,23760,24560,2.1621223265904397e-56,0,,212,100
2377,23770,24570,1.1646279878828614e-59,0,,211,100
2378,23780,24580,2.1453095761965577e-59,0,,213,100
2379,23790,24590,1.421293281749292e-61,0,,212,100
2380,23800,24600,6.559393245538033e-60,0,,212,100
2381,23810,24610,5.455232171600994e-53,0,,211,100
2382,23820,24620,6.840802569249032e-55,0,,211,100
2383,23830,24630,1.2181753455576325e-51,0,,211,100
2384,23840,24640,3.0350883628915932e-52,0,,209,100
2385,23850,24650,3.0249897421693907e-53,0,,209,100
2386,23860,24660,4.965295087829182e-59,0,,208,100
2387,23870,24670,1.4851758941442826e-50,0,,207,100
2388,23880,24680,2.8153826828926887e-52,0,,207,100
2389,23890,24690,8.286082775540689e-52,0,,207,100
2390,23900,24700,3.916772333272935e-50,0,,207,100
2391,23910,24710,1.818942542289339e-52,0,,207,100
2392,23920,24720,2.159256116854075e-55,0,,205,100
2393,23930,24730,7.968456739855467e-52,0,,205,100
2394,23940,24740,5.603796429798056e-54,0,,203,100
2395,23950,24750,1.662388663860499e-53,0,,204,100
2396,23960,24760,3.3934967890043936e-53,0,,205,100
2397,23970,24770,1.2973668282055072e-52,0,,203,100
2398,23980,24780,5.680382171873598e-54,0,,204,100
2399,23990,24790,1.940757154368282e-59,0,,204,100
2400,24000,24800,9.368118268580915e-59,0,,206,100
2401,24010,24810,6.90959909201062e-66,0,,205,100
2402,24020,24820,1.4090070373677924e-64,0,,200,100
2403,24030,24830,5.229935092286272e-67,0,,201,100
2404,24040,24840,3.4901170977026054e-69,0,,201,100
2405,24050,24850,3.565242148745883e-67,0,,200,100
2406,24060,24860,1.0348565358251846e-75,0,,199,100
2407,24070,24870,1.305778661358517e-72,0,,199,100
2408,24080,24880,2.879835986204581e-75,0,,197,100
2409,24090,24890,6.5105535906897825e-74,0,,196,100
2410,24100,24900,2.6531926663240305e-71,0,,194,100
2411,24110,24910,5.868213838750811e-73,0,,195,100
2412,24120,24920,3.8624930344787125e-73,0,,195,100
2413,24130,24930,1.0366890429303903e-75,0,,195,100
2414,24140,24940,8.609219727838201e-75,0,,197,100
2415,24150,24950,8.430939106547553e-74,0,,193,100
2416,24160,24960,1.5728800911264839e-71,0,,191,100
2417,24170,24970,4.681827019416831e-69,0,,191,100
2418,24180,24980,1.195857649943215e-66,0,,192,100
2419,24190,24990,6.728623713418171e-62,0,,190,100
2420,24200,25000,1.2194271426398965e-55,0,,188,100
2421,24210,25010,1.233224441536593e-57,0,,187,100
2422,24220,25020,4.004031954819338e-57,0,,187,100
2423,24230,25030,1.1156743194093715e-53,0,,186,100
2424,24240,25040,1.2545187260241417e-55,0,,186,100
2425,24250,25050,3.1780732216844914e-56,0,,186,100
2426,24260,25060,2.99296859756323e-52,0,,188,100
2427,24270,25070,2.8061220864632895e-59,0,,185,100
2428,24280,25080,1.2595750221331244e-59,0,,187,100
2429,24290,25090,1.903646105208494e-59,0,,188,100
2430,24300,25100,7.01290413981418e-61,0,,189,100
2431,24310,25110,1.4002767170313547e-63,0,,188,100
2432,24320,25120,9.975828530378731e-65,0,,188,100
2433,24330,25130,1.0472764973013268e-59,0,,189,100
2434,24340,25140,1.1981341345733713e-60,0,,193,100
2435,24350,25150,1.3449318237438782e-59,0,,193,100
2436,24360,25160,5.087040473434424e-62,0,,194,100
2437,24370,25170,5.042943981740854e-56,0,,195,100
2438,24380,25180,7.958318964608805e-55,0,,196,100
2439,24390,25190,1.421549368228906e-59,0,,196,100
2440,24400,25200,3.123003644866347e-61,0,,197,100
2441,24410,25210,1.848111084855352e-59,0,,198,100
2442,24420,25220,9.780103112236846e-57,0,,198,100
2443,24430,25230,1.4930466446413797e-58,0,,197,100
2444,24440,25240,1.9770779610620152e-55,0,,198,100
2445,24450,25250,3.2525497752434187e-57,0,,198,100
2446,24460,25260,2.4857127546063087e-54,0,,196,100
2447,24470,25270,1.164662400567086e-54,0,,196,100
2448,24480,25280,1.3391247739201013e-57,0,,198,100
2449,24490,25290,2.1531362075374694e-58,0,,197,100
2450,24500,25300,1.580305263992082e-62,0,,197,100
2451,24510,25310,5.535101275087828e-62,0,,195,100
2452,24520,25320,4.602504577593947e-58,0,,194,100
2453,24530,25330,1.0730361666670365e-60,0,,195,100
2454,24540,25340,5.599496754156677e-62,0,,194,100
2455,24550,25350,3.9433750575095634e-63,0,,196,100
2456,24560,25360,8.415843607644627e-66,0,,195,100
2457,24570,25370,1.2914001545069057e-67,0,,195,100
2458,24580,25380,5.147033737530865e-67,0,,195,100
2459,24590,25390,6.050489309085844e-67,0,,201,100
2460,24600,25400,1.8514431835366428e-65,0,,201,100
2461,24610,25410,4.849043381503757e-67,0,,201,100
2462,24620,25420,2.0284384048649705e-66,0,,203,100
2463,24630,25430,9.116962697114376e-68,0,,202,100
2464,24640,25440,4.0390668303294863e-69,0,,203,100
2465,24650,25450,5.5991553374178324e-67,0,,204,100
2466,24660,25460,4.818835086445297e-66,0,,203,100
2467,24670,25470,1.9548559580684966e-64,0,,203,100
2468,24680,25480,6.902185553521888e-60,0,,202,100
2469,24690,25490,2.6332476347893246e-61,0,,203,100
2470,24700,25500,1.0259947644777029e-58,0,,203,100
2471,24710,25510,1.6437705533420382e-54,0,,203,100
2472,24720,25520,1.1288770197581425e-53,0,,205,100
2473,24730,25530,8.464779490258023e-56,0,,203,100
2474,24740,25540,5.304802104348475e-51,0,,203,100
2475,24750,25550,3.954015062218459e-51,0,,202,100
2476,24760,25560,1.0584044498955783e-46,0,,202,100
2477,24770,25570,7.019199597884509e-47,0,,202,100
2478,24780,25580,3.648568430958137e-44,0,,200,100
2479,24790,25590,6.756246368656125e-45,0,,204,100
2480,24800,25600,3.949705573770681e-43,0,,202,100
2481,24810,25610,1.155793077757439e-44,0,,203,100
2482,24820,25620,9.164594636723416e-45,0,,205,100
2483,24830,25630,2.858901313918478e-47,0,,206,100
2484,24840,25640,8.672136076449835e-51,0,,207,100
2485,24850,25650,2.9263257960874253e-54,0,,209,100
2486,24860,25660,2.975687516170758e-51,0,,209,100
2487,24870,25670,1.4796396211618762e-51,0,,210,100
2488,24880,25680,2.563348698734557e-52,0,,210,100
2489,24890,25690,4.339342571142154e-53,0,,209,100
2490,24900,25700,2.3790235673521406e-58,0,,213,100
2491,24910,25710,1.5647762640180604e-58,0,,213,100
2492,24920,25720,1.601574762817102e-61,0,,212,100
2493,24930,25730,1.8232557609199723e-61,0,,215,100
2494,24940,25740,3.1264581174412006e-66,0,,216,100
2495,24950,25750,3.791733429169692e-68,0,,217,100
2496,24960,25760,3.500880943909229e-64,0,,217,100
2497,24970,25770,3.6287000021035296e-66,0,,218,100
2498,24980,25780,3.464326194061555e-62,0,,221,100
2499,24990,25790,1.3152233521304132e-62,0,,221,100
2500,25000,25800,5.815370724387877e-62,0,,221,100
2501,25010,25810,4.414624029232708e-61,0,,222,100
2502,25020,25820,9.591632588713532e-68,0,,221,100
2503,25030,25830,4.062589674330048e-67,0,,222,100
2504,25040,25840,1.6548070736164225e-66,0,,223,100
2505,25050,25850,8.22126074583323e-66,0,,224,100
2506,25060,25860,4.735394814448673e-64,0,,223,100
2507,25070,25870,1.5925538353302598e-61,0,,224,100
2508,25080,25880,2.4200238928429152e-59,0,,221,100
2509,25090,25890,1.7125772810254462e-62,0,,221,100
2510,25100,25900,3.878693778958104e-65,0,,222,100
2511,25110,25910,2.5080756232728664e-60,0,,223,100
2512,25120,25920,6.038267944637741e-57,0,,223,100
2513,25130,25930,9.332718704006708e-55,0,,221,100
2514,25140,25940,2.509015265925924e-55,0,,218,100
2515,25150,25950,3.0048031949616044e-60,0,,218,100
2516,25160,25960,1.2663477036046025e-55,0,,221,100
2517,25170,25970,7.847855421146355e-59,0,,221,100
2518,25180,25980,6.20027321056756e-60,0,,226,100
2519,25190,25990,7.282165173509236e-55,0,,224,100
2520,25200,26000,8.817689779574921e-53,0,,224,100
2521,25210,26010,1.713763520177021e-52,0,,224,100
2522,25220,26020,5.81038876012134e-52,0,,223,100
2523,25230,26030,2.8567663423033934e-49,0,,223,100
2524,25240,26040,1.9011020779151188e-48,0,,225,100
2525,25250,26050,6.854209985397668e-49,0,,227,100
2526,25260,26060,3.082824225317681e-49,0,,230,100
2527,25270,26070,1.168848388006427e-46,0,,228,100
2528,25280,26080,7.087043228763632e-44,0,,229,100
2529,25290,26090,4.717045098315074e-45,0,,227,100
2530,25300,26100,5.920627824770951e-45,0,,230,100
2531,25310,26110,1.4589671191753353e-49,0,,231,100
2532,25320,26120,1.0382803877286666e-52,0,,234,100
2533,25330,26130,1.8784259773706956e-50,0,,236,100
2534,25340,26140,1.820007365809814e-49,0,,236,100
2535,25350,26150,2.1905467264626436e-49,0,,236,100
2536,25360,26160,5.74246298689074e-47,0,,236,100
2537,25370,26170,8.83401930465683e-44,0,,236,100
2538,25380,26180,3.7133231643668234e-42,0,,237,100
2539,25390,26190,1.711522531666119e-48,0,,233,100
2540,25400,26200,1.4855414022816444e-48,0,,233,100
2541,25410,26210,1.8780327038664717e-50,0,,233,100
2542,25420,26220,1.469169263126731e-54,0,,231,100
2543,25430,26230,1.1196022461258859e-51,0,,232,100
2544,25440,26240,2.4492136902564422e-51,0,,233,100
2545,25450,26250,9.586110799676175e-53,0,,233,100
2546,25460,26260,1.2583220859153815e-54,0,,237,100
2547,25470,26270,2.364696446910078e-59,0,,238,100
2548,25480,26280,4.9238031524613744e-58,0,,238,100
2549,25490,26290,1.814057087795942e-55,0,,239,100
2550,25500,26300,6.878951600598413e-55,0,,238,100
2551,25510,26310,1.4395826462896594e-51,0,,237,100
2552,25520,26320,2.0512102678534888e-50,0,,233,100
2553,25530,26330,2.2104921808673767e-46,0,,234,100
2554,25540,26340,3.001491055278789e-48,0,,237,100
2555,25550,26350,7.280521239634809e-56,0,,238,100
2556,25560,26360,3.530228807813969e-57,0,,237,100
2557,25570,26370,1.5430357209110984e-57,0,,236,100
2558,25580,26380,1.500949777488853e-55,0,,237,100
2559,25590,26390,6.022489444438921e-57,0,,234,100
2560,25600,26400,4.5715292091239583e-60,0,,236,100
2561,25610,26410,3.19640220480813e-58,0,,237,100
2562,25620,26420,1.6249154105035108e-57,0,,233,100
2563,25630,26430,4.359389050447804e-56,0,,234,100
2564,25640,26440,8.261003276667358e-50,0,,230,100
2565,25650,26450,2.17668743096446e-45,0,,230,100
2566,25660,26460,4.026243538356412e-47,0,,231,100
2567,25670,26470,3.8113727885405834e-50,0,,232,100
2568,25680,26480,5.866131947903148e-52,0,,232,100
2569,25690,26490,5.405663472523522e-50,0,,231,100
2570,25700,26500,1.0562002132451347e-43,0,,230,100
2571,25710,26510,2.6036678732536226e-43,0,,229,100
2572,25720,26520,1.2986419096627836e-42,0,,231,100
2573,25730,26530,4.613311640959699e-48,0,,229,100
2574,25740,26540,3.811007195859144e-46,0,,229,100
2575,25750,26550,9.278699766281938e-47,0,,227,100
2576,25760,26560,5.889396906949619e-54,0,,229,100
2577,25770,26570,1.13546035725581e-49,0,,227,100
2578,25780,26580,1.1788875574839105e-49,0,,225,100
2579,25790,26590,5.210258864806289e-49,0,,225,100
2580,25800,26600,6.371917639212387e-50,0,,225,100
2581,25810,26610,2.8434111516755525e-53,0,,225,100
2582,25820,26620,7.385024789364531e-53,0,,227,100
2583,25830,26630,2.4335662389229222e-58,0,,228,100
2584,25840,26640,1.2007832250102663e-54,0,,230,100
2585,25850,26650,1.274751333694603e-51,0,,231,100
2586,25860,26660,3.068017895148792e-51,0,,232,100
2587,25870,26670,1.0366861924533833e-56,0,,231,100
2588,25880,26680,4.4157353925324955e-60,0,,230,100
2589,25890,26690,4.129136766503237e-52,0,,228,100
2590,25900,26700,3.870809339620157e-52,0,,228,100
2591,25910,26710,4.694987994272926e-52,0,,224,100
2592,25920,26720,1.0723233342796782e-49,0,,228,100
2593,25930,26730,1.1074720956767803e-48,0,,228,100
2594,25940,26740,3.1304399693211526e-48,0,,227,100
2595,25950,26750,1.571495393987344e-50,0,,226,100
2596,25960,26760,2.9930745183471135e-57,0,,223,100
2597,25970,26770,2.5924544891638333e-63,0,,222,100
2598,25980,26780,1.8798593686215647e-55,0,,221,100
2599,25990,26790,1.1566045376990093e-55,0,,224,100
2600,26000,26800,5.761103278699567e-57,0,,223,100
2601,26010,26810,1.6263061385805157e-58,0,,223,100
2602,26020,26820,1.488408924750105e-57,0,,225,100
2603,26030,26830,9.385325639409383e-55,0,,223,100
2604,26040,26840,3.086087121103706e-54,0,,219,100
2605,26050,26850,1.4256472487068557e-56,0,,221,100
2606,26060,26860,1.369713129789222e-58,0,,218,100
2607,26070,26870,3.7733245260675165e-60,0,,219,100
2608,26080,26880,7.70509696060438e-64,0,,219,100
2609,26090,26890,2.5930692302986833e-61,0,,219,100
2610,26100,26900,7.931357528450658e-62,0,,218,100
2611,26110,26910,2.778240705421509e-65,0,,214,100
2612,26120,26920,3.2976891819603854e-63,0,,210,100
2613,26130,26930,1.8145140617807515e-62,0,,209,100
2614,26140,26940,1.425581706690279e-62,0,,209,100
2615,26150,26950,1.49530830655746e-62,0,,209,100
2616,26160,26960,1.712585414283564e-62,0,,209,100
2617,26170,26970,6.937373367090194e-64,0,,211,100
2618,26180,26980,1.5782616906463732e-60,0,,208,100
2619,26190,26990,2.678831188094868e-62,0,,209,100
2620,26200,27000,4.350079888961323e-62,0,,210,100
2621,26210,27010,3.3717232787140346e-65,0,,209,100
2622,26220,27020,4.493595858390767e-62,0,,213,100
2623,26230,27030,1.6484125756609998e-62,0,,210,100
2624,26240,27040,6.188919751638444e-59,0,,210,100
2625,26250,27050,6.581961354568465e-56,0,,209,100
2626,26260,27060,1.4655411707345025e-58,0,,206,100
2627,26270,27070,2.8172676412033894e-57,0,,208,100
2628,26280,27080,2.7576202935618573e-53,0,,209,100
2629,26290,27090,2.309635767738576e-55,0,,213,100
2630,26300,27100,3.478069653750757e-53,0,,215,100
2631,26310,27110,6.096074321170096e-57,0,,217,100
2632,26320,27120,1.1994345092181778e-55,0,,216,100
2633,26330,27130,4.681716356379499e-61,0,,217,100
2634,26340,27140,3.679942257480122e-60,0,,215,100
2635,26350,27150,4.062666996072039e-59,0,,217,100
2636,26360,27160,5.481636514516318e-59,0,,216,100
2637,26370,27170,1.4026805497585712e-55,0,,217,100
2638,26380,27180,2.866594423908892e-55,0,,216,100
2639,26390,27190,4.123920714498739e-51,0,,216,100
2640,26400,27200,2.6965608795351734e-49,0,,217,100
2641,26410,27210,6.511979145942333e-50,0,,217,100
2642,26420,27220,3.480545134207484e-49,0,,217,100
2643,26430,27230,5.051662236856318e-49,0,,219,100
2644,26440,27240,3.4252901969849796e-52,0,,224,100
2645,26450,27250,4.74277002657708e-57,0,,223,100
2646,26460,27260,2.0740535606078474e-57,0,,221,100
2647,26470,27270,1.6537952196715754e-58,0,,222,100
2648,26480,27280,2.3781958590097885e-59,0,,223,100
2649,26490,27290,1.3092755181660987e-61,0,,226,100
2650,26500,27300,8.940466565174015e-58,0,,226,100
2651,26510,27310,3.7229591832477945e-56,0,,228,100
2652,26520,27320,1.5253540714176754e-62,0,,226,100
2653,26530,27330,2.8243051582467116e-67,0,,224,100
2654,26540,27340,5.455306089346669e-62,0,,225,100
2655,26550,27350,1.6901336387061575e-64,0,,225,100
2656,26560,27360,1.5155489553787092e-65,0,,224,100
2657,26570,27370,2.3941401854222676e-71,0,,226,100
2658,26580,27380,2.2604475815775198e-70,0,,227,100
2659,26590,27390,2.9298721647044733e-75,0,,228,100
2660,26600,27400,6.112105375020631e-75,0,,231,100
2661,26610,27410,9.15447225381781e-77,0,,235,100
2662,26620,27420,1.93887900539327e-66,0,,230,100
2663,26630,27430,1.479653821143664e-67,0,,231,100
2664,26640,27440,1.6317105268987176e-69,0,,226,100
2665,26650,27450,1.809396723100022e-72,0,,226,100
2666,26660,27460,8.979129767008018e-68,0,,228,100
2667,26670,27470,3.42340731909981e-72,0,,228,100
2668,26680,27480,1.3547779967904341e-74,0,,229,100
2669,26690,27490,3.43681920155952e-70,0,,227,100
2670,26700,27500,9.282025332329947e-69,0,,228,100
2671,26710,27510,1.7770259220150723e-66,0,,231,100
2672,26720,27520,1.850622157881941e-67,0,,231,100
2673,26730,27530,4.3904217105344645e-65,0,,230,100
2674,26740,27540,3.016799044082685e-64,0,,232,100
2675,26750,27550,1.5319062154324604e-60,0,,231,100
2676,26760,27560,3.017583379458326e-59,0,,231,100
2677,26770,27570,6.406571985579481e-49,0,,229,100
2678,26780,27580,5.333484869465906e-61,0,,227,100
2679,26790,27590,3.492856441649221e-59,0,,227,100
2680,26800,27600,9.216419134160564e-59,0,,227,100
2681,26810,27610,4.575731799334581e-56,0,,227,100
2682,26820,27620,9.982676669204144e-54,0,,228,100
2683,26830,27630,3.0677924600998403e-56,0,,229,100
2684,26840,27640,2.4820648371096117e-56,0,,227,100
2685,26850,27650,8.589962092080275e-53,0,,230,100
2686,26860,27660,4.257421587419579e-49,0,,230,100
2687,26870,27670,1.0306790881567846e-46,0,,230,100
2688,26880,27680,3.4377110605121604e-44,0,,232,100
2689,26890,27690,5.657754793308301e-46,0,,232,100
2690,26900,27700,5.724587883385867e-45,0,,234,100
2691,26910,27710,1.270949261593013e-43,0,,236,100
2692,26920,27720,3.7532884694190765e-42,0,,238,100
2693,26930,27730,1.1561228153370504e-42,0,,238,100
2694,26940,27740,3.691253577444176e-44,0,,239,100
2695,26950,27750,1.133801403245122e-44,0,,239,100
2696,26960,27760,4.628005571361365e-42,0,,239,100
2697,26970,27770,5.071313441886966e-40,0,,239,100
2698,26980,27780,1.2754559755982254e-44,0,,239,100
2699,26990,27790,3.88390579165161e-49,0,,240,100
2700,27000,27800,8.736654538792366e-45,0,,238,100
2701,27010,27810,3.0612751663573303e-42,0,,240,100
2702,27020,27820,5.886335926866629e-41,0,,238,100
2703,27030,27830,1.3883589767959923e-43,0,,236,100
2704,27040,27840,6.194490926782092e-46,0,,239,100
2705,27050,27850,5.303962818032812e-45,0,,239,100
2706,27060,27860,3.029667880615983e-45,0,,239,100
2707,27070,27870,2.7300156499690434e-52,0,,237,100
2708,27080,27880,2.2984341886814214e-50,0,,237,100
2709,27090,27890,2.7936496782537095e-48,0,,233,100
2710,27100,27900,9.302537460667821e-52,0,,230,100
2711,27110,27910,1.4488682980848676e-47,0,,230,100
2712,27120,27920,8.60984428465766e-48,0,,230,100
2713,27130,27930,1.9618257986754793e-48,0,,230,100
2714,27140,27940,3.6667596291069516e-47,0,,228,100
2715,27150,27950,1.7248890116407813e-48,0,,226,100
2716,27160,27960,3.362216842508052e-49,0,,226,100
2717,27170,27970,6.199014493995619e-53,0,,227,100
2718,27180,27980,6.506138751972666e-50,0,,227,100
2719,27190,27990,4.145668903140111e-56,0,,225,100
2720,27200,28000,6.467099044961829e-48,0,,227,100
2721,27210,28010,5.072166025451253e-50,0,,226,100
2722,27220,28020,3.7933437605084997e-53,0,,226,100
2723,27230,28030,2.1129991177482303e-55,0,,223,100
2724,27240,28040,2.0117108147083204e-59,0,,219,100
2725,27250,28050,7.108507251533096e-56,0,,218,100
2726,27260,28060,3.218563119243626e-60,0,,217,100
2727,27270,28070,1.8709308171906782e-58,0,,218,100
2728,27280,28080,2.0107062815677898e-67,0,,216,100
2729,27290,28090,2.0364470263696097e-60,0,,215,100
2730,27300,28100,1.1530177648120902e-59,0,,211,100
2731,27310,28110,1.5322662001181923e-58,0,,210,100
2732,27320,28120,2.786001456378517e-59,0,,210,100
2733,27330,28130,3.654020886593958e-52,0,,211,100
2734,27340,28140,8.08530346360278e-56,0,,212,100
2735,27350,28150,1.4812569854468002e-52,0,,211,100
2736,27360,28160,9.955350064949473e-51,0,,210,100
2737,27370,28170,1.6641068020190116e-50,0,,210,100
2738,27380,28180,1.005175440388763e-44,0,,210,100
2739,27390,28190,3.853491398688113e-48,0,,207,100
2740,27400,28200,5.131864684488931e-49,0,,203,100
2741,27410,28210,2.590439543250681e-48,0,,201,100
2742,27420,28220,7.951460114729829e-48,0,,200,100
2743,27430,28230,3.5643917914282165e-48,0,,200,100
2744,27440,28240,4.0694888059017594e-48,0,,200,100
2745,27450,28250,7.733336577939283e-45,0,,199,100
2746,27460,28260,1.3956235340807675e-47,0,,203,100
2747,27470,28270,1.3448178439338256e-42,0,,203,100
2748,27480,28280,2.8585694159604465e-40,0,,204,100
2749,27490,28290,1.955674917159319e-44,0,,204,100
2750,27500,28300,1.2618003842187398e-51,0,,206,100
2751,27510,28310,6.258623685884269e-54,0,,204,100
2752,27520,28320,1.6563467695673987e-51,0,,203,100
2753,27530,28330,7.19452580831854e-51,0,,202,100
2754,27540,28340,1.2055395330465162e-55,0,,203,100
2755,27550,28350,5.192445018462472e-56,0,,206,100
2756,27560,28360,2.0154334416664004e-51,0,,204,100
2757,27570,28370,1.1452960087634427e-54,0,,204,100
2758,27580,28380,4.750004496575564e-55,0,,203,100
2759,27590,28390,1.4999124987247628e-53,0,,203,100
2760,27600,28400,5.850601351233227e-52,0,,203,100
2761,27610,28410,9.366370913465265e-52,0,,202,100
2762,27620,28420,1.0888579017210468e-53,0,,202,100
2763,27630,28430,8.583119844616535e-56,0,,201,100
2764,27640,28440,4.838023324968915e-56,0,,203,100
2765,27650,28450,7.724201566073745e-61,0,,201,100
2766,27660,28460,4.3729887473542386e-63,0,,202,100
2767,27670,28470,7.98170417410571e-60,0,,201,100
2768,27680,28480,6.955427410269497e-59,0,,196,100
2769,27690,28490,8.183447257504247e-60,0,,197,100
2770,27700,28500,3.666382249732118e-58,0,,195,100
2771,27710,28510,2.060661100154964e-61,0,,193,100
2772,27720,28520,5.304607702534702e-64,0,,193,100
2773,27730,28530,5.497297100866855e-60,0,,192,100
2774,27740,28540,1.220222447619415e-56,0,,193,100
2775,27750,28550,5.502211920002434e-55,0,,196,100
2776,27760,28560,2.1617406695144087e-54,0,,197,100
2777,27770,28570,5.801778993991721e-56,0,,198,100
2778,27780,28580,9.584162044691501e-55,0,,200,100
2779,27790,28590,3.873662392043433e-55,0,,201,100
2780,27800,28600,2.1103937233654476e-62,0,,202,100
2781,27810,28610,1.3649528977969546e-64,0,,202,100
2782,27820,28620,5.500413232349574e-61,0,,200,100
2783,27830,28630,3.130508563020849e-58,0,,199,100
2784,27840,28640,2.3772341541344158e-63,0,,197,100
2785,27850,28650,2.580213424098695e-65,0,,198,100
2786,27860,28660,6.763375381288245e-67,0,,198,100
2787,27870,28670,1.423626202575999e-63,0,,198,100
2788,27880,28680,8.318082683421091e-64,0,,199,100
2789,27890,28690,1.173861646489027e-61,0,,199,100
2790,27900,28700,6.934722346571336e-61,0,,197,100
2791,27910,28710,2.0483367979515054e-59,0,,203,100
2792,27920,28720,1.2614745809095059e-57,0,,203,100
2793,27930,28730,2.803913895767482e-58,0,,203,100
2794,27940,28740,7.691047217091692e-58,0,,203,100
2795,27950,28750,2.3198300534546545e-54,0,,203,100
2796,27960,28760,6.732643547737525e-53,0,,204,100
2797,27970,28770,1.175137777636447e-57,0,,203,100
2798,27980,28780,2.195071534827195e-56,0,,202,100
2799,27990,28790,5.436759927267483e-56,0,,205,100
2800,28000,28800,3.0793555929064008e-61,0,,200,100
2801,28010,28810,1.3323731012084232e-59,0,,200,100
2802,28020,28820,1.6681947046679547e-60,0,,201,100
2803,28030,28830,6.799071843052736e-57,0,,200,100
2804,28040,28840,2.6227934202029822e-58,0,,200,100
2805,28050,28850,3.1690687137156528e-55,0,,200,100
2806,28060,28860,7.266190959406801e-54,0,,199,100
2807,28070,28870,1.4833802716479936e-47,0,,202,100
2808,28080,28880,1.0835195864215485e-54,0,,204,100
2809,28090,28890,1.6824081993464617e-52,0,,204,100
2810,28100,28900,8.54865715772016e-54,0,,204,100
2811,28110,28910,1.893995490602964e-54,0,,205,100
2812,28120,28920,2.73678310499771e-52,0,,208,100
2813,28130,28930,4.652121130520398e-49,0,,207,100
2814,28140,28940,4.52474274910727e-47,0,,207,100
2815,28150,28950,8.983824939119452e-52,0,,207,100
2816,28160,28960,1.738684749317394e-52,0,,207,100
2817,28170,28970,2.501840994671553e-51,0,,210,100
2818,28180,28980,2.0650572620651484e-49,0,,211,100
2819,28190,28990,5.011954719932223e-47,0,,211,100
2820,28200,29000,9.49708734488108e-49,0,,212,100
2821,28210,29010,7.711250712920357e-43,0,,215,100
2822,28220,29020,8.272158082921008e-46,0,,216,100
2823,28230,29030,1.9255051887044834e-50,0,,216,100
2824,28240,29040,1.7357546503443097e-51,0,,215,100
2825,28250,29050,9.666031465585163e-55,0,,215,100
2826,28260,29060,1.0505122719137144e-57,0,,212,100
2827,28270,29070,8.075796979337706e-52,0,,214,100
2828,28280,29080,2.9263490671623792e-52,0,,214,100
2829,28290,29090,2.304750894773161e-50,0,,216,100
2830,28300,29100,2.735821974534017e-50,0,,215,100
2831,28310,29110,8.403054718120076e-49,0,,216,100
2832,28320,29120,5.10688958721192e-49,0,,216,100
2833,28330,29130,1.2850269751177185e-50,0,,216,100
2834,28340,29140,4.750473415504717e-50,0,,214,100
2835,28350,29150,1.0746063526174145e-46,0,,214,100
2836,28360,29160,1.5587134805430084e-46,0,,217,100
2837,28370,29170,6.03738064221552e-47,0,,219,100
2838,28380,29180,1.4379849468626568e-48,0,,218,100
2839,28390,29190,1.2023109781800115e-47,0,,218,100
2840,28400,29200,1.2823078281807205e-50,0,,217,100
2841,28410,29210,1.0560307182189024e-50,0,,217,100
2842,28420,29220,8.618554193883628e-44,0,,218,100
2843,28430,29230,1.003881154113247e-46,0,,220,100
2844,28440,29240,3.052396098599809e-43,0,,220,100
2845,28450,29250,5.220173166418956e-52,0,,223,100
2846,28460,29260,1.0337330475872351e-48,0,,224,100
2847,28470,29270,6.3847898501426646e-46,0,,225,100
2848,28480,29280,6.643040311649779e-46,0,,224,100
2849,28490,29290,7.874304710138395e-44,0,,223,100
2850,28500,29300,1.0171209963181684e-44,0,,224,100
2851,28510,29310,3.549201673924514e-45,0,,223,100
2852,28520,29320,6.169389271272278e-48,0,,225,100
2853,28530,29330,7.846821740029255e-46,0,,224,100
2854,28540,29340,4.415870880295458e-46,0,,225,100
2855,28550,29350,1.4776097890700413e-46,0,,221,100
2856,28560,29360,1.2042989237717028e-48,0,,219,100
2857,28570,29370,3.151249863071518e-49,0,,221,100
2858,28580,29380,1.6052806505301852e-48,0,,215,100
2859,28590,29390,4.053508574967655e-45,0,,215,100
2860,28600,29400,2.1996734416419917e-46,0,,214,100
2861,28610,29410,1.2284851779960395e-44,0,,215,100
2862,28620,29420,1.1564699071368643e-44,0,,217,100
2863,28630,29430,1.6160675416668216e-46,0,,217,100
2864,28640,29440,6.408471346904226e-45,0,,218,100
2865,28650,29450,9.418208751521916e-43,0,,216,100
2866,28660,29460,1.9481803906620023e-47,0,,217,100
2867,28670,29470,7.427430482748339e-50,0,,218,100
2868,28680,29480,1.7752606409789622e-53,0,,219,100
2869,28690,29490,1.2568000404117542e-60,0,,220,100
2870,28700,29500,2.8633612143671715e-59,0,,220,100
2871,28710,29510,9.486004074837022e-58,0,,219,100
2872,28720,29520,1.582377455302651e-62,0,,219,100
2873,28730,29530,3.3700012144418643e-59,0,,221,100
2874,28740,29540,3.691243373677473e-59,0,,221,100
2875,28750,29550,1.9055610661040867e-55,0,,221,100
2876,28760,29560,1.2321556862759015e-59,0,,221,100
2877,28770,29570,2.1821506065182453e-59,0,,222,100
2878,28780,29580,9.385966811406317e-66,0,,222,100
2879,28790,29590,1.2108113840902784e-62,0,,220,100
2880,28800,29600,1.5326601968464795e-61,0,,220,100
2881,28810,29610,1.5697311856591683e-60,0,,222,100
2882,28820,29620,1.1640402603908624e-61,0,,222,100
2883,28830,29630,2.7077193653194636e-62,0,,221,100
2884,28840,29640,1.2973478446063233e-59,0,,221,100
2885,28850,29650,5.493296358126558e-63,0,,221,100
2886,28860,29660,2.481851147935128e-65,0,,222,100
2887,28870,29670,6.460906166955821e-57,0,,219,100
2888,28880,29680,4.49960362001839e-49,0,,217,100
2889,28890,29690,1.570336440232789e-52,0,,217,100
2890,28900,29700,1.4179583724845822e-50,0,,218,100
2891,28910,29710,2.681236335635615e-46,0,,216,100
2892,28920,29720,1.4111524297161335e-48,0,,212,100
2893,28930,29730,1.1364478136231624e-50,0,,213,100
2894,28940,29740,2.511506815860454e-52,0,,214,100
2895,28950,29750,5.615984049665515e-48,0,,214,100
2896,28960,29760,2.787448305805947e-42,0,,213,100
2897,28970,29770,6.865444731033675e-46,0,,210,100
2898,28980,29780,7.439392568713904e-46,0,,209,100
2899,28990,29790,7.426461826103954e-47,0,,208,100
2900,29000,29800,7.231876054333523e-50,0,,209,100
2901,29010,29810,6.499330820595852e-42,0,,204,100
2902,29020,29820,2.613935473161501e-41,0,,204,100
2903,29030,29830,1.304152376597419e-39,0,,204,100
2904,29040,29840,6.054752876255494e-39,0,,205,100
2905,29050,29850,1.487265245072767e-37,0,,207,100
2906,29060,29860,1.7515599735018938e-42,0,,206,100
2907,29070,29870,9.30722556079482e-40,0,,202,100
2908,29080,29880,1.262975207635006e-41,0,,203,100
2909,29090,29890,1.5878700270769908e-43,0,,199,100
2910,29100,29900,6.116269719164047e-38,0,,197,100
2911,29110,29910,5.283254879052435e-37,0,,197,100
2912,29120,29920,2.1989773762908253e-38,0,,197,100
2913,29130,29930,1.8054937971085866e-38,0,,198,100
2914,29140,29940,1.3647526442223088e-42,0,,197,100
2915,29150,29950,8.514561697126398e-47,0,,198,100
2916,29160,29960,1.4491524548516647e-46,0,,194,100
2917,29170,29970,2.8055023711645808e-46,0,,193,100
2918,29180,29980,3.2279802976756075e-45,0,,194,100
2919,29190,29990,2.6520980249991346e-45,0,,194,100
2920,29200,30000,3.0701138774456138e-46,0,,196,100
2921,29210,30010,2.843167156835184e-46,0,,195,100
2922,29220,30020,1.6294290785449724e-48,0,,193,100
2923,29230,30030,1.6297535131240407e-51,0,,192,100
2924,29240,30040,4.2095816635261294e-54,0,,192,100
2925,29250,30050,6.659587942964773e-51,0,,190,100
2926,29260,30060,1.2582319526184397e-51,0,,191,100
2927,29270,30070,4.686793200896693e-50,0,,191,100
2928,29280,30080,1.073533234539689e-50,0,,190,100
2929,29290,30090,1.6390817447966427e-51,0,,191,100
2930,29300,30100,4.8505165739966536e-52,0,,191,100
2931,29310,30110,7.463391333749475e-54,0,,190,100
2932,29320,30120,1.5404330105730742e-57,0,,192,100
2933,29330,30130,3.7711426126520617e-59,0,,192,100
2934,29340,30140,1.4041518746124341e-56,0,,191,100
2935,29350,30150,2.945195227142638e-55,0,,193,100
2936,29360,30160,7.051597057406092e-54,0,,193,100
2937,29370,30170,5.487839087252005e-56,0,,192,100
2938,29380,30180,8.305898014644827e-54,0,,192,100
2939,29390,30190,1.2159063315044057e-53,0,,192,100
2940,29400,30200,5.034530089856451e-56,0,,193,100
2941,29410,30210,3.790382006607187e-56,0,,194,100
2942,29420,30220,7.680468225929285e-54,0,,192,100
2943,29430,30230,8.060906222557349e-58,0,,194,100
2944,29440,30240,5.2375065771841816e-58,0,,192,100
2945,29450,30250,8.496759872423832e-56,0,,191,100
2946,29460,30260,1.2789788305926186e-59,0,,189,100
2947,29470,30270,6.264945077566295e-60,0,,192,100
2948,29480,30280,1.088705439629685e-61,0,,189,100
2949,29490,30290,1.4873899769960052e-61,0,,190,100
2950,29500,30300,5.284751038697266e-64,0,,190,100
2951,29510,30310,1.5205261892801272e-59,0,,189,100
2952,29520,30320,3.566283568219605e-55,0,,188,100
2953,29530,30330,3.555809129795829e-57,0,,185,100
2954,29540,30340,2.153716951197969e-53,0,,184,100
2955,29550,30350,4.2354178131094364e-58,0,,184,100
2956,29560,30360,1.1946191466499685e-60,0,,188,100
2957,29570,30370,1.1757753761856799e-60,0,,187,100
2958,29580,30380,2.3307175180429936e-64,0,,190,100
2959,29590,30390,1.0226688548670935e-61,0,,190,100
2960,29600,30400,2.1741623079221496e-61,0,,190,100
2961,29610,30410,9.882449168009517e-62,0,,192,100
2962,29620,30420,6.26012871864573e-64,0,,191,100
2963,29630,30430,1.7431304594467484e-64,0,,195,100
2964,29640,30440,1.2973507611814496e-61,0,,195,100
2965,29650,30450,2.0658502096981942e-61,0,,196,100
2966,29660,30460,3.0907722421027264e-62,0,,194,100
2967,29670,30470,1.4130499390060613e-61,0,,195,100
2968,29680,30480,6.851661386701378e-60,0,,196,100
2969,29690,30490,3.1778686589535215e-57,0,,198,100
2970,29700,30500,8.964504974443419e-58,0,,198,100
2971,29710,30510,3.958541818410745e-52,0,,199,100
2972,29720,30520,1.5783284178362081e-55,0,,201,100
2973,29730,30530,6.612706877702369e-56,0,,204,100
2974,29740,30540,6.71839396631132e-61,0,,201,100
2975,29750,30550,3.297145726331167e-58,0,,202,100
2976,29760,30560,4.647496491131548e-57,0,,202,100
2977,29770,30570,1.499176469131938e-56,0,,202,100
2978,29780,30580,3.3368469965606715e-57,0,,206,100
2979,29790,30590,7.253242959142533e-58,0,,207,100
2980,29800,30600,3.0872651152757377e-58,0,,207,100
2981,29810,30610,1.654373341893884e-60,0,,209,100
2982,29820,30620,3.408152953156005e-59,0,,208,100
2983,29830,30630,6.125342690389804e-63,0,,209,100
2984,29840,30640,3.6313809987625884e-62,0,,211,100
2985,29850,30650,1.3774045135747698e-64,0,,213,100
2986,29860,30660,1.3547481561239327e-59,0,,214,100
2987,29870,30670,2.243403427420215e-61,0,,214,100
2988,29880,30680,3.722639123101655e-61,0,,213,100
2989,29890,30690,2.5351614727063553e-61,0,,216,100
2990,29900,30700,3.361952534847382e-56,0,,215,100
2991,29910,30710,1.3643356727279288e-61,0,,215,100
2992,29920,30720,2.3510096101087896e-61,0,,215,100
2993,29930,30730,8.007683872334406e-60,0,,216,100
2994,29940,30740,8.291652882167711e-63,0,,216,100
2995,29950,30750,4.0028601249716466e-64,0,,216,100
2996,29960,30760,1.1948371901750012e-61,0,,217,100
2997,29970,30770,1.5791343758048212e-63,0,,217,100
2998,29980,30780,2.2698251218956077e-61,0,,215,100
2999,29990,30790,1.1130352744365656e-61,0,,216,100
3000,30000,30800,3.690778113637272e-64,0,,215,100
3001,30010,30810,6.273637850645102e-66,0,,215,100
3002,30020,30820,1.3290595980980077e-62,0,,219,100
3003,30030,30830,1.2292167703746758e-62,0,,218,100
3004,30040,30840,4.013146346204964e-61,0,,219,100
3005,30050,30850,9.810783352288484e-56,0,,216,100
3006,30060,30860,2.0903369477421306e-55,0,,217,100
3007,30070,30870,1.0087627563135034e-54,0,,217,100
3008,30080,30880,3.031918402800666e-56,0,,216,100
3009,30090,30890,1.557748998379249e-53,0,,217,100
3010,30100,30900,1.3654372485262205e-57,0,,215,100
3011,30110,30910,2.4635454616080114e-51,0,,214,100
3012,30120,30920,3.1155723485194325e-48,0,,212,100
3013,30130,30930,2.3810279878891885e-48,0,,212,100
3014,30140,30940,3.2856797279232086e-48,0,,215,100
3015,30150,30950,2.299124611308795e-47,0,,216,100
3016,30160,30960,4.289510046023135e-43,0,,214,100
3017,30170,30970,4.901532654437383e-42,0,,215,100
3018,30180,30980,2.8646593980915425e-41,0,,214,100
3019,30190,30990,2.817833121038692e-45,0,,215,100
3020,30200,31000,7.322896400886466e-41,0,,214,100
3021,30210,31010,3.259219314695695e-39,0,,213,100
3022,30220,31020,3.8646284246533894e-36,0,,212,100
3023,30230,31030,1.2685371811807767e-39,0,,210,100
3024,30240,31040,3.250695954987498e-39,0,,208,100
3025,30250,31050,6.741297575693008e-44,0,,206,100
3026,30260,31060,7.552761618574089e-46,0,,204,100
3027,30270,31070,1.6179898910586658e-44,0,,202,100
3028,30280,31080,8.509704345131409e-47,0,,199,100
3029,30290,31090,4.7204129755141576e-42,0,,195,100
3030,30300,31100,6.41770105267018e-44,0,,192,100
3031,30310,31110,1.3871005020453092e-43,0,,191,100
3032,30320,31120,6.988229891299091e-44,0,,190,100
3033,30330,31130,2.8514931117938923e-39,0,,187,100
3034,30340,31140,3.32264017302254e-42,0,,185,100
3035,30350,31150,1.936642775285138e-41,0,,181,100
3036,30360,31160,1.0940934766340851e-43,0,,178,100
3037,30370,31170,3.618994929719858e-43,0,,172,100
3038,30380,31180,2.306841358343997e-45,0,,170,100
3039,30390,31190,1.8307394820257683e-46,0,,166,100
3040,30400,31200,2.895598628607794e-50,0,,163,100
3041,30410,31210,7.510966164462978e-48,0,,160,100
3042,30420,31220,1.2197595231915954e-47,0,,159,100
3043,30430,31230,9.08613509494092e-49,0,,153,100
3044,30440,31240,6.389088541716753e-51,0,,151,100
3045,30450,31250,1.9092765509025068e-48,0,,149,100
3046,30460,31260,3.652042713495031e-49,0,,146,100
3047,30470,31270,2.3263914714042318e-51,0,,143,100
3048,30480,31280,9.520437635806078e-54,0,,141,100
3049,30490,31290,2.329686799889793e-55,0,,137,100
3050,30500,31300,7.014365292386427e-55,0,,135,100
3051,30510,31310,3.5759416306202723e-50,0,,133,100
3052,30520,31320,1.1272125599828637e-51,0,,131,100
3053,30530,31330,3.1497326711073224e-53,0,,126,100
3054,30540,31340,3.7700995389919464e-55,0,,123,100
3055,30550,31350,1.7578726332278596e-51,0,,121,100
3056,30560,31360,9.432693564285758e-50,0,,118,100
3057,30570,31370,1.001543102408105e-50,0,,116,100
3058,30580,31380,5.510254423740935e-64,0,,109,100
3059,30590,31390,1.919858764700833e-58,0,,108,100
3060,30600,31400,2.7656874132705935e-53,0,,106,100
3061,30610,31410,2.6773383926302258e-58,0,,103,100
3062,30620,31420,1.7683906774346808e-57,0,,100,100
