window_index,char_start,char_end,p_z,extracted,error,n_tokens_in_chunk,sequence_len_tokens
0,0,800,1.6471560014682977e-26,0,,208,100
1,10,810,1.52835180242775e-30,0,,203,100
2,20,820,6.29292943921763e-31,0,,202,100
3,30,830,9.742853335778387e-30,0,,201,100
4,40,840,2.75498074872214e-28,0,,201,100
5,50,850,1.0793104660835484e-29,0,,198,100
6,60,860,4.770545309789709e-31,0,,202,100
7,70,870,4.716732202889874e-31,0,,203,100
8,80,880,1.6695527157284036e-31,0,,202,100
9,90,890,9.888470530522919e-33,0,,202,100
10,100,900,3.303493395427103e-36,0,,202,100
11,110,910,1.5029520427618214e-32,0,,200,100
12,120,920,1.1256314720336694e-42,0,,197,100
13,130,930,2.7703092255009102e-43,0,,199,100
14,140,940,1.5228176606363898e-41,0,,198,100
15,150,950,4.8140880727868664e-46,0,,197,100
16,160,960,1.0880426262539769e-43,0,,196,100
17,170,970,8.689807880477726e-50,0,,195,100
18,180,980,4.160095816808888e-47,0,,194,100
19,190,990,7.476923849957368e-46,0,,195,100
20,200,1000,3.3895657447039845e-46,0,,193,100
21,210,1010,1.5595436055106766e-38,0,,192,100
22,220,1020,5.791493693405085e-44,0,,192,100
23,230,1030,2.160612832051069e-43,0,,191,100
24,240,1040,1.6204467941920183e-40,0,,192,100
25,250,1050,2.5036179166265308e-43,0,,191,100
26,260,1060,9.412601543318018e-47,0,,192,100
27,270,1070,3.5293697678333444e-45,0,,192,100
28,280,1080,1.1173236587116472e-48,0,,193,100
29,290,1090,8.521571426742073e-49,0,,192,100
30,300,1100,1.8096784768435524e-50,0,,196,100
31,310,1110,1.7431194485651276e-48,0,,196,100
32,320,1120,5.001089008676436e-46,0,,196,100
33,330,1130,4.0735496604337085e-46,0,,195,100
34,340,1140,2.9152707891411545e-46,0,,194,100
35,350,1150,1.1031142656200824e-41,0,,196,100
36,360,1160,3.9788324919014965e-43,0,,195,100
37,370,1170,1.0284755177515125e-42,0,,193,100
38,380,1180,1.212687290930892e-43,0,,193,100
39,390,1190,4.778601237861196e-44,0,,196,100
40,400,1200,2.981848918725205e-45,0,,195,100
41,410,1210,7.405329013057276e-43,0,,195,100
42,420,1220,6.305020512983585e-42,0,,196,100
43,430,1230,1.2351055835284021e-41,0,,195,100
44,440,1240,2.144698087049118e-38,0,,194,100
45,450,1250,6.757900315889885e-40,0,,195,100
46,460,1260,2.413180668701597e-35,0,,196,100
47,470,1270,1.4231930075035652e-33,0,,195,100
48,480,1280,7.486003806147243e-31,0,,195,100
49,490,1290,1.810025437075657e-29,0,,193,100
50,500,1300,5.636771227818557e-29,0,,194,100
51,510,1310,9.0097800749454e-30,0,,193,100
52,520,1320,1.9899251335103048e-32,0,,192,100
53,530,1330,2.553943358046393e-34,0,,194,100
54,540,1340,2.244715383882216e-33,0,,195,100
55,550,1350,3.4038158481182806e-33,0,,194,100
56,560,1360,2.542126834544811e-35,0,,195,100
57,570,1370,2.403090300040006e-37,0,,197,100
58,580,1380,1.2899996990154297e-38,0,,199,100
59,590,1390,1.4335787659061989e-39,0,,202,100
60,600,1400,6.328940168897984e-39,0,,202,100
61,610,1410,1.1152144504720205e-41,0,,203,100
62,620,1420,7.058335368795225e-41,0,,202,100
63,630,1430,5.920688867545779e-39,0,,201,100
64,640,1440,5.3175723005685336e-40,0,,198,100
65,650,1450,3.430807685447624e-40,0,,200,100
66,660,1460,1.1865397532089748e-46,0,,201,100
67,670,1470,2.5862301450985225e-46,0,,201,100
68,680,1480,3.6719775678186754e-45,0,,201,100
69,690,1490,4.63848938087889e-42,0,,198,100
70,700,1500,1.4709020227609676e-43,0,,197,100
71,710,1510,2.0607726021387664e-45,0,,195,100
72,720,1520,2.2385871689002738e-49,0,,196,100
73,730,1530,2.337639001242525e-44,0,,195,100
74,740,1540,4.7232407406529045e-45,0,,193,100
75,750,1550,5.545109476524909e-40,0,,192,100
76,760,1560,1.2177406921844976e-41,0,,190,100
77,770,1570,9.693919693569615e-41,0,,189,100
78,780,1580,9.378098141789492e-41,0,,190,100
79,790,1590,1.424986681272981e-34,0,,188,100
80,800,1600,9.534774770486598e-36,0,,188,100
81,810,1610,1.6233297080729156e-34,0,,188,100
82,820,1620,2.23115300765357e-33,0,,188,100
83,830,1630,1.661338862025714e-36,0,,186,100
84,840,1640,1.2379373425467481e-36,0,,188,100
85,850,1650,8.530374042508644e-37,0,,188,100
86,860,1660,1.1814738958230124e-40,0,,186,100
87,870,1670,5.891313067691728e-41,0,,188,100
88,880,1680,5.970970306774535e-42,0,,188,100
89,890,1690,6.874548416147361e-43,0,,189,100
90,900,1700,1.2651101813299688e-36,0,,188,100
91,910,1710,7.41086248058882e-39,0,,188,100
92,920,1720,8.89932581022829e-36,0,,188,100
93,930,1730,7.048063689691385e-36,0,,187,100
94,940,1740,2.969138616807747e-37,0,,186,100
95,950,1750,8.669166944941311e-40,0,,185,100
96,960,1760,3.0487291738155324e-38,0,,187,100
97,970,1770,1.799115632209572e-38,0,,188,100
98,980,1780,2.0233944444002316e-43,0,,186,100
99,990,1790,4.78025464771114e-43,0,,185,100
100,1000,1800,2.0105733764313038e-41,0,,183,100
101,1010,1810,2.5256198777321846e-40,0,,184,100
102,1020,1820,4.385739245932175e-41,0,,185,100
103,1030,1830,2.158473436964735e-43,0,,186,100
104,1040,1840,2.7897384861650923e-44,0,,187,100
105,1050,1850,4.627094242406327e-46,0,,186,100
106,1060,1860,1.0786258736046301e-41,0,,186,100
107,1070,1870,1.8239241320608606e-41,0,,184,100
108,1080,1880,7.975678488314016e-43,0,,183,100
109,1090,1890,1.0452747997438863e-40,0,,183,100
110,1100,1900,2.2546440774901862e-39,0,,185,100
111,1110,1910,2.666485480022628e-38,0,,184,100
112,1120,1920,5.4764515489949065e-37,0,,180,100
113,1130,1930,4.6143128063711375e-42,0,,180,100
114,1140,1940,4.281240241504118e-39,0,,181,100
115,1150,1950,4.667688793594786e-42,0,,181,100
116,1160,1960,2.5282098801935384e-42,0,,183,100
117,1170,1970,5.441231595487833e-40,0,,183,100
118,1180,1980,1.9201216350090528e-45,0,,183,100
119,1190,1990,2.1516008162798377e-45,0,,183,100
120,1200,2000,1.7106371843762273e-42,0,,182,100
121,1210,2010,2.827219101969303e-43,0,,183,100
122,1220,2020,5.876180563630593e-43,0,,183,100
123,1230,2030,1.1253333876467772e-44,0,,182,100
124,1240,2040,3.2105475419885774e-45,0,,181,100
125,1250,2050,1.0301236631868548e-42,0,,180,100
126,1260,2060,4.3502290908354975e-42,0,,180,100
127,1270,2070,8.85820334812335e-44,0,,179,100
128,1280,2080,1.6421294794221496e-47,0,,181,100
129,1290,2090,1.607489517270917e-48,0,,182,100
130,1300,2100,7.575235792139255e-48,0,,180,100
131,1310,2110,1.6441981450177935e-47,0,,183,100
132,1320,2120,1.819991005751961e-48,0,,184,100
133,1330,2130,1.4290346912398917e-44,0,,183,100
134,1340,2140,3.290666035049822e-41,0,,184,100
135,1350,2150,1.1331973601022072e-40,0,,183,100
136,1360,2160,1.0829231327303948e-45,0,,183,100
137,1370,2170,2.353261332661442e-44,0,,180,100
138,1380,2180,3.5813409327444435e-42,0,,178,100
139,1390,2190,2.713263594830047e-44,0,,179,100
140,1400,2200,9.878975991546215e-44,0,,179,100
141,1410,2210,1.3978458393158833e-45,0,,180,100
142,1420,2220,4.182958784879436e-44,0,,180,100
143,1430,2230,2.8009906752682666e-44,0,,181,100
144,1440,2240,1.7536098422305033e-42,0,,182,100
145,1450,2250,5.5957687779713476e-42,0,,179,100
146,1460,2260,6.033099453027299e-47,0,,177,100
147,1470,2270,1.0484191915148223e-49,0,,177,100
148,1480,2280,8.062916527711148e-44,0,,177,100
149,1490,2290,4.750806541528525e-45,0,,177,100
150,1500,2300,5.969436352490441e-44,0,,176,100
151,1510,2310,6.686580296917638e-43,0,,176,100
152,1520,2320,1.991395574921397e-42,0,,176,100
153,1530,2330,8.938253691755018e-39,0,,176,100
154,1540,2340,2.392617878457715e-41,0,,177,100
155,1550,2350,5.07862898212216e-48,0,,176,100
156,1560,2360,1.6954958743655786e-45,0,,175,100
157,1570,2370,4.0142132541446827e-47,0,,174,100
158,1580,2380,3.83328603211398e-51,0,,175,100
159,1590,2390,2.6861950933886408e-46,0,,176,100
160,1600,2400,5.651672659936551e-51,0,,177,100
161,1610,2410,1.1524431979358013e-51,0,,177,100
162,1620,2420,3.204000616747708e-54,0,,176,100
163,1630,2430,3.853274064421415e-54,0,,176,100
164,1640,2440,6.919942165049023e-57,0,,177,100
165,1650,2450,2.4068449769633095e-55,0,,175,100
166,1660,2460,2.114036615893261e-56,0,,176,100
167,1670,2470,8.601632304590503e-54,0,,177,100
168,1680,2480,9.265389599556229e-54,0,,177,100
169,1690,2490,1.1305916729461762e-51,0,,177,100
170,1700,2500,1.7161947649922044e-48,0,,177,100
171,1710,2510,5.074478010141187e-49,0,,178,100
172,1720,2520,1.1443399124389307e-51,0,,176,100
173,1730,2530,5.750820731515584e-52,0,,179,100
174,1740,2540,2.454429580650916e-55,0,,177,100
175,1750,2550,7.178467205657697e-51,0,,176,100
176,1760,2560,3.7911517078766075e-51,0,,175,100
177,1770,2570,6.541489185021575e-53,0,,176,100
178,1780,2580,7.581184197525845e-53,0,,174,100
179,1790,2590,8.772488464875521e-51,0,,176,100
180,1800,2600,7.20676942194417e-50,0,,177,100
181,1810,2610,1.2389095515128631e-45,0,,177,100
182,1820,2620,4.044681192004134e-48,0,,178,100
183,1830,2630,9.146348777640684e-46,0,,176,100
184,1840,2640,1.0871486930513564e-46,0,,176,100
185,1850,2650,1.918233419018031e-51,0,,176,100
186,1860,2660,4.735382127714577e-50,0,,175,100
187,1870,2670,7.661170394507858e-47,0,,177,100
188,1880,2680,9.047208933146657e-46,0,,176,100
189,1890,2690,3.0191260160689926e-47,0,,176,100
190,1900,2700,1.2130750913739342e-49,0,,174,100
191,1910,2710,2.036048542719013e-50,0,,176,100
192,1920,2720,1.014162933769444e-48,0,,175,100
193,1930,2730,1.1057639109143763e-49,0,,175,100
194,1940,2740,4.637903931812089e-53,0,,177,100
195,1950,2750,1.7588444140952894e-51,0,,176,100
196,1960,2760,1.818963857036599e-49,0,,176,100
197,1970,2770,5.841904197696638e-53,0,,177,100
198,1980,2780,3.064381951956029e-51,0,,173,100
199,1990,2790,6.2882002731502305e-52,0,,171,100
200,2000,2800,1.151610492059557e-55,0,,171,100
201,2010,2810,2.281696749732119e-54,0,,171,100
202,2020,2820,6.159602589506494e-54,0,,172,100
203,2030,2830,9.568752390543793e-56,0,,174,100
204,2040,2840,6.841425654070392e-58,0,,176,100
205,2050,2850,1.0255090979367409e-60,0,,174,100
206,2060,2860,3.818489395102961e-56,0,,174,100
207,2070,2870,1.8083848806052794e-58,0,,174,100
208,2080,2880,1.737986552001855e-62,0,,173,100
209,2090,2890,1.7296784967099428e-59,0,,172,100
210,2100,2900,8.004049633706654e-59,0,,172,100
211,2110,2910,1.5041766738969733e-62,0,,171,100
212,2120,2920,3.6590135858623425e-63,0,,171,100
213,2130,2930,8.40442954440783e-59,0,,168,100
214,2140,2940,3.063019267367246e-57,0,,169,100
215,2150,2950,1.6970978244583357e-60,0,,169,100
216,2160,2960,7.966755399708858e-61,0,,171,100
217,2170,2970,5.699328732119236e-62,0,,171,100
218,2180,2980,6.961941517143209e-59,0,,171,100
219,2190,2990,3.065322627437405e-57,0,,168,100
220,2200,3000,3.3607603491985554e-56,0,,169,100
221,2210,3010,2.885149452280641e-57,0,,170,100
222,2220,3020,3.3572080750857424e-56,0,,169,100
223,2230,3030,2.5583551675610237e-59,0,,168,100
224,2240,3040,1.2135124586019413e-59,0,,171,100
225,2250,3050,4.749770364799712e-59,0,,171,100
226,2260,3060,1.2655561436007035e-57,0,,169,100
227,2270,3070,8.407679613868177e-60,0,,169,100
228,2280,3080,2.778731255584335e-60,0,,169,100
229,2290,3090,4.523650965362761e-60,0,,169,100
230,2300,3100,4.685159810335979e-64,0,,169,100
231,2310,3110,5.3104640453882594e-62,0,,173,100
232,2320,3120,1.9150534726459352e-52,0,,171,100
233,2330,3130,6.724419470349027e-57,0,,170,100
234,2340,3140,2.1755981520299067e-54,0,,168,100
235,2350,3150,1.7189138442969748e-53,0,,168,100
236,2360,3160,1.293985083939642e-53,0,,168,100
237,2370,3170,1.5068183213897018e-54,0,,168,100
238,2380,3180,3.749855906024419e-53,0,,172,100
239,2390,3190,3.716865228009304e-58,0,,167,100
240,2400,3200,2.099750702637788e-62,0,,167,100
241,2410,3210,1.8073093639931205e-57,0,,165,100
242,2420,3220,3.874523810406618e-53,0,,166,100
243,2430,3230,5.143482137317931e-58,0,,165,100
244,2440,3240,2.3302269062664676e-55,0,,165,100
245,2450,3250,3.910030703121256e-57,0,,167,100
246,2460,3260,1.6829689957682603e-54,0,,170,100
247,2470,3270,3.4935783497120105e-55,0,,168,100
248,2480,3280,2.705476756970773e-53,0,,170,100
249,2490,3290,6.253718342263412e-56,0,,167,100
250,2500,3300,8.28910982803385e-55,0,,166,100
251,2510,3310,3.9814001780886496e-56,0,,166,100
252,2520,3320,8.692994486994921e-55,0,,166,100
253,2530,3330,1.127852120955128e-55,0,,168,100
254,2540,3340,8.797654363327451e-52,0,,169,100
255,2550,3350,1.4515284218661584e-52,0,,169,100
256,2560,3360,8.754304133220163e-54,0,,170,100
257,2570,3370,7.958760005609288e-51,0,,170,100
258,2580,3380,2.1200912062987495e-50,0,,169,100
259,2590,3390,2.6089052111066406e-53,0,,169,100
260,2600,3400,7.313196381907942e-47,0,,169,100
261,2610,3410,1.8148861757343882e-48,0,,169,100
262,2620,3420,8.311251279507855e-52,0,,170,100
263,2630,3430,1.3284996372162197e-47,0,,170,100
264,2640,3440,2.6238053416633937e-48,0,,171,100
265,2650,3450,5.683175314161866e-52,0,,171,100
266,2660,3460,1.4627167099416136e-50,0,,170,100
267,2670,3470,1.6143093115740083e-50,0,,170,100
268,2680,3480,2.010186569892278e-48,0,,170,100
269,2690,3490,8.630982294137077e-45,0,,170,100
270,2700,3500,6.2694966264944496e-43,0,,172,100
271,2710,3510,5.311243526296775e-44,0,,169,100
272,2720,3520,5.310600618529189e-44,0,,170,100
273,2730,3530,4.0264127500390584e-44,0,,168,100
274,2740,3540,1.938109976065977e-46,0,,167,100
275,2750,3550,3.751796548880846e-47,0,,169,100
276,2760,3560,3.2649944759819316e-44,0,,166,100
277,2770,3570,9.217819284070947e-49,0,,167,100
278,2780,3580,2.9778896795012317e-47,0,,169,100
279,2790,3590,2.3742952658621547e-49,0,,170,100
280,2800,3600,5.471801278343525e-50,0,,171,100
281,2810,3610,4.3450474731574484e-52,0,,171,100
282,2820,3620,4.186456596854566e-51,0,,171,100
283,2830,3630,1.2840118334043766e-47,0,,172,100
284,2840,3640,3.93029031169965e-50,0,,171,100
285,2850,3650,5.539086347154284e-56,0,,171,100
286,2860,3660,1.4565912917465953e-55,0,,170,100
287,2870,3670,1.9596880557787995e-54,0,,171,100
288,2880,3680,2.923851735261439e-54,0,,171,100
289,2890,3690,2.2949088467295815e-53,0,,170,100
290,2900,3700,4.9389682104652234e-54,0,,171,100
291,2910,3710,4.1419857371465424e-53,0,,171,100
292,2920,3720,7.486743650760467e-54,0,,171,100
293,2930,3730,6.840993065875701e-53,0,,170,100
294,2940,3740,1.6798416086708175e-51,0,,171,100
295,2950,3750,1.715057485621276e-50,0,,171,100
296,2960,3760,3.0914844440146484e-52,0,,172,100
297,2970,3770,5.510787003952569e-51,0,,172,100
298,2980,3780,1.336524328556309e-47,0,,172,100
299,2990,3790,1.6342319071449332e-47,0,,172,100
300,3000,3800,5.9829404600687395e-46,0,,171,100
301,3010,3810,2.8149865381651362e-47,0,,172,100
302,3020,3820,1.367523909018579e-47,0,,172,100
303,3030,3830,1.941394321332788e-47,0,,170,100
304,3040,3840,6.350637216242505e-46,0,,171,100
305,3050,3850,7.660559073545381e-47,0,,171,100
306,3060,3860,1.0867840851150554e-46,0,,171,100
307,3070,3870,1.0575547870848298e-45,0,,173,100
308,3080,3880,3.3523376572340043e-46,0,,174,100
309,3090,3890,2.1854952412493495e-42,0,,173,100
310,3100,3900,2.1874841863606078e-37,0,,175,100
311,3110,3910,4.008567535248104e-35,0,,174,100
312,3120,3920,6.814624181890314e-34,0,,174,100
313,3130,3930,1.2327667332171779e-35,0,,176,100
314,3140,3940,3.424847737231752e-35,0,,177,100
315,3150,3950,3.046329722068649e-34,0,,179,100
316,3160,3960,1.0111086071890316e-33,0,,180,100
317,3170,3970,3.482423828590074e-33,0,,181,100
318,3180,3980,4.627256366121465e-37,0,,179,100
319,3190,3990,2.3275868408269155e-39,0,,179,100
320,3200,4000,2.1985609118720818e-41,0,,181,100
321,3210,4010,8.399851337522659e-41,0,,182,100
322,3220,4020,4.7410869475495835e-39,0,,183,100
323,3230,4030,1.9765522732286375e-39,0,,183,100
324,3240,4040,1.668437192640258e-42,0,,185,100
325,3250,4050,8.06047632363e-41,0,,182,100
326,3260,4060,3.6847927177523143e-42,0,,177,100
327,3270,4070,4.411632072765431e-43,0,,178,100
328,3280,4080,1.4173423024532294e-41,0,,177,100
329,3290,4090,2.8561932542957316e-42,0,,179,100
330,3300,4100,2.4302991949252327e-44,0,,177,100
331,3310,4110,1.2179630916216632e-44,0,,179,100
332,3320,4120,4.282935699868246e-45,0,,181,100
333,3330,4130,2.1345375124213886e-44,0,,178,100
334,3340,4140,7.675800274051081e-47,0,,177,100
335,3350,4150,5.103859538577246e-47,0,,179,100
336,3360,4160,1.1806128244999605e-48,0,,176,100
337,3370,4170,3.3832367493155827e-48,0,,176,100
338,3380,4180,1.9372096600767058e-51,0,,178,100
339,3390,4190,4.131529377883064e-62,0,,177,100
340,3400,4200,5.581978117600348e-62,0,,176,100
341,3410,4210,7.560228953235643e-62,0,,177,100
342,3420,4220,3.4277380410555677e-62,0,,179,100
343,3430,4230,8.05861690765303e-61,0,,174,100
344,3440,4240,2.0852910394069568e-65,0,,173,100
345,3450,4250,2.1505944140495467e-62,0,,176,100
346,3460,4260,8.97806735395184e-67,0,,175,100
347,3470,4270,1.3826229443316942e-66,0,,175,100
348,3480,4280,3.703986964021363e-70,0,,176,100
349,3490,4290,7.213505447910582e-73,0,,178,100
350,3500,4300,1.6701919808627326e-72,0,,178,100
351,3510,4310,3.837894720059015e-74,0,,179,100
352,3520,4320,1.2398461798008621e-72,0,,180,100
353,3530,4330,2.4086847104757064e-72,0,,179,100
354,3540,4340,3.2917969400533076e-70,0,,180,100
355,3550,4350,2.890691427213957e-78,0,,179,100
356,3560,4360,2.1889005617990876e-75,0,,180,100
357,3570,4370,1.3895244939718613e-72,0,,178,100
358,3580,4380,8.517593554048985e-65,0,,180,100
359,3590,4390,1.722158835633365e-61,0,,179,100
360,3600,4400,2.2408308901056152e-57,0,,178,100
361,3610,4410,1.0740765724783692e-54,0,,179,100
362,3620,4420,1.2115249218813134e-54,0,,178,100
363,3630,4430,3.8477377993093875e-52,0,,180,100
364,3640,4440,5.1178144457176916e-54,0,,182,100
365,3650,4450,3.810043346501843e-55,0,,181,100
366,3660,4460,4.4112379786638197e-57,0,,181,100
367,3670,4470,2.682136605326709e-62,0,,178,100
368,3680,4480,4.019332708437357e-63,0,,182,100
369,3690,4490,1.511837158504414e-59,0,,184,100
370,3700,4500,3.254903484164374e-57,0,,184,100
371,3710,4510,1.100750382861066e-53,0,,183,100
372,3720,4520,2.558418439814009e-51,0,,185,100
373,3730,4530,2.2990774778827623e-47,0,,184,100
374,3740,4540,2.1180463513297154e-46,0,,184,100
375,3750,4550,7.526623777352738e-46,0,,187,100
376,3760,4560,2.1124501342560405e-49,0,,185,100
377,3770,4570,4.290826455250108e-53,0,,186,100
378,3780,4580,1.2826127212202417e-54,0,,187,100
379,3790,4590,1.995402819574377e-52,0,,187,100
380,3800,4600,2.554071994358677e-51,0,,184,100
381,3810,4610,6.729473058351334e-54,0,,185,100
382,3820,4620,2.1061067782947814e-53,0,,186,100
383,3830,4630,1.6112126964456673e-54,0,,187,100
384,3840,4640,1.4199813471757855e-59,0,,185,100
385,3850,4650,4.636058592597355e-61,0,,186,100
386,3860,4660,4.445998006800406e-52,0,,185,100
387,3870,4670,5.08799828354581e-57,0,,184,100
388,3880,4680,3.230291460952769e-58,0,,185,100
389,3890,4690,1.879797833303753e-55,0,,186,100
390,3900,4700,1.890713433925995e-54,0,,185,100
391,3910,4710,2.125604631236974e-55,0,,185,100
392,3920,4720,9.750396906891802e-60,0,,184,100
393,3930,4730,5.611185318884206e-56,0,,185,100
394,3940,4740,1.6245747787767061e-54,0,,183,100
395,3950,4750,1.3082561937746437e-53,0,,185,100
396,3960,4760,1.1273994832126373e-49,0,,183,100
397,3970,4770,3.550033951384148e-49,0,,184,100
398,3980,4780,6.184923789500191e-46,0,,186,100
399,3990,4790,4.283380026996044e-45,0,,186,100
400,4000,4800,5.381934786700311e-49,0,,185,100
401,4010,4810,1.9637506341289636e-46,0,,186,100
402,4020,4820,6.926734050403052e-47,0,,186,100
403,4030,4830,5.120592580324977e-41,0,,186,100
404,4040,4840,2.120104263545433e-39,0,,186,100
405,4050,4850,4.567738303043045e-38,0,,184,100
406,4060,4860,6.768983420603741e-38,0,,187,100
407,4070,4870,2.0197518895914561e-38,0,,184,100
408,4080,4880,1.0354080433981597e-38,0,,184,100
409,4090,4890,8.564196307163176e-38,0,,183,100
410,4100,4900,5.347132664462645e-38,0,,185,100
411,4110,4910,2.889176444329233e-36,0,,184,100
412,4120,4920,4.2448126563559974e-41,0,,183,100
413,4130,4930,1.0003628071213696e-41,0,,184,100
414,4140,4940,3.912846318902822e-43,0,,185,100
415,4150,4950,4.453367910930487e-46,0,,186,100
416,4160,4960,7.373129482327978e-42,0,,187,100
417,4170,4970,1.4190403134053718e-41,0,,189,100
418,4180,4980,6.318094285823663e-43,0,,190,100
419,4190,4990,1.3263835530411752e-43,0,,188,100
420,4200,5000,1.1957473423760642e-42,0,,190,100
421,4210,5010,1.6399576932268408e-42,0,,190,100
422,4220,5020,4.2839099497043167e-45,0,,192,100
423,4230,5030,5.193246727664446e-44,0,,192,100
424,4240,5040,9.10435481664733e-44,0,,194,100
425,4250,5050,4.659457261724715e-41,0,,194,100
426,4260,5060,1.0434363171570979e-43,0,,193,100
427,4270,5070,1.266009769402861e-46,0,,194,100
428,4280,5080,3.522384670655356e-46,0,,194,100
429,4290,5090,2.3244498868220235e-43,0,,190,100
430,4300,5100,8.505074847349034e-48,0,,190,100
431,4310,5110,3.565306703070734e-48,0,,193,100
432,4320,5120,1.0386980851418071e-48,0,,193,100
433,4330,5130,7.928292746161057e-51,0,,193,100
434,4340,5140,5.954260002552123e-48,0,,195,100
435,4350,5150,3.9336891808738855e-51,0,,194,100
436,4360,5160,3.9956741821836e-55,0,,193,100
437,4370,5170,3.3559577795775916e-55,0,,193,100
438,4380,5180,4.9724239590624115e-61,0,,193,100
439,4390,5190,5.445642102870336e-60,0,,192,100
440,4400,5200,6.839051117725779e-59,0,,192,100
441,4410,5210,3.089628587263703e-61,0,,190,100
442,4420,5220,8.585694831021108e-61,0,,189,100
443,4430,5230,1.4472939918491848e-60,0,,188,100
444,4440,5240,4.4702991204191976e-58,0,,188,100
445,4450,5250,6.202470719781708e-57,0,,188,100
446,4460,5260,7.095294662252215e-53,0,,187,100
447,4470,5270,2.889940804839658e-54,0,,190,100
448,4480,5280,2.0836195902552235e-53,0,,188,100
449,4490,5290,1.3150389222168478e-55,0,,189,100
450,4500,5300,3.13019897803251e-56,0,,188,100
451,4510,5310,6.020886159268868e-57,0,,187,100
452,4520,5320,4.194286949652774e-59,0,,187,100
453,4530,5330,7.2938214682206275e-59,0,,188,100
454,4540,5340,1.8932681228808598e-61,0,,189,100
455,4550,5350,8.26942229246654e-55,0,,188,100
456,4560,5360,5.39002208645927e-57,0,,189,100
457,4570,5370,5.376948446614655e-60,0,,188,100
458,4580,5380,1.8549598333927486e-58,0,,191,100
459,4590,5390,1.766685376057663e-55,0,,193,100
460,4600,5400,3.1591198341574833e-56,0,,192,100
461,4610,5410,9.358950082318462e-51,0,,193,100
462,4620,5420,3.1636183794068284e-49,0,,193,100
463,4630,5430,6.605654201146943e-56,0,,192,100
464,4640,5440,8.930266773348602e-54,0,,191,100
465,4650,5450,2.707309699949464e-54,0,,192,100
466,4660,5460,4.075257133337596e-55,0,,192,100
467,4670,5470,1.6311474893762255e-59,0,,191,100
468,4680,5480,1.6360619494964754e-58,0,,191,100
469,4690,5490,1.5890762512229034e-62,0,,190,100
470,4700,5500,9.183118089449371e-69,0,,189,100
471,4710,5510,4.302341892790981e-71,0,,191,100
472,4720,5520,1.7893923277491417e-75,0,,191,100
473,4730,5530,2.7749836256456957e-69,0,,190,100
474,4740,5540,4.426218499977419e-74,0,,189,100
475,4750,5550,2.7372941356239904e-69,0,,188,100
476,4760,5560,6.930478602210481e-68,0,,187,100
477,4770,5570,2.9476862017607342e-65,0,,187,100
478,4780,5580,1.0756548795780552e-67,0,,185,100
479,4790,5590,3.407140848490699e-67,0,,187,100
480,4800,5600,4.741135523433218e-68,0,,188,100
481,4810,5610,8.317948209748332e-68,0,,186,100
482,4820,5620,1.1426274687012217e-67,0,,186,100
483,4830,5630,3.666787445364954e-65,0,,185,100
484,4840,5640,2.1223572904928733e-61,0,,186,100
485,4850,5650,1.3711209408132782e-62,0,,188,100
486,4860,5660,3.163384255872106e-61,0,,189,100
487,4870,5670,8.88122146904268e-62,0,,189,100
488,4880,5680,4.5280149227613867e-60,0,,188,100
489,4890,5690,5.531478232838974e-66,0,,189,100
490,4900,5700,1.5049150038657643e-64,0,,189,100
491,4910,5710,4.648610400772721e-67,0,,190,100
492,4920,5720,3.805963925968997e-65,0,,191,100
493,4930,5730,1.067017112699623e-62,0,,191,100
494,4940,5740,4.067083981715338e-63,0,,191,100
495,4950,5750,8.830185150479134e-66,0,,193,100
496,4960,5760,7.998543008919192e-61,0,,190,100
497,4970,5770,1.5717442184409254e-52,0,,189,100
498,4980,5780,6.900099686965789e-49,0,,189,100
499,4990,5790,2.1002222421848414e-45,0,,191,100
500,5000,5800,1.7433093437133116e-42,0,,190,100
501,5010,5810,4.391753972485948e-39,0,,190,100
502,5020,5820,8.844451172737115e-39,0,,188,100
503,5030,5830,2.133842275784866e-39,0,,186,100
504,5040,5840,1.1788302638926316e-44,0,,186,100
505,5050,5850,5.787146533191833e-44,0,,188,100
506,5060,5860,4.700059002156086e-48,0,,188,100
507,5070,5870,2.5238011934475173e-51,0,,189,100
508,5080,5880,1.2150802676840593e-43,0,,191,100
509,5090,5890,1.370912833152723e-46,0,,192,100
510,5100,5900,9.638992863411477e-38,0,,190,100
511,5110,5910,3.7588460350903485e-34,0,,189,100
512,5120,5920,1.1728088423769119e-35,0,,187,100
513,5130,5930,1.4102609020694092e-36,0,,190,100
514,5140,5940,2.215288425311635e-37,0,,191,100
515,5150,5950,1.612230942225866e-38,0,,189,100
516,5160,5960,5.354277749530545e-39,0,,190,100
517,5170,5970,1.3630395073984831e-40,0,,188,100
518,5180,5980,2.2899281152917305e-39,0,,192,100
519,5190,5990,2.4681270699025376e-44,0,,191,100
520,5200,6000,4.016417604275081e-45,0,,193,100
521,5210,6010,6.998594918703792e-45,0,,193,100
522,5220,6020,1.7810148046388955e-47,0,,192,100
523,5230,6030,2.161267721717901e-50,0,,190,100
524,5240,6040,6.55559984139787e-51,0,,188,100
525,5250,6050,2.1579299183221006e-50,0,,190,100
526,5260,6060,3.864233773110169e-53,0,,190,100
527,5270,6070,6.568998225773296e-56,0,,187,100
528,5280,6080,7.00001168262188e-53,0,,188,100
529,5290,6090,5.022162662544958e-52,0,,187,100
530,5300,6100,5.1186973684448923e-54,0,,186,100
531,5310,6110,3.4113770919912435e-57,0,,184,100
532,5320,6120,2.589809762005368e-56,0,,185,100
533,5330,6130,1.1691494140378459e-57,0,,184,100
534,5340,6140,2.5929447299340356e-56,0,,183,100
535,5350,6150,7.858524633123653e-55,0,,183,100
536,5360,6160,1.920859554124834e-61,0,,182,100
537,5370,6170,5.833880311185677e-60,0,,181,100
538,5380,6180,1.1122662540850278e-62,0,,177,100
539,5390,6190,2.3547347694527113e-67,0,,179,100
540,5400,6200,4.1261965475745605e-68,0,,179,100
541,5410,6210,1.5379838953039356e-65,0,,178,100
542,5420,6220,2.1682521537601695e-67,0,,178,100
543,5430,6230,6.585212103307949e-63,0,,182,100
544,5440,6240,1.5794398401167806e-61,0,,182,100
545,5450,6250,1.4648887240383019e-64,0,,182,100
546,5460,6260,3.225743077654857e-66,0,,182,100
547,5470,6270,3.632357934452694e-63,0,,183,100
548,5480,6280,6.422276190218681e-56,0,,181,100
549,5490,6290,9.711638981810944e-56,0,,181,100
550,5500,6300,1.0142476389450082e-57,0,,180,100
551,5510,6310,4.443771263647485e-59,0,,178,100
552,5520,6320,4.22692474783786e-60,0,,179,100
553,5530,6330,6.7552528899331715e-49,0,,178,100
554,5540,6340,6.567960663283845e-49,0,,178,100
555,5550,6350,5.113746360506326e-51,0,,178,100
556,5560,6360,3.9071755160177394e-50,0,,177,100
557,5570,6370,6.120047779684004e-51,0,,177,100
558,5580,6380,1.711787875989077e-50,0,,174,100
559,5590,6390,2.7541173856254744e-46,0,,174,100
560,5600,6400,1.8196804138253014e-47,0,,174,100
561,5610,6410,1.982721971923714e-49,0,,174,100
562,5620,6420,1.285181060681845e-47,0,,171,100
563,5630,6430,5.0734712024767335e-52,0,,171,100
564,5640,6440,9.96702928070132e-53,0,,172,100
565,5650,6450,1.4875541442970922e-57,0,,167,100
566,5660,6460,3.161406880983757e-56,0,,167,100
567,5670,6470,2.5399647653592565e-56,0,,169,100
568,5680,6480,1.9331089395934085e-55,0,,169,100
569,5690,6490,1.3636995888714769e-58,0,,168,100
570,5700,6500,2.2966438917502766e-56,0,,167,100
571,5710,6510,1.0405405922079823e-58,0,,166,100
572,5720,6520,3.462901730517791e-55,0,,165,100
573,5730,6530,1.3094661223384514e-57,0,,165,100
574,5740,6540,7.687712188061875e-54,0,,165,100
575,5750,6550,1.0300024717166357e-55,0,,165,100
576,5760,6560,1.0554807757676356e-57,0,,165,100
577,5770,6570,1.339006709749076e-53,0,,166,100
578,5780,6580,2.065198249644346e-55,0,,163,100
579,5790,6590,1.3721436281301893e-59,0,,163,100
580,5800,6600,1.0998357361418728e-55,0,,165,100
581,5810,6610,1.53600851061945e-56,0,,165,100
582,5820,6620,1.5931546252067528e-55,0,,165,100
583,5830,6630,1.0484090740025417e-55,0,,167,100
584,5840,6640,1.5569997612690416e-52,0,,165,100
585,5850,6650,1.3990426671795092e-43,0,,164,100
586,5860,6660,5.16363641483201e-39,0,,161,100
587,5870,6670,1.92596412890849e-39,0,,163,100
588,5880,6680,3.2701118934514857e-35,0,,162,100
589,5890,6690,1.2501990893997654e-34,0,,164,100
590,5900,6700,3.320421986573809e-38,0,,163,100
591,5910,6710,2.134253631786777e-37,0,,164,100
592,5920,6720,1.9493957599420555e-36,0,,164,100
593,5930,6730,2.2773052650105591e-35,0,,163,100
594,5940,6740,2.2464065244675557e-37,0,,166,100
595,5950,6750,2.115761168249938e-40,0,,165,100
596,5960,6760,2.34434766698806e-40,0,,167,100
597,5970,6770,8.838220423380739e-42,0,,165,100
598,5980,6780,3.876423065647805e-44,0,,162,100
599,5990,6790,2.666301742574676e-41,0,,163,100
600,6000,6800,3.162448390149377e-42,0,,163,100
601,6010,6810,4.909844036006979e-44,0,,165,100
602,6020,6820,1.574092513776845e-44,0,,167,100
603,6030,6830,5.383020066789232e-46,0,,168,100
604,6040,6840,5.429810275902125e-52,0,,168,100
605,6050,6850,7.397928148375305e-54,0,,166,100
606,6060,6860,1.727898103370279e-50,0,,168,100
607,6070,6870,7.097319519142881e-50,0,,170,100
608,6080,6880,5.944624504326295e-51,0,,172,100
609,6090,6890,5.546452351498536e-50,0,,170,100
610,6100,6900,2.0114332180356985e-54,0,,169,100
611,6110,6910,8.71970696609994e-55,0,,171,100
612,6120,6920,6.638639004165009e-52,0,,168,100
613,6130,6930,1.3950672701510964e-56,0,,168,100
614,6140,6940,4.567615183244777e-53,0,,170,100
615,6150,6950,8.71329023423433e-58,0,,171,100
616,6160,6960,1.7356644783710886e-57,0,,171,100
617,6170,6970,2.0246412689963349e-57,0,,172,100
618,6180,6980,5.952050539135622e-58,0,,172,100
619,6190,6990,1.3895690016300477e-58,0,,172,100
620,6200,7000,8.658035655122535e-56,0,,174,100
621,6210,7010,1.6380862752961403e-54,0,,172,100
622,6220,7020,1.0650074389123146e-53,0,,172,100
623,6230,7030,7.521662948564399e-50,0,,169,100
624,6240,7040,4.717739650806785e-49,0,,170,100
625,6250,7050,1.9121744167824386e-55,0,,169,100
626,6260,7060,2.9948889839969648e-55,0,,171,100
627,6270,7070,4.4467926382027196e-57,0,,172,100
628,6280,7080,2.450432789269266e-52,0,,171,100
629,6290,7090,1.356524252251556e-53,0,,171,100
630,6300,7100,2.1573108531112415e-50,0,,172,100
631,6310,7110,3.2684488123009545e-49,0,,172,100
632,6320,7120,2.93938989176232e-49,0,,172,100
633,6330,7130,2.1306004321311936e-49,0,,171,100
634,6340,7140,1.1048547673658524e-51,0,,171,100
635,6350,7150,4.366215422713471e-52,0,,173,100
636,6360,7160,2.419378614558009e-48,0,,172,100
637,6370,7170,3.771205171873775e-53,0,,174,100
638,6380,7180,5.8834278075113976e-52,0,,173,100
639,6390,7190,2.960945208884862e-51,0,,172,100
640,6400,7200,5.2731581546493656e-55,0,,173,100
641,6410,7210,1.8483277351287342e-51,0,,174,100
642,6420,7220,7.299822859910396e-52,0,,176,100
643,6430,7230,5.257990989974979e-51,0,,178,100
644,6440,7240,4.812134999576635e-49,0,,178,100
645,6450,7250,6.514877683485827e-51,0,,180,100
646,6460,7260,2.363518856709464e-51,0,,179,100
647,6470,7270,3.4725090967378454e-55,0,,181,100
648,6480,7280,7.294842865426319e-57,0,,180,100
649,6490,7290,3.006244758991928e-52,0,,181,100
650,6500,7300,5.125203408582517e-57,0,,179,100
651,6510,7310,3.7558230043446915e-56,0,,178,100
652,6520,7320,2.277189900011586e-50,0,,177,100
653,6530,7330,3.3086157799505602e-52,0,,179,100
654,6540,7340,1.7631311216650003e-53,0,,180,100
655,6550,7350,1.1396151949824753e-44,0,,178,100
656,6560,7360,1.189346836161926e-48,0,,176,100
657,6570,7370,1.0215516879036106e-44,0,,176,100
658,6580,7380,1.8692913252237814e-46,0,,177,100
659,6590,7390,4.858399170760461e-46,0,,175,100
660,6600,7400,2.4608736080501906e-47,0,,175,100
661,6610,7410,3.157799807864723e-51,0,,175,100
662,6620,7420,2.638832086479331e-52,0,,174,100
663,6630,7430,9.675177738775541e-52,0,,174,100
664,6640,7440,1.1695468462013465e-50,0,,176,100
665,6650,7450,2.1288133386405514e-44,0,,176,100
666,6660,7460,1.1257512832193644e-46,0,,176,100
667,6670,7470,1.3202345445008984e-41,0,,176,100
668,6680,7480,8.327269328798852e-45,0,,173,100
669,6690,7490,2.8237436587627e-40,0,,173,100
670,6700,7500,4.909498624462932e-37,0,,173,100
671,6710,7510,3.892447548372358e-40,0,,172,100
672,6720,7520,8.037632510273053e-45,0,,172,100
673,6730,7530,1.893379973650261e-45,0,,171,100
674,6740,7540,4.858146675392515e-47,0,,171,100
675,6750,7550,5.8255442667544286e-46,0,,170,100
676,6760,7560,1.3543191561841343e-48,0,,170,100
677,6770,7570,1.1921617694389089e-46,0,,171,100
678,6780,7580,4.894963252085604e-45,0,,169,100
679,6790,7590,2.361688846011437e-46,0,,169,100
680,6800,7600,5.957300320273973e-46,0,,170,100
681,6810,7610,3.1824300915724106e-46,0,,170,100
682,6820,7620,3.132033683481513e-46,0,,169,100
683,6830,7630,1.6044769934262293e-46,0,,168,100
684,6840,7640,1.1954679276733878e-47,0,,169,100
685,6850,7650,2.468249005985089e-49,0,,170,100
686,6860,7660,6.675866863675861e-50,0,,166,100
687,6870,7670,1.635222311006507e-52,0,,166,100
688,6880,7680,1.4151910826600147e-51,0,,166,100
689,6890,7690,3.964052595216964e-55,0,,168,100
690,6900,7700,6.350375859778375e-56,0,,169,100
691,6910,7710,2.3192460829339956e-57,0,,169,100
692,6920,7720,1.5731289241887385e-54,0,,170,100
693,6930,7730,7.371966288968502e-50,0,,169,100
694,6940,7740,9.729423410042407e-57,0,,171,100
695,6950,7750,2.924018563612575e-59,0,,170,100
696,6960,7760,2.391564739652333e-59,0,,171,100
697,6970,7770,1.7515048368355562e-55,0,,172,100
698,6980,7780,2.4631107852861605e-55,0,,171,100
699,6990,7790,3.9219890058085725e-58,0,,168,100
700,7000,7800,3.6046441427408487e-56,0,,169,100
701,7010,7810,6.12624653552888e-55,0,,169,100
702,7020,7820,7.813117199594412e-57,0,,171,100
703,7030,7830,3.3726545519299005e-56,0,,171,100
704,7040,7840,3.99026146267301e-59,0,,170,100
705,7050,7850,7.47495449664404e-59,0,,171,100
706,7060,7860,1.925485883361583e-56,0,,167,100
707,7070,7870,1.2902056169377845e-57,0,,169,100
708,7080,7880,5.14777315466396e-57,0,,168,100
709,7090,7890,6.438439119773899e-56,0,,167,100
710,7100,7900,2.6636430655464432e-55,0,,169,100
711,7110,7910,6.823414262758229e-59,0,,169,100
712,7120,7920,8.030690646211319e-58,0,,171,100
713,7130,7930,5.980526392560763e-54,0,,170,100
714,7140,7940,8.35049477047167e-58,0,,170,100
715,7150,7950,1.5255189211359614e-57,0,,172,100
716,7160,7960,1.1417020219203728e-54,0,,173,100
717,7170,7970,1.6357724497475736e-55,0,,175,100
718,7180,7980,4.997302895852187e-56,0,,174,100
719,7190,7990,7.461894999642096e-57,0,,174,100
720,7200,8000,8.056706034715438e-58,0,,173,100
721,7210,8010,1.1438234172633784e-53,0,,172,100
722,7220,8020,2.1230325114204904e-56,0,,170,100
723,7230,8030,2.4010655952521655e-53,0,,170,100
724,7240,8040,3.285152869395224e-54,0,,169,100
725,7250,8050,1.8344995431322968e-55,0,,168,100
726,7260,8060,9.007018536040359e-55,0,,170,100
727,7270,8070,3.469920121685649e-53,0,,169,100
728,7280,8080,1.7255643240913095e-56,0,,172,100
729,7290,8090,4.383329339003759e-59,0,,171,100
730,7300,8100,1.3211490351681962e-55,0,,170,100
731,7310,8110,8.564871712707291e-56,0,,171,100
732,7320,8120,3.7446729371048964e-56,0,,171,100
733,7330,8130,4.5962609441242705e-56,0,,166,100
734,7340,8140,2.0557616926115118e-55,0,,169,100
735,7350,8150,2.878905612000314e-55,0,,168,100
736,7360,8160,1.1449701349702786e-55,0,,168,100
737,7370,8170,2.957060942379896e-53,0,,167,100
738,7380,8180,1.7454631737695806e-53,0,,169,100
739,7390,8190,4.626113766896988e-48,0,,168,100
740,7400,8200,5.312271964104593e-50,0,,167,100
741,7410,8210,2.232729538264375e-50,0,,170,100
742,7420,8220,6.426072097686276e-49,0,,169,100
743,7430,8230,9.592240897002588e-51,0,,168,100
744,7440,8240,2.7968446986902386e-43,0,,166,100
745,7450,8250,7.038146146312081e-44,0,,168,100
746,7460,8260,5.901736608997723e-35,0,,166,100
747,7470,8270,3.735928441119453e-38,0,,167,100
748,7480,8280,8.157931111307784e-37,0,,168,100
749,7490,8290,5.322549256853594e-38,0,,167,100
750,7500,8300,2.0813158348013795e-37,0,,169,100
751,7510,8310,7.820466950700069e-37,0,,166,100
752,7520,8320,3.9455660698167066e-41,0,,168,100
753,7530,8330,6.67015811220368e-39,0,,167,100
754,7540,8340,1.0490838102797598e-34,0,,168,100
755,7550,8350,4.9372998323759356e-36,0,,170,100
756,7560,8360,7.428964703033202e-36,0,,169,100
757,7570,8370,9.805109392529915e-34,0,,171,100
758,7580,8380,1.6551062370944777e-35,0,,171,100
759,7590,8390,1.0102981530344666e-33,0,,171,100
760,7600,8400,1.1010086317812993e-38,0,,169,100
761,7610,8410,9.130103971180496e-39,0,,169,100
762,7620,8420,1.747543814003202e-40,0,,170,100
763,7630,8430,6.446211686632298e-41,0,,171,100
764,7640,8440,3.7946936397990035e-43,0,,170,100
765,7650,8450,3.680060536824016e-40,0,,168,100
766,7660,8460,2.8426091381029443e-41,0,,167,100
767,7670,8470,5.226642792455048e-37,0,,168,100
768,7680,8480,4.438911564041745e-35,0,,168,100
769,7690,8490,1.3183046049112319e-39,0,,169,100
770,7700,8500,6.82403952272469e-44,0,,167,100
771,7710,8510,3.672936809785841e-44,0,,167,100
772,7720,8520,4.939917563018729e-44,0,,169,100
773,7730,8530,6.019663077091356e-43,0,,165,100
774,7740,8540,3.611261669452131e-43,0,,165,100
775,7750,8550,1.6987844487679547e-46,0,,166,100
776,7760,8560,3.4811116959860874e-45,0,,167,100
777,7770,8570,7.858411940626781e-50,0,,167,100
778,7780,8580,4.5891332270893645e-49,0,,167,100
779,7790,8590,3.298158195525779e-44,0,,167,100
780,7800,8600,6.821030377986438e-49,0,,165,100
781,7810,8610,2.5395271765112783e-51,0,,163,100
782,7820,8620,8.867639637354117e-54,0,,164,100
783,7830,8630,3.0195965233045644e-55,0,,166,100
784,7840,8640,2.2700147757513628e-50,0,,164,100
785,7850,8650,1.848255710062666e-50,0,,167,100
786,7860,8660,2.603427327100142e-53,0,,167,100
787,7870,8670,7.989422893379837e-53,0,,167,100
788,7880,8680,1.2119988981502776e-52,0,,166,100
789,7890,8690,1.773957626384699e-50,0,,167,100
790,7900,8700,2.712157690268605e-52,0,,168,100
791,7910,8710,3.428858870681491e-52,0,,166,100
792,7920,8720,6.783940986730151e-50,0,,166,100
793,7930,8730,5.4583958105052494e-48,0,,166,100
794,7940,8740,3.6014369017799534e-48,0,,166,100
795,7950,8750,2.910149594718956e-44,0,,167,100
796,7960,8760,5.278022484733185e-46,0,,166,100
797,7970,8770,6.771241011850611e-45,0,,170,100
798,7980,8780,2.693273351516493e-46,0,,167,100
799,7990,8790,1.4529890621883854e-46,0,,170,100
800,8000,8800,3.750373674962762e-49,0,,170,100
801,8010,8810,5.318635921917661e-47,0,,169,100
802,8020,8820,1.634637674067722e-46,0,,169,100
803,8030,8830,6.586622194527361e-43,0,,168,100
804,8040,8840,1.4069536255396728e-43,0,,171,100
805,8050,8850,8.72316983118798e-48,0,,171,100
806,8060,8860,2.927073760979474e-42,0,,170,100
807,8070,8870,8.784668756319558e-41,0,,169,100
808,8080,8880,1.321970091518171e-41,0,,168,100
809,8090,8890,1.2595536786716338e-41,0,,169,100
810,8100,8900,5.693795041310388e-46,0,,168,100
811,8110,8910,1.9040571224803555e-44,0,,173,100
812,8120,8920,2.006240160988605e-44,0,,175,100
813,8130,8930,9.56673797558309e-48,0,,174,100
814,8140,8940,5.309241916638799e-46,0,,172,100
815,8150,8950,6.900850534465778e-44,0,,174,100
816,8160,8960,1.9270225002756286e-46,0,,176,100
817,8170,8970,2.9833990788893032e-47,0,,176,100
818,8180,8980,4.599691443255063e-47,0,,177,100
819,8190,8990,7.906587105063586e-49,0,,178,100
820,8200,9000,1.488644338739859e-47,0,,181,100
821,8210,9010,1.6277783452708377e-43,0,,179,100
822,8220,9020,4.8891815034584036e-48,0,,180,100
823,8230,9030,4.2705896940967913e-50,0,,179,100
824,8240,9040,2.548146129066216e-50,0,,178,100
825,8250,9050,1.8125794594162073e-53,0,,179,100
826,8260,9060,3.3482938027070754e-50,0,,179,100
827,8270,9070,4.032530212615703e-50,0,,181,100
828,8280,9080,6.533100942124011e-51,0,,179,100
829,8290,9090,1.896087173663525e-50,0,,179,100
830,8300,9100,4.1943030542204718e-50,0,,180,100
831,8310,9110,3.2224724032943984e-51,0,,180,100
832,8320,9120,4.169870773488992e-51,0,,179,100
833,8330,9130,2.7426848998833128e-50,0,,179,100
834,8340,9140,1.2476302289675251e-55,0,,177,100
835,8350,9150,3.810712336212607e-58,0,,173,100
836,8360,9160,3.701878493654229e-59,0,,175,100
837,8370,9170,3.8496650446208765e-61,0,,173,100
838,8380,9180,6.049754336498081e-63,0,,175,100
839,8390,9190,1.1321872609253678e-60,0,,176,100
840,8400,9200,5.516931504261676e-62,0,,176,100
841,8410,9210,1.3856438939241075e-58,0,,174,100
842,8420,9220,3.830099349647618e-60,0,,176,100
843,8430,9230,5.8439777054799375e-55,0,,174,100
844,8440,9240,2.093096323841761e-55,0,,177,100
845,8450,9250,1.8936759740618692e-50,0,,178,100
846,8460,9260,6.959370766773723e-57,0,,179,100
847,8470,9270,1.3884942528230698e-56,0,,181,100
848,8480,9280,9.392044487887726e-56,0,,181,100
849,8490,9290,1.923173857719179e-55,0,,180,100
850,8500,9300,1.3568559705735632e-53,0,,178,100
851,8510,9310,2.4296407992740285e-53,0,,178,100
852,8520,9320,2.804621222195801e-53,0,,180,100
853,8530,9330,1.2236963537737887e-51,0,,180,100
854,8540,9340,1.9852341747063492e-48,0,,180,100
855,8550,9350,2.430658129391895e-50,0,,179,100
856,8560,9360,2.4865040743358516e-51,0,,180,100
857,8570,9370,4.536661620598901e-50,0,,180,100
858,8580,9380,4.744010361229782e-44,0,,180,100
859,8590,9390,7.616751018303715e-46,0,,181,100
860,8600,9400,2.7674933723398392e-49,0,,182,100
861,8610,9410,3.3393375193502427e-52,0,,181,100
862,8620,9420,9.2008667330307e-47,0,,182,100
863,8630,9430,3.895932195199212e-50,0,,180,100
864,8640,9440,1.471774791504254e-51,0,,183,100
865,8650,9450,1.8242079778797672e-45,0,,181,100
866,8660,9460,3.1395547195788426e-45,0,,182,100
867,8670,9470,3.636401148920764e-44,0,,185,100
868,8680,9480,1.0525712758509095e-45,0,,185,100
869,8690,9490,6.315000273807773e-44,0,,185,100
870,8700,9500,1.6630873870197832e-44,0,,183,100
871,8710,9510,1.960506486363552e-43,0,,183,100
872,8720,9520,2.6886472478621734e-44,0,,184,100
873,8730,9530,4.659679652274917e-44,0,,183,100
874,8740,9540,1.743172541821104e-46,0,,180,100
875,8750,9550,5.268029726437683e-48,0,,181,100
876,8760,9560,3.0867432058418653e-44,0,,181,100
877,8770,9570,3.5862887559122075e-46,0,,179,100
878,8780,9580,1.016624596542356e-44,0,,180,100
879,8790,9590,6.3009543118795284e-46,0,,179,100
880,8800,9600,2.333143451031443e-42,0,,180,100
881,8810,9610,8.079224721520537e-40,0,,181,100
882,8820,9620,4.823207921909203e-44,0,,184,100
883,8830,9630,3.236678676940339e-42,0,,182,100
884,8840,9640,9.211198025813029e-38,0,,181,100
885,8850,9650,1.3682063804914943e-39,0,,181,100
886,8860,9660,9.723659721120952e-39,0,,180,100
887,8870,9670,1.0262498257953562e-37,0,,179,100
888,8880,9680,8.727829701130223e-38,0,,180,100
889,8890,9690,1.395436241462449e-34,0,,184,100
890,8900,9700,3.3235777534681193e-40,0,,181,100
891,8910,9710,1.0226151094383329e-44,0,,176,100
892,8920,9720,2.4524420298931797e-44,0,,178,100
893,8930,9730,6.940948499956118e-42,0,,178,100
894,8940,9740,2.6867872474150852e-40,0,,177,100
895,8950,9750,7.047221262916995e-38,0,,178,100
896,8960,9760,2.66798215580762e-39,0,,177,100
897,8970,9770,7.141660385083404e-38,0,,177,100
898,8980,9780,1.0381283439072384e-42,0,,175,100
899,8990,9790,6.634120535268232e-39,0,,174,100
900,9000,9800,1.117285165217355e-34,0,,172,100
901,9010,9810,2.6052448166399633e-34,0,,172,100
902,9020,9820,2.640960445872421e-33,0,,173,100
903,9030,9830,2.2415729780083697e-32,0,,174,100
904,9040,9840,1.5480481990161227e-37,0,,172,100
905,9050,9850,7.441631789447535e-38,0,,172,100
906,9060,9860,8.382092337509641e-39,0,,172,100
907,9070,9870,2.6186259716303398e-34,0,,169,100
908,9080,9880,6.52295145217279e-34,0,,172,100
909,9090,9890,4.850575875918415e-38,0,,171,100
910,9100,9900,5.550186630671177e-42,0,,172,100
911,9110,9910,3.07694937803234e-44,0,,173,100
912,9120,9920,1.2179772367399115e-43,0,,173,100
913,9130,9930,2.6466081070275447e-41,0,,174,100
914,9140,9940,6.336443331101703e-47,0,,173,100
915,9150,9950,1.0081361844283038e-48,0,,176,100
916,9160,9960,2.8700175176452145e-46,0,,175,100
917,9170,9970,6.603141377695798e-47,0,,173,100
918,9180,9980,2.0576280266857304e-47,0,,174,100
919,9190,9990,1.287507933516905e-50,0,,174,100
920,9200,10000,1.786667050151912e-47,0,,175,100
921,9210,10010,2.4750723742752065e-49,0,,176,100
922,9220,10020,1.364195539527069e-52,0,,178,100
923,9230,10030,4.17166084523526e-51,0,,179,100
924,9240,10040,1.5667782714784274e-49,0,,177,100
925,9250,10050,9.80770821414368e-47,0,,176,100
926,9260,10060,3.0660649164021055e-45,0,,178,100
927,9270,10070,3.271200718756833e-43,0,,176,100
928,9280,10080,3.9571459949082115e-49,0,,174,100
929,9290,10090,7.205536477529897e-47,0,,175,100
930,9300,10100,5.1269684178230846e-48,0,,176,100
931,9310,10110,7.231137161723104e-48,0,,176,100
932,9320,10120,1.6943496440322742e-47,0,,172,100
933,9330,10130,2.1480122265763616e-47,0,,172,100
934,9340,10140,9.239460097102417e-49,0,,171,100
935,9350,10150,5.821100935327041e-47,0,,171,100
936,9360,10160,1.1100031637769108e-48,0,,171,100
937,9370,10170,9.448057923216738e-52,0,,171,100
938,9380,10180,1.1118338459938112e-49,0,,170,100
939,9390,10190,1.8590987002708065e-51,0,,170,100
940,9400,10200,3.962865482354383e-49,0,,171,100
941,9410,10210,2.0844902208009778e-47,0,,170,100
942,9420,10220,1.5910234548783525e-51,0,,171,100
943,9430,10230,9.169597782033101e-50,0,,172,100
944,9440,10240,1.3059005393760737e-49,0,,171,100
945,9450,10250,7.01179334371454e-50,0,,169,100
946,9460,10260,8.399000891246216e-50,0,,168,100
947,9470,10270,1.7938651787981487e-51,0,,167,100
948,9480,10280,3.626234379277731e-53,0,,166,100
949,9490,10290,8.739553191664719e-54,0,,167,100
950,9500,10300,1.454300208457321e-53,0,,167,100
951,9510,10310,9.07668297140924e-54,0,,167,100
952,9520,10320,2.3968977539544925e-54,0,,166,100
953,9530,10330,2.1046709512036255e-53,0,,169,100
954,9540,10340,1.420622215294886e-51,0,,167,100
955,9550,10350,8.693966200872673e-50,0,,168,100
956,9560,10360,4.317286269536353e-49,0,,168,100
957,9570,10370,1.229999910570165e-47,0,,168,100
958,9580,10380,3.7999527927234456e-51,0,,167,100
959,9590,10390,4.741826263417002e-46,0,,166,100
960,9600,10400,2.843306905830083e-48,0,,168,100
961,9610,10410,5.1878683002058734e-51,0,,165,100
962,9620,10420,5.452857237233319e-57,0,,164,100
963,9630,10430,4.4949055573968963e-54,0,,166,100
964,9640,10440,8.175759390575885e-58,0,,165,100
965,9650,10450,1.2101967565945134e-57,0,,168,100
966,9660,10460,2.0786941632188254e-52,0,,168,100
967,9670,10470,9.807054660059564e-50,0,,166,100
968,9680,10480,3.560193511423052e-49,0,,166,100
969,9690,10490,1.1225483226198145e-48,0,,167,100
970,9700,10500,4.891054712404662e-50,0,,167,100
971,9710,10510,7.925688019779882e-51,0,,166,100
972,9720,10520,1.4957649302525458e-50,0,,166,100
973,9730,10530,1.4086670244782604e-52,0,,167,100
974,9740,10540,3.800631541176699e-50,0,,168,100
975,9750,10550,7.328123422838602e-49,0,,168,100
976,9760,10560,3.563037664958899e-49,0,,170,100
977,9770,10570,2.601346591534904e-50,0,,171,100
978,9780,10580,9.770144063222832e-53,0,,172,100
979,9790,10590,2.0176471644688525e-55,0,,172,100
980,9800,10600,3.0156932484616473e-53,0,,172,100
981,9810,10610,4.382365661597442e-56,0,,172,100
982,9820,10620,1.7658689408926423e-59,0,,171,100
983,9830,10630,8.913780405458085e-60,0,,171,100
984,9840,10640,2.356528668449835e-62,0,,172,100
985,9850,10650,9.010471488752773e-62,0,,172,100
986,9860,10660,2.4910519856772826e-59,0,,172,100
987,9870,10670,4.78732786977522e-64,0,,172,100
988,9880,10680,1.1131475513944144e-58,0,,170,100
989,9890,10690,4.261112034365585e-53,0,,172,100
990,9900,10700,3.2603836224776e-54,0,,174,100
991,9910,10710,6.6511176170558675e-56,0,,173,100
992,9920,10720,2.429916673748998e-53,0,,175,100
993,9930,10730,6.783225522349346e-52,0,,175,100
994,9940,10740,2.7348555116135313e-56,0,,172,100
995,9950,10750,4.632519636198173e-49,0,,170,100
996,9960,10760,4.334804051071785e-49,0,,172,100
997,9970,10770,6.311066225865059e-48,0,,171,100
998,9980,10780,8.002068739708987e-51,0,,171,100
999,9990,10790,1.4714931947481203e-51,0,,172,100
1000,10000,10800,1.6687069276648106e-46,0,,170,100
1001,10010,10810,1.9931112419153704e-46,0,,169,100
1002,10020,10820,2.422870404130765e-55,0,,167,100
1003,10030,10830,4.586134802968233e-53,0,,168,100
1004,10040,10840,2.993867557474309e-54,0,,167,100
1005,10050,10850,1.541359183948311e-48,0,,167,100
1006,10060,10860,4.690199278414736e-48,0,,169,100
1007,10070,10870,5.216293256664501e-48,0,,167,100
1008,10080,10880,3.0135646932340637e-48,0,,167,100
1009,10090,10890,1.3949109726825761e-49,0,,166,100
1010,10100,10900,3.484010802209193e-52,0,,166,100
1011,10110,10910,7.184710817903235e-53,0,,167,100
1012,10120,10920,6.017489817195416e-55,0,,168,100
1013,10130,10930,4.784245248831655e-55,0,,169,100
1014,10140,10940,2.5240615558809034e-52,0,,170,100
1015,10150,10950,3.715491717057206e-58,0,,168,100
1016,10160,10960,1.2762407659380015e-57,0,,168,100
1017,10170,10970,8.933141212205476e-64,0,,171,100
1018,10180,10980,1.1129716414456643e-59,0,,170,100
1019,10190,10990,5.324141863880065e-61,0,,169,100
1020,10200,11000,4.3473695363968484e-63,0,,169,100
1021,10210,11010,5.8164719720808226e-67,0,,168,100
1022,10220,11020,2.1850673564108145e-66,0,,166,100
1023,10230,11030,3.2601253988591473e-63,0,,165,100
1024,10240,11040,1.4740243792918462e-62,0,,166,100
1025,10250,11050,7.051615959418116e-63,0,,167,100
1026,10260,11060,1.0743327208889113e-62,0,,168,100
1027,10270,11070,1.8507832730994464e-62,0,,169,100
1028,10280,11080,1.5639844269500144e-59,0,,169,100
1029,10290,11090,2.988037979421355e-62,0,,170,100
1030,10300,11100,2.5426537567221466e-60,0,,172,100
1031,10310,11110,1.5241054082198278e-57,0,,172,100
1032,10320,11120,3.2369325508742744e-57,0,,174,100
1033,10330,11130,1.086496141221123e-62,0,,173,100
1034,10340,11140,4.6450268940760724e-54,0,,172,100
1035,10350,11150,2.0506678251826175e-50,0,,172,100
1036,10360,11160,3.2074042606898635e-48,0,,171,100
1037,10370,11170,4.332739766506063e-46,0,,172,100
1038,10380,11180,6.738310616346706e-46,0,,171,100
1039,10390,11190,6.395101729736793e-46,0,,170,100
1040,10400,11200,8.95391010457958e-44,0,,170,100
1041,10410,11210,3.223616136485407e-45,0,,170,100
1042,10420,11220,7.316276363550151e-46,0,,170,100
1043,10430,11230,3.620802120005576e-44,0,,170,100
1044,10440,11240,1.0943935519028184e-43,0,,171,100
1045,10450,11250,2.283068297541841e-42,0,,169,100
1046,10460,11260,1.2043069308792693e-40,0,,172,100
1047,10470,11270,8.205064316607879e-39,0,,170,100
1048,10480,11280,7.794277272021662e-38,0,,170,100
1049,10490,11290,6.424267892252132e-40,0,,168,100
1050,10500,11300,4.4336352961764685e-40,0,,171,100
1051,10510,11310,5.918334031089465e-38,0,,172,100
1052,10520,11320,1.73889264146814e-33,0,,173,100
1053,10530,11330,8.482702903116653e-35,0,,172,100
1054,10540,11340,1.3648630716230436e-32,0,,170,100
1055,10550,11350,4.6391953603555765e-32,0,,172,100
1056,10560,11360,4.037637723617812e-33,0,,169,100
1057,10570,11370,2.3222499700408824e-35,0,,168,100
1058,10580,11380,3.6137189269639774e-37,0,,168,100
1059,10590,11390,2.4541344294622668e-36,0,,168,100
1060,10600,11400,1.604287823562573e-39,0,,168,100
1061,10610,11410,5.4513663802263585e-39,0,,168,100
1062,10620,11420,1.109484542681586e-40,0,,166,100
1063,10630,11430,6.889779834936498e-43,0,,168,100
1064,10640,11440,4.644749468689174e-41,0,,171,100
1065,10650,11450,7.05332618057644e-41,0,,170,100
1066,10660,11460,1.0590777780024496e-42,0,,170,100
1067,10670,11470,7.36690112917797e-42,0,,169,100
1068,10680,11480,1.6893126236619155e-39,0,,170,100
1069,10690,11490,6.120244023065055e-42,0,,168,100
1070,10700,11500,1.3339184886295803e-41,0,,165,100
1071,10710,11510,4.114323841507163e-43,0,,166,100
1072,10720,11520,1.9706332929311416e-40,0,,167,100
1073,10730,11530,9.653095740347478e-41,0,,169,100
1074,10740,11540,1.9953165829804394e-42,0,,170,100
1075,10750,11550,1.269670228364373e-43,0,,170,100
1076,10760,11560,2.8316611233149423e-44,0,,169,100
1077,10770,11570,1.4516740187643688e-45,0,,170,100
1078,10780,11580,4.2159435802896466e-46,0,,171,100
1079,10790,11590,2.1249289515593995e-46,0,,171,100
1080,10800,11600,1.0000281616809871e-45,0,,172,100
1081,10810,11610,1.1076563066120364e-48,0,,173,100
1082,10820,11620,7.254577535757195e-51,0,,173,100
1083,10830,11630,8.175534445794247e-47,0,,172,100
1084,10840,11640,9.703420865730974e-51,0,,174,100
1085,10850,11650,2.088914082871474e-47,0,,174,100
1086,10860,11660,7.082935744825671e-49,0,,175,100
1087,10870,11670,1.630059927045991e-51,0,,175,100
1088,10880,11680,4.2370265723351416e-50,0,,175,100
1089,10890,11690,8.36843865004635e-50,0,,174,100
1090,10900,11700,4.200523446599148e-51,0,,174,100
1091,10910,11710,4.256772860150806e-52,0,,175,100
1092,10920,11720,1.423235462179489e-53,0,,175,100
1093,10930,11730,3.2586207400347237e-52,0,,175,100
1094,10940,11740,3.1433565041583913e-55,0,,174,100
1095,10950,11750,2.5698466549172023e-51,0,,173,100
1096,10960,11760,1.0196713023579403e-52,0,,172,100
1097,10970,11770,1.0753726643317978e-52,0,,170,100
1098,10980,11780,8.951373247915766e-54,0,,172,100
1099,10990,11790,8.904900927016731e-51,0,,172,100
1100,11000,11800,2.631126932846554e-51,0,,170,100
1101,11010,11810,4.7647602535369985e-51,0,,173,100
1102,11020,11820,1.7716070438567673e-53,0,,172,100
1103,11030,11830,1.5308467933944494e-54,0,,172,100
1104,11040,11840,2.163779979905394e-53,0,,171,100
1105,11050,11850,5.688925001074115e-50,0,,171,100
1106,11060,11860,3.4137954579900473e-46,0,,170,100
1107,11070,11870,6.022769839741392e-44,0,,169,100
1108,11080,11880,4.750183442224317e-44,0,,168,100
1109,11090,11890,2.0779029881208372e-45,0,,169,100
1110,11100,11900,3.6827061651651494e-44,0,,166,100
1111,11110,11910,5.589943922281894e-44,0,,167,100
1112,11120,11920,2.000065408078804e-46,0,,166,100
1113,11130,11930,1.131571709105243e-46,0,,166,100
1114,11140,11940,5.06364621690294e-47,0,,167,100
1115,11150,11950,1.7852359926584581e-43,0,,167,100
1116,11160,11960,2.4345439614771075e-49,0,,167,100
1117,11170,11970,7.184390591517215e-49,0,,168,100
1118,11180,11980,5.55537367651687e-47,0,,166,100
1119,11190,11990,9.862244288289639e-46,0,,167,100
1120,11200,12000,6.2923492742270095e-46,0,,168,100
1121,11210,12010,6.569295960323062e-47,0,,171,100
1122,11220,12020,4.604545101856392e-44,0,,171,100
1123,11230,12030,4.715064765333965e-43,0,,168,100
1124,11240,12040,4.91544108070332e-43,0,,169,100
1125,11250,12050,1.9050537477933986e-43,0,,168,100
1126,11260,12060,9.452367609860007e-42,0,,170,100
1127,11270,12070,1.335975919709138e-44,0,,171,100
1128,11280,12080,1.1632805052747288e-42,0,,171,100
1129,11290,12090,7.537541503602925e-44,0,,171,100
1130,11300,12100,2.496074693187787e-55,0,,168,100
1131,11310,12110,9.840889512671827e-53,0,,169,100
1132,11320,12120,9.828343766179503e-50,0,,170,100
1133,11330,12130,1.2277048658954035e-51,0,,171,100
1134,11340,12140,7.562051874605504e-55,0,,169,100
1135,11350,12150,1.5395117006245464e-51,0,,169,100
1136,11360,12160,6.589915719619288e-51,0,,171,100
1137,11370,12170,1.5902210352741672e-53,0,,170,100
1138,11380,12180,1.530877982719084e-54,0,,167,100
1139,11390,12190,1.0910908320995669e-54,0,,167,100
1140,11400,12200,5.008848651505127e-56,0,,168,100
1141,11410,12210,1.7675385191773755e-54,0,,169,100
1142,11420,12220,9.350225593754338e-49,0,,168,100
1143,11430,12230,5.137767747413072e-49,0,,169,100
1144,11440,12240,9.988041159085713e-50,0,,166,100
1145,11450,12250,7.734405370124546e-49,0,,165,100
1146,11460,12260,2.505872356299666e-50,0,,165,100
1147,11470,12270,4.5192691895432964e-51,0,,165,100
1148,11480,12280,3.7845608931480975e-52,0,,167,100
1149,11490,12290,3.9447869206726906e-52,0,,168,100
1150,11500,12300,5.6445268139284444e-49,0,,169,100
1151,11510,12310,1.811094221634972e-51,0,,169,100
1152,11520,12320,4.583753364227509e-47,0,,167,100
1153,11530,12330,5.1854432045044206e-51,0,,167,100
1154,11540,12340,1.5488348538720471e-52,0,,168,100
1155,11550,12350,1.4467735521023527e-52,0,,167,100
1156,11560,12360,2.991314984428298e-45,0,,167,100
1157,11570,12370,6.11041078919235e-46,0,,167,100
1158,11580,12380,1.969336001468071e-46,0,,166,100
1159,11590,12390,2.620826240941199e-48,0,,163,100
1160,11600,12400,3.834885288129183e-45,0,,165,100
1161,11610,12410,4.637159273854336e-50,0,,164,100
1162,11620,12420,6.205335086648755e-50,0,,166,100
1163,11630,12430,1.0671416069601413e-47,0,,164,100
1164,11640,12440,8.049061999273559e-47,0,,164,100
1165,11650,12450,1.2032856785727523e-49,0,,163,100
1166,11660,12460,2.290949555074826e-52,0,,164,100
1167,11670,12470,1.8732830880235774e-51,0,,168,100
1168,11680,12480,2.677969029385275e-51,0,,168,100
1169,11690,12490,8.60412733832172e-51,0,,168,100
1170,11700,12500,5.823807369057565e-50,0,,168,100
1171,11710,12510,2.207867502650089e-53,0,,167,100
1172,11720,12520,2.401620973111178e-50,0,,167,100
1173,11730,12530,1.3925415409984342e-51,0,,167,100
1174,11740,12540,4.21878826064207e-51,0,,168,100
1175,11750,12550,4.257062138958212e-51,0,,169,100
1176,11760,12560,7.213414326879821e-47,0,,169,100
1177,11770,12570,2.492757894558718e-47,0,,171,100
1178,11780,12580,5.4010994820124994e-48,0,,169,100
1179,11790,12590,8.291614650509032e-47,0,,170,100
1180,11800,12600,2.419544022946932e-48,0,,171,100
1181,11810,12610,8.242667444246195e-48,0,,173,100
1182,11820,12620,1.5521828440508647e-46,0,,173,100
1183,11830,12630,2.890969619122075e-47,0,,175,100
1184,11840,12640,2.33559618056042e-46,0,,174,100
1185,11850,12650,1.837320091580192e-47,0,,174,100
1186,11860,12660,3.283203306691863e-46,0,,174,100
1187,11870,12670,7.208021023090435e-51,0,,176,100
1188,11880,12680,7.101346594914451e-50,0,,177,100
1189,11890,12690,8.458981987720326e-48,0,,177,100
1190,11900,12700,1.3257849579325563e-46,0,,176,100
1191,11910,12710,1.5907584815310382e-40,0,,175,100
1192,11920,12720,5.782401538516378e-42,0,,174,100
1193,11930,12730,1.0860882988844262e-40,0,,174,100
1194,11940,12740,2.157040597650587e-40,0,,175,100
1195,11950,12750,3.546431981747826e-42,0,,176,100
1196,11960,12760,5.921811706531848e-44,0,,176,100
1197,11970,12770,8.345138781172647e-47,0,,175,100
1198,11980,12780,1.2500085166202651e-47,0,,175,100
1199,11990,12790,1.2168655825608556e-48,0,,175,100
1200,12000,12800,1.3346610432322741e-52,0,,174,100
1201,12010,12810,1.092275614122781e-50,0,,173,100
1202,12020,12820,1.696440921755956e-50,0,,173,100
1203,12030,12830,6.006773269825836e-52,0,,173,100
1204,12040,12840,8.769425955779343e-55,0,,171,100
1205,12050,12850,1.3206011659507186e-55,0,,172,100
1206,12060,12860,4.101495205693491e-55,0,,171,100
1207,12070,12870,2.2648683285059968e-54,0,,173,100
1208,12080,12880,1.3011707041147988e-51,0,,173,100
1209,12090,12890,5.8589922584445704e-58,0,,172,100
1210,12100,12900,2.1754436223172556e-55,0,,171,100
1211,12110,12910,4.0982808475730116e-54,0,,171,100
1212,12120,12920,5.0282255078853645e-57,0,,171,100
1213,12130,12930,4.372395733843168e-54,0,,170,100
1214,12140,12940,4.298526265304132e-54,0,,174,100
1215,12150,12950,8.910685417952915e-55,0,,173,100
1216,12160,12960,3.035910338145223e-55,0,,173,100
1217,12170,12970,2.7235984379748736e-55,0,,175,100
1218,12180,12980,8.927321253695291e-55,0,,175,100
1219,12190,12990,1.1169492793161958e-53,0,,176,100
1220,12200,13000,6.079334934021454e-60,0,,176,100
1221,12210,13010,1.1599291461645103e-58,0,,177,100
1222,12220,13020,2.0419751877136803e-56,0,,179,100
1223,12230,13030,1.662515809823258e-56,0,,178,100
1224,12240,13040,1.1273310924825297e-57,0,,178,100
1225,12250,13050,2.5307964453379985e-52,0,,178,100
1226,12260,13060,2.307868853397263e-59,0,,177,100
1227,12270,13070,4.024030641905679e-51,0,,174,100
1228,12280,13080,9.09776500808573e-50,0,,175,100
1229,12290,13090,6.250366272055647e-49,0,,175,100
1230,12300,13100,2.3194137201830148e-48,0,,176,100
1231,12310,13110,2.0229598326328036e-49,0,,174,100
1232,12320,13120,8.254454724076473e-48,0,,176,100
1233,12330,13130,6.435155096807036e-45,0,,172,100
1234,12340,13140,1.011715792033571e-44,0,,172,100
1235,12350,13150,2.775999557094432e-44,0,,172,100
1236,12360,13160,5.860093409821071e-44,0,,172,100
1237,12370,13170,1.0362899221508701e-41,0,,173,100
1238,12380,13180,1.1279971358330485e-41,0,,174,100
1239,12390,13190,8.430660890973634e-41,0,,174,100
1240,12400,13200,2.0413726771880514e-44,0,,173,100
1241,12410,13210,1.416667736125129e-40,0,,174,100
1242,12420,13220,2.2148439088040383e-42,0,,173,100
1243,12430,13230,3.2681018517018994e-43,0,,173,100
1244,12440,13240,9.998086503082822e-43,0,,174,100
1245,12450,13250,6.0868640475730806e-43,0,,173,100
1246,12460,13260,6.37550724889746e-42,0,,172,100
1247,12470,13270,4.142186759757439e-42,0,,169,100
1248,12480,13280,2.9437183196806634e-41,0,,171,100
1249,12490,13290,5.619788046641051e-44,0,,173,100
1250,12500,13300,1.1836545550106903e-46,0,,172,100
1251,12510,13310,3.09125617850509e-43,0,,172,100
1252,12520,13320,1.2774164534947655e-40,0,,174,100
1253,12530,13330,1.4617765650190382e-37,0,,173,100
1254,12540,13340,1.2484366020671963e-37,0,,172,100
1255,12550,13350,1.824833790349812e-40,0,,171,100
1256,12560,13360,3.256772955608978e-38,0,,175,100
1257,12570,13370,1.0941135830740747e-38,0,,175,100
1258,12580,13380,1.784360993105746e-37,0,,174,100
1259,12590,13390,1.0185001719283882e-39,0,,173,100
1260,12600,13400,8.307935987351574e-41,0,,172,100
1261,12610,13410,1.0008256503510953e-39,0,,172,100
1262,12620,13420,7.503673626586469e-39,0,,173,100
1263,12630,13430,1.5375385758791155e-38,0,,175,100
1264,12640,13440,3.501182866871894e-39,0,,175,100
1265,12650,13450,1.31105153705617e-38,0,,176,100
1266,12660,13460,2.5060109993840826e-35,0,,175,100
1267,12670,13470,2.9060943617424676e-39,0,,174,100
1268,12680,13480,1.398562990114894e-40,0,,171,100
1269,12690,13490,9.412294860389634e-41,0,,174,100
1270,12700,13500,1.6929530223654738e-42,0,,174,100
1271,12710,13510,1.4087108699659072e-42,0,,175,100
1272,12720,13520,1.3094786061033376e-41,0,,174,100
1273,12730,13530,4.1642132531093024e-41,0,,174,100
1274,12740,13540,2.2121556279523052e-41,0,,173,100
1275,12750,13550,1.5506293333883933e-45,0,,175,100
1276,12760,13560,1.7557072257345582e-45,0,,175,100
1277,12770,13570,7.457400032685566e-44,0,,176,100
1278,12780,13580,3.3531826204958414e-42,0,,175,100
1279,12790,13590,6.826069954639923e-45,0,,175,100
1280,12800,13600,1.5511522043471725e-45,0,,177,100
1281,12810,13610,2.479760261888993e-48,0,,176,100
1282,12820,13620,2.38058418562735e-50,0,,177,100
1283,12830,13630,2.756034541549123e-50,0,,178,100
1284,12840,13640,2.1243854918642432e-50,0,,178,100
1285,12850,13650,7.619131742588234e-50,0,,177,100
1286,12860,13660,2.1828453135542197e-48,0,,178,100
1287,12870,13670,1.2177234958904694e-45,0,,178,100
1288,12880,13680,8.635749955592853e-48,0,,179,100
1289,12890,13690,5.41584785258628e-51,0,,180,100
1290,12900,13700,1.2361927449398271e-53,0,,179,100
1291,12910,13710,3.903087005107753e-52,0,,180,100
1292,12920,13720,5.031826099398492e-50,0,,179,100
1293,12930,13730,1.9135217301371862e-57,0,,179,100
1294,12940,13740,1.8135035869630272e-56,0,,177,100
1295,12950,13750,8.164771657777151e-56,0,,178,100
1296,12960,13760,9.901576617466675e-55,0,,178,100
1297,12970,13770,6.184281544442443e-52,0,,178,100
1298,12980,13780,7.237693134648878e-57,0,,177,100
1299,12990,13790,3.3508037078350514e-51,0,,176,100
1300,13000,13800,3.488703721631791e-51,0,,178,100
1301,13010,13810,3.269738792224273e-47,0,,177,100
1302,13020,13820,7.271168114148012e-46,0,,176,100
1303,13030,13830,4.212465006955983e-44,0,,176,100
1304,13040,13840,4.304288711538404e-46,0,,177,100
1305,13050,13850,1.410597442656964e-45,0,,176,100
1306,13060,13860,3.2935401056149818e-50,0,,176,100
1307,13070,13870,4.932977498292883e-47,0,,180,100
1308,13080,13880,8.482378397141996e-45,0,,178,100
1309,13090,13890,5.895664565190605e-47,0,,180,100
1310,13100,13900,7.543429624130335e-46,0,,181,100
1311,13110,13910,2.2327209179683727e-43,0,,184,100
1312,13120,13920,5.931340625573624e-43,0,,185,100
1313,13130,13930,4.085977021159479e-43,0,,185,100
1314,13140,13940,3.788941180605957e-42,0,,187,100
1315,13150,13950,2.6999658703973923e-45,0,,186,100
1316,13160,13960,1.0159722651709299e-39,0,,185,100
1317,13170,13970,4.231085576653559e-38,0,,186,100
1318,13180,13980,4.762470111694547e-37,0,,187,100
1319,13190,13990,1.09545866875282e-34,0,,185,100
1320,13200,14000,2.682133065581088e-39,0,,187,100
1321,13210,14010,3.808644705009319e-43,0,,187,100
1322,13220,14020,6.8719213579032005e-46,0,,186,100
1323,13230,14030,1.4516504064616975e-45,0,,189,100
1324,13240,14040,8.887262247095453e-43,0,,187,100
1325,13250,14050,8.804088333891462e-42,0,,187,100
1326,13260,14060,1.6515923688433778e-40,0,,187,100
1327,13270,14070,3.699506547273866e-45,0,,189,100
1328,13280,14080,6.7739837066389435e-40,0,,189,100
1329,13290,14090,6.361450326142738e-45,0,,188,100
1330,13300,14100,3.035871327945849e-45,0,,190,100
1331,13310,14110,5.458552685115729e-46,0,,188,100
1332,13320,14120,5.065453542657774e-45,0,,187,100
1333,13330,14130,4.47561601867674e-49,0,,186,100
1334,13340,14140,3.2234776429053986e-40,0,,187,100
1335,13350,14150,5.66423594236472e-45,0,,188,100
1336,13360,14160,1.5849103000703737e-42,0,,187,100
1337,13370,14170,6.600676338624903e-45,0,,187,100
1338,13380,14180,5.371019456244876e-45,0,,188,100
1339,13390,14190,1.26904866332972e-42,0,,189,100
1340,13400,14200,1.0780623480550112e-37,0,,189,100
1341,13410,14210,3.74708740012567e-43,0,,190,100
1342,13420,14220,8.32630503460931e-43,0,,189,100
1343,13430,14230,1.0397765635626485e-39,0,,185,100
1344,13440,14240,1.2943108475400283e-39,0,,184,100
1345,13450,14250,1.8439123835862373e-36,0,,186,100
1346,13460,14260,2.445889088995629e-38,0,,186,100
1347,13470,14270,2.4114366850488748e-39,0,,185,100
1348,13480,14280,1.734599674879525e-39,0,,186,100
1349,13490,14290,1.3476092634513584e-38,0,,187,100
1350,13500,14300,3.9846879183078406e-41,0,,185,100
1351,13510,14310,2.6287721634561135e-39,0,,184,100
1352,13520,14320,5.427634117512465e-40,0,,186,100
1353,13530,14330,2.3263411046532864e-41,0,,187,100
1354,13540,14340,6.39649271166483e-39,0,,185,100
1355,13550,14350,7.053008520953211e-40,0,,184,100
1356,13560,14360,1.007128151364371e-38,0,,187,100
1357,13570,14370,3.37642226703784e-37,0,,189,100
1358,13580,14380,2.141204160495004e-34,0,,188,100
1359,13590,14390,2.209403968764447e-36,0,,189,100
1360,13600,14400,2.2613450406855122e-39,0,,188,100
1361,13610,14410,1.0520686831878342e-37,0,,186,100
1362,13620,14420,5.040356265235247e-30,0,,185,100
1363,13630,14430,9.189360188266174e-34,0,,187,100
1364,13640,14440,7.6401678202457e-36,0,,189,100
1365,13650,14450,4.330132720470051e-37,0,,189,100
1366,13660,14460,4.867213620442259e-36,0,,190,100
1367,13670,14470,7.982427776779797e-38,0,,187,100
1368,13680,14480,1.0905352678144792e-38,0,,186,100
1369,13690,14490,1.5115485423852708e-40,0,,187,100
1370,13700,14500,6.361629299905035e-45,0,,187,100
1371,13710,14510,1.0275451200350322e-44,0,,187,100
1372,13720,14520,6.848754118105235e-41,0,,188,100
1373,13730,14530,6.843798288713368e-40,0,,189,100
1374,13740,14540,1.6163340119220667e-37,0,,188,100
1375,13750,14550,8.087731330165008e-37,0,,187,100
1376,13760,14560,9.262065634561847e-36,0,,187,100
1377,13770,14570,1.1810350113419326e-34,0,,188,100
1378,13780,14580,3.598086476210844e-34,0,,190,100
1379,13790,14590,1.9581202102927422e-35,0,,191,100
1380,13800,14600,7.806064293051716e-32,0,,190,100
1381,13810,14610,5.833667118564268e-32,0,,190,100
1382,13820,14620,6.939463808470491e-33,0,,191,100
1383,13830,14630,4.757612364777828e-38,0,,192,100
1384,13840,14640,2.5393857902828746e-37,0,,193,100
1385,13850,14650,3.7378837840774734e-37,0,,191,100
1386,13860,14660,8.601257083912014e-36,0,,194,100
1387,13870,14670,4.31015142330005e-37,0,,190,100
1388,13880,14680,4.553213726221197e-44,0,,191,100
1389,13890,14690,1.4445622623413088e-44,0,,194,100
1390,13900,14700,8.099818972941411e-46,0,,191,100
1391,13910,14710,3.444410250536855e-41,0,,190,100
1392,13920,14720,1.2755040518874217e-43,0,,191,100
1393,13930,14730,1.442826038346225e-45,0,,190,100
1394,13940,14740,2.5089570861696966e-44,0,,188,100
1395,13950,14750,3.591941652334252e-44,0,,188,100
1396,13960,14760,3.847895626167221e-42,0,,188,100
1397,13970,14770,1.6471240126404523e-40,0,,189,100
1398,13980,14780,6.70368557381069e-41,0,,189,100
1399,13990,14790,2.4947267975184042e-45,0,,189,100
1400,14000,14800,4.915860138483408e-44,0,,188,100
1401,14010,14810,3.663292092572506e-47,0,,188,100
1402,14020,14820,9.583445300590416e-46,0,,187,100
1403,14030,14830,1.1368058625858799e-45,0,,186,100
1404,14040,14840,1.0849009940577143e-43,0,,188,100
1405,14050,14850,3.8574562314106875e-42,0,,187,100
1406,14060,14860,3.7455933416901664e-42,0,,187,100
1407,14070,14870,1.0327196834022998e-40,0,,185,100
1408,14080,14880,2.338376189065595e-39,0,,185,100
1409,14090,14890,1.416903102533995e-40,0,,187,100
1410,14100,14900,9.156586968293446e-36,0,,186,100
1411,14110,14910,1.2998122966820032e-34,0,,185,100
1412,14120,14920,9.577096566299092e-35,0,,188,100
1413,14130,14930,5.221851538576335e-34,0,,189,100
1414,14140,14940,5.267219334102397e-36,0,,188,100
1415,14150,14950,1.411942062585898e-36,0,,186,100
1416,14160,14960,7.750566208525843e-34,0,,186,100
1417,14170,14970,7.867760887739233e-34,0,,186,100
1418,14180,14980,9.803703158256182e-37,0,,187,100
1419,14190,14990,5.703245771988831e-40,0,,186,100
1420,14200,15000,8.012264020547538e-39,0,,187,100
1421,14210,15010,5.939478827848988e-42,0,,185,100
1422,14220,15020,3.0918656680981055e-45,0,,185,100
1423,14230,15030,1.4205941325540755e-43,0,,187,100
1424,14240,15040,2.8165305643186824e-46,0,,189,100
1425,14250,15050,1.3410103944247706e-43,0,,189,100
1426,14260,15060,1.0516812442889468e-44,0,,190,100
1427,14270,15070,4.734553417260492e-40,0,,190,100
1428,14280,15080,1.8260381809413086e-42,0,,190,100
1429,14290,15090,1.298552583068987e-40,0,,188,100
1430,14300,15100,6.103541951629937e-41,0,,187,100
1431,14310,15110,1.3011932925790383e-39,0,,189,100
1432,14320,15120,2.6904162723573422e-43,0,,187,100
1433,14330,15130,1.4674314513270334e-41,0,,190,100
1434,14340,15140,1.0414977935796137e-45,0,,190,100
1435,14350,15150,3.744667420509586e-47,0,,188,100
1436,14360,15160,2.7658736972431406e-46,0,,184,100
1437,14370,15170,4.214234530675129e-46,0,,187,100
1438,14380,15180,8.26382424681752e-47,0,,188,100
1439,14390,15190,2.4427774657490227e-47,0,,188,100
1440,14400,15200,5.270237132713782e-47,0,,187,100
1441,14410,15210,5.927430720904116e-47,0,,187,100
1442,14420,15220,6.830637011548288e-47,0,,187,100
1443,14430,15230,1.4969026367308118e-48,0,,186,100
1444,14440,15240,1.4449922880317267e-50,0,,185,100
1445,14450,15250,3.1111941111859205e-47,0,,186,100
1446,14460,15260,7.642718566272479e-47,0,,186,100
1447,14470,15270,5.3519256142773533e-48,0,,188,100
1448,14480,15280,6.555544316355685e-48,0,,191,100
1449,14490,15290,1.1839853873417017e-48,0,,187,100
1450,14500,15300,4.429140452979233e-46,0,,188,100
1451,14510,15310,4.573210279802012e-45,0,,187,100
1452,14520,15320,1.0093530555098073e-40,0,,191,100
1453,14530,15330,5.2188143805960084e-43,0,,189,100
1454,14540,15340,6.110063116293868e-44,0,,190,100
1455,14550,15350,2.874082366676455e-45,0,,189,100
1456,14560,15360,1.2699665773801792e-42,0,,187,100
1457,14570,15370,3.333030020411562e-40,0,,185,100
1458,14580,15380,1.1054245872432198e-37,0,,184,100
1459,14590,15390,5.852291364503429e-43,0,,185,100
1460,14600,15400,4.553099680610008e-41,0,,185,100
1461,14610,15410,5.216372613484715e-40,0,,185,100
1462,14620,15420,4.472230760909536e-40,0,,183,100
1463,14630,15430,2.6234116129808194e-36,0,,182,100
1464,14640,15440,5.3194985464924075e-36,0,,181,100
1465,14650,15450,2.3523602514700835e-38,0,,181,100
1466,14660,15460,2.179359799134142e-36,0,,182,100
1467,14670,15470,1.9509232919155663e-36,0,,185,100
1468,14680,15480,2.602599267553801e-41,0,,183,100
1469,14690,15490,3.205215840383321e-41,0,,182,100
1470,14700,15500,2.6565416230107045e-43,0,,182,100
1471,14710,15510,1.949171163426862e-43,0,,181,100
1472,14720,15520,4.496480271868325e-45,0,,180,100
1473,14730,15530,2.0831877112533853e-44,0,,182,100
1474,14740,15540,1.8038315822267344e-45,0,,183,100
1475,14750,15550,3.6057980465669875e-46,0,,182,100
1476,14760,15560,5.444492259077059e-45,0,,182,100
1477,14770,15570,3.682528756740304e-46,0,,180,100
1478,14780,15580,3.889155942956644e-44,0,,179,100
1479,14790,15590,7.364191047776493e-45,0,,179,100
1480,14800,15600,3.602633025267021e-42,0,,181,100
1481,14810,15610,3.452856841138866e-41,0,,182,100
1482,14820,15620,1.2789453731354399e-39,0,,181,100
1483,14830,15630,2.394110233030218e-44,0,,178,100
1484,14840,15640,3.987955760962653e-42,0,,179,100
1485,14850,15650,8.52072958766385e-47,0,,179,100
1486,14860,15660,2.4065533132400203e-45,0,,178,100
1487,14870,15670,1.2929271342107527e-44,0,,179,100
1488,14880,15680,1.6611067958383496e-46,0,,179,100
1489,14890,15690,1.175157183605589e-40,0,,179,100
1490,14900,15700,1.2574382047354387e-41,0,,180,100
1491,14910,15710,6.927312497292688e-42,0,,179,100
1492,14920,15720,8.457240119155907e-43,0,,177,100
1493,14930,15730,1.0140558498392805e-44,0,,177,100
1494,14940,15740,8.310327292737881e-44,0,,177,100
1495,14950,15750,1.9310954985031784e-41,0,,178,100
1496,14960,15760,5.8625459038013236e-43,0,,179,100
1497,14970,15770,1.3019779495166122e-44,0,,178,100
1498,14980,15780,2.1248477278370428e-44,0,,179,100
1499,14990,15790,1.3360173780144755e-43,0,,180,100
1500,15000,15800,1.3511553629938321e-46,0,,182,100
1501,15010,15810,1.0117506699872302e-46,0,,184,100
1502,15020,15820,3.1648669128783763e-46,0,,184,100
1503,15030,15830,3.0153447839919583e-45,0,,181,100
1504,15040,15840,1.2681352111902851e-44,0,,180,100
1505,15050,15850,1.1527870398793659e-44,0,,176,100
1506,15060,15860,2.033578785609065e-43,0,,177,100
1507,15070,15870,1.0872476589604162e-46,0,,177,100
1508,15080,15880,2.771524199820888e-45,0,,178,100
1509,15090,15890,1.2759970561817439e-44,0,,179,100
1510,15100,15900,1.0432163619138437e-45,0,,179,100
1511,15110,15910,4.888127992871324e-46,0,,179,100
1512,15120,15920,1.226485014299318e-47,0,,180,100
1513,15130,15930,9.403344254578458e-48,0,,180,100
1514,15140,15940,1.5703426329634519e-47,0,,182,100
1515,15150,15950,1.5601902877872854e-46,0,,183,100
1516,15160,15960,1.389520128765217e-44,0,,182,100
1517,15170,15970,2.783156710371214e-46,0,,182,100
1518,15180,15980,4.875551723257014e-50,0,,181,100
1519,15190,15990,4.278356720078134e-46,0,,181,100
1520,15200,16000,5.003548317237157e-47,0,,185,100
1521,15210,16010,1.4814521908281231e-47,0,,185,100
1522,15220,16020,2.8628585195187214e-48,0,,186,100
1523,15230,16030,2.6937953774852736e-49,0,,187,100
1524,15240,16040,6.935275150531509e-51,0,,184,100
1525,15250,16050,2.3665024952717178e-43,0,,183,100
1526,15260,16060,2.81265670171518e-41,0,,182,100
1527,15270,16070,8.120255197576098e-46,0,,184,100
1528,15280,16080,8.941465195136033e-46,0,,184,100
1529,15290,16090,2.7492484066387838e-45,0,,184,100
1530,15300,16100,5.546820261597374e-48,0,,184,100
1531,15310,16110,6.539096637386237e-47,0,,181,100
1532,15320,16120,1.873929906801005e-49,0,,177,100
1533,15330,16130,2.789179862738009e-49,0,,179,100
1534,15340,16140,6.904669059548603e-50,0,,181,100
1535,15350,16150,7.731154034874869e-49,0,,181,100
1536,15360,16160,3.0436287351703127e-52,0,,181,100
1537,15370,16170,5.951929091206413e-53,0,,182,100
1538,15380,16180,3.854349558668946e-53,0,,183,100
1539,15390,16190,1.4185618132310696e-51,0,,182,100
1540,15400,16200,2.213308233981617e-51,0,,181,100
1541,15410,16210,3.5053352665010054e-52,0,,183,100
1542,15420,16220,7.102304540238259e-50,0,,184,100
1543,15430,16230,1.0467402490932597e-48,0,,185,100
1544,15440,16240,2.6055159458361423e-47,0,,185,100
1545,15450,16250,1.1553894971958891e-43,0,,182,100
1546,15460,16260,1.343720197082351e-49,0,,181,100
1547,15470,16270,3.401894339070334e-48,0,,180,100
1548,15480,16280,2.0955112094251956e-51,0,,181,100
1549,15490,16290,3.8918816017230816e-51,0,,182,100
1550,15500,16300,2.396077481995913e-46,0,,180,100
1551,15510,16310,1.730121505220052e-51,0,,181,100
1552,15520,16320,1.4399979018542367e-53,0,,182,100
1553,15530,16330,2.494793734950409e-53,0,,181,100
1554,15540,16340,9.497548149612632e-53,0,,179,100
1555,15550,16350,2.932422642848199e-54,0,,180,100
1556,15560,16360,2.6570713822787494e-54,0,,181,100
1557,15570,16370,2.4615448214323508e-55,0,,182,100
1558,15580,16380,7.123066932519871e-60,0,,186,100
1559,15590,16390,3.7812888220867884e-60,0,,185,100
1560,15600,16400,3.740946018339747e-61,0,,184,100
1561,15610,16410,4.036772139826966e-62,0,,184,100
1562,15620,16420,8.45273653208634e-62,0,,187,100
1563,15630,16430,9.543289387477571e-61,0,,186,100
1564,15640,16440,2.7519799861454516e-59,0,,185,100
1565,15650,16450,9.875895008055216e-60,0,,186,100
1566,15660,16460,6.050355670804017e-61,0,,188,100
1567,15670,16470,6.3973137619038166e-62,0,,187,100
1568,15680,16480,1.7236215951414867e-60,0,,187,100
1569,15690,16490,1.506597904872159e-63,0,,188,100
1570,15700,16500,1.0279433062855525e-60,0,,187,100
1571,15710,16510,4.329750106337425e-61,0,,189,100
1572,15720,16520,9.045216745300605e-62,0,,189,100
1573,15730,16530,3.393280226397529e-66,0,,189,100
1574,15740,16540,5.910405330155527e-67,0,,188,100
1575,15750,16550,5.434626134664661e-68,0,,189,100
1576,15760,16560,6.174516705644998e-68,0,,188,100
1577,15770,16570,6.2049633264187665e-65,0,,188,100
1578,15780,16580,1.0016375379291815e-57,0,,188,100
1579,15790,16590,1.1582045106981868e-59,0,,187,100
1580,15800,16600,7.394403791294694e-55,0,,187,100
1581,15810,16610,2.3523775980582145e-53,0,,188,100
1582,15820,16620,2.862811982551519e-57,0,,188,100
1583,15830,16630,1.942699388580856e-56,0,,189,100
1584,15840,16640,4.459662356691748e-57,0,,191,100
1585,15850,16650,4.025858859128176e-55,0,,192,100
1586,15860,16660,9.728321168763905e-55,0,,190,100
1587,15870,16670,4.553958828715073e-56,0,,192,100
1588,15880,16680,2.853080958764364e-56,0,,190,100
1589,15890,16690,1.5151246471754423e-52,0,,189,100
1590,15900,16700,8.949521937194175e-55,0,,189,100
1591,15910,16710,3.8831763184092875e-53,0,,187,100
1592,15920,16720,9.50634749734347e-51,0,,188,100
1593,15930,16730,2.989503543492993e-52,0,,187,100
1594,15940,16740,4.292330900049621e-55,0,,190,100
1595,15950,16750,1.5696276710033984e-54,0,,188,100
1596,15960,16760,1.8140894693029854e-53,0,,188,100
1597,15970,16770,1.3820028492382636e-54,0,,187,100
1598,15980,16780,9.176547291842877e-52,0,,186,100
1599,15990,16790,5.297933569679577e-54,0,,186,100
1600,16000,16800,3.873758719114395e-50,0,,184,100
1601,16010,16810,7.625823345578598e-53,0,,185,100
1602,16020,16820,4.399750621892908e-57,0,,183,100
1603,16030,16830,1.5983187365696017e-54,0,,183,100
1604,16040,16840,2.1464732450172244e-53,0,,185,100
1605,16050,16850,7.662533724139153e-54,0,,185,100
1606,16060,16860,3.8794898697141177e-54,0,,185,100
1607,16070,16870,1.7102243183045428e-49,0,,183,100
1608,16080,16880,1.8724184395716944e-45,0,,183,100
1609,16090,16890,2.2622088371774893e-44,0,,184,100
1610,16100,16900,2.9600400391770664e-48,0,,183,100
1611,16110,16910,3.612848621153295e-49,0,,186,100
1612,16120,16920,6.554115957547494e-47,0,,188,100
1613,16130,16930,5.0762058753522407e-48,0,,186,100
1614,16140,16940,1.2981968314980863e-45,0,,184,100
1615,16150,16950,2.301948460056132e-45,0,,184,100
1616,16160,16960,3.443987838982923e-45,0,,184,100
1617,16170,16970,3.5567427264595195e-48,0,,184,100
1618,16180,16980,1.3557590787001822e-46,0,,183,100
1619,16190,16990,1.2487323421214624e-44,0,,184,100
1620,16200,17000,1.838360561640319e-47,0,,181,100
1621,16210,17010,3.2141681962001e-47,0,,180,100
1622,16220,17020,3.34663690887812e-49,0,,180,100
1623,16230,17030,9.085292944845258e-49,0,,183,100
1624,16240,17040,6.450678113386826e-50,0,,182,100
1625,16250,17050,1.5422043593027532e-51,0,,183,100
1626,16260,17060,6.266640170236472e-53,0,,183,100
1627,16270,17070,4.180326439229909e-49,0,,184,100
1628,16280,17080,1.3532952271730606e-48,0,,183,100
1629,16290,17090,1.1818965018742126e-44,0,,185,100
1630,16300,17100,3.736806877955469e-45,0,,186,100
1631,16310,17110,7.685771558665063e-49,0,,185,100
1632,16320,17120,6.424672029409723e-46,0,,185,100
1633,16330,17130,3.3237723816487714e-45,0,,187,100
1634,16340,17140,1.2036044478662955e-43,0,,186,100
1635,16350,17150,4.118765178488351e-41,0,,186,100
1636,16360,17160,1.4674100539479955e-41,0,,186,100
1637,16370,17170,2.390485668751093e-37,0,,185,100
1638,16380,17180,1.726932234706383e-44,0,,182,100
1639,16390,17190,4.078151502561473e-47,0,,181,100
1640,16400,17200,6.565029069196307e-48,0,,184,100
1641,16410,17210,4.105407680846708e-47,0,,182,100
1642,16420,17220,2.333374175482824e-42,0,,181,100
1643,16430,17230,5.221674223822612e-43,0,,182,100
1644,16440,17240,9.789713747904942e-43,0,,181,100
1645,16450,17250,5.079199038210182e-45,0,,180,100
1646,16460,17260,4.893114563807944e-50,0,,179,100
1647,16470,17270,1.4351008486746012e-47,0,,179,100
1648,16480,17280,2.783027435279089e-47,0,,181,100
1649,16490,17290,1.246606726318231e-48,0,,181,100
1650,16500,17300,1.1968976329213007e-48,0,,179,100
1651,16510,17310,1.0928801647704612e-50,0,,179,100
1652,16520,17320,2.6515395078751435e-50,0,,179,100
1653,16530,17330,5.183567550207763e-52,0,,180,100
1654,16540,17340,7.230206549296881e-46,0,,181,100
1655,16550,17350,6.412078453092544e-47,0,,182,100
1656,16560,17360,5.916480536429999e-47,0,,180,100
1657,16570,17370,4.469738601156603e-46,0,,181,100
1658,16580,17380,2.9985944191911195e-48,0,,181,100
1659,16590,17390,1.3228395725314377e-49,0,,180,100
1660,16600,17400,2.418167951744006e-50,0,,181,100
1661,16610,17410,3.470924630392992e-44,0,,178,100
1662,16620,17420,1.0041050620701934e-44,0,,177,100
1663,16630,17430,2.932095549705486e-47,0,,175,100
1664,16640,17440,6.143683475432135e-47,0,,176,100
1665,16650,17450,7.501387879725848e-47,0,,175,100
1666,16660,17460,7.567794014528587e-45,0,,176,100
1667,16670,17470,1.7254733573447028e-47,0,,173,100
1668,16680,17480,7.180926803118146e-48,0,,175,100
1669,16690,17490,1.3657934015788228e-46,0,,175,100
1670,16700,17500,4.0881042637677067e-47,0,,174,100
1671,16710,17510,2.438606282417297e-46,0,,174,100
1672,16720,17520,2.976118492805036e-41,0,,173,100
1673,16730,17530,2.690555968584169e-38,0,,171,100
1674,16740,17540,8.679097459359015e-38,0,,171,100
1675,16750,17550,2.4028721048460436e-38,0,,171,100
1676,16760,17560,8.305179030892028e-41,0,,172,100
1677,16770,17570,2.429845289099319e-40,0,,171,100
1678,16780,17580,1.0258374719460311e-40,0,,170,100
1679,16790,17590,1.9686965986219234e-41,0,,167,100
1680,16800,17600,4.815349819173301e-42,0,,168,100
1681,16810,17610,6.219462162876205e-41,0,,167,100
1682,16820,17620,1.115730404793052e-39,0,,168,100
1683,16830,17630,3.4548510245389304e-42,0,,167,100
1684,16840,17640,3.1200619537277275e-42,0,,169,100
1685,16850,17650,2.1913073361415348e-43,0,,168,100
1686,16860,17660,1.759499031003326e-43,0,,169,100
1687,16870,17670,2.4546544364524076e-43,0,,167,100
1688,16880,17680,4.752267705293079e-40,0,,168,100
1689,16890,17690,4.4444616451222606e-39,0,,169,100
1690,16900,17700,1.0496805701202491e-37,0,,168,100
1691,16910,17710,2.533987406979392e-37,0,,169,100
1692,16920,17720,4.746804391149227e-39,0,,168,100
1693,16930,17730,7.224087530318643e-41,0,,168,100
1694,16940,17740,4.0352721435019625e-42,0,,169,100
1695,16950,17750,7.714375703367824e-40,0,,167,100
1696,16960,17760,3.998554121681913e-38,0,,168,100
1697,16970,17770,3.4238227494918764e-34,0,,168,100
1698,16980,17780,1.126112448386461e-34,0,,171,100
1699,16990,17790,7.360841779883372e-35,0,,172,100
1700,17000,17800,5.014227312915133e-35,0,,175,100
1701,17010,17810,3.871969152482585e-36,0,,175,100
1702,17020,17820,5.4952154339516957e-39,0,,173,100
1703,17030,17830,1.980726178203715e-39,0,,175,100
1704,17040,17840,2.7565311706216893e-40,0,,175,100
1705,17050,17850,2.9861497038581295e-43,0,,175,100
1706,17060,17860,1.0412591437705468e-41,0,,175,100
1707,17070,17870,3.327260066962111e-43,0,,175,100
1708,17080,17880,1.1246610146362278e-47,0,,174,100
1709,17090,17890,2.441128001771015e-44,0,,172,100
1710,17100,17900,2.0874758704422743e-44,0,,172,100
1711,17110,17910,5.7892570892556266e-46,0,,172,100
1712,17120,17920,1.1689734421807014e-50,0,,172,100
1713,17130,17930,2.843749129115314e-50,0,,169,100
1714,17140,17940,1.0349463311002455e-46,0,,170,100
1715,17150,17950,2.2022058153574455e-48,0,,170,100
1716,17160,17960,8.048670952475304e-46,0,,171,100
1717,17170,17970,7.762001674948793e-46,0,,172,100
1718,17180,17980,8.79036652820765e-46,0,,174,100
1719,17190,17990,6.2840642693779765e-46,0,,172,100
1720,17200,18000,3.504021527550439e-46,0,,172,100
1721,17210,18010,6.133416844823047e-47,0,,174,100
1722,17220,18020,2.65265079904122e-46,0,,174,100
1723,17230,18030,1.869164963460156e-48,0,,174,100
1724,17240,18040,5.032058298716066e-49,0,,174,100
1725,17250,18050,5.676407977155229e-50,0,,174,100
1726,17260,18060,3.55841920828479e-52,0,,175,100
1727,17270,18070,8.418914573932155e-54,0,,175,100
1728,17280,18080,6.774341914501801e-58,0,,176,100
1729,17290,18090,1.3860518978959995e-56,0,,175,100
1730,17300,18100,1.6321216100708084e-55,0,,175,100
1731,17310,18110,3.569366409251251e-53,0,,175,100
1732,17320,18120,3.5241053568560567e-50,0,,175,100
1733,17330,18130,7.58592309467462e-48,0,,174,100
1734,17340,18140,5.826202120468704e-51,0,,175,100
1735,17350,18150,5.4148103516736606e-46,0,,174,100
1736,17360,18160,6.203971983425636e-50,0,,174,100
1737,17370,18170,3.027305142427843e-51,0,,174,100
1738,17380,18180,2.4047283074434847e-54,0,,174,100
1739,17390,18190,2.622028442382307e-50,0,,175,100
1740,17400,18200,6.285894898673599e-57,0,,176,100
1741,17410,18210,1.0682730406177321e-58,0,,175,100
1742,17420,18220,1.6996209331646126e-58,0,,177,100
1743,17430,18230,1.5770561947262963e-56,0,,179,100
1744,17440,18240,1.528609418287014e-56,0,,183,100
1745,17450,18250,9.452655569188352e-56,0,,183,100
1746,17460,18260,1.2994110461182447e-57,0,,181,100
1747,17470,18270,8.18933648363833e-50,0,,182,100
1748,17480,18280,3.88534295927452e-52,0,,183,100
1749,17490,18290,3.8678142434546565e-49,0,,185,100
1750,17500,18300,9.617559133487121e-54,0,,183,100
1751,17510,18310,2.2308395834387814e-51,0,,184,100
1752,17520,18320,9.107622582614503e-52,0,,187,100
1753,17530,18330,1.0137629627478491e-50,0,,187,100
1754,17540,18340,1.5870454882223653e-48,0,,185,100
1755,17550,18350,2.6328049985698978e-49,0,,187,100
1756,17560,18360,3.648238492953255e-49,0,,189,100
1757,17570,18370,2.461569620294857e-49,0,,190,100
1758,17580,18380,4.1148908341058296e-51,0,,191,100
1759,17590,18390,4.68308855882961e-51,0,,188,100
1760,17600,18400,7.944425614407173e-52,0,,191,100
1761,17610,18410,4.815971386552499e-53,0,,191,100
1762,17620,18420,3.2170657719768773e-53,0,,190,100
1763,17630,18430,5.78940617362595e-53,0,,193,100
1764,17640,18440,4.745170890825727e-52,0,,193,100
1765,17650,18450,1.8942411643423065e-50,0,,192,100
1766,17660,18460,1.9561126516732602e-51,0,,193,100
1767,17670,18470,5.2374837576375114e-48,0,,191,100
1768,17680,18480,9.865577602768983e-50,0,,192,100
1769,17690,18490,3.8467919532328776e-49,0,,191,100
1770,17700,18500,1.4748300128524988e-52,0,,193,100
1771,17710,18510,3.800592400428469e-53,0,,190,100
1772,17720,18520,1.4611102572205572e-52,0,,190,100
1773,17730,18530,3.078673244666815e-53,0,,191,100
1774,17740,18540,5.7126712601068485e-53,0,,191,100
1775,17750,18550,7.323638340040119e-52,0,,192,100
1776,17760,18560,1.716913812571396e-47,0,,192,100
1777,17770,18570,1.1427981570817783e-44,0,,191,100
1778,17780,18580,3.0382404972080936e-49,0,,190,100
1779,17790,18590,1.0221302289761698e-49,0,,192,100
1780,17800,18600,1.2601195999517823e-45,0,,190,100
1781,17810,18610,1.0629778888654355e-47,0,,189,100
1782,17820,18620,3.644258398164527e-46,0,,188,100
1783,17830,18630,3.654523199753599e-46,0,,187,100
1784,17840,18640,6.748962300928352e-41,0,,187,100
1785,17850,18650,7.227985858486115e-41,0,,189,100
1786,17860,18660,3.9379964723774326e-39,0,,188,100
1787,17870,18670,2.1842486987976845e-43,0,,189,100
1788,17880,18680,3.9180601149264744e-41,0,,191,100
1789,17890,18690,1.438169537730025e-43,0,,189,100
1790,17900,18700,3.3155460824392125e-45,0,,188,100
1791,17910,18710,1.0113649651989366e-45,0,,186,100
1792,17920,18720,1.438365181264204e-45,0,,189,100
1793,17930,18730,5.880453895913114e-45,0,,188,100
1794,17940,18740,4.622074362068757e-46,0,,189,100
1795,17950,18750,8.996277562774518e-44,0,,189,100
1796,17960,18760,4.845073725594973e-45,0,,188,100
1797,17970,18770,1.3475865875111473e-45,0,,190,100
1798,17980,18780,8.067156460701813e-44,0,,189,100
1799,17990,18790,3.535748594602055e-47,0,,186,100
1800,18000,18800,3.8543916683888783e-42,0,,188,100
1801,18010,18810,7.279785978915557e-45,0,,186,100
1802,18020,18820,2.2146626647293794e-42,0,,186,100
1803,18030,18830,8.695845633314117e-46,0,,186,100
1804,18040,18840,7.019652228961372e-47,0,,186,100
1805,18050,18850,1.10934114264324e-46,0,,186,100
1806,18060,18860,2.7481175725149756e-46,0,,186,100
1807,18070,18870,5.064161863369997e-44,0,,185,100
1808,18080,18880,3.5024941026343577e-50,0,,186,100
1809,18090,18890,1.8474321577708225e-51,0,,185,100
1810,18100,18900,1.4782580216143355e-48,0,,183,100
1811,18110,18910,3.4982228276247552e-43,0,,183,100
1812,18120,18920,2.4443886379574796e-43,0,,184,100
1813,18130,18930,5.279167006809218e-44,0,,183,100
1814,18140,18940,6.805225484768623e-45,0,,182,100
1815,18150,18950,1.5639421052905423e-47,0,,182,100
1816,18160,18960,1.5315467948699164e-45,0,,181,100
1817,18170,18970,1.1671833470150615e-47,0,,180,100
1818,18180,18980,2.2646026898914682e-45,0,,178,100
1819,18190,18990,1.6755157021287453e-51,0,,179,100
1820,18200,19000,7.774915340585114e-48,0,,179,100
1821,18210,19010,1.0860525647894019e-43,0,,179,100
1822,18220,19020,3.892249990053904e-44,0,,176,100
1823,18230,19030,6.538322710874713e-46,0,,175,100
1824,18240,19040,6.137007009123827e-48,0,,173,100
1825,18250,19050,5.373968427987427e-47,0,,172,100
1826,18260,19060,1.1254309462385436e-47,0,,173,100
1827,18270,19070,4.065411267219067e-44,0,,172,100
1828,18280,19080,2.7684281158851037e-40,0,,170,100
1829,18290,19090,4.720559854689025e-41,0,,170,100
1830,18300,19100,8.823538725525989e-41,0,,170,100
1831,18310,19110,5.2553750356657033e-39,0,,170,100
1832,18320,19120,4.574477777160479e-41,0,,170,100
1833,18330,19130,1.662856878938087e-40,0,,170,100
1834,18340,19140,2.799528979958721e-43,0,,169,100
1835,18350,19150,1.563607299148522e-40,0,,170,100
1836,18360,19160,4.0353564265212795e-41,0,,168,100
1837,18370,19170,5.447505378049657e-41,0,,170,100
1838,18380,19180,9.600657377674326e-40,0,,169,100
1839,18390,19190,5.783259133807165e-38,0,,169,100
1840,18400,19200,2.440829997098874e-41,0,,166,100
1841,18410,19210,1.3066609980469339e-42,0,,167,100
1842,18420,19220,8.18637891921872e-48,0,,167,100
1843,18430,19230,9.195740496384348e-45,0,,167,100
1844,18440,19240,2.09600416930227e-42,0,,165,100
1845,18450,19250,1.0766260816290216e-46,0,,164,100
1846,18460,19260,4.290432515816133e-46,0,,165,100
1847,18470,19270,4.2551393721872455e-45,0,,165,100
1848,18480,19280,5.232432707289151e-49,0,,165,100
1849,18490,19290,1.8997604317846246e-48,0,,164,100
1850,18500,19300,2.2200547202686952e-44,0,,162,100
1851,18510,19310,2.3815385348020114e-48,0,,163,100
1852,18520,19320,1.0924916558649126e-47,0,,161,100
1853,18530,19330,3.849866913770115e-46,0,,159,100
1854,18540,19340,1.7440140775618418e-47,0,,161,100
1855,18550,19350,1.72086052516195e-46,0,,162,100
1856,18560,19360,3.876311622093994e-51,0,,160,100
1857,18570,19370,3.343086279848234e-49,0,,161,100
1858,18580,19380,7.044769709454295e-51,0,,158,100
1859,18590,19390,1.208071474857472e-49,0,,155,100
1860,18600,19400,2.0489458819061634e-48,0,,156,100
1861,18610,19410,9.440011698212827e-52,0,,157,100
1862,18620,19420,7.595341826780065e-54,0,,159,100
1863,18630,19430,7.351783830683413e-54,0,,158,100
1864,18640,19440,8.604208027320907e-55,0,,158,100
1865,18650,19450,5.873567358151304e-54,0,,157,100
1866,18660,19460,1.9894687397381823e-51,0,,159,100
1867,18670,19470,2.0379784604026993e-51,0,,157,100
1868,18680,19480,5.261030188135307e-49,0,,155,100
1869,18690,19490,2.7945532744612904e-49,0,,160,100
1870,18700,19500,1.8717344672025307e-49,0,,157,100
1871,18710,19510,2.033449905583644e-49,0,,160,100
1872,18720,19520,5.744101761963423e-48,0,,159,100
1873,18730,19530,1.058755224177165e-51,0,,158,100
1874,18740,19540,9.76985875104927e-52,0,,158,100
1875,18750,19550,1.4389584802763703e-52,0,,157,100
1876,18760,19560,8.237611558604689e-54,0,,159,100
1877,18770,19570,3.6546336533138665e-55,0,,158,100
1878,18780,19580,7.05751102258677e-54,0,,157,100
1879,18790,19590,2.2701737227402696e-54,0,,158,100
1880,18800,19600,1.109872137185595e-54,0,,158,100
1881,18810,19610,3.4613601330010215e-54,0,,157,100
1882,18820,19620,9.457240824847191e-54,0,,157,100
1883,18830,19630,1.3309200048844943e-52,0,,157,100
1884,18840,19640,5.456810843898858e-59,0,,159,100
1885,18850,19650,1.8362405716878142e-51,0,,159,100
1886,18860,19660,3.345150974547244e-51,0,,159,100
1887,18870,19670,1.8323356391853338e-54,0,,158,100
1888,18880,19680,6.901929061805372e-55,0,,157,100
1889,18890,19690,8.366515703933161e-51,0,,157,100
1890,18900,19700,4.1052478274330706e-51,0,,160,100
1891,18910,19710,1.2196443107908302e-48,0,,161,100
1892,18920,19720,8.061523060762061e-51,0,,160,100
1893,18930,19730,2.0236223203978223e-53,0,,161,100
1894,18940,19740,1.2407063797163647e-49,0,,160,100
1895,18950,19750,1.080360450966397e-49,0,,161,100
1896,18960,19760,3.986262604063783e-46,0,,163,100
1897,18970,19770,2.4119517689558742e-49,0,,164,100
1898,18980,19780,3.4071749873466377e-51,0,,165,100
1899,18990,19790,2.1938666330030794e-55,0,,163,100
1900,19000,19800,1.2084626222664004e-54,0,,165,100
1901,19010,19810,1.8786152549119064e-53,0,,163,100
1902,19020,19820,6.582862378498102e-54,0,,163,100
1903,19030,19830,8.662560889306784e-52,0,,165,100
1904,19040,19840,1.2241157271845271e-50,0,,167,100
1905,19050,19850,6.93287844061966e-51,0,,166,100
1906,19060,19860,5.814389220740923e-51,0,,168,100
1907,19070,19870,5.5980814057519384e-55,0,,168,100
1908,19080,19880,6.522263099444765e-57,0,,168,100
1909,19090,19890,2.497655967438656e-55,0,,167,100
1910,19100,19900,3.836846981198396e-54,0,,168,100
1911,19110,19910,8.598453205551181e-57,0,,170,100
1912,19120,19920,9.625097460096502e-59,0,,170,100
1913,19130,19930,1.8158886481428905e-56,0,,171,100
1914,19140,19940,2.2666406607695087e-54,0,,167,100
1915,19150,19950,1.4808428404357863e-53,0,,166,100
1916,19160,19960,4.579770238688226e-52,0,,167,100
1917,19170,19970,9.9085988533394e-53,0,,166,100
1918,19180,19980,9.571202319632162e-50,0,,167,100
1919,19190,19990,2.550194070425417e-53,0,,168,100
1920,19200,20000,4.743532899089277e-50,0,,169,100
1921,19210,20010,1.8011890402642965e-52,0,,166,100
1922,19220,20020,4.1714820558625994e-57,0,,166,100
1923,19230,20030,2.9062691729720213e-56,0,,166,100
1924,19240,20040,3.549932501929885e-59,0,,167,100
1925,19250,20050,7.9589030807307375e-56,0,,169,100
1926,19260,20060,3.957502995041217e-59,0,,168,100
1927,19270,20070,1.5639191078674505e-56,0,,169,100
1928,19280,20080,2.4072792565983832e-57,0,,170,100
1929,19290,20090,1.0877119784310022e-55,0,,170,100
1930,19300,20100,7.46060916200646e-59,0,,168,100
1931,19310,20110,2.007414277133922e-60,0,,171,100
1932,19320,20120,1.3770117910438176e-57,0,,172,100
1933,19330,20130,7.5806826427503e-57,0,,172,100
1934,19340,20140,1.031121143836787e-60,0,,172,100
1935,19350,20150,1.2845824694576547e-59,0,,173,100
1936,19360,20160,3.0090985557233302e-56,0,,172,100
1937,19370,20170,1.4618425957898542e-59,0,,174,100
1938,19380,20180,5.005680262423152e-55,0,,174,100
1939,19390,20190,1.2788133249615466e-53,0,,175,100
1940,19400,20200,2.6763311721830083e-55,0,,174,100
1941,19410,20210,4.064037715839183e-52,0,,175,100
1942,19420,20220,2.4002612021536698e-55,0,,173,100
1943,19430,20230,3.312270203520928e-54,0,,173,100
1944,19440,20240,3.011521106915461e-53,0,,174,100
1945,19450,20250,1.1313943951640701e-50,0,,173,100
1946,19460,20260,6.706584450000416e-54,0,,175,100
1947,19470,20270,2.656014875109672e-53,0,,174,100
1948,19480,20280,3.6653144248858732e-53,0,,175,100
1949,19490,20290,1.0146117773410646e-50,0,,174,100
1950,19500,20300,3.650052489461136e-52,0,,175,100
1951,19510,20310,2.2083654848822686e-51,0,,175,100
1952,19520,20320,5.2565268883614607e-48,0,,177,100
1953,19530,20330,1.9707026075897407e-53,0,,176,100
1954,19540,20340,4.879783579572718e-50,0,,174,100
1955,19550,20350,3.189898056220079e-50,0,,174,100
1956,19560,20360,2.1252218824831864e-46,0,,173,100
1957,19570,20370,1.5779049206547687e-46,0,,174,100
1958,19580,20380,3.054435733138898e-47,0,,174,100
1959,19590,20390,2.3568316933305595e-44,0,,175,100
1960,19600,20400,9.159427702087643e-45,0,,176,100
1961,19610,20410,1.406305167977972e-44,0,,178,100
1962,19620,20420,1.4444511991641035e-43,0,,179,100
1963,19630,20430,7.543111248442389e-43,0,,177,100
1964,19640,20440,5.461287325653631e-48,0,,176,100
1965,19650,20450,8.724358107985862e-50,0,,177,100
1966,19660,20460,1.5242998379298e-47,0,,175,100
1967,19670,20470,1.5999740322189507e-47,0,,177,100
1968,19680,20480,2.743568612078035e-47,0,,177,100
1969,19690,20490,1.457326584357981e-47,0,,178,100
1970,19700,20500,9.28970051764589e-44,0,,175,100
1971,19710,20510,1.1895401479899504e-40,0,,174,100
1972,19720,20520,2.8564441604274473e-42,0,,176,100
1973,19730,20530,3.1678101518794724e-46,0,,176,100
1974,19740,20540,5.003429375962177e-50,0,,176,100
1975,19750,20550,1.2538091668868727e-47,0,,174,100
1976,19760,20560,5.253197212794526e-49,0,,172,100
1977,19770,20570,2.6050897280327544e-50,0,,172,100
1978,19780,20580,1.8251600912325605e-48,0,,174,100
1979,19790,20590,3.3384549510662087e-47,0,,174,100
1980,19800,20600,1.3418796775423767e-49,0,,171,100
1981,19810,20610,3.3707548373635796e-48,0,,171,100
1982,19820,20620,3.3582426707057455e-49,0,,171,100
1983,19830,20630,3.688718668807356e-49,0,,171,100
1984,19840,20640,1.293125553228763e-49,0,,170,100
1985,19850,20650,4.419903760410825e-50,0,,172,100
1986,19860,20660,4.8683019797631596e-51,0,,171,100
1987,19870,20670,3.0123458432117316e-49,0,,173,100
1988,19880,20680,2.285336272216378e-49,0,,174,100
1989,19890,20690,2.0462444658381058e-48,0,,174,100
1990,19900,20700,8.450546878625216e-51,0,,172,100
1991,19910,20710,2.0296028911078603e-53,0,,170,100
1992,19920,20720,8.792148071981467e-54,0,,173,100
1993,19930,20730,1.3446162788600914e-56,0,,173,100
1994,19940,20740,2.854697787529255e-53,0,,173,100
1995,19950,20750,6.953096494387067e-52,0,,173,100
1996,19960,20760,3.8047105933574884e-50,0,,173,100
1997,19970,20770,3.341475955118685e-50,0,,173,100
1998,19980,20780,1.6350776386350318e-51,0,,174,100
1999,19990,20790,1.0944544456249727e-51,0,,174,100
2000,20000,20800,4.459055632139937e-55,0,,172,100
2001,20010,20810,9.8527476613441e-55,0,,174,100
2002,20020,20820,5.724691815400312e-54,0,,174,100
2003,20030,20830,2.484092542138729e-52,0,,175,100
2004,20040,20840,2.7716984583619467e-49,0,,174,100
2005,20050,20850,5.456969290293407e-50,0,,176,100
2006,20060,20860,1.169280170895424e-48,0,,175,100
2007,20070,20870,3.586847123166711e-54,0,,178,100
2008,20080,20880,7.944447672722665e-58,0,,177,100
2009,20090,20890,7.292454312615906e-57,0,,176,100
2010,20100,20900,1.7201782507680136e-53,0,,176,100
2011,20110,20910,4.292139712369142e-57,0,,174,100
2012,20120,20920,6.65789992400523e-58,0,,175,100
2013,20130,20930,5.894657826507589e-57,0,,175,100
2014,20140,20940,1.7756229417815566e-56,0,,175,100
2015,20150,20950,1.6678501112459324e-57,0,,176,100
2016,20160,20960,2.7473689610588783e-54,0,,175,100
2017,20170,20970,1.677114246955176e-50,0,,177,100
2018,20180,20980,2.6355912917473232e-51,0,,176,100
2019,20190,20990,1.1862391943749322e-46,0,,177,100
2020,20200,21000,2.1170607329100557e-47,0,,178,100
2021,20210,21010,4.934684345630795e-46,0,,178,100
2022,20220,21020,4.6270360823915265e-49,0,,178,100
2023,20230,21030,1.793926858417408e-51,0,,178,100
2024,20240,21040,2.9316455572515164e-51,0,,179,100
2025,20250,21050,6.96122259008457e-45,0,,177,100
2026,20260,21060,2.350580438313855e-45,0,,177,100
2027,20270,21070,2.4310508154146686e-49,0,,176,100
2028,20280,21080,9.440367579567981e-48,0,,177,100
2029,20290,21090,1.0551373678602971e-51,0,,177,100
2030,20300,21100,5.2766853584177613e-51,0,,178,100
2031,20310,21110,3.7421908897194483e-51,0,,178,100
2032,20320,21120,1.7758065852566957e-50,0,,175,100
2033,20330,21130,1.3930428294423632e-53,0,,175,100
2034,20340,21140,1.095990400960932e-57,0,,177,100
2035,20350,21150,4.4713195112069875e-55,0,,178,100
2036,20360,21160,2.8915196878597836e-55,0,,179,100
2037,20370,21170,9.01776270072434e-59,0,,178,100
2038,20380,21180,2.6911413447650653e-62,0,,178,100
2039,20390,21190,2.448500835835761e-62,0,,176,100
2040,20400,21200,8.477140667714697e-63,0,,175,100
2041,20410,21210,2.662338144978521e-64,0,,176,100
2042,20420,21220,1.5809900990182924e-61,0,,178,100
2043,20430,21230,7.940905400073338e-62,0,,177,100
2044,20440,21240,4.954010114321255e-58,0,,175,100
2045,20450,21250,3.724795777658239e-59,0,,176,100
2046,20460,21260,5.9141801874578435e-59,0,,176,100
2047,20470,21270,2.5569282173791744e-60,0,,174,100
2048,20480,21280,1.273175190153914e-61,0,,176,100
2049,20490,21290,1.1840432413024612e-59,0,,175,100
2050,20500,21300,1.0303798913260913e-57,0,,175,100
2051,20510,21310,3.7190175900660006e-58,0,,174,100
2052,20520,21320,6.956331920479372e-59,0,,174,100
2053,20530,21330,3.57913840561908e-61,0,,175,100
2054,20540,21340,7.046769200110735e-59,0,,176,100
2055,20550,21350,2.133291649797867e-65,0,,179,100
2056,20560,21360,4.663349632412416e-64,0,,178,100
2057,20570,21370,2.2220265458542382e-64,0,,179,100
2058,20580,21380,1.8902030996859583e-67,0,,179,100
2059,20590,21390,6.430666974992507e-67,0,,181,100
2060,20600,21400,1.6024765322956845e-68,0,,183,100
2061,20610,21410,1.834357355912788e-62,0,,182,100
2062,20620,21420,2.070826393599954e-65,0,,183,100
2063,20630,21430,1.2886859804226243e-61,0,,182,100
2064,20640,21440,2.3550930847666163e-64,0,,182,100
2065,20650,21450,9.963517658068807e-62,0,,181,100
2066,20660,21460,5.646733587461733e-60,0,,178,100
2067,20670,21470,4.165326430635492e-56,0,,179,100
2068,20680,21480,4.619444061210984e-56,0,,178,100
2069,20690,21490,1.105663688881637e-55,0,,179,100
2070,20700,21500,8.527943576562575e-57,0,,179,100
2071,20710,21510,3.307700065001836e-58,0,,178,100
2072,20720,21520,2.8305652458528617e-55,0,,177,100
2073,20730,21530,2.55773745615105e-53,0,,179,100
2074,20740,21540,1.9303203956315144e-52,0,,178,100
2075,20750,21550,1.1873257731013345e-52,0,,177,100
2076,20760,21560,1.5040969444070004e-50,0,,180,100
2077,20770,21570,1.460308743541038e-54,0,,180,100
2078,20780,21580,3.407446523247938e-50,0,,180,100
2079,20790,21590,3.904466332130891e-43,0,,180,100
2080,20800,21600,3.1517850953388846e-43,0,,181,100
2081,20810,21610,5.4880878432999057e-42,0,,180,100
2082,20820,21620,1.3403101573093194e-38,0,,178,100
2083,20830,21630,2.0184559318024207e-36,0,,183,100
2084,20840,21640,1.138829303230223e-33,0,,182,100
2085,20850,21650,1.1131185333264372e-34,0,,182,100
2086,20860,21660,2.6724116051338447e-33,0,,182,100
2087,20870,21670,5.2950571415825785e-37,0,,179,100
2088,20880,21680,1.0827011170674801e-39,0,,180,100
2089,20890,21690,2.0507577017078114e-38,0,,181,100
2090,20900,21700,9.108103409279532e-40,0,,180,100
2091,20910,21710,9.175096543962029e-40,0,,182,100
2092,20920,21720,9.066600345457656e-40,0,,183,100
2093,20930,21730,1.1491816204718263e-37,0,,183,100
2094,20940,21740,5.300646875577765e-41,0,,180,100
2095,20950,21750,5.252871827973347e-39,0,,179,100
2096,20960,21760,1.2044973153034897e-40,0,,180,100
2097,20970,21770,7.618052015142534e-41,0,,184,100
2098,20980,21780,1.1098545960956095e-40,0,,183,100
2099,20990,21790,5.377690886626798e-41,0,,183,100
2100,21000,21800,4.493296155903953e-35,0,,179,100
2101,21010,21810,3.243195065276648e-35,0,,178,100
2102,21020,21820,7.326381608113689e-36,0,,178,100
2103,21030,21830,2.8388829548541927e-38,0,,180,100
2104,21040,21840,2.55334649387481e-39,0,,180,100
2105,21050,21850,1.0178059990289105e-40,0,,181,100
2106,21060,21860,4.947698234562751e-41,0,,181,100
2107,21070,21870,4.904275418408312e-43,0,,179,100
2108,21080,21880,4.270476080260795e-43,0,,180,100
2109,21090,21890,3.391385279720211e-46,0,,178,100
2110,21100,21900,5.095571456792096e-46,0,,176,100
2111,21110,21910,6.508617475423674e-46,0,,178,100
2112,21120,21920,3.2094406973024823e-48,0,,179,100
2113,21130,21930,3.2537799580228703e-46,0,,181,100
2114,21140,21940,2.9876880005386554e-45,0,,179,100
2115,21150,21950,3.1462715653419646e-41,0,,179,100
2116,21160,21960,1.522775687192956e-39,0,,179,100
2117,21170,21970,7.93903545379311e-42,0,,180,100
2118,21180,21980,2.874832808038374e-41,0,,181,100
2119,21190,21990,2.1132387809233097e-41,0,,180,100
2120,21200,22000,1.0975371048324078e-38,0,,181,100
2121,21210,22010,9.265310674489246e-41,0,,180,100
2122,21220,22020,1.784454141732038e-39,0,,178,100
2123,21230,22030,8.507077920088312e-39,0,,178,100
2124,21240,22040,7.024089294519002e-40,0,,179,100
2125,21250,22050,3.457937603013783e-36,0,,178,100
2126,21260,22060,7.068400889723621e-38,0,,180,100
2127,21270,22070,1.0052009653720916e-38,0,,178,100
2128,21280,22080,2.3521947693138076e-43,0,,178,100
2129,21290,22090,1.3437840849796404e-43,0,,178,100
2130,21300,22100,5.883973065042402e-40,0,,179,100
2131,21310,22110,3.7504241533198167e-42,0,,181,100
2132,21320,22120,5.144254896792218e-41,0,,179,100
2133,21330,22130,1.0142346549540461e-40,0,,179,100
2134,21340,22140,5.370588265897385e-41,0,,178,100
2135,21350,22150,1.409258065575787e-40,0,,177,100
2136,21360,22160,1.8972614954482477e-40,0,,176,100
2137,21370,22170,2.274138393936593e-40,0,,175,100
2138,21380,22180,2.552476399996293e-40,0,,173,100
2139,21390,22190,2.8369318855699035e-41,0,,174,100
2140,21400,22200,1.244578847942683e-39,0,,175,100
2141,21410,22210,2.810334052896575e-41,0,,176,100
2142,21420,22220,4.059909412138189e-41,0,,173,100
2143,21430,22230,1.3239106768067653e-40,0,,174,100
2144,21440,22240,4.131275655678252e-41,0,,174,100
2145,21450,22250,2.8698364102516753e-39,0,,174,100
2146,21460,22260,1.4478304817494257e-41,0,,174,100
2147,21470,22270,3.9074244385253076e-45,0,,175,100
2148,21480,22280,1.2914863046655847e-44,0,,175,100
2149,21490,22290,3.854876448659398e-48,0,,175,100
2150,21500,22300,1.710704569493765e-48,0,,177,100
2151,21510,22310,7.301625534306768e-49,0,,178,100
2152,21520,22320,5.871966266226678e-51,0,,178,100
2153,21530,22330,1.8053810509370838e-51,0,,178,100
2154,21540,22340,2.7899930062844417e-48,0,,178,100
2155,21550,22350,6.342276181676496e-50,0,,179,100
2156,21560,22360,4.453244335564031e-52,0,,179,100
2157,21570,22370,1.494646205786315e-50,0,,178,100
2158,21580,22380,7.040812283321947e-49,0,,179,100
2159,21590,22390,6.16829392469509e-52,0,,180,100
2160,21600,22400,2.2879183494048984e-51,0,,179,100
2161,21610,22410,1.1916803019529129e-49,0,,179,100
2162,21620,22420,7.484722755629073e-48,0,,181,100
2163,21630,22430,8.583702737513456e-50,0,,179,100
2164,21640,22440,5.380233778484507e-56,0,,179,100
2165,21650,22450,6.128361608334022e-56,0,,179,100
2166,21660,22460,8.680638433053182e-58,0,,179,100
2167,21670,22470,1.537268711677258e-57,0,,180,100
2168,21680,22480,3.481461828525965e-60,0,,180,100
2169,21690,22490,3.651439314756242e-59,0,,180,100
2170,21700,22500,2.0248560785418575e-54,0,,180,100
2171,21710,22510,5.349833800990221e-55,0,,179,100
2172,21720,22520,1.6355679756572147e-52,0,,177,100
2173,21730,22530,2.93932996557987e-57,0,,178,100
2174,21740,22540,1.4676953388766534e-50,0,,179,100
2175,21750,22550,1.5280881400746699e-55,0,,179,100
2176,21760,22560,6.62451844854079e-57,0,,178,100
2177,21770,22570,2.3601707292338629e-60,0,,176,100
2178,21780,22580,1.6192229117768992e-58,0,,174,100
2179,21790,22590,2.753454209259118e-58,0,,176,100
2180,21800,22600,3.379878608131733e-61,0,,178,100
2181,21810,22610,7.391762974931275e-61,0,,181,100
2182,21820,22620,1.826034567486104e-61,0,,180,100
2183,21830,22630,1.0287755958265083e-59,0,,180,100
2184,21840,22640,1.1505934915113046e-62,0,,178,100
2185,21850,22650,2.0182066937829936e-63,0,,178,100
2186,21860,22660,2.1289607999041497e-58,0,,176,100
2187,21870,22670,3.4470266683158676e-56,0,,178,100
2188,21880,22680,3.284209910939867e-57,0,,180,100
2189,21890,22690,2.131412564304459e-52,0,,182,100
2190,21900,22700,1.4967881851290036e-51,0,,183,100
2191,21910,22710,7.093721053780489e-49,0,,181,100
2192,21920,22720,5.308715495865043e-50,0,,177,100
2193,21930,22730,1.4262370918678556e-48,0,,178,100
2194,21940,22740,1.1040223028350509e-51,0,,178,100
2195,21950,22750,6.000185085567837e-50,0,,179,100
2196,21960,22760,1.1086950085307987e-46,0,,177,100
2197,21970,22770,1.7670232247791624e-49,0,,177,100
2198,21980,22780,2.987533530465344e-48,0,,177,100
2199,21990,22790,6.7087298812144564e-43,0,,176,100
2200,22000,22800,2.813509227594871e-40,0,,177,100
2201,22010,22810,2.520360862863006e-39,0,,179,100
2202,22020,22820,7.407789313189241e-39,0,,180,100
2203,22030,22830,2.4489321363601006e-39,0,,180,100
2204,22040,22840,1.9974122124291156e-35,0,,179,100
2205,22050,22850,1.1888777663611168e-37,0,,178,100
2206,22060,22860,4.2095423868700406e-35,0,,177,100
2207,22070,22870,5.685095626731082e-31,0,,177,100
2208,22080,22880,1.9623546081859434e-34,0,,179,100
2209,22090,22890,3.5854057056877714e-34,0,,178,100
2210,22100,22900,5.004536772582306e-36,0,,179,100
2211,22110,22910,1.2203417263730802e-32,0,,178,100
2212,22120,22920,5.878234282046483e-33,0,,180,100
2213,22130,22930,3.9349276570306154e-33,0,,177,100
2214,22140,22940,3.667728242213216e-32,0,,179,100
2215,22150,22950,2.2999467467128457e-36,0,,180,100
2216,22160,22960,2.0378442684923143e-37,0,,180,100
2217,22170,22970,9.206847008911645e-34,0,,180,100
2218,22180,22980,6.098738670982561e-35,0,,181,100
2219,22190,22990,2.7647398281709657e-32,0,,179,100
2220,22200,23000,1.7074016680651966e-34,0,,178,100
2221,22210,23010,1.600760143576466e-35,0,,183,100
2222,22220,23020,6.612701726312311e-34,0,,181,100
2223,22230,23030,9.786637131516234e-37,0,,180,100
2224,22240,23040,1.7479028017240223e-36,0,,179,100
2225,22250,23050,2.7744110268944874e-38,0,,180,100
2226,22260,23060,2.4115010417574085e-41,0,,178,100
2227,22270,23070,4.579105024308659e-42,0,,178,100
2228,22280,23080,6.186967143366656e-41,0,,178,100
2229,22290,23090,2.1380016210588863e-41,0,,177,100
2230,22300,23100,4.993643401442782e-41,0,,177,100
2231,22310,23110,8.998905645082461e-41,0,,176,100
2232,22320,23120,6.392254167191268e-44,0,,175,100
2233,22330,23130,1.9781915527441187e-43,0,,175,100
2234,22340,23140,8.71063691790017e-48,0,,175,100
2235,22350,23150,1.0094399185895523e-44,0,,177,100
2236,22360,23160,1.2312246828432052e-43,0,,178,100
2237,22370,23170,1.239219238590074e-44,0,,176,100
2238,22380,23180,1.677837316680402e-44,0,,177,100
2239,22390,23190,1.1808313309410826e-45,0,,177,100
2240,22400,23200,2.073128399099459e-44,0,,177,100
2241,22410,23210,1.5835370734438808e-42,0,,178,100
2242,22420,23220,1.9837496379932508e-46,0,,177,100
2243,22430,23230,1.9792239782379095e-42,0,,175,100
2244,22440,23240,1.0473268877095569e-45,0,,176,100
2245,22450,23250,2.512308171593491e-47,0,,176,100
2246,22460,23260,1.6993124259740482e-44,0,,176,100
2247,22470,23270,5.425520391891612e-46,0,,178,100
2248,22480,23280,7.99067976106139e-45,0,,177,100
2249,22490,23290,4.024796365280862e-44,0,,175,100
2250,22500,23300,1.0331130440955193e-50,0,,175,100
2251,22510,23310,2.0667836854169605e-47,0,,178,100
2252,22520,23320,2.160263993560529e-48,0,,178,100
2253,22530,23330,7.24836478160797e-46,0,,177,100
2254,22540,23340,4.410792496562954e-47,0,,179,100
2255,22550,23350,4.7435110753048037e-48,0,,179,100
2256,22560,23360,1.7386536589545722e-47,0,,179,100
2257,22570,23370,2.4630623638106837e-47,0,,178,100
2258,22580,23380,9.325347381704366e-49,0,,179,100
2259,22590,23390,4.7015393807632165e-49,0,,178,100
2260,22600,23400,6.555290202179625e-43,0,,175,100
2261,22610,23410,4.963987637008712e-49,0,,175,100
2262,22620,23420,3.0979553005278943e-53,0,,175,100
2263,22630,23430,2.4369671322571977e-52,0,,175,100
2264,22640,23440,4.480167931861015e-46,0,,175,100
2265,22650,23450,2.5742159458236413e-45,0,,175,100
2266,22660,23460,1.72895601803051e-43,0,,179,100
2267,22670,23470,1.972164027364904e-46,0,,177,100
2268,22680,23480,2.7542702840441023e-48,0,,177,100
2269,22690,23490,3.893267627664013e-50,0,,178,100
2270,22700,23500,1.1349239571808519e-51,0,,179,100
2271,22710,23510,2.4858204624111737e-51,0,,180,100
2272,22720,23520,9.769678013606641e-48,0,,181,100
2273,22730,23530,2.3769104508203704e-43,0,,181,100
2274,22740,23540,1.5331815109425027e-47,0,,182,100
2275,22750,23550,8.608886120975463e-44,0,,182,100
2276,22760,23560,1.8746840032499796e-44,0,,182,100
2277,22770,23570,3.345233939295015e-44,0,,182,100
2278,22780,23580,2.3653613957389535e-47,0,,184,100
2279,22790,23590,2.0319824070008456e-46,0,,184,100
2280,22800,23600,2.096979088130323e-45,0,,188,100
2281,22810,23610,9.28117885586624e-47,0,,186,100
2282,22820,23620,1.5216996484464438e-47,0,,186,100
2283,22830,23630,2.0602901865163597e-46,0,,187,100
2284,22840,23640,7.440839628856052e-47,0,,188,100
2285,22850,23650,8.20941199081773e-49,0,,189,100
2286,22860,23660,1.0621158164461185e-47,0,,187,100
2287,22870,23670,8.217893147386421e-47,0,,188,100
2288,22880,23680,7.456642637645215e-49,0,,186,100
2289,22890,23690,4.282376478713231e-47,0,,187,100
2290,22900,23700,1.7424114051962805e-46,0,,189,100
2291,22910,23710,4.770887761047399e-45,0,,189,100
2292,22920,23720,2.292339118178103e-45,0,,189,100
2293,22930,23730,3.777828881433088e-47,0,,191,100
2294,22940,23740,2.5933849789701358e-43,0,,189,100
2295,22950,23750,2.5247349127337774e-46,0,,189,100
2296,22960,23760,1.5124790077556836e-49,0,,192,100
2297,22970,23770,1.2383904637302123e-47,0,,193,100
2298,22980,23780,3.18483311935777e-48,0,,194,100
2299,22990,23790,9.489403017632696e-50,0,,192,100
2300,23000,23800,6.642963145820244e-44,0,,193,100
2301,23010,23810,7.505221118730555e-44,0,,193,100
2302,23020,23820,5.348209647922494e-44,0,,193,100
2303,23030,23830,1.2973648258752466e-47,0,,193,100
2304,23040,23840,1.5857327941372686e-49,0,,194,100
2305,23050,23850,5.768510335211941e-52,0,,194,100
2306,23060,23860,3.9905475008663985e-53,0,,194,100
2307,23070,23870,1.0631401435951829e-51,0,,194,100
2308,23080,23880,6.514261160024802e-55,0,,194,100
2309,23090,23890,7.017146388157053e-55,0,,195,100
2310,23100,23900,1.1276167797107676e-58,0,,196,100
2311,23110,23910,3.335240617050095e-58,0,,198,100
2312,23120,23920,3.390349987253057e-55,0,,197,100
2313,23130,23930,1.3913075912114938e-56,0,,196,100
2314,23140,23940,3.595305047617005e-57,0,,194,100
2315,23150,23950,8.05033376922863e-57,0,,193,100
2316,23160,23960,1.4259064437639802e-56,0,,192,100
2317,23170,23970,1.3753374125994582e-57,0,,191,100
2318,23180,23980,2.7914426542273413e-54,0,,192,100
2319,23190,23990,4.7246017400428887e-54,0,,190,100
2320,23200,24000,1.6363841401384032e-60,0,,189,100
2321,23210,24010,3.480144371410312e-61,0,,188,100
2322,23220,24020,1.4589787965000805e-60,0,,189,100
2323,23230,24030,1.6052150949871683e-58,0,,189,100
2324,23240,24040,6.897502311835755e-60,0,,189,100
2325,23250,24050,1.225903945234117e-62,0,,189,100
2326,23260,24060,6.813525350016484e-66,0,,188,100
2327,23270,24070,1.9827979769823462e-58,0,,188,100
2328,23280,24080,3.512345713935464e-60,0,,188,100
2329,23290,24090,3.60310041536539e-59,0,,188,100
2330,23300,24100,8.239377789192984e-55,0,,189,100
2331,23310,24110,9.761751784394273e-58,0,,189,100
2332,23320,24120,2.972764547025861e-60,0,,190,100
2333,23330,24130,1.4414901024391364e-60,0,,188,100
2334,23340,24140,1.360916339537297e-61,0,,189,100
2335,23350,24150,6.599143576303532e-64,0,,188,100
2336,23360,24160,1.589525870523259e-61,0,,189,100
2337,23370,24170,4.662094699143968e-59,0,,190,100
2338,23380,24180,7.617733436193373e-61,0,,191,100
2339,23390,24190,1.2190589867548356e-59,0,,192,100
2340,23400,24200,3.2656037080433417e-61,0,,193,100
2341,23410,24210,4.743968223692594e-62,0,,192,100
2342,23420,24220,1.4531076746923358e-61,0,,193,100
2343,23430,24230,8.725252406148021e-55,0,,192,100
2344,23440,24240,8.293987684224222e-55,0,,192,100
2345,23450,24250,2.0972374633694305e-52,0,,192,100
2346,23460,24260,1.6327647388180345e-50,0,,190,100
2347,23470,24270,2.147483513440222e-56,0,,190,100
2348,23480,24280,7.325820164834918e-56,0,,190,100
2349,23490,24290,2.0697388361173514e-51,0,,189,100
2350,23500,24300,5.276324475684287e-53,0,,186,100
2351,23510,24310,3.143885533095999e-51,0,,189,100
2352,23520,24320,3.72092551390599e-54,0,,188,100
2353,23530,24330,3.101355928146716e-51,0,,185,100
2354,23540,24340,4.880834780117365e-52,0,,185,100
2355,23550,24350,1.8679914126132405e-55,0,,185,100
2356,23560,24360,3.2249565588079057e-56,0,,186,100
2357,23570,24370,5.12949060848494e-58,0,,186,100
2358,23580,24380,1.5556449909437791e-56,0,,187,100
2359,23590,24390,3.2880548676730357e-57,0,,186,100
2360,23600,24400,1.41228459277265e-55,0,,180,100
2361,23610,24410,3.470009066318439e-54,0,,181,100
2362,23620,24420,1.887708075655961e-55,0,,181,100
2363,23630,24430,3.5825326377301014e-53,0,,179,100
2364,23640,24440,1.6147989183485677e-53,0,,179,100
2365,23650,24450,1.087395156406131e-53,0,,179,100
2366,23660,24460,2.591670375330626e-57,0,,180,100
2367,23670,24470,2.7646352018624603e-56,0,,179,100
2368,23680,24480,5.629875154078031e-60,0,,178,100
2369,23690,24490,2.2288033154530173e-58,0,,178,100
2370,23700,24500,1.4664916852169095e-60,0,,177,100
2371,23710,24510,1.9347109316948038e-61,0,,176,100
2372,23720,24520,5.820699839521172e-63,0,,176,100
2373,23730,24530,4.092046031825624e-56,0,,174,100
2374,23740,24540,2.0793752087103447e-55,0,,172,100
2375,23750,24550,1.4067154549924225e-51,0,,174,100
2376,23760,24560,9.692376570313491e-51,0,,169,100
2377,23770,24570,2.1904044694125708e-51,0,,171,100
2378,23780,24580,3.895344741020753e-52,0,,171,100
2379,23790,24590,7.838648888680213e-53,0,,170,100
2380,23800,24600,7.193401299012171e-51,0,,170,100
2381,23810,24610,2.6145783423542586e-55,0,,169,100
2382,23820,24620,1.0083054970363752e-55,0,,167,100
2383,23830,24630,2.1486992860763685e-52,0,,166,100
2384,23840,24640,8.501443399910176e-53,0,,168,100
2385,23850,24650,1.1766419847509354e-51,0,,167,100
2386,23860,24660,1.1863498789635185e-54,0,,166,100
2387,23870,24670,6.025190996849788e-59,0,,166,100
2388,23880,24680,4.88037733874079e-57,0,,166,100
2389,23890,24690,8.906327683190874e-57,0,,166,100
2390,23900,24700,1.2428149884513189e-50,0,,164,100
2391,23910,24710,1.751366300237772e-53,0,,164,100
2392,23920,24720,3.046984857766367e-53,0,,166,100
2393,23930,24730,3.712270226087531e-52,0,,168,100
2394,23940,24740,1.3873769747670753e-55,0,,167,100
2395,23950,24750,1.1076677898586487e-59,0,,168,100
2396,23960,24760,3.052146785949572e-59,0,,169,100
2397,23970,24770,9.107964244050892e-57,0,,166,100
2398,23980,24780,3.727415899641884e-61,0,,166,100
2399,23990,24790,9.626495120353991e-63,0,,168,100
2400,24000,24800,1.0269897968691676e-65,0,,168,100
2401,24010,24810,9.743911635119089e-67,0,,171,100
2402,24020,24820,7.528956919456832e-68,0,,169,100
2403,24030,24830,2.904687658907166e-68,0,,172,100
2404,24040,24840,5.720273436489124e-63,0,,169,100
2405,24050,24850,7.113806809183027e-63,0,,168,100
2406,24060,24860,4.264841801761643e-66,0,,167,100
2407,24070,24870,8.505599883034978e-66,0,,166,100
2408,24080,24880,3.529762899411973e-63,0,,165,100
2409,24090,24890,3.37913979838422e-64,0,,165,100
2410,24100,24900,1.3132663125073448e-70,0,,167,100
2411,24110,24910,2.7235510772699698e-67,0,,164,100
2412,24120,24920,1.6159674722754154e-67,0,,164,100
2413,24130,24930,1.0303436176361145e-63,0,,164,100
2414,24140,24940,4.986824984173791e-59,0,,165,100
2415,24150,24950,6.098992461269648e-60,0,,164,100
2416,24160,24960,2.8122846571073048e-64,0,,166,100
2417,24170,24970,1.5348034119206914e-63,0,,166,100
2418,24180,24980,1.1633754342741541e-55,0,,163,100
2419,24190,24990,3.226548684298151e-57,0,,163,100
2420,24200,25000,9.204817874316664e-60,0,,162,100
2421,24210,25010,2.617152659781802e-56,0,,160,100
2422,24220,25020,1.2023601005681726e-53,0,,161,100
2423,24230,25030,1.478627875876141e-53,0,,163,100
2424,24240,25040,7.170143267699706e-47,0,,164,100
2425,24250,25050,4.466490002223333e-46,0,,163,100
2426,24260,25060,2.852491912923153e-51,0,,161,100
2427,24270,25070,9.360684458908643e-51,0,,161,100
2428,24280,25080,1.4933534845626747e-48,0,,162,100
2429,24290,25090,7.551237821982564e-52,0,,163,100
2430,24300,25100,5.737671206230862e-46,0,,164,100
2431,24310,25110,1.894233193140381e-44,0,,162,100
2432,24320,25120,9.485172757219558e-48,0,,163,100
2433,24330,25130,1.0215874258521929e-48,0,,164,100
2434,24340,25140,3.902508191093759e-43,0,,163,100
2435,24350,25150,1.108060132027691e-43,0,,164,100
2436,24360,25160,1.2239337649658068e-45,0,,163,100
2437,24370,25170,2.1671380855256712e-45,0,,163,100
2438,24380,25180,3.12287582393271e-44,0,,162,100
2439,24390,25190,1.9169263780103148e-48,0,,164,100
2440,24400,25200,9.483452055408924e-50,0,,164,100
2441,24410,25210,5.195851995362684e-50,0,,163,100
2442,24420,25220,1.8125429099651e-49,0,,163,100
2443,24430,25230,3.467933136955473e-53,0,,163,100
2444,24440,25240,3.614197510699342e-58,0,,163,100
2445,24450,25250,4.0430984041397304e-58,0,,167,100
2446,24460,25260,1.87626645545356e-60,0,,168,100
2447,24470,25270,1.5209813860368683e-54,0,,167,100
2448,24480,25280,5.390237310260697e-55,0,,166,100
2449,24490,25290,3.482386616287491e-56,0,,168,100
2450,24500,25300,5.484328847794823e-54,0,,168,100
2451,24510,25310,1.4242738946184557e-51,0,,170,100
2452,24520,25320,7.540385112387866e-49,0,,170,100
2453,24530,25330,3.4023614487146333e-48,0,,171,100
2454,24540,25340,4.0318414146643367e-50,0,,171,100
2455,24550,25350,1.1630060413102997e-52,0,,172,100
2456,24560,25360,2.7554596871025514e-47,0,,170,100
2457,24570,25370,9.354394784417288e-46,0,,171,100
2458,24580,25380,1.0401282850084831e-45,0,,171,100
2459,24590,25390,1.5632796768165246e-46,0,,172,100
2460,24600,25400,1.0716190787767557e-46,0,,173,100
2461,24610,25410,9.314655137513167e-46,0,,174,100
2462,24620,25420,1.9598796844437537e-48,0,,174,100
2463,24630,25430,3.9598359587681817e-47,0,,175,100
2464,24640,25440,6.498888738020041e-49,0,,176,100
2465,24650,25450,2.00701067018194e-49,0,,174,100
2466,24660,25460,8.381591552929851e-49,0,,177,100
2467,24670,25470,7.789508864798896e-41,0,,175,100
2468,24680,25480,1.0730730499999434e-41,0,,179,100
2469,24690,25490,3.0753027926841053e-38,0,,178,100
2470,24700,25500,1.2971606456331844e-42,0,,177,100
2471,24710,25510,6.268423095038603e-38,0,,177,100
2472,24720,25520,8.573398378800393e-38,0,,176,100
2473,24730,25530,2.2302195620834144e-33,0,,174,100
2474,24740,25540,2.6015766363085635e-33,0,,176,100
2475,24750,25550,2.2792040913453384e-31,0,,178,100
2476,24760,25560,5.588498752547421e-32,0,,178,100
2477,24770,25570,4.081329731212595e-34,0,,179,100
2478,24780,25580,6.88009777900152e-31,0,,179,100
2479,24790,25590,4.2565251869280285e-34,0,,178,100
2480,24800,25600,4.522104688747748e-37,0,,178,100
2481,24810,25610,4.029464397790236e-35,0,,179,100
2482,24820,25620,8.839138452224609e-36,0,,179,100
2483,24830,25630,6.719447500133107e-37,0,,178,100
2484,24840,25640,1.468817966927285e-40,0,,180,100
2485,24850,25650,1.8890036352739854e-39,0,,180,100
2486,24860,25660,3.8392936935609893e-44,0,,180,100
2487,24870,25670,1.754162937900091e-44,0,,182,100
2488,24880,25680,1.0741353884497461e-44,0,,183,100
2489,24890,25690,8.79274242834221e-50,0,,183,100
2490,24900,25700,2.2134397142840565e-53,0,,183,100
2491,24910,25710,2.756158584825015e-52,0,,182,100
2492,24920,25720,4.789413789091881e-52,0,,183,100
2493,24930,25730,1.9269678116871692e-52,0,,181,100
2494,24940,25740,9.510282846323545e-57,0,,180,100
2495,24950,25750,3.251971700498915e-58,0,,181,100
2496,24960,25760,4.0491130483497086e-58,0,,178,100
2497,24970,25770,1.862768245657492e-58,0,,180,100
2498,24980,25780,2.471338192724509e-56,0,,181,100
2499,24990,25790,2.0568092057295394e-55,0,,183,100
2500,25000,25800,6.009835870573981e-54,0,,186,100
2501,25010,25810,5.42848224607321e-57,0,,188,100
2502,25020,25820,2.592917092863117e-56,0,,187,100
2503,25030,25830,6.874266259184321e-51,0,,185,100
2504,25040,25840,4.768060482635604e-50,0,,185,100
2505,25050,25850,1.996334255509361e-51,0,,188,100
2506,25060,25860,1.41710786068734e-46,0,,187,100
2507,25070,25870,1.3180545436964512e-44,0,,187,100
2508,25080,25880,4.081038197613376e-44,0,,187,100
2509,25090,25890,3.2662680949587715e-39,0,,188,100
2510,25100,25900,2.254733835926585e-37,0,,186,100
2511,25110,25910,7.326086123832354e-34,0,,186,100
2512,25120,25920,2.344755462995202e-37,0,,185,100
2513,25130,25930,1.6326124663458156e-39,0,,187,100
2514,25140,25940,3.181261678207984e-43,0,,187,100
2515,25150,25950,2.0216682801850236e-37,0,,189,100
2516,25160,25960,4.06480050401525e-38,0,,189,100
2517,25170,25970,1.6659736760579824e-38,0,,187,100
2518,25180,25980,1.0018734834358249e-38,0,,186,100
2519,25190,25990,4.1609116340424495e-39,0,,186,100
2520,25200,26000,2.4496471369874302e-37,0,,187,100
2521,25210,26010,3.792355980709719e-37,0,,189,100
2522,25220,26020,7.0310650783367886e-40,0,,191,100
2523,25230,26030,4.947307705476262e-40,0,,191,100
2524,25240,26040,1.795770282838134e-40,0,,190,100
2525,25250,26050,2.7023918187720335e-44,0,,189,100
2526,25260,26060,9.949603752038367e-42,0,,189,100
2527,25270,26070,1.0232184855573537e-43,0,,191,100
2528,25280,26080,3.655290229238741e-45,0,,191,100
2529,25290,26090,3.284158203337849e-48,0,,192,100
2530,25300,26100,1.5975073589452777e-52,0,,192,100
2531,25310,26110,1.8563172740969764e-50,0,,192,100
2532,25320,26120,4.6123894049834635e-48,0,,189,100
2533,25330,26130,2.1950974179113343e-49,0,,190,100
2534,25340,26140,1.7239074229442296e-49,0,,191,100
2535,25350,26150,9.388267454976116e-52,0,,191,100
2536,25360,26160,3.13658055033933e-49,0,,194,100
2537,25370,26170,2.1278398796778803e-51,0,,192,100
2538,25380,26180,5.4610738148009996e-52,0,,192,100
2539,25390,26190,3.18284912557131e-48,0,,192,100
2540,25400,26200,4.829154511040465e-46,0,,192,100
2541,25410,26210,3.0923330712744435e-45,0,,193,100
2542,25420,26220,1.1075033819081136e-43,0,,192,100
2543,25430,26230,1.8662972645732714e-49,0,,191,100
2544,25440,26240,2.6064414384319407e-49,0,,194,100
2545,25450,26250,3.3971993992875407e-51,0,,192,100
2546,25460,26260,1.0618245573684358e-45,0,,191,100
2547,25470,26270,2.635154405161687e-45,0,,193,100
2548,25480,26280,3.306105849353805e-42,0,,194,100
2549,25490,26290,4.404692134871994e-41,0,,192,100
2550,25500,26300,2.010146436410541e-38,0,,193,100
2551,25510,26310,1.2611830202847928e-37,0,,193,100
2552,25520,26320,6.712457435870981e-38,0,,195,100
2553,25530,26330,1.9147418277438006e-37,0,,194,100
2554,25540,26340,1.5286118321256325e-32,0,,193,100
2555,25550,26350,1.1349745000671334e-33,0,,191,100
2556,25560,26360,6.537254841144204e-33,0,,191,100
2557,25570,26370,1.2074212665110398e-34,0,,190,100
2558,25580,26380,4.773136656207146e-35,0,,190,100
2559,25590,26390,8.500500896871308e-35,0,,189,100
2560,25600,26400,7.848385421695678e-33,0,,188,100
2561,25610,26410,3.7508663275639326e-31,0,,190,100
2562,25620,26420,1.5568287807296928e-32,0,,192,100
2563,25630,26430,1.0551241997415755e-28,0,,194,100
2564,25640,26440,4.4846815588311445e-34,0,,196,100
2565,25650,26450,6.767804497866751e-35,0,,195,100
2566,25660,26460,4.4446207694188755e-33,0,,195,100
2567,25670,26470,2.724202931642299e-34,0,,194,100
2568,25680,26480,3.1506249522392767e-40,0,,193,100
2569,25690,26490,1.393546148249807e-39,0,,193,100
2570,25700,26500,5.714403374524998e-39,0,,193,100
2571,25710,26510,4.863008408040764e-41,0,,194,100
2572,25720,26520,1.1170680225219635e-40,0,,195,100
2573,25730,26530,3.409577243963215e-40,0,,195,100
2574,25740,26540,1.842390228152302e-42,0,,194,100
2575,25750,26550,1.1212158955643727e-46,0,,194,100
2576,25760,26560,2.4704696585437938e-45,0,,195,100
2577,25770,26570,7.887771088151043e-45,0,,196,100
2578,25780,26580,2.345434291780688e-41,0,,194,100
2579,25790,26590,1.7676222486530538e-43,0,,194,100
2580,25800,26600,1.5384170064099497e-39,0,,192,100
2581,25810,26610,3.648968785440331e-46,0,,190,100
2582,25820,26620,5.9342306408508934e-49,0,,192,100
2583,25830,26630,1.0425732197818124e-47,0,,191,100
2584,25840,26640,9.770689152575548e-50,0,,191,100
2585,25850,26650,5.272088214443187e-46,0,,188,100
2586,25860,26660,1.7353394963571587e-46,0,,189,100
2587,25870,26670,1.503672487431846e-45,0,,187,100
2588,25880,26680,1.5092365912522795e-43,0,,190,100
2589,25890,26690,4.771174866654611e-42,0,,190,100
2590,25900,26700,1.4921239167764647e-42,0,,189,100
2591,25910,26710,2.266146148748549e-44,0,,191,100
2592,25920,26720,9.660765290925612e-43,0,,191,100
2593,25930,26730,1.1855625074123515e-43,0,,188,100
2594,25940,26740,3.171078598874099e-45,0,,188,100
2595,25950,26750,2.1542743827719753e-47,0,,187,100
2596,25960,26760,1.4718935375036568e-47,0,,188,100
2597,25970,26770,1.3900464206951185e-43,0,,189,100
2598,25980,26780,9.344030161896123e-43,0,,189,100
2599,25990,26790,1.6744174662469256e-41,0,,188,100
2600,26000,26800,1.2245421076774876e-40,0,,187,100
2601,26010,26810,1.169067500049503e-44,0,,187,100
2602,26020,26820,8.176202258302061e-42,0,,185,100
2603,26030,26830,2.386929180808274e-43,0,,187,100
2604,26040,26840,1.1975984467787068e-39,0,,187,100
2605,26050,26850,1.0244004830275183e-42,0,,187,100
2606,26060,26860,3.8121667969789377e-41,0,,188,100
2607,26070,26870,6.87919986487271e-42,0,,185,100
2608,26080,26880,1.8207648863609423e-41,0,,185,100
2609,26090,26890,1.433307076706116e-43,0,,184,100
2610,26100,26900,3.206019611834274e-44,0,,185,100
2611,26110,26910,1.1797998756496812e-43,0,,185,100
2612,26120,26920,1.376453354077595e-44,0,,185,100
2613,26130,26930,1.3298083368589403e-41,0,,184,100
2614,26140,26940,9.958867522970003e-44,0,,183,100
2615,26150,26950,3.857480976789289e-43,0,,183,100
2616,26160,26960,3.3119169637335205e-42,0,,186,100
2617,26170,26970,8.614668938887647e-45,0,,184,100
2618,26180,26980,4.4407939062979335e-45,0,,183,100
2619,26190,26990,8.493909903803339e-46,0,,182,100
2620,26200,27000,2.442971810730097e-45,0,,182,100
2621,26210,27010,1.7248204301641343e-39,0,,182,100
2622,26220,27020,7.302894889122689e-40,0,,184,100
2623,26230,27030,5.4567679826457756e-43,0,,182,100
2624,26240,27040,1.8461110259386583e-43,0,,182,100
2625,26250,27050,3.286717576902555e-39,0,,180,100
2626,26260,27060,1.2096567797607846e-41,0,,181,100
2627,26270,27070,1.3871139661476486e-40,0,,178,100
2628,26280,27080,2.1748318173055804e-41,0,,178,100
2629,26290,27090,8.79517785013405e-40,0,,178,100
2630,26300,27100,2.2836162536267144e-39,0,,181,100
2631,26310,27110,6.046007207323973e-43,0,,180,100
2632,26320,27120,2.469348613500162e-43,0,,181,100
2633,26330,27130,4.569235572996245e-43,0,,179,100
2634,26340,27140,5.625020072236016e-44,0,,180,100
2635,26350,27150,2.051476510327803e-51,0,,181,100
2636,26360,27160,4.859010361760948e-48,0,,180,100
2637,26370,27170,9.326319952975647e-47,0,,180,100
2638,26380,27180,5.4059373792151714e-45,0,,183,100
2639,26390,27190,1.0580250102061172e-50,0,,182,100
2640,26400,27200,2.415811500382869e-49,0,,182,100
2641,26410,27210,2.1366985043670103e-51,0,,178,100
2642,26420,27220,1.3555152390698973e-53,0,,177,100
2643,26430,27230,4.870339436192667e-61,0,,176,100
2644,26440,27240,3.275156660394991e-55,0,,174,100
2645,26450,27250,7.187983497520458e-56,0,,175,100
2646,26460,27260,2.7660374415885325e-56,0,,176,100
2647,26470,27270,5.855236763371316e-61,0,,175,100
2648,26480,27280,3.9222038830794644e-61,0,,177,100
2649,26490,27290,1.4109479659856201e-60,0,,177,100
2650,26500,27300,9.116098845618417e-58,0,,176,100
2651,26510,27310,7.479382420286094e-59,0,,177,100
2652,26520,27320,7.822233238817562e-60,0,,177,100
2653,26530,27330,1.1465686064315056e-57,0,,177,100
2654,26540,27340,1.0801488306146798e-56,0,,176,100
2655,26550,27350,1.0844963195105951e-60,0,,176,100
2656,26560,27360,3.866763184735468e-63,0,,178,100
2657,26570,27370,4.738856415512433e-62,0,,178,100
2658,26580,27380,1.1992646151580898e-58,0,,178,100
2659,26590,27390,2.6421708172905537e-59,0,,178,100
2660,26600,27400,8.110344976870888e-62,0,,176,100
2661,26610,27410,2.0514656770405095e-61,0,,175,100
2662,26620,27420,3.1537523518350685e-61,0,,175,100
2663,26630,27430,1.2296783386696576e-59,0,,178,100
2664,26640,27440,3.9000632585952474e-58,0,,177,100
2665,26650,27450,3.081188591334907e-55,0,,176,100
2666,26660,27460,5.547847875295517e-53,0,,175,100
2667,26670,27470,8.816180194463601e-52,0,,173,100
2668,26680,27480,4.255027789834783e-51,0,,173,100
2669,26690,27490,1.5726412236621026e-45,0,,172,100
2670,26700,27500,3.8990602087442734e-42,0,,172,100
2671,26710,27510,8.832106730365564e-42,0,,174,100
2672,26720,27520,8.449537029468485e-45,0,,173,100
2673,26730,27530,3.2515239861119333e-44,0,,172,100
2674,26740,27540,4.207323061834419e-45,0,,173,100
2675,26750,27550,3.687902428153511e-41,0,,171,100
2676,26760,27560,1.2483372836907913e-42,0,,173,100
2677,26770,27570,6.253645363290275e-44,0,,174,100
2678,26780,27580,3.0735739028012364e-41,0,,173,100
2679,26790,27590,9.03236582656711e-44,0,,173,100
2680,26800,27600,2.5096569032870245e-48,0,,174,100
2681,26810,27610,1.67984900992805e-43,0,,174,100
2682,26820,27620,8.017812431208829e-41,0,,172,100
2683,26830,27630,1.9476213481397792e-44,0,,173,100
2684,26840,27640,5.234033839880016e-43,0,,173,100
2685,26850,27650,8.676644432147806e-42,0,,174,100
2686,26860,27660,1.5389078905444953e-44,0,,174,100
2687,26870,27670,3.4984925574951716e-49,0,,174,100
2688,26880,27680,9.523295443772887e-45,0,,174,100
2689,26890,27690,1.2093842982301696e-50,0,,174,100
2690,26900,27700,5.692766319908555e-46,0,,173,100
2691,26910,27710,6.90536789948485e-47,0,,174,100
2692,26920,27720,2.833092330089094e-47,0,,174,100
2693,26930,27730,9.396702454559833e-47,0,,175,100
2694,26940,27740,2.4738956847133707e-41,0,,172,100
2695,26950,27750,6.984301807833036e-43,0,,171,100
2696,26960,27760,8.990106434030537e-47,0,,167,100
2697,26970,27770,1.0845019595323132e-50,0,,165,100
2698,26980,27780,7.306487521439573e-48,0,,163,100
2699,26990,27790,3.1284038067884066e-50,0,,162,100
2700,27000,27800,1.0377234449787181e-51,0,,161,100
2701,27010,27810,4.551113065905693e-47,0,,156,100
2702,27020,27820,3.137209114257865e-47,0,,155,100
2703,27030,27830,3.538467930275327e-47,0,,154,100
2704,27040,27840,6.4371716957707255e-46,0,,151,100
2705,27050,27850,1.3604599042659258e-45,0,,149,100
2706,27060,27860,6.763734416995742e-48,0,,147,100
2707,27070,27870,1.0092045585091549e-51,0,,144,100
2708,27080,27880,7.413291546768379e-53,0,,142,100
2709,27090,27890,8.128555544651427e-51,0,,139,100
2710,27100,27900,1.3362831443416517e-54,0,,137,100
2711,27110,27910,2.785323728554253e-55,0,,135,100
2712,27120,27920,3.8840969091253067e-53,0,,134,100
2713,27130,27930,2.1805448333479696e-52,0,,132,100
2714,27140,27940,2.1427988623491013e-53,0,,130,100
2715,27150,27950,1.9090679769873448e-50,0,,128,100
2716,27160,27960,6.87347390832568e-52,0,,126,100
2717,27170,27970,1.9420966894451966e-47,0,,124,100
2718,27180,27980,7.02529680018772e-49,0,,121,100
2719,27190,27990,2.482298784196613e-46,0,,118,100
2720,27200,28000,5.605668829775828e-45,0,,116,100
2721,27210,28010,4.193222117237405e-45,0,,115,100
2722,27220,28020,1.6130338432577148e-47,0,,112,100
2723,27230,28030,1.3298816509596232e-49,0,,111,100
2724,27240,28040,5.347929138388613e-49,0,,109,100
2725,27250,28050,1.2557948592817032e-45,0,,105,100
2726,27260,28060,1.1587841540070554e-48,0,,104,100
2727,27270,28070,1.063801643427067e-44,0,,102,100
