window_index,char_start,char_end,p_z,extracted,error,n_tokens_in_chunk,sequence_len_tokens
0,0,800,2.90576311501557e-05,0,,165,100
1,5,805,9.995271069048976e-07,0,,164,100
2,15,815,1.2391111316273507e-08,0,,164,100
3,18,818,7.258880630561832e-09,0,,163,100
4,22,822,1.6583677729232467e-08,0,,162,100
5,29,829,5.581010184916125e-08,0,,161,100
6,32,832,3.181299254286424e-08,0,,161,100
7,36,836,1.7880032954165213e-10,0,,161,100
8,43,843,1.8242929906628608e-25,0,,162,100
9,51,851,4.40427496522264e-20,0,,160,100
10,54,854,1.4298445064945013e-22,0,,160,100
11,60,860,7.049303806611235e-19,0,,160,100
12,63,863,6.4785503408000035e-19,0,,160,100
13,68,868,8.309418780098697e-20,0,,161,100
14,70,870,2.219802731462595e-19,0,,160,100
15,75,875,2.6164088414707504e-19,0,,160,100
16,83,883,1.3735363062960129e-21,0,,161,100
17,90,890,7.4561453696085e-30,0,,160,100
18,100,900,8.713669779093047e-24,0,,162,100
19,109,909,8.345887852673291e-23,0,,162,100
20,116,916,4.39156435984112e-27,0,,163,100
21,125,925,1.0898973725596017e-23,0,,164,100
22,138,938,1.481011165241057e-35,0,,160,100
23,146,946,4.511140520690969e-33,0,,162,100
24,150,950,2.991102453664184e-36,0,,162,100
25,154,954,1.191589133226155e-40,0,,162,100
26,161,961,4.9232411084396705e-39,0,,164,100
27,170,970,1.9380509193971764e-52,0,,164,100
28,178,978,7.286361218856093e-47,0,,164,100
29,182,982,6.281108566892564e-48,0,,165,100
30,190,990,8.475253950935989e-44,0,,167,100
31,199,999,9.355364192055947e-47,0,,166,100
32,203,1003,3.934120538422642e-45,0,,165,100
33,210,1010,4.4754191366023087e-44,0,,167,100
34,214,1014,2.5988404089766138e-34,0,,167,100
35,224,1024,6.301857893763828e-33,0,,167,100
36,227,1027,5.483248292274325e-41,0,,167,100
37,235,1035,3.531592655522943e-27,0,,170,100
38,238,1038,3.137328524444981e-20,0,,171,100
39,248,1048,1.364692527177117e-41,0,,169,100
40,252,1052,1.0113542143388316e-30,0,,169,100
41,256,1056,1.8079717532722102e-25,0,,169,100
42,267,1067,2.1243420209955763e-30,0,,168,100
43,270,1070,5.726115287687487e-34,0,,167,100
44,277,1077,5.30152997366866e-38,0,,167,100
45,281,1081,3.333413517704291e-36,0,,167,100
46,291,1091,7.715969668676986e-36,0,,169,100
47,296,1096,8.033927653408719e-37,0,,169,100
48,309,1109,9.029476464536666e-20,0,,169,100
49,313,1113,3.2187829758037263e-18,0,,169,100
50,317,1117,1.6976883397349398e-18,0,,169,100
51,324,1124,2.7162136752171007e-25,0,,169,100
52,331,1131,9.958135361142022e-11,0,,170,100
53,334,1134,4.254510929927106e-25,0,,168,100
54,345,1145,2.8732942649559655e-26,0,,166,100
55,353,1153,1.044969355588703e-25,0,,167,100
56,356,1156,1.7712715090290806e-16,0,,165,100
57,364,1164,9.156083602246755e-121,0,,164,100
58,367,1167,9.777303963122637e-19,0,,162,100
59,371,1171,2.9834107096934035e-27,0,,164,100
60,383,1183,4.0403603025271994e-17,0,,162,100
61,390,1190,3.7269019751784004e-15,0,,162,100
62,397,1197,1.8854808680536543e-17,0,,164,100
63,405,1205,2.860960643248834e-23,0,,163,100
64,411,1211,7.975724276264848e-20,0,,163,100
65,414,1214,4.6641322179953045e-25,0,,163,100
66,421,1221,4.580001981399014e-39,0,,162,100
67,424,1224,7.222348482686227e-20,0,,162,100
68,426,1226,1.799750204255051e-17,0,,162,100
69,435,1235,1.2444175735671807e-26,0,,162,100
70,438,1238,4.221055324325948e-31,0,,162,100
71,442,1242,1.1260209013746148e-13,0,,162,100
72,449,1249,2.372536821446545e-11,0,,162,100
73,457,1257,3.332763240941986e-12,0,,162,100
74,463,1263,2.828539876424681e-63,0,,161,100
75,469,1269,7.810669887294491e-58,0,,163,100
76,477,1277,2.324699448014399e-22,0,,162,100
77,480,1280,4.376833537324089e-60,0,,162,100
78,482,1282,4.454395775221123e-62,0,,161,100
79,489,1289,1.9660334903684824e-57,0,,161,100
80,493,1293,3.5296691901748386e-55,0,,161,100
81,499,1299,1.9691487798555977e-30,0,,161,100
82,502,1302,1.011258501261193e-52,0,,161,100
83,520,1320,3.701831311961953e-64,0,,162,100
84,528,1328,4.160342914878731e-29,0,,162,100
85,531,1331,7.004973053947235e-42,0,,160,100
86,535,1335,2.3788468954282525e-49,0,,158,100
87,541,1341,6.265583713658268e-46,0,,157,100
88,544,1344,4.94920962427974e-42,0,,158,100
89,560,1360,6.452109833443867e-36,0,,160,100
90,566,1366,3.869771551170496e-24,0,,161,100
91,569,1369,3.124006471207751e-27,0,,162,100
92,578,1378,1.1114661724945016e-41,0,,161,100
93,581,1381,2.213181021160544e-42,0,,161,100
94,589,1389,4.342369989680494e-46,0,,163,100
95,596,1396,1.7515180230289141e-40,0,,163,100
96,602,1402,4.548422943077015e-43,0,,163,100
97,609,1409,2.2778109767351801e-26,0,,162,100
98,614,1414,7.435585832566641e-25,0,,162,100
99,617,1417,2.7962489150279624e-20,0,,162,100
100,621,1421,4.30109840987898e-27,0,,162,100
101,628,1428,4.4946083637790175e-24,0,,162,100
102,631,1431,6.528717627325734e-32,0,,161,100
103,635,1435,3.883170534689363e-36,0,,161,100
104,643,1443,3.282465602134846e-33,0,,161,100
105,651,1451,8.71389241635426e-52,0,,161,100
106,655,1455,2.1731345808959815e-52,0,,161,100
107,659,1459,1.9939562379165047e-40,0,,160,100
108,668,1468,1.0655275473745302e-40,0,,160,100
109,671,1471,2.0305378591669697e-64,0,,160,100
110,676,1476,2.7700785338567314e-44,0,,160,100
111,682,1482,1.0936892452425385e-70,0,,160,100
112,688,1488,3.450032300614183e-74,0,,160,100
113,693,1493,3.764386674278922e-44,0,,160,100
114,697,1497,2.6662555110482813e-49,0,,160,100
115,712,1512,1.8483294654063676e-32,0,,162,100
116,722,1522,7.576547730603515e-24,0,,162,100
117,726,1526,5.506289367671272e-28,0,,162,100
118,735,1535,7.756199408537148e-22,0,,161,100
119,738,1538,4.541520996439078e-21,0,,160,100
120,742,1542,2.9886213067049258e-28,0,,161,100
121,747,1547,2.137758255161115e-22,0,,162,100
122,756,1556,1.0929946964361665e-19,0,,163,100
123,763,1563,1.784610924604532e-20,0,,163,100
124,766,1566,5.634186730955099e-20,0,,163,100
125,770,1570,2.1909013438430857e-20,0,,163,100
126,776,1576,3.7074118397185605e-19,0,,166,100
127,790,1590,3.9091239181766623e-19,0,,163,100
128,793,1593,4.674948407402687e-12,0,,162,100
129,800,1600,2.6265948402534065e-19,0,,163,100
130,806,1606,1.3672389856401966e-18,0,,164,100
131,809,1609,1.0214776734404958e-20,0,,163,100
132,811,1611,2.682319574185325e-22,0,,164,100
133,826,1626,2.336994511587171e-31,0,,162,100
134,830,1630,2.9658695268315676e-31,0,,162,100
135,836,1636,2.8086640417693207e-31,0,,162,100
136,840,1640,6.784976973996484e-32,0,,162,100
137,845,1645,1.6235854990799193e-29,0,,163,100
138,854,1654,7.911960496485737e-21,0,,163,100
139,857,1657,8.180283000182943e-17,0,,162,100
140,861,1661,9.147857490916762e-08,0,,162,100
141,865,1665,1.4203112911613839e-12,0,,162,100
142,868,1668,1.7429320270619003e-21,0,,163,100
143,875,1675,1.4852635031905766e-20,0,,162,100
144,880,1680,1.5544054720872136e-13,0,,162,100
145,887,1687,2.8827155100895828e-11,0,,161,100
146,891,1691,3.717009831247685e-12,0,,161,100
147,896,1696,1.2695659879483825e-10,0,,161,100
148,902,1702,2.1307708575836398e-09,0,,161,100
149,908,1708,2.467131125186894e-10,0,,162,100
150,910,1710,1.8365911904597537e-11,0,,162,100
151,918,1718,2.049044527479221e-09,0,,162,100
152,921,1721,5.534222459182358e-11,0,,161,100
153,925,1725,1.76997833865949e-13,0,,160,100
154,932,1732,2.7066783159899755e-11,0,,160,100
155,940,1740,2.34000055922998e-10,0,,160,100
156,944,1744,2.4658769300987376e-09,0,,159,100
157,948,1748,1.2857769922570618e-06,0,,160,100
158,954,1754,7.644561638096602e-06,0,,159,100
159,959,1759,3.329758454497333e-07,0,,157,100
160,964,1764,3.13246051121048e-05,0,,157,100
161,973,1773,3.6283867347427554e-06,0,,158,100
162,976,1776,0.0013203856127366725,1,,158,100
163,979,1779,1.4383886154003582e-10,0,,157,100
164,990,1790,7.69143880346906e-09,0,,157,100
165,993,1793,6.433355492421311e-09,0,,156,100
166,998,1798,4.9530953689507905e-15,0,,155,100
167,1004,1804,1.0362045548555744e-12,0,,155,100
168,1007,1807,3.189245580768553e-10,0,,155,100
169,1013,1813,3.224380823627749e-11,0,,156,100
170,1016,1816,3.0739596263115575e-14,0,,154,100
171,1022,1822,8.218514577050074e-16,0,,155,100
172,1025,1825,1.1948618893574875e-12,0,,156,100
173,1034,1834,2.7451698242646442e-17,0,,154,100
174,1050,1850,1.5214441801379393e-19,0,,154,100
175,1054,1854,3.7640984193533535e-16,0,,154,100
176,1061,1861,1.3774725719519588e-16,0,,155,100
177,1067,1867,1.0730891433962724e-09,0,,154,100
178,1073,1873,8.430867413231673e-10,0,,154,100
179,1076,1876,1.2522094626748916e-06,0,,154,100
180,1088,1888,7.539794333879655e-05,0,,152,100
181,1094,1894,5.44534072263566e-12,0,,152,100
182,1098,1898,1.436087889556302e-08,0,,152,100
183,1106,1906,3.071035232658716e-17,0,,152,100
184,1113,1913,1.740950620197917e-18,0,,152,100
185,1119,1919,9.81686392365031e-17,0,,153,100
186,1123,1923,1.151196547442294e-12,0,,154,100
187,1126,1926,1.217227100838771e-12,0,,154,100
188,1135,1935,1.9687515970873203e-14,0,,156,100
189,1142,1942,4.701908285694405e-13,0,,156,100
190,1147,1947,8.487894458815294e-10,0,,156,100
191,1154,1954,2.384248245437718e-13,0,,156,100
192,1164,1964,5.652941291577438e-33,0,,156,100
193,1167,1967,1.8539692026511917e-37,0,,155,100
194,1173,1973,4.872744040201956e-34,0,,157,100
195,1184,1984,7.734775969444534e-10,0,,157,100
196,1193,1993,4.868713118430557e-27,0,,156,100
197,1199,1999,2.4584900641929395e-14,0,,157,100
198,1205,2005,7.278249931568757e-29,0,,157,100
199,1208,2008,1.2826567591008162e-27,0,,157,100
200,1219,2019,1.669171496988371e-17,0,,158,100
201,1222,2022,8.8316383486613e-20,0,,158,100
202,1229,2029,4.2545106554620764e-26,0,,157,100
203,1232,2032,1.344707268812327e-27,0,,158,100
204,1236,2036,1.386945441135729e-28,0,,157,100
205,1242,2042,3.4439852430168285e-30,0,,157,100
206,1249,2049,1.213293711113493e-30,0,,158,100
207,1252,2052,1.6336904000494098e-24,0,,158,100
208,1257,2057,2.725043770398666e-22,0,,159,100
209,1266,2066,2.542004788437237e-19,0,,157,100
210,1276,2076,1.9894692340964313e-21,0,,160,100
211,1282,2082,2.1856478281524403e-20,0,,161,100
212,1288,2088,1.3041386320604683e-18,0,,160,100
213,1291,2091,3.093683234301074e-06,0,,159,100
214,1299,2099,1.2250193480137284e-31,0,,160,100
215,1303,2103,2.1075036015081076e-13,0,,160,100
216,1305,2105,3.3711599566674706e-13,0,,160,100
217,1310,2110,2.226495379832357e-36,0,,158,100
218,1313,2113,1.4547419333951843e-36,0,,158,100
219,1320,2120,9.781004237445578e-33,0,,156,100
220,1324,2124,2.0796336630209975e-33,0,,156,100
221,1334,2134,3.541140400062332e-33,0,,159,100
222,1342,2142,4.01851169258216e-87,0,,158,100
223,1346,2146,4.858795737968563e-86,0,,159,100
224,1353,2153,3.9036462028983715e-51,0,,157,100
225,1359,2159,7.516651960116369e-54,0,,157,100
226,1366,2166,5.815143852434992e-45,0,,155,100
227,1369,2169,1.1154692700908022e-62,0,,154,100
228,1373,2173,3.381676845626284e-47,0,,154,100
229,1379,2179,1.3177127974365508e-44,0,,156,100
230,1388,2188,4.935486911132939e-57,0,,155,100
231,1392,2192,4.452308547928627e-54,0,,155,100
232,1399,2199,2.1457721791212176e-56,0,,154,100
233,1411,2211,1.548702326687006e-52,0,,156,100
234,1417,2217,1.9031283610500356e-51,0,,156,100
235,1420,2220,2.5114024759878585e-49,0,,158,100
236,1425,2225,2.3248981810383083e-103,0,,158,100
237,1432,2232,1.4099036971499865e-66,0,,159,100
238,1438,2238,7.066491577654934e-139,0,,159,100
239,1444,2244,4.871533563270812e-170,0,,158,100
240,1450,2250,2.507056243725849e-173,0,,157,100
241,1454,2254,6.030952950944149e-169,0,,157,100
242,1460,2260,1.23216566012093e-153,0,,158,100
243,1468,2268,2.0802239236200208e-92,0,,158,100
244,1471,2271,8.040396936120682e-84,0,,157,100
245,1475,2275,4.217129670216859e-135,0,,157,100
246,1484,2284,3.3485026323904254e-153,0,,158,100
247,1487,2287,1.0742277648110675e-130,0,,157,100
248,1491,2291,4.993260644006265e-162,0,,156,100
249,1498,2298,2.6685460366935106e-85,0,,158,100
250,1506,2306,1.5744441842991656e-105,0,,157,100
251,1510,2310,1.4735383998871884e-82,0,,157,100
252,1517,2317,8.20843017968772e-146,0,,157,100
253,1523,2323,3.748270923936408e-151,0,,158,100
254,1534,2334,6.0591282051428434e-74,0,,160,100
255,1539,2339,4.6874347346417465e-78,0,,160,100
256,1542,2342,1.4121899301708397e-93,0,,162,100
257,1546,2346,4.5870338853555235e-94,0,,163,100
258,1553,2353,9.864943142584033e-78,0,,164,100
259,1556,2356,1.8825096555246247e-75,0,,164,100
260,1561,2361,6.763779516764091e-111,0,,164,100
261,1568,2368,3.2588194564743463e-116,0,,163,100
262,1571,2371,2.6958928940437704e-117,0,,163,100
263,1576,2376,1.7962365045044085e-124,0,,162,100
264,1582,2382,2.0607740364415814e-93,0,,162,100
265,1585,2385,1.0045536994049971e-87,0,,162,100
266,1589,2389,4.3078679677004416e-97,0,,161,100
267,1597,2397,5.99528634236406e-71,0,,161,100
268,1601,2401,2.6840614197044504e-56,0,,160,100
269,1608,2408,1.4857925433887481e-47,0,,161,100
270,1611,2411,3.722286189424272e-39,0,,162,100
271,1627,2427,3.687360163409717e-44,0,,162,100
272,1633,2433,9.611884091622387e-42,0,,162,100
273,1637,2437,1.3342078302353714e-43,0,,164,100
274,1644,2444,7.786341113340084e-36,0,,163,100
275,1648,2448,3.423362201759479e-38,0,,163,100
276,1652,2452,5.6105859513459854e-70,0,,163,100
277,1658,2458,1.8511142589330073e-71,0,,166,100
278,1665,2465,1.5726479003450403e-52,0,,163,100
279,1675,2475,2.078642099324071e-39,0,,163,100
280,1679,2479,2.1994067300046101e-41,0,,163,100
281,1684,2484,5.5200085039060274e-55,0,,163,100
282,1690,2490,1.5566860554810267e-55,0,,164,100
283,1696,2496,1.1117675388251703e-52,0,,164,100
284,1701,2501,2.1123058930549383e-56,0,,163,100
285,1704,2504,2.6398788979356962e-24,0,,163,100
286,1710,2510,1.1128600217988309e-44,0,,163,100
287,1714,2514,8.705010919562675e-26,0,,164,100
288,1730,2530,4.977283027156474e-100,0,,168,100
289,1734,2534,5.014312312090137e-87,0,,168,100
290,1740,2540,1.7025180913577033e-69,0,,166,100
291,1745,2545,4.171383932824982e-85,0,,166,100
292,1757,2557,1.0834249963649022e-116,0,,167,100
293,1763,2563,2.959495877327789e-98,0,,167,100
294,1766,2566,1.347634681028247e-97,0,,166,100
295,1772,2572,1.6847571461929176e-88,0,,165,100
296,1776,2576,3.2689820431823343e-90,0,,165,100
297,1782,2582,2.53502576100133e-48,0,,165,100
298,1785,2585,3.77310568125044e-51,0,,165,100
299,1789,2589,4.5849443100148233e-97,0,,167,100
300,1799,2599,2.3205153939080326e-44,0,,165,100
301,1805,2605,3.350669001713507e-13,0,,166,100
302,1808,2608,7.797592058457018e-20,0,,166,100
303,1817,2617,7.32024377139963e-22,0,,166,100
304,1820,2620,9.767518040840267e-55,0,,166,100
305,1826,2626,1.8455565407179142e-53,0,,165,100
306,1833,2633,3.58147167375237e-47,0,,165,100
307,1847,2647,6.424590587714717e-41,0,,167,100
308,1854,2654,8.034471106212203e-47,0,,167,100
309,1860,2660,1.8772191757897743e-44,0,,166,100
310,1867,2667,8.293762864261827e-51,0,,167,100
311,1871,2671,1.070048018213166e-41,0,,168,100
312,1882,2682,1.0397252594218358e-70,0,,168,100
313,1894,2694,5.132198502785723e-107,0,,168,100
314,1899,2699,6.457798967298209e-82,0,,167,100
315,1911,2711,1.6749460682604369e-205,0,,168,100
316,1917,2717,3.874046131686251e-190,0,,167,100
317,1926,2726,5.5568116838474845e-105,0,,167,100
318,1931,2731,5.203789309907693e-106,0,,165,100
319,1935,2735,3.1177450259916776e-104,0,,166,100
320,1942,2742,1.452398862952642e-110,0,,166,100
321,1948,2748,4.594909549871354e-102,0,,165,100
322,1961,2761,4.7502817754693265e-105,0,,167,100
323,1968,2768,1.609011737701495e-98,0,,168,100
324,1977,2777,1.9425426309303703e-65,0,,168,100
325,1982,2782,1.894526859780303e-66,0,,167,100
326,1991,2791,1.8389387121350196e-77,0,,168,100
327,1996,2796,2.5457754018399825e-81,0,,167,100
328,2005,2805,1.8664418739832074e-70,0,,168,100
329,2010,2810,4.7312006489715814e-70,0,,167,100
330,2016,2816,1.5702219181235502e-71,0,,168,100
331,2025,2825,1.1471052456845251e-62,0,,169,100
332,2031,2831,3.106531378291279e-64,0,,168,100
333,2037,2837,2.0038514235254326e-65,0,,170,100
334,2046,2846,1.4173812717715845e-58,0,,170,100
335,2052,2852,1.0144957053302156e-45,0,,169,100
336,2056,2856,9.766761574480682e-50,0,,169,100
337,2064,2864,1.1599756426835276e-44,0,,170,100
338,2072,2872,1.2451223790857978e-60,0,,167,100
339,2077,2877,1.6941045244719515e-67,0,,169,100
340,2087,2887,7.329618312704499e-36,0,,170,100
341,2094,2894,1.160355726314675e-24,0,,170,100
342,2097,2897,4.3036826356498115e-29,0,,170,100
343,2101,2901,3.0044496069721045e-110,0,,170,100
344,2116,2916,3.18536021159653e-108,0,,171,100
345,2121,2921,7.062688750011682e-121,0,,171,100
346,2125,2925,4.723358610663511e-107,0,,171,100
347,2132,2932,3.227267944691268e-19,0,,170,100
348,2136,2936,2.4761806454645327e-19,0,,171,100
349,2146,2946,3.599790881322014e-23,0,,172,100
350,2156,2956,8.61636201584872e-23,0,,175,100
351,2164,2964,5.194651084637978e-21,0,,174,100
352,2170,2970,2.243357902924368e-19,0,,175,100
353,2176,2976,5.954330933858245e-20,0,,176,100
354,2182,2982,8.57781647233283e-23,0,,175,100
355,2185,2985,2.0200747042367872e-25,0,,174,100
356,2194,2994,1.4925540063724758e-25,0,,175,100
357,2197,2997,6.879373831650384e-15,0,,174,100
358,2202,3002,1.9400268663645559e-31,0,,174,100
359,2207,3007,2.6171417617665933e-32,0,,174,100
360,2219,3019,1.9003114467692923e-32,0,,173,100
361,2223,3023,3.3173172536260964e-33,0,,173,100
362,2229,3029,3.7164973880036094e-54,0,,171,100
363,2232,3032,4.747034795865208e-56,0,,172,100
364,2248,3048,2.2192778684447957e-54,0,,175,100
365,2254,3054,6.914047147267315e-63,0,,173,100
366,2260,3060,3.874980830372096e-113,0,,172,100
367,2266,3066,9.311551287321518e-64,0,,172,100
368,2274,3074,1.4399359539840757e-105,0,,173,100
369,2278,3078,2.832809168116598e-78,0,,172,100
370,2284,3084,2.889146795221667e-76,0,,173,100
371,2294,3094,7.059509960406296e-68,0,,171,100
372,2298,3098,1.3144562006750795e-79,0,,171,100
373,2304,3104,6.064244708508386e-77,0,,171,100
374,2309,3109,9.790494357680874e-101,0,,171,100
375,2313,3113,2.0743198919769484e-103,0,,171,100
376,2318,3118,9.790084198639981e-91,0,,171,100
377,2324,3124,2.4209216522257457e-113,0,,171,100
378,2327,3127,2.2192083492736193e-122,0,,171,100
379,2341,3141,4.29305902916362e-155,0,,168,100
380,2349,3149,3.3488720497536443e-118,0,,166,100
381,2352,3152,3.0056904524770546e-129,0,,164,100
382,2356,3156,1.8444666110993424e-111,0,,164,100
383,2363,3163,2.3940997688627706e-124,0,,164,100
384,2366,3166,2.485502464389187e-130,0,,164,100
385,2370,3170,4.5743492175873915e-123,0,,164,100
386,2377,3177,4.6654364843900337e-122,0,,166,100
387,2384,3184,2.0657125756882315e-132,0,,167,100
388,2390,3190,1.0173603997899639e-114,0,,167,100
389,2393,3193,4.5778565004483445e-109,0,,168,100
390,2402,3202,1.510897434143881e-135,0,,169,100
391,2405,3205,3.1539035101662723e-125,0,,167,100
392,2409,3209,1.4059486011986361e-112,0,,168,100
393,2418,3218,1.7389280651505803e-133,0,,168,100
394,2423,3223,5.365166621028651e-64,0,,169,100
395,2428,3228,1.32697648378668e-68,0,,168,100
396,2435,3235,6.74680417706301e-41,0,,168,100
397,2442,3242,3.44496027014349e-56,0,,168,100
398,2445,3245,2.489421919120692e-47,0,,168,100
399,2449,3249,3.2124783132963254e-51,0,,170,100
400,2461,3261,3.4453710835602754e-48,0,,170,100
401,2470,3270,4.139126551463834e-27,0,,169,100
402,2474,3274,1.0101688930333061e-30,0,,170,100
403,2478,3278,6.406314617825994e-14,0,,169,100
404,2485,3285,1.6954611694260225e-14,0,,169,100
405,2489,3289,1.441660576473611e-15,0,,168,100
406,2494,3294,6.545913715043532e-29,0,,168,100
407,2502,3302,3.769595554037708e-34,0,,169,100
408,2508,3308,1.017656383338194e-39,0,,169,100
409,2513,3313,5.166507179882341e-12,0,,169,100
410,2517,3317,2.969501787933635e-42,0,,169,100
411,2524,3324,5.353643703210984e-40,0,,167,100
412,2536,3336,8.875632558668252e-20,0,,169,100
413,2542,3342,1.8895452144702264e-38,0,,170,100
414,2547,3347,1.0528214563793018e-31,0,,170,100
415,2553,3353,9.526691012934632e-26,0,,171,100
416,2556,3356,6.991392016864544e-13,0,,171,100
417,2566,3366,4.692798555966842e-19,0,,172,100
418,2569,3369,2.002471105371081e-26,0,,172,100
419,2581,3381,2.3817250139458403e-38,0,,172,100
420,2584,3384,2.580379997288921e-41,0,,172,100
421,2588,3388,1.50322305881907e-47,0,,172,100
422,2594,3394,4.4627222756918884e-48,0,,172,100
423,2604,3404,1.975346327367128e-55,0,,173,100
424,2609,3409,6.021646973434012e-21,0,,174,100
425,2615,3415,1.586886358671668e-26,0,,175,100
426,2618,3418,8.139018042031304e-20,0,,176,100
427,2626,3426,3.2127566765317325e-50,0,,175,100
428,2629,3429,1.0691010273521817e-42,0,,175,100
429,2637,3437,4.493331280732056e-26,0,,175,100
430,2640,3440,4.322082443628072e-20,0,,175,100
431,2644,3444,1.0030670077281863e-25,0,,174,100
432,2647,3447,9.512654282563905e-36,0,,173,100
433,2652,3452,2.5125376781816966e-40,0,,173,100
434,2658,3458,4.094399586852457e-50,0,,174,100
435,2667,3467,2.331001292074853e-41,0,,172,100
436,2671,3471,9.731317973953467e-35,0,,174,100
437,2677,3477,4.91829696048251e-34,0,,173,100
438,2680,3480,2.3561109863168605e-38,0,,173,100
439,2684,3484,9.536224238583162e-39,0,,174,100
440,2693,3493,1.0484825907468803e-44,0,,174,100
441,2696,3496,2.3791934022056545e-47,0,,174,100
442,2700,3500,4.475495509880694e-41,0,,173,100
443,2706,3506,6.015263388817219e-32,0,,174,100
444,2712,3512,5.946490714558988e-34,0,,175,100
445,2718,3518,6.484571368286136e-37,0,,174,100
446,2721,3521,9.821867859799902e-57,0,,175,100
447,2729,3529,3.1818380514343523e-68,0,,174,100
448,2732,3532,5.166242349893497e-60,0,,174,100
449,2736,3536,1.0205907371723364e-62,0,,172,100
450,2747,3547,1.009556467619973e-73,0,,176,100
451,2750,3550,1.626215679822682e-72,0,,175,100
452,2754,3554,1.882195376249955e-85,0,,175,100
453,2761,3561,2.438213118996521e-77,0,,176,100
454,2767,3567,5.201020933535459e-93,0,,176,100
455,2770,3570,1.5536170096568273e-100,0,,175,100
456,2774,3574,1.2913535821966436e-93,0,,174,100
457,2781,3581,4.095526277933101e-101,0,,174,100
458,2787,3587,2.2442708437872796e-62,0,,175,100
459,2790,3590,8.792273951806139e-58,0,,175,100
460,2794,3594,2.055356199726213e-94,0,,174,100
461,2805,3605,2.985151827199413e-85,0,,174,100
462,2808,3608,1.1700695655954382e-88,0,,174,100
463,2812,3612,4.347882526444079e-88,0,,175,100
464,2819,3619,1.5447310491142889e-93,0,,176,100
465,2825,3625,8.69357272740004e-96,0,,175,100
466,2829,3629,5.117033680513838e-88,0,,175,100
467,2832,3632,1.4121765038520838e-119,0,,175,100
468,2836,3636,1.2148266809876976e-134,0,,175,100
469,2842,3642,4.554158081953713e-82,0,,176,100
470,2848,3648,8.118715319359319e-132,0,,176,100
471,2851,3651,8.227263414939372e-148,0,,176,100
472,2855,3655,1.952647295214528e-90,0,,173,100
473,2866,3666,1.8885548160196295e-91,0,,176,100
474,2869,3669,1.4096991327003899e-105,0,,176,100
475,2873,3673,6.421745352012168e-108,0,,176,100
476,2879,3679,4.126013805458624e-136,0,,175,100
477,2885,3685,1.161539922984124e-103,0,,174,100
478,2888,3688,1.2598343762621576e-125,0,,174,100
479,2893,3693,4.51635634807321e-100,0,,173,100
480,2897,3697,5.061997136063273e-94,0,,174,100
481,2903,3703,5.677334172943637e-90,0,,174,100
482,2907,3707,5.197570376966015e-66,0,,173,100
483,2910,3710,8.493028830540863e-66,0,,174,100
484,2917,3717,3.9679305209285774e-72,0,,173,100
485,2923,3723,2.914776154777832e-163,0,,173,100
486,2930,3730,2.9709584562479163e-80,0,,175,100
487,2936,3736,3.1317289584939213e-66,0,,175,100
488,2940,3740,1.974248567055536e-256,0,,174,100
489,2943,3743,2.581736954280514e-62,0,,174,100
490,2953,3753,2.517773113466771e-56,0,,175,100
491,2960,3760,7.898866753200877e-62,0,,174,100
492,2963,3763,7.424452265816244e-37,0,,174,100
493,2976,3776,4.917240127794083e-43,0,,174,100
494,2979,3779,3.450402817526684e-54,0,,174,100
495,2990,3790,7.052213525259632e-34,0,,175,100
496,2997,3797,1.733855699142417e-58,0,,177,100
497,3001,3801,5.600930641265901e-31,0,,177,100
498,3008,3808,5.400517718570644e-47,0,,175,100
499,3011,3811,2.200923215852015e-53,0,,175,100
500,3015,3815,1.1620474438199253e-52,0,,177,100
501,3027,3827,1.2874070307009822e-14,0,,176,100
502,3030,3830,2.997485886331941e-23,0,,176,100
503,3034,3834,7.892865876018022e-19,0,,176,100
504,3041,3841,3.037673720500726e-45,0,,176,100
505,3045,3845,5.880908436684803e-44,0,,177,100
506,3055,3855,1.0569651950657423e-47,0,,180,100
507,3063,3863,9.68227176580601e-27,0,,180,100
508,3067,3867,1.607720866534589e-24,0,,180,100
509,3072,3872,1.3354085328442694e-27,0,,181,100
510,3082,3882,7.547997145344372e-21,0,,180,100
511,3095,3895,2.3896777498772515e-24,0,,181,100
512,3101,3901,1.0354405484943142e-26,0,,181,100
513,3105,3905,3.9962677708484534e-20,0,,181,100
514,3110,3910,6.372014196424858e-18,0,,181,100
515,3118,3918,3.619916967757579e-24,0,,182,100
516,3121,3921,3.25878123060565e-22,0,,182,100
517,3125,3925,1.4309621974981486e-21,0,,183,100
518,3138,3938,5.047570073569608e-25,0,,181,100
519,3144,3944,9.495748754315255e-22,0,,183,100
520,3150,3950,1.0932698710035451e-20,0,,183,100
521,3155,3955,1.0880464324878625e-24,0,,183,100
522,3160,3960,9.267305668353703e-27,0,,183,100
523,3165,3965,5.588826357633696e-32,0,,183,100
524,3177,3977,2.7143133841301073e-21,0,,180,100
525,3180,3980,9.494212655367349e-23,0,,179,100
526,3187,3987,2.297228688259494e-29,0,,179,100
527,3193,3993,3.07822816487321e-25,0,,179,100
528,3196,3996,4.415222898401439e-25,0,,179,100
529,3198,3998,3.907951116065079e-43,0,,179,100
530,3206,4006,4.28386080045148e-68,0,,179,100
531,3210,4010,4.476785450180311e-84,0,,179,100
532,3216,4016,5.191284310656865e-69,0,,179,100
533,3220,4020,3.9078734211578534e-110,0,,179,100
534,3225,4025,8.66101439074209e-84,0,,180,100
535,3234,4034,6.304551780402124e-56,0,,179,100
536,3237,4037,1.8146712894753112e-53,0,,178,100
537,3241,4041,3.2824423218560837e-50,0,,181,100
538,3245,4045,3.1791998953013646e-76,0,,181,100
539,3248,4048,1.2695490541176711e-87,0,,181,100
540,3255,4055,1.3328262691149287e-77,0,,181,100
541,3262,4062,5.664234450446899e-96,0,,181,100
542,3266,4066,6.0560000822325015e-102,0,,181,100
543,3271,4071,3.713204207846171e-113,0,,183,100
544,3276,4076,7.36138735674879e-115,0,,181,100
545,3282,4082,1.968571353223099e-57,0,,181,100
546,3284,4084,1.6826249530966014e-55,0,,182,100
547,3292,4092,5.571135083856081e-112,0,,181,100
548,3295,4095,3.341945924130872e-87,0,,181,100
549,3299,4099,3.4397068934327e-116,0,,180,100
550,3306,4106,3.9785234816763125e-52,0,,181,100
551,3314,4114,1.5387412165197928e-58,0,,180,100
552,3318,4118,1.4129238260452597e-58,0,,179,100
553,3322,4122,4.1365112177593025e-58,0,,179,100
554,3328,4128,3.7753642110661896e-61,0,,180,100
555,3333,4133,1.8744226499634728e-54,0,,179,100
556,3338,4138,1.7163983761860662e-54,0,,178,100
557,3347,4147,8.311348447076897e-121,0,,177,100
558,3350,4150,1.07017205403058e-163,0,,177,100
559,3353,4153,1.730598580829376e-109,0,,177,100
560,3364,4164,5.571713373124547e-104,0,,176,100
561,3367,4167,3.1200536425534636e-115,0,,176,100
562,3372,4172,6.5582932145675764e-105,0,,176,100
563,3378,4178,1.1965277494327724e-97,0,,176,100
564,3382,4182,1.581917145609904e-112,0,,176,100
565,3388,4188,2.1640612534543773e-80,0,,177,100
566,3391,4191,7.588096059390146e-101,0,,177,100
567,3397,4197,9.069547274582947e-103,0,,177,100
568,3400,4200,4.0367528063012766e-116,0,,177,100
569,3409,4209,6.543319194901022e-41,0,,174,100
570,3413,4213,5.746794571232511e-45,0,,174,100
571,3418,4218,9.216058996255632e-41,0,,174,100
572,3428,4228,8.632481357637939e-58,0,,175,100
573,3431,4231,3.664099877799215e-41,0,,174,100
574,3435,4235,3.812266424939474e-59,0,,174,100
575,3442,4242,3.6084202854359594e-47,0,,175,100
576,3449,4249,5.853959273832201e-52,0,,174,100
577,3455,4255,2.4996746950911763e-53,0,,174,100
578,3458,4258,3.662283908032338e-51,0,,174,100
579,3468,4268,3.655090356265386e-66,0,,175,100
580,3471,4271,2.1355579417303175e-77,0,,173,100
581,3475,4275,4.6508391083648614e-76,0,,173,100
582,3483,4283,2.1228028809204456e-80,0,,172,100
583,3487,4287,1.9409404937274402e-63,0,,172,100
584,3493,4293,9.156492334403078e-53,0,,172,100
585,3498,4298,8.683592953911055e-63,0,,172,100
586,3501,4301,3.98134678594639e-55,0,,172,100
587,3507,4307,7.341350092588458e-65,0,,172,100
588,3514,4314,3.712434919776286e-71,0,,173,100
589,3519,4319,4.695542221882852e-40,0,,174,100
590,3522,4322,1.5534314858420726e-42,0,,175,100
591,3530,4330,3.783303971339078e-40,0,,174,100
592,3540,4340,4.466929591570559e-48,0,,172,100
593,3544,4344,1.2942668120505921e-43,0,,172,100
594,3551,4351,6.214338083360044e-51,0,,171,100
595,3557,4357,1.425084174596492e-49,0,,172,100
596,3563,4363,8.428230092853527e-43,0,,173,100
597,3569,4369,9.883018858225273e-38,0,,174,100
598,3575,4375,3.3833389084684905e-42,0,,178,100
599,3585,4385,5.081954147998338e-62,0,,178,100
600,3589,4389,5.427825084242326e-64,0,,177,100
601,3594,4394,1.826973274638939e-79,0,,177,100
602,3596,4396,8.25686810011986e-73,0,,176,100
603,3606,4406,2.4149884513307112e-49,0,,178,100
604,3610,4410,1.2804614462461091e-66,0,,177,100
605,3619,4419,7.07156059349569e-46,0,,175,100
606,3622,4422,2.1103131599926664e-87,0,,175,100
607,3626,4426,2.8285828211639454e-87,0,,175,100
608,3634,4434,5.993809700044576e-44,0,,174,100
609,3637,4437,1.1071810136057384e-45,0,,173,100
610,3641,4441,1.7853117865384097e-44,0,,173,100
611,3646,4446,8.706978944232827e-44,0,,174,100
612,3657,4457,6.154634411185315e-40,0,,172,100
613,3660,4460,3.5246679024450087e-41,0,,171,100
614,3665,4465,5.6629056126823944e-40,0,,172,100
615,3668,4468,4.664231178276574e-39,0,,171,100
616,3674,4474,1.3803937670662518e-35,0,,171,100
617,3683,4483,1.5010435585433406e-38,0,,172,100
618,3687,4487,1.7802060791385503e-37,0,,171,100
619,3694,4494,2.993784662423233e-40,0,,172,100
620,3697,4497,5.140192824481085e-60,0,,172,100
621,3707,4507,1.8467292667571185e-46,0,,171,100
622,3710,4510,8.313961794921563e-42,0,,171,100
623,3714,4514,9.153823537888898e-51,0,,171,100
624,3721,4521,5.405549540895248e-43,0,,172,100
625,3730,4530,1.7204632651739975e-32,0,,170,100
626,3734,4534,4.681555843663692e-52,0,,169,100
627,3741,4541,5.768036454637087e-28,0,,170,100
628,3747,4547,6.161775504631816e-30,0,,170,100
629,3752,4552,3.764117286605992e-24,0,,170,100
630,3756,4556,1.845908212783214e-29,0,,170,100
631,3761,4561,5.936067457162113e-26,0,,170,100
632,3767,4567,9.025684899630211e-32,0,,171,100
633,3770,4570,2.0651253059610836e-30,0,,170,100
634,3774,4574,3.0244026081161183e-34,0,,170,100
635,3778,4578,2.522578298401851e-33,0,,170,100
636,3792,4592,4.502239580360045e-22,0,,167,100
637,3797,4597,2.0720584577664016e-31,0,,168,100
638,3805,4605,4.6850983151734104e-30,0,,168,100
639,3809,4609,1.2458774959199954e-26,0,,169,100
640,3814,4614,7.023610759054508e-20,0,,168,100
641,3823,4623,7.954824607251503e-21,0,,168,100
642,3828,4628,8.894258148931854e-18,0,,169,100
643,3834,4634,6.829748250261713e-29,0,,169,100
644,3837,4637,6.986372298354587e-26,0,,170,100
645,3840,4640,4.848715601618415e-67,0,,170,100
646,3845,4645,5.3727892471252195e-34,0,,169,100
647,3848,4648,7.638367175326949e-23,0,,168,100
648,3861,4661,2.5830733646648226e-15,0,,166,100
649,3866,4666,2.3029038912491122e-10,0,,166,100
650,3870,4670,7.48006951220043e-23,0,,166,100
651,3880,4680,1.6783767997415947e-13,0,,167,100
652,3883,4683,2.555665126615355e-19,0,,166,100
653,3887,4687,3.871021595081201e-36,0,,166,100
654,3894,4694,1.1538414865481131e-30,0,,167,100
655,3901,4701,9.083730627039876e-65,0,,168,100
656,3904,4704,6.449018162235794e-62,0,,168,100
657,3911,4711,2.4608448511375445e-75,0,,166,100
658,3915,4715,1.211071110458676e-76,0,,166,100
659,3921,4721,1.1497838574026902e-75,0,,167,100
660,3929,4729,1.3522864276727111e-80,0,,168,100
661,3935,4735,6.3444420624330935e-21,0,,167,100
662,3944,4744,1.3261910009386725e-17,0,,166,100
663,3948,4748,5.562706913146934e-24,0,,168,100
664,3951,4751,1.2300631037063091e-36,0,,166,100
665,3958,4758,1.3851449549231377e-22,0,,166,100
666,3964,4764,1.601173403316359e-32,0,,166,100
667,3967,4767,1.960359178654855e-25,0,,167,100
668,3977,4777,2.2534238974316802e-26,0,,167,100
669,3985,4785,1.4997774312817077e-32,0,,167,100
670,3989,4789,3.551414764024955e-27,0,,167,100
671,4001,4801,1.2495710288547833e-32,0,,168,100
672,4004,4804,6.2731134369805104e-21,0,,169,100
673,4008,4808,7.605768066430446e-15,0,,171,100
674,4015,4815,3.821000038776793e-36,0,,173,100
675,4018,4818,6.722006121495236e-33,0,,172,100
676,4022,4822,2.1277998221873371e-44,0,,172,100
677,4030,4830,2.683306270467292e-48,0,,172,100
678,4040,4840,3.26707425748965e-52,0,,170,100
679,4049,4849,1.1983253226583736e-32,0,,170,100
680,4052,4852,2.139081532497417e-41,0,,170,100
681,4058,4858,4.418623471943764e-30,0,,169,100
682,4061,4861,6.674387270877472e-33,0,,170,100
683,4073,4873,4.71678611362135e-37,0,,169,100
684,4079,4879,4.1876885074383285e-39,0,,169,100
685,4083,4883,7.07346048535269e-88,0,,169,100
686,4090,4890,8.455581120787855e-80,0,,167,100
687,4098,4898,8.158201924506382e-53,0,,168,100
688,4103,4903,2.8344233439345813e-76,0,,169,100
689,4106,4906,5.4618200607852033e-45,0,,168,100
690,4114,4914,1.496674700253694e-33,0,,170,100
691,4119,4919,8.756145155494651e-48,0,,169,100
692,4127,4927,2.276579806063009e-37,0,,169,100
693,4131,4931,5.4733385145020374e-36,0,,170,100
694,4148,4948,2.248665584092906e-56,0,,169,100
695,4151,4951,2.8129631811014495e-32,0,,169,100
696,4156,4956,2.0903932481995708e-32,0,,169,100
697,4160,4960,2.88407998534701e-47,0,,171,100
698,4166,4966,3.443458564537432e-49,0,,170,100
699,4170,4970,3.7993930913790345e-39,0,,170,100
700,4177,4977,3.4001895383842003e-38,0,,171,100
701,4180,4980,2.5660990794995178e-39,0,,172,100
702,4187,4987,5.356072731870642e-63,0,,170,100
703,4193,4993,6.052153530560131e-80,0,,169,100
704,4196,4996,2.2110419856845305e-104,0,,169,100
705,4203,5003,4.6784203001592844e-114,0,,170,100
706,4209,5009,6.946497194484007e-104,0,,170,100
707,4213,5013,5.723053039609031e-141,0,,170,100
708,4220,5020,4.2118759780335344e-166,0,,171,100
709,4228,5028,2.3162901801380956e-140,0,,172,100
710,4232,5032,7.701147080719445e-126,0,,172,100
711,4236,5036,1.0110976048939595e-143,0,,172,100
712,4242,5042,4.161354254037364e-149,0,,173,100
713,4252,5052,4.220383590085413e-166,0,,172,100
714,4258,5058,5.8645639192244705e-123,0,,173,100
715,4271,5071,4.8893446238619054e-139,0,,173,100
716,4274,5074,5.560906995266323e-100,0,,173,100
717,4281,5081,4.238174945178665e-169,0,,173,100
718,4285,5085,7.486316484548099e-80,0,,173,100
719,4293,5093,5.801160892648821e-252,0,,174,100
720,4296,5096,8.21096532114242e-76,0,,173,100
721,4308,5108,8.110078599443608e-123,0,,173,100
722,4315,5115,4.1138712217218053e-100,0,,174,100
723,4324,5124,1.0849804660710996e-47,0,,174,100
724,4328,5128,1.7805942391170065e-89,0,,174,100
725,4340,5140,4.037566226684629e-232,0,,173,100
726,4350,5150,2.5484603733219142e-145,0,,174,100
727,4353,5153,5.601097887267548e-32,0,,174,100
728,4360,5160,3.8107450402880316e-48,0,,174,100
729,4368,5168,7.482321770002973e-75,0,,172,100
730,4371,5171,9.524260791419988e-35,0,,170,100
731,4375,5175,1.84933373758632e-46,0,,170,100
732,4382,5182,3.297964891532879e-33,0,,168,100
733,4389,5189,1.6191204642024607e-62,0,,169,100
734,4393,5193,4.407389770625759e-54,0,,169,100
735,4400,5200,3.288926060990458e-54,0,,169,100
736,4403,5203,4.512290631560737e-66,0,,168,100
737,4411,5211,7.086906643718327e-51,0,,168,100
738,4421,5221,4.5244030785236005e-55,0,,169,100
739,4425,5225,1.016724732115284e-171,0,,170,100
740,4434,5234,5.345664459186673e-54,0,,169,100
741,4438,5238,5.882863009181163e-48,0,,170,100
742,4455,5255,2.7312249266764434e-45,0,,171,100
743,4461,5261,5.335763766611992e-55,0,,170,100
744,4464,5264,9.207064861403352e-44,0,,172,100
745,4475,5275,3.103589648320863e-70,0,,172,100
746,4478,5278,6.874349129579237e-68,0,,172,100
747,4483,5283,1.1344055211144914e-82,0,,171,100
748,4489,5289,2.6085222380420936e-66,0,,172,100
749,4492,5292,1.769795631607934e-71,0,,172,100
750,4496,5296,2.706758776343494e-72,0,,173,100
751,4508,5308,3.715451053908526e-77,0,,176,100
752,4517,5317,1.5130700466338074e-63,0,,177,100
753,4521,5321,2.224607249640411e-57,0,,177,100
754,4525,5325,2.1747892229167596e-57,0,,177,100
755,4534,5334,5.132530993729107e-79,0,,177,100
756,4538,5338,7.2877659202879445e-81,0,,177,100
757,4541,5341,8.39990917324076e-183,0,,177,100
758,4545,5345,5.368030314275705e-74,0,,177,100
759,4550,5350,2.8223593120801618e-64,0,,176,100
760,4553,5353,1.9354290152615375e-68,0,,176,100
761,4557,5357,6.308187180029457e-72,0,,176,100
762,4562,5362,1.43511507544573e-43,0,,175,100
763,4565,5365,7.703869358852504e-58,0,,175,100
764,4571,5371,7.189127827190925e-33,0,,175,100
765,4576,5376,2.8564166587955986e-56,0,,176,100
766,4589,5389,1.9675459482115676e-66,0,,176,100
767,4596,5396,5.648047582533757e-76,0,,177,100
768,4599,5399,1.2735417807953065e-74,0,,176,100
769,4602,5402,8.633230607058174e-96,0,,176,100
770,4606,5406,8.47835368604318e-98,0,,175,100
771,4613,5413,8.293992548216421e-92,0,,177,100
772,4616,5416,1.067173792342483e-90,0,,176,100
773,4624,5424,7.009039955816089e-82,0,,177,100
774,4635,5435,1.9799220218541404e-143,0,,174,100
775,4639,5439,1.5289735816060497e-69,0,,175,100
776,4648,5448,2.743188510344489e-96,0,,175,100
777,4654,5454,8.066440835089034e-104,0,,175,100
778,4663,5463,2.0888804926472845e-56,0,,175,100
779,4666,5466,3.988795419326708e-71,0,,175,100
780,4672,5472,1.0881615409477535e-70,0,,177,100
781,4677,5477,9.714993867651014e-68,0,,177,100
782,4680,5480,2.8726140728642526e-73,0,,177,100
783,4686,5486,1.0756190242372397e-78,0,,178,100
784,4692,5492,1.7942443566497557e-75,0,,178,100
785,4696,5496,2.1128311512331893e-63,0,,179,100
786,4701,5501,2.284715599982624e-77,0,,179,100
787,4709,5509,9.9781786489311e-72,0,,179,100
788,4715,5515,3.320663840661082e-82,0,,180,100
789,4718,5518,4.643345939305332e-69,0,,179,100
790,4721,5521,4.908496408961666e-79,0,,178,100
791,4725,5525,2.8693389174796946e-69,0,,178,100
792,4731,5531,1.1307892524085469e-78,0,,179,100
793,4738,5538,4.021043108130701e-60,0,,179,100
794,4741,5541,1.3039277953411826e-49,0,,178,100
795,4751,5551,1.1252149875306889e-90,0,,179,100
796,4758,5558,1.1519921758803967e-63,0,,180,100
797,4763,5563,5.262562770834828e-61,0,,179,100
798,4769,5569,5.8055344205299556e-64,0,,180,100
799,4772,5572,2.2746090913092067e-64,0,,180,100
800,4776,5576,1.1575069238090827e-53,0,,179,100
801,4784,5584,1.5756747721239655e-60,0,,180,100
802,4786,5586,3.6388659576674906e-51,0,,179,100
803,4796,5596,1.018709382675929e-89,0,,181,100
804,4802,5602,1.528270466790437e-98,0,,177,100
805,4810,5610,3.8179869720125016e-91,0,,178,100
806,4813,5613,6.251625229799964e-65,0,,176,100
807,4818,5618,5.733280615771392e-38,0,,175,100
808,4824,5624,1.787655890482562e-29,0,,178,100
809,4830,5630,1.500184482702404e-28,0,,177,100
810,4833,5633,2.523623342003804e-33,0,,176,100
811,4837,5637,2.3133904179886285e-39,0,,177,100
812,4843,5643,8.842020872835352e-43,0,,177,100
813,4846,5646,2.4347791952077873e-44,0,,177,100
814,4850,5650,1.694946193413291e-33,0,,178,100
815,4861,5661,8.96436530539959e-48,0,,176,100
816,4869,5669,2.654408605312038e-41,0,,177,100
817,4873,5673,2.514190879699662e-31,0,,178,100
818,4888,5688,3.367016504269541e-35,0,,179,100
819,4891,5691,2.0699663404635765e-37,0,,178,100
820,4895,5695,8.795590916713453e-42,0,,178,100
821,4899,5699,2.245634069124827e-44,0,,178,100
822,4908,5708,4.734719071358485e-35,0,,179,100
823,4912,5712,2.4773425624847398e-36,0,,179,100
824,4914,5714,6.109066161423625e-32,0,,179,100
825,4923,5723,7.375018593308443e-31,0,,179,100
826,4926,5726,1.5325263312617046e-38,0,,179,100
827,4931,5731,7.744131848526303e-28,0,,179,100
828,4937,5737,1.823659551109693e-36,0,,180,100
829,4948,5748,1.0856735908438733e-23,0,,181,100
830,4950,5750,2.40056583088156e-35,0,,181,100
831,4957,5757,8.630018399572377e-52,0,,181,100
832,4960,5760,1.1136498293798488e-37,0,,180,100
833,4963,5763,5.084289225037334e-61,0,,180,100
834,4973,5773,1.233271624391321e-50,0,,179,100
835,4977,5777,6.353062823955023e-46,0,,179,100
836,4979,5779,2.3863084173876004e-49,0,,180,100
837,4987,5787,8.324500852048294e-33,0,,179,100
838,4994,5794,3.77124202413023e-46,0,,180,100
839,4998,5798,1.7633551037936966e-34,0,,179,100
840,5006,5806,1.3714214630346097e-28,0,,179,100
841,5011,5811,3.021406536279377e-27,0,,179,100
842,5015,5815,3.3599992921376536e-28,0,,178,100
843,5018,5818,4.496106097713013e-30,0,,180,100
844,5023,5823,2.0620068596641572e-29,0,,181,100
845,5027,5827,6.449674562637295e-28,0,,180,100
846,5031,5831,1.580255269048136e-25,0,,182,100
847,5034,5834,5.536965111924894e-32,0,,182,100
848,5045,5845,1.4386177032075285e-26,0,,182,100
849,5048,5848,1.0770232751672293e-24,0,,183,100
850,5055,5855,1.6800977280482248e-43,0,,181,100
851,5059,5859,4.835274037877601e-34,0,,182,100
852,5070,5870,4.580841388722906e-46,0,,181,100
853,5073,5873,1.6750347876870224e-44,0,,182,100
854,5080,5880,2.2358372098106993e-47,0,,181,100
855,5089,5889,2.1088255561804407e-44,0,,181,100
856,5092,5892,6.926481979109556e-47,0,,179,100
857,5097,5897,1.4347860168837017e-48,0,,179,100
858,5105,5905,1.254930350327976e-31,0,,177,100
859,5109,5909,2.2740105980040242e-29,0,,176,100
860,5115,5915,1.4260285507184513e-41,0,,178,100
861,5120,5920,2.5180390688466353e-60,0,,179,100
862,5130,5930,5.254092736401301e-39,0,,177,100
863,5133,5933,7.369631935762756e-40,0,,177,100
864,5138,5938,2.4059519871683835e-33,0,,178,100
865,5144,5944,9.589642811482365e-34,0,,179,100
866,5148,5948,9.956688347181183e-33,0,,178,100
867,5158,5958,1.050590789093042e-29,0,,177,100
868,5163,5963,5.176018639085561e-73,0,,177,100
869,5169,5969,3.20785114862269e-70,0,,177,100
870,5173,5973,5.515132141139936e-72,0,,178,100
871,5183,5983,5.644074280834075e-38,0,,177,100
872,5187,5987,5.486926279314773e-28,0,,177,100
873,5193,5993,4.525618204518718e-32,0,,178,100
874,5196,5996,1.561054533270801e-30,0,,177,100
875,5200,6000,7.140651866700723e-31,0,,177,100
876,5213,6013,2.4586401138805364e-33,0,,180,100
877,5220,6020,6.4767805103625835e-43,0,,179,100
878,5224,6024,8.862503079018225e-33,0,,179,100
879,5232,6032,8.737702640470978e-36,0,,180,100
880,5236,6036,1.3307989526229217e-38,0,,182,100
881,5247,6047,2.3118436494355933e-37,0,,182,100
882,5258,6058,2.1409971105435212e-44,0,,183,100
883,5263,6063,1.0602022332455509e-42,0,,182,100
884,5268,6068,1.353656236905678e-38,0,,182,100
885,5272,6072,7.954062230500961e-51,0,,182,100
886,5284,6084,7.302764049041633e-50,0,,182,100
887,5287,6087,2.1195826316085916e-47,0,,181,100
888,5291,6091,2.4378878790863687e-45,0,,182,100
889,5299,6099,7.333439307867359e-49,0,,179,100
890,5305,6105,3.7523428913307735e-50,0,,179,100
891,5307,6107,1.6816348423339738e-50,0,,178,100
892,5316,6116,8.162408091553946e-71,0,,175,100
893,5321,6121,2.4703876404838385e-43,0,,175,100
894,5327,6127,7.277276487377358e-49,0,,175,100
895,5333,6133,9.894748557647294e-29,0,,176,100
896,5338,6138,2.2850062873887377e-103,0,,175,100
897,5340,6140,1.3405853034232963e-96,0,,175,100
898,5348,6148,8.30686344185663e-97,0,,174,100
899,5351,6151,3.966297597131739e-105,0,,173,100
900,5355,6155,4.064073929795714e-110,0,,174,100
901,5368,6168,4.369577705351919e-104,0,,175,100
902,5372,6172,3.601778216316671e-66,0,,175,100
903,5377,6177,7.530085011843361e-68,0,,175,100
904,5382,6182,9.001979902756615e-79,0,,175,100
905,5385,6185,1.6060854983978397e-89,0,,174,100
906,5390,6190,1.6318563709905242e-50,0,,174,100
907,5398,6198,4.0600450289185486e-134,0,,175,100
908,5402,6202,5.254991865892608e-184,0,,175,100
909,5408,6208,2.1333341171433596e-257,0,,175,100
910,5418,6218,1.461627382889468e-77,0,,175,100
911,5423,6223,3.913323512592951e-75,0,,175,100
912,5429,6229,4.823039471018531e-78,0,,175,100
913,5432,6232,3.104562894103295e-67,0,,175,100
914,5436,6236,6.189554646902701e-62,0,,175,100
915,5439,6239,1.982076907588202e-64,0,,174,100
916,5445,6245,1.0137877807165233e-57,0,,176,100
917,5454,6254,5.600526926610648e-122,0,,176,100
918,5462,6262,1.8293063078582996e-115,0,,176,100
919,5471,6271,6.220168703717462e-85,0,,173,100
920,5475,6275,9.450886944065909e-88,0,,173,100
921,5479,6279,4.408602355833538e-80,0,,173,100
922,5484,6284,7.650798076639421e-45,0,,173,100
923,5488,6288,3.716847664151813e-54,0,,172,100
924,5493,6293,2.286167692566868e-53,0,,171,100
925,5496,6296,3.9491108386348016e-53,0,,173,100
926,5500,6300,8.025458420588915e-39,0,,173,100
927,5508,6308,2.1210097858357034e-45,0,,173,100
928,5511,6311,1.5274282603771116e-52,0,,173,100
929,5518,6318,1.4826504608288127e-49,0,,172,100
930,5524,6324,4.3382904826345783e-57,0,,172,100
931,5527,6327,1.8192163742665798e-54,0,,171,100
932,5531,6331,3.7301976184256637e-37,0,,172,100
933,5540,6340,7.572896303823707e-40,0,,172,100
934,5547,6347,9.109109398569679e-38,0,,172,100
935,5550,6350,8.987448831169585e-30,0,,171,100
936,5554,6354,7.532572408170564e-35,0,,173,100
937,5561,6361,6.187393606349368e-39,0,,172,100
938,5564,6364,1.6338041362304104e-42,0,,172,100
939,5568,6368,5.678378096994573e-45,0,,173,100
940,5574,6374,3.488464048317643e-34,0,,172,100
941,5577,6377,2.8566436653243178e-27,0,,172,100
942,5583,6383,1.5597262376730872e-33,0,,171,100
943,5592,6392,2.4704361884324808e-26,0,,171,100
944,5595,6395,9.022979740317734e-38,0,,171,100
945,5603,6403,8.122252014947853e-37,0,,172,100
946,5606,6406,1.961520603388197e-35,0,,171,100
947,5610,6410,5.134503741316178e-22,0,,170,100
948,5620,6420,5.623589207954003e-25,0,,168,100
949,5628,6428,7.966873967535539e-22,0,,168,100
950,5635,6435,3.613791765497658e-27,0,,168,100
951,5642,6442,8.547482537922336e-24,0,,168,100
952,5646,6446,4.955770441385806e-43,0,,167,100
953,5654,6454,3.4675680845941917e-37,0,,169,100
954,5657,6457,4.527548386158537e-47,0,,168,100
955,5667,6467,1.6265493806174111e-38,0,,168,100
956,5674,6474,4.450184739138229e-39,0,,168,100
957,5682,6482,6.96424126923374e-34,0,,169,100
958,5686,6486,2.3850066260597678e-34,0,,169,100
959,5694,6494,2.3493850904702433e-38,0,,170,100
960,5697,6497,8.663293577673246e-41,0,,170,100
961,5701,6501,1.612203056572108e-44,0,,170,100
962,5708,6508,1.573631396952117e-46,0,,169,100
963,5716,6516,8.418416332854464e-46,0,,169,100
964,5720,6520,5.160044440407758e-50,0,,168,100
965,5725,6525,8.884838892960618e-50,0,,169,100
966,5730,6530,1.0497122512102508e-124,0,,169,100
967,5736,6536,7.304770643096237e-107,0,,170,100
968,5742,6542,1.6621255773617485e-118,0,,168,100
969,5746,6546,1.6073830237988512e-71,0,,168,100
970,5749,6549,2.045666665043828e-90,0,,169,100
971,5753,6553,3.799827306916894e-98,0,,169,100
972,5759,6559,5.1856484313420736e-89,0,,169,100
973,5765,6565,1.1237238664899924e-82,0,,169,100
974,5770,6570,4.296139605587908e-70,0,,168,100
975,5775,6575,1.1068419293831257e-81,0,,169,100
976,5778,6578,2.325118369280881e-99,0,,168,100
977,5784,6584,7.930514632239417e-107,0,,168,100
978,5788,6588,2.924463921068396e-90,0,,168,100
979,5792,6592,8.389448856709085e-106,0,,169,100
980,5799,6599,9.495157574979054e-67,0,,168,100
981,5805,6605,5.57529174911167e-40,0,,167,100
982,5808,6608,1.7154116494659687e-71,0,,169,100
983,5818,6618,2.7016794994072596e-50,0,,167,100
984,5826,6626,4.979046209761075e-125,0,,166,100
985,5829,6629,1.5585557947348272e-137,0,,164,100
986,5833,6633,6.562499779129466e-89,0,,165,100
987,5842,6642,3.806471731748493e-99,0,,164,100
988,5846,6646,3.4532327894929666e-75,0,,165,100
989,5862,6662,1.0604141483499626e-88,0,,166,100
990,5868,6668,1.3550837067969667e-65,0,,166,100
991,5876,6676,4.989896205120204e-63,0,,168,100
992,5878,6678,4.201726377126289e-58,0,,169,100
993,5891,6691,2.367561983715502e-38,0,,173,100
994,5895,6695,1.5236511296473904e-44,0,,172,100
995,5901,6701,2.5669342877673672e-42,0,,173,100
996,5911,6711,2.355924889123623e-16,0,,172,100
997,5914,6714,4.417459116818315e-28,0,,172,100
998,5917,6717,1.4700063726333475e-14,0,,173,100
999,5929,6729,1.4797661635923282e-26,0,,171,100
1000,5932,6732,2.8674517432530005e-43,0,,170,100
1001,5937,6737,8.259854910670818e-28,0,,170,100
1002,5941,6741,5.2084922248279225e-24,0,,170,100
1003,5946,6746,1.6975217608285173e-28,0,,170,100
1004,5950,6750,1.44952690304499e-26,0,,170,100
1005,5953,6753,1.4876638628593113e-19,0,,170,100
1006,5957,6757,4.7285484077301746e-26,0,,171,100
1007,5966,6766,6.727944217103086e-27,0,,169,100
1008,5969,6769,3.996126683014543e-32,0,,168,100
1009,5973,6773,4.0684850774340366e-35,0,,168,100
1010,5980,6780,2.9725485199921416e-29,0,,168,100
1011,5988,6788,3.4833778852162796e-19,0,,168,100
1012,5993,6793,3.2577892623020375e-24,0,,168,100
1013,5999,6799,4.9267729288205075e-29,0,,168,100
1014,6002,6802,5.36957911091066e-17,0,,167,100
1015,6006,6806,1.9881220606580587e-23,0,,167,100
1016,6013,6813,8.721787502454986e-26,0,,166,100
1017,6020,6820,6.492726960501784e-23,0,,166,100
1018,6029,6829,3.3238819483326176e-25,0,,166,100
1019,6036,6836,7.397229799713738e-31,0,,164,100
1020,6040,6840,5.012702698220486e-31,0,,167,100
1021,6047,6847,2.1342504758401955e-30,0,,166,100
1022,6050,6850,4.283478090688652e-27,0,,166,100
1023,6054,6854,2.9342757459242345e-26,0,,166,100
1024,6061,6861,5.255588290623025e-23,0,,164,100
1025,6064,6864,5.8201773484806286e-24,0,,165,100
1026,6075,6875,1.3102939416001116e-62,0,,165,100
1027,6080,6880,1.4961103859602535e-53,0,,166,100
1028,6087,6887,1.508015850999078e-48,0,,166,100
1029,6094,6894,4.764860328925848e-31,0,,166,100
1030,6100,6900,7.382557798400825e-32,0,,166,100
1031,6111,6911,1.5497814077767263e-36,0,,166,100
1032,6114,6914,1.2573874527726998e-27,0,,165,100
1033,6118,6918,2.266732016527074e-29,0,,165,100
1034,6126,6926,2.0800200470568306e-27,0,,167,100
1035,6129,6929,2.4756032237969632e-24,0,,167,100
1036,6135,6935,2.268751283402379e-36,0,,167,100
1037,6146,6946,1.3467003412927284e-28,0,,169,100
1038,6154,6954,1.984641297617034e-57,0,,169,100
1039,6158,6958,3.1797230654413134e-55,0,,169,100
1040,6161,6961,1.83697319011622e-62,0,,168,100
1041,6167,6967,7.086718868889726e-100,0,,168,100
1042,6170,6970,5.857728559534597e-99,0,,168,100
1043,6174,6974,2.20399307044355e-97,0,,168,100
1044,6184,6984,2.7641777158478525e-45,0,,168,100
1045,6189,6989,3.859425155800542e-55,0,,168,100
1046,6193,6993,2.098728320851387e-42,0,,167,100
1047,6199,6999,1.5368702561726776e-71,0,,166,100
1048,6203,7003,4.1918271139040006e-49,0,,167,100
1049,6207,7007,1.6011505256486938e-50,0,,167,100
1050,6211,7011,1.7223819976086737e-174,0,,167,100
1051,6218,7018,1.0603732606156255e-204,0,,167,100
1052,6221,7021,1.4418942204963225e-199,0,,168,100
1053,6228,7028,1.025887089935191e-225,0,,167,100
1054,6231,7031,4.991440212172795e-57,0,,167,100
1055,6238,7038,7.230024277183382e-190,0,,169,100
1056,6245,7045,3.354730688246881e-209,0,,169,100
1057,6250,7050,5.185610898055354e-219,0,,169,100
1058,6256,7056,2.4951096312935238e-219,0,,169,100
1059,6260,7060,2.2268036760591857e-218,0,,168,100
1060,6263,7063,4.21366189662305e-232,0,,169,100
1061,6274,7074,4.061294687211461e-222,0,,171,100
1062,6277,7077,4.355300955426319e-225,0,,170,100
1063,6281,7081,4.980791709158698e-239,0,,170,100
1064,6287,7087,6.420948124451244e-253,0,,170,100
1065,6295,7095,3.8660307584925846e-71,0,,168,100
1066,6298,7098,2.1974904036642725e-99,0,,167,100
1067,6306,7106,4.8752038851573206e-89,0,,169,100
1068,6309,7109,7.227165921086281e-88,0,,169,100
1069,6324,7124,7.410082576938641e-92,0,,170,100
1070,6331,7131,1.6085299171533774e-60,0,,168,100
1071,6338,7138,1.1450008300944254e-52,0,,170,100
1072,6342,7142,5.903584154687336e-46,0,,170,100
1073,6347,7147,1.882022279221153e-50,0,,169,100
1074,6351,7151,1.3077991949103763e-55,0,,169,100
1075,6357,7157,7.83764310577132e-57,0,,169,100
1076,6360,7160,5.567767574661984e-65,0,,168,100
1077,6364,7164,5.565203102443934e-56,0,,168,100
1078,6373,7173,2.5355093979886302e-51,0,,168,100
1079,6376,7176,1.8191210582752458e-50,0,,168,100
1080,6386,7186,8.054955152407418e-51,0,,170,100
1081,6389,7189,1.9613340364237526e-57,0,,170,100
1082,6393,7193,4.474229413252681e-52,0,,169,100
1083,6399,7199,3.4325142197052147e-50,0,,169,100
1084,6406,7206,5.101234998196661e-49,0,,169,100
1085,6412,7212,8.645572104364993e-55,0,,169,100
1086,6416,7216,1.748055802485073e-36,0,,169,100
1087,6426,7226,5.926423765838086e-57,0,,171,100
1088,6429,7229,1.0312012038518857e-47,0,,171,100
1089,6433,7233,5.641411694831626e-33,0,,170,100
1090,6440,7240,2.6314307009339636e-25,0,,171,100
1091,6448,7248,8.993895235068427e-28,0,,170,100
1092,6454,7254,3.158395590375531e-32,0,,170,100
1093,6460,7260,2.8451417269178278e-33,0,,171,100
1094,6465,7265,2.0293103178054694e-50,0,,170,100
1095,6470,7270,4.736587170777811e-35,0,,170,100
1096,6479,7279,1.895041279021482e-61,0,,170,100
1097,6482,7282,1.3233400963629846e-101,0,,169,100
1098,6486,7286,4.6585507035441116e-97,0,,170,100
1099,6497,7297,6.505178657236948e-87,0,,169,100
1100,6505,7305,3.296552098637945e-88,0,,168,100
1101,6511,7311,1.022815521395765e-72,0,,170,100
1102,6516,7316,2.6319693448095252e-76,0,,170,100
1103,6521,7321,3.4134095158812364e-79,0,,170,100
1104,6531,7331,1.9912636845377535e-76,0,,170,100
1105,6538,7338,2.62347035458577e-49,0,,169,100
1106,6543,7343,3.068147483801992e-58,0,,170,100
1107,6549,7349,1.0108940926738006e-52,0,,168,100
1108,6553,7353,2.5825952341194993e-47,0,,168,100
1109,6556,7356,6.777422650446692e-37,0,,169,100
1110,6563,7363,3.343060662684192e-52,0,,170,100
1111,6571,7371,3.3684151062551e-111,0,,170,100
1112,6575,7375,4.601696112348455e-72,0,,171,100
1113,6582,7382,4.610486394038662e-55,0,,172,100
1114,6588,7388,2.8995676368997264e-122,0,,172,100
1115,6592,7392,8.423999500127882e-99,0,,171,100
1116,6599,7399,8.678305320105482e-84,0,,173,100
1117,6607,7407,2.6862315816766553e-76,0,,171,100
1118,6613,7413,2.6131665233575164e-70,0,,172,100
1119,6616,7416,3.9591668267926626e-46,0,,171,100
1120,6618,7418,9.477593423547788e-37,0,,170,100
1121,6625,7425,2.8310667665092294e-50,0,,171,100
1122,6628,7428,3.366458682339088e-40,0,,171,100
1123,6635,7435,5.627569089458122e-27,0,,171,100
1124,6641,7441,3.174770036413498e-35,0,,171,100
1125,6648,7448,6.667224875443168e-41,0,,171,100
1126,6652,7452,2.0453751483756615e-50,0,,172,100
1127,6664,7464,6.404517217866184e-122,0,,173,100
1128,6667,7467,2.1330116324447155e-90,0,,173,100
1129,6676,7476,1.8149631247483574e-107,0,,170,100
1130,6684,7484,3.641608255585609e-68,0,,170,100
1131,6687,7487,4.4540721951310506e-71,0,,169,100
1132,6691,7491,1.9256844121034459e-66,0,,170,100
1133,6697,7497,1.9058694791998979e-53,0,,169,100
1134,6701,7501,1.2470546373852375e-40,0,,169,100
1135,6709,7509,7.32145072520683e-46,0,,170,100
1136,6717,7517,2.195396971287485e-45,0,,170,100
1137,6723,7523,1.1335665537933294e-42,0,,172,100
1138,6733,7533,8.625340909191378e-26,0,,171,100
1139,6736,7536,8.962055151103173e-24,0,,171,100
1140,6740,7540,1.3126849214064153e-19,0,,171,100
1141,6746,7546,7.899396168030524e-19,0,,171,100
1142,6749,7549,2.2931466637426898e-17,0,,171,100
1143,6766,7566,4.989318242590511e-19,0,,173,100
1144,6770,7570,4.4212504783956186e-17,0,,173,100
1145,6774,7574,2.356521330922609e-19,0,,174,100
1146,6781,7581,1.713177853118809e-23,0,,175,100
1147,6785,7585,4.89132002704981e-23,0,,175,100
1148,6793,7593,6.850714472860761e-28,0,,176,100
1149,6796,7596,1.9163837103055488e-29,0,,176,100
1150,6803,7603,3.4508532357907826e-39,0,,175,100
1151,6808,7608,6.974512240703164e-41,0,,177,100
1152,6819,7619,4.492692626196743e-34,0,,177,100
1153,6822,7622,3.0082510739583763e-25,0,,176,100
1154,6825,7625,2.0403031948465153e-31,0,,175,100
1155,6831,7631,1.3631136514291062e-56,0,,176,100
1156,6839,7639,5.788983152916851e-33,0,,173,100
1157,6845,7645,9.0206790402147e-27,0,,173,100
1158,6850,7650,4.1225715151007424e-86,0,,173,100
1159,6856,7656,1.0275846615764377e-63,0,,173,100
1160,6862,7662,3.173497336432171e-107,0,,174,100
1161,6867,7667,2.2315787903161854e-34,0,,173,100
1162,6874,7674,8.087436885817136e-29,0,,174,100
1163,6878,7678,1.4027056907710817e-78,0,,173,100
1164,6884,7684,6.875152543755839e-43,0,,174,100
1165,6887,7687,5.95740086092237e-45,0,,174,100
1166,6903,7703,1.2411464491181582e-101,0,,175,100
1167,6907,7707,2.972264431042157e-70,0,,175,100
1168,6911,7711,1.1107671336085045e-95,0,,175,100
1169,6919,7719,8.31811488508125e-76,0,,175,100
1170,6926,7726,5.4393970422184e-81,0,,173,100
1171,6933,7733,1.944886741682686e-49,0,,174,100
1172,6936,7736,1.084594977879201e-42,0,,175,100
1173,6943,7743,1.2281064765481989e-46,0,,173,100
1174,6945,7745,2.4551995427402556e-25,0,,173,100
1175,6950,7750,2.2162318830817442e-42,0,,171,100
1176,6953,7753,7.440282778233441e-44,0,,172,100
1177,6963,7763,5.718695462863066e-38,0,,173,100
1178,6966,7766,2.1543450641587662e-41,0,,173,100
1179,6970,7770,2.0577316255510686e-39,0,,174,100
1180,6980,7780,7.644140460329073e-41,0,,176,100
1181,6983,7783,3.241332096538086e-39,0,,176,100
1182,6987,7787,2.61897868976344e-41,0,,175,100
1183,6994,7794,1.7888531252644826e-35,0,,176,100
1184,7002,7802,1.7617607621308757e-45,0,,175,100
1185,7005,7805,1.7678437177868677e-43,0,,175,100
1186,7008,7808,4.213487784373796e-45,0,,175,100
1187,7016,7816,2.7079006753016665e-52,0,,174,100
1188,7019,7819,8.587915282857067e-45,0,,174,100
1189,7025,7825,5.6225717946182804e-52,0,,175,100
1190,7030,7830,2.521628115482421e-42,0,,175,100
1191,7034,7834,2.3526826419402375e-30,0,,174,100
1192,7038,7838,1.5695196033955436e-39,0,,174,100
1193,7041,7841,1.8412411063887935e-21,0,,174,100
1194,7045,7845,1.0059216785945992e-27,0,,174,100
1195,7048,7848,8.54101537122277e-30,0,,175,100
1196,7054,7854,2.0959751667732057e-39,0,,175,100
1197,7061,7861,2.8979767205196807e-28,0,,176,100
1198,7065,7865,1.3872299566766529e-39,0,,176,100
1199,7070,7870,9.166588717436212e-41,0,,176,100
1200,7074,7874,7.31039731533012e-64,0,,176,100
1201,7085,7885,1.5888715489426267e-32,0,,177,100
1202,7088,7888,5.683929071958068e-61,0,,177,100
1203,7093,7893,3.838623470701871e-42,0,,177,100
1204,7099,7899,1.364889654863473e-40,0,,177,100
1205,7102,7902,1.3611326370844831e-45,0,,177,100
1206,7108,7908,1.0342264076853061e-35,0,,176,100
1207,7111,7911,4.598999333581868e-40,0,,176,100
1208,7117,7917,9.351802547120338e-47,0,,176,100
1209,7122,7922,1.9210203073452966e-31,0,,177,100
1210,7134,7934,1.1477251524764955e-56,0,,176,100
1211,7138,7938,8.150382138327205e-28,0,,176,100
1212,7144,7944,9.417726226815863e-34,0,,177,100
1213,7150,7950,6.638950363068362e-29,0,,178,100
1214,7154,7954,9.774212754135286e-25,0,,178,100
1215,7165,7965,1.6689962723131025e-30,0,,178,100
1216,7168,7968,5.833170113617576e-32,0,,178,100
1217,7174,7974,8.728325835264547e-44,0,,178,100
1218,7177,7977,1.2846452515462234e-52,0,,178,100
1219,7183,7983,5.19861349967117e-32,0,,179,100
1220,7192,7992,1.7639853150836345e-46,0,,181,100
1221,7196,7996,1.1864491624908444e-49,0,,181,100
1222,7204,8004,1.2253650904857212e-53,0,,182,100
1223,7207,8007,9.930192882962342e-59,0,,183,100
1224,7218,8018,3.24529806735599e-59,0,,183,100
1225,7222,8022,1.1358917461544634e-29,0,,182,100
1226,7225,8025,1.7473673468538052e-25,0,,182,100
1227,7231,8031,1.517718709255036e-26,0,,182,100
1228,7236,8036,3.0831138083496965e-31,0,,182,100
1229,7252,8052,1.439089063739737e-36,0,,182,100
1230,7256,8056,1.7157565090684087e-60,0,,182,100
1231,7263,8063,9.585218938188154e-43,0,,182,100
1232,7266,8066,4.685655202895424e-62,0,,181,100
1233,7271,8071,2.442116805614007e-60,0,,182,100
1234,7277,8077,3.0458940169926828e-77,0,,182,100
1235,7283,8083,3.2150913634629142e-52,0,,181,100
1236,7289,8089,1.2193249094740852e-55,0,,180,100
1237,7292,8092,3.674658284706602e-48,0,,180,100
1238,7297,8097,1.365150778468711e-69,0,,181,100
1239,7301,8101,3.878684381731607e-66,0,,180,100
1240,7307,8107,8.98330348689987e-81,0,,179,100
1241,7310,8110,1.9829818062416952e-76,0,,178,100
1242,7316,8116,5.331530952000703e-80,0,,180,100
1243,7319,8119,1.6030963295261687e-84,0,,179,100
1244,7325,8125,1.1883237014987353e-46,0,,178,100
1245,7334,8134,6.338349853443849e-56,0,,179,100
1246,7339,8139,1.0842932193723896e-59,0,,179,100
1247,7343,8143,2.4019184343366175e-46,0,,180,100
1248,7355,8155,6.67420524206662e-41,0,,180,100
1249,7358,8158,5.045972278029275e-42,0,,179,100
1250,7362,8162,2.3104548863317716e-44,0,,178,100
1251,7368,8168,1.5379123051201476e-39,0,,179,100
1252,7375,8175,3.537790574062598e-49,0,,178,100
1253,7378,8178,1.5939295517607728e-44,0,,177,100
1254,7384,8184,1.058799078937807e-52,0,,178,100
1255,7387,8187,9.928703678986884e-51,0,,177,100
1256,7393,8193,1.0227100091894798e-42,0,,178,100
1257,7402,8202,7.26190838476392e-39,0,,178,100
1258,7405,8205,2.6965585786530964e-39,0,,179,100
1259,7419,8219,8.547331413168464e-28,0,,178,100
1260,7423,8223,1.1031813470959e-28,0,,178,100
1261,7426,8226,2.4118632861338073e-29,0,,177,100
1262,7435,8235,1.686802155174512e-33,0,,178,100
1263,7438,8238,4.852646316532845e-44,0,,178,100
1264,7442,8242,1.5551960084394328e-38,0,,179,100
1265,7449,8249,9.669536216511205e-40,0,,178,100
1266,7452,8252,8.038348978839724e-37,0,,177,100
1267,7457,8257,3.671218483613946e-46,0,,177,100
1268,7464,8264,5.163413401925227e-27,0,,178,100
1269,7467,8267,5.8805009231828626e-21,0,,178,100
1270,7473,8273,3.4095024234081725e-22,0,,179,100
1271,7480,8280,9.981831182658146e-51,0,,179,100
1272,7482,8282,1.1359605959059203e-54,0,,178,100
1273,7487,8287,9.111308833103288e-37,0,,176,100
1274,7491,8291,2.2520176231297544e-35,0,,176,100
1275,7494,8294,1.0671264630067977e-34,0,,177,100
1276,7498,8298,8.40672328517614e-38,0,,176,100
1277,7503,8303,1.2389641301312946e-40,0,,177,100
1278,7509,8309,1.692004867212124e-40,0,,177,100
1279,7513,8313,5.373602150286925e-47,0,,178,100
1280,7519,8319,1.9657540172212846e-35,0,,178,100
1281,7522,8322,3.950787877291924e-34,0,,178,100
1282,7527,8327,6.0114162403516705e-33,0,,178,100
1283,7534,8334,1.0438321239220677e-48,0,,178,100
1284,7540,8340,2.158070369082619e-43,0,,178,100
1285,7543,8343,9.335237129681272e-36,0,,179,100
1286,7554,8354,3.022323395109327e-36,0,,179,100
1287,7557,8357,8.112974973907844e-57,0,,179,100
1288,7562,8362,3.906041713540873e-65,0,,177,100
1289,7566,8366,2.960246118093802e-57,0,,175,100
1290,7572,8372,5.179088639210869e-32,0,,174,100
1291,7576,8376,6.954171550559413e-35,0,,174,100
1292,7580,8380,4.215170862994758e-37,0,,173,100
1293,7586,8386,8.516453037306226e-27,0,,174,100
1294,7589,8389,5.077296804929458e-31,0,,174,100
1295,7593,8393,7.042327750569134e-29,0,,174,100
1296,7601,8401,5.163476484294364e-29,0,,174,100
1297,7608,8408,1.8838379791965843e-28,0,,173,100
1298,7612,8412,8.572763893515577e-38,0,,172,100
1299,7616,8416,7.520206886731523e-40,0,,172,100
1300,7624,8424,2.6526041321906427e-34,0,,172,100
1301,7628,8428,2.9077050585650546e-44,0,,172,100
1302,7633,8433,1.3286719405152721e-55,0,,172,100
1303,7639,8439,4.3750848782814495e-35,0,,173,100
1304,7642,8442,7.117516141466855e-51,0,,174,100
1305,7650,8450,6.24765199726195e-45,0,,175,100
1306,7653,8453,3.5618929427354987e-50,0,,177,100
1307,7657,8457,1.827653986215142e-37,0,,178,100
1308,7665,8465,4.1781118605617993e-41,0,,179,100
1309,7668,8468,7.93684787020089e-29,0,,178,100
1310,7673,8473,1.9061137504822402e-47,0,,178,100
1311,7679,8479,6.838950451045544e-37,0,,179,100
1312,7693,8493,7.326753882169108e-43,0,,179,100
1313,7696,8496,5.487880604035003e-41,0,,179,100
1314,7700,8500,8.897050041652201e-44,0,,178,100
1315,7705,8505,1.127701654873881e-47,0,,178,100
1316,7711,8511,3.288842767483114e-62,0,,179,100
1317,7715,8515,1.409504154618854e-71,0,,179,100
1318,7718,8518,5.614691574964054e-70,0,,180,100
1319,7727,8527,1.8327466932492005e-62,0,,181,100
1320,7730,8530,2.621577273650828e-77,0,,181,100
1321,7734,8534,1.1381245950402423e-68,0,,181,100
1322,7744,8544,4.3995053829926446e-75,0,,183,100
1323,7751,8551,2.729017438444989e-71,0,,184,100
1324,7755,8555,6.492832045398976e-67,0,,184,100
1325,7760,8560,6.279623503696382e-80,0,,184,100
1326,7769,8569,3.1124383110522663e-58,0,,182,100
1327,7779,8579,6.302667007279908e-63,0,,181,100
1328,7785,8585,5.661668776798763e-55,0,,181,100
1329,7788,8588,6.644105275042582e-73,0,,181,100
1330,7794,8594,8.627869397938945e-61,0,,180,100
1331,7799,8599,1.0311993062912073e-50,0,,180,100
1332,7804,8604,3.447064180802098e-53,0,,181,100
1333,7814,8614,2.877959026667243e-61,0,,181,100
1334,7817,8617,3.324073515076628e-34,0,,180,100
1335,7822,8622,4.368021610186663e-84,0,,179,100
1336,7826,8626,1.1855361901274788e-96,0,,179,100
1337,7831,8631,2.2605410376229488e-93,0,,178,100
1338,7837,8637,1.0229753364385958e-99,0,,180,100
1339,7840,8640,7.764552551946679e-99,0,,179,100
1340,7842,8642,6.858361596171584e-93,0,,179,100
1341,7847,8647,2.1469354881565527e-85,0,,177,100
1342,7850,8650,1.580156996900198e-86,0,,178,100
1343,7855,8655,1.9219149771439825e-86,0,,178,100
1344,7862,8662,6.840007174294939e-81,0,,179,100
1345,7865,8665,8.82810339385556e-79,0,,179,100
1346,7868,8668,5.181674366976814e-96,0,,178,100
1347,7871,8671,3.101923199559041e-96,0,,178,100
1348,7875,8675,7.583752540341003e-70,0,,178,100
1349,7882,8682,3.860301244119321e-95,0,,179,100
1350,7886,8686,5.150582563564261e-100,0,,177,100
1351,7893,8693,7.602359483266054e-86,0,,176,100
1352,7897,8697,2.554096372215159e-70,0,,176,100
1353,7906,8706,6.6698541182500474e-77,0,,177,100
1354,7909,8709,3.2501146414404654e-80,0,,176,100
1355,7915,8715,4.520878580150423e-66,0,,176,100
1356,7927,8727,1.1450228738788475e-78,0,,179,100
1357,7935,8735,1.390365781577501e-57,0,,178,100
1358,7939,8739,6.911713024079483e-60,0,,178,100
1359,7947,8747,2.949054008345511e-73,0,,178,100
1360,7950,8750,2.4079046429469223e-104,0,,178,100
1361,7956,8756,3.074395372753406e-117,0,,178,100
1362,7961,8761,6.329025287266023e-115,0,,178,100
1363,7964,8764,1.1133974302882654e-118,0,,177,100
1364,7970,8770,5.27353164296968e-97,0,,179,100
1365,7974,8774,4.373186740257676e-132,0,,180,100
1366,7977,8777,4.2653970326599084e-122,0,,180,100
1367,7979,8779,2.5790050067343097e-131,0,,179,100
1368,7985,8785,3.564631891805427e-110,0,,175,100
1369,7991,8791,1.9879127390780986e-87,0,,175,100
1370,7998,8798,2.7285443742177563e-50,0,,174,100
1371,8010,8810,9.34119300004407e-53,0,,173,100
1372,8013,8813,8.260224921884205e-46,0,,174,100
1373,8018,8818,4.2796143542557615e-43,0,,174,100
1374,8021,8821,1.8800538474561528e-49,0,,174,100
1375,8027,8827,4.450085848638908e-59,0,,174,100
1376,8031,8831,1.74675256585823e-49,0,,174,100
1377,8043,8843,2.1367992020466126e-48,0,,174,100
1378,8046,8846,2.7737371959945862e-45,0,,173,100
1379,8050,8850,5.1204339742326765e-46,0,,173,100
1380,8057,8857,5.731206747037737e-48,0,,174,100
1381,8061,8861,4.365705127229702e-55,0,,173,100
1382,8067,8867,2.5030824706164235e-61,0,,173,100
1383,8070,8870,7.505458963321076e-54,0,,175,100
1384,8086,8886,6.792897356104452e-61,0,,178,100
1385,8090,8890,4.047224778717703e-71,0,,178,100
1386,8093,8893,2.446666597250357e-63,0,,178,100
1387,8103,8903,1.5905254199365568e-61,0,,178,100
1388,8111,8911,7.529215835198852e-46,0,,177,100
1389,8114,8914,1.1005587020448268e-62,0,,177,100
1390,8116,8916,8.213354747176712e-64,0,,177,100
1391,8125,8925,4.0103807200459246e-64,0,,178,100
1392,8128,8928,2.4491574187485204e-58,0,,178,100
1393,8141,8941,4.865400136459325e-64,0,,176,100
1394,8147,8947,3.1408765755543085e-59,0,,176,100
1395,8150,8950,1.9705817793370777e-57,0,,178,100
1396,8160,8960,2.3023758616264083e-39,0,,177,100
1397,8163,8963,8.001506615108799e-36,0,,176,100
1398,8167,8967,1.8073350908112172e-41,0,,176,100
1399,8177,8977,2.268115799073529e-28,0,,177,100
1400,8180,8980,1.4047511330879597e-25,0,,176,100
1401,8184,8984,1.7445225903755732e-31,0,,176,100
1402,8191,8991,1.4961774340282648e-32,0,,176,100
1403,8199,8999,1.1241334398788589e-29,0,,177,100
1404,8203,9003,2.331497245947304e-45,0,,178,100
1405,8210,9010,4.789857776732084e-28,0,,178,100
1406,8214,9014,1.5015576100663096e-23,0,,179,100
1407,8219,9019,9.393681636398249e-33,0,,178,100
1408,8225,9025,3.887108362565458e-30,0,,178,100
1409,8230,9030,5.283412919386698e-12,0,,178,100
1410,8238,9038,2.5397877813585745e-15,0,,177,100
1411,8244,9044,3.9528940400848876e-17,0,,178,100
1412,8247,9047,3.3484552325049e-13,0,,178,100
1413,8256,9056,1.2351410284393857e-13,0,,178,100
1414,8259,9059,3.2973935103901106e-12,0,,178,100
1415,8264,9064,3.145591470314667e-08,0,,178,100
1416,8267,9067,1.5251284618085648e-06,0,,178,100
1417,8273,9073,9.293089087618775e-11,0,,178,100
1418,8285,9085,2.3225329882347773e-08,0,,178,100
1419,8288,9088,2.2774211643615573e-10,0,,178,100
1420,8293,9093,1.2074261992484833e-07,0,,176,100
1421,8299,9099,1.2314139878169796e-06,0,,178,100
1422,8302,9102,4.5241997954044105e-05,0,,178,100
1423,8311,9111,2.2166534227625744e-12,0,,179,100
1424,8314,9114,6.071117259163305e-05,0,,179,100
1425,8318,9118,1.0167089936057058e-05,0,,180,100
1426,8325,9125,1.1644122146910108e-08,0,,179,100
1427,8328,9128,4.0036403640452493e-07,0,,178,100
1428,8332,9132,4.633321327709975e-06,0,,178,100
1429,8339,9139,4.793935575467273e-05,0,,178,100
1430,8343,9143,7.996120884134046e-15,0,,179,100
1431,8349,9149,1.647479207801373e-11,0,,179,100
1432,8352,9152,5.364332691460485e-13,0,,178,100
1433,8369,9169,1.601293078771692e-44,0,,180,100
1434,8379,9179,1.2873467503840768e-39,0,,179,100
1435,8382,9182,6.037140415019026e-54,0,,179,100
1436,8386,9186,5.438730584819035e-42,0,,178,100
1437,8392,9192,7.766855741716971e-47,0,,178,100
1438,8396,9196,1.9276853871429957e-40,0,,179,100
1439,8408,9208,6.607916272719483e-51,0,,180,100
1440,8419,9219,1.701677519492834e-34,0,,183,100
1441,8422,9222,1.7110956146918643e-33,0,,183,100
1442,8426,9226,6.1274796346851e-27,0,,182,100
1443,8431,9231,8.121019560319637e-48,0,,182,100
1444,8434,9234,1.865691839350674e-46,0,,181,100
1445,8436,9236,5.212300590125718e-57,0,,180,100
1446,8443,9243,6.12628789262635e-98,0,,178,100
1447,8451,9251,1.3668715769404447e-88,0,,178,100
1448,8454,9254,2.596799354034488e-75,0,,175,100
1449,8458,9258,4.8014926460496176e-88,0,,177,100
1450,8467,9267,5.053758022528966e-66,0,,178,100
1451,8473,9273,7.523100944544335e-88,0,,178,100
1452,8478,9278,2.872057144311341e-63,0,,178,100
1453,8484,9284,9.597801676964781e-83,0,,178,100
1454,8487,9287,8.699647455006475e-96,0,,178,100
1455,8491,9291,8.447384815923154e-98,0,,177,100
1456,8495,9295,1.6295737601626404e-93,0,,177,100
1457,8503,9303,5.188505956445757e-112,0,,178,100
1458,8510,9310,1.1847982645220711e-129,0,,178,100
1459,8518,9318,2.6954238619434044e-153,0,,178,100
1460,8526,9326,1.640490370470815e-09,0,,175,100
1461,8530,9330,3.606139375072762e-08,0,,175,100
1462,8539,9339,7.236545478127921e-08,0,,173,100
1463,8542,9342,3.200508403601995e-13,0,,173,100
1464,8546,9346,6.710561568758114e-07,0,,173,100
1465,8550,9350,0.00015796979319590598,0,,172,100
1466,8556,9356,1.490137491575281e-18,0,,171,100
1467,8560,9360,8.031758583703652e-20,0,,171,100
1468,8568,9368,3.1140477440389515e-15,0,,172,100
1469,8572,9372,5.455287013262721e-16,0,,173,100
1470,8576,9376,1.5800177099100058e-29,0,,170,100
1471,8583,9383,1.9100257237907146e-29,0,,172,100
1472,8591,9391,1.2402405723332218e-55,0,,171,100
1473,8595,9395,4.327322950400878e-58,0,,171,100
1474,8603,9403,8.893282742094992e-59,0,,172,100
1475,8611,9411,4.929639459234331e-46,0,,171,100
1476,8614,9414,1.107943046469113e-45,0,,171,100
1477,8618,9418,7.068338856952252e-53,0,,171,100
1478,8625,9425,4.461364574666939e-49,0,,171,100
1479,8633,9433,8.55390872380104e-34,0,,174,100
1480,8637,9437,6.132733145342286e-47,0,,173,100
1481,8641,9441,2.8724663082920166e-56,0,,173,100
1482,8649,9449,4.907592459109716e-53,0,,172,100
1483,8657,9457,5.040458843907843e-43,0,,171,100
1484,8661,9461,7.989815152160266e-43,0,,171,100
1485,8669,9469,1.30588428062884e-41,0,,170,100
1486,8675,9475,7.64584620526824e-38,0,,171,100
1487,8678,9478,1.8865933318417611e-28,0,,170,100
1488,8686,9486,1.0004259181364129e-25,0,,173,100
1489,8697,9497,1.4570192009646169e-30,0,,174,100
1490,8701,9501,8.034257647556485e-45,0,,174,100
1491,8708,9508,5.986949203183291e-48,0,,174,100
1492,8717,9517,5.267049179612473e-36,0,,172,100
1493,8720,9520,2.481211868935384e-27,0,,173,100
1494,8727,9527,2.115666293166771e-32,0,,173,100
1495,8733,9533,4.7841449930977525e-29,0,,173,100
1496,8736,9536,6.735467885384114e-37,0,,173,100
1497,8740,9540,3.125104542709191e-27,0,,172,100
1498,8747,9547,4.056925073248506e-30,0,,173,100
1499,8750,9550,1.6445699980959816e-26,0,,172,100
1500,8754,9554,3.078103370812619e-22,0,,172,100
1501,8761,9561,3.366221058085487e-19,0,,174,100
1502,8770,9570,4.972883738614558e-25,0,,172,100
1503,8773,9573,1.7016627592473697e-13,0,,173,100
1504,8782,9582,2.6850983593840935e-24,0,,172,100
1505,8791,9591,6.067596776496681e-09,0,,173,100
1506,8796,9596,9.502161609942428e-09,0,,172,100
1507,8804,9604,4.7523742283390407e-07,0,,177,100
1508,8813,9613,6.702526708044069e-09,0,,175,100
1509,8817,9617,1.3148102233085601e-10,0,,176,100
1510,8823,9623,1.489121213134569e-60,0,,176,100
1511,8827,9627,8.482013497139316e-64,0,,175,100
1512,8835,9635,5.799938260302788e-68,0,,176,100
1513,8843,9643,1.5279379024080221e-69,0,,177,100
1514,8847,9647,6.050247172742411e-44,0,,177,100
1515,8852,9652,3.024316078799341e-36,0,,178,100
1516,8856,9656,1.9711721458193005e-28,0,,178,100
1517,8863,9663,9.787919995335894e-36,0,,179,100
1518,8872,9672,7.1364828027009305e-31,0,,175,100
1519,8875,9675,1.4271075272139767e-25,0,,174,100
1520,8885,9685,3.41452020045286e-20,0,,175,100
1521,8888,9688,2.564465665207444e-19,0,,175,100
1522,8896,9696,3.1263477317017114e-19,0,,176,100
1523,8901,9701,1.1804255113792835e-29,0,,176,100
1524,8904,9704,1.2782310252755972e-25,0,,176,100
1525,8920,9720,1.2792949847756311e-20,0,,178,100
1526,8924,9724,1.5671534803594159e-22,0,,178,100
1527,8932,9732,2.602153445408954e-23,0,,179,100
1528,8937,9737,9.18849562145702e-22,0,,180,100
1529,8940,9740,1.4270667697112205e-22,0,,179,100
1530,8944,9744,1.7989073603702517e-22,0,,180,100
1531,8952,9752,1.0121804038895195e-18,0,,179,100
1532,8955,9755,3.704445872948025e-18,0,,179,100
1533,8968,9768,1.0695481116428728e-17,0,,180,100
1534,8979,9779,2.7039983011718504e-16,0,,181,100
1535,8983,9783,6.951567609324661e-20,0,,181,100
1536,8990,9790,5.736275936638897e-17,0,,181,100
1537,8999,9799,4.9172544464122364e-21,0,,179,100
1538,9002,9802,1.3957200581091193e-24,0,,179,100
1539,9007,9807,2.7188566269934055e-24,0,,179,100
1540,9014,9814,5.621344182467855e-24,0,,179,100
1541,9023,9823,1.8743828975791885e-20,0,,181,100
1542,9027,9827,9.80788247863499e-19,0,,182,100
1543,9033,9833,6.53296591821176e-21,0,,182,100
1544,9042,9842,3.742348742600931e-27,0,,181,100
1545,9046,9846,2.504821452095393e-09,0,,180,100
1546,9049,9849,1.7188391484613608e-10,0,,181,100
1547,9057,9857,1.742346960194902e-09,0,,184,100
1548,9063,9863,3.394525840285261e-10,0,,183,100
1549,9067,9867,6.530096233179831e-11,0,,184,100
1550,9071,9871,6.739346411487804e-17,0,,183,100
1551,9075,9875,4.987671436666693e-13,0,,183,100
1552,9084,9884,7.737612774604074e-14,0,,183,100
1553,9087,9887,3.124235476667409e-18,0,,182,100
1554,9095,9895,1.394916479037455e-12,0,,182,100
1555,9099,9899,1.1163190109201467e-11,0,,183,100
1556,9110,9910,2.8872753717388204e-30,0,,179,100
1557,9113,9913,1.6784847018799118e-31,0,,179,100
1558,9121,9921,4.54177546927255e-43,0,,180,100
1559,9125,9925,1.1154092752401121e-47,0,,179,100
1560,9129,9929,1.708556197232368e-50,0,,179,100
1561,9140,9940,7.61216453867398e-44,0,,182,100
1562,9143,9943,7.696856993582927e-43,0,,183,100
1563,9158,9958,1.2157517303176971e-10,0,,182,100
1564,9162,9962,1.7742876434112802e-13,0,,182,100
1565,9173,9973,2.0789292132884858e-13,0,,182,100
1566,9177,9977,6.691811392384444e-11,0,,183,100
1567,9185,9985,4.9603690632240334e-11,0,,183,100
1568,9190,9990,6.123169361148915e-16,0,,183,100
1569,9193,9993,3.232449740099309e-25,0,,183,100
1570,9197,9997,3.4411108225992443e-28,0,,183,100
1571,9204,10004,8.261018986593428e-14,0,,184,100
1572,9213,10013,9.282701123678474e-16,0,,182,100
1573,9216,10016,1.3436196432124111e-17,0,,182,100
1574,9226,10026,2.297392140254286e-14,0,,182,100
1575,9231,10031,1.0238229239349492e-15,0,,182,100
1576,9239,10039,5.6455625814558185e-25,0,,183,100
1577,9243,10043,1.225220275075257e-33,0,,184,100
1578,9248,10048,1.2321880342940237e-32,0,,185,100
1579,9256,10056,4.728684382928883e-37,0,,185,100
1580,9259,10059,9.179119200734754e-39,0,,186,100
1581,9267,10067,2.221403646981238e-60,0,,185,100
1582,9271,10071,1.4828230692334813e-33,0,,185,100
1583,9280,10080,1.0948887758400784e-154,0,,184,100
1584,9283,10083,3.4789063389938534e-115,0,,185,100
1585,9291,10091,3.0902577416868817e-149,0,,187,100
1586,9295,10095,1.4668219947628996e-180,0,,188,100
1587,9302,10102,1.3659657094190407e-134,0,,187,100
1588,9308,10108,8.112657955458826e-128,0,,187,100
1589,9311,10111,9.37284726270144e-140,0,,187,100
1590,9320,10120,1.7909633441795586e-176,0,,188,100
1591,9324,10124,5.79905334407937e-60,0,,188,100
1592,9332,10132,2.269496148375192e-49,0,,189,100
1593,9338,10138,1.8315540784771677e-43,0,,188,100
1594,9341,10141,2.231386295178721e-33,0,,188,100
1595,9349,10149,1.7390225307782648e-35,0,,189,100
1596,9353,10153,1.1207215331827539e-38,0,,189,100
1597,9363,10163,3.544017987178545e-58,0,,189,100
1598,9367,10167,9.319253353971447e-48,0,,190,100
1599,9377,10177,1.0769565702720334e-45,0,,190,100
1600,9383,10183,1.777028851528377e-43,0,,191,100
1601,9386,10186,1.9124538211467693e-63,0,,190,100
1602,9392,10192,1.1473650647016997e-26,0,,191,100
1603,9403,10203,1.7480128227928286e-25,0,,193,100
1604,9412,10212,8.263530515269355e-23,0,,191,100
1605,9416,10216,1.5050510174872831e-25,0,,191,100
1606,9430,10230,7.181436154340219e-19,0,,190,100
1607,9433,10233,9.531433621669211e-31,0,,190,100
1608,9444,10244,8.91028806051071e-18,0,,190,100
1609,9454,10254,1.0164021469419782e-35,0,,190,100
1610,9463,10263,9.016409695791195e-34,0,,189,100
1611,9466,10266,6.004502236082343e-27,0,,187,100
1612,9470,10270,1.0937197353099957e-25,0,,189,100
1613,9478,10278,1.5838593361771088e-27,0,,189,100
1614,9486,10286,3.907260475318206e-16,0,,186,100
1615,9489,10289,1.9477297379744673e-12,0,,186,100
1616,9496,10296,4.1256556571520376e-11,0,,186,100
1617,9500,10300,1.3166557304709672e-12,0,,187,100
1618,9507,10307,2.461330585152667e-11,0,,187,100
1619,9516,10316,2.3298701049272776e-27,0,,185,100
1620,9520,10320,6.462079088940153e-27,0,,185,100
1621,9529,10329,3.761232998894172e-19,0,,184,100
1622,9539,10339,1.7189551130252279e-15,0,,185,100
1623,9542,10342,9.227886500007283e-19,0,,184,100
1624,9546,10346,1.1244097232880478e-17,0,,184,100
1625,9551,10351,4.284141469066288e-17,0,,185,100
1626,9557,10357,9.124884899265387e-35,0,,182,100
1627,9561,10361,1.6871350173993538e-33,0,,182,100
1628,9570,10370,7.12171925952679e-39,0,,181,100
1629,9578,10378,7.276750696862907e-25,0,,182,100
1630,9582,10382,5.8056926672623636e-21,0,,184,100
1631,9586,10386,9.797759206625325e-26,0,,184,100
1632,9589,10389,3.9673032115197637e-22,0,,184,100
1633,9599,10399,4.923413756904933e-44,0,,180,100
1634,9602,10402,7.960732182364659e-31,0,,179,100
1635,9610,10410,2.9588539982514865e-43,0,,179,100
1636,9615,10415,2.830542340757859e-44,0,,177,100
1637,9621,10421,2.834950715609458e-39,0,,178,100
1638,9629,10429,1.2386540616561244e-41,0,,179,100
1639,9632,10432,1.162733841852464e-36,0,,178,100
1640,9639,10439,9.184740308566937e-38,0,,177,100
1641,9643,10443,2.838920872851212e-45,0,,177,100
1642,9653,10453,4.1281557397687374e-26,0,,175,100
1643,9657,10457,9.190301543485972e-16,0,,174,100
1644,9662,10462,1.8689857568436703e-17,0,,175,100
1645,9668,10468,1.2221225552344615e-15,0,,175,100
1646,9679,10479,1.1561172797895548e-14,0,,175,100
1647,9688,10488,4.7827593267829625e-14,0,,174,100
1648,9691,10491,5.306112118043783e-13,0,,175,100
1649,9696,10496,1.4777150906558517e-14,0,,175,100
1650,9700,10500,7.69334837242326e-14,0,,176,100
1651,9708,10508,2.029987208816025e-32,0,,174,100
1652,9711,10511,7.492803718401163e-18,0,,174,100
1653,9717,10517,5.040175431537095e-17,0,,175,100
1654,9721,10521,2.8360358067120634e-22,0,,174,100
1655,9729,10529,3.5197649737802236e-20,0,,173,100
1656,9737,10537,1.3667005581438732e-14,0,,173,100
1657,9741,10541,3.0115890970468724e-43,0,,173,100
1658,9744,10544,1.5791241180971868e-53,0,,174,100
1659,9758,10558,1.187316068571964e-08,0,,173,100
1660,9761,10561,3.2382954440051964e-09,0,,171,100
1661,9767,10567,2.0530116374486293e-12,0,,173,100
1662,9770,10570,9.850322870012935e-08,0,,172,100
1663,9775,10575,1.32504449286228e-05,0,,172,100
1664,9779,10579,5.0325025200682e-08,0,,172,100
1665,9785,10585,4.389271492721291e-08,0,,172,100
1666,9788,10588,1.7062743428913333e-05,0,,171,100
1667,9792,10592,2.0884225371153223e-05,0,,170,100
1668,9794,10594,3.08944888577137e-07,0,,171,100
1669,9801,10601,8.238912076856891e-09,0,,171,100
1670,9806,10606,4.067800811103154e-06,0,,170,100
1671,9811,10611,0.0009352150866404719,0,,170,100
1672,9815,10615,2.5662402638388777e-09,0,,171,100
1673,9823,10623,2.1065995179425332e-10,0,,169,100
1674,9826,10626,6.095434680972367e-06,0,,169,100
1675,9834,10634,5.105508066590402e-21,0,,168,100
1676,9838,10638,3.603386545898538e-21,0,,169,100
1677,9847,10647,3.200509396294613e-29,0,,168,100
1678,9849,10649,2.8671772448032965e-29,0,,168,100
1679,9856,10656,1.544488315568023e-32,0,,165,100
1680,9859,10659,1.0693610143782106e-41,0,,165,100
1681,9864,10664,6.102240918076852e-30,0,,164,100
1682,9870,10670,2.1014520033917874e-30,0,,163,100
1683,9874,10674,4.247957582572739e-36,0,,163,100
1684,9878,10678,1.4310158875485439e-19,0,,163,100
1685,9889,10689,1.6862868571775852e-30,0,,164,100
1686,9893,10693,7.594119082013814e-33,0,,165,100
1687,9904,10704,7.608929532416989e-30,0,,165,100
1688,9907,10707,5.01294916730956e-31,0,,164,100
1689,9911,10711,2.5053250391900524e-06,0,,164,100
1690,9916,10716,2.1998624135633953e-15,0,,164,100
1691,9920,10720,2.018764020746193e-15,0,,165,100
1692,9926,10726,1.0710965935555202e-21,0,,166,100
1693,9935,10735,5.358379072212944e-31,0,,162,100
1694,9938,10738,2.973699068433134e-13,0,,162,100
1695,9946,10746,6.056265453228085e-29,0,,163,100
1696,9950,10750,2.271339703081864e-25,0,,164,100
1697,9958,10758,6.8115718533736e-39,0,,165,100
1698,9964,10764,1.2154472479013367e-25,0,,165,100
1699,9968,10768,1.9298604233848861e-28,0,,166,100
1700,9976,10776,4.419708168466455e-34,0,,166,100
1701,9979,10779,3.376303350739513e-27,0,,166,100
1702,9987,10787,7.79983101091175e-27,0,,167,100
1703,9991,10791,1.2367218509267476e-27,0,,168,100
1704,9996,10796,3.256861896833152e-28,0,,169,100
1705,9999,10799,1.2735187043522157e-28,0,,168,100
1706,10003,10803,4.144422058721438e-42,0,,169,100
1707,10010,10810,4.2423157455143505e-43,0,,170,100
1708,10019,10819,2.3573968494885173e-24,0,,170,100
1709,10033,10833,2.933353565704382e-41,0,,169,100
1710,10037,10837,2.9534942121900812e-36,0,,171,100
1711,10043,10843,3.5097590215362916e-38,0,,172,100
1712,10055,10855,7.121271665523176e-29,0,,169,100
1713,10058,10858,5.626413960845945e-33,0,,169,100
1714,10066,10866,8.705280470772243e-46,0,,169,100
1715,10070,10870,1.12155398280354e-40,0,,170,100
1716,10082,10882,1.3760459761214084e-40,0,,167,100
1717,10090,10890,9.758653988055205e-64,0,,167,100
1718,10094,10894,3.8006181604544e-58,0,,168,100
1719,10108,10908,1.780229792078386e-32,0,,166,100
1720,10112,10912,4.258290888450394e-44,0,,167,100
1721,10121,10921,2.832357287253578e-52,0,,163,100
1722,10125,10925,1.104294277843362e-38,0,,163,100
1723,10129,10929,3.054611232521895e-53,0,,165,100
1724,10139,10939,4.886603829222302e-59,0,,163,100
1725,10144,10944,1.6001526275305601e-59,0,,164,100
1726,10149,10949,2.4111403531717323e-68,0,,164,100
1727,10152,10952,2.1345419286156731e-69,0,,164,100
1728,10157,10957,1.5344241221924621e-65,0,,163,100
1729,10160,10960,2.586781153644449e-90,0,,163,100
1730,10164,10964,1.7721568667594459e-84,0,,162,100
1731,10167,10967,1.2896185326224548e-69,0,,162,100
1732,10176,10976,4.057295168371673e-65,0,,163,100
1733,10179,10979,9.282203572129806e-78,0,,162,100
1734,10183,10983,8.430756355241454e-39,0,,162,100
1735,10191,10991,8.120159939983465e-37,0,,163,100
1736,10194,10994,3.0302053811118183e-97,0,,161,100
1737,10198,10998,8.967271380971924e-100,0,,161,100
1738,10205,11005,7.287227762005712e-107,0,,161,100
1739,10213,11013,1.5185291657331478e-100,0,,160,100
1740,10223,11023,5.3796234170622335e-81,0,,161,100
1741,10226,11026,1.3447887144201509e-86,0,,160,100
1742,10230,11030,3.595965016162638e-80,0,,159,100
1743,10237,11037,4.3711019225007044e-82,0,,162,100
1744,10251,11051,2.066030978078514e-54,0,,163,100
1745,10255,11055,9.764604641207158e-38,0,,162,100
1746,10267,11067,4.400262259516802e-81,0,,162,100
1747,10270,11070,2.523166641318525e-88,0,,161,100
1748,10274,11074,8.789115175307112e-89,0,,163,100
1749,10284,11084,1.004361927181903e-84,0,,164,100
1750,10288,11088,1.3201206717865203e-82,0,,166,100
1751,10292,11092,6.17428270446759e-83,0,,166,100
1752,10302,11102,1.0389841490467254e-85,0,,166,100
1753,10305,11105,6.859966499714194e-81,0,,166,100
1754,10314,11114,6.454563470922508e-75,0,,166,100
1755,10318,11118,3.405940747658663e-69,0,,168,100
1756,10326,11126,3.24145063265766e-51,0,,166,100
1757,10336,11136,2.4380785055577806e-53,0,,167,100
1758,10339,11139,1.8390833521286287e-45,0,,167,100
1759,10343,11143,7.49219950980046e-47,0,,168,100
1760,10354,11154,4.0178105822837243e-47,0,,169,100
1761,10365,11165,3.277428804404178e-78,0,,169,100
1762,10368,11168,1.9540419747581393e-85,0,,168,100
1763,10379,11179,1.0303157397862008e-78,0,,166,100
1764,10382,11182,6.665958286468664e-64,0,,167,100
1765,10391,11191,2.307982630675463e-69,0,,167,100
1766,10401,11201,4.5420682343761334e-55,0,,169,100
1767,10413,11213,4.460539733483631e-51,0,,169,100
1768,10416,11216,2.0916456396666277e-56,0,,169,100
1769,10420,11220,1.2997699456000144e-95,0,,168,100
1770,10426,11226,5.877475636613727e-41,0,,170,100
1771,10438,11238,2.0288555099013343e-39,0,,169,100
1772,10443,11243,4.438446768673476e-19,0,,169,100
1773,10448,11248,2.151290539627416e-15,0,,169,100
1774,10457,11257,1.9817739534293893e-33,0,,169,100
1775,10462,11262,9.99595351168297e-103,0,,171,100
1776,10472,11272,1.5934368593591516e-35,0,,169,100
1777,10476,11276,3.473629153992752e-39,0,,171,100
1778,10482,11282,9.083645108274028e-27,0,,168,100
1779,10490,11290,7.085247036340177e-49,0,,169,100
1780,10493,11293,3.748588704200241e-50,0,,168,100
1781,10498,11298,2.2507317810306994e-119,0,,168,100
1782,10501,11301,2.8743658193850896e-75,0,,168,100
1783,10509,11309,6.576313979642553e-82,0,,168,100
1784,10512,11312,6.502175567427495e-91,0,,169,100
1785,10523,11323,8.347699883383303e-79,0,,169,100
1786,10531,11331,8.144020747469459e-46,0,,169,100
1787,10535,11335,2.907525719232067e-50,0,,169,100
1788,10539,11339,8.157564479230872e-47,0,,169,100
1789,10550,11350,6.977997769214841e-45,0,,170,100
1790,10553,11353,1.647327114282256e-45,0,,170,100
1791,10563,11363,1.5476526485790972e-42,0,,170,100
1792,10570,11370,2.4233719519427185e-41,0,,169,100
1793,10574,11374,4.890216546812566e-50,0,,169,100
1794,10579,11379,3.559186368645108e-33,0,,169,100
1795,10582,11382,5.413600827357446e-50,0,,168,100
1796,10593,11393,1.88757517730069e-48,0,,172,100
1797,10596,11396,9.215989844205104e-47,0,,171,100
1798,10600,11400,4.7525196902855105e-61,0,,172,100
1799,10607,11407,7.283178705838611e-77,0,,172,100
1800,10615,11415,4.8607503586601e-89,0,,172,100
1801,10619,11419,9.365870091840714e-87,0,,172,100
1802,10622,11422,9.565182015368939e-95,0,,173,100
1803,10631,11431,4.190932004987151e-112,0,,174,100
1804,10636,11436,2.6317076948681177e-115,0,,173,100
1805,10646,11446,4.80144793743536e-128,0,,175,100
1806,10651,11451,1.9284080195532865e-105,0,,174,100
1807,10655,11455,5.72731501070443e-44,0,,175,100
1808,10662,11462,1.258191980316388e-124,0,,177,100
1809,10672,11472,5.4342272335722075e-102,0,,176,100
1810,10675,11475,2.575002331531515e-89,0,,175,100
1811,10679,11479,2.6400799038501574e-107,0,,176,100
1812,10687,11487,6.0799841914019866e-127,0,,177,100
1813,10690,11490,1.0787485316654133e-123,0,,176,100
1814,10694,11494,8.801624659760657e-122,0,,178,100
1815,10706,11506,1.1143164559171565e-34,0,,178,100
1816,10709,11509,3.080399567675913e-46,0,,178,100
1817,10713,11513,1.2955123396353943e-33,0,,177,100
1818,10719,11519,4.034080955203958e-39,0,,177,100
1819,10722,11522,1.4413846094761327e-44,0,,176,100
1820,10728,11528,1.1453513093601045e-108,0,,177,100
1821,10732,11532,1.6449787511268744e-125,0,,176,100
1822,10737,11537,1.689809608282617e-108,0,,179,100
1823,10743,11543,3.949790005860506e-73,0,,179,100
1824,10747,11547,8.616969583227783e-66,0,,179,100
1825,10751,11551,6.632045359476522e-72,0,,179,100
1826,10755,11555,4.121257317334469e-17,0,,179,100
1827,10764,11564,1.935897698152018e-51,0,,180,100
1828,10767,11567,1.0987104432600554e-14,0,,179,100
1829,10774,11574,5.095856249545471e-06,0,,178,100
1830,10785,11585,8.777763660248984e-06,0,,177,100
1831,10795,11595,6.366917016898054e-06,0,,177,100
1832,10807,11607,3.3155460646058706e-17,0,,177,100
1833,10811,11611,3.903368843171003e-18,0,,177,100
1834,10817,11617,4.290507588773314e-20,0,,178,100
1835,10825,11625,1.3359644290613572e-25,0,,178,100
1836,10841,11641,4.277812151753313e-25,0,,175,100
1837,10844,11644,8.958095404935247e-29,0,,175,100
1838,10849,11649,8.068488381918575e-29,0,,175,100
1839,10853,11653,1.9942364433553363e-26,0,,175,100
1840,10858,11658,2.614824607671027e-29,0,,175,100
1841,10864,11664,9.5232338791778e-23,0,,175,100
1842,10870,11670,5.6738175676515565e-39,0,,175,100
1843,10873,11673,1.2909499621580116e-35,0,,175,100
1844,10883,11683,4.7121562069228423e-29,0,,176,100
1845,10887,11687,4.078865705690032e-30,0,,176,100
1846,10894,11694,3.45373638024963e-62,0,,176,100
1847,10898,11698,1.4230065911965732e-41,0,,176,100
1848,10907,11707,2.564188142525073e-59,0,,176,100
1849,10912,11712,2.2537613931111147e-71,0,,175,100
1850,10922,11722,5.645545465717979e-100,0,,175,100
1851,10926,11726,2.1392345122238922e-95,0,,177,100
1852,10936,11736,6.824483845592715e-218,0,,180,100
1853,10944,11744,1.3841874210332719e-78,0,,180,100
1854,10948,11748,2.3379163976928463e-58,0,,179,100
1855,10952,11752,1.0344858070747043e-62,0,,179,100
1856,10958,11758,1.302874492612172e-157,0,,181,100
1857,10965,11765,2.400002627411695e-93,0,,181,100
1858,10972,11772,3.4394459739006227e-44,0,,181,100
1859,10975,11775,3.6886930432898645e-84,0,,180,100
1860,10980,11780,9.659561866202384e-59,0,,181,100
1861,10993,11793,5.2678610717385427e-107,0,,181,100
1862,10996,11796,1.802528270907214e-41,0,,180,100
1863,11000,11800,2.518551826473508e-50,0,,181,100
1864,11011,11811,1.074039655119669e-43,0,,184,100
1865,11014,11814,5.077771003051148e-51,0,,182,100
1866,11018,11818,6.490632122003951e-49,0,,182,100
1867,11025,11825,1.368623046166007e-58,0,,183,100
1868,11033,11833,5.2834082426706556e-52,0,,183,100
1869,11036,11836,5.766048253438277e-248,0,,182,100
1870,11039,11839,3.090601967427538e-265,0,,182,100
1871,11043,11843,7.845247194181058e-274,0,,182,100
1872,11054,11854,5.3235117954523435e-230,0,,182,100
1873,11057,11857,2.872728865565579e-200,0,,183,100
1874,11065,11865,7.0151325737608896e-189,0,,183,100
1875,11075,11875,2.1671025695080905e-105,0,,180,100
1876,11083,11883,1.5901966060268573e-60,0,,179,100
1877,11086,11886,3.747251035387912e-48,0,,177,100
1878,11090,11890,1.1451696582625565e-44,0,,177,100
1879,11100,11900,2.432614349451118e-32,0,,178,100
1880,11103,11903,1.2292658151673828e-38,0,,178,100
1881,11115,11915,8.889269543050976e-62,0,,179,100
1882,11118,11918,1.3695674131268619e-65,0,,177,100
1883,11123,11923,1.4718718930805623e-54,0,,179,100
1884,11131,11931,2.996287443593431e-41,0,,179,100
1885,11134,11934,1.7779048232361388e-39,0,,179,100
1886,11138,11938,7.659644936326093e-41,0,,180,100
1887,11141,11941,4.030637229947249e-52,0,,179,100
1888,11145,11945,6.872469055140808e-67,0,,179,100
1889,11152,11952,4.571602727003536e-50,0,,181,100
1890,11156,11956,1.3083410006368882e-47,0,,181,100
1891,11165,11965,1.298488012884482e-46,0,,182,100
1892,11171,11971,9.062087943938507e-53,0,,184,100
1893,11177,11977,2.5146701540697394e-41,0,,184,100
1894,11184,11984,6.094135102912507e-31,0,,184,100
1895,11187,11987,1.5021628228188069e-33,0,,184,100
1896,11194,11994,3.372501365633053e-55,0,,183,100
1897,11200,12000,1.2969329924366344e-51,0,,185,100
1898,11204,12004,5.2639940905021883e-48,0,,185,100
1899,11207,12007,1.5684553459359956e-46,0,,186,100
1900,11218,12018,1.0903832566767676e-45,0,,186,100
1901,11221,12021,1.3895365257151166e-47,0,,185,100
1902,11225,12025,7.333971241480062e-39,0,,187,100
1903,11234,12034,1.849650756002514e-48,0,,188,100
1904,11240,12040,7.389394649597064e-27,0,,188,100
1905,11243,12043,1.5256978512114587e-31,0,,188,100
1906,11247,12047,1.376735817924449e-34,0,,188,100
1907,11252,12052,2.8586236505716628e-28,0,,188,100
1908,11256,12056,1.4320923778293522e-27,0,,189,100
1909,11265,12065,1.520869191447729e-82,0,,188,100
1910,11271,12071,1.61722350217273e-79,0,,190,100
1911,11279,12079,3.3377634360502205e-69,0,,190,100
1912,11283,12083,2.212579854363214e-87,0,,190,100
1913,11290,12090,1.8452655629392422e-100,0,,189,100
1914,11294,12094,5.771040233650229e-20,0,,189,100
1915,11296,12096,1.2188983867668674e-20,0,,187,100
1916,11300,12100,1.925025418294028e-19,0,,187,100
1917,11303,12103,1.0267208136165434e-31,0,,188,100
1918,11308,12108,1.2804922414409163e-11,0,,187,100
1919,11312,12112,4.090847711721289e-08,0,,187,100
1920,11315,12115,4.837244079705813e-11,0,,188,100
1921,11323,12123,3.6770100449834674e-16,0,,189,100
1922,11326,12126,5.037494220186281e-26,0,,189,100
1923,11331,12131,7.72405380124782e-19,0,,188,100
1924,11344,12144,8.354517992093298e-28,0,,187,100
1925,11348,12148,4.324728524200472e-17,0,,189,100
1926,11358,12158,4.536807209147916e-41,0,,187,100
1927,11362,12162,4.0583906897040244e-32,0,,188,100
1928,11370,12170,2.1196084125026514e-29,0,,188,100
1929,11374,12174,1.2316894028843266e-49,0,,188,100
1930,11379,12179,4.607415225239468e-49,0,,188,100
1931,11388,12188,5.384738837114357e-39,0,,187,100
1932,11392,12192,1.2510318436498635e-22,0,,187,100
1933,11402,12202,1.6446186867500613e-47,0,,186,100
1934,11405,12205,2.2168917070669584e-31,0,,186,100
1935,11409,12209,4.9298701427184443e-32,0,,187,100
1936,11414,12214,3.138566901194352e-49,0,,186,100
1937,11417,12217,4.602572605291778e-42,0,,185,100
1938,11424,12224,2.7450167255981724e-36,0,,184,100
1939,11431,12231,1.3469397554150372e-41,0,,183,100
1940,11437,12237,5.995614091835363e-37,0,,184,100
1941,11441,12241,1.9770100379747685e-52,0,,183,100
1942,11444,12244,2.2196025458350724e-45,0,,186,100
1943,11455,12255,1.3573046489877617e-28,0,,186,100
1944,11462,12262,1.2772739363828247e-37,0,,187,100
1945,11467,12267,6.216024719169605e-28,0,,187,100
1946,11470,12270,4.4367700670437545e-27,0,,186,100
1947,11476,12276,2.8637361837732107e-37,0,,187,100
1948,11479,12279,1.3961973442378429e-34,0,,186,100
1949,11489,12289,3.88235565052738e-60,0,,187,100
1950,11492,12292,3.4912788446898476e-42,0,,186,100
1951,11501,12301,2.772228431123912e-52,0,,185,100
1952,11505,12305,5.219462575164976e-40,0,,186,100
1953,11512,12312,8.749393416789299e-69,0,,187,100
1954,11519,12319,2.59619322687441e-49,0,,187,100
1955,11523,12323,5.346186875105326e-65,0,,187,100
1956,11531,12331,4.172410757041063e-37,0,,187,100
1957,11536,12336,3.0850843154345122e-111,0,,183,100
1958,11539,12339,1.4234855654656666e-30,0,,183,100
1959,11544,12344,7.460603229485115e-57,0,,183,100
1960,11547,12347,1.9417748925252143e-51,0,,183,100
1961,11557,12357,2.443726189339504e-53,0,,182,100
1962,11560,12360,2.8025127545970166e-47,0,,181,100
1963,11563,12363,2.965616489571716e-59,0,,181,100
1964,11568,12368,2.5270680046989778e-42,0,,183,100
1965,11574,12374,2.219894162783693e-108,0,,182,100
1966,11578,12378,1.9917738407344428e-99,0,,182,100
1967,11584,12384,1.0650873448937176e-91,0,,182,100
1968,11587,12387,1.2619076907478773e-65,0,,182,100
1969,11596,12396,1.4274401648031008e-95,0,,179,100
1970,11599,12399,5.073580161008493e-39,0,,179,100
1971,11611,12411,1.6356214017548044e-54,0,,178,100
1972,11614,12414,3.3102712733925904e-108,0,,178,100
1973,11620,12420,1.1988297223326158e-100,0,,178,100
1974,11628,12428,8.471087391300855e-84,0,,178,100
1975,11632,12432,3.810098329179079e-71,0,,178,100
1976,11638,12438,8.173216151364082e-56,0,,179,100
1977,11641,12441,3.944881691109548e-56,0,,179,100
1978,11647,12447,5.129124677499199e-52,0,,179,100
1979,11654,12454,4.5336735221574e-53,0,,180,100
1980,11657,12457,6.174280000742609e-46,0,,180,100
1981,11668,12468,2.205679051719486e-59,0,,181,100
1982,11671,12471,8.984226669865749e-70,0,,181,100
1983,11675,12475,5.38657903809402e-71,0,,181,100
1984,11682,12482,5.0352620644779795e-86,0,,182,100
1985,11685,12485,4.531620682164645e-81,0,,181,100
1986,11697,12497,5.119264056060929e-90,0,,183,100
1987,11704,12504,9.794637830289523e-102,0,,183,100
1988,11711,12511,5.8239282002887365e-121,0,,185,100
1989,11720,12520,8.113149419094629e-109,0,,185,100
1990,11723,12523,1.078779667204284e-119,0,,184,100
1991,11726,12526,1.6333912577429965e-124,0,,184,100
1992,11734,12534,1.568163808431289e-81,0,,185,100
1993,11737,12537,7.643808352475019e-81,0,,184,100
1994,11741,12541,1.678406795787272e-73,0,,187,100
1995,11744,12544,6.04449984381634e-59,0,,188,100
1996,11749,12549,3.15194799333215e-75,0,,187,100
1997,11755,12555,1.7284160381062546e-66,0,,187,100
1998,11758,12558,2.101380249310719e-65,0,,186,100
1999,11763,12563,1.4364156378169263e-64,0,,186,100
2000,11766,12566,1.5146217550527556e-78,0,,186,100
2001,11775,12575,4.1687536157122095e-71,0,,187,100
2002,11784,12584,2.2668935530923248e-79,0,,188,100
2003,11789,12589,4.4785788487017265e-71,0,,188,100
2004,11793,12593,5.209872046554687e-78,0,,188,100
2005,11801,12601,9.167889595412032e-40,0,,185,100
2006,11804,12604,3.159639786645443e-41,0,,184,100
2007,11815,12615,1.652157239242442e-28,0,,186,100
2008,11821,12621,1.8958325999319691e-59,0,,186,100
2009,11824,12624,4.534948942825628e-39,0,,186,100
2010,11830,12630,3.568216317832116e-41,0,,187,100
2011,11833,12633,9.162504278831546e-42,0,,186,100
2012,11837,12637,1.1560269524761744e-53,0,,187,100
2013,11848,12648,1.002504798141522e-52,0,,189,100
2014,11851,12651,1.9244480378541773e-38,0,,189,100
2015,11860,12660,7.275370336209811e-32,0,,190,100
2016,11863,12663,8.604659825684454e-37,0,,190,100
2017,11871,12671,8.510609074607063e-60,0,,191,100
2018,11874,12674,6.566631882925309e-32,0,,190,100
2019,11878,12678,2.2645460027466837e-40,0,,191,100
2020,11884,12684,5.667502648929044e-45,0,,191,100
2021,11887,12687,2.3105135298752153e-45,0,,191,100
2022,11891,12691,5.18194174376355e-49,0,,190,100
2023,11897,12697,6.339140516948077e-53,0,,191,100
2024,11902,12702,1.3965796262975485e-135,0,,191,100
2025,11908,12708,2.854371136624543e-66,0,,191,100
2026,11911,12711,2.3986481722111808e-122,0,,191,100
2027,11920,12720,4.062058846919986e-34,0,,191,100
2028,11924,12724,4.59388486874213e-36,0,,190,100
2029,11930,12730,4.054306682686356e-38,0,,191,100
2030,11938,12738,7.570222267387196e-34,0,,189,100
2031,11944,12744,1.060482405958993e-32,0,,189,100
2032,11948,12748,1.717277914653673e-42,0,,190,100
2033,11951,12751,9.615770477605798e-41,0,,189,100
2034,11957,12757,2.9810152400214034e-40,0,,189,100
2035,11961,12761,3.9695653521422485e-82,0,,188,100
2036,11968,12768,3.21404218940839e-61,0,,188,100
2037,11971,12771,3.468678099696902e-70,0,,190,100
2038,11979,12779,8.599712797031448e-71,0,,191,100
2039,11982,12782,7.593336597265729e-216,0,,190,100
2040,11989,12789,3.309072053502753e-172,0,,189,100
2041,11996,12796,4.363806851855948e-224,0,,190,100
2042,11999,12799,1.7015167711721704e-119,0,,190,100
2043,12003,12803,1.020879778329871e-217,0,,191,100
2044,12010,12810,1.491186836274259e-196,0,,190,100
2045,12013,12813,1.1258137255145296e-143,0,,190,100
2046,12023,12823,3.5571922417768845e-102,0,,189,100
2047,12026,12826,7.924358593068891e-90,0,,187,100
2048,12032,12832,1.0688775264539306e-104,0,,188,100
2049,12038,12838,2.233819522855662e-123,0,,187,100
2050,12041,12841,7.78758088520844e-65,0,,189,100
2051,12047,12847,1.1614078329070676e-81,0,,188,100
2052,12052,12852,1.6815032323083686e-53,0,,188,100
2053,12056,12856,2.461550054663465e-68,0,,189,100
2054,12066,12866,1.4538724198457822e-58,0,,188,100
2055,12070,12870,1.7319097279236975e-52,0,,188,100
2056,12073,12873,2.625577443619081e-57,0,,189,100
2057,12085,12885,2.671898154320329e-60,0,,191,100
2058,12088,12888,1.907612351179778e-58,0,,191,100
2059,12103,12903,2.753650107143225e-105,0,,192,100
2060,12108,12908,3.939495249429481e-110,0,,192,100
2061,12111,12911,8.272281122066377e-137,0,,191,100
2062,12116,12916,1.3402876190179326e-228,0,,190,100
2063,12120,12920,5.028218088602942e-218,0,,190,100
2064,12122,12922,1.9758999298933844e-257,0,,190,100
2065,12130,12930,2.1316707360224298e-246,0,,190,100
2066,12140,12940,8.118958455641314e-250,0,,192,100
2067,12144,12944,9.367772077079324e-49,0,,193,100
2068,12152,12952,3.358593927967579e-24,0,,193,100
2069,12155,12955,6.577332178032283e-27,0,,193,100
2070,12159,12959,3.8195101635622745e-33,0,,193,100
2071,12168,12968,7.277390352511277e-30,0,,194,100
2072,12172,12972,1.922417084689883e-35,0,,194,100
2073,12185,12985,1.0374423378712127e-52,0,,194,100
2074,12188,12988,1.815675697911405e-55,0,,194,100
2075,12192,12992,2.926324425706039e-76,0,,194,100
2076,12199,12999,5.488147396263895e-25,0,,195,100
2077,12205,13005,2.0852478936584734e-17,0,,193,100
2078,12211,13011,2.6660248481646392e-21,0,,193,100
2079,12214,13014,6.813728104106815e-28,0,,193,100
2080,12224,13024,2.034202238822769e-33,0,,193,100
2081,12229,13029,3.0471315912170444e-19,0,,192,100
2082,12234,13034,1.218720517068624e-57,0,,193,100
2083,12237,13037,9.464588458230092e-56,0,,193,100
2084,12244,13044,1.4034578609921242e-22,0,,190,100
2085,12247,13047,1.132528730040988e-21,0,,189,100
2086,12253,13053,8.085251139478684e-21,0,,190,100
2087,12256,13056,5.707034436660828e-17,0,,190,100
2088,12265,13065,2.2646172035659216e-17,0,,190,100
2089,12271,13071,1.3736137252377147e-14,0,,189,100
2090,12274,13074,3.061977811127865e-14,0,,190,100
2091,12282,13082,1.68440626559489e-25,0,,190,100
2092,12285,13085,7.431101127697739e-22,0,,189,100
2093,12289,13089,9.801285017320573e-26,0,,189,100
2094,12296,13096,5.739583487138532e-26,0,,190,100
2095,12304,13104,1.870983597511714e-27,0,,192,100
2096,12308,13108,1.4894956756124896e-25,0,,192,100
2097,12311,13111,6.238420326576071e-16,0,,192,100
2098,12318,13118,3.4197252594838165e-16,0,,192,100
2099,12326,13126,5.827831690633948e-16,0,,192,100
2100,12330,13130,1.0076522327442955e-15,0,,193,100
2101,12337,13137,1.5707636655699046e-13,0,,193,100
2102,12340,13140,4.523298683534298e-15,0,,195,100
2103,12347,13147,1.4835442248345426e-17,0,,195,100
2104,12350,13150,7.392741849644749e-17,0,,195,100
2105,12356,13156,5.4214938599239297e-17,0,,195,100
2106,12362,13162,3.837688659603183e-21,0,,196,100
2107,12368,13168,9.079661495379058e-15,0,,196,100
2108,12375,13175,8.364392096548687e-20,0,,196,100
2109,12383,13183,2.8702321422287854e-17,0,,195,100
2110,12387,13187,8.27866181468602e-17,0,,195,100
2111,12395,13195,1.491878068275774e-12,0,,195,100
2112,12398,13198,2.6395661177008177e-14,0,,195,100
2113,12402,13202,9.462306192730337e-20,0,,195,100
2114,12412,13212,2.486145693468829e-13,0,,196,100
2115,12419,13219,1.1087035828888737e-14,0,,196,100
2116,12422,13222,1.2094328842008751e-19,0,,195,100
2117,12426,13226,1.1698443546332752e-15,0,,196,100
2118,12435,13235,6.89417866835983e-17,0,,195,100
2119,12446,13246,1.339414177006804e-20,0,,193,100
2120,12454,13254,1.110623072452608e-130,0,,193,100
2121,12457,13257,5.7471073287895e-61,0,,192,100
2122,12464,13264,1.2409859845818824e-68,0,,193,100
2123,12467,13267,3.5715379274715964e-68,0,,193,100
2124,12471,13271,1.2526567016822389e-62,0,,193,100
2125,12476,13276,3.848990746915326e-93,0,,193,100
2126,12486,13286,9.18179959844105e-52,0,,195,100
2127,12491,13291,2.076519462044581e-79,0,,195,100
2128,12495,13295,4.05444483783559e-74,0,,194,100
2129,12501,13301,1.388148887277945e-78,0,,194,100
2130,12509,13309,1.0533614369598028e-196,0,,194,100
2131,12512,13312,4.607077581189249e-217,0,,193,100
2132,12520,13320,3.483387311048256e-176,0,,194,100
2133,12528,13328,4.714702749805143e-82,0,,190,100
2134,12536,13336,1.3769606706335542e-55,0,,191,100
2135,12540,13340,1.1530800607647556e-59,0,,188,100
2136,12543,13343,4.254744656195389e-36,0,,188,100
2137,12549,13349,1.4432657888119216e-43,0,,188,100
2138,12555,13355,8.223862677116928e-37,0,,191,100
2139,12561,13361,1.0524173509495844e-35,0,,191,100
2140,12566,13366,1.2056165922007374e-38,0,,191,100
2141,12570,13370,1.9961265784301894e-66,0,,193,100
2142,12578,13378,8.829933783152405e-37,0,,193,100
2143,12588,13388,2.3616985879113275e-41,0,,193,100
2144,12591,13391,6.038596625802851e-41,0,,192,100
2145,12606,13406,1.6550312508838207e-28,0,,194,100
2146,12612,13412,3.65563124054356e-31,0,,193,100
2147,12620,13420,6.666121313124447e-33,0,,195,100
2148,12623,13423,2.7548101275755576e-29,0,,195,100
2149,12630,13430,1.1540036084085044e-34,0,,193,100
2150,12634,13434,3.4519958803837586e-31,0,,192,100
2151,12644,13444,9.500940945152793e-45,0,,190,100
2152,12649,13449,2.566620643612301e-33,0,,190,100
2153,12656,13456,1.3245810863450212e-56,0,,188,100
2154,12661,13461,6.276018519537273e-51,0,,191,100
2155,12667,13467,1.322872802232273e-42,0,,190,100
2156,12670,13470,1.6838265686366038e-34,0,,190,100
2157,12678,13478,8.347981653877496e-38,0,,189,100
2158,12683,13483,2.7370833447945588e-33,0,,190,100
2159,12687,13487,1.9421914105401577e-46,0,,190,100
2160,12693,13493,6.034654521078597e-48,0,,190,100
2161,12697,13497,1.6313460447522152e-41,0,,190,100
2162,12702,13502,3.942792303837989e-46,0,,191,100
2163,12706,13506,6.860856761657209e-46,0,,192,100
2164,12713,13513,7.247840216096275e-29,0,,191,100
2165,12718,13518,2.688821877906728e-23,0,,190,100
2166,12720,13520,5.0497505478298193e-23,0,,190,100
2167,12727,13527,4.658808983017698e-34,0,,190,100
2168,12730,13530,2.655167473843196e-36,0,,190,100
2169,12738,13538,1.5144561158821174e-43,0,,191,100
2170,12741,13541,2.3146425478784106e-35,0,,191,100
2171,12748,13548,8.903691901764153e-35,0,,188,100
2172,12753,13553,6.294063750075725e-54,0,,188,100
2173,12757,13557,8.470365903848372e-52,0,,188,100
2174,12762,13562,1.0600413726249551e-71,0,,188,100
2175,12765,13565,5.478402834777466e-57,0,,188,100
2176,12776,13576,3.5592893835311165e-75,0,,186,100
2177,12779,13579,2.6815709159753463e-56,0,,185,100
2178,12784,13584,7.183412558324631e-62,0,,186,100
2179,12790,13590,1.4003363365486242e-55,0,,184,100
2180,12795,13595,1.1747152166930585e-58,0,,182,100
2181,12798,13598,1.0153700573333414e-51,0,,181,100
2182,12802,13602,1.0457641041062723e-47,0,,181,100
2183,12812,13612,1.4797170910656378e-53,0,,178,100
2184,12816,13616,3.852011579713238e-51,0,,178,100
2185,12827,13627,2.185504682786733e-61,0,,175,100
2186,12830,13630,1.9592871769245419e-63,0,,174,100
2187,12841,13641,3.0047619660171253e-63,0,,172,100
2188,12844,13644,1.8747133246425345e-67,0,,171,100
2189,12850,13650,4.0709272177373174e-88,0,,170,100
2190,12854,13654,1.8843312833799837e-96,0,,169,100
2191,12860,13660,3.3468699031925386e-82,0,,168,100
2192,12863,13663,1.3112754224417095e-60,0,,167,100
2193,12874,13674,1.275415116609705e-86,0,,162,100
2194,12877,13677,3.104740368268784e-70,0,,161,100
2195,12883,13683,1.4199177876779738e-73,0,,160,100
2196,12890,13690,3.483715331898345e-87,0,,158,100
2197,12898,13698,2.0247446598689423e-103,0,,157,100
2198,12902,13702,5.550582643891309e-88,0,,156,100
2199,12910,13710,4.393721152257892e-83,0,,155,100
2200,12913,13713,1.080017547895582e-106,0,,154,100
2201,12917,13717,8.834071373273265e-96,0,,153,100
2202,12927,13727,5.70733623794275e-41,0,,151,100
2203,12931,13731,5.986373239008113e-35,0,,150,100
2204,12935,13735,6.837254685115831e-33,0,,149,100
2205,12943,13743,4.671821037974239e-41,0,,146,100
2206,12946,13746,2.5380820751423314e-44,0,,146,100
2207,12953,13753,6.571877374520881e-29,0,,144,100
2208,12956,13756,4.508670347347172e-80,0,,142,100
2209,12964,13764,1.5510400181351192e-68,0,,141,100
2210,12967,13767,4.471730223527506e-26,0,,140,100
2211,12976,13776,5.015336506767609e-28,0,,137,100
2212,12983,13783,5.217356472605575e-50,0,,136,100
2213,12988,13788,2.0592369445858006e-30,0,,135,100
2214,12992,13792,2.3545344842895577e-28,0,,134,100
2215,12995,13795,7.950055135886413e-29,0,,134,100
2216,13006,13806,1.17238807945727e-30,0,,132,100
2217,13016,13816,1.2700150773911852e-49,0,,131,100
2218,13020,13820,7.427391660318652e-46,0,,131,100
2219,13030,13830,1.1483397248229357e-65,0,,129,100
2220,13035,13835,1.542329881310315e-53,0,,128,100
2221,13046,13846,2.956207573725767e-64,0,,127,100
2222,13052,13852,1.818991105570911e-23,0,,124,100
2223,13056,13856,5.0722191807405437e-79,0,,123,100
2224,13060,13860,1.485891252930406e-83,0,,122,100
2225,13064,13864,5.362421915085544e-97,0,,122,100
2226,13072,13872,5.975504698253336e-78,0,,120,100
2227,13075,13875,7.220844263803332e-80,0,,119,100
2228,13079,13879,1.6433128920031328e-75,0,,119,100
2229,13086,13886,3.501337272863277e-25,0,,117,100
2230,13090,13890,4.030539298945573e-93,0,,116,100
2231,13099,13899,2.573477417055366e-46,0,,112,100
2232,13104,13904,1.4745531029618762e-47,0,,111,100
2233,13107,13907,2.0631639981187608e-48,0,,110,100
2234,13111,13911,8.119729870845841e-45,0,,109,100
2235,13117,13917,1.7814452981427307e-35,0,,108,100
2236,13120,13920,2.3698573611512775e-30,0,,106,100
2237,13128,13928,7.08262476568709e-33,0,,105,100
2238,13131,13931,1.9549085518293412e-41,0,,104,100
2239,13140,13940,6.904719673830194e-48,0,,101,100
2240,13146,13946,2.4454870027022096e-60,0,,100,100
