window_index,char_start,char_end,p_z,extracted,error,n_tokens_in_chunk,sequence_len_tokens
0,0,800,7.106846910112758e-81,0,,208,100
1,10,810,1.700168924007336e-107,0,,203,100
2,20,820,5.031669347897009e-87,0,,202,100
3,30,830,6.519982298852506e-114,0,,201,100
4,40,840,3.1600916868809575e-202,0,,201,100
5,50,850,2.735965867906796e-141,0,,198,100
6,60,860,6.613902791746253e-106,0,,202,100
7,70,870,1.109627870552945e-107,0,,203,100
8,80,880,5.330532382567821e-117,0,,202,100
9,90,890,9.340391360642088e-137,0,,202,100
10,100,900,7.264188961628318e-106,0,,202,100
11,110,910,4.1932006355078316e-74,0,,200,100
12,120,920,1.4268847651323723e-87,0,,197,100
13,130,930,7.4926432708435335e-177,0,,199,100
14,140,940,9.897166123353271e-155,0,,198,100
15,150,950,2.7383349477539374e-169,0,,197,100
16,160,960,2.964787779390343e-208,0,,196,100
17,170,970,1.8127592111117378e-84,0,,195,100
18,180,980,2.2567406884828942e-139,0,,194,100
19,190,990,9.617844042580711e-188,0,,195,100
20,200,1000,1.4583039253984734e-191,0,,193,100
21,210,1010,7.576914354242699e-169,0,,192,100
22,220,1020,7.533094081554615e-144,0,,192,100
23,230,1030,1.0127653594137786e-156,0,,191,100
24,240,1040,2.722993191534455e-147,0,,192,100
25,250,1050,1.4278704367885043e-89,0,,191,100
26,260,1060,1.1559440471446854e-176,0,,192,100
27,270,1070,1.4318197936467869e-214,0,,192,100
28,280,1080,4.3295284492132276e-169,0,,193,100
29,290,1090,7.000689106777263e-145,0,,192,100
30,300,1100,2.986131687775981e-155,0,,196,100
31,310,1110,6.677350473775454e-119,0,,196,100
32,320,1120,2.2154775583462173e-187,0,,196,100
33,330,1130,2.5220065985590127e-136,0,,195,100
34,340,1140,4.3268000879814706e-138,0,,194,100
35,350,1150,2.982626333081247e-110,0,,196,100
36,360,1160,8.026729497448566e-245,0,,195,100
37,370,1170,3.850248216896352e-199,0,,193,100
38,380,1180,7.649096923870361e-103,0,,193,100
39,390,1190,3.2867015633625223e-106,0,,196,100
40,400,1200,1.2407240996344886e-124,0,,195,100
41,410,1210,1.4346310118981505e-87,0,,195,100
42,420,1220,4.480186716982856e-124,0,,196,100
43,430,1230,1.936130478697023e-77,0,,195,100
44,440,1240,9.190404867796364e-110,0,,194,100
45,450,1250,5.1589387735544756e-71,0,,195,100
46,460,1260,2.2405290373002988e-226,0,,196,100
47,470,1270,3.945559973049888e-128,0,,195,100
48,480,1280,1.1957142962612022e-195,0,,195,100
49,490,1290,4.51446138076675e-145,0,,193,100
50,500,1300,6.767817201002485e-138,0,,194,100
51,510,1310,7.008744044500638e-121,0,,193,100
52,520,1320,5.109687336726418e-148,0,,192,100
53,530,1330,2.3390057558722455e-65,0,,194,100
54,540,1340,1.4078628510415005e-234,0,,195,100
55,550,1350,1.0638519830762508e-270,0,,194,100
56,560,1360,3.499348873728158e-182,0,,195,100
57,570,1370,4.716450724361892e-148,0,,197,100
58,580,1380,1.2425242915219107e-195,0,,199,100
59,590,1390,1.6735478359902352e-235,0,,202,100
60,600,1400,8.808950132505333e-149,0,,202,100
61,610,1410,1.8237159998358263e-100,0,,203,100
62,620,1420,2.4707147628960762e-101,0,,202,100
63,630,1430,1.1365482277373001e-96,0,,201,100
64,640,1440,2.0127514181307835e-222,0,,198,100
65,650,1450,6.225773655583221e-274,0,,200,100
66,660,1460,8.593128360839799e-148,0,,201,100
67,670,1470,4.819076222582237e-161,0,,201,100
68,680,1480,2.45122546377444e-129,0,,201,100
69,690,1490,9.614568788937136e-85,0,,198,100
70,700,1500,1.9146668514903585e-78,0,,197,100
71,710,1510,1.3424346835878234e-136,0,,195,100
72,720,1520,7.678318413747596e-225,0,,196,100
73,730,1530,5.093563833221279e-193,0,,195,100
74,740,1540,9.683094491136528e-120,0,,193,100
75,750,1550,9.91900353952539e-106,0,,192,100
76,760,1560,1.2745060179772045e-64,0,,190,100
77,770,1570,2.1672741711491433e-210,0,,189,100
78,780,1580,4.1063291579517966e-159,0,,190,100
79,790,1590,4.414496663203709e-134,0,,188,100
80,800,1600,1.145487534977542e-196,0,,188,100
81,810,1610,2.705307170319806e-111,0,,188,100
82,820,1620,9.671432872337801e-108,0,,188,100
83,830,1630,6.3428955439104725e-49,0,,186,100
84,840,1640,1.1133675102418541e-50,0,,188,100
85,850,1650,2.4663075022832596e-56,0,,188,100
86,860,1660,8.38403509130755e-89,0,,186,100
87,870,1670,1.3958892920875142e-102,0,,188,100
88,880,1680,6.870419684581646e-134,0,,188,100
89,890,1690,5.4545529775871634e-170,0,,189,100
90,900,1700,5.212262395824033e-90,0,,188,100
91,910,1710,9.290833529425483e-108,0,,188,100
92,920,1720,8.459787169260914e-80,0,,188,100
93,930,1730,2.269975669535075e-31,0,,187,100
94,940,1740,1.572039135922181e-101,0,,186,100
95,950,1750,1.8496324065692678e-79,0,,185,100
96,960,1760,3.4346972464987503e-99,0,,187,100
97,970,1770,3.043058699079425e-111,0,,188,100
98,980,1780,7.863938915757443e-107,0,,186,100
99,990,1790,2.428170621994718e-96,0,,185,100
100,1000,1800,1.780701051893473e-105,0,,183,100
101,1010,1810,1.339519131945497e-74,0,,184,100
102,1020,1820,5.042676272757523e-44,0,,185,100
103,1030,1830,3.153902697107803e-89,0,,186,100
104,1040,1840,1.0200393340976267e-91,0,,187,100
105,1050,1850,1.619686539962656e-127,0,,186,100
106,1060,1860,5.546567438286015e-129,0,,186,100
107,1070,1870,2.854062773703632e-173,0,,184,100
108,1080,1880,1.9928007750364935e-248,0,,183,100
109,1090,1890,3.669175456314956e-176,0,,183,100
110,1100,1900,3.1264613997647923e-121,0,,185,100
111,1110,1910,3.30028734573113e-159,0,,184,100
112,1120,1920,9.671658315612506e-150,0,,180,100
113,1130,1930,2.229188212943556e-184,0,,180,100
114,1140,1940,3.1891429968076215e-192,0,,181,100
115,1150,1950,2.1870958071224406e-206,0,,181,100
116,1160,1960,2.751151583644849e-279,0,,183,100
117,1170,1970,1.3420478398786108e-114,0,,183,100
118,1180,1980,1.925385327029787e-126,0,,183,100
119,1190,1990,3.104349236920888e-64,0,,183,100
120,1200,2000,1.1614202170574705e-102,0,,182,100
121,1210,2010,2.3024495600879647e-141,0,,183,100
122,1220,2020,1.939900945089416e-153,0,,183,100
123,1230,2030,3.2657423289337523e-180,0,,182,100
124,1240,2040,2.2446180810065766e-201,0,,181,100
125,1250,2050,2.5681315817487967e-148,0,,180,100
126,1260,2060,1.9073049328677208e-146,0,,180,100
127,1270,2070,4.654399331423204e-126,0,,179,100
128,1280,2080,5.542419197985141e-155,0,,181,100
129,1290,2090,2.1067193642659332e-137,0,,182,100
130,1300,2100,8.152347242604212e-133,0,,180,100
131,1310,2110,6.583892012303061e-157,0,,183,100
132,1320,2120,8.172903969538022e-187,0,,184,100
133,1330,2130,5.02423042083499e-280,0,,183,100
134,1340,2140,2.831557165342222e-163,0,,184,100
135,1350,2150,2.3261190467366742e-122,0,,183,100
136,1360,2160,2.396807836047203e-153,0,,183,100
137,1370,2170,2.147671835688207e-150,0,,180,100
138,1380,2180,9.479477356894278e-124,0,,178,100
139,1390,2190,2.1249323538106016e-110,0,,179,100
140,1400,2200,7.319781574720797e-230,0,,179,100
141,1410,2210,5.799489004421959e-144,0,,180,100
142,1420,2220,2.1044211333627038e-138,0,,180,100
143,1430,2230,2.1989458190567173e-153,0,,181,100
144,1440,2240,1.8042232814215756e-158,0,,182,100
145,1450,2250,7.728134110911733e-128,0,,179,100
146,1460,2260,1.8817316621175328e-126,0,,177,100
147,1470,2270,3.4024319441210666e-106,0,,177,100
148,1480,2280,1.38989235216674e-157,0,,177,100
149,1490,2290,3.289249004982539e-207,0,,177,100
150,1500,2300,5.181218630881127e-115,0,,176,100
151,1510,2310,5.2043094991405705e-143,0,,176,100
152,1520,2320,5.956873217395984e-164,0,,176,100
153,1530,2330,2.2637112051658148e-130,0,,176,100
154,1540,2340,7.704704355488368e-141,0,,177,100
155,1550,2350,4.558158775102381e-238,0,,176,100
156,1560,2360,4.145424421715536e-140,0,,175,100
157,1570,2370,2.624042341073943e-150,0,,174,100
158,1580,2380,1.434893375795042e-188,0,,175,100
159,1590,2390,9.989177060025094e-132,0,,176,100
160,1600,2400,2.3448847505382926e-116,0,,177,100
161,1610,2410,2.4099285190402722e-151,0,,177,100
162,1620,2420,4.806227549596807e-240,0,,176,100
163,1630,2430,1.414963981629914e-174,0,,176,100
164,1640,2440,4.164343207039527e-165,0,,177,100
165,1650,2450,1.181726551223441e-137,0,,175,100
166,1660,2460,8.767610692031466e-164,0,,176,100
167,1670,2470,2.379030697587327e-159,0,,177,100
168,1680,2480,2.8087206456442587e-135,0,,177,100
169,1690,2490,3.202442903014041e-236,0,,177,100
170,1700,2500,1.3083252175890108e-111,0,,177,100
171,1710,2510,1.647609012215547e-146,0,,178,100
172,1720,2520,1.1357208308381953e-145,0,,176,100
173,1730,2530,1.5533488155831537e-133,0,,179,100
174,1740,2540,5.491238145047189e-210,0,,177,100
175,1750,2550,9.798302177857544e-193,0,,176,100
176,1760,2560,5.001829664592311e-198,0,,175,100
177,1770,2570,3.2697694757916727e-189,0,,176,100
178,1780,2580,9.637032416753902e-148,0,,174,100
179,1790,2590,1.287134358530989e-191,0,,176,100
180,1800,2600,8.89021544020159e-103,0,,177,100
181,1810,2610,1.0033163102190432e-160,0,,177,100
182,1820,2620,3.271260607714362e-116,0,,178,100
183,1830,2630,2.8397694211158737e-156,0,,176,100
184,1840,2640,3.6881912334344706e-173,0,,176,100
185,1850,2650,4.6845926411316325e-177,0,,176,100
186,1860,2660,2.074517131776426e-186,0,,175,100
187,1870,2670,5.946768809129106e-192,0,,177,100
188,1880,2680,4.256153321185533e-227,0,,176,100
189,1890,2690,3.277146380085751e-257,0,,176,100
190,1900,2700,1.0156983885599162e-155,0,,174,100
191,1910,2710,2.1696738792919577e-152,0,,176,100
192,1920,2720,6.9197244972175895e-127,0,,175,100
193,1930,2730,1.3092122082871373e-124,0,,175,100
194,1940,2740,4.201735231603821e-149,0,,177,100
195,1950,2750,2.0956493253015277e-151,0,,176,100
196,1960,2760,1.5849213640899895e-180,0,,176,100
197,1970,2770,2.0985675955967626e-178,0,,177,100
198,1980,2780,5.076209223103601e-167,0,,173,100
199,1990,2790,7.146930060964611e-198,0,,171,100
200,2000,2800,1.3961884900959212e-159,0,,171,100
201,2010,2810,1.0923291282668802e-181,0,,171,100
202,2020,2820,4.7193746411055055e-265,0,,172,100
203,2030,2830,9.49900461723141e-301,0,,174,100
204,2040,2840,1.9541147191475308e-184,0,,176,100
205,2050,2850,1.130876935267187e-270,0,,174,100
206,2060,2860,1.1204020258428633e-251,0,,174,100
207,2070,2870,1.0661912679127322e-239,0,,174,100
208,2080,2880,2.6707145895926806e-132,0,,173,100
209,2090,2890,1.8578243928584353e-229,0,,172,100
210,2100,2900,4.071141150942281e-233,0,,172,100
211,2110,2910,1.1062477746523946e-218,0,,171,100
212,2120,2920,2.9282274634805035e-150,0,,171,100
213,2130,2930,8.366759160399738e-209,0,,168,100
214,2140,2940,7.6632576088232e-194,0,,169,100
215,2150,2950,1.3134280796228354e-216,0,,169,100
216,2160,2960,1.0501669108044037e-173,0,,171,100
217,2170,2970,3.1775494117653306e-117,0,,171,100
218,2180,2980,1.047066409937903e-187,0,,171,100
219,2190,2990,3.5362664062553167e-189,0,,168,100
220,2200,3000,8.008152993082308e-191,0,,169,100
221,2210,3010,1.2891873422062482e-178,0,,170,100
222,2220,3020,1.2005123309149487e-250,0,,169,100
223,2230,3030,1.5337004857462655e-166,0,,168,100
224,2240,3040,2.2810186198320835e-170,0,,171,100
225,2250,3050,7.138191775722566e-149,0,,171,100
226,2260,3060,2.2711996120960302e-212,0,,169,100
227,2270,3070,8.739352380115483e-233,0,,169,100
228,2280,3080,4.555715194559673e-195,0,,169,100
229,2290,3090,1.518384148776672e-204,0,,169,100
230,2300,3100,2.8272927947195935e-169,0,,169,100
231,2310,3110,3.742780282420538e-296,0,,173,100
232,2320,3120,1.6366579957287388e-193,0,,171,100
233,2330,3130,0.0,0,,170,100
234,2340,3140,1.322804683122164e-131,0,,168,100
235,2350,3150,5.066491757287986e-97,0,,168,100
236,2360,3160,1.7019623618771028e-90,0,,168,100
237,2370,3170,1.675986686922159e-154,0,,168,100
238,2380,3180,1.2481212838393492e-178,0,,172,100
239,2390,3190,2.369417663238717e-254,0,,167,100
240,2400,3200,4.4703376485005765e-200,0,,167,100
241,2410,3210,4.1480235966274207e-225,0,,165,100
242,2420,3220,1.849636876769475e-238,0,,166,100
243,2430,3230,1.6635539682304265e-139,0,,165,100
244,2440,3240,5.643912943589218e-115,0,,165,100
245,2450,3250,1.6829206755131706e-133,0,,167,100
246,2460,3260,1.4151696059039304e-102,0,,170,100
247,2470,3270,6.883395726432108e-228,0,,168,100
248,2480,3280,1.0374565713816367e-267,0,,170,100
249,2490,3290,1.0056140391740607e-177,0,,167,100
250,2500,3300,1.73226820061137e-117,0,,166,100
251,2510,3310,2.4582367145497602e-105,0,,166,100
252,2520,3320,1.6978330676404297e-104,0,,166,100
253,2530,3330,2.8832106809592665e-136,0,,168,100
254,2540,3340,5.345598174254151e-120,0,,169,100
255,2550,3350,1.3280578227948111e-135,0,,169,100
256,2560,3360,6.76802461573545e-270,0,,170,100
257,2570,3370,3.46e-322,0,,170,100
258,2580,3380,1.0996221822423987e-227,0,,169,100
259,2590,3390,2.6054066682471093e-198,0,,169,100
260,2600,3400,0.0,0,,169,100
261,2610,3410,3.6462628642085404e-152,0,,169,100
262,2620,3420,2.6204680283003834e-121,0,,170,100
263,2630,3430,2.0819264157805022e-150,0,,170,100
264,2640,3440,1.4351174955032303e-194,0,,171,100
265,2650,3450,4.729910307058984e-174,0,,171,100
266,2660,3460,2.0976270308104127e-270,0,,170,100
267,2670,3470,7.398690322488658e-248,0,,170,100
268,2680,3480,7.237947160656903e-233,0,,170,100
269,2690,3490,1.2108749413562348e-168,0,,170,100
270,2700,3500,5.776331328873229e-260,0,,172,100
271,2710,3510,9.612485731738559e-155,0,,169,100
272,2720,3520,6.389214045758572e-151,0,,170,100
273,2730,3530,1.0075634169482634e-174,0,,168,100
274,2740,3540,6.64457774702761e-130,0,,167,100
275,2750,3550,2.2087079609964544e-210,0,,169,100
276,2760,3560,1.3121178332162158e-196,0,,166,100
277,2770,3570,5.379339544959203e-209,0,,167,100
278,2780,3580,4.918472757919166e-167,0,,169,100
279,2790,3590,1.4950514649609548e-285,0,,170,100
280,2800,3600,5.932807264890151e-268,0,,171,100
281,2810,3610,6.422671049423941e-192,0,,171,100
282,2820,3620,5.165796639077999e-166,0,,171,100
283,2830,3630,8.042139562009641e-131,0,,172,100
284,2840,3640,3.136159257841762e-99,0,,171,100
285,2850,3650,3.8244292471538615e-237,0,,171,100
286,2860,3660,2.2856890513619087e-187,0,,170,100
287,2870,3670,5.201425978347636e-191,0,,171,100
288,2880,3680,1.869083429504406e-280,0,,171,100
289,2890,3690,0.0,0,,170,100
290,2900,3700,2.7358657765798304e-254,0,,171,100
291,2910,3710,4.955378161964144e-133,0,,171,100
292,2920,3720,1.4989536402329546e-88,0,,171,100
293,2930,3730,5.821861907888475e-96,0,,170,100
294,2940,3740,8.880718747233985e-61,0,,171,100
295,2950,3750,1.5789469118414776e-121,0,,171,100
296,2960,3760,1.6144153345184844e-140,0,,172,100
297,2970,3770,5.823388705773713e-201,0,,172,100
298,2980,3780,2.5682322347675246e-197,0,,172,100
299,2990,3790,5.973639869947086e-198,0,,172,100
300,3000,3800,2.7011288134841915e-135,0,,171,100
301,3010,3810,2.5391258480532884e-109,0,,172,100
302,3020,3820,9.0750463616895e-118,0,,172,100
303,3030,3830,8.507056242525565e-55,0,,170,100
304,3040,3840,3.8547622239941776e-82,0,,171,100
305,3050,3850,4.216530591739377e-131,0,,171,100
306,3060,3860,4.956167110044563e-124,0,,171,100
307,3070,3870,9.723730842688226e-130,0,,173,100
308,3080,3880,1.5156986271940305e-132,0,,174,100
309,3090,3890,8.01192437732068e-140,0,,173,100
310,3100,3900,9.413265971655399e-113,0,,175,100
311,3110,3910,2.2273653985573492e-132,0,,174,100
312,3120,3920,2.757339813660725e-99,0,,174,100
313,3130,3930,2.176499340575994e-86,0,,176,100
314,3140,3940,1.3875176902480886e-91,0,,177,100
315,3150,3950,1.733901624360507e-113,0,,179,100
316,3160,3960,1.7846057356754114e-159,0,,180,100
317,3170,3970,2.901899445282778e-132,0,,181,100
318,3180,3980,6.368871619198037e-139,0,,179,100
319,3190,3990,3.194355395041916e-156,0,,179,100
320,3200,4000,1.840200694421811e-145,0,,181,100
321,3210,4010,4.039804794219967e-108,0,,182,100
322,3220,4020,2.2983006911308434e-92,0,,183,100
323,3230,4030,1.5303991538629735e-139,0,,183,100
324,3240,4040,2.5135667471690255e-85,0,,185,100
325,3250,4050,7.040872081440379e-126,0,,182,100
326,3260,4060,2.557568792369936e-108,0,,177,100
327,3270,4070,1.8414624798314432e-98,0,,178,100
328,3280,4080,9.326258641641245e-132,0,,177,100
329,3290,4090,8.166860534212158e-150,0,,179,100
330,3300,4100,2.783868934784767e-141,0,,177,100
331,3310,4110,4.9937907854746475e-191,0,,179,100
332,3320,4120,1.3858181754228203e-217,0,,181,100
333,3330,4130,2.706854148975272e-114,0,,178,100
334,3340,4140,5.356569672380868e-109,0,,177,100
335,3350,4150,4.7070189686728656e-110,0,,179,100
336,3360,4160,7.521714276266732e-125,0,,176,100
337,3370,4170,5.82459002937358e-109,0,,176,100
338,3380,4180,8.445371643171266e-110,0,,178,100
339,3390,4190,3.726082502405748e-144,0,,177,100
340,3400,4200,6.885804942444919e-250,0,,176,100
341,3410,4210,7.261902094650971e-197,0,,177,100
342,3420,4220,4.408674418541118e-227,0,,179,100
343,3430,4230,4.378958440522213e-154,0,,174,100
344,3440,4240,7.058787877979534e-195,0,,173,100
345,3450,4250,6.366553923176428e-129,0,,176,100
346,3460,4260,1.5086475857378676e-148,0,,175,100
347,3470,4270,7.975618740700965e-168,0,,175,100
348,3480,4280,3.293838902981877e-228,0,,176,100
349,3490,4290,1.6473879691971595e-118,0,,178,100
350,3500,4300,3.860831381385287e-161,0,,178,100
351,3510,4310,1.7971333638827414e-171,0,,179,100
352,3520,4320,1.1354666803239058e-186,0,,180,100
353,3530,4330,2.3276080352579153e-188,0,,179,100
354,3540,4340,1.1595464341543263e-161,0,,180,100
355,3550,4350,1.1493734725565647e-157,0,,179,100
356,3560,4360,1.1878603031778483e-200,0,,180,100
357,3570,4370,3.177799505230682e-146,0,,178,100
358,3580,4380,8.684861141405737e-195,0,,180,100
359,3590,4390,2.564561731384826e-150,0,,179,100
360,3600,4400,6.451531084909877e-163,0,,178,100
361,3610,4410,9.922062824079826e-129,0,,179,100
362,3620,4420,2.2983769225464108e-238,0,,178,100
363,3630,4430,1.6311170217967172e-219,0,,180,100
364,3640,4440,6.407354585271436e-241,0,,182,100
365,3650,4450,8.418748090553501e-128,0,,181,100
366,3660,4460,5.449163400344078e-140,0,,181,100
367,3670,4470,5.800167238741357e-140,0,,178,100
368,3680,4480,1.2772036668988627e-140,0,,182,100
369,3690,4490,6.007840840591961e-222,0,,184,100
370,3700,4500,9.500494583428245e-270,0,,184,100
371,3710,4510,1.2551391230166747e-207,0,,183,100
372,3720,4520,1.203666864493113e-204,0,,185,100
373,3730,4530,4.890087694699706e-169,0,,184,100
374,3740,4540,4.6397523807525404e-148,0,,184,100
375,3750,4550,4.583878889515818e-123,0,,187,100
376,3760,4560,2.7606595904048883e-97,0,,185,100
377,3770,4570,7.050236862194316e-145,0,,186,100
378,3780,4580,1.8499107408197465e-221,0,,187,100
379,3790,4590,5.154078736046495e-191,0,,187,100
380,3800,4600,2.2524190206286436e-197,0,,184,100
381,3810,4610,2.3765518373169162e-172,0,,185,100
382,3820,4620,1.2299143082144075e-128,0,,186,100
383,3830,4630,7.149647367285583e-149,0,,187,100
384,3840,4640,1.364606646760192e-122,0,,185,100
385,3850,4650,2.202746424207523e-125,0,,186,100
386,3860,4660,1.44109077206573e-164,0,,185,100
387,3870,4670,3.400686208750314e-161,0,,184,100
388,3880,4680,3.308397503463777e-240,0,,185,100
389,3890,4690,5.165043138412958e-154,0,,186,100
390,3900,4700,1.3689716798802566e-116,0,,185,100
391,3910,4710,6.004283867839973e-144,0,,185,100
392,3920,4720,3.410909636425938e-116,0,,184,100
393,3930,4730,6.820208598676952e-139,0,,185,100
394,3940,4740,8.212951488141324e-241,0,,183,100
395,3950,4750,2.9492253034339437e-170,0,,185,100
396,3960,4760,3.862612115259267e-128,0,,183,100
397,3970,4770,1.666748630457873e-73,0,,184,100
398,3980,4780,8.836393991194456e-63,0,,186,100
399,3990,4790,8.160327968538542e-123,0,,186,100
400,4000,4800,6.678331817741398e-175,0,,185,100
401,4010,4810,1.549557467145771e-85,0,,186,100
402,4020,4820,4.252385476354649e-110,0,,186,100
403,4030,4830,1.895463860798318e-157,0,,186,100
404,4040,4840,2.805720714034197e-138,0,,186,100
405,4050,4850,1.2935813403853546e-96,0,,184,100
406,4060,4860,2.2426789146173477e-96,0,,187,100
407,4070,4870,5.73436318164911e-77,0,,184,100
408,4080,4880,6.397888936105798e-178,0,,184,100
409,4090,4890,6.401971216127052e-191,0,,183,100
410,4100,4900,9.706946637483915e-147,0,,185,100
411,4110,4910,2.831010284138285e-99,0,,184,100
412,4120,4920,1.8410012037029886e-100,0,,183,100
413,4130,4930,1.0190239888141368e-103,0,,184,100
414,4140,4940,2.7657390358594204e-81,0,,185,100
415,4150,4950,1.0255562101528019e-96,0,,186,100
416,4160,4960,4.5641414617640745e-76,0,,187,100
417,4170,4970,1.878321637522086e-96,0,,189,100
418,4180,4980,1.0268189217636279e-194,0,,190,100
419,4190,4990,3.54516721709769e-174,0,,188,100
420,4200,5000,6.740518607818281e-145,0,,190,100
421,4210,5010,2.8349738680153495e-108,0,,190,100
422,4220,5020,6.838125341423547e-131,0,,192,100
423,4230,5030,3.4302068285121245e-80,0,,192,100
424,4240,5040,4.557697661918585e-51,0,,194,100
425,4250,5050,1.6454478228816337e-51,0,,194,100
426,4260,5060,2.67513837028705e-58,0,,193,100
427,4270,5070,8.032798653480718e-82,0,,194,100
428,4280,5080,1.9121978138182833e-158,0,,194,100
429,4290,5090,9.588852562538316e-199,0,,190,100
430,4300,5100,7.739144520105484e-132,0,,190,100
431,4310,5110,3.591743208593936e-107,0,,193,100
432,4320,5120,4.280276244708948e-93,0,,193,100
433,4330,5130,1.0613412917910093e-91,0,,193,100
434,4340,5140,3.599169338314284e-80,0,,195,100
435,4350,5150,8.399573679941749e-89,0,,194,100
436,4360,5160,1.0917129602102403e-151,0,,193,100
437,4370,5170,2.076709778893067e-176,0,,193,100
438,4380,5180,0.0,0,,193,100
439,4390,5190,7.71443483427316e-180,0,,192,100
440,4400,5200,2.7061777844385204e-94,0,,192,100
441,4410,5210,6.464285194510076e-110,0,,190,100
442,4420,5220,7.366967670871865e-72,0,,189,100
443,4430,5230,8.726788732763171e-120,0,,188,100
444,4440,5240,5.0179686579359405e-133,0,,188,100
445,4450,5250,7.620245805431978e-216,0,,188,100
446,4460,5260,4.549654217597946e-201,0,,187,100
447,4470,5270,2.3559755210591522e-154,0,,190,100
448,4480,5280,6.0275623572751976e-152,0,,188,100
449,4490,5290,5.362626227691611e-126,0,,189,100
450,4500,5300,1.1874319618793139e-119,0,,188,100
451,4510,5310,5.9166745505374575e-114,0,,187,100
452,4520,5320,2.305138670679469e-119,0,,187,100
453,4530,5330,7.743308759852379e-182,0,,188,100
454,4540,5340,1.2932954329657413e-163,0,,189,100
455,4550,5350,2.133609641038321e-175,0,,188,100
456,4560,5360,7.65224445558585e-176,0,,189,100
457,4570,5370,8.714720795210667e-222,0,,188,100
458,4580,5380,5.021804791384829e-152,0,,191,100
459,4590,5390,7.3407864207487945e-118,0,,193,100
460,4600,5400,3.5355897346948663e-137,0,,192,100
461,4610,5410,1.648524100639267e-123,0,,193,100
462,4620,5420,3.741195929026243e-139,0,,193,100
463,4630,5430,2.0896735681634484e-140,0,,192,100
464,4640,5440,1.686852174653349e-165,0,,191,100
465,4650,5450,1.5779425551807635e-190,0,,192,100
466,4660,5460,4.823117801990788e-140,0,,192,100
467,4670,5470,3.2281591826462086e-198,0,,191,100
468,4680,5480,3.2520776673500105e-177,0,,191,100
469,4690,5490,2.026564702431652e-163,0,,190,100
470,4700,5500,8.97755376910319e-144,0,,189,100
471,4710,5510,1.1988660998107045e-143,0,,191,100
472,4720,5520,6.660754038091936e-95,0,,191,100
473,4730,5530,8.905296785431184e-170,0,,190,100
474,4740,5540,9.028495740714801e-136,0,,189,100
475,4750,5550,3.1151652099900584e-167,0,,188,100
476,4760,5560,1.2664586731478998e-167,0,,187,100
477,4770,5570,7.704541988896004e-131,0,,187,100
478,4780,5580,1.8721687129387692e-120,0,,185,100
479,4790,5590,2.025584620455986e-124,0,,187,100
480,4800,5600,1.9843672066074465e-130,0,,188,100
481,4810,5610,2.1106159450287327e-168,0,,186,100
482,4820,5620,5.138395146478432e-167,0,,186,100
483,4830,5630,1.11848876489376e-261,0,,185,100
484,4840,5640,5.015802061502792e-248,0,,186,100
485,4850,5650,1.472331243092976e-168,0,,188,100
486,4860,5660,8.637654775840553e-179,0,,189,100
487,4870,5670,4.9653357983156123e-157,0,,189,100
488,4880,5680,2.556873849898307e-107,0,,188,100
489,4890,5690,1.3835537702212145e-101,0,,189,100
490,4900,5700,5.5699179780159905e-207,0,,189,100
491,4910,5710,4.06671442019912e-161,0,,190,100
492,4920,5720,8.066648962743105e-158,0,,191,100
493,4930,5730,1.9435725229615696e-160,0,,191,100
494,4940,5740,4.354421817203377e-135,0,,191,100
495,4950,5750,2.6126645029965552e-117,0,,193,100
496,4960,5760,9.07808376766344e-89,0,,190,100
497,4970,5770,9.540957257295655e-86,0,,189,100
498,4980,5780,2.3623397806973652e-197,0,,189,100
499,4990,5790,2.2006947478375785e-144,0,,191,100
500,5000,5800,6.0957586289897e-149,0,,190,100
501,5010,5810,8.578420507655626e-163,0,,190,100
502,5020,5820,5.701648569070017e-79,0,,188,100
503,5030,5830,7.949673337013407e-57,0,,186,100
504,5040,5840,4.635578175073582e-50,0,,186,100
505,5050,5850,1.0829821318984677e-49,0,,188,100
506,5060,5860,2.3345961422847072e-143,0,,188,100
507,5070,5870,1.2299724167492426e-140,0,,189,100
508,5080,5880,1.508922756709748e-110,0,,191,100
509,5090,5890,2.389646069210852e-98,0,,192,100
510,5100,5900,1.209536299521688e-177,0,,190,100
511,5110,5910,6.781190245410094e-64,0,,189,100
512,5120,5920,8.769552422113562e-29,0,,187,100
513,5130,5930,1.1643359289096556e-30,0,,190,100
514,5140,5940,3.082422742449297e-63,0,,191,100
515,5150,5950,8.74071203474899e-109,0,,189,100
516,5160,5960,1.839619910202091e-167,0,,190,100
517,5170,5970,1.2411922087963118e-103,0,,188,100
518,5180,5980,2.2724412928869717e-113,0,,192,100
519,5190,5990,9.278765812303655e-129,0,,191,100
520,5200,6000,4.109047446754706e-93,0,,193,100
521,5210,6010,9.818843612768577e-87,0,,193,100
522,5220,6020,7.43083615622459e-77,0,,192,100
523,5230,6030,9.623145529827017e-84,0,,190,100
524,5240,6040,4.22717834752945e-77,0,,188,100
525,5250,6050,3.615368900595042e-131,0,,190,100
526,5260,6060,9.984763407160579e-123,0,,190,100
527,5270,6070,7.492210329856108e-136,0,,187,100
528,5280,6080,9.150304034444342e-155,0,,188,100
529,5290,6090,3.080541626870736e-88,0,,187,100
530,5300,6100,3.403568052943118e-84,0,,186,100
531,5310,6110,1.5387674025762881e-90,0,,184,100
532,5320,6120,3.423599851447398e-128,0,,185,100
533,5330,6130,2.502481416643158e-113,0,,184,100
534,5340,6140,1.3655208114303968e-100,0,,183,100
535,5350,6150,1.6753119188273992e-141,0,,183,100
536,5360,6160,3.0411432189782596e-115,0,,182,100
537,5370,6170,5.511328242428635e-95,0,,181,100
538,5380,6180,7.234745172547856e-93,0,,177,100
539,5390,6190,2.651022336822948e-184,0,,179,100
540,5400,6200,1.986599599536302e-161,0,,179,100
541,5410,6210,3.319341338513062e-134,0,,178,100
542,5420,6220,7.217405837022311e-150,0,,178,100
543,5430,6230,4.6093199490739835e-166,0,,182,100
544,5440,6240,1.791282557268977e-180,0,,182,100
545,5450,6250,1.2373348881041407e-145,0,,182,100
546,5460,6260,8.214244574520391e-119,0,,182,100
547,5470,6270,9.043194315767407e-174,0,,183,100
548,5480,6280,4.702807613838222e-101,0,,181,100
549,5490,6290,1.576157724151866e-105,0,,181,100
550,5500,6300,1.1139170410879349e-115,0,,180,100
551,5510,6310,4.16242188848737e-100,0,,178,100
552,5520,6320,2.662122425364488e-149,0,,179,100
553,5530,6330,5.9357437982808435e-87,0,,178,100
554,5540,6340,7.770635218960153e-121,0,,178,100
555,5550,6350,1.779615272704046e-126,0,,178,100
556,5560,6360,1.4628136900240187e-99,0,,177,100
557,5570,6370,4.379218467765643e-105,0,,177,100
558,5580,6380,3.1220318801502572e-158,0,,174,100
559,5590,6390,3.000668730982331e-169,0,,174,100
560,5600,6400,2.9332965952188754e-152,0,,174,100
561,5610,6410,1.343990319309291e-117,0,,174,100
562,5620,6420,8.917865984755947e-97,0,,171,100
563,5630,6430,3.134794188023319e-134,0,,171,100
564,5640,6440,6.123935853064973e-133,0,,172,100
565,5650,6450,6.560235764236527e-187,0,,167,100
566,5660,6460,3.808171097664642e-140,0,,167,100
567,5670,6470,3.8105489451223744e-139,0,,169,100
568,5680,6480,1.183187499492074e-132,0,,169,100
569,5690,6490,2.4261062498562194e-119,0,,168,100
570,5700,6500,9.391486589550817e-147,0,,167,100
571,5710,6510,5.144842709836523e-69,0,,166,100
572,5720,6520,7.652925712761214e-83,0,,165,100
573,5730,6530,4.997605751606606e-75,0,,165,100
574,5740,6540,1.7615421770655237e-84,0,,165,100
575,5750,6550,4.079415160115461e-136,0,,165,100
576,5760,6560,4.853347017399761e-146,0,,165,100
577,5770,6570,3.1672636326609625e-175,0,,166,100
578,5780,6580,2.483775851783266e-122,0,,163,100
579,5790,6590,3.540712431056602e-76,0,,163,100
580,5800,6600,2.4869279256101597e-77,0,,165,100
581,5810,6610,1.758967109117196e-126,0,,165,100
582,5820,6620,1.2616850117968118e-202,0,,165,100
583,5830,6630,1.2336585617081038e-224,0,,167,100
584,5840,6640,4.401363464823312e-166,0,,165,100
585,5850,6650,1.022936430150752e-190,0,,164,100
586,5860,6660,4.930671229987983e-111,0,,161,100
587,5870,6670,8.658479982080154e-91,0,,163,100
588,5880,6680,1.1665777850621437e-125,0,,162,100
589,5890,6690,4.679874130528799e-131,0,,164,100
590,5900,6700,1.4237566263449928e-133,0,,163,100
591,5910,6710,1.5176034247090827e-167,0,,164,100
592,5920,6720,2.8570480565606046e-141,0,,164,100
593,5930,6730,4.604662744490848e-177,0,,163,100
594,5940,6740,3.753141050737199e-122,0,,166,100
595,5950,6750,3.214916902855748e-101,0,,165,100
596,5960,6760,3.784291088396447e-92,0,,167,100
597,5970,6770,3.1341059666087726e-142,0,,165,100
598,5980,6780,1.0348766525955695e-133,0,,162,100
599,5990,6790,4.336214313534413e-106,0,,163,100
600,6000,6800,5.413400114635752e-130,0,,163,100
601,6010,6810,7.682500407395736e-217,0,,165,100
602,6020,6820,9.117358206157374e-187,0,,167,100
603,6030,6830,1.845124296939909e-153,0,,168,100
604,6040,6840,4.670740159936468e-106,0,,168,100
605,6050,6850,1.7563674910067953e-135,0,,166,100
606,6060,6860,1.7787670149612968e-116,0,,168,100
607,6070,6870,3.8439371215082677e-138,0,,170,100
608,6080,6880,1.160821349466799e-162,0,,172,100
609,6090,6890,1.1513908101907573e-203,0,,170,100
610,6100,6900,2.081942653888691e-193,0,,169,100
611,6110,6910,6.881170064485857e-203,0,,171,100
612,6120,6920,1.664980792155746e-203,0,,168,100
613,6130,6930,1.3016404837581225e-110,0,,168,100
614,6140,6940,2.7852387839796777e-110,0,,170,100
615,6150,6950,1.4382795094192713e-120,0,,171,100
616,6160,6960,8.553428010518967e-124,0,,171,100
617,6170,6970,1.809513715624998e-147,0,,172,100
618,6180,6980,3.342047337384277e-184,0,,172,100
619,6190,6990,2.6810581226345324e-227,0,,172,100
620,6200,7000,2.1514311249288368e-204,0,,174,100
621,6210,7010,9.954760868947955e-198,0,,172,100
622,6220,7020,5.0312006202956785e-123,0,,172,100
623,6230,7030,1.040236749701395e-136,0,,169,100
624,6240,7040,1.6212544426503287e-91,0,,170,100
625,6250,7050,1.3665960250698985e-136,0,,169,100
626,6260,7060,4.030934063260588e-164,0,,171,100
627,6270,7070,9.398516685150175e-157,0,,172,100
628,6280,7080,7.726843326268414e-130,0,,171,100
629,6290,7090,4.092124182814965e-122,0,,171,100
630,6300,7100,4.8669360720545355e-105,0,,172,100
631,6310,7110,1.6677106332122548e-173,0,,172,100
632,6320,7120,1.5964155471246765e-195,0,,172,100
633,6330,7130,1.1626273096237341e-97,0,,171,100
634,6340,7140,1.7040767458520834e-100,0,,171,100
635,6350,7150,3.2398883303169867e-103,0,,173,100
636,6360,7160,8.437689104648044e-230,0,,172,100
637,6370,7170,2.5150113679475634e-179,0,,174,100
638,6380,7180,1.743387769490216e-187,0,,173,100
639,6390,7190,1.406661470471109e-210,0,,172,100
640,6400,7200,3.1732095912681756e-227,0,,173,100
641,6410,7210,2.8460871508334395e-161,0,,174,100
642,6420,7220,1.0310048499601104e-153,0,,176,100
643,6430,7230,3.241849383304283e-218,0,,178,100
644,6440,7240,1.1239814362644429e-195,0,,178,100
645,6450,7250,4.705102907474208e-168,0,,180,100
646,6460,7260,5.776077510115024e-124,0,,179,100
647,6470,7270,8.409245241496411e-149,0,,181,100
648,6480,7280,2.4319485259195758e-164,0,,180,100
649,6490,7290,3.488599296429965e-192,0,,181,100
650,6500,7300,2.7622552988687246e-159,0,,179,100
651,6510,7310,1.5399944581845473e-167,0,,178,100
652,6520,7320,2.565457497835877e-165,0,,177,100
653,6530,7330,3.0028329622848845e-118,0,,179,100
654,6540,7340,2.707772265139703e-146,0,,180,100
655,6550,7350,3.9255798904780123e-100,0,,178,100
656,6560,7360,6.281410977231379e-128,0,,176,100
657,6570,7370,1.6482779018671943e-104,0,,176,100
658,6580,7380,5.896208633060781e-138,0,,177,100
659,6590,7390,3.340799143133242e-150,0,,175,100
660,6600,7400,1.8035577266188e-112,0,,175,100
661,6610,7410,5.260087961400982e-131,0,,175,100
662,6620,7420,4.3662419194749215e-112,0,,174,100
663,6630,7430,1.5199977863657143e-96,0,,174,100
664,6640,7440,3.7671257284294536e-145,0,,176,100
665,6650,7450,5.551202413273591e-100,0,,176,100
666,6660,7460,1.9068045978720184e-50,0,,176,100
667,6670,7470,1.8970102495773886e-110,0,,176,100
668,6680,7480,1.4125410046942195e-161,0,,173,100
669,6690,7490,4.060070204550711e-73,0,,173,100
670,6700,7500,1.7785259893953929e-177,0,,173,100
671,6710,7510,2.1006774197261314e-120,0,,172,100
672,6720,7520,1.3239749984478297e-199,0,,172,100
673,6730,7530,5.50110644826806e-110,0,,171,100
674,6740,7540,1.4830993507483662e-178,0,,171,100
675,6750,7550,2.179305065216157e-162,0,,170,100
676,6760,7560,4.600199952384104e-165,0,,170,100
677,6770,7570,1.0811033858339345e-93,0,,171,100
678,6780,7580,4.1470372131778225e-132,0,,169,100
679,6790,7590,6.1787911926688925e-183,0,,169,100
680,6800,7600,1.0384299723801443e-200,0,,170,100
681,6810,7610,1.6926534999743475e-142,0,,170,100
682,6820,7620,6.176534796886139e-98,0,,169,100
683,6830,7630,1.0527093624017558e-119,0,,168,100
684,6840,7640,9.159436536282772e-110,0,,169,100
685,6850,7650,1.352994137883677e-100,0,,170,100
686,6860,7660,2.555216626802098e-114,0,,166,100
687,6870,7670,1.3775746599269434e-196,0,,166,100
688,6880,7680,5.112420843578365e-196,0,,166,100
689,6890,7690,9.390379125404027e-150,0,,168,100
690,6900,7700,2.186475220602309e-151,0,,169,100
691,6910,7710,2.889582873162202e-117,0,,169,100
692,6920,7720,2.3462972427527476e-138,0,,170,100
693,6930,7730,1.4155191063337236e-157,0,,169,100
694,6940,7740,1.4228519210589608e-109,0,,171,100
695,6950,7750,1.144811174035312e-93,0,,170,100
696,6960,7760,2.1144422595623603e-169,0,,171,100
697,6970,7770,6.330888683374848e-188,0,,172,100
698,6980,7780,5.167728471677993e-168,0,,171,100
699,6990,7790,2.8066429169225857e-156,0,,168,100
700,7000,7800,1.9838762617095526e-150,0,,169,100
701,7010,7810,3.784829779025017e-167,0,,169,100
702,7020,7820,9.555776434319737e-180,0,,171,100
703,7030,7830,1.2547767323800153e-118,0,,171,100
704,7040,7840,4.80520423760815e-126,0,,170,100
705,7050,7850,6.820682945971712e-90,0,,171,100
706,7060,7860,7.594160470315926e-165,0,,167,100
707,7070,7870,7.777843971085927e-204,0,,169,100
708,7080,7880,4.747588480464713e-171,0,,168,100
709,7090,7890,1.631694192879752e-171,0,,167,100
710,7100,7900,1.8510182166951516e-173,0,,169,100
711,7110,7910,2.1597282722379032e-129,0,,169,100
712,7120,7920,1.426582038336394e-159,0,,171,100
713,7130,7930,2.9178189745480808e-142,0,,170,100
714,7140,7940,2.7342626518672926e-135,0,,170,100
715,7150,7950,1.7587308116610276e-133,0,,172,100
716,7160,7960,2.2962465816339594e-148,0,,173,100
717,7170,7970,3.7345958277444375e-164,0,,175,100
718,7180,7980,2.5784714096565595e-171,0,,174,100
719,7190,7990,3.1812745885924777e-189,0,,174,100
720,7200,8000,1.3477239026455134e-149,0,,173,100
721,7210,8010,2.0199126035967547e-167,0,,172,100
722,7220,8020,1.6410848280395534e-171,0,,170,100
723,7230,8030,4.585246096382072e-140,0,,170,100
724,7240,8040,8.397966945296352e-172,0,,169,100
725,7250,8050,2.9608555540899924e-171,0,,168,100
726,7260,8060,3.584284049415095e-154,0,,170,100
727,7270,8070,9.349421421446158e-149,0,,169,100
728,7280,8080,4.230992796888505e-114,0,,172,100
729,7290,8090,4.5070217409767705e-113,0,,171,100
730,7300,8100,9.024907728690278e-130,0,,170,100
731,7310,8110,7.296383810613134e-118,0,,171,100
732,7320,8120,6.459456780600721e-182,0,,171,100
733,7330,8130,1.6435079396625109e-149,0,,166,100
734,7340,8140,1.278801617633019e-148,0,,169,100
735,7350,8150,6.126351632848666e-118,0,,168,100
736,7360,8160,1.3382130265344714e-122,0,,168,100
737,7370,8170,6.29009043355005e-91,0,,167,100
738,7380,8180,3.062213093348085e-92,0,,169,100
739,7390,8190,1.1682190684142451e-107,0,,168,100
740,7400,8200,1.121823266332406e-83,0,,167,100
741,7410,8210,9.090179467702445e-83,0,,170,100
742,7420,8220,1.5506097891752683e-134,0,,169,100
743,7430,8230,2.6075057448562298e-154,0,,168,100
744,7440,8240,4.438948937373833e-185,0,,166,100
745,7450,8250,2.6523424205553234e-183,0,,168,100
746,7460,8260,6.844811334638121e-86,0,,166,100
747,7470,8270,5.320497462820373e-124,0,,167,100
748,7480,8280,6.243070040861001e-83,0,,168,100
749,7490,8290,5.242677105391898e-71,0,,167,100
750,7500,8300,4.561947407276237e-72,0,,169,100
751,7510,8310,1.1373078472565029e-110,0,,166,100
752,7520,8320,1.8542491410787616e-105,0,,168,100
753,7530,8330,1.6533426460870153e-127,0,,167,100
754,7540,8340,7.467106906264355e-190,0,,168,100
755,7550,8350,5.092920958146214e-102,0,,170,100
756,7560,8360,4.776091583174286e-87,0,,169,100
757,7570,8370,1.2456351557808547e-85,0,,171,100
758,7580,8380,4.076679332908544e-114,0,,171,100
759,7590,8390,1.9791674462229112e-107,0,,171,100
760,7600,8400,2.767548666516289e-155,0,,169,100
761,7610,8410,1.4949934749965191e-164,0,,169,100
762,7620,8420,3.16618471384911e-155,0,,170,100
763,7630,8430,5.972271446188055e-140,0,,171,100
764,7640,8440,4.0307580231760466e-129,0,,170,100
765,7650,8450,5.282661908165521e-170,0,,168,100
766,7660,8460,5.931508258965814e-110,0,,167,100
767,7670,8470,6.411515354964804e-57,0,,168,100
768,7680,8480,1.229343953467359e-62,0,,168,100
769,7690,8490,1.0237443905064948e-89,0,,169,100
770,7700,8500,6.398632148054439e-167,0,,167,100
771,7710,8510,1.2981662836801784e-113,0,,167,100
772,7720,8520,1.503008512892782e-106,0,,169,100
773,7730,8530,3.7350792825316367e-141,0,,165,100
774,7740,8540,7.353519317576559e-142,0,,165,100
775,7750,8550,6.251757952327085e-79,0,,166,100
776,7760,8560,1.027319445174962e-116,0,,167,100
777,7770,8570,3.004409529899908e-112,0,,167,100
778,7780,8580,7.571620727274354e-110,0,,167,100
779,7790,8590,2.34531904068186e-101,0,,167,100
780,7800,8600,1.6768214857066128e-81,0,,165,100
781,7810,8610,1.8116917391271116e-115,0,,163,100
782,7820,8620,3.1336108161539916e-159,0,,164,100
783,7830,8630,1.0603106248600204e-116,0,,166,100
784,7840,8640,9.80666389178807e-123,0,,164,100
785,7850,8650,3.2834830130261186e-128,0,,167,100
786,7860,8660,7.841794828416767e-99,0,,167,100
787,7870,8670,3.67994188869601e-91,0,,167,100
788,7880,8680,3.3993239893653423e-132,0,,166,100
789,7890,8690,7.257711165290209e-96,0,,167,100
790,7900,8700,2.7517627168816695e-124,0,,168,100
791,7910,8710,1.0025222034506386e-119,0,,166,100
792,7920,8720,3.305800120357944e-101,0,,166,100
793,7930,8730,1.0971449457992832e-82,0,,166,100
794,7940,8740,1.1958992421041486e-120,0,,166,100
795,7950,8750,1.197004212941898e-93,0,,167,100
796,7960,8760,1.0742623430717048e-126,0,,166,100
797,7970,8770,2.7967214121653414e-171,0,,170,100
798,7980,8780,4.4619219393220325e-110,0,,167,100
799,7990,8790,5.204267791594998e-112,0,,170,100
800,8000,8800,7.652440502144877e-118,0,,170,100
801,8010,8810,8.255024501350037e-113,0,,169,100
802,8020,8820,5.255277804054982e-116,0,,169,100
803,8030,8830,1.9359175847584208e-80,0,,168,100
804,8040,8840,1.0974996655024097e-96,0,,171,100
805,8050,8850,2.2773801242371764e-97,0,,171,100
806,8060,8860,1.9288566142275488e-99,0,,170,100
807,8070,8870,1.666889210890418e-143,0,,169,100
808,8080,8880,8.471227156132489e-199,0,,168,100
809,8090,8890,2.1528090906792795e-205,0,,169,100
810,8100,8900,1.0633222601583618e-136,0,,168,100
811,8110,8910,1.1008273716981433e-151,0,,173,100
812,8120,8920,1.1994922146126785e-153,0,,175,100
813,8130,8930,3.45826423379271e-106,0,,174,100
814,8140,8940,2.131508007807917e-74,0,,172,100
815,8150,8950,2.4131815433744226e-116,0,,174,100
816,8160,8960,2.067722696288957e-96,0,,176,100
817,8170,8970,1.4789791836365355e-80,0,,176,100
818,8180,8980,1.2438975198259406e-92,0,,177,100
819,8190,8990,7.921224326940091e-100,0,,178,100
820,8200,9000,1.4923025855339923e-140,0,,181,100
821,8210,9010,1.3601607962337035e-147,0,,179,100
822,8220,9020,7.887824774608027e-137,0,,180,100
823,8230,9030,5.6525101444844945e-99,0,,179,100
824,8240,9040,2.476212910149384e-83,0,,178,100
825,8250,9050,7.531261310735483e-86,0,,179,100
826,8260,9060,5.452351906724389e-130,0,,179,100
827,8270,9070,3.972713459676206e-113,0,,181,100
828,8280,9080,1.9967602569316544e-108,0,,179,100
829,8290,9090,3.177924651100251e-165,0,,179,100
830,8300,9100,1.16914271125968e-187,0,,180,100
831,8310,9110,3.8073083833965816e-192,0,,180,100
832,8320,9120,1.1107949405698939e-129,0,,179,100
833,8330,9130,8.598655840928795e-123,0,,179,100
834,8340,9140,1.390864487532632e-100,0,,177,100
835,8350,9150,3.8945527103454225e-101,0,,173,100
836,8360,9160,4.241110435118419e-104,0,,175,100
837,8370,9170,1.625709048180115e-142,0,,173,100
838,8380,9180,6.894716969384338e-160,0,,175,100
839,8390,9190,2.8199421227139783e-204,0,,176,100
840,8400,9200,7.950090698053668e-191,0,,176,100
841,8410,9210,6.858486012408834e-150,0,,174,100
842,8420,9220,5.845237727436777e-152,0,,176,100
843,8430,9230,1.440893955994701e-107,0,,174,100
844,8440,9240,2.4617676190633045e-102,0,,177,100
845,8450,9250,1.588349836737022e-101,0,,178,100
846,8460,9260,7.171462600704609e-99,0,,179,100
847,8470,9270,2.6124756225294176e-101,0,,181,100
848,8480,9280,2.3992916611065114e-133,0,,181,100
849,8490,9290,2.4395439835070837e-195,0,,180,100
850,8500,9300,9.423737261932508e-87,0,,178,100
851,8510,9310,6.770036835336288e-200,0,,178,100
852,8520,9320,1.2147962322968324e-144,0,,180,100
853,8530,9330,2.1269023811196238e-141,0,,180,100
854,8540,9340,2.4299770984202682e-145,0,,180,100
855,8550,9350,4.757072700627759e-115,0,,179,100
856,8560,9360,1.584319132269679e-166,0,,180,100
857,8570,9370,8.117318658183331e-161,0,,180,100
858,8580,9380,1.7078358499814377e-174,0,,180,100
859,8590,9390,6.18007989019544e-190,0,,181,100
860,8600,9400,1.5374132459888728e-85,0,,182,100
861,8610,9410,6.961652334488599e-187,0,,181,100
862,8620,9420,4.1102583011982166e-157,0,,182,100
863,8630,9430,1.3948485385102248e-103,0,,180,100
864,8640,9440,1.0800820830432265e-101,0,,183,100
865,8650,9450,4.080591616355768e-70,0,,181,100
866,8660,9460,1.426453060934901e-122,0,,182,100
867,8670,9470,1.5030384186068253e-150,0,,185,100
868,8680,9480,1.7494198679321703e-151,0,,185,100
869,8690,9490,1.0271582966868254e-111,0,,185,100
870,8700,9500,5.635154866026005e-154,0,,183,100
871,8710,9510,3.2149320437491358e-170,0,,183,100
872,8720,9520,1.934237511900582e-114,0,,184,100
873,8730,9530,1.2460304356516861e-90,0,,183,100
874,8740,9540,6.242257995948826e-82,0,,180,100
875,8750,9550,2.3131233738412833e-127,0,,181,100
876,8760,9560,2.045523038623632e-129,0,,181,100
877,8770,9570,1.0721590604165444e-86,0,,179,100
878,8780,9580,1.0087001506228822e-167,0,,180,100
879,8790,9590,7.603421112356853e-159,0,,179,100
880,8800,9600,2.35103454398339e-123,0,,180,100
881,8810,9610,2.2507022545175722e-110,0,,181,100
882,8820,9620,1.3993527466014613e-112,0,,184,100
883,8830,9630,1.736327084169011e-57,0,,182,100
884,8840,9640,1.2993060463062128e-104,0,,181,100
885,8850,9650,1.7122272614783463e-118,0,,181,100
886,8860,9660,2.884460567101776e-132,0,,180,100
887,8870,9670,7.452925704204011e-140,0,,179,100
888,8880,9680,7.612205700494203e-101,0,,180,100
889,8890,9690,1.798100341273315e-88,0,,184,100
890,8900,9700,7.068423586723143e-102,0,,181,100
891,8910,9710,1.970068608029764e-55,0,,176,100
892,8920,9720,7.01790324999727e-52,0,,178,100
893,8930,9730,1.000581817379164e-58,0,,178,100
894,8940,9740,5.004683883547342e-85,0,,177,100
895,8950,9750,3.5909194236641395e-81,0,,178,100
896,8960,9760,4.016143082782233e-175,0,,177,100
897,8970,9770,3.855143205403888e-104,0,,177,100
898,8980,9780,5.224012089578431e-134,0,,175,100
899,8990,9790,1.2279783622415546e-71,0,,174,100
900,9000,9800,3.739784563326748e-21,0,,172,100
901,9010,9810,2.4135290830420037e-45,0,,172,100
902,9020,9820,6.562803645889913e-88,0,,173,100
903,9030,9830,1.9453739856426826e-175,0,,174,100
904,9040,9840,1.5984945774533785e-150,0,,172,100
905,9050,9850,1.2134716365865455e-127,0,,172,100
906,9060,9860,7.207006600892008e-118,0,,172,100
907,9070,9870,3.727403836476227e-75,0,,169,100
908,9080,9880,5.450958233224703e-78,0,,172,100
909,9090,9890,6.68418467783914e-50,0,,171,100
910,9100,9900,6.4018473145089355e-77,0,,172,100
911,9110,9910,6.409927700501193e-80,0,,173,100
912,9120,9920,1.4186748073165093e-139,0,,173,100
913,9130,9930,8.56334996645883e-214,0,,174,100
914,9140,9940,2.913547140491278e-200,0,,173,100
915,9150,9950,3.8967192364347507e-199,0,,176,100
916,9160,9960,8.738204096624788e-178,0,,175,100
917,9170,9970,1.755111318188228e-68,0,,173,100
918,9180,9980,7.5214743395902335e-65,0,,174,100
919,9190,9990,3.557014644581488e-115,0,,174,100
920,9200,10000,6.480799780228984e-74,0,,175,100
921,9210,10010,4.0917431333131095e-84,0,,176,100
922,9220,10020,4.778885048900862e-135,0,,178,100
923,9230,10030,1.8949779098517088e-179,0,,179,100
924,9240,10040,9.703707548781974e-183,0,,177,100
925,9250,10050,2.532933227002375e-136,0,,176,100
926,9260,10060,4.209302629680524e-86,0,,178,100
927,9270,10070,3.259625303462596e-93,0,,176,100
928,9280,10080,1.6009321369495946e-85,0,,174,100
929,9290,10090,1.3237591868379407e-98,0,,175,100
930,9300,10100,3.647311511837732e-154,0,,176,100
931,9310,10110,1.3269061440174071e-171,0,,176,100
932,9320,10120,1.6455877684442206e-174,0,,172,100
933,9330,10130,2.6850460868420285e-275,0,,172,100
934,9340,10140,8.462942114730397e-267,0,,171,100
935,9350,10150,4.1023250366142624e-126,0,,171,100
936,9360,10160,1.165897505414795e-74,0,,171,100
937,9370,10170,8.659445631485441e-104,0,,171,100
938,9380,10180,9.149218138651865e-133,0,,170,100
939,9390,10190,1.0175531710577981e-164,0,,170,100
940,9400,10200,4.66346528439432e-130,0,,171,100
941,9410,10210,7.788778949481143e-173,0,,170,100
942,9420,10220,8.655865957631244e-173,0,,171,100
943,9430,10230,3.27844885772027e-125,0,,172,100
944,9440,10240,3.381114596582933e-164,0,,171,100
945,9450,10250,9.33110184501443e-111,0,,169,100
946,9460,10260,1.508798906998548e-100,0,,168,100
947,9470,10270,3.163611707196718e-109,0,,167,100
948,9480,10280,6.157101419536362e-92,0,,166,100
949,9490,10290,1.8393089541989933e-91,0,,167,100
950,9500,10300,6.656310085769024e-105,0,,167,100
951,9510,10310,1.3001766981771021e-129,0,,167,100
952,9520,10320,2.156251348972499e-207,0,,166,100
953,9530,10330,1.4550796759158819e-190,0,,169,100
954,9540,10340,2.1784020876039695e-200,0,,167,100
955,9550,10350,2.0338577922487776e-173,0,,168,100
956,9560,10360,1.4206161832803367e-193,0,,168,100
957,9570,10370,7.821566262387604e-185,0,,168,100
958,9580,10380,6.330598113905142e-110,0,,167,100
959,9590,10390,4.1181450618448214e-81,0,,166,100
960,9600,10400,5.338833395732369e-65,0,,168,100
961,9610,10410,4.613523541799001e-176,0,,165,100
962,9620,10420,3.025883117074388e-241,0,,164,100
963,9630,10430,2.38198099834787e-236,0,,166,100
964,9640,10440,6.443939446993847e-207,0,,165,100
965,9650,10450,7.106876607390447e-233,0,,168,100
966,9660,10460,5.796014496644644e-237,0,,168,100
967,9670,10470,1.4272796521178126e-105,0,,166,100
968,9680,10480,1.1434935322879674e-60,0,,166,100
969,9690,10490,3.28000525249544e-86,0,,167,100
970,9700,10500,7.328321725212233e-84,0,,167,100
971,9710,10510,6.4233299574174e-228,0,,166,100
972,9720,10520,3.314597139436502e-210,0,,166,100
973,9730,10530,5.670193596511497e-237,0,,167,100
974,9740,10540,7.194634098304621e-276,0,,168,100
975,9750,10550,2.0927476398546404e-179,0,,168,100
976,9760,10560,3.969624745221021e-229,0,,170,100
977,9770,10570,1.7504059404302316e-156,0,,171,100
978,9780,10580,2.191816015577825e-101,0,,172,100
979,9790,10590,2.6644398454142024e-102,0,,172,100
980,9800,10600,1.9133679910056795e-152,0,,172,100
981,9810,10610,2.5669786287062987e-148,0,,172,100
982,9820,10620,1.3895631412056694e-199,0,,171,100
983,9830,10630,3.376214741268192e-184,0,,171,100
984,9840,10640,6.850934523328267e-283,0,,172,100
985,9850,10650,3.3660435141592778e-158,0,,172,100
986,9860,10660,5.023793854307262e-155,0,,172,100
987,9870,10670,0.0,0,,172,100
988,9880,10680,3.268119734660318e-135,0,,170,100
989,9890,10690,1.0062019275354851e-160,0,,172,100
990,9900,10700,1.3857029313050606e-136,0,,174,100
991,9910,10710,7.044060772912736e-75,0,,173,100
992,9920,10720,5.73561102734588e-131,0,,175,100
993,9930,10730,3.184062750780773e-212,0,,175,100
994,9940,10740,3.4644055462167215e-161,0,,172,100
995,9950,10750,9.430421969302896e-160,0,,170,100
996,9960,10760,1.1816962698483537e-125,0,,172,100
997,9970,10770,1.3466286006434384e-129,0,,171,100
998,9980,10780,2.2365345357297863e-128,0,,171,100
999,9990,10790,1.831781424184151e-104,0,,172,100
1000,10000,10800,4.750281393310266e-115,0,,170,100
1001,10010,10810,8.500884711563859e-173,0,,169,100
1002,10020,10820,3.6524485406527305e-175,0,,167,100
1003,10030,10830,1.9949957785556073e-198,0,,168,100
1004,10040,10840,3.251583344588908e-184,0,,167,100
1005,10050,10850,2.5001753187317776e-136,0,,167,100
1006,10060,10860,7.320494105064183e-163,0,,169,100
1007,10070,10870,1.4986612233667883e-150,0,,167,100
1008,10080,10880,3.0839743323164474e-173,0,,167,100
1009,10090,10890,2.7083397966301697e-191,0,,166,100
1010,10100,10900,3.720694438710801e-257,0,,166,100
1011,10110,10910,8.014255610591745e-221,0,,167,100
1012,10120,10920,3.49960453967309e-247,0,,168,100
1013,10130,10930,4.461417726294392e-123,0,,169,100
1014,10140,10940,3.4595634019690085e-154,0,,170,100
1015,10150,10950,2.144549944315138e-181,0,,168,100
1016,10160,10960,1.891617724393711e-183,0,,168,100
1017,10170,10970,1.3391583180409668e-179,0,,171,100
1018,10180,10980,6.948545082149771e-124,0,,170,100
1019,10190,10990,2.3666995414426836e-170,0,,169,100
1020,10200,11000,5.100650312844208e-139,0,,169,100
1021,10210,11010,1.5533764692322966e-185,0,,168,100
1022,10220,11020,4.3572831869786135e-179,0,,166,100
1023,10230,11030,2.525243252157656e-192,0,,165,100
1024,10240,11040,8.661731547293649e-204,0,,166,100
1025,10250,11050,2.295358563248735e-197,0,,167,100
1026,10260,11060,1.9752877967418704e-180,0,,168,100
1027,10270,11070,6.584396382772639e-124,0,,169,100
1028,10280,11080,3.8575391793966036e-185,0,,169,100
1029,10290,11090,6.462558648581717e-138,0,,170,100
1030,10300,11100,5.056137075712225e-126,0,,172,100
1031,10310,11110,1.8066495014713268e-132,0,,172,100
1032,10320,11120,3.6685008045718473e-184,0,,174,100
1033,10330,11130,6.605641735632845e-162,0,,173,100
1034,10340,11140,1.9330755509276297e-138,0,,172,100
1035,10350,11150,9.046683306307543e-156,0,,172,100
1036,10360,11160,5.26260046091586e-110,0,,171,100
1037,10370,11170,4.080520976636938e-106,0,,172,100
1038,10380,11180,1.3699199091740343e-125,0,,171,100
1039,10390,11190,4.466034793808377e-73,0,,170,100
1040,10400,11200,7.579577146763953e-156,0,,170,100
1041,10410,11210,4.311388171035378e-264,0,,170,100
1042,10420,11220,7.197653205411842e-204,0,,170,100
1043,10430,11230,5.139093207061726e-166,0,,170,100
1044,10440,11240,5.040817686056131e-100,0,,171,100
1045,10450,11250,3.8318301247353815e-131,0,,169,100
1046,10460,11260,6.428181117397844e-118,0,,172,100
1047,10470,11270,1.6652828843008225e-100,0,,170,100
1048,10480,11280,2.60771335168095e-108,0,,170,100
1049,10490,11290,9.393100772871806e-72,0,,168,100
1050,10500,11300,6.966534423977466e-176,0,,171,100
1051,10510,11310,2.513396620013097e-164,0,,172,100
1052,10520,11320,6.273483225250803e-161,0,,173,100
1053,10530,11330,3.431010209698198e-174,0,,172,100
1054,10540,11340,1.6114787737559233e-134,0,,170,100
1055,10550,11350,8.301249540073508e-110,0,,172,100
1056,10560,11360,3.411284656418284e-98,0,,169,100
1057,10570,11370,6.426681780117861e-121,0,,168,100
1058,10580,11380,3.2476676580836517e-167,0,,168,100
1059,10590,11390,1.0362682072498708e-237,0,,168,100
1060,10600,11400,6.383542648573797e-207,0,,168,100
1061,10610,11410,2.400732457785218e-201,0,,168,100
1062,10620,11420,2.8214174779057188e-151,0,,166,100
1063,10630,11430,2.1740029914940906e-181,0,,168,100
1064,10640,11440,1.2809205675323794e-186,0,,171,100
1065,10650,11450,5.1757630725618284e-132,0,,170,100
1066,10660,11460,6.662398354110765e-176,0,,170,100
1067,10670,11470,3.4071858066428904e-157,0,,169,100
1068,10680,11480,5.028724800572708e-169,0,,170,100
1069,10690,11490,1.1635195644907065e-235,0,,168,100
1070,10700,11500,2.964291927139984e-151,0,,165,100
1071,10710,11510,1.8997287077261466e-177,0,,166,100
1072,10720,11520,3.2748811552870637e-124,0,,167,100
1073,10730,11530,5.753364968995209e-139,0,,169,100
1074,10740,11540,1.503845576224041e-148,0,,170,100
1075,10750,11550,4.464671094823854e-239,0,,170,100
1076,10760,11560,3.1568186624921855e-189,0,,169,100
1077,10770,11570,7.43891199320367e-190,0,,170,100
1078,10780,11580,8.240776822350839e-123,0,,171,100
1079,10790,11590,2.8298127289145782e-192,0,,171,100
1080,10800,11600,1.2394597462032928e-257,0,,172,100
1081,10810,11610,2.20238279173298e-188,0,,173,100
1082,10820,11620,1.6578873610044816e-161,0,,173,100
1083,10830,11630,1.6606379987044486e-129,0,,172,100
1084,10840,11640,5.633103944597684e-146,0,,174,100
1085,10850,11650,2.8960911195774577e-198,0,,174,100
1086,10860,11660,3.1744835041283354e-269,0,,175,100
1087,10870,11670,7.669627563862184e-257,0,,175,100
1088,10880,11680,1.3728130954346055e-192,0,,175,100
1089,10890,11690,1.2054173379656735e-226,0,,174,100
1090,10900,11700,1.0329597061225056e-225,0,,174,100
1091,10910,11710,9.325092633348811e-231,0,,175,100
1092,10920,11720,2.9851188898055044e-136,0,,175,100
1093,10930,11730,3.705442221312392e-161,0,,175,100
1094,10940,11740,5.468544823077893e-133,0,,174,100
1095,10950,11750,9.556443322851327e-197,0,,173,100
1096,10960,11760,0.0,0,,172,100
1097,10970,11770,5.756780343141317e-166,0,,170,100
1098,10980,11780,8.993051568975079e-170,0,,172,100
1099,10990,11790,1.0261412207124855e-233,0,,172,100
1100,11000,11800,2.2451460798015977e-189,0,,170,100
1101,11010,11810,1.9200298077144302e-192,0,,173,100
1102,11020,11820,2.0985177496012373e-111,0,,172,100
1103,11030,11830,6.61404679476868e-152,0,,172,100
1104,11040,11840,2.504096500022859e-143,0,,171,100
1105,11050,11850,2.745234789573219e-144,0,,171,100
1106,11060,11860,2.872954188155847e-289,0,,170,100
1107,11070,11870,2.9975039806011416e-233,0,,169,100
1108,11080,11880,7.199379606255849e-146,0,,168,100
1109,11090,11890,3.5519537283437874e-189,0,,169,100
1110,11100,11900,5.2270228227856034e-155,0,,166,100
1111,11110,11910,2.223156441773251e-175,0,,167,100
1112,11120,11920,8.40642841592744e-219,0,,166,100
1113,11130,11930,1.5049895673054228e-230,0,,166,100
1114,11140,11940,1.927411880176959e-173,0,,167,100
1115,11150,11950,5.1321750165959614e-135,0,,167,100
1116,11160,11960,7.155767141798106e-113,0,,167,100
1117,11170,11970,1.237316680447312e-155,0,,168,100
1118,11180,11980,1.1891552175344273e-226,0,,166,100
1119,11190,11990,1.0624095724693065e-91,0,,167,100
1120,11200,12000,8.967187121927047e-125,0,,168,100
1121,11210,12010,1.3371355693950886e-126,0,,171,100
1122,11220,12020,1.867994956032487e-163,0,,171,100
1123,11230,12030,9.815643933957918e-231,0,,168,100
1124,11240,12040,1.657620458979514e-208,0,,169,100
1125,11250,12050,2.281845968893331e-142,0,,168,100
1126,11260,12060,1.1778639351070974e-112,0,,170,100
1127,11270,12070,2.1197186904312913e-118,0,,171,100
1128,11280,12080,3.057414919659577e-135,0,,171,100
1129,11290,12090,3.4851182615556656e-149,0,,171,100
1130,11300,12100,4.1187778974573283e-190,0,,168,100
1131,11310,12110,1.4257261486979687e-213,0,,169,100
1132,11320,12120,6.735805615582465e-217,0,,170,100
1133,11330,12130,1.29085930333178e-212,0,,171,100
1134,11340,12140,5.2139120285439175e-110,0,,169,100
1135,11350,12150,1.92253884221531e-84,0,,169,100
1136,11360,12160,2.0378978259476642e-169,0,,171,100
1137,11370,12170,1.004061644632831e-177,0,,170,100
1138,11380,12180,1.8221083244717678e-174,0,,167,100
1139,11390,12190,1.7962701454374336e-233,0,,167,100
1140,11400,12200,7.36430003167453e-240,0,,168,100
1141,11410,12210,2.4416480653245046e-196,0,,169,100
1142,11420,12220,1.2516749128044203e-244,0,,168,100
1143,11430,12230,9.1035526038361e-213,0,,169,100
1144,11440,12240,2.7376464542919352e-108,0,,166,100
1145,11450,12250,1.3856281470571646e-162,0,,165,100
1146,11460,12260,2.2139253398478846e-175,0,,165,100
1147,11470,12270,8.45437241985519e-142,0,,165,100
1148,11480,12280,3.1765974821327867e-133,0,,167,100
1149,11490,12290,1.9781185429270903e-162,0,,168,100
1150,11500,12300,8.809706548494754e-158,0,,169,100
1151,11510,12310,1.3924616031845402e-147,0,,169,100
1152,11520,12320,1.3970428962562584e-252,0,,167,100
1153,11530,12330,1.0026083759610506e-177,0,,167,100
1154,11540,12340,2.145266154915975e-219,0,,168,100
1155,11550,12350,9.144436406950476e-219,0,,167,100
1156,11560,12360,2.424459184293488e-186,0,,167,100
1157,11570,12370,1.985382400907489e-109,0,,167,100
1158,11580,12380,9.646119875961569e-162,0,,166,100
1159,11590,12390,8.496503809625234e-263,0,,163,100
1160,11600,12400,1.7230456392003994e-289,0,,165,100
1161,11610,12410,1.7657642637212792e-221,0,,164,100
1162,11620,12420,3.400806479008791e-210,0,,166,100
1163,11630,12430,8.863399797602582e-203,0,,164,100
1164,11640,12440,9.466063743908331e-159,0,,164,100
1165,11650,12450,3.83362392503587e-92,0,,163,100
1166,11660,12460,2.695449745935013e-116,0,,164,100
1167,11670,12470,6.073983286174806e-136,0,,168,100
1168,11680,12480,9.051958641172978e-146,0,,168,100
1169,11690,12490,2.6309153240205875e-155,0,,168,100
1170,11700,12500,2.9911119054964612e-139,0,,168,100
1171,11710,12510,2.932334925628778e-180,0,,167,100
1172,11720,12520,5.760425755421508e-93,0,,167,100
1173,11730,12530,1.297506243259007e-136,0,,167,100
1174,11740,12540,3.9764034951407873e-112,0,,168,100
1175,11750,12550,2.0378659713044412e-91,0,,169,100
1176,11760,12560,6.24851040190807e-97,0,,169,100
1177,11770,12570,2.351973617918348e-101,0,,171,100
1178,11780,12580,7.232758287144329e-100,0,,169,100
1179,11790,12590,2.52632120900497e-97,0,,170,100
1180,11800,12600,4.42118658635133e-90,0,,171,100
1181,11810,12610,1.7280756785285488e-97,0,,173,100
1182,11820,12620,2.0621128799063986e-75,0,,173,100
1183,11830,12630,4.169614061914262e-75,0,,175,100
1184,11840,12640,3.163879772459953e-53,0,,174,100
1185,11850,12650,1.3419486680288876e-104,0,,174,100
1186,11860,12660,3.19169798841099e-145,0,,174,100
1187,11870,12670,5.1444433839471574e-95,0,,176,100
1188,11880,12680,4.6524725654173597e-119,0,,177,100
1189,11890,12690,1.276291521287691e-123,0,,177,100
1190,11900,12700,1.2300015648059746e-94,0,,176,100
1191,11910,12710,4.2468025459793255e-106,0,,175,100
1192,11920,12720,5.841748335255794e-123,0,,174,100
1193,11930,12730,3.3861418877921685e-102,0,,174,100
1194,11940,12740,3.0343236839626802e-120,0,,175,100
1195,11950,12750,8.394298751604635e-140,0,,176,100
1196,11960,12760,4.627712857965878e-177,0,,176,100
1197,11970,12770,7.011791586831241e-147,0,,175,100
1198,11980,12780,7.12428228064344e-145,0,,175,100
1199,11990,12790,2.5545906628303545e-135,0,,175,100
1200,12000,12800,5.0177698653240024e-141,0,,174,100
1201,12010,12810,6.83564808751048e-94,0,,173,100
1202,12020,12820,1.9421526938789374e-129,0,,173,100
1203,12030,12830,1.2431546563632713e-99,0,,173,100
1204,12040,12840,1.7745388420747424e-153,0,,171,100
1205,12050,12850,1.0786987340368008e-186,0,,172,100
1206,12060,12860,8.257974935163075e-129,0,,171,100
1207,12070,12870,2.4307802355646088e-138,0,,173,100
1208,12080,12880,2.0900849034621968e-144,0,,173,100
1209,12090,12890,2.5705355649491894e-123,0,,172,100
1210,12100,12900,1.430009967972791e-116,0,,171,100
1211,12110,12910,1.0357007637305746e-127,0,,171,100
1212,12120,12920,3.963439085585046e-149,0,,171,100
1213,12130,12930,4.646473319148402e-206,0,,170,100
1214,12140,12940,1.476925255486811e-200,0,,174,100
1215,12150,12950,1.4169032080242206e-135,0,,173,100
1216,12160,12960,2.646855925151008e-142,0,,173,100
1217,12170,12970,4.009686428046439e-145,0,,175,100
1218,12180,12980,1.8533218655303074e-146,0,,175,100
1219,12190,12990,6.0754161221808955e-143,0,,176,100
1220,12200,13000,3.4934202907849205e-127,0,,176,100
1221,12210,13010,4.111861244873817e-168,0,,177,100
1222,12220,13020,3.2892738451555114e-140,0,,179,100
1223,12230,13030,3.9775207160646625e-147,0,,178,100
1224,12240,13040,9.697031925473285e-146,0,,178,100
1225,12250,13050,2.3260493364079593e-99,0,,178,100
1226,12260,13060,3.44451334723803e-123,0,,177,100
1227,12270,13070,3.567403385286958e-166,0,,174,100
1228,12280,13080,2.5398187747686508e-123,0,,175,100
1229,12290,13090,3.954061672940965e-75,0,,175,100
1230,12300,13100,4.085298362349859e-114,0,,176,100
1231,12310,13110,1.5206137731572079e-92,0,,174,100
1232,12320,13120,1.520473199508612e-94,0,,176,100
1233,12330,13130,9.322823010433047e-83,0,,172,100
1234,12340,13140,2.324714752507233e-95,0,,172,100
1235,12350,13150,8.3168724193894655e-109,0,,172,100
1236,12360,13160,6.841885295293409e-155,0,,172,100
1237,12370,13170,4.043672815323784e-101,0,,173,100
1238,12380,13180,7.8037136164712125e-87,0,,174,100
1239,12390,13190,2.048602571522592e-116,0,,174,100
1240,12400,13200,3.9864964877395895e-72,0,,173,100
1241,12410,13210,1.264511284969372e-133,0,,174,100
1242,12420,13220,3.688141349381885e-103,0,,173,100
1243,12430,13230,1.760350017807665e-89,0,,173,100
1244,12440,13240,1.1854469823818376e-65,0,,174,100
1245,12450,13250,8.139904029484111e-109,0,,173,100
1246,12460,13260,9.886289108849579e-108,0,,172,100
1247,12470,13270,1.8700240822184514e-83,0,,169,100
1248,12480,13280,1.427581355087573e-91,0,,171,100
1249,12490,13290,2.4606434674870937e-112,0,,173,100
1250,12500,13300,2.4034935644106537e-103,0,,172,100
1251,12510,13310,9.447462849291239e-117,0,,172,100
1252,12520,13320,1.1984271797906472e-92,0,,174,100
1253,12530,13330,8.308595133543143e-104,0,,173,100
1254,12540,13340,3.969962442656929e-92,0,,172,100
1255,12550,13350,1.2874010442639837e-68,0,,171,100
1256,12560,13360,1.3361704065494657e-85,0,,175,100
1257,12570,13370,4.123327501171235e-72,0,,175,100
1258,12580,13380,1.6892750321123114e-52,0,,174,100
1259,12590,13390,1.9947753715603557e-97,0,,173,100
1260,12600,13400,4.161662710403953e-86,0,,172,100
1261,12610,13410,1.0297339516080977e-97,0,,172,100
1262,12620,13420,3.0945941059236598e-145,0,,173,100
1263,12630,13430,7.236664326681202e-136,0,,175,100
1264,12640,13440,3.827396539502753e-116,0,,175,100
1265,12650,13450,6.656392571105503e-101,0,,176,100
1266,12660,13460,2.6604353768855864e-60,0,,175,100
1267,12670,13470,3.701080041325561e-115,0,,174,100
1268,12680,13480,2.2643710485803353e-90,0,,171,100
1269,12690,13490,6.463960793731659e-90,0,,174,100
1270,12700,13500,9.110783307219833e-101,0,,174,100
1271,12710,13510,4.155848389709149e-146,0,,175,100
1272,12720,13520,8.986233951408421e-143,0,,174,100
1273,12730,13530,2.8716189911828506e-171,0,,174,100
1274,12740,13540,1.1422002483405146e-145,0,,173,100
1275,12750,13550,3.3439219702364227e-146,0,,175,100
1276,12760,13560,1.3248010568409833e-125,0,,175,100
1277,12770,13570,1.818506315661496e-97,0,,176,100
1278,12780,13580,4.1202749543819437e-63,0,,175,100
1279,12790,13590,1.09583868901444e-114,0,,175,100
1280,12800,13600,3.143523032411422e-135,0,,177,100
1281,12810,13610,1.556976495611918e-85,0,,176,100
1282,12820,13620,1.480510874946351e-151,0,,177,100
1283,12830,13630,1.550268755540418e-103,0,,178,100
1284,12840,13640,2.152665466562148e-163,0,,178,100
1285,12850,13650,5.67321312912e-312,0,,177,100
1286,12860,13660,2.632981924921851e-213,0,,178,100
1287,12870,13670,2.3591410636584417e-306,0,,178,100
1288,12880,13680,2.737616885759813e-237,0,,179,100
1289,12890,13690,8.955734796316752e-140,0,,180,100
1290,12900,13700,9.784897001223055e-79,0,,179,100
1291,12910,13710,2.4898939991141447e-85,0,,180,100
1292,12920,13720,1.443005043929355e-113,0,,179,100
1293,12930,13730,8.736205277969612e-130,0,,179,100
1294,12940,13740,5.745297142332585e-233,0,,177,100
1295,12950,13750,2.599432566131144e-263,0,,178,100
1296,12960,13760,5.330801003e-315,0,,178,100
1297,12970,13770,2.3159127457427718e-264,0,,178,100
1298,12980,13780,2.3468701118696283e-100,0,,177,100
1299,12990,13790,9.663398594380143e-110,0,,176,100
1300,13000,13800,3.0613030254142505e-107,0,,178,100
1301,13010,13810,1.2839679568796252e-148,0,,177,100
1302,13020,13820,1.2955221722652637e-210,0,,176,100
1303,13030,13830,8.384491433089519e-221,0,,176,100
1304,13040,13840,1.8582259136382862e-206,0,,177,100
1305,13050,13850,3.143622344914516e-219,0,,176,100
1306,13060,13860,1.4618049157864172e-254,0,,176,100
1307,13070,13870,1.7460757298749574e-136,0,,180,100
1308,13080,13880,2.0821753711099394e-85,0,,178,100
1309,13090,13890,2.364271939260814e-91,0,,180,100
1310,13100,13900,1.5617036326180386e-85,0,,181,100
1311,13110,13910,1.3296997607156826e-63,0,,184,100
1312,13120,13920,1.5804710017374074e-113,0,,185,100
1313,13130,13930,4.2766830934272436e-179,0,,185,100
1314,13140,13940,2.583370553924347e-197,0,,187,100
1315,13150,13950,2.9105683608866722e-236,0,,186,100
1316,13160,13960,4.273170327569281e-260,0,,185,100
1317,13170,13970,1.8737448366539406e-281,0,,186,100
1318,13180,13980,7.29680263872354e-147,0,,187,100
1319,13190,13990,2.816248871816313e-79,0,,185,100
1320,13200,14000,1.0782576448211267e-140,0,,187,100
1321,13210,14010,2.3413351791783275e-100,0,,187,100
1322,13220,14020,7.105758765993705e-123,0,,186,100
1323,13230,14030,1.1504523584374685e-217,0,,189,100
1324,13240,14040,9.654125983689219e-265,0,,187,100
1325,13250,14050,6.073758665173861e-142,0,,187,100
1326,13260,14060,2.276120649675853e-140,0,,187,100
1327,13270,14070,6.132757268238381e-104,0,,189,100
1328,13280,14080,3.9125740744435504e-72,0,,189,100
1329,13290,14090,2.4964965689599554e-66,0,,188,100
1330,13300,14100,7.128700681112975e-69,0,,190,100
1331,13310,14110,1.3747487198408015e-112,0,,188,100
1332,13320,14120,3.137469907891002e-90,0,,187,100
1333,13330,14130,3.988494875749405e-64,0,,186,100
1334,13340,14140,9.040844014401423e-151,0,,187,100
1335,13350,14150,5.702326535166788e-142,0,,188,100
1336,13360,14160,4.417704399531874e-127,0,,187,100
1337,13370,14170,1.862359051915703e-79,0,,187,100
1338,13380,14180,9.034858991827073e-77,0,,188,100
1339,13390,14190,1.0109000136495238e-51,0,,189,100
1340,13400,14200,1.5668958126979245e-107,0,,189,100
1341,13410,14210,1.4193738959763408e-131,0,,190,100
1342,13420,14220,7.238804732017165e-88,0,,189,100
1343,13430,14230,3.7915577413366826e-169,0,,185,100
1344,13440,14240,9.233674074959273e-124,0,,184,100
1345,13450,14250,1.936945051217352e-103,0,,186,100
1346,13460,14260,1.8917679755255996e-73,0,,186,100
1347,13470,14270,4.099039899254004e-120,0,,185,100
1348,13480,14280,6.7217503693465164e-99,0,,186,100
1349,13490,14290,1.5331995177715087e-235,0,,187,100
1350,13500,14300,5.438810816213967e-156,0,,185,100
1351,13510,14310,9.547775973507224e-187,0,,184,100
1352,13520,14320,4.6399413997397066e-141,0,,186,100
1353,13530,14330,1.405904305621143e-150,0,,187,100
1354,13540,14340,6.715775563960165e-130,0,,185,100
1355,13550,14350,5.815351541219314e-125,0,,184,100
1356,13560,14360,1.0971691108028165e-100,0,,187,100
1357,13570,14370,8.385387342149098e-109,0,,189,100
1358,13580,14380,1.0812232918551301e-254,0,,188,100
1359,13590,14390,7.987695417889301e-65,0,,189,100
1360,13600,14400,4.559887425236513e-41,0,,188,100
1361,13610,14410,1.3135657291474954e-103,0,,186,100
1362,13620,14420,9.223931412122324e-118,0,,185,100
1363,13630,14430,9.388344235836404e-247,0,,187,100
1364,13640,14440,6.763045218390847e-132,0,,189,100
1365,13650,14450,7.2847130110792565e-124,0,,189,100
1366,13660,14460,9.444346302046464e-102,0,,190,100
1367,13670,14470,2.424831213655444e-54,0,,187,100
1368,13680,14480,1.06976030786087e-40,0,,186,100
1369,13690,14490,2.9848360010400127e-100,0,,187,100
1370,13700,14500,6.540290399965214e-74,0,,187,100
1371,13710,14510,4.027448654275775e-96,0,,187,100
1372,13720,14520,2.274773308089291e-213,0,,188,100
1373,13730,14530,8.087902033100279e-152,0,,189,100
1374,13740,14540,1.6773436459124074e-68,0,,188,100
1375,13750,14550,2.291280730699317e-149,0,,187,100
1376,13760,14560,6.030294946042542e-39,0,,187,100
1377,13770,14570,3.5091652304872524e-84,0,,188,100
1378,13780,14580,1.4810172543474116e-96,0,,190,100
1379,13790,14590,1.4373875946746986e-77,0,,191,100
1380,13800,14600,3.6222125257800575e-124,0,,190,100
1381,13810,14610,3.1411500981236643e-127,0,,190,100
1382,13820,14620,1.4524855752056357e-153,0,,191,100
1383,13830,14630,2.6170228408838645e-83,0,,192,100
1384,13840,14640,3.657828565832538e-111,0,,193,100
1385,13850,14650,6.479156006080951e-102,0,,191,100
1386,13860,14660,1.065031398168644e-61,0,,194,100
1387,13870,14670,7.577234868468585e-138,0,,190,100
1388,13880,14680,2.0184520037410897e-114,0,,191,100
1389,13890,14690,1.9342695904521028e-136,0,,194,100
1390,13900,14700,6.930896640742449e-104,0,,191,100
1391,13910,14710,4.131255172900877e-131,0,,190,100
1392,13920,14720,3.388362227706943e-111,0,,191,100
1393,13930,14730,1.5984736708679258e-127,0,,190,100
1394,13940,14740,3.159934581666387e-94,0,,188,100
1395,13950,14750,2.4619634834454842e-96,0,,188,100
1396,13960,14760,2.0908187505730467e-66,0,,188,100
1397,13970,14770,2.31080088149525e-91,0,,189,100
1398,13980,14780,6.717114023949031e-90,0,,189,100
1399,13990,14790,1.982042835593109e-125,0,,189,100
1400,14000,14800,4.486604941909837e-74,0,,188,100
1401,14010,14810,5.866293984785361e-140,0,,188,100
1402,14020,14820,1.4468711056491367e-134,0,,187,100
1403,14030,14830,2.9334610920771087e-99,0,,186,100
1404,14040,14840,6.487057219184953e-122,0,,188,100
1405,14050,14850,7.652201981573789e-119,0,,187,100
1406,14060,14860,3.1908597448450287e-90,0,,187,100
1407,14070,14870,1.1758723563404736e-104,0,,185,100
1408,14080,14880,4.708298985720175e-95,0,,185,100
1409,14090,14890,4.169150677127144e-154,0,,187,100
1410,14100,14900,6.685354119134859e-112,0,,186,100
1411,14110,14910,9.531366648337847e-111,0,,185,100
1412,14120,14920,5.467129933227252e-113,0,,188,100
1413,14130,14930,3.880099438331343e-70,0,,189,100
1414,14140,14940,9.184468358557593e-66,0,,188,100
1415,14150,14950,5.181483923950426e-72,0,,186,100
1416,14160,14960,1.2047082686945375e-112,0,,186,100
1417,14170,14970,2.841886212529008e-93,0,,186,100
1418,14180,14980,1.3280200540498512e-76,0,,187,100
1419,14190,14990,2.7134622400644127e-88,0,,186,100
1420,14200,15000,2.8377453116841776e-107,0,,187,100
1421,14210,15010,9.370727497616397e-104,0,,185,100
1422,14220,15020,1.104035414538288e-53,0,,185,100
1423,14230,15030,1.8984586232196595e-27,0,,187,100
1424,14240,15040,1.0670043182200626e-92,0,,189,100
1425,14250,15050,1.203476700656653e-87,0,,189,100
1426,14260,15060,9.518083420408606e-90,0,,190,100
1427,14270,15070,1.321690722194297e-80,0,,190,100
1428,14280,15080,2.3258304732724073e-146,0,,190,100
1429,14290,15090,1.7558934321706006e-132,0,,188,100
1430,14300,15100,7.951227814194343e-112,0,,187,100
1431,14310,15110,3.3558241063874005e-105,0,,189,100
1432,14320,15120,5.336804051758488e-50,0,,187,100
1433,14330,15130,1.9109642900307873e-40,0,,190,100
1434,14340,15140,8.921292869074045e-142,0,,190,100
1435,14350,15150,2.99609089858179e-156,0,,188,100
1436,14360,15160,1.2169539518739027e-140,0,,184,100
1437,14370,15170,9.286181380419302e-151,0,,187,100
1438,14380,15180,1.7383921641395177e-127,0,,188,100
1439,14390,15190,6.384055225591655e-109,0,,188,100
1440,14400,15200,4.756984517227604e-56,0,,187,100
1441,14410,15210,1.5116623384110364e-72,0,,187,100
1442,14420,15220,6.277455510805549e-122,0,,187,100
1443,14430,15230,1.0307427800648178e-139,0,,186,100
1444,14440,15240,5.198098414518112e-142,0,,185,100
1445,14450,15250,4.3806726903391516e-117,0,,186,100
1446,14460,15260,4.920206998779686e-137,0,,186,100
1447,14470,15270,1.3592567207713635e-119,0,,188,100
1448,14480,15280,1.7097329228861742e-121,0,,191,100
1449,14490,15290,1.2309403436128361e-107,0,,187,100
1450,14500,15300,1.5907094746634725e-122,0,,188,100
1451,14510,15310,2.0685369113205715e-140,0,,187,100
1452,14520,15320,2.708504809321161e-225,0,,191,100
1453,14530,15330,5.473654683611784e-99,0,,189,100
1454,14540,15340,3.711854440596074e-96,0,,190,100
1455,14550,15350,8.733649353676715e-141,0,,189,100
1456,14560,15360,8.487358932688127e-139,0,,187,100
1457,14570,15370,1.3739503091895767e-123,0,,185,100
1458,14580,15380,9.64948758724607e-142,0,,184,100
1459,14590,15390,3.1966988223841743e-164,0,,185,100
1460,14600,15400,2.6017819705432335e-189,0,,185,100
1461,14610,15410,4.066131926941386e-160,0,,185,100
1462,14620,15420,2.6592624960316856e-170,0,,183,100
1463,14630,15430,2.0123165108556506e-307,0,,182,100
1464,14640,15440,1.6938609205418308e-157,0,,181,100
1465,14650,15450,3.318472767142409e-106,0,,181,100
1466,14660,15460,4.0157450999390956e-109,0,,182,100
1467,14670,15470,5.341996978492445e-122,0,,185,100
1468,14680,15480,4.294567475681818e-131,0,,183,100
1469,14690,15490,5.1395321599544805e-188,0,,182,100
1470,14700,15500,4.65257331154703e-163,0,,182,100
1471,14710,15510,3.736422198187796e-150,0,,181,100
1472,14720,15520,3.516179495602401e-182,0,,180,100
1473,14730,15530,7.329943654264838e-290,0,,182,100
1474,14740,15540,4.717594029951802e-111,0,,183,100
1475,14750,15550,1.1103356837179104e-88,0,,182,100
1476,14760,15560,3.6712139474180235e-160,0,,182,100
1477,14770,15570,2.794548185402706e-203,0,,180,100
1478,14780,15580,1.6691084048263883e-135,0,,179,100
1479,14790,15590,4.82347431518914e-141,0,,179,100
1480,14800,15600,5.630717204347164e-99,0,,181,100
1481,14810,15610,6.401613170357986e-121,0,,182,100
1482,14820,15620,1.1683184305804913e-134,0,,181,100
1483,14830,15630,7.420819979578171e-97,0,,178,100
1484,14840,15640,4.660460500734848e-152,0,,179,100
1485,14850,15650,1.5325996929824896e-111,0,,179,100
1486,14860,15660,4.337621216873645e-228,0,,178,100
1487,14870,15670,3.9757564686339985e-249,0,,179,100
1488,14880,15680,3.5628737746140784e-281,0,,179,100
1489,14890,15690,2.065463466995694e-216,0,,179,100
1490,14900,15700,3.26e-322,0,,180,100
1491,14910,15710,4.634355313886605e-78,0,,179,100
1492,14920,15720,1.0139656344522043e-195,0,,177,100
1493,14930,15730,1.8768495040464585e-147,0,,177,100
1494,14940,15740,1.5723292758798654e-171,0,,177,100
1495,14950,15750,4.717124517908246e-213,0,,178,100
1496,14960,15760,2.1739627682420793e-165,0,,179,100
1497,14970,15770,9.434267479486783e-229,0,,178,100
1498,14980,15780,1.4928911608407191e-151,0,,179,100
1499,14990,15790,5.656156072833233e-145,0,,180,100
1500,15000,15800,6.805362397328939e-80,0,,182,100
1501,15010,15810,1.253087076880358e-79,0,,184,100
1502,15020,15820,1.9678915565392373e-115,0,,184,100
1503,15030,15830,4.122454791568787e-102,0,,181,100
1504,15040,15840,4.550152575311662e-130,0,,180,100
1505,15050,15850,6.505581951933468e-137,0,,176,100
1506,15060,15860,5.123917947556439e-131,0,,177,100
1507,15070,15870,6.7298216538671944e-102,0,,177,100
1508,15080,15880,6.15126019912571e-145,0,,178,100
1509,15090,15890,4.529262508017756e-86,0,,179,100
1510,15100,15900,9.275661914466932e-115,0,,179,100
1511,15110,15910,3.411396731243169e-99,0,,179,100
1512,15120,15920,9.014381185016589e-84,0,,180,100
1513,15130,15930,5.961906811368902e-135,0,,180,100
1514,15140,15940,5.73123240894234e-167,0,,182,100
1515,15150,15950,2.6263641544724725e-164,0,,183,100
1516,15160,15960,1.839250954564949e-203,0,,182,100
1517,15170,15970,3.226953453371701e-167,0,,182,100
1518,15180,15980,6.12306718606677e-154,0,,181,100
1519,15190,15990,2.8907105094729265e-118,0,,181,100
1520,15200,16000,6.786128863819142e-142,0,,185,100
1521,15210,16010,2.041481612784217e-105,0,,185,100
1522,15220,16020,6.420497550716934e-102,0,,186,100
1523,15230,16030,9.992047943041346e-146,0,,187,100
1524,15240,16040,2.9262961512055195e-157,0,,184,100
1525,15250,16050,8.193030597628305e-241,0,,183,100
1526,15260,16060,3.8179183470324223e-125,0,,182,100
1527,15270,16070,3.804333081659766e-198,0,,184,100
1528,15280,16080,7.337211690637798e-103,0,,184,100
1529,15290,16090,7.105298080262598e-128,0,,184,100
1530,15300,16100,6.286196428856678e-87,0,,184,100
1531,15310,16110,7.66835643156248e-159,0,,181,100
1532,15320,16120,8.144868800969283e-247,0,,177,100
1533,15330,16130,2.2731296377211727e-253,0,,179,100
1534,15340,16140,4.214692485661705e-198,0,,181,100
1535,15350,16150,4.5513123612186e-165,0,,181,100
1536,15360,16160,9.118645679403082e-148,0,,181,100
1537,15370,16170,1.132611891721231e-118,0,,182,100
1538,15380,16180,1.1988406625381388e-120,0,,183,100
1539,15390,16190,2.5548453889086706e-114,0,,182,100
1540,15400,16200,9.903264754380463e-150,0,,181,100
1541,15410,16210,1.3378458614255832e-146,0,,183,100
1542,15420,16220,2.470477704049042e-148,0,,184,100
1543,15430,16230,1.520954421891532e-164,0,,185,100
1544,15440,16240,7.112045910048651e-206,0,,185,100
1545,15450,16250,4.258323167228458e-153,0,,182,100
1546,15460,16260,3.047708154225833e-125,0,,181,100
1547,15470,16270,2.327537261193179e-177,0,,180,100
1548,15480,16280,9.85201708673188e-157,0,,181,100
1549,15490,16290,9.936256323744803e-149,0,,182,100
1550,15500,16300,4.506620549176731e-145,0,,180,100
1551,15510,16310,2.6256507598984614e-104,0,,181,100
1552,15520,16320,7.686420855167281e-156,0,,182,100
1553,15530,16330,3.0884790352222655e-205,0,,181,100
1554,15540,16340,7.060670278767596e-199,0,,179,100
1555,15550,16350,2.2692075074629125e-119,0,,180,100
1556,15560,16360,1.3848073992145432e-199,0,,181,100
1557,15570,16370,7.401301186028512e-168,0,,182,100
1558,15580,16380,3.102638117195643e-156,0,,186,100
1559,15590,16390,3.551710815803947e-115,0,,185,100
1560,15600,16400,2.776441500184161e-119,0,,184,100
1561,15610,16410,1.6446781234009214e-97,0,,184,100
1562,15620,16420,8.812985898764612e-129,0,,187,100
1563,15630,16430,7.344166292532124e-237,0,,186,100
1564,15640,16440,2.6792709241092402e-222,0,,185,100
1565,15650,16450,7.721793819641688e-160,0,,186,100
1566,15660,16460,2.3011689557241284e-171,0,,188,100
1567,15670,16470,1.6675789449407454e-184,0,,187,100
1568,15680,16480,4.023998267811619e-146,0,,187,100
1569,15690,16490,1.0295508243133452e-170,0,,188,100
1570,15700,16500,1.3056177929634327e-149,0,,187,100
1571,15710,16510,4.897127631387868e-163,0,,189,100
1572,15720,16520,2.528180190149149e-146,0,,189,100
1573,15730,16530,1.4327006754405373e-183,0,,189,100
1574,15740,16540,5.640019793825057e-137,0,,188,100
1575,15750,16550,1.9102755287915715e-156,0,,189,100
1576,15760,16560,2.1645374224790975e-159,0,,188,100
1577,15770,16570,4.4131272677900956e-108,0,,188,100
1578,15780,16580,1.8590537587121197e-145,0,,188,100
1579,15790,16590,4.630450974039761e-129,0,,187,100
1580,15800,16600,3.3305776075579063e-178,0,,187,100
1581,15810,16610,4.5060911421349764e-88,0,,188,100
1582,15820,16620,6.716661896309174e-176,0,,188,100
1583,15830,16630,6.370212717159388e-183,0,,189,100
1584,15840,16640,3.580647007441859e-182,0,,191,100
1585,15850,16650,4.7278134602880886e-148,0,,192,100
1586,15860,16660,1.5493728945064407e-170,0,,190,100
1587,15870,16670,2.8272501610285617e-187,0,,192,100
1588,15880,16680,6.519974082236206e-221,0,,190,100
1589,15890,16690,2.4380298408509724e-112,0,,189,100
1590,15900,16700,4.0495191580644223e-119,0,,189,100
1591,15910,16710,1.2805689906467226e-89,0,,187,100
1592,15920,16720,6.185230627404975e-193,0,,188,100
1593,15930,16730,4.2159296660821254e-103,0,,187,100
1594,15940,16740,1.221060740808904e-81,0,,190,100
1595,15950,16750,3.7205985773280154e-156,0,,188,100
1596,15960,16760,3.1501813998093887e-97,0,,188,100
1597,15970,16770,1.4918043990689488e-101,0,,187,100
1598,15980,16780,1.1259064711701094e-97,0,,186,100
1599,15990,16790,6.183249293772815e-121,0,,186,100
1600,16000,16800,4.525571624613127e-115,0,,184,100
1601,16010,16810,8.097712717042191e-104,0,,185,100
1602,16020,16820,1.5968038285280636e-175,0,,183,100
1603,16030,16830,4.224408009020051e-134,0,,183,100
1604,16040,16840,1.734264605312658e-92,0,,185,100
1605,16050,16850,1.2874067725453272e-142,0,,185,100
1606,16060,16860,8.416660575692937e-111,0,,185,100
1607,16070,16870,3.3093053080496546e-71,0,,183,100
1608,16080,16880,3.422294204061215e-190,0,,183,100
1609,16090,16890,1.7654535164605118e-141,0,,184,100
1610,16100,16900,2.940325890313947e-87,0,,183,100
1611,16110,16910,3.361825550433172e-88,0,,186,100
1612,16120,16920,2.109066781539305e-131,0,,188,100
1613,16130,16930,4.943013146179982e-151,0,,186,100
1614,16140,16940,1.3042192431433826e-109,0,,184,100
1615,16150,16950,6.104885984501552e-128,0,,184,100
1616,16160,16960,7.7037514637163e-106,0,,184,100
1617,16170,16970,3.009873788218828e-156,0,,184,100
1618,16180,16980,3.859781472069326e-158,0,,183,100
1619,16190,16990,9.365692518142314e-123,0,,184,100
1620,16200,17000,1.3476981033909087e-119,0,,181,100
1621,16210,17010,3.314385936667564e-70,0,,180,100
1622,16220,17020,1.073976498035015e-90,0,,180,100
1623,16230,17030,5.731806259059738e-92,0,,183,100
1624,16240,17040,1.4596638031663208e-161,0,,182,100
1625,16250,17050,1.6202203474984156e-137,0,,183,100
1626,16260,17060,6.898667051006784e-125,0,,183,100
1627,16270,17070,3.1108301313757477e-142,0,,184,100
1628,16280,17080,2.8099855406533906e-93,0,,183,100
1629,16290,17090,4.276570961299639e-122,0,,185,100
1630,16300,17100,3.0126495941247118e-71,0,,186,100
1631,16310,17110,2.3666907363495098e-104,0,,185,100
1632,16320,17120,6.202486679493813e-76,0,,185,100
1633,16330,17130,1.426164824727184e-103,0,,187,100
1634,16340,17140,3.0910224144111997e-102,0,,186,100
1635,16350,17150,9.309521010831152e-128,0,,186,100
1636,16360,17160,4.729461515814822e-98,0,,186,100
1637,16370,17170,3.062030417988634e-119,0,,185,100
1638,16380,17180,4.3844180220748246e-120,0,,182,100
1639,16390,17190,2.8203787984879714e-143,0,,181,100
1640,16400,17200,1.6337253873210602e-153,0,,184,100
1641,16410,17210,3.3015258026232424e-238,0,,182,100
1642,16420,17220,6.284181896328799e-239,0,,181,100
1643,16430,17230,6.733513523717296e-186,0,,182,100
1644,16440,17240,1.235158289883795e-99,0,,181,100
1645,16450,17250,9.527858646651397e-150,0,,180,100
1646,16460,17260,3.6976782115155935e-123,0,,179,100
1647,16470,17270,1.4297429075224136e-109,0,,179,100
1648,16480,17280,4.2365957442488475e-114,0,,181,100
1649,16490,17290,1.7206301002702912e-154,0,,181,100
1650,16500,17300,5.538236290817594e-172,0,,179,100
1651,16510,17310,3.2920848777267333e-136,0,,179,100
1652,16520,17320,2.4345264636996826e-154,0,,179,100
1653,16530,17330,2.578497883756786e-100,0,,180,100
1654,16540,17340,9.343891076509445e-127,0,,181,100
1655,16550,17350,7.415504475049672e-160,0,,182,100
1656,16560,17360,1.2823441843844994e-116,0,,180,100
1657,16570,17370,8.935510233097497e-166,0,,181,100
1658,16580,17380,1.8368787610411108e-152,0,,181,100
1659,16590,17390,8.662608640132146e-105,0,,180,100
1660,16600,17400,5.85431298476056e-81,0,,181,100
1661,16610,17410,9.605670225317767e-183,0,,178,100
1662,16620,17420,1.7102585213596998e-193,0,,177,100
1663,16630,17430,5.974739441706149e-134,0,,175,100
1664,16640,17440,2.2511191849805742e-116,0,,176,100
1665,16650,17450,1.6788298175487511e-90,0,,175,100
1666,16660,17460,1.2131109613833544e-141,0,,176,100
1667,16670,17470,7.042285023207383e-105,0,,173,100
1668,16680,17480,2.765362076362517e-86,0,,175,100
1669,16690,17490,3.1078762641267434e-113,0,,175,100
1670,16700,17500,3.3597950242270157e-261,0,,174,100
1671,16710,17510,3.364621546700232e-201,0,,174,100
1672,16720,17520,3.399004871852857e-175,0,,173,100
1673,16730,17530,7.194365334053116e-88,0,,171,100
1674,16740,17540,2.7511976362739084e-57,0,,171,100
1675,16750,17550,1.49566504456573e-79,0,,171,100
1676,16760,17560,5.718056297276622e-72,0,,172,100
1677,16770,17570,1.0344290785422708e-106,0,,171,100
1678,16780,17580,5.9147687113544105e-236,0,,170,100
1679,16790,17590,3.8897299551303644e-156,0,,167,100
1680,16800,17600,1.539901043103908e-209,0,,168,100
1681,16810,17610,2.488390721804379e-162,0,,167,100
1682,16820,17620,2.022056189832286e-46,0,,168,100
1683,16830,17630,4.119382895187272e-68,0,,167,100
1684,16840,17640,2.7948094350409316e-76,0,,169,100
1685,16850,17650,5.874892237882939e-101,0,,168,100
1686,16860,17660,3.9042740174170486e-137,0,,169,100
1687,16870,17670,5.312970594171939e-138,0,,167,100
1688,16880,17680,3.5716133611915992e-171,0,,168,100
1689,16890,17690,8.553636371138277e-196,0,,169,100
1690,16900,17700,2.4453540920520494e-132,0,,168,100
1691,16910,17710,9.01791659665018e-89,0,,169,100
1692,16920,17720,5.460391346339276e-85,0,,168,100
1693,16930,17730,3.584397928598422e-64,0,,168,100
1694,16940,17740,2.384818882661935e-94,0,,169,100
1695,16950,17750,2.00348309139886e-104,0,,167,100
1696,16960,17760,2.4739463489022212e-117,0,,168,100
1697,16970,17770,1.099873692856116e-181,0,,168,100
1698,16980,17780,8.910652498830198e-183,0,,171,100
1699,16990,17790,7.35836431010512e-158,0,,172,100
1700,17000,17800,1.8312211843044236e-188,0,,175,100
1701,17010,17810,2.2335875147589747e-175,0,,175,100
1702,17020,17820,4.646630739357119e-100,0,,173,100
1703,17030,17830,2.5310622295711896e-101,0,,175,100
1704,17040,17840,3.970797403077186e-121,0,,175,100
1705,17050,17850,3.17167651759851e-95,0,,175,100
1706,17060,17860,9.842334086142449e-143,0,,175,100
1707,17070,17870,8.941781787398682e-228,0,,175,100
1708,17080,17880,2.3961464224153615e-157,0,,174,100
1709,17090,17890,2.824929688488572e-147,0,,172,100
1710,17100,17900,3.826243949248687e-106,0,,172,100
1711,17110,17910,4.161620515409867e-84,0,,172,100
1712,17120,17920,1.4734258042974203e-114,0,,172,100
1713,17130,17930,2.0563525687643218e-144,0,,169,100
1714,17140,17940,1.5445233083560325e-186,0,,170,100
1715,17150,17950,5.3971909101447435e-143,0,,170,100
1716,17160,17960,1.446677535452584e-170,0,,171,100
1717,17170,17970,5.080418753137407e-191,0,,172,100
1718,17180,17980,1.1672727014673696e-185,0,,174,100
1719,17190,17990,6.056353390617419e-139,0,,172,100
1720,17200,18000,4.2112534470121995e-122,0,,172,100
1721,17210,18010,1.1907381987006898e-142,0,,174,100
1722,17220,18020,4.6464661268825556e-169,0,,174,100
1723,17230,18030,5.116456528495843e-157,0,,174,100
1724,17240,18040,3.595087584502758e-185,0,,174,100
1725,17250,18050,9.742984118317726e-188,0,,174,100
1726,17260,18060,4.427278226971517e-102,0,,175,100
1727,17270,18070,2.8172834846983234e-140,0,,175,100
1728,17280,18080,1.129641199059156e-124,0,,176,100
1729,17290,18090,1.5867615765970634e-174,0,,175,100
1730,17300,18100,2.4210582585024143e-132,0,,175,100
1731,17310,18110,2.5892967487036057e-218,0,,175,100
1732,17320,18120,2.1903815819857397e-148,0,,175,100
1733,17330,18130,1.8197721829046745e-198,0,,174,100
1734,17340,18140,9.015613782224509e-119,0,,175,100
1735,17350,18150,6.403139242332949e-124,0,,174,100
1736,17360,18160,1.253723058337279e-123,0,,174,100
1737,17370,18170,6.048383376258695e-126,0,,174,100
1738,17380,18180,7.501236814218631e-109,0,,174,100
1739,17390,18190,1.4666412111724966e-177,0,,175,100
1740,17400,18200,5.386307253090001e-160,0,,176,100
1741,17410,18210,4.7704967607078587e-160,0,,175,100
1742,17420,18220,3.8592487809703145e-107,0,,177,100
1743,17430,18230,5.952336549578102e-106,0,,179,100
1744,17440,18240,4.080153571007638e-108,0,,183,100
1745,17450,18250,1.5105963874492137e-143,0,,183,100
1746,17460,18260,2.2241970435702294e-127,0,,181,100
1747,17470,18270,5.0983262006482454e-136,0,,182,100
1748,17480,18280,5.3227173601029964e-107,0,,183,100
1749,17490,18290,6.171050569420285e-129,0,,185,100
1750,17500,18300,1.9465781891302062e-113,0,,183,100
1751,17510,18310,3.116756780511658e-89,0,,184,100
1752,17520,18320,2.5337093374711464e-104,0,,187,100
1753,17530,18330,2.143554970077597e-169,0,,187,100
1754,17540,18340,5.2048859393019024e-139,0,,185,100
1755,17550,18350,8.448425013135531e-137,0,,187,100
1756,17560,18360,2.2761172253481273e-185,0,,189,100
1757,17570,18370,5.159138873063554e-177,0,,190,100
1758,17580,18380,4.2489250762247964e-131,0,,191,100
1759,17590,18390,8.367637611456855e-122,0,,188,100
1760,17600,18400,1.8963932690894501e-125,0,,191,100
1761,17610,18410,1.1400108459733145e-115,0,,191,100
1762,17620,18420,3.45853560779389e-125,0,,190,100
1763,17630,18430,5.938369544997495e-114,0,,193,100
1764,17640,18440,1.2987811366759364e-131,0,,193,100
1765,17650,18450,5.268986213552854e-140,0,,192,100
1766,17660,18460,2.3076843242620613e-168,0,,193,100
1767,17670,18470,8.10353043562503e-151,0,,191,100
1768,17680,18480,4.4008917047877455e-142,0,,192,100
1769,17690,18490,9.710099280900553e-101,0,,191,100
1770,17700,18500,8.621682256033599e-120,0,,193,100
1771,17710,18510,2.1762026820828893e-91,0,,190,100
1772,17720,18520,1.1251945613828652e-99,0,,190,100
1773,17730,18530,2.5217660654326224e-185,0,,191,100
1774,17740,18540,8.341821898168635e-148,0,,191,100
1775,17750,18550,2.937905919657034e-184,0,,192,100
1776,17760,18560,6.2257129520214406e-145,0,,192,100
1777,17770,18570,8.817294667721453e-111,0,,191,100
1778,17780,18580,9.159232577824729e-120,0,,190,100
1779,17790,18590,5.484292125063171e-131,0,,192,100
1780,17800,18600,1.2143379987691306e-106,0,,190,100
1781,17810,18610,2.558128182785603e-142,0,,189,100
1782,17820,18620,2.9623962070278803e-153,0,,188,100
1783,17830,18630,1.903237097647887e-96,0,,187,100
1784,17840,18640,3.962617570292576e-148,0,,187,100
1785,17850,18650,7.023499108261684e-103,0,,189,100
1786,17860,18660,2.589023521553176e-105,0,,188,100
1787,17870,18670,1.0888569231194115e-143,0,,189,100
1788,17880,18680,2.8710895025394193e-122,0,,191,100
1789,17890,18690,6.9683524769921525e-93,0,,189,100
1790,17900,18700,6.077879068215372e-128,0,,188,100
1791,17910,18710,2.4301921068068095e-100,0,,186,100
1792,17920,18720,1.820813120617694e-105,0,,189,100
1793,17930,18730,2.5761568582388123e-73,0,,188,100
1794,17940,18740,2.249585475665745e-130,0,,189,100
1795,17950,18750,2.471331163655078e-65,0,,189,100
1796,17960,18760,1.6846968201343595e-144,0,,188,100
1797,17970,18770,7.327295965411246e-132,0,,190,100
1798,17980,18780,7.08521143305907e-68,0,,189,100
1799,17990,18790,3.3119238776935495e-131,0,,186,100
1800,18000,18800,1.707502836605203e-209,0,,188,100
1801,18010,18810,5.397857178523647e-190,0,,186,100
1802,18020,18820,3.346389275314497e-147,0,,186,100
1803,18030,18830,3.136187109211236e-131,0,,186,100
1804,18040,18840,2.2335360960145445e-95,0,,186,100
1805,18050,18850,8.386928923011022e-126,0,,186,100
1806,18060,18860,2.687059430181147e-74,0,,186,100
1807,18070,18870,1.7779758442243315e-119,0,,185,100
1808,18080,18880,6.251308636707231e-153,0,,186,100
1809,18090,18890,6.513622729377983e-133,0,,185,100
1810,18100,18900,9.881762532123257e-114,0,,183,100
1811,18110,18910,7.361571382706242e-155,0,,183,100
1812,18120,18920,1.0548290793536978e-133,0,,184,100
1813,18130,18930,3.7962910637089854e-137,0,,183,100
1814,18140,18940,7.318314781535831e-75,0,,182,100
1815,18150,18950,9.234487927051908e-59,0,,182,100
1816,18160,18960,8.657033958963023e-114,0,,181,100
1817,18170,18970,3.1447234592868286e-160,0,,180,100
1818,18180,18980,3.922044210638542e-174,0,,178,100
1819,18190,18990,5.198076812851303e-190,0,,179,100
1820,18200,19000,1.4105373481388588e-155,0,,179,100
1821,18210,19010,2.1986731533798287e-85,0,,179,100
1822,18220,19020,1.670176470770925e-63,0,,176,100
1823,18230,19030,3.6091980467591285e-97,0,,175,100
1824,18240,19040,3.0465807586251085e-177,0,,173,100
1825,18250,19050,3.164095901038331e-105,0,,172,100
1826,18260,19060,9.637455106966268e-107,0,,173,100
1827,18270,19070,1.11774272795923e-130,0,,172,100
1828,18280,19080,1.4695253418163427e-91,0,,170,100
1829,18290,19090,5.4409425024558076e-70,0,,170,100
1830,18300,19100,1.0318109280662074e-132,0,,170,100
1831,18310,19110,1.3665478903750081e-76,0,,170,100
1832,18320,19120,2.4309112473804082e-86,0,,170,100
1833,18330,19130,1.5588201928288828e-209,0,,170,100
1834,18340,19140,8.64818287352618e-112,0,,169,100
1835,18350,19150,3.481712348636608e-185,0,,170,100
1836,18360,19160,1.7534204991846764e-105,0,,168,100
1837,18370,19170,1.8419093294725094e-105,0,,170,100
1838,18380,19180,7.054357187642554e-77,0,,169,100
1839,18390,19190,3.708255849729034e-163,0,,169,100
1840,18400,19200,1.5208814681755345e-69,0,,166,100
1841,18410,19210,6.559285083015687e-124,0,,167,100
1842,18420,19220,1.7974512134550756e-113,0,,167,100
1843,18430,19230,1.557257494867328e-111,0,,167,100
1844,18440,19240,1.1918154081130582e-160,0,,165,100
1845,18450,19250,4.8070432001240714e-114,0,,164,100
1846,18460,19260,4.4996239156455606e-86,0,,165,100
1847,18470,19270,1.6877586120041455e-81,0,,165,100
1848,18480,19280,9.342855118459329e-94,0,,165,100
1849,18490,19290,1.8330122874689225e-205,0,,164,100
1850,18500,19300,1.6659374817880616e-122,0,,162,100
1851,18510,19310,1.433388228557146e-116,0,,163,100
1852,18520,19320,3.4576227394353515e-158,0,,161,100
1853,18530,19330,3.0262678258319446e-132,0,,159,100
1854,18540,19340,1.5359306388092007e-122,0,,161,100
1855,18550,19350,5.009950152250871e-91,0,,162,100
1856,18560,19360,5.144463098955723e-145,0,,160,100
1857,18570,19370,5.087156225808156e-216,0,,161,100
1858,18580,19380,5.211520681647405e-264,0,,158,100
1859,18590,19390,7.737141835395793e-166,0,,155,100
1860,18600,19400,7.953289883583204e-174,0,,156,100
1861,18610,19410,9.139948566127881e-114,0,,157,100
1862,18620,19420,1.7154724706827602e-113,0,,159,100
1863,18630,19430,1.7691419794411294e-117,0,,158,100
1864,18640,19440,6.105988934947071e-158,0,,158,100
1865,18650,19450,7.626609902455492e-221,0,,157,100
1866,18660,19460,1.0790432353823808e-170,0,,159,100
1867,18670,19470,1.00444874208378e-219,0,,157,100
1868,18680,19480,3.0354205799371295e-105,0,,155,100
1869,18690,19490,5.3583329037208876e-104,0,,160,100
1870,18700,19500,2.294245170147493e-125,0,,157,100
1871,18710,19510,7.040318285172672e-127,0,,160,100
1872,18720,19520,3.65101033040815e-103,0,,159,100
1873,18730,19530,1.4121310068907748e-130,0,,158,100
1874,18740,19540,7.230129568345706e-217,0,,158,100
1875,18750,19550,9.855487980359822e-165,0,,157,100
1876,18760,19560,2.723569797281018e-152,0,,159,100
1877,18770,19570,6.273802929749139e-128,0,,158,100
1878,18780,19580,2.928029600054601e-86,0,,157,100
1879,18790,19590,1.1193069038171946e-129,0,,158,100
1880,18800,19600,1.583298506658805e-117,0,,158,100
1881,18810,19610,4.883303413945459e-83,0,,157,100
1882,18820,19620,3.15460869171823e-141,0,,157,100
1883,18830,19630,2.6422605613932866e-162,0,,157,100
1884,18840,19640,2.1383750517310396e-152,0,,159,100
1885,18850,19650,4.1315827849696856e-191,0,,159,100
1886,18860,19660,5.300406046437477e-184,0,,159,100
1887,18870,19670,2.3267226546964333e-139,0,,158,100
1888,18880,19680,1.7983038781913617e-122,0,,157,100
1889,18890,19690,3.145359105564097e-151,0,,157,100
1890,18900,19700,1.2536557218665744e-231,0,,160,100
1891,18910,19710,1.9913158227150776e-134,0,,161,100
1892,18920,19720,3.831119578290653e-171,0,,160,100
1893,18930,19730,7.665852077130578e-151,0,,161,100
1894,18940,19740,4.159633692975735e-303,0,,160,100
1895,18950,19750,5.06221583769188e-117,0,,161,100
1896,18960,19760,5.519601261283027e-121,0,,163,100
1897,18970,19770,1.668854225559336e-125,0,,164,100
1898,18980,19780,4.709472953858803e-127,0,,165,100
1899,18990,19790,7.222946043305218e-96,0,,163,100
1900,19000,19800,1.3925485134091813e-204,0,,165,100
1901,19010,19810,7.125372684129387e-138,0,,163,100
1902,19020,19820,9.730898573317634e-135,0,,163,100
1903,19030,19830,6.1326173516286615e-155,0,,165,100
1904,19040,19840,1.1254446390988486e-154,0,,167,100
1905,19050,19850,2.7070485452284814e-159,0,,166,100
1906,19060,19860,4.4160143590971936e-156,0,,168,100
1907,19070,19870,4.69340531980322e-191,0,,168,100
1908,19080,19880,1.6519544189654136e-126,0,,168,100
1909,19090,19890,7.081492372990199e-124,0,,167,100
1910,19100,19900,7.12396461515729e-108,0,,168,100
1911,19110,19910,0.0,0,,170,100
1912,19120,19920,4.612202642151343e-143,0,,170,100
1913,19130,19930,5.346929719583549e-113,0,,171,100
1914,19140,19940,5.903453316287521e-218,0,,167,100
1915,19150,19950,1.4122111052715398e-159,0,,166,100
1916,19160,19960,8.307384644986298e-186,0,,167,100
1917,19170,19970,2.792225175105181e-159,0,,166,100
1918,19180,19980,7.316575878826685e-142,0,,167,100
1919,19190,19990,6.759993562726511e-122,0,,168,100
1920,19200,20000,5.433232487995584e-125,0,,169,100
1921,19210,20010,7.446256970782377e-135,0,,166,100
1922,19220,20020,1.8488151123399092e-122,0,,166,100
1923,19230,20030,1.299826293500876e-112,0,,166,100
1924,19240,20040,1.3983261348915696e-134,0,,167,100
1925,19250,20050,4.6591896740906946e-135,0,,169,100
1926,19260,20060,6.167878532869111e-187,0,,168,100
1927,19270,20070,3.718774627944367e-229,0,,169,100
1928,19280,20080,1.4180671194409186e-265,0,,170,100
1929,19290,20090,1.5544337735663745e-132,0,,170,100
1930,19300,20100,6.046886216249436e-131,0,,168,100
1931,19310,20110,3.3370830248433643e-130,0,,171,100
1932,19320,20120,4.064035417993664e-105,0,,172,100
1933,19330,20130,7.009238072475225e-144,0,,172,100
1934,19340,20140,1.7872349363906617e-105,0,,172,100
1935,19350,20150,3.770437147970853e-145,0,,173,100
1936,19360,20160,3.0307372835860517e-173,0,,172,100
1937,19370,20170,2.678874185525605e-175,0,,174,100
1938,19380,20180,1.4569444692308018e-181,0,,174,100
1939,19390,20190,4.864073652443754e-161,0,,175,100
1940,19400,20200,9.732690658196118e-182,0,,174,100
1941,19410,20210,5.359570178426997e-200,0,,175,100
1942,19420,20220,1.854490848562061e-124,0,,173,100
1943,19430,20230,1.8025020321017668e-81,0,,173,100
1944,19440,20240,1.7712078211130252e-107,0,,174,100
1945,19450,20250,7.200406923755457e-119,0,,173,100
1946,19460,20260,6.194029574066204e-99,0,,175,100
1947,19470,20270,3.1008216757217486e-135,0,,174,100
1948,19480,20280,6.219285180247791e-137,0,,175,100
1949,19490,20290,9.359031698264003e-213,0,,174,100
1950,19500,20300,2.255841701144896e-225,0,,175,100
1951,19510,20310,1.6577049027939508e-88,0,,175,100
1952,19520,20320,2.283648038290175e-68,0,,177,100
1953,19530,20330,2.686442342898697e-83,0,,176,100
1954,19540,20340,1.227404199566411e-99,0,,174,100
1955,19550,20350,2.839472790032997e-110,0,,174,100
1956,19560,20360,1.8227754559876994e-157,0,,173,100
1957,19570,20370,2.7143773952406823e-158,0,,174,100
1958,19580,20380,3.678454078131767e-163,0,,174,100
1959,19590,20390,5.852600531235322e-140,0,,175,100
1960,19600,20400,5.575787957667624e-118,0,,176,100
1961,19610,20410,7.546001228751425e-119,0,,178,100
1962,19620,20420,2.6581900765561697e-99,0,,179,100
1963,19630,20430,5.385196997009805e-92,0,,177,100
1964,19640,20440,7.234975653420772e-52,0,,176,100
1965,19650,20450,1.3945793905802358e-87,0,,177,100
1966,19660,20460,6.751437997705057e-90,0,,175,100
1967,19670,20470,7.085848472924111e-91,0,,177,100
1968,19680,20480,6.984840691468745e-111,0,,177,100
1969,19690,20490,3.5240499896846815e-180,0,,178,100
1970,19700,20500,1.9264603499162414e-92,0,,175,100
1971,19710,20510,5.825535822012988e-81,0,,174,100
1972,19720,20520,2.4496634901212057e-59,0,,176,100
1973,19730,20530,1.1370843331830617e-109,0,,176,100
1974,19740,20540,1.3292346137657809e-65,0,,176,100
1975,19750,20550,2.6513301743599514e-100,0,,174,100
1976,19760,20560,1.8472462469869187e-96,0,,172,100
1977,19770,20570,2.604909707398787e-125,0,,172,100
1978,19780,20580,2.7828981356993142e-124,0,,174,100
1979,19790,20590,3.0167809837270505e-163,0,,174,100
1980,19800,20600,3.340809385226244e-114,0,,171,100
1981,19810,20610,2.0663235272503914e-97,0,,171,100
1982,19820,20620,8.27137837294807e-80,0,,171,100
1983,19830,20630,1.6344391045178535e-91,0,,171,100
1984,19840,20640,8.380407474384748e-138,0,,170,100
1985,19850,20650,2.7884299928749914e-170,0,,172,100
1986,19860,20660,1.704220462429338e-135,0,,171,100
1987,19870,20670,2.932700249294083e-157,0,,173,100
1988,19880,20680,2.1054887165366037e-114,0,,174,100
1989,19890,20690,6.0362943106230164e-105,0,,174,100
1990,19900,20700,1.3796072254287423e-67,0,,172,100
1991,19910,20710,2.896950411253067e-73,0,,170,100
1992,19920,20720,1.9786104421949778e-82,0,,173,100
1993,19930,20730,7.738342670769357e-116,0,,173,100
1994,19940,20740,9.624019454400955e-152,0,,173,100
1995,19950,20750,6.998175266298803e-153,0,,173,100
1996,19960,20760,1.5144287674555796e-103,0,,173,100
1997,19970,20770,1.0868407413393298e-157,0,,173,100
1998,19980,20780,1.1447780307410117e-110,0,,174,100
1999,19990,20790,8.558250002324866e-230,0,,174,100
2000,20000,20800,2.240104651250921e-115,0,,172,100
2001,20010,20810,5.18044134112521e-116,0,,174,100
2002,20020,20820,3.069962145194779e-134,0,,174,100
2003,20030,20830,4.611858053370214e-78,0,,175,100
2004,20040,20840,2.7649016639120916e-80,0,,174,100
2005,20050,20850,3.986436533011943e-167,0,,176,100
2006,20060,20860,2.9426638793754648e-89,0,,175,100
2007,20070,20870,8.666430254723728e-105,0,,178,100
2008,20080,20880,1.7151783336441755e-112,0,,177,100
2009,20090,20890,8.121251643932657e-217,0,,176,100
2010,20100,20900,1.2262783259328474e-124,0,,176,100
2011,20110,20910,1.753762319133182e-105,0,,174,100
2012,20120,20920,4.422913362217432e-50,0,,175,100
2013,20130,20930,5.818590815323575e-93,0,,175,100
2014,20140,20940,2.330000882537391e-155,0,,175,100
2015,20150,20950,1.3070835145163522e-96,0,,176,100
2016,20160,20960,4.6379058900438433e-123,0,,175,100
2017,20170,20970,9.34003027288568e-101,0,,177,100
2018,20180,20980,3.497100940078181e-132,0,,176,100
2019,20190,20990,3.28929942450301e-258,0,,177,100
2020,20200,21000,5.080157187367925e-168,0,,178,100
2021,20210,21010,9.450099840666777e-146,0,,178,100
2022,20220,21020,3.727853506883166e-97,0,,178,100
2023,20230,21030,1.228906829666793e-101,0,,178,100
2024,20240,21040,5.4757437833996476e-117,0,,179,100
2025,20250,21050,2.2530002194360835e-136,0,,177,100
2026,20260,21060,3.99934296528939e-108,0,,177,100
2027,20270,21070,1.350765776051807e-241,0,,176,100
2028,20280,21080,2.8001261847272074e-156,0,,177,100
2029,20290,21090,4.087601930040173e-139,0,,177,100
2030,20300,21100,6.241261908791782e-191,0,,178,100
2031,20310,21110,1.3292383376977798e-218,0,,178,100
2032,20320,21120,5.8351736068544116e-176,0,,175,100
2033,20330,21130,8.266363468939668e-153,0,,175,100
2034,20340,21140,1.1091885802094632e-136,0,,177,100
2035,20350,21150,2.737746499021965e-141,0,,178,100
2036,20360,21160,1.9551261666293867e-142,0,,179,100
2037,20370,21170,6.849309674887924e-159,0,,178,100
2038,20380,21180,7.465691883037288e-147,0,,178,100
2039,20390,21190,6.739692440540916e-225,0,,176,100
2040,20400,21200,1.9787857846413725e-199,0,,175,100
2041,20410,21210,3.941637657098977e-165,0,,176,100
2042,20420,21220,1.405026293014149e-151,0,,178,100
2043,20430,21230,1.3221106513061086e-193,0,,177,100
2044,20440,21240,1.349340420319356e-147,0,,175,100
2045,20450,21250,1.7888655576157533e-189,0,,176,100
2046,20460,21260,4.300372650377884e-150,0,,176,100
2047,20470,21270,1.5944349060724785e-251,0,,174,100
2048,20480,21280,2.1691795434028992e-280,0,,176,100
2049,20490,21290,5.326958698149002e-172,0,,175,100
2050,20500,21300,5.1353708366048e-246,0,,175,100
2051,20510,21310,6.032880843693962e-296,0,,174,100
2052,20520,21320,2.4553312742188386e-141,0,,174,100
2053,20530,21330,1.681867654751536e-129,0,,175,100
2054,20540,21340,5.482983374019741e-155,0,,176,100
2055,20550,21350,7.880348259300774e-179,0,,179,100
2056,20560,21360,8.630706144273159e-175,0,,178,100
2057,20570,21370,4.880825698373616e-268,0,,179,100
2058,20580,21380,5.562229825730449e-207,0,,179,100
2059,20590,21390,6.804706807396206e-161,0,,181,100
2060,20600,21400,2.255103380570912e-170,0,,183,100
2061,20610,21410,9.218618375023846e-170,0,,182,100
2062,20620,21420,3.857886562294047e-226,0,,183,100
2063,20630,21430,4.266084133105707e-143,0,,182,100
2064,20640,21440,5.71409273525519e-162,0,,182,100
2065,20650,21450,3.732215225985557e-131,0,,181,100
2066,20660,21460,2.3468958802515142e-176,0,,178,100
2067,20670,21470,1.0799713582333918e-145,0,,179,100
2068,20680,21480,9.308747673081247e-176,0,,178,100
2069,20690,21490,4.681004162408493e-174,0,,179,100
2070,20700,21500,7.73458755881318e-256,0,,179,100
2071,20710,21510,2.937004552915026e-212,0,,178,100
2072,20720,21520,3.3812769575481104e-162,0,,177,100
2073,20730,21530,1.6428338838785832e-167,0,,179,100
2074,20740,21540,9.86448290307224e-136,0,,178,100
2075,20750,21550,1.1528190871127677e-201,0,,177,100
2076,20760,21560,5.14646348627852e-137,0,,180,100
2077,20770,21570,9.116512676606486e-143,0,,180,100
2078,20780,21580,4.568775291673664e-146,0,,180,100
2079,20790,21590,7.752237484968532e-129,0,,180,100
2080,20800,21600,3.5061888516492305e-262,0,,181,100
2081,20810,21610,1.7077543114288855e-139,0,,180,100
2082,20820,21620,4.079147643286553e-129,0,,178,100
2083,20830,21630,8.769208062593601e-129,0,,183,100
2084,20840,21640,1.247927715267865e-168,0,,182,100
2085,20850,21650,2.0214817071344814e-163,0,,182,100
2086,20860,21660,1.2510516103834956e-132,0,,182,100
2087,20870,21670,3.205966647963588e-86,0,,179,100
2088,20880,21680,2.9841635170847325e-130,0,,180,100
2089,20890,21690,4.290494088117161e-136,0,,181,100
2090,20900,21700,1.1220287392367317e-284,0,,180,100
2091,20910,21710,9.29858027912417e-105,0,,182,100
2092,20920,21720,2.963929918707709e-138,0,,183,100
2093,20930,21730,6.8380543046214365e-195,0,,183,100
2094,20940,21740,1.2436189983069156e-72,0,,180,100
2095,20950,21750,2.1318140306578305e-40,0,,179,100
2096,20960,21760,6.62904517202354e-58,0,,180,100
2097,20970,21770,3.7535315821208995e-60,0,,184,100
2098,20980,21780,7.858354940930567e-135,0,,183,100
2099,20990,21790,6.584451939840139e-137,0,,183,100
2100,21000,21800,7.290401320975513e-142,0,,179,100
2101,21010,21810,2.591198964098228e-134,0,,178,100
2102,21020,21820,1.6359751243726322e-111,0,,178,100
2103,21030,21830,2.1317635687845576e-55,0,,180,100
2104,21040,21840,2.9219119203649806e-49,0,,180,100
2105,21050,21850,8.522210811475408e-48,0,,181,100
2106,21060,21860,9.36574848178311e-68,0,,181,100
2107,21070,21870,3.5678795635072505e-135,0,,179,100
2108,21080,21880,3.599264412573317e-191,0,,180,100
2109,21090,21890,2.5849960581671376e-129,0,,178,100
2110,21100,21900,2.981602665609837e-127,0,,176,100
2111,21110,21910,4.9512725130329525e-146,0,,178,100
2112,21120,21920,5.575716910796126e-92,0,,179,100
2113,21130,21930,1.9496755139536793e-88,0,,181,100
2114,21140,21940,1.9493496646900192e-119,0,,179,100
2115,21150,21950,3.878440340565626e-152,0,,179,100
2116,21160,21960,1.891112936178188e-189,0,,179,100
2117,21170,21970,3.1703313026792413e-162,0,,180,100
2118,21180,21980,2.775948474221342e-157,0,,181,100
2119,21190,21990,1.8227841809800949e-85,0,,180,100
2120,21200,22000,1.0545181139046677e-69,0,,181,100
2121,21210,22010,8.272563699035088e-117,0,,180,100
2122,21220,22020,3.07751575620586e-83,0,,178,100
2123,21230,22030,8.358355734622608e-90,0,,178,100
2124,21240,22040,2.0746737737873085e-104,0,,179,100
2125,21250,22050,3.4785965093569437e-115,0,,178,100
2126,21260,22060,3.3899905731705e-94,0,,180,100
2127,21270,22070,5.6434820801577915e-67,0,,178,100
2128,21280,22080,8.404965890283216e-79,0,,178,100
2129,21290,22090,3.1908709462143753e-66,0,,178,100
2130,21300,22100,5.317340449953024e-106,0,,179,100
2131,21310,22110,7.370033991287333e-223,0,,181,100
2132,21320,22120,1.850186631996235e-138,0,,179,100
2133,21330,22130,2.6512722774922933e-134,0,,179,100
2134,21340,22140,8.755147871449514e-159,0,,178,100
2135,21350,22150,1.5492997754820061e-96,0,,177,100
2136,21360,22160,4.214045040230299e-104,0,,176,100
2137,21370,22170,6.347360116597703e-67,0,,175,100
2138,21380,22180,4.64385024079488e-82,0,,173,100
2139,21390,22190,2.5998870038909256e-188,0,,174,100
2140,21400,22200,4.6483549981017705e-167,0,,175,100
2141,21410,22210,9.995603327911147e-129,0,,176,100
2142,21420,22220,1.6528165526838122e-134,0,,173,100
2143,21430,22230,7.809916636026752e-107,0,,174,100
2144,21440,22240,4.660245106233784e-73,0,,174,100
2145,21450,22250,1.2023710442215967e-112,0,,174,100
2146,21460,22260,7.054225790851799e-71,0,,174,100
2147,21470,22270,2.0337290516743122e-85,0,,175,100
2148,21480,22280,3.2572477646413727e-156,0,,175,100
2149,21490,22290,4.693105892873991e-124,0,,175,100
2150,21500,22300,1.609085658088042e-137,0,,177,100
2151,21510,22310,3.7011521458877244e-134,0,,178,100
2152,21520,22320,1.853588453244497e-99,0,,178,100
2153,21530,22330,1.4228223743991254e-94,0,,178,100
2154,21540,22340,2.4066949127811667e-115,0,,178,100
2155,21550,22350,1.7064560679568935e-76,0,,179,100
2156,21560,22360,1.8782070605715884e-123,0,,179,100
2157,21570,22370,9.146333497482958e-173,0,,178,100
2158,21580,22380,1.0377438803156581e-103,0,,179,100
2159,21590,22390,9.845426073812494e-192,0,,180,100
2160,21600,22400,6.1124861522627966e-142,0,,179,100
2161,21610,22410,7.661875316715242e-93,0,,179,100
2162,21620,22420,1.1069085092891653e-84,0,,181,100
2163,21630,22430,2.855643583123792e-107,0,,179,100
2164,21640,22440,1.6739565198516202e-123,0,,179,100
2165,21650,22450,6.770473271700474e-158,0,,179,100
2166,21660,22460,1.866748459030554e-154,0,,179,100
2167,21670,22470,2.4379769922001578e-135,0,,180,100
2168,21680,22480,6.400244339666883e-174,0,,180,100
2169,21690,22490,5.378292775287729e-142,0,,180,100
2170,21700,22500,5.045534542970479e-140,0,,180,100
2171,21710,22510,1.1991314248456532e-150,0,,179,100
2172,21720,22520,6.560000092142142e-125,0,,177,100
2173,21730,22530,1.0889135752501884e-162,0,,178,100
2174,21740,22540,8.798637260921704e-118,0,,179,100
2175,21750,22550,8.805267981469699e-194,0,,179,100
2176,21760,22560,4.634126807107289e-140,0,,178,100
2177,21770,22570,2.2978792558145215e-156,0,,176,100
2178,21780,22580,7.548104977102674e-114,0,,174,100
2179,21790,22590,2.6672319495220405e-116,0,,176,100
2180,21800,22600,5.158686916586456e-93,0,,178,100
2181,21810,22610,2.214588762871102e-101,0,,181,100
2182,21820,22620,2.0500814561940433e-102,0,,180,100
2183,21830,22630,6.732075203385399e-127,0,,180,100
2184,21840,22640,1.0560552455953044e-160,0,,178,100
2185,21850,22650,2.475645012531351e-117,0,,178,100
2186,21860,22660,1.6623701552890003e-123,0,,176,100
2187,21870,22670,3.4084035530943573e-156,0,,178,100
2188,21880,22680,1.5963628369108956e-151,0,,180,100
2189,21890,22690,1.8800980103456e-95,0,,182,100
2190,21900,22700,4.66092485477729e-224,0,,183,100
2191,21910,22710,4.760895131386051e-169,0,,181,100
2192,21920,22720,3.5687314762421383e-166,0,,177,100
2193,21930,22730,9.286262307625515e-107,0,,178,100
2194,21940,22740,4.29267652167112e-108,0,,178,100
2195,21950,22750,3.659337070162612e-143,0,,179,100
2196,21960,22760,1.3496121534084463e-134,0,,177,100
2197,21970,22770,8.753058653956081e-142,0,,177,100
2198,21980,22780,1.4369853615856942e-148,0,,177,100
2199,21990,22790,8.858652568777974e-142,0,,176,100
2200,22000,22800,1.8863569291571918e-182,0,,177,100
2201,22010,22810,2.7222541148179627e-198,0,,179,100
2202,22020,22820,8.32555758929586e-157,0,,180,100
2203,22030,22830,2.3541932449459813e-103,0,,180,100
2204,22040,22840,2.6666775076197275e-120,0,,179,100
2205,22050,22850,9.07419741288028e-75,0,,178,100
2206,22060,22860,9.365474495787726e-103,0,,177,100
2207,22070,22870,7.59135424757491e-105,0,,177,100
2208,22080,22880,1.3035578661053093e-190,0,,179,100
2209,22090,22890,3.3444491543478326e-158,0,,178,100
2210,22100,22900,1.3914996505082093e-173,0,,179,100
2211,22110,22910,5.105204877972687e-170,0,,178,100
2212,22120,22920,1.0078464577196989e-170,0,,180,100
2213,22130,22930,2.4129609336968786e-136,0,,177,100
2214,22140,22940,2.301006829410923e-59,0,,179,100
2215,22150,22950,5.035904172995231e-97,0,,180,100
2216,22160,22960,5.991264050902717e-63,0,,180,100
2217,22170,22970,6.898632460594479e-71,0,,180,100
2218,22180,22980,5.132224150285818e-209,0,,181,100
2219,22190,22990,4.3706437746947074e-194,0,,179,100
2220,22200,23000,5.2189787629975515e-182,0,,178,100
2221,22210,23010,4.161312117526258e-211,0,,183,100
2222,22220,23020,3.117583389767401e-132,0,,181,100
2223,22230,23030,3.8286299956392444e-153,0,,180,100
2224,22240,23040,3.2701997991263324e-55,0,,179,100
2225,22250,23050,1.975375966347545e-119,0,,180,100
2226,22260,23060,4.149904482311843e-107,0,,178,100
2227,22270,23070,6.375362735943932e-214,0,,178,100
2228,22280,23080,6.637523974226751e-252,0,,178,100
2229,22290,23090,3.9140565652817566e-108,0,,177,100
2230,22300,23100,1.9994303104565756e-60,0,,177,100
2231,22310,23110,8.886349314295841e-199,0,,176,100
2232,22320,23120,1.976340178333594e-55,0,,175,100
2233,22330,23130,3.5382954093127183e-47,0,,175,100
2234,22340,23140,6.775823063397322e-91,0,,175,100
2235,22350,23150,4.4981231178579195e-164,0,,177,100
2236,22360,23160,2.848299533660034e-190,0,,178,100
2237,22370,23170,2.598630101118648e-197,0,,176,100
2238,22380,23180,1.4439433034647322e-104,0,,177,100
2239,22390,23190,7.966889071878803e-145,0,,177,100
2240,22400,23200,4.766667478538357e-86,0,,177,100
2241,22410,23210,2.4883393092731276e-73,0,,178,100
2242,22420,23220,4.0296594664568784e-117,0,,177,100
2243,22430,23230,4.547613233905028e-144,0,,175,100
2244,22440,23240,2.0472774471325312e-161,0,,176,100
2245,22450,23250,1.6247175497685893e-137,0,,176,100
2246,22460,23260,3.938678833073909e-89,0,,176,100
2247,22470,23270,7.157316297419126e-177,0,,178,100
2248,22480,23280,1.4311168236899165e-67,0,,177,100
2249,22490,23290,1.5132795404910938e-54,0,,175,100
2250,22500,23300,1.3365090790144118e-58,0,,175,100
2251,22510,23310,1.91515274053713e-51,0,,178,100
2252,22520,23320,1.6947452062936463e-87,0,,178,100
2253,22530,23330,4.938299067418303e-103,0,,177,100
2254,22540,23340,1.4734968349736167e-131,0,,179,100
2255,22550,23350,3.307155991024913e-109,0,,179,100
2256,22560,23360,1.1971725577475072e-76,0,,179,100
2257,22570,23370,1.6457000915217358e-72,0,,178,100
2258,22580,23380,8.640110425605798e-134,0,,179,100
2259,22590,23390,4.0135667172350525e-41,0,,178,100
2260,22600,23400,5.845846006992544e-69,0,,175,100
2261,22610,23410,1.8007667110894246e-127,0,,175,100
2262,22620,23420,1.8956415245324767e-158,0,,175,100
2263,22630,23430,1.0905646704397281e-150,0,,175,100
2264,22640,23440,1.1377857086848254e-166,0,,175,100
2265,22650,23450,4.581782352460444e-153,0,,175,100
2266,22660,23460,2.8669377475035554e-91,0,,179,100
2267,22670,23470,9.536236781060512e-54,0,,177,100
2268,22680,23480,2.7059089482333875e-64,0,,177,100
2269,22690,23490,3.3214796407260142e-111,0,,178,100
2270,22700,23500,1.73280501351323e-146,0,,179,100
2271,22710,23510,1.1677294756048104e-139,0,,180,100
2272,22720,23520,4.622900343996604e-177,0,,181,100
2273,22730,23530,7.512973868307205e-190,0,,181,100
2274,22740,23540,5.352888890632366e-146,0,,182,100
2275,22750,23550,2.348448336762485e-137,0,,182,100
2276,22760,23560,2.316651374118297e-58,0,,182,100
2277,22770,23570,1.0432757770021313e-92,0,,182,100
2278,22780,23580,5.5563912060917915e-64,0,,184,100
2279,22790,23590,4.2182359924099335e-76,0,,184,100
2280,22800,23600,3.377901901206256e-131,0,,188,100
2281,22810,23610,1.949531511045629e-149,0,,186,100
2282,22820,23620,5.566879149244019e-117,0,,186,100
2283,22830,23630,1.6422598637916187e-111,0,,187,100
2284,22840,23640,4.077255396119402e-123,0,,188,100
2285,22850,23650,2.10791765733942e-105,0,,189,100
2286,22860,23660,1.7588781021038734e-33,0,,187,100
2287,22870,23670,5.270642753520893e-49,0,,188,100
2288,22880,23680,2.3339214098427227e-167,0,,186,100
2289,22890,23690,7.406923001653365e-140,0,,187,100
2290,22900,23700,2.3576435143607435e-139,0,,189,100
2291,22910,23710,4.003434449852516e-178,0,,189,100
2292,22920,23720,3.3256432123294853e-159,0,,189,100
2293,22930,23730,2.4758204095683077e-161,0,,191,100
2294,22940,23740,1.2010230518232918e-67,0,,189,100
2295,22950,23750,3.783779279190381e-63,0,,189,100
2296,22960,23760,2.7135595831362624e-131,0,,192,100
2297,22970,23770,1.749037783671654e-170,0,,193,100
2298,22980,23780,2.552282373855863e-203,0,,194,100
2299,22990,23790,1.6816877628149938e-152,0,,192,100
2300,23000,23800,4.6512840958554264e-169,0,,193,100
2301,23010,23810,3.676918020482386e-140,0,,193,100
2302,23020,23820,2.024729994056625e-216,0,,193,100
2303,23030,23830,4.2701286639534844e-89,0,,193,100
2304,23040,23840,3.2386778669611805e-87,0,,194,100
2305,23050,23850,1.4386486320454262e-108,0,,194,100
2306,23060,23860,9.468924698137759e-187,0,,194,100
2307,23070,23870,4.857583895880592e-163,0,,194,100
2308,23080,23880,3.2091935830142865e-175,0,,194,100
2309,23090,23890,3.5624999979608596e-184,0,,195,100
2310,23100,23900,2.2887464152651695e-102,0,,196,100
2311,23110,23910,3.799378608606008e-102,0,,198,100
2312,23120,23920,1.1026907751701009e-158,0,,197,100
2313,23130,23930,2.007910376756661e-135,0,,196,100
2314,23140,23940,5.91444614107506e-193,0,,194,100
2315,23150,23950,4.782433998413365e-146,0,,193,100
2316,23160,23960,5.920653713552959e-114,0,,192,100
2317,23170,23970,1.0686029891436663e-99,0,,191,100
2318,23180,23980,2.035507728121827e-160,0,,192,100
2319,23190,23990,1.6392984322959823e-115,0,,190,100
2320,23200,24000,4.617772578922787e-208,0,,189,100
2321,23210,24010,3.191799024950582e-247,0,,188,100
2322,23220,24020,1.5718770996129884e-242,0,,189,100
2323,23230,24030,3.4756343717787397e-130,0,,189,100
2324,23240,24040,7.748671835461801e-166,0,,189,100
2325,23250,24050,7.062072541843533e-164,0,,189,100
2326,23260,24060,4.8266290312119616e-150,0,,188,100
2327,23270,24070,1.3949340370936395e-148,0,,188,100
2328,23280,24080,5.072892252145571e-165,0,,188,100
2329,23290,24090,7.661359029200435e-198,0,,188,100
2330,23300,24100,2.1255722907725034e-206,0,,189,100
2331,23310,24110,6.618582250155865e-138,0,,189,100
2332,23320,24120,7.993002310441461e-164,0,,190,100
2333,23330,24130,1.175691745468778e-100,0,,188,100
2334,23340,24140,2.0724917475394198e-152,0,,189,100
2335,23350,24150,5.3793669127560794e-201,0,,188,100
2336,23360,24160,6.947666712581826e-160,0,,189,100
2337,23370,24170,3.673830661498263e-140,0,,190,100
2338,23380,24180,4.4136751689694253e-169,0,,191,100
2339,23390,24190,1.749102987899701e-204,0,,192,100
2340,23400,24200,6.148588104005444e-180,0,,193,100
2341,23410,24210,6.060497123331914e-159,0,,192,100
2342,23420,24220,2.9485021119860314e-130,0,,193,100
2343,23430,24230,2.7597671325759174e-141,0,,192,100
2344,23440,24240,1.2333985956333407e-166,0,,192,100
2345,23450,24250,6.499162716868103e-153,0,,192,100
2346,23460,24260,7.989299180620044e-155,0,,190,100
2347,23470,24270,2.4490297363692685e-197,0,,190,100
2348,23480,24280,1.1921657311385798e-166,0,,190,100
2349,23490,24290,1.0472728825171022e-157,0,,189,100
2350,23500,24300,1.2822963802106908e-137,0,,186,100
2351,23510,24310,1.7172926900460055e-133,0,,189,100
2352,23520,24320,6.637810099260505e-117,0,,188,100
2353,23530,24330,1.7547995569022433e-184,0,,185,100
2354,23540,24340,6.329671984875364e-134,0,,185,100
2355,23550,24350,1.1183089898935205e-138,0,,185,100
2356,23560,24360,7.414385898084194e-164,0,,186,100
2357,23570,24370,2.037763471177683e-201,0,,186,100
2358,23580,24380,1.2309354355423567e-214,0,,187,100
2359,23590,24390,1.4154020525607114e-179,0,,186,100
2360,23600,24400,9.296958033407157e-141,0,,180,100
2361,23610,24410,9.667224919135281e-144,0,,181,100
2362,23620,24420,9.949035637480168e-138,0,,181,100
2363,23630,24430,1.5345566338368278e-207,0,,179,100
2364,23640,24440,2.484438316575263e-287,0,,179,100
2365,23650,24450,2.7348652346565065e-222,0,,179,100
2366,23660,24460,6.374005038538839e-240,0,,180,100
2367,23670,24470,8.82297006200305e-123,0,,179,100
2368,23680,24480,2.2495580582845204e-94,0,,178,100
2369,23690,24490,3.179771643769326e-117,0,,178,100
2370,23700,24500,5.559631611923315e-108,0,,177,100
2371,23710,24510,1.68004919448396e-134,0,,176,100
2372,23720,24520,1.306929223743998e-181,0,,176,100
2373,23730,24530,1.8551354261510847e-148,0,,174,100
2374,23740,24540,7.971663190116556e-99,0,,172,100
2375,23750,24550,3.6508219453787845e-83,0,,174,100
2376,23760,24560,6.895061914194199e-122,0,,169,100
2377,23770,24570,7.744232973836647e-122,0,,171,100
2378,23780,24580,2.587173882856372e-145,0,,171,100
2379,23790,24590,5.869859996496776e-117,0,,170,100
2380,23800,24600,7.101314945303065e-165,0,,170,100
2381,23810,24610,1.6147992017180986e-123,0,,169,100
2382,23820,24620,3.5492148024768904e-114,0,,167,100
2383,23830,24630,4.067684159338052e-139,0,,166,100
2384,23840,24640,2.1656333922279793e-142,0,,168,100
2385,23850,24650,8.174706756377105e-56,0,,167,100
2386,23860,24660,4.3338622125109904e-147,0,,166,100
2387,23870,24670,1.571942069248367e-94,0,,166,100
2388,23880,24680,2.5525686996555704e-154,0,,166,100
2389,23890,24690,5.25384185332457e-190,0,,166,100
2390,23900,24700,7.841373777782125e-156,0,,164,100
2391,23910,24710,1.2000872194958128e-148,0,,164,100
2392,23920,24720,1.9956687182980625e-209,0,,166,100
2393,23930,24730,5.188958138923908e-210,0,,168,100
2394,23940,24740,0.0,0,,167,100
2395,23950,24750,4.167784281437575e-273,0,,168,100
2396,23960,24760,1.501008433363663e-289,0,,169,100
2397,23970,24770,8.882125099404763e-110,0,,166,100
2398,23980,24780,8.312605482170181e-159,0,,166,100
2399,23990,24790,2.072070295463632e-138,0,,168,100
2400,24000,24800,1.2793745051751135e-175,0,,168,100
2401,24010,24810,7.688270669931345e-178,0,,171,100
2402,24020,24820,4.4717464659006955e-214,0,,169,100
2403,24030,24830,3.1821109899674614e-301,0,,172,100
2404,24040,24840,1.4649916040055e-311,0,,169,100
2405,24050,24850,1.3773425200308722e-249,0,,168,100
2406,24060,24860,2.581298708702463e-288,0,,167,100
2407,24070,24870,1.393300339053783e-169,0,,166,100
2408,24080,24880,3.252173143500393e-219,0,,165,100
2409,24090,24890,4.377274512684556e-242,0,,165,100
2410,24100,24900,1.4864699738961253e-191,0,,167,100
2411,24110,24910,0.0,0,,164,100
2412,24120,24920,0.0,0,,164,100
2413,24130,24930,7.472104218844963e-232,0,,164,100
2414,24140,24940,3.631438544318562e-287,0,,165,100
2415,24150,24950,1.0386502770494151e-286,0,,164,100
2416,24160,24960,3.9111506929882175e-114,0,,166,100
2417,24170,24970,1.5679903862483938e-87,0,,166,100
2418,24180,24980,1.1389230695605576e-146,0,,163,100
2419,24190,24990,1.7634241579533939e-149,0,,163,100
2420,24200,25000,7.228238836935963e-291,0,,162,100
2421,24210,25010,0.0,0,,160,100
2422,24220,25020,5.118325141981056e-236,0,,161,100
2423,24230,25030,3.0286009143358796e-222,0,,163,100
2424,24240,25040,2.777790285606398e-210,0,,164,100
2425,24250,25050,2.0613475046576042e-100,0,,163,100
2426,24260,25060,1.3096479065861984e-129,0,,161,100
2427,24270,25070,9.759313355058206e-172,0,,161,100
2428,24280,25080,3.903649374771075e-98,0,,162,100
2429,24290,25090,6.671755623105394e-150,0,,163,100
2430,24300,25100,0.0,0,,164,100
2431,24310,25110,8.521155895548113e-238,0,,162,100
2432,24320,25120,5.653530278242414e-172,0,,163,100
2433,24330,25130,6.728111330083884e-113,0,,164,100
2434,24340,25140,6.644402986660501e-181,0,,163,100
2435,24350,25150,1.564393228957722e-202,0,,164,100
2436,24360,25160,4.508518100105987e-202,0,,163,100
2437,24370,25170,9.321546987957727e-119,0,,163,100
2438,24380,25180,1.0175921300443565e-174,0,,162,100
2439,24390,25190,3.755382386056118e-197,0,,164,100
2440,24400,25200,1.1301920376869954e-210,0,,164,100
2441,24410,25210,4.3057988538505444e-238,0,,163,100
2442,24420,25220,6.143192632828608e-169,0,,163,100
2443,24430,25230,2.6478418038365477e-94,0,,163,100
2444,24440,25240,2.8582523395770047e-112,0,,163,100
2445,24450,25250,8.453655672550758e-206,0,,167,100
2446,24460,25260,2.3670453565221474e-115,0,,168,100
2447,24470,25270,4.272422283007518e-184,0,,167,100
2448,24480,25280,1.0644657290428363e-114,0,,166,100
2449,24490,25290,1.9833770062372947e-104,0,,168,100
2450,24500,25300,3.1210292824254186e-129,0,,168,100
2451,24510,25310,9.470653702939276e-119,0,,170,100
2452,24520,25320,2.3821223560143298e-102,0,,170,100
2453,24530,25330,1.18433789483315e-115,0,,171,100
2454,24540,25340,1.300836093955725e-148,0,,171,100
2455,24550,25350,1.063079815716394e-165,0,,172,100
2456,24560,25360,6.964828039019574e-175,0,,170,100
2457,24570,25370,2.0750161961587394e-201,0,,171,100
2458,24580,25380,4.816544779352889e-102,0,,171,100
2459,24590,25390,4.201038897441882e-100,0,,172,100
2460,24600,25400,1.006095632970824e-105,0,,173,100
2461,24610,25410,5.531673055465523e-107,0,,174,100
2462,24620,25420,3.9801090664605666e-91,0,,174,100
2463,24630,25430,1.0264797760576561e-57,0,,175,100
2464,24640,25440,3.4882837117920587e-63,0,,176,100
2465,24650,25450,1.038907933048572e-147,0,,174,100
2466,24660,25460,5.109104980244161e-168,0,,177,100
2467,24670,25470,1.785172751330375e-119,0,,175,100
2468,24680,25480,1.0857542684463996e-160,0,,179,100
2469,24690,25490,1.8211413995634894e-73,0,,178,100
2470,24700,25500,9.386292945707748e-71,0,,177,100
2471,24710,25510,1.509540540748766e-57,0,,177,100
2472,24720,25520,1.3094738829554592e-69,0,,176,100
2473,24730,25530,1.990290090695394e-106,0,,174,100
2474,24740,25540,8.140943442643068e-119,0,,176,100
2475,24750,25550,9.41252543810949e-155,0,,178,100
2476,24760,25560,2.5704408509042084e-92,0,,178,100
2477,24770,25570,6.573299932423479e-107,0,,179,100
2478,24780,25580,1.4838600914746157e-120,0,,179,100
2479,24790,25590,1.6923909950746234e-92,0,,178,100
2480,24800,25600,1.38083232884825e-143,0,,178,100
2481,24810,25610,9.585785626392971e-123,0,,179,100
2482,24820,25620,1.5312105270470665e-90,0,,179,100
2483,24830,25630,4.982755094083831e-163,0,,178,100
2484,24840,25640,2.2170091629644666e-144,0,,180,100
2485,24850,25650,3.885645689143894e-80,0,,180,100
2486,24860,25660,3.56759831272405e-70,0,,180,100
2487,24870,25670,2.1770842283240837e-71,0,,182,100
2488,24880,25680,1.343887162076495e-92,0,,183,100
2489,24890,25690,6.606148975641448e-117,0,,183,100
2490,24900,25700,6.448892055163011e-177,0,,183,100
2491,24910,25710,3.2639158335258814e-115,0,,182,100
2492,24920,25720,2.1236190786100307e-106,0,,183,100
2493,24930,25730,3.5619583962095303e-93,0,,181,100
2494,24940,25740,4.630740670273593e-122,0,,180,100
2495,24950,25750,8.933878985934915e-62,0,,181,100
2496,24960,25760,1.5813430425407844e-103,0,,178,100
2497,24970,25770,1.6756646548639996e-110,0,,180,100
2498,24980,25780,7.846115068049859e-153,0,,181,100
2499,24990,25790,1.2838037998139699e-132,0,,183,100
2500,25000,25800,3.2411469597855083e-111,0,,186,100
2501,25010,25810,1.757891483334218e-106,0,,188,100
2502,25020,25820,7.361245459435222e-108,0,,187,100
2503,25030,25830,5.962730187221089e-94,0,,185,100
2504,25040,25840,4.342520468212712e-86,0,,185,100
2505,25050,25850,7.309025858580275e-74,0,,188,100
2506,25060,25860,5.057964433628695e-126,0,,187,100
2507,25070,25870,2.7551230075981973e-128,0,,187,100
2508,25080,25880,2.2280820837080216e-127,0,,187,100
2509,25090,25890,1.3694040692419835e-103,0,,188,100
2510,25100,25900,2.0381276900695934e-98,0,,186,100
2511,25110,25910,2.0767200395976516e-66,0,,186,100
2512,25120,25920,7.498721554473608e-96,0,,185,100
2513,25130,25930,1.3947707346050676e-103,0,,187,100
2514,25140,25940,4.05502543739398e-92,0,,187,100
2515,25150,25950,5.3549078386047425e-118,0,,189,100
2516,25160,25960,1.5260278725311673e-92,0,,189,100
2517,25170,25970,6.374127044402591e-90,0,,187,100
2518,25180,25980,3.627221743896867e-56,0,,186,100
2519,25190,25990,2.6898456673138985e-57,0,,186,100
2520,25200,26000,5.323175360397093e-85,0,,187,100
2521,25210,26010,1.0500096323081536e-78,0,,189,100
2522,25220,26020,7.208187205562192e-112,0,,191,100
2523,25230,26030,1.4929275183965067e-125,0,,191,100
2524,25240,26040,2.0105782008465906e-136,0,,190,100
2525,25250,26050,8.009852202021431e-69,0,,189,100
2526,25260,26060,2.3493482897210914e-67,0,,189,100
2527,25270,26070,6.029686751281533e-70,0,,191,100
2528,25280,26080,4.97195657913856e-66,0,,191,100
2529,25290,26090,0.0,0,,192,100
2530,25300,26100,6.781512837803874e-144,0,,192,100
2531,25310,26110,2.838109335174953e-184,0,,192,100
2532,25320,26120,2.353520852618637e-86,0,,189,100
2533,25330,26130,1.0554389417213745e-74,0,,190,100
2534,25340,26140,1.809881295170746e-98,0,,191,100
2535,25350,26150,7.434373441637676e-56,0,,191,100
2536,25360,26160,4.4852366684944695e-99,0,,194,100
2537,25370,26170,2.1508072327674395e-138,0,,192,100
2538,25380,26180,6.633352039865671e-157,0,,192,100
2539,25390,26190,8.297023762732912e-203,0,,192,100
2540,25400,26200,1.3614124295354025e-133,0,,192,100
2541,25410,26210,4.806982101596275e-65,0,,193,100
2542,25420,26220,2.425032065643003e-106,0,,192,100
2543,25430,26230,1.5144297529265275e-119,0,,191,100
2544,25440,26240,1.1943159284155406e-122,0,,194,100
2545,25450,26250,1.888043972901877e-196,0,,192,100
2546,25460,26260,4.444539969089275e-152,0,,191,100
2547,25470,26270,6.714662796242969e-108,0,,193,100
2548,25480,26280,2.3372613586224764e-112,0,,194,100
2549,25490,26290,2.5960375363605883e-93,0,,192,100
2550,25500,26300,1.0206967702120954e-51,0,,193,100
2551,25510,26310,1.1626105217925183e-43,0,,193,100
2552,25520,26320,1.949714958175344e-48,0,,195,100
2553,25530,26330,2.6552465597593605e-104,0,,194,100
2554,25540,26340,1.8591809166465022e-193,0,,193,100
2555,25550,26350,1.2060877815601484e-91,0,,191,100
2556,25560,26360,4.255979519688585e-70,0,,191,100
2557,25570,26370,1.4898542413006965e-92,0,,190,100
2558,25580,26380,9.326524138921905e-103,0,,190,100
2559,25590,26390,5.053674750860681e-109,0,,189,100
2560,25600,26400,2.962809946765037e-56,0,,188,100
2561,25610,26410,9.488434324330099e-105,0,,190,100
2562,25620,26420,1.0708852884455675e-103,0,,192,100
2563,25630,26430,1.838106902600773e-119,0,,194,100
2564,25640,26440,3.0857991186999213e-102,0,,196,100
2565,25650,26450,2.9297814801323443e-72,0,,195,100
2566,25660,26460,1.291011108546444e-95,0,,195,100
2567,25670,26470,4.263273419291792e-87,0,,194,100
2568,25680,26480,3.6979068528826024e-98,0,,193,100
2569,25690,26490,1.9837030893454415e-66,0,,193,100
2570,25700,26500,1.170612431011462e-93,0,,193,100
2571,25710,26510,5.966504443946181e-100,0,,194,100
2572,25720,26520,1.9887027144310946e-100,0,,195,100
2573,25730,26530,4.1639948275922086e-117,0,,195,100
2574,25740,26540,6.089508014543295e-38,0,,194,100
2575,25750,26550,5.430454807998464e-148,0,,194,100
2576,25760,26560,7.11807344609448e-75,0,,195,100
2577,25770,26570,1.892782404291063e-91,0,,196,100
2578,25780,26580,5.00598763348674e-124,0,,194,100
2579,25790,26590,1.0461496376526527e-115,0,,194,100
2580,25800,26600,7.221542039110669e-92,0,,192,100
2581,25810,26610,1.393058257194474e-57,0,,190,100
2582,25820,26620,1.0638817026048084e-85,0,,192,100
2583,25830,26630,1.8849936962428998e-53,0,,191,100
2584,25840,26640,1.4379465158160598e-67,0,,191,100
2585,25850,26650,4.873406616203688e-195,0,,188,100
2586,25860,26660,1.0077902202937e-182,0,,189,100
2587,25870,26670,3.748701553956525e-99,0,,187,100
2588,25880,26680,3.5882571929465676e-97,0,,190,100
2589,25890,26690,1.3223238222453154e-83,0,,190,100
2590,25900,26700,2.8078662051975955e-76,0,,189,100
2591,25910,26710,1.624151100522474e-76,0,,191,100
2592,25920,26720,5.413417649693152e-82,0,,191,100
2593,25930,26730,4.062459872210919e-102,0,,188,100
2594,25940,26740,7.624667173092258e-133,0,,188,100
2595,25950,26750,1.5166712466507802e-183,0,,187,100
2596,25960,26760,9.803899015478442e-85,0,,188,100
2597,25970,26770,4.6390452960845406e-94,0,,189,100
2598,25980,26780,5.370706224820158e-99,0,,189,100
2599,25990,26790,6.561618377284967e-108,0,,188,100
2600,26000,26800,7.339408465571454e-94,0,,187,100
2601,26010,26810,2.0900579069329305e-194,0,,187,100
2602,26020,26820,1.133422038234666e-172,0,,185,100
2603,26030,26830,5.170275124945162e-173,0,,187,100
2604,26040,26840,8.440297868206076e-138,0,,187,100
2605,26050,26850,2.3414683394320446e-101,0,,187,100
2606,26060,26860,2.5387795073523594e-84,0,,188,100
2607,26070,26870,5.64305000745588e-77,0,,185,100
2608,26080,26880,6.096175234288522e-103,0,,185,100
2609,26090,26890,3.203117480417275e-157,0,,184,100
2610,26100,26900,1.376773260764756e-143,0,,185,100
2611,26110,26910,3.4785152302605906e-136,0,,185,100
2612,26120,26920,4.11363918913068e-99,0,,185,100
2613,26130,26930,1.5490685460334846e-58,0,,184,100
2614,26140,26940,2.4069188866740453e-62,0,,183,100
2615,26150,26950,2.602585258303941e-74,0,,183,100
2616,26160,26960,3.566340606465131e-92,0,,186,100
2617,26170,26970,3.541661930454362e-100,0,,184,100
2618,26180,26980,3.690006617119954e-176,0,,183,100
2619,26190,26990,7.811732520342399e-165,0,,182,100
2620,26200,27000,8.442687440539632e-119,0,,182,100
2621,26210,27010,2.259320010543996e-70,0,,182,100
2622,26220,27020,3.0876541272821925e-85,0,,184,100
2623,26230,27030,1.8175159412031842e-60,0,,182,100
2624,26240,27040,1.2011267808416808e-82,0,,182,100
2625,26250,27050,3.4104439172732005e-105,0,,180,100
2626,26260,27060,1.5728362076448882e-197,0,,181,100
2627,26270,27070,1.5251016324568897e-120,0,,178,100
2628,26280,27080,2.0335631935622594e-241,0,,178,100
2629,26290,27090,6.634903788409613e-97,0,,178,100
2630,26300,27100,6.257552617165998e-102,0,,181,100
2631,26310,27110,2.9462814242393913e-76,0,,180,100
2632,26320,27120,8.207578757088347e-75,0,,181,100
2633,26330,27130,3.2229344321520117e-142,0,,179,100
2634,26340,27140,1.1361770313086825e-101,0,,180,100
2635,26350,27150,2.6896046112361544e-127,0,,181,100
2636,26360,27160,3.7506797486937055e-210,0,,180,100
2637,26370,27170,3.974850320678223e-218,0,,180,100
2638,26380,27180,2.424163527931188e-186,0,,183,100
2639,26390,27190,2.330452120098378e-199,0,,182,100
2640,26400,27200,2.4535247174475086e-136,0,,182,100
2641,26410,27210,2.0727411961979814e-119,0,,178,100
2642,26420,27220,1.3320841191185992e-114,0,,177,100
2643,26430,27230,1.2707562097532224e-140,0,,176,100
2644,26440,27240,1.331845466228731e-163,0,,174,100
2645,26450,27250,8.422320905670941e-171,0,,175,100
2646,26460,27260,8.059596508791947e-168,0,,176,100
2647,26470,27270,3.4907579049630886e-104,0,,175,100
2648,26480,27280,7.143046377710948e-113,0,,177,100
2649,26490,27290,1.6531854141112066e-181,0,,177,100
2650,26500,27300,9.480149256018816e-253,0,,176,100
2651,26510,27310,6.277766957860561e-131,0,,177,100
2652,26520,27320,6.1453436859993e-183,0,,177,100
2653,26530,27330,8.3639463924661e-297,0,,177,100
2654,26540,27340,8.659773369882201e-212,0,,176,100
2655,26550,27350,7.185738751197972e-139,0,,176,100
2656,26560,27360,8.440619918572586e-99,0,,178,100
2657,26570,27370,3.3795577976437567e-140,0,,178,100
2658,26580,27380,2.7606705762620524e-178,0,,178,100
2659,26590,27390,4.7480604476099785e-182,0,,178,100
2660,26600,27400,6.789462917013874e-196,0,,176,100
2661,26610,27410,1.0797859397138705e-233,0,,175,100
2662,26620,27420,2.370286604043531e-223,0,,175,100
2663,26630,27430,1.1344568005176899e-201,0,,178,100
2664,26640,27440,9.207733004958098e-123,0,,177,100
2665,26650,27450,1.1530971913141336e-98,0,,176,100
2666,26660,27460,1.7591432501586526e-237,0,,175,100
2667,26670,27470,8.160027861614362e-196,0,,173,100
2668,26680,27480,5.622828166453726e-158,0,,173,100
2669,26690,27490,1.334100781781597e-204,0,,172,100
2670,26700,27500,3.732959832189765e-241,0,,172,100
2671,26710,27510,2.6826807891358945e-237,0,,174,100
2672,26720,27520,1.678930941497549e-140,0,,173,100
2673,26730,27530,1.1891334657945574e-155,0,,172,100
2674,26740,27540,1.280339688385165e-147,0,,173,100
2675,26750,27550,5.009211652322473e-172,0,,171,100
2676,26760,27560,8.25337013672793e-160,0,,173,100
2677,26770,27570,1.6116135387521282e-156,0,,174,100
2678,26780,27580,7.399915123201769e-102,0,,173,100
2679,26790,27590,6.796145476537908e-126,0,,173,100
2680,26800,27600,4.237208435886231e-116,0,,174,100
2681,26810,27610,1.978874378639809e-196,0,,174,100
2682,26820,27620,6.115143988285881e-212,0,,172,100
2683,26830,27630,1.9525564245221342e-203,0,,173,100
2684,26840,27640,6.118529903960801e-181,0,,173,100
2685,26850,27650,3.156735109950327e-108,0,,174,100
2686,26860,27660,1.0927865975979729e-134,0,,174,100
2687,26870,27670,1.902093990076881e-142,0,,174,100
2688,26880,27680,3.402905790962368e-170,0,,174,100
2689,26890,27690,2.7189488698914525e-283,0,,174,100
2690,26900,27700,3.859196125913529e-202,0,,173,100
2691,26910,27710,5.1220481720613034e-251,0,,174,100
2692,26920,27720,9.814333943652471e-219,0,,174,100
2693,26930,27730,4.723106961478284e-191,0,,175,100
2694,26940,27740,2.5689013493922036e-94,0,,172,100
2695,26950,27750,2.0441267674658747e-107,0,,171,100
2696,26960,27760,1.7061853186726233e-207,0,,167,100
2697,26970,27770,2.16353027898756e-227,0,,165,100
2698,26980,27780,0.0,0,,163,100
2699,26990,27790,5.127964139323344e-238,0,,162,100
2700,27000,27800,3.3670413292385275e-194,0,,161,100
2701,27010,27810,7.146664129174052e-241,0,,156,100
2702,27020,27820,8.177593582940654e-165,0,,155,100
2703,27030,27830,9.672369999452526e-116,0,,154,100
2704,27040,27840,3.904270534480442e-127,0,,151,100
2705,27050,27850,2.7508181672006216e-103,0,,149,100
2706,27060,27860,1.0667742385045214e-224,0,,147,100
2707,27070,27870,1.3462750749858023e-251,0,,144,100
2708,27080,27880,9.653972676660551e-205,0,,142,100
2709,27090,27890,6.142952762743164e-216,0,,139,100
2710,27100,27900,6.23228848996566e-178,0,,137,100
2711,27110,27910,6.053133216417711e-91,0,,135,100
2712,27120,27920,3.435405391179215e-73,0,,134,100
2713,27130,27930,1.171512383253018e-81,0,,132,100
2714,27140,27940,4.912258331123977e-72,0,,130,100
2715,27150,27950,7.694585803277546e-105,0,,128,100
2716,27160,27960,2.170135637411614e-231,0,,126,100
2717,27170,27970,3.5230413043444803e-299,0,,124,100
2718,27180,27980,1.4639300776933385e-155,0,,121,100
2719,27190,27990,1.1021933102222664e-136,0,,118,100
2720,27200,28000,7.512170333021873e-107,0,,116,100
2721,27210,28010,5.397661843451441e-58,0,,115,100
2722,27220,28020,1.0216875943116964e-66,0,,112,100
2723,27230,28030,1.3741157840054924e-148,0,,111,100
2724,27240,28040,1.5340088681425306e-51,0,,109,100
2725,27250,28050,2.760049733795235e-131,0,,105,100
2726,27260,28060,2.308268154412249e-173,0,,104,100
2727,27270,28070,2.828042670652601e-163,0,,102,100
