window_index,char_start,char_end,p_z,extracted,error,n_tokens_in_chunk,sequence_len_tokens
0,0,800,8.883117104831834e-58,0,,208,100
1,10,810,8.247479129885638e-09,0,,203,100
2,20,820,3.6760484899331335e-95,0,,202,100
3,30,830,6.701192210957017e-77,0,,201,100
4,40,840,1.352542027114141e-10,0,,201,100
5,50,850,3.5867147096620002e-71,0,,198,100
6,60,860,3.144061076784426e-07,0,,202,100
7,70,870,0.00045184493487841873,0,,203,100
8,80,880,2.3914847194159013e-07,0,,202,100
9,90,890,4.194662084564721e-06,0,,202,100
10,100,900,4.819564210845124e-13,0,,202,100
11,110,910,4.04148040872858e-06,0,,200,100
12,120,920,3.7909356577624964e-86,0,,197,100
13,130,930,1.5132207109938334e-89,0,,199,100
14,140,940,1.1427957941686222e-92,0,,198,100
15,150,950,2.5247622274019967e-43,0,,197,100
16,160,960,4.095402848484478e-132,0,,196,100
17,170,970,1.4434292250639262e-16,0,,195,100
18,180,980,2.726864680109782e-120,0,,194,100
19,190,990,3.732006158325397e-33,0,,195,100
20,200,1000,5.07093478237638e-141,0,,193,100
21,210,1010,2.363579832035806e-56,0,,192,100
22,220,1020,3.3775970901760217e-133,0,,192,100
23,230,1030,1.5874150984297809e-136,0,,191,100
24,240,1040,5.4241838641066264e-129,0,,192,100
25,250,1050,4.765030823229104e-103,0,,191,100
26,260,1060,1.267186169800746e-105,0,,192,100
27,270,1070,2.5319872716496308e-48,0,,192,100
28,280,1080,5.306511922414473e-105,0,,193,100
29,290,1090,1.5466495764887488e-29,0,,192,100
30,300,1100,3.744568057031814e-42,0,,196,100
31,310,1110,6.456709318320407e-86,0,,196,100
32,320,1120,2.352227756003374e-89,0,,196,100
33,330,1130,3.608353568160429e-92,0,,195,100
34,340,1140,5.592053850540563e-39,0,,194,100
35,350,1150,8.917220885841748e-40,0,,196,100
36,360,1160,2.2047017787650346e-39,0,,195,100
37,370,1170,1.645765937218089e-57,0,,193,100
38,380,1180,5.347518824627301e-61,0,,193,100
39,390,1190,1.0066666291557145e-65,0,,196,100
40,400,1200,1.724632107668784e-50,0,,195,100
41,410,1210,8.227003469293085e-42,0,,195,100
42,420,1220,3.4363205178839e-44,0,,196,100
43,430,1230,1.1330079914355534e-41,0,,195,100
44,440,1240,2.369065064368343e-59,0,,194,100
45,450,1250,4.896811915146991e-49,0,,195,100
46,460,1260,1.2364985457823628e-47,0,,196,100
47,470,1270,4.534631390569764e-59,0,,195,100
48,480,1280,9.293957013442822e-61,0,,195,100
49,490,1290,1.663486775587587e-76,0,,193,100
50,500,1300,9.211460405395339e-39,0,,194,100
51,510,1310,7.489118862279505e-52,0,,193,100
52,520,1320,6.598180800655137e-59,0,,192,100
53,530,1330,1.4842333106332378e-85,0,,194,100
54,540,1340,1.408358939298797e-52,0,,195,100
55,550,1350,5.256471536628455e-79,0,,194,100
56,560,1360,1.2786332859728e-51,0,,195,100
57,570,1370,7.608936039987743e-97,0,,197,100
58,580,1380,4.97602092072932e-54,0,,199,100
59,590,1390,6.731643660428759e-36,0,,202,100
60,600,1400,5.834699323760465e-28,0,,202,100
61,610,1410,1.2458138396371994e-25,0,,203,100
62,620,1420,4.89027450643234e-14,0,,202,100
63,630,1430,7.207349920880556e-14,0,,201,100
64,640,1440,3.3614447724891723e-07,0,,198,100
65,650,1450,2.1795577804517427e-27,0,,200,100
66,660,1460,2.0758575349631628e-30,0,,201,100
67,670,1470,1.8260312658067624e-09,0,,201,100
68,680,1480,1.0942154335488532e-07,0,,201,100
69,690,1490,6.796488949872342e-25,0,,198,100
70,700,1500,1.399123934243388e-07,0,,197,100
71,710,1510,5.394913116983052e-77,0,,195,100
72,720,1520,9.186899210631566e-24,0,,196,100
73,730,1530,4.2623059400975943e-26,0,,195,100
74,740,1540,1.9772900177827223e-29,0,,193,100
75,750,1550,5.5819868842248924e-21,0,,192,100
76,760,1560,8.206952734832295e-28,0,,190,100
77,770,1570,2.3140555362040322e-24,0,,189,100
78,780,1580,2.2591515747871513e-24,0,,190,100
79,790,1590,1.8034265200527616e-30,0,,188,100
80,800,1600,3.251301214453269e-34,0,,188,100
81,810,1610,3.289826001770856e-28,0,,188,100
82,820,1620,1.4727499232295116e-29,0,,188,100
83,830,1630,4.0367589401291295e-21,0,,186,100
84,840,1640,5.750694939904657e-23,0,,188,100
85,850,1650,8.581191096436351e-21,0,,188,100
86,860,1660,2.992978300197911e-09,0,,186,100
87,870,1670,3.409136800786627e-13,0,,188,100
88,880,1680,1.6935353925228912e-16,0,,188,100
89,890,1690,2.7807662823511603e-13,0,,189,100
90,900,1700,2.510928541532545e-09,0,,188,100
91,910,1710,2.011818209106916e-58,0,,188,100
92,920,1720,2.292509141943735e-13,0,,188,100
93,930,1730,2.354630848460847e-64,0,,187,100
94,940,1740,9.372809668925546e-22,0,,186,100
95,950,1750,2.502735751163661e-22,0,,185,100
96,960,1760,1.649844243273867e-17,0,,187,100
97,970,1770,5.292104273987859e-58,0,,188,100
98,980,1780,2.2660414220762136e-29,0,,186,100
99,990,1790,8.699456286579896e-105,0,,185,100
100,1000,1800,2.703879310597979e-21,0,,183,100
101,1010,1810,2.505751277564795e-27,0,,184,100
102,1020,1820,9.994428972124043e-37,0,,185,100
103,1030,1830,8.230506805793693e-35,0,,186,100
104,1040,1840,5.044624500756601e-37,0,,187,100
105,1050,1850,3.0148462041726885e-49,0,,186,100
106,1060,1860,1.097584498026181e-59,0,,186,100
107,1070,1870,6.668431802519806e-84,0,,184,100
108,1080,1880,5.73447145103255e-78,0,,183,100
109,1090,1890,2.880177014569889e-126,0,,183,100
110,1100,1900,2.2907376941125255e-112,0,,185,100
111,1110,1910,4.491113313895089e-80,0,,184,100
112,1120,1920,7.686525518677593e-89,0,,180,100
113,1130,1930,2.338655337584929e-84,0,,180,100
114,1140,1940,6.227486359417037e-91,0,,181,100
115,1150,1950,2.673119088831457e-75,0,,181,100
116,1160,1960,3.942482113382894e-93,0,,183,100
117,1170,1970,6.255556403194745e-75,0,,183,100
118,1180,1980,9.587458956099603e-75,0,,183,100
119,1190,1990,2.682081573956165e-91,0,,183,100
120,1200,2000,1.124237661413196e-82,0,,182,100
121,1210,2010,2.1556446110293083e-113,0,,183,100
122,1220,2020,1.1861275036545615e-88,0,,183,100
123,1230,2030,2.920200135316666e-112,0,,182,100
124,1240,2040,6.930831785240278e-75,0,,181,100
125,1250,2050,4.2617484896292745e-104,0,,180,100
126,1260,2060,2.743361404559267e-124,0,,180,100
127,1270,2070,2.373443326854333e-68,0,,179,100
128,1280,2080,9.090150657668353e-74,0,,181,100
129,1290,2090,1.2383057922221665e-113,0,,182,100
130,1300,2100,2.0211827156924153e-91,0,,180,100
131,1310,2110,2.447966101372089e-88,0,,183,100
132,1320,2120,1.605023201538843e-108,0,,184,100
133,1330,2130,1.0919237774480957e-115,0,,183,100
134,1340,2140,1.5527771061782364e-120,0,,184,100
135,1350,2150,1.9800671988108783e-95,0,,183,100
136,1360,2160,2.2341227089034393e-131,0,,183,100
137,1370,2170,5.82072260942073e-128,0,,180,100
138,1380,2180,1.0823100635990993e-138,0,,178,100
139,1390,2190,1.6794370985547556e-93,0,,179,100
140,1400,2200,6.793922980892294e-149,0,,179,100
141,1410,2210,7.097193310379092e-65,0,,180,100
142,1420,2220,1.4274970103880203e-52,0,,180,100
143,1430,2230,4.7388262641105396e-52,0,,181,100
144,1440,2240,2.4319287647494703e-15,0,,182,100
145,1450,2250,6.915510646934617e-26,0,,179,100
146,1460,2260,9.12675215761564e-20,0,,177,100
147,1470,2270,1.9306152410009984e-27,0,,177,100
148,1480,2280,1.0073932695693699e-29,0,,177,100
149,1490,2290,1.1679881616753298e-35,0,,177,100
150,1500,2300,6.346614941028716e-12,0,,176,100
151,1510,2310,2.7882039941021523e-08,0,,176,100
152,1520,2320,2.217497724157451e-18,0,,176,100
153,1530,2330,8.874476768324219e-75,0,,176,100
154,1540,2340,8.663865586036772e-14,0,,177,100
155,1550,2350,7.740079718631258e-162,0,,176,100
156,1560,2360,5.726236115873889e-64,0,,175,100
157,1570,2370,1.209467827567593e-81,0,,174,100
158,1580,2380,4.433348427865207e-42,0,,175,100
159,1590,2390,1.220001267437276e-63,0,,176,100
160,1600,2400,1.0772278910113387e-84,0,,177,100
161,1610,2410,3.519035910821259e-49,0,,177,100
162,1620,2420,1.6491482944931844e-51,0,,176,100
163,1630,2430,2.307023166854525e-58,0,,176,100
164,1640,2440,3.3784441669070073e-119,0,,177,100
165,1650,2450,4.4199608988313774e-54,0,,175,100
166,1660,2460,2.119885101094416e-59,0,,176,100
167,1670,2470,3.1440612321507243e-56,0,,177,100
168,1680,2480,1.0323186621682832e-54,0,,177,100
169,1690,2490,1.082573889328718e-85,0,,177,100
170,1700,2500,4.590870909989858e-76,0,,177,100
171,1710,2510,2.2797718632266436e-66,0,,178,100
172,1720,2520,4.724566250015315e-95,0,,176,100
173,1730,2530,4.994724307238508e-74,0,,179,100
174,1740,2540,2.2022617449872176e-86,0,,177,100
175,1750,2550,3.8074038806629595e-83,0,,176,100
176,1760,2560,4.495505236491981e-54,0,,175,100
177,1770,2570,5.681897938507983e-100,0,,176,100
178,1780,2580,6.235642608372045e-59,0,,174,100
179,1790,2590,4.2189346175010556e-97,0,,176,100
180,1800,2600,3.8486948597526583e-51,0,,177,100
181,1810,2610,8.052915166756042e-106,0,,177,100
182,1820,2620,4.917558689205942e-49,0,,178,100
183,1830,2630,3.0191853165546075e-52,0,,176,100
184,1840,2640,3.9995007794730055e-58,0,,176,100
185,1850,2650,3.0252720811219258e-58,0,,176,100
186,1860,2660,1.0790744096659748e-37,0,,175,100
187,1870,2670,9.55225115714204e-37,0,,177,100
188,1880,2680,5.360670430431543e-128,0,,176,100
189,1890,2690,5.035060830559769e-145,0,,176,100
190,1900,2700,1.5004223237146923e-41,0,,174,100
191,1910,2710,1.4948815723787745e-38,0,,176,100
192,1920,2720,3.4166652646288925e-27,0,,175,100
193,1930,2730,8.931520379993901e-41,0,,175,100
194,1940,2740,3.637864089202014e-45,0,,177,100
195,1950,2750,1.7935623507868093e-24,0,,176,100
196,1960,2760,1.730139010407294e-16,0,,176,100
197,1970,2770,9.899579761017397e-118,0,,177,100
198,1980,2780,2.7096509624123977e-28,0,,173,100
199,1990,2790,5.721885256261596e-161,0,,171,100
200,2000,2800,1.6735372739597243e-158,0,,171,100
201,2010,2810,1.909336677420599e-169,0,,171,100
202,2020,2820,6.727174627675244e-53,0,,172,100
203,2030,2830,3.4201147987645836e-180,0,,174,100
204,2040,2840,7.291653520121538e-35,0,,176,100
205,2050,2850,1.2211694086167287e-294,0,,174,100
206,2060,2860,1.7431365246247865e-36,0,,174,100
207,2070,2870,6.853017509223217e-32,0,,174,100
208,2080,2880,1.1551697250207182e-173,0,,173,100
209,2090,2890,9.749241343979633e-197,0,,172,100
210,2100,2900,4.232965889902311e-59,0,,172,100
211,2110,2910,2.324922786782631e-39,0,,171,100
212,2120,2920,5.289581298554554e-179,0,,171,100
213,2130,2930,5.6273322850730965e-149,0,,168,100
214,2140,2940,1.4841379701022444e-46,0,,169,100
215,2150,2950,6.195721901991093e-174,0,,169,100
216,2160,2960,2.6824629134902205e-141,0,,171,100
217,2170,2970,2.616377273083319e-122,0,,171,100
218,2180,2980,1.2509310355136631e-121,0,,171,100
219,2190,2990,5.079844307972468e-86,0,,168,100
220,2200,3000,2.1754745055011533e-80,0,,169,100
221,2210,3010,1.2781893300172063e-122,0,,170,100
222,2220,3020,5.334609523177468e-99,0,,169,100
223,2230,3030,7.472606952582812e-144,0,,168,100
224,2240,3040,8.002884297224529e-162,0,,171,100
225,2250,3050,3.04518272767264e-56,0,,171,100
226,2260,3060,1.609539416611485e-77,0,,169,100
227,2270,3070,3.674832070848093e-62,0,,169,100
228,2280,3080,1.129700424613458e-65,0,,169,100
229,2290,3090,6.230800812251827e-199,0,,169,100
230,2300,3100,6.240938229745679e-64,0,,169,100
231,2310,3110,6.72793618238647e-168,0,,173,100
232,2320,3120,1.422987720120119e-190,0,,171,100
233,2330,3130,1.3881861679031751e-179,0,,170,100
234,2340,3140,1.4383401890807107e-72,0,,168,100
235,2350,3150,1.2260931311056434e-182,0,,168,100
236,2360,3160,2.1017427951282192e-175,0,,168,100
237,2370,3170,3.678817772627157e-78,0,,168,100
238,2380,3180,5.083118738493956e-143,0,,172,100
239,2390,3190,1.800954217229585e-169,0,,167,100
240,2400,3200,2.1565503048838984e-81,0,,167,100
241,2410,3210,1.6573558447341344e-68,0,,165,100
242,2420,3220,4.894881990473932e-119,0,,166,100
243,2430,3230,4.0137804061538016e-72,0,,165,100
244,2440,3240,1.979217176481375e-66,0,,165,100
245,2450,3250,6.7636975572103826e-99,0,,167,100
246,2460,3260,1.7094752738594637e-76,0,,170,100
247,2470,3270,2.5381267894859266e-131,0,,168,100
248,2480,3280,1.5533799016069423e-101,0,,170,100
249,2490,3290,7.911359542463817e-100,0,,167,100
250,2500,3300,3.2986605244106864e-66,0,,166,100
251,2510,3310,1.3475783259321128e-63,0,,166,100
252,2520,3320,3.600605513973573e-152,0,,166,100
253,2530,3330,1.0084284288293193e-150,0,,168,100
254,2540,3340,9.499173541117453e-112,0,,169,100
255,2550,3350,1.902120864114474e-58,0,,169,100
256,2560,3360,6.640146772422382e-89,0,,170,100
257,2570,3370,2.6602284143967285e-73,0,,170,100
258,2580,3380,3.593523257972088e-172,0,,169,100
259,2590,3390,3.3020970763525106e-94,0,,169,100
260,2600,3400,2.4584984680580963e-176,0,,169,100
261,2610,3410,1.975876445309446e-62,0,,169,100
262,2620,3420,3.62792481806835e-86,0,,170,100
263,2630,3430,7.042183876109355e-193,0,,170,100
264,2640,3440,8.431466529568166e-179,0,,171,100
265,2650,3450,6.305889447228359e-69,0,,171,100
266,2660,3460,3.262192649440105e-151,0,,170,100
267,2670,3470,1.7150802547905675e-77,0,,170,100
268,2680,3480,8.113282640808289e-120,0,,170,100
269,2690,3490,2.3188644456476395e-73,0,,170,100
270,2700,3500,5.048888854730636e-75,0,,172,100
271,2710,3510,4.8516259924759814e-129,0,,169,100
272,2720,3520,5.396634887333464e-148,0,,170,100
273,2730,3530,4.797757992113355e-146,0,,168,100
274,2740,3540,4.606056714394887e-112,0,,167,100
275,2750,3550,1.5051098069577342e-110,0,,169,100
276,2760,3560,1.8790624694567285e-61,0,,166,100
277,2770,3570,3.7515709912450925e-67,0,,167,100
278,2780,3580,7.534710013026098e-108,0,,169,100
279,2790,3590,1.1986053506075367e-97,0,,170,100
280,2800,3600,9.961964374099453e-61,0,,171,100
281,2810,3610,4.910397063669446e-67,0,,171,100
282,2820,3620,1.024373144106011e-73,0,,171,100
283,2830,3630,3.3231198390288356e-103,0,,172,100
284,2840,3640,4.274835311154251e-111,0,,171,100
285,2850,3650,2.0677179054876556e-115,0,,171,100
286,2860,3660,1.3455546318241527e-62,0,,170,100
287,2870,3670,5.370014524026063e-58,0,,171,100
288,2880,3680,6.603262408320597e-75,0,,171,100
289,2890,3690,8.953843517644952e-60,0,,170,100
290,2900,3700,2.3964547882621597e-123,0,,171,100
291,2910,3710,2.221246944129356e-130,0,,171,100
292,2920,3720,2.572049704684739e-80,0,,171,100
293,2930,3730,1.5089597014225004e-67,0,,170,100
294,2940,3740,2.1576487685534768e-120,0,,171,100
295,2950,3750,4.937306861617522e-115,0,,171,100
296,2960,3760,1.9497065526411462e-113,0,,172,100
297,2970,3770,2.725639288359149e-100,0,,172,100
298,2980,3780,3.6699735170350056e-33,0,,172,100
299,2990,3790,2.391740789205615e-110,0,,172,100
300,3000,3800,1.35060181030078e-96,0,,171,100
301,3010,3810,2.1600527281696805e-106,0,,172,100
302,3020,3820,1.1261630588763214e-100,0,,172,100
303,3030,3830,1.08896851879347e-144,0,,170,100
304,3040,3840,1.7335080834400825e-17,0,,171,100
305,3050,3850,2.026887414665181e-21,0,,171,100
306,3060,3860,6.542156150859324e-35,0,,171,100
307,3070,3870,1.2603269585785432e-22,0,,173,100
308,3080,3880,2.392399681540995e-26,0,,174,100
309,3090,3890,9.879470512398935e-17,0,,173,100
310,3100,3900,2.366093735296961e-16,0,,175,100
311,3110,3910,6.60340715966975e-47,0,,174,100
312,3120,3920,4.757743496452858e-94,0,,174,100
313,3130,3930,1.2244579885690634e-24,0,,176,100
314,3140,3940,1.1034922506080881e-86,0,,177,100
315,3150,3950,6.254528203569327e-16,0,,179,100
316,3160,3960,3.070957735175912e-93,0,,180,100
317,3170,3970,6.106520435816298e-88,0,,181,100
318,3180,3980,2.1139681841586686e-96,0,,179,100
319,3190,3990,7.57317093759731e-119,0,,179,100
320,3200,4000,1.1433069499261597e-24,0,,181,100
321,3210,4010,2.162038969386321e-96,0,,182,100
322,3220,4020,1.4136447937123667e-19,0,,183,100
323,3230,4030,4.266706999974953e-92,0,,183,100
324,3240,4040,3.430613714178311e-114,0,,185,100
325,3250,4050,1.2290357061937439e-98,0,,182,100
326,3260,4060,3.727758727185515e-61,0,,177,100
327,3270,4070,7.234700087293164e-46,0,,178,100
328,3280,4080,4.0443217951897977e-75,0,,177,100
329,3290,4090,3.756842915475452e-85,0,,179,100
330,3300,4100,1.321491706842815e-59,0,,177,100
331,3310,4110,1.2017142403406224e-79,0,,179,100
332,3320,4120,1.1964065166918481e-49,0,,181,100
333,3330,4130,2.3673230974592357e-44,0,,178,100
334,3340,4140,1.6314629245182266e-51,0,,177,100
335,3350,4150,2.3110111777654177e-54,0,,179,100
336,3360,4160,4.625394158560466e-49,0,,176,100
337,3370,4170,5.734493743052347e-116,0,,176,100
338,3380,4180,4.893400033106661e-90,0,,178,100
339,3390,4190,6.074643869202256e-99,0,,177,100
340,3400,4200,2.261206611732082e-52,0,,176,100
341,3410,4210,5.665798742504862e-84,0,,177,100
342,3420,4220,1.4727299050846075e-44,0,,179,100
343,3430,4230,2.577731072070009e-49,0,,174,100
344,3440,4240,1.0032675197046782e-50,0,,173,100
345,3450,4250,3.1084500455358936e-129,0,,176,100
346,3460,4260,8.512225719240262e-184,0,,175,100
347,3470,4270,3.846021738320159e-161,0,,175,100
348,3480,4280,1.1609976793328252e-42,0,,176,100
349,3490,4290,1.5646487255043546e-64,0,,178,100
350,3500,4300,5.1647120992582215e-141,0,,178,100
351,3510,4310,4.077626785991128e-134,0,,179,100
352,3520,4320,8.805881439169413e-60,0,,180,100
353,3530,4330,1.1421954817127089e-133,0,,179,100
354,3540,4340,2.430089763867695e-114,0,,180,100
355,3550,4350,1.0394206159011956e-40,0,,179,100
356,3560,4360,5.566330399595962e-124,0,,180,100
357,3570,4370,6.468156625676141e-36,0,,178,100
358,3580,4380,2.319347486956975e-44,0,,180,100
359,3590,4390,1.5247867238742698e-208,0,,179,100
360,3600,4400,3.217981336036196e-44,0,,178,100
361,3610,4410,6.831567313221373e-46,0,,179,100
362,3620,4420,4.948970011821043e-150,0,,178,100
363,3630,4430,1.6068652119501995e-130,0,,180,100
364,3640,4440,3.525165659127303e-110,0,,182,100
365,3650,4450,3.7951772441432825e-146,0,,181,100
366,3660,4460,4.702155863546705e-97,0,,181,100
367,3670,4470,8.602870474393471e-92,0,,178,100
368,3680,4480,5.757968290157427e-101,0,,182,100
369,3690,4490,1.8315128489613986e-51,0,,184,100
370,3700,4500,3.581532054531048e-114,0,,184,100
371,3710,4510,1.9163462725349805e-41,0,,183,100
372,3720,4520,3.3587638559117955e-100,0,,185,100
373,3730,4530,2.192459162586761e-34,0,,184,100
374,3740,4540,6.943481540402194e-32,0,,184,100
375,3750,4550,8.663179252591091e-86,0,,187,100
376,3760,4560,7.72561103142503e-71,0,,185,100
377,3770,4570,6.163720096803901e-83,0,,186,100
378,3780,4580,1.5191290001775787e-63,0,,187,100
379,3790,4590,5.438965448962354e-53,0,,187,100
380,3800,4600,1.4158315803331787e-40,0,,184,100
381,3810,4610,1.0324645129189765e-52,0,,185,100
382,3820,4620,1.3423884099163149e-52,0,,186,100
383,3830,4630,5.914091550846975e-44,0,,187,100
384,3840,4640,3.947873712252638e-45,0,,185,100
385,3850,4650,5.0853986614668775e-55,0,,186,100
386,3860,4660,9.662358850810754e-47,0,,185,100
387,3870,4670,3.80681763487897e-48,0,,184,100
388,3880,4680,1.4889371406473807e-26,0,,185,100
389,3890,4690,3.247952612415636e-29,0,,186,100
390,3900,4700,1.527189405560548e-73,0,,185,100
391,3910,4710,9.628920483406578e-77,0,,185,100
392,3920,4720,1.7557830435132836e-17,0,,184,100
393,3930,4730,5.3399823763367805e-68,0,,185,100
394,3940,4740,1.0101268990846903e-51,0,,183,100
395,3950,4750,2.0575427601341008e-29,0,,185,100
396,3960,4760,5.795314309951606e-19,0,,183,100
397,3970,4770,8.634041327043704e-39,0,,184,100
398,3980,4780,4.588004895919698e-14,0,,186,100
399,3990,4790,1.2379552861781424e-13,0,,186,100
400,4000,4800,6.842916713860048e-19,0,,185,100
401,4010,4810,4.680424564474654e-64,0,,186,100
402,4020,4820,3.5380193046692204e-78,0,,186,100
403,4030,4830,4.605363103043289e-25,0,,186,100
404,4040,4840,2.4204079030868936e-27,0,,186,100
405,4050,4850,9.755619834570776e-121,0,,184,100
406,4060,4860,5.1111813905900606e-102,0,,187,100
407,4070,4870,2.224964924066583e-20,0,,184,100
408,4080,4880,3.262775551096694e-30,0,,184,100
409,4090,4890,1.2371426648214245e-93,0,,183,100
410,4100,4900,3.7744342261432524e-17,0,,185,100
411,4110,4910,1.0768942395440404e-126,0,,184,100
412,4120,4920,4.918135343701315e-120,0,,183,100
413,4130,4930,1.6562250911513346e-113,0,,184,100
414,4140,4940,1.6778490649363258e-55,0,,185,100
415,4150,4950,4.7651397181557294e-45,0,,186,100
416,4160,4960,1.1812320197056732e-88,0,,187,100
417,4170,4970,1.4634666072134819e-91,0,,189,100
418,4180,4980,6.081687054199547e-88,0,,190,100
419,4190,4990,8.020236956550505e-37,0,,188,100
420,4200,5000,5.515548101687869e-44,0,,190,100
421,4210,5010,2.1944867453467647e-31,0,,190,100
422,4220,5020,2.0386886488624844e-89,0,,192,100
423,4230,5030,1.6689254499089414e-38,0,,192,100
424,4240,5040,3.2201902168609486e-49,0,,194,100
425,4250,5050,1.785001356834477e-58,0,,194,100
426,4260,5060,4.338572280670765e-58,0,,193,100
427,4270,5070,2.2575469266804235e-59,0,,194,100
428,4280,5080,4.1910798413594783e-69,0,,194,100
429,4290,5090,4.479254569303513e-57,0,,190,100
430,4300,5100,7.403657582917083e-69,0,,190,100
431,4310,5110,1.4613676183642524e-62,0,,193,100
432,4320,5120,3.9026252273738656e-67,0,,193,100
433,4330,5130,2.742969126755057e-53,0,,193,100
434,4340,5140,9.112201415907327e-68,0,,195,100
435,4350,5150,2.9830322515600193e-53,0,,194,100
436,4360,5160,2.3405346228669346e-47,0,,193,100
437,4370,5170,2.3321309894346305e-87,0,,193,100
438,4380,5180,2.525512102808231e-97,0,,193,100
439,4390,5190,9.680935790727094e-84,0,,192,100
440,4400,5200,9.47451044327033e-45,0,,192,100
441,4410,5210,9.4722606032837e-86,0,,190,100
442,4420,5220,7.0277559561719e-32,0,,189,100
443,4430,5230,1.6053505893822712e-79,0,,188,100
444,4440,5240,5.839448550720118e-78,0,,188,100
445,4450,5250,1.358192601917908e-43,0,,188,100
446,4460,5260,3.275749496712918e-75,0,,187,100
447,4470,5270,5.941729737376527e-34,0,,190,100
448,4480,5280,9.017532059460887e-75,0,,188,100
449,4490,5290,2.740803030010395e-23,0,,189,100
450,4500,5300,3.544581906873399e-32,0,,188,100
451,4510,5310,3.696807730771933e-104,0,,187,100
452,4520,5320,1.142359192348636e-34,0,,187,100
453,4530,5330,2.1736295462248386e-41,0,,188,100
454,4540,5340,4.664592499621533e-40,0,,189,100
455,4550,5350,1.854658681849592e-70,0,,188,100
456,4560,5360,7.414367596110188e-101,0,,189,100
457,4570,5370,1.1648501690201835e-59,0,,188,100
458,4580,5380,1.865852363479754e-62,0,,191,100
459,4590,5390,2.752645992532388e-63,0,,193,100
460,4600,5400,7.249301281920086e-39,0,,192,100
461,4610,5410,2.2258245796228793e-77,0,,193,100
462,4620,5420,2.6149516765160307e-76,0,,193,100
463,4630,5430,2.023891362381232e-47,0,,192,100
464,4640,5440,4.1938445404323927e-67,0,,191,100
465,4650,5450,6.503225320228094e-68,0,,192,100
466,4660,5460,1.7910584574337275e-38,0,,192,100
467,4670,5470,2.7574409444709627e-109,0,,191,100
468,4680,5480,3.371563950572444e-95,0,,191,100
469,4690,5490,1.6401716971702054e-33,0,,190,100
470,4700,5500,8.82106815704903e-54,0,,189,100
471,4710,5510,4.590689085337938e-51,0,,191,100
472,4720,5520,3.2079831570612317e-48,0,,191,100
473,4730,5530,2.198408415601552e-93,0,,190,100
474,4740,5540,2.091830606067644e-59,0,,189,100
475,4750,5550,4.195640908132296e-145,0,,188,100
476,4760,5560,5.038742256711372e-30,0,,187,100
477,4770,5570,9.020511888715971e-72,0,,187,100
478,4780,5580,8.009106350411663e-70,0,,185,100
479,4790,5590,7.407274538891359e-88,0,,187,100
480,4800,5600,6.50344456248564e-64,0,,188,100
481,4810,5610,6.798387603883876e-101,0,,186,100
482,4820,5620,6.083004904574034e-66,0,,186,100
483,4830,5630,3.770153196169647e-34,0,,185,100
484,4840,5640,1.21830140013036e-66,0,,186,100
485,4850,5650,4.902065653313391e-22,0,,188,100
486,4860,5660,6.250841570993351e-31,0,,189,100
487,4870,5670,7.220027199998922e-38,0,,189,100
488,4880,5680,2.663473380645701e-39,0,,188,100
489,4890,5690,2.256762165441179e-26,0,,189,100
490,4900,5700,1.121324384698096e-42,0,,189,100
491,4910,5710,1.3224529802533539e-36,0,,190,100
492,4920,5720,5.2828195859395936e-48,0,,191,100
493,4930,5730,3.0739375456594566e-40,0,,191,100
494,4940,5740,3.3661654858289193e-62,0,,191,100
495,4950,5750,3.345154262313085e-23,0,,193,100
496,4960,5760,7.401572195291445e-97,0,,190,100
497,4970,5770,9.159754318576735e-59,0,,189,100
498,4980,5780,2.5661376754132673e-77,0,,189,100
499,4990,5790,5.096982798318586e-37,0,,191,100
500,5000,5800,2.1877712158435677e-39,0,,190,100
501,5010,5810,9.325751598943675e-28,0,,190,100
502,5020,5820,1.2651856954310298e-20,0,,188,100
503,5030,5830,4.0401146450266197e-14,0,,186,100
504,5040,5840,5.4480588707871086e-30,0,,186,100
505,5050,5850,8.325710423276025e-25,0,,188,100
506,5060,5860,1.159750354991957e-27,0,,188,100
507,5070,5870,8.750248901788035e-26,0,,189,100
508,5080,5880,1.8497897610323353e-38,0,,191,100
509,5090,5890,1.7719329730497718e-37,0,,192,100
510,5100,5900,2.85316745672916e-33,0,,190,100
511,5110,5910,2.0004352028981826e-38,0,,189,100
512,5120,5920,9.237798178589397e-38,0,,187,100
513,5130,5930,8.399289427401647e-74,0,,190,100
514,5140,5940,2.9259194362864987e-37,0,,191,100
515,5150,5950,1.2880707125271168e-32,0,,189,100
516,5160,5960,1.8432155376134457e-35,0,,190,100
517,5170,5970,1.4248226618733177e-52,0,,188,100
518,5180,5980,6.7445630487384825e-46,0,,192,100
519,5190,5990,3.027307908077323e-35,0,,191,100
520,5200,6000,1.1394861518084869e-54,0,,193,100
521,5210,6010,8.090158924071022e-37,0,,193,100
522,5220,6020,1.5660388397583632e-103,0,,192,100
523,5230,6030,5.125613048511795e-31,0,,190,100
524,5240,6040,7.159547875826883e-31,0,,188,100
525,5250,6050,6.26870623867294e-76,0,,190,100
526,5260,6060,1.1024580126182486e-33,0,,190,100
527,5270,6070,1.7794590085540943e-72,0,,187,100
528,5280,6080,1.237825935750993e-106,0,,188,100
529,5290,6090,1.430054650418729e-33,0,,187,100
530,5300,6100,1.2220463885058014e-39,0,,186,100
531,5310,6110,8.958071999382955e-32,0,,184,100
532,5320,6120,7.22759520200563e-57,0,,185,100
533,5330,6130,1.8157893066426633e-97,0,,184,100
534,5340,6140,8.252210307797767e-36,0,,183,100
535,5350,6150,1.775862015763227e-34,0,,183,100
536,5360,6160,5.271833584228578e-66,0,,182,100
537,5370,6170,4.441939428904915e-77,0,,181,100
538,5380,6180,1.272727712673883e-40,0,,177,100
539,5390,6190,4.254958613534122e-88,0,,179,100
540,5400,6200,6.168017563545085e-113,0,,179,100
541,5410,6210,1.1053564645180074e-129,0,,178,100
542,5420,6220,6.35144190396063e-132,0,,178,100
543,5430,6230,5.944389623579595e-35,0,,182,100
544,5440,6240,5.6379330821199256e-80,0,,182,100
545,5450,6250,3.607804011445266e-39,0,,182,100
546,5460,6260,4.59701198757311e-37,0,,182,100
547,5470,6270,2.4723697720780672e-39,0,,183,100
548,5480,6280,3.0661312462772034e-28,0,,181,100
549,5490,6290,3.8878960704839456e-42,0,,181,100
550,5500,6300,4.252568675411127e-42,0,,180,100
551,5510,6310,5.612799533058436e-48,0,,178,100
552,5520,6320,4.2412696418781025e-51,0,,179,100
553,5530,6330,1.4482998165283534e-51,0,,178,100
554,5540,6340,9.097535651465033e-69,0,,178,100
555,5550,6350,5.907045067985583e-84,0,,178,100
556,5560,6360,1.7063283258591352e-56,0,,177,100
557,5570,6370,1.2575844327406473e-60,0,,177,100
558,5580,6380,1.3732702107691763e-52,0,,174,100
559,5590,6390,1.670408437253022e-73,0,,174,100
560,5600,6400,1.076182368463567e-86,0,,174,100
561,5610,6410,8.504222575708256e-84,0,,174,100
562,5620,6420,6.337360300375077e-61,0,,171,100
563,5630,6430,1.1936298131011346e-93,0,,171,100
564,5640,6440,5.241092026892107e-68,0,,172,100
565,5650,6450,2.4514715413905654e-37,0,,167,100
566,5660,6460,1.0790630860948734e-52,0,,167,100
567,5670,6470,1.0485377390106159e-39,0,,169,100
568,5680,6480,5.850272593076565e-32,0,,169,100
569,5690,6490,3.480227348253067e-70,0,,168,100
570,5700,6500,1.8820360015834895e-46,0,,167,100
571,5710,6510,9.01632870402061e-26,0,,166,100
572,5720,6520,3.574191901000338e-61,0,,165,100
573,5730,6530,3.8084736516028095e-57,0,,165,100
574,5740,6540,9.862630082940098e-28,0,,165,100
575,5750,6550,4.565229039046976e-80,0,,165,100
576,5760,6560,1.1736284972898127e-24,0,,165,100
577,5770,6570,2.2823903599277998e-24,0,,166,100
578,5780,6580,8.918321492123918e-41,0,,163,100
579,5790,6590,1.0668523513439182e-42,0,,163,100
580,5800,6600,6.631812532270063e-74,0,,165,100
581,5810,6610,3.5555518748893426e-46,0,,165,100
582,5820,6620,1.658634707587613e-30,0,,165,100
583,5830,6630,1.7636316699927224e-50,0,,167,100
584,5840,6640,1.0137391140453478e-37,0,,165,100
585,5850,6650,5.531665627833434e-43,0,,164,100
586,5860,6660,7.680715647098568e-75,0,,161,100
587,5870,6670,1.4290292226749608e-46,0,,163,100
588,5880,6680,1.3907126432188813e-34,0,,162,100
589,5890,6690,7.018198840157054e-102,0,,164,100
590,5900,6700,2.0059939970130144e-85,0,,163,100
591,5910,6710,1.3701026396472615e-97,0,,164,100
592,5920,6720,9.540939386559597e-28,0,,164,100
593,5930,6730,6.447485176943801e-117,0,,163,100
594,5940,6740,9.044640472541459e-17,0,,166,100
595,5950,6750,6.512205455530074e-14,0,,165,100
596,5960,6760,1.3499498368831841e-77,0,,167,100
597,5970,6770,9.775481799563763e-15,0,,165,100
598,5980,6780,5.171436681744954e-102,0,,162,100
599,5990,6790,9.880160700023187e-15,0,,163,100
600,6000,6800,4.1495117405730447e-23,0,,163,100
601,6010,6810,7.755751576192029e-111,0,,165,100
602,6020,6820,2.214382976337289e-102,0,,167,100
603,6030,6830,2.0592420701562798e-194,0,,168,100
604,6040,6840,4.462910119376383e-125,0,,168,100
605,6050,6850,9.360399675183943e-26,0,,166,100
606,6060,6860,3.1975465252484683e-18,0,,168,100
607,6070,6870,1.602927153087573e-156,0,,170,100
608,6080,6880,5.017771763939334e-20,0,,172,100
609,6090,6890,4.1846119716180655e-155,0,,170,100
610,6100,6900,8.763487829953962e-134,0,,169,100
611,6110,6910,1.6981343085484003e-139,0,,171,100
612,6120,6920,6.234432317860445e-162,0,,168,100
613,6130,6930,2.507651818616654e-22,0,,168,100
614,6140,6940,5.91972895952264e-159,0,,170,100
615,6150,6950,7.409916990276738e-28,0,,171,100
616,6160,6960,3.0776787554469703e-53,0,,171,100
617,6170,6970,1.5182383177088878e-117,0,,172,100
618,6180,6980,4.147941910007181e-36,0,,172,100
619,6190,6990,1.350385677253516e-138,0,,172,100
620,6200,7000,9.930546198341872e-24,0,,174,100
621,6210,7010,6.469813352843899e-25,0,,172,100
622,6220,7020,4.0578268659149375e-30,0,,172,100
623,6230,7030,1.0874767218130432e-61,0,,169,100
624,6240,7040,4.8600498354310316e-101,0,,170,100
625,6250,7050,1.269388780546022e-33,0,,169,100
626,6260,7060,3.5329543280096846e-35,0,,171,100
627,6270,7070,2.204152051444514e-137,0,,172,100
628,6280,7080,3.0210217304811665e-24,0,,171,100
629,6290,7090,1.4986545004169123e-98,0,,171,100
630,6300,7100,1.5804854473324097e-27,0,,172,100
631,6310,7110,3.636767384620047e-94,0,,172,100
632,6320,7120,9.880549525697311e-132,0,,172,100
633,6330,7130,5.2187778225184886e-52,0,,171,100
634,6340,7140,8.245671762955923e-164,0,,171,100
635,6350,7150,4.109175956286386e-167,0,,173,100
636,6360,7160,3.470351240757421e-158,0,,172,100
637,6370,7170,6.114856555648894e-57,0,,174,100
638,6380,7180,4.786300176812935e-172,0,,173,100
639,6390,7190,2.3929811128545403e-171,0,,172,100
640,6400,7200,4.2705890259194603e-166,0,,173,100
641,6410,7210,9.689504853462802e-192,0,,174,100
642,6420,7220,4.732819447242647e-183,0,,176,100
643,6430,7230,2.1762896353953484e-195,0,,178,100
644,6440,7240,5.638660580157138e-27,0,,178,100
645,6450,7250,8.517182007516058e-180,0,,180,100
646,6460,7260,2.7717720437310386e-90,0,,179,100
647,6470,7270,2.024282140292482e-179,0,,181,100
648,6480,7280,1.0901449984779524e-60,0,,180,100
649,6490,7290,2.1705348304908097e-155,0,,181,100
650,6500,7300,4.8307299552849547e-57,0,,179,100
651,6510,7310,1.411153147420948e-156,0,,178,100
652,6520,7320,1.535703766425867e-11,0,,177,100
653,6530,7330,5.418070301996859e-18,0,,179,100
654,6540,7340,4.532655393039888e-28,0,,180,100
655,6550,7350,7.296452830158068e-20,0,,178,100
656,6560,7360,2.973111463654965e-20,0,,176,100
657,6570,7370,1.0545287983879444e-23,0,,176,100
658,6580,7380,1.1833526415548053e-151,0,,177,100
659,6590,7390,1.904420399925775e-30,0,,175,100
660,6600,7400,1.484493430220427e-134,0,,175,100
661,6610,7410,1.0991971851819032e-130,0,,175,100
662,6620,7420,2.6678607954842634e-26,0,,174,100
663,6630,7430,3.608232174028754e-27,0,,174,100
664,6640,7440,2.2900917213187163e-141,0,,176,100
665,6650,7450,2.827704421586543e-121,0,,176,100
666,6660,7460,5.164737101853166e-22,0,,176,100
667,6670,7470,8.735346269984455e-20,0,,176,100
668,6680,7480,1.0542758421206075e-21,0,,173,100
669,6690,7490,6.269346229403044e-31,0,,173,100
670,6700,7500,6.227581806423348e-36,0,,173,100
671,6710,7510,4.7396793626676005e-136,0,,172,100
672,6720,7520,1.7200348243921967e-141,0,,172,100
673,6730,7530,1.5161173069899557e-52,0,,171,100
674,6740,7540,1.0704254323008431e-45,0,,171,100
675,6750,7550,6.167980675889605e-70,0,,170,100
676,6760,7560,7.731566103077736e-47,0,,170,100
677,6770,7570,3.368661507059058e-52,0,,171,100
678,6780,7580,1.0620910429453987e-49,0,,169,100
679,6790,7590,1.4429571555354774e-43,0,,169,100
680,6800,7600,2.3934473401965496e-12,0,,170,100
681,6810,7610,8.017922158500113e-18,0,,170,100
682,6820,7620,1.1570798416499509e-12,0,,169,100
683,6830,7630,3.011667615671571e-41,0,,168,100
684,6840,7640,3.499701962935358e-24,0,,169,100
685,6850,7650,6.152683281911603e-29,0,,170,100
686,6860,7660,9.88001748724047e-47,0,,166,100
687,6870,7670,7.462101344082158e-73,0,,166,100
688,6880,7680,5.617832296499709e-35,0,,166,100
689,6890,7690,4.6188333386067406e-42,0,,168,100
690,6900,7700,1.1189972056864744e-90,0,,169,100
691,6910,7710,3.614383030002943e-36,0,,169,100
692,6920,7720,2.4579528214059214e-95,0,,170,100
693,6930,7730,5.691768554018683e-73,0,,169,100
694,6940,7740,3.5725253243846944e-80,0,,171,100
695,6950,7750,3.926401020687956e-35,0,,170,100
696,6960,7760,1.1383727413150974e-73,0,,171,100
697,6970,7770,5.127018375347475e-92,0,,172,100
698,6980,7780,1.1617062201965046e-41,0,,171,100
699,6990,7790,8.285176763457379e-71,0,,168,100
700,7000,7800,1.3544095591980353e-74,0,,169,100
701,7010,7810,8.861853032650164e-56,0,,169,100
702,7020,7820,1.7167321463611254e-86,0,,171,100
703,7030,7830,4.67795037857389e-93,0,,171,100
704,7040,7840,2.378376793905477e-88,0,,170,100
705,7050,7850,8.623765483969742e-52,0,,171,100
706,7060,7860,2.8162035394878455e-76,0,,167,100
707,7070,7870,4.023070362315864e-72,0,,169,100
708,7080,7880,5.81496378186552e-79,0,,168,100
709,7090,7890,1.956334988705207e-89,0,,167,100
710,7100,7900,7.247771655980459e-90,0,,169,100
711,7110,7910,1.0352392348080262e-70,0,,169,100
712,7120,7920,1.6695587254697998e-89,0,,171,100
713,7130,7930,1.0230088283046317e-75,0,,170,100
714,7140,7940,9.857713257812765e-124,0,,170,100
715,7150,7950,2.4902294112008394e-95,0,,172,100
716,7160,7960,8.241685304895371e-73,0,,173,100
717,7170,7970,6.367497940359304e-66,0,,175,100
718,7180,7980,1.8675689404290088e-78,0,,174,100
719,7190,7990,4.275098959993878e-99,0,,174,100
720,7200,8000,1.794770753263876e-72,0,,173,100
721,7210,8010,6.806031312671717e-84,0,,172,100
722,7220,8020,7.606628800197027e-67,0,,170,100
723,7230,8030,3.7371911994840533e-62,0,,170,100
724,7240,8040,1.759403332981832e-77,0,,169,100
725,7250,8050,5.000594124598179e-73,0,,168,100
726,7260,8060,3.069790132995385e-70,0,,170,100
727,7270,8070,3.415739679115076e-70,0,,169,100
728,7280,8080,8.930571669425368e-66,0,,172,100
729,7290,8090,1.7965788461441286e-41,0,,171,100
730,7300,8100,7.392061688941601e-76,0,,170,100
731,7310,8110,9.975460047646806e-43,0,,171,100
732,7320,8120,1.626433159800081e-69,0,,171,100
733,7330,8130,2.813241128891988e-45,0,,166,100
734,7340,8140,1.2135079222693828e-36,0,,169,100
735,7350,8150,3.5609027366757816e-37,0,,168,100
736,7360,8160,9.435354471342611e-37,0,,168,100
737,7370,8170,6.803005094954062e-43,0,,167,100
738,7380,8180,2.1565173345563822e-42,0,,169,100
739,7390,8190,3.079074580939901e-57,0,,168,100
740,7400,8200,9.80273507874938e-25,0,,167,100
741,7410,8210,2.178613012492318e-23,0,,170,100
742,7420,8220,3.82468353606039e-37,0,,169,100
743,7430,8230,8.827646490251733e-41,0,,168,100
744,7440,8240,1.494543036025465e-58,0,,166,100
745,7450,8250,5.0329956222431025e-58,0,,168,100
746,7460,8260,2.9688091520146196e-79,0,,166,100
747,7470,8270,1.3135937041526435e-65,0,,167,100
748,7480,8280,8.251801708255508e-74,0,,168,100
749,7490,8290,1.8605605626936523e-28,0,,167,100
750,7500,8300,9.020078506191972e-45,0,,169,100
751,7510,8310,3.2941978011271064e-76,0,,166,100
752,7520,8320,4.648928887415544e-52,0,,168,100
753,7530,8330,6.701841116662915e-26,0,,167,100
754,7540,8340,2.299224237797878e-46,0,,168,100
755,7550,8350,2.443767728807745e-33,0,,170,100
756,7560,8360,2.920486204099314e-41,0,,169,100
757,7570,8370,2.98769661395579e-14,0,,171,100
758,7580,8380,1.4322148059302786e-25,0,,171,100
759,7590,8390,3.3366115185599205e-87,0,,171,100
760,7600,8400,7.707313872268804e-71,0,,169,100
761,7610,8410,1.206085727813844e-49,0,,169,100
762,7620,8420,1.4181626784477476e-44,0,,170,100
763,7630,8430,2.070043761473903e-27,0,,171,100
764,7640,8440,1.221690813883765e-16,0,,170,100
765,7650,8450,1.5595048657460996e-17,0,,168,100
766,7660,8460,4.979697818831773e-56,0,,167,100
767,7670,8470,1.8207648412232795e-20,0,,168,100
768,7680,8480,3.2300549100963793e-69,0,,168,100
769,7690,8490,4.7575805806929033e-42,0,,169,100
770,7700,8500,2.304309030271042e-22,0,,167,100
771,7710,8510,3.5423506806007606e-33,0,,167,100
772,7720,8520,1.6360880294559416e-75,0,,169,100
773,7730,8530,3.2437996854259603e-34,0,,165,100
774,7740,8540,2.1760481346079253e-85,0,,165,100
775,7750,8550,2.3809033272609895e-83,0,,166,100
776,7760,8560,6.8895267855934555e-62,0,,167,100
777,7770,8570,2.2632136585097706e-47,0,,167,100
778,7780,8580,5.7644031295198765e-43,0,,167,100
779,7790,8590,2.7939448786488644e-35,0,,167,100
780,7800,8600,8.543469910404417e-66,0,,165,100
781,7810,8610,5.486915197912998e-64,0,,163,100
782,7820,8620,3.560735594676042e-24,0,,164,100
783,7830,8630,4.116675300890543e-39,0,,166,100
784,7840,8640,3.260544559388829e-40,0,,164,100
785,7850,8650,7.502665445156268e-44,0,,167,100
786,7860,8660,2.0285920988377606e-37,0,,167,100
787,7870,8670,2.0870152399597038e-36,0,,167,100
788,7880,8680,1.847898141899293e-45,0,,166,100
789,7890,8690,5.76089976032376e-56,0,,167,100
790,7900,8700,8.010968217723787e-31,0,,168,100
791,7910,8710,1.3384015038586107e-66,0,,166,100
792,7920,8720,9.976214922460256e-79,0,,166,100
793,7930,8730,1.238316599559893e-66,0,,166,100
794,7940,8740,9.661493754980262e-49,0,,166,100
795,7950,8750,1.0445323871821895e-37,0,,167,100
796,7960,8760,5.580608139335585e-58,0,,166,100
797,7970,8770,1.1290383832859958e-64,0,,170,100
798,7980,8780,5.6079944704256305e-50,0,,167,100
799,7990,8790,2.914134788745689e-54,0,,170,100
800,8000,8800,3.134541310268684e-61,0,,170,100
801,8010,8810,1.4844591575378523e-54,0,,169,100
802,8020,8820,2.2517546562249573e-33,0,,169,100
803,8030,8830,5.4571127214715e-75,0,,168,100
804,8040,8840,3.4584372066820265e-29,0,,171,100
805,8050,8850,1.1813169914425862e-21,0,,171,100
806,8060,8860,1.2559398200792319e-87,0,,170,100
807,8070,8870,1.073798900384669e-62,0,,169,100
808,8080,8880,2.73285438488415e-71,0,,168,100
809,8090,8890,8.567743476773384e-71,0,,169,100
810,8100,8900,4.4666750432845395e-74,0,,168,100
811,8110,8910,4.328294136110563e-87,0,,173,100
812,8120,8920,4.4061897673045195e-70,0,,175,100
813,8130,8930,7.474837297839685e-51,0,,174,100
814,8140,8940,1.078206248911809e-57,0,,172,100
815,8150,8950,1.8632028287389782e-39,0,,174,100
816,8160,8960,3.3781435928853826e-18,0,,176,100
817,8170,8970,1.922701745097779e-17,0,,176,100
818,8180,8980,1.821515089641642e-19,0,,177,100
819,8190,8990,7.020293736976234e-109,0,,178,100
820,8200,9000,2.8620382239437737e-81,0,,181,100
821,8210,9010,3.5642400247160885e-34,0,,179,100
822,8220,9020,7.318085470768073e-35,0,,180,100
823,8230,9030,2.8066762704441842e-36,0,,179,100
824,8240,9040,2.3841515395296605e-28,0,,178,100
825,8250,9050,4.640472103433803e-28,0,,179,100
826,8260,9060,2.745885256117118e-39,0,,179,100
827,8270,9070,8.880600847762731e-39,0,,181,100
828,8280,9080,9.154784603611534e-25,0,,179,100
829,8290,9090,1.0971787983166925e-111,0,,179,100
830,8300,9100,2.5434727726661685e-115,0,,180,100
831,8310,9110,1.1142709117402184e-28,0,,180,100
832,8320,9120,5.170946848925591e-34,0,,179,100
833,8330,9130,3.049695153660273e-29,0,,179,100
834,8340,9140,1.8092871580263195e-32,0,,177,100
835,8350,9150,2.4260031623797885e-78,0,,173,100
836,8360,9160,3.042280041403897e-24,0,,175,100
837,8370,9170,1.7058935656100275e-26,0,,173,100
838,8380,9180,1.73094204220183e-93,0,,175,100
839,8390,9190,2.2843476129627774e-52,0,,176,100
840,8400,9200,5.10318288041254e-130,0,,176,100
841,8410,9210,5.327197193204049e-53,0,,174,100
842,8420,9220,4.288229506378901e-88,0,,176,100
843,8430,9230,4.782934022492693e-18,0,,174,100
844,8440,9240,2.5977705959732695e-13,0,,177,100
845,8450,9250,1.9311782552299277e-24,0,,178,100
846,8460,9260,2.4768300626760713e-102,0,,179,100
847,8470,9270,2.4749143148527214e-104,0,,181,100
848,8480,9280,4.597294124084094e-95,0,,181,100
849,8490,9290,2.227104806144736e-104,0,,180,100
850,8500,9300,4.416176682557266e-25,0,,178,100
851,8510,9310,3.7232207666405696e-29,0,,178,100
852,8520,9320,5.536915461505446e-35,0,,180,100
853,8530,9330,3.363873188332728e-31,0,,180,100
854,8540,9340,6.760827966517077e-36,0,,180,100
855,8550,9350,1.860468983077635e-42,0,,179,100
856,8560,9360,1.4673550493645702e-38,0,,180,100
857,8570,9370,6.742601536298257e-108,0,,180,100
858,8580,9380,5.966770084270986e-113,0,,180,100
859,8590,9390,4.14393391956277e-47,0,,181,100
860,8600,9400,1.2274898130505273e-82,0,,182,100
861,8610,9410,1.0824439251252661e-48,0,,181,100
862,8620,9420,1.6123442883060098e-116,0,,182,100
863,8630,9430,1.1224346993181215e-43,0,,180,100
864,8640,9440,1.1324896309814728e-49,0,,183,100
865,8650,9450,6.106154408106538e-48,0,,181,100
866,8660,9460,2.2421847590531105e-84,0,,182,100
867,8670,9470,6.202215712963607e-72,0,,185,100
868,8680,9480,2.9655986840652118e-52,0,,185,100
869,8690,9490,2.5098126991166537e-80,0,,185,100
870,8700,9500,6.52672067891807e-73,0,,183,100
871,8710,9510,2.7693470458775115e-80,0,,183,100
872,8720,9520,2.5203274784630195e-29,0,,184,100
873,8730,9530,2.7006031492104482e-64,0,,183,100
874,8740,9540,3.784905380596934e-77,0,,180,100
875,8750,9550,5.540980549027564e-82,0,,181,100
876,8760,9560,1.9396663064534281e-75,0,,181,100
877,8770,9570,5.72355453730485e-79,0,,179,100
878,8780,9580,3.454628315226626e-20,0,,180,100
879,8790,9590,2.866478133328446e-84,0,,179,100
880,8800,9600,6.484920406515636e-23,0,,180,100
881,8810,9610,3.170122720217997e-23,0,,181,100
882,8820,9620,1.505305015208006e-26,0,,184,100
883,8830,9630,4.88566374801925e-75,0,,182,100
884,8840,9640,1.3585699810346836e-40,0,,181,100
885,8850,9650,2.8856469514500846e-41,0,,181,100
886,8860,9660,2.2824369090343887e-86,0,,180,100
887,8870,9670,1.347379155082939e-22,0,,179,100
888,8880,9680,1.1754147679169361e-88,0,,180,100
889,8890,9690,1.7476522172465685e-26,0,,184,100
890,8900,9700,5.08507530599233e-71,0,,181,100
891,8910,9710,6.461668748130389e-48,0,,176,100
892,8920,9720,1.5885084784291152e-60,0,,178,100
893,8930,9730,4.506824186147514e-48,0,,178,100
894,8940,9740,1.6408328206165034e-40,0,,177,100
895,8950,9750,7.274377469224093e-39,0,,178,100
896,8960,9760,2.3077993937232484e-48,0,,177,100
897,8970,9770,1.776786457834825e-32,0,,177,100
898,8980,9780,2.837447831074016e-32,0,,175,100
899,8990,9790,3.998836792497107e-26,0,,174,100
900,9000,9800,3.592407116678211e-38,0,,172,100
901,9010,9810,5.240541627641894e-43,0,,172,100
902,9020,9820,4.7994353370019194e-51,0,,173,100
903,9030,9830,2.2720258450910174e-36,0,,174,100
904,9040,9840,5.656533255510818e-30,0,,172,100
905,9050,9850,9.154527825426387e-32,0,,172,100
906,9060,9860,3.910481797110402e-33,0,,172,100
907,9070,9870,1.031903120474342e-18,0,,169,100
908,9080,9880,7.61239831383225e-24,0,,172,100
909,9090,9890,1.0356828248861829e-29,0,,171,100
910,9100,9900,5.996840069743175e-30,0,,172,100
911,9110,9910,2.8523408460945506e-70,0,,173,100
912,9120,9920,1.736269959491754e-69,0,,173,100
913,9130,9930,1.822785692473268e-54,0,,174,100
914,9140,9940,1.0717933035655617e-62,0,,173,100
915,9150,9950,1.683405036132274e-60,0,,176,100
916,9160,9960,2.953288054449702e-39,0,,175,100
917,9170,9970,2.072203616645543e-41,0,,173,100
918,9180,9980,2.5836162079288094e-43,0,,174,100
919,9190,9990,4.643392335586874e-66,0,,174,100
920,9200,10000,9.32052310714392e-40,0,,175,100
921,9210,10010,1.3746170229620084e-54,0,,176,100
922,9220,10020,1.2522198357706539e-70,0,,178,100
923,9230,10030,7.049845894563412e-82,0,,179,100
924,9240,10040,4.740498614415659e-57,0,,177,100
925,9250,10050,1.1678110776771768e-87,0,,176,100
926,9260,10060,4.64284357123428e-90,0,,178,100
927,9270,10070,1.1158040120417586e-65,0,,176,100
928,9280,10080,5.10912777787027e-88,0,,174,100
929,9290,10090,2.1253761967536647e-109,0,,175,100
930,9300,10100,7.807535559639669e-48,0,,176,100
931,9310,10110,4.405630318056806e-45,0,,176,100
932,9320,10120,2.532591401182509e-56,0,,172,100
933,9330,10130,5.2566851991719653e-101,0,,172,100
934,9340,10140,1.5769085217879627e-69,0,,171,100
935,9350,10150,1.8779036883978772e-110,0,,171,100
936,9360,10160,3.365617781706777e-107,0,,171,100
937,9370,10170,2.386522109739147e-76,0,,171,100
938,9380,10180,1.1677515367142652e-92,0,,170,100
939,9390,10190,1.7225108270282506e-103,0,,170,100
940,9400,10200,1.5994080927451372e-119,0,,171,100
941,9410,10210,1.254446239897796e-111,0,,170,100
942,9420,10220,9.179060084492065e-133,0,,171,100
943,9430,10230,3.994498133897496e-128,0,,172,100
944,9440,10240,4.6541192671225574e-117,0,,171,100
945,9450,10250,2.242804760227395e-119,0,,169,100
946,9460,10260,9.665232064875068e-105,0,,168,100
947,9470,10270,2.2442485095667695e-99,0,,167,100
948,9480,10280,3.158858037745261e-89,0,,166,100
949,9490,10290,3.9483474680383025e-98,0,,167,100
950,9500,10300,1.0412814032286821e-103,0,,167,100
951,9510,10310,7.600807123474034e-158,0,,167,100
952,9520,10320,1.8430581198238642e-93,0,,166,100
953,9530,10330,2.2472272302741079e-69,0,,169,100
954,9540,10340,1.7574414370070666e-78,0,,167,100
955,9550,10350,4.123305991901962e-57,0,,168,100
956,9560,10360,1.4972537382969888e-66,0,,168,100
957,9570,10370,1.2138565872501087e-67,0,,168,100
958,9580,10380,6.951952299766751e-71,0,,167,100
959,9590,10390,2.3766969312518312e-55,0,,166,100
960,9600,10400,1.0699348495063409e-66,0,,168,100
961,9610,10410,2.834823821631854e-60,0,,165,100
962,9620,10420,2.105319587801451e-74,0,,164,100
963,9630,10430,5.934922080577157e-62,0,,166,100
964,9640,10440,3.099118395864527e-46,0,,165,100
965,9650,10450,4.517337282947797e-55,0,,168,100
966,9660,10460,7.659154129690249e-63,0,,168,100
967,9670,10470,2.9745699743779765e-71,0,,166,100
968,9680,10480,4.719921169646585e-70,0,,166,100
969,9690,10490,6.622151942445219e-84,0,,167,100
970,9700,10500,1.1284602884470434e-90,0,,167,100
971,9710,10510,8.255621535508631e-78,0,,166,100
972,9720,10520,2.809031016881358e-67,0,,166,100
973,9730,10530,2.52254482877725e-62,0,,167,100
974,9740,10540,1.5449337621198288e-71,0,,168,100
975,9750,10550,4.070064530516799e-83,0,,168,100
976,9760,10560,2.5526092778848348e-55,0,,170,100
977,9770,10570,2.3090192186346977e-50,0,,171,100
978,9780,10580,1.7820503092122246e-58,0,,172,100
979,9790,10590,1.971080912322837e-50,0,,172,100
980,9800,10600,1.1434747403238234e-52,0,,172,100
981,9810,10610,2.274928449661118e-59,0,,172,100
982,9820,10620,4.495725558384081e-41,0,,171,100
983,9830,10630,1.2958404327795783e-50,0,,171,100
984,9840,10640,3.5522445377196607e-43,0,,172,100
985,9850,10650,7.856977418582628e-43,0,,172,100
986,9860,10660,1.6170232870179657e-37,0,,172,100
987,9870,10670,1.6613974124306722e-88,0,,172,100
988,9880,10680,9.073631954899432e-40,0,,170,100
989,9890,10690,9.198759801849057e-49,0,,172,100
990,9900,10700,7.858974089219833e-61,0,,174,100
991,9910,10710,8.768858469867057e-61,0,,173,100
992,9920,10720,1.4579817929539706e-39,0,,175,100
993,9930,10730,3.178328366347989e-58,0,,175,100
994,9940,10740,4.14383919153551e-59,0,,172,100
995,9950,10750,6.358468192203953e-68,0,,170,100
996,9960,10760,6.20965661214084e-72,0,,172,100
997,9970,10770,6.820703212952054e-53,0,,171,100
998,9980,10780,1.6549150514073924e-28,0,,171,100
999,9990,10790,4.480722845154989e-37,0,,172,100
1000,10000,10800,9.339495687137434e-54,0,,170,100
1001,10010,10810,1.4315345271381604e-54,0,,169,100
1002,10020,10820,8.007346176892842e-82,0,,167,100
1003,10030,10830,7.220769048198264e-91,0,,168,100
1004,10040,10840,1.2334936074206465e-62,0,,167,100
1005,10050,10850,6.202051144318283e-39,0,,167,100
1006,10060,10860,1.1588736693424742e-93,0,,169,100
1007,10070,10870,1.2676310590167233e-41,0,,167,100
1008,10080,10880,1.2609442189322606e-103,0,,167,100
1009,10090,10890,1.970916217986105e-101,0,,166,100
1010,10100,10900,6.11119215691968e-115,0,,166,100
1011,10110,10910,9.578227275097392e-101,0,,167,100
1012,10120,10920,1.359354099499491e-99,0,,168,100
1013,10130,10930,1.5255430338944496e-78,0,,169,100
1014,10140,10940,2.854323981806378e-52,0,,170,100
1015,10150,10950,9.092228392612597e-88,0,,168,100
1016,10160,10960,2.3211045939953314e-50,0,,168,100
1017,10170,10970,1.3324099559965096e-88,0,,171,100
1018,10180,10980,3.5947854814537757e-59,0,,170,100
1019,10190,10990,1.9103149469789374e-48,0,,169,100
1020,10200,11000,1.9312250379494698e-47,0,,169,100
1021,10210,11010,7.85427257448251e-52,0,,168,100
1022,10220,11020,2.210797203378574e-95,0,,166,100
1023,10230,11030,7.86803838532873e-53,0,,165,100
1024,10240,11040,4.638360594935158e-44,0,,166,100
1025,10250,11050,2.4817289647202244e-96,0,,167,100
1026,10260,11060,2.698817445829508e-38,0,,168,100
1027,10270,11070,1.8480661524122537e-42,0,,169,100
1028,10280,11080,1.9398080605361027e-125,0,,169,100
1029,10290,11090,2.76589931527575e-50,0,,170,100
1030,10300,11100,1.3166013634758984e-29,0,,172,100
1031,10310,11110,2.459370496643692e-27,0,,172,100
1032,10320,11120,2.406905614043383e-58,0,,174,100
1033,10330,11130,1.3682881057493411e-90,0,,173,100
1034,10340,11140,2.4781055061860453e-30,0,,172,100
1035,10350,11150,1.4885219186441814e-27,0,,172,100
1036,10360,11160,1.5886009918459233e-19,0,,171,100
1037,10370,11170,9.879622650834377e-87,0,,172,100
1038,10380,11180,4.954591878320115e-20,0,,171,100
1039,10390,11190,9.758866905181746e-14,0,,170,100
1040,10400,11200,4.535413477705259e-22,0,,170,100
1041,10410,11210,6.382271791372704e-88,0,,170,100
1042,10420,11220,4.458858834139456e-108,0,,170,100
1043,10430,11230,2.9730190691396254e-21,0,,170,100
1044,10440,11240,5.309086904445604e-22,0,,171,100
1045,10450,11250,3.3377651141605296e-25,0,,169,100
1046,10460,11260,3.9770285326365866e-120,0,,172,100
1047,10470,11270,3.580280220343123e-32,0,,170,100
1048,10480,11280,7.987077716657243e-29,0,,170,100
1049,10490,11290,2.3547091930474128e-107,0,,168,100
1050,10500,11300,1.2563323150812962e-133,0,,171,100
1051,10510,11310,2.34778764383603e-13,0,,172,100
1052,10520,11320,1.3535337106842216e-98,0,,173,100
1053,10530,11330,9.282730578580595e-12,0,,172,100
1054,10540,11340,4.31348653266849e-80,0,,170,100
1055,10550,11350,1.5137602050410517e-14,0,,172,100
1056,10560,11360,1.8379625275602667e-60,0,,169,100
1057,10570,11370,2.7585393259387628e-09,0,,168,100
1058,10580,11380,4.659399694415454e-54,0,,168,100
1059,10590,11390,2.197212922994691e-126,0,,168,100
1060,10600,11400,8.61885279639629e-25,0,,168,100
1061,10610,11410,7.247562529871611e-35,0,,168,100
1062,10620,11420,8.047699504779794e-74,0,,166,100
1063,10630,11430,4.574809153275754e-42,0,,168,100
1064,10640,11440,1.095597537695909e-47,0,,171,100
1065,10650,11450,2.6902356834809285e-68,0,,170,100
1066,10660,11460,2.7693741087562654e-48,0,,170,100
1067,10670,11470,6.496214387281433e-45,0,,169,100
1068,10680,11480,5.4622971205205016e-45,0,,170,100
1069,10690,11490,4.623961650048255e-120,0,,168,100
1070,10700,11500,8.205695042491281e-48,0,,165,100
1071,10710,11510,7.744597080609562e-59,0,,166,100
1072,10720,11520,2.5765119266880707e-60,0,,167,100
1073,10730,11530,1.3991271765188174e-57,0,,169,100
1074,10740,11540,1.482620779769369e-54,0,,170,100
1075,10750,11550,4.781719433313219e-15,0,,170,100
1076,10760,11560,4.209346581590231e-21,0,,169,100
1077,10770,11570,3.364516740522134e-30,0,,170,100
1078,10780,11580,1.0164446598253877e-37,0,,171,100
1079,10790,11590,1.438438875381657e-35,0,,171,100
1080,10800,11600,5.460717470033813e-74,0,,172,100
1081,10810,11610,1.7275172195072918e-31,0,,173,100
1082,10820,11620,1.2422194612141959e-54,0,,173,100
1083,10830,11630,3.552567294686197e-110,0,,172,100
1084,10840,11640,5.071011257423302e-65,0,,174,100
1085,10850,11650,6.325135290113699e-133,0,,174,100
1086,10860,11660,3.756811852204421e-78,0,,175,100
1087,10870,11670,2.163915982328286e-54,0,,175,100
1088,10880,11680,3.3960550251179955e-37,0,,175,100
1089,10890,11690,6.905383861802255e-67,0,,174,100
1090,10900,11700,1.7861625888900168e-48,0,,174,100
1091,10910,11710,3.6883858902440964e-126,0,,175,100
1092,10920,11720,7.626893026509325e-71,0,,175,100
1093,10930,11730,8.598148351964323e-138,0,,175,100
1094,10940,11740,5.34731051123521e-139,0,,174,100
1095,10950,11750,4.581424522838727e-158,0,,173,100
1096,10960,11760,2.7591052247102435e-145,0,,172,100
1097,10970,11770,4.0086825223516635e-150,0,,170,100
1098,10980,11780,3.0907714037204337e-161,0,,172,100
1099,10990,11790,4.7217733482072396e-148,0,,172,100
1100,11000,11800,8.397424338584022e-151,0,,170,100
1101,11010,11810,4.336371411216504e-145,0,,173,100
1102,11020,11820,1.9482654645256995e-142,0,,172,100
1103,11030,11830,5.587434961853296e-135,0,,172,100
1104,11040,11840,1.9877302480113288e-133,0,,171,100
1105,11050,11850,1.1835468165862926e-31,0,,171,100
1106,11060,11860,3.751122161190777e-65,0,,170,100
1107,11070,11870,3.102807100016415e-197,0,,169,100
1108,11080,11880,2.2990168857604872e-50,0,,168,100
1109,11090,11890,5.1603409402975384e-52,0,,169,100
1110,11100,11900,6.498507550594147e-37,0,,166,100
1111,11110,11910,2.257297360880025e-29,0,,167,100
1112,11120,11920,5.370339279244249e-181,0,,166,100
1113,11130,11930,2.386816948824007e-174,0,,166,100
1114,11140,11940,5.416579317312124e-63,0,,167,100
1115,11150,11950,3.896096057083436e-150,0,,167,100
1116,11160,11960,2.8465191851254838e-58,0,,167,100
1117,11170,11970,1.1868448379647968e-168,0,,168,100
1118,11180,11980,1.4857153757885334e-169,0,,166,100
1119,11190,11990,1.1395284440269562e-168,0,,167,100
1120,11200,12000,1.129028044060469e-155,0,,168,100
1121,11210,12010,1.5327646371644273e-157,0,,171,100
1122,11220,12020,1.994834914849482e-48,0,,171,100
1123,11230,12030,5.503191402400596e-51,0,,168,100
1124,11240,12040,1.7792061021460454e-76,0,,169,100
1125,11250,12050,2.459093521797987e-58,0,,168,100
1126,11260,12060,2.8078666106430467e-59,0,,170,100
1127,11270,12070,4.485220872242093e-42,0,,171,100
1128,11280,12080,5.581503123389894e-133,0,,171,100
1129,11290,12090,1.4471620701973599e-108,0,,171,100
1130,11300,12100,3.9028573117952926e-86,0,,168,100
1131,11310,12110,4.144103323753173e-68,0,,169,100
1132,11320,12120,1.9770000539810964e-70,0,,170,100
1133,11330,12130,2.037031592207605e-57,0,,171,100
1134,11340,12140,7.1096454110739765e-93,0,,169,100
1135,11350,12150,5.5130749752252524e-92,0,,169,100
1136,11360,12160,2.2278479772661447e-69,0,,171,100
1137,11370,12170,1.012545975526099e-143,0,,170,100
1138,11380,12180,3.989144814628909e-62,0,,167,100
1139,11390,12190,8.481233437526437e-159,0,,167,100
1140,11400,12200,6.948624384879824e-76,0,,168,100
1141,11410,12210,8.720357562966143e-64,0,,169,100
1142,11420,12220,1.0859049395139914e-58,0,,168,100
1143,11430,12230,4.329529200293157e-110,0,,169,100
1144,11440,12240,8.133015253931088e-79,0,,166,100
1145,11450,12250,2.2281435443373752e-107,0,,165,100
1146,11460,12260,4.314179942933097e-86,0,,165,100
1147,11470,12270,1.9581412628717607e-106,0,,165,100
1148,11480,12280,1.5429144881526203e-81,0,,167,100
1149,11490,12290,8.452396147805886e-86,0,,168,100
1150,11500,12300,4.550616812122081e-134,0,,169,100
1151,11510,12310,5.769488914040035e-149,0,,169,100
1152,11520,12320,1.2682906835012316e-133,0,,167,100
1153,11530,12330,4.8437492907223244e-121,0,,167,100
1154,11540,12340,1.56850248191662e-117,0,,168,100
1155,11550,12350,9.434611066621943e-126,0,,167,100
1156,11560,12360,9.290565354808074e-131,0,,167,100
1157,11570,12370,1.4158648942221555e-127,0,,167,100
1158,11580,12380,1.6125821361533367e-102,0,,166,100
1159,11590,12390,5.795482208587601e-128,0,,163,100
1160,11600,12400,7.784068922933733e-123,0,,165,100
1161,11610,12410,1.288430306280942e-109,0,,164,100
1162,11620,12420,6.48968333817617e-109,0,,166,100
1163,11630,12430,1.2523715061299926e-108,0,,164,100
1164,11640,12440,1.1843586649848607e-59,0,,164,100
1165,11650,12450,9.819411457123815e-47,0,,163,100
1166,11660,12460,2.5918986042871164e-114,0,,164,100
1167,11670,12470,1.7919467194569352e-48,0,,168,100
1168,11680,12480,9.453958603562666e-67,0,,168,100
1169,11690,12490,6.483651906078068e-111,0,,168,100
1170,11700,12500,1.1873516468772538e-58,0,,168,100
1171,11710,12510,9.901363714959316e-106,0,,167,100
1172,11720,12520,7.240115353844245e-117,0,,167,100
1173,11730,12530,4.702853425682921e-110,0,,167,100
1174,11740,12540,8.385118592347766e-84,0,,168,100
1175,11750,12550,5.674342433257141e-56,0,,169,100
1176,11760,12560,1.513674453223341e-60,0,,169,100
1177,11770,12570,1.225184863948448e-53,0,,171,100
1178,11780,12580,3.4389201984858054e-77,0,,169,100
1179,11790,12590,4.829979911590968e-71,0,,170,100
1180,11800,12600,9.612040498478783e-40,0,,171,100
1181,11810,12610,1.1886826541612834e-46,0,,173,100
1182,11820,12620,7.73139232949413e-65,0,,173,100
1183,11830,12630,7.254368443795174e-47,0,,175,100
1184,11840,12640,3.408708816474879e-34,0,,174,100
1185,11850,12650,1.3121082284526911e-78,0,,174,100
1186,11860,12660,1.069295777175085e-65,0,,174,100
1187,11870,12670,3.200810138180194e-24,0,,176,100
1188,11880,12680,1.3890947446840533e-42,0,,177,100
1189,11890,12690,2.3567019509490774e-42,0,,177,100
1190,11900,12700,5.252095826925893e-57,0,,176,100
1191,11910,12710,2.0664134364977695e-30,0,,175,100
1192,11920,12720,6.523835223179183e-52,0,,174,100
1193,11930,12730,3.4067602321353345e-53,0,,174,100
1194,11940,12740,4.2946854398552694e-44,0,,175,100
1195,11950,12750,4.4869103942124727e-42,0,,176,100
1196,11960,12760,3.180563307613581e-52,0,,176,100
1197,11970,12770,9.050094308948419e-58,0,,175,100
1198,11980,12780,1.2898728754179297e-47,0,,175,100
1199,11990,12790,1.6913038081235958e-33,0,,175,100
1200,12000,12800,2.2584490100957277e-47,0,,174,100
1201,12010,12810,1.1964707322898875e-65,0,,173,100
1202,12020,12820,9.888055219619854e-41,0,,173,100
1203,12030,12830,4.2620058916926475e-48,0,,173,100
1204,12040,12840,8.13906946232558e-37,0,,171,100
1205,12050,12850,4.410924773560727e-47,0,,172,100
1206,12060,12860,1.0576263428613999e-87,0,,171,100
1207,12070,12870,2.9893156311024476e-65,0,,173,100
1208,12080,12880,1.2929588123096364e-59,0,,173,100
1209,12090,12890,1.579780486738105e-59,0,,172,100
1210,12100,12900,3.5880083219712934e-62,0,,171,100
1211,12110,12910,8.389267522563015e-53,0,,171,100
1212,12120,12920,2.168913289994585e-52,0,,171,100
1213,12130,12930,1.745246350964281e-137,0,,170,100
1214,12140,12940,4.734603175887235e-84,0,,174,100
1215,12150,12950,7.629990981687646e-95,0,,173,100
1216,12160,12960,1.0076714611217799e-67,0,,173,100
1217,12170,12970,1.2741251430374058e-72,0,,175,100
1218,12180,12980,9.380123287178147e-61,0,,175,100
1219,12190,12990,4.4504431592516295e-58,0,,176,100
1220,12200,13000,1.4310098189189658e-46,0,,176,100
1221,12210,13010,1.2344861122724287e-56,0,,177,100
1222,12220,13020,3.7932445933160835e-42,0,,179,100
1223,12230,13030,5.092447102052725e-55,0,,178,100
1224,12240,13040,4.370827482064995e-46,0,,178,100
1225,12250,13050,6.016172254437773e-47,0,,178,100
1226,12260,13060,8.602856286771032e-42,0,,177,100
1227,12270,13070,1.582470383119051e-36,0,,174,100
1228,12280,13080,1.499027129961689e-27,0,,175,100
1229,12290,13090,1.4804652736512896e-57,0,,175,100
1230,12300,13100,6.4245172077626846e-46,0,,176,100
1231,12310,13110,3.124926032994769e-46,0,,174,100
1232,12320,13120,4.201511716394544e-37,0,,176,100
1233,12330,13130,4.007309754485357e-51,0,,172,100
1234,12340,13140,6.946159898809591e-41,0,,172,100
1235,12350,13150,3.9072953342158666e-44,0,,172,100
1236,12360,13160,1.5141902733003297e-38,0,,172,100
1237,12370,13170,3.091424247808195e-72,0,,173,100
1238,12380,13180,2.1491929925466467e-39,0,,174,100
1239,12390,13190,1.4302501488009788e-66,0,,174,100
1240,12400,13200,2.6205981566619514e-42,0,,173,100
1241,12410,13210,4.2899946159074386e-46,0,,174,100
1242,12420,13220,1.8464574628321396e-69,0,,173,100
1243,12430,13230,2.376014172342868e-66,0,,173,100
1244,12440,13240,1.6191000361642806e-67,0,,174,100
1245,12450,13250,1.809083019170669e-40,0,,173,100
1246,12460,13260,8.445342820959005e-97,0,,172,100
1247,12470,13270,3.4047715216667086e-30,0,,169,100
1248,12480,13280,3.3107815011244176e-81,0,,171,100
1249,12490,13290,1.627498718475721e-26,0,,173,100
1250,12500,13300,2.8699505428570013e-35,0,,172,100
1251,12510,13310,1.7278150123991207e-116,0,,172,100
1252,12520,13320,3.876561981360557e-40,0,,174,100
1253,12530,13330,8.804123741425803e-80,0,,173,100
1254,12540,13340,7.546717398004146e-56,0,,172,100
1255,12550,13350,8.07682076259251e-58,0,,171,100
1256,12560,13360,4.671621875924881e-38,0,,175,100
1257,12570,13370,7.565897524997125e-42,0,,175,100
1258,12580,13380,1.892793762790655e-18,0,,174,100
1259,12590,13390,4.9922050407084245e-18,0,,173,100
1260,12600,13400,1.8068321916616267e-95,0,,172,100
1261,12610,13410,1.2967134454832895e-75,0,,172,100
1262,12620,13420,2.5583340304089317e-32,0,,173,100
1263,12630,13430,2.494809800436109e-82,0,,175,100
1264,12640,13440,1.4019748061251206e-72,0,,175,100
1265,12650,13450,5.25156129776962e-110,0,,176,100
1266,12660,13460,1.314102951747247e-118,0,,175,100
1267,12670,13470,1.0786790214019697e-23,0,,174,100
1268,12680,13480,9.514455503191887e-125,0,,171,100
1269,12690,13490,1.1349157463984373e-105,0,,174,100
1270,12700,13500,1.1238770482009666e-118,0,,174,100
1271,12710,13510,3.94879354683213e-26,0,,175,100
1272,12720,13520,4.776223439812732e-128,0,,174,100
1273,12730,13530,2.5484233720456968e-43,0,,174,100
1274,12740,13540,2.2490682532809636e-125,0,,173,100
1275,12750,13550,3.7230497424870605e-123,0,,175,100
1276,12760,13560,5.0672249809002355e-34,0,,175,100
1277,12770,13570,4.026612386049474e-34,0,,176,100
1278,12780,13580,2.2107973703758357e-33,0,,175,100
1279,12790,13590,1.1761232017757231e-36,0,,175,100
1280,12800,13600,5.787683385726594e-103,0,,177,100
1281,12810,13610,1.5402555353185747e-42,0,,176,100
1282,12820,13620,2.941447503712428e-53,0,,177,100
1283,12830,13630,5.372005533515498e-111,0,,178,100
1284,12840,13640,2.7476818319424668e-101,0,,178,100
1285,12850,13650,1.8140312982085013e-124,0,,177,100
1286,12860,13660,5.552230120902499e-51,0,,178,100
1287,12870,13670,2.6770657829640127e-76,0,,178,100
1288,12880,13680,1.1362055599506851e-71,0,,179,100
1289,12890,13690,1.308344137119929e-131,0,,180,100
1290,12900,13700,2.7935044206289417e-78,0,,179,100
1291,12910,13710,6.550925108114703e-75,0,,180,100
1292,12920,13720,2.410261465150291e-135,0,,179,100
1293,12930,13730,1.6096412401051284e-132,0,,179,100
1294,12940,13740,4.252604598030332e-111,0,,177,100
1295,12950,13750,2.9136765258731755e-100,0,,178,100
1296,12960,13760,3.4547097681471e-87,0,,178,100
1297,12970,13770,1.0809694671949995e-92,0,,178,100
1298,12980,13780,1.1311724030227033e-70,0,,177,100
1299,12990,13790,6.397939089266074e-64,0,,176,100
1300,13000,13800,1.138200816925498e-49,0,,178,100
1301,13010,13810,8.367376790158157e-44,0,,177,100
1302,13020,13820,9.095076119582521e-32,0,,176,100
1303,13030,13830,8.802541795278574e-73,0,,176,100
1304,13040,13840,3.0920160119518894e-33,0,,177,100
1305,13050,13850,2.2381912916354467e-70,0,,176,100
1306,13060,13860,4.012589147569523e-64,0,,176,100
1307,13070,13870,1.3943450128536383e-23,0,,180,100
1308,13080,13880,1.2203711523986061e-76,0,,178,100
1309,13090,13890,2.6482492561326015e-39,0,,180,100
1310,13100,13900,2.1916834439972525e-44,0,,181,100
1311,13110,13910,8.488979119142624e-62,0,,184,100
1312,13120,13920,8.818961371533103e-71,0,,185,100
1313,13130,13930,4.867351288422865e-68,0,,185,100
1314,13140,13940,3.7370005957778166e-39,0,,187,100
1315,13150,13950,1.4555540144889639e-71,0,,186,100
1316,13160,13960,4.09150205969026e-33,0,,185,100
1317,13170,13970,8.542746996716598e-65,0,,186,100
1318,13180,13980,2.5716319747210164e-56,0,,187,100
1319,13190,13990,5.488612321331107e-64,0,,185,100
1320,13200,14000,1.3015514814525399e-49,0,,187,100
1321,13210,14010,6.865093105664439e-53,0,,187,100
1322,13220,14020,3.5624336285216294e-60,0,,186,100
1323,13230,14030,6.14748326641823e-45,0,,189,100
1324,13240,14040,1.6562840381751145e-65,0,,187,100
1325,13250,14050,9.306067910663681e-42,0,,187,100
1326,13260,14060,1.31187833856888e-42,0,,187,100
1327,13270,14070,3.1685136837941445e-33,0,,189,100
1328,13280,14080,5.5005558509248614e-39,0,,189,100
1329,13290,14090,1.5889533967308448e-34,0,,188,100
1330,13300,14100,2.2435013745038292e-32,0,,190,100
1331,13310,14110,5.586265596232335e-27,0,,188,100
1332,13320,14120,5.20531599249577e-60,0,,187,100
1333,13330,14130,2.7552606665797594e-58,0,,186,100
1334,13340,14140,1.4690093286696141e-68,0,,187,100
1335,13350,14150,2.2088405991159025e-33,0,,188,100
1336,13360,14160,3.8772701099000406e-50,0,,187,100
1337,13370,14170,3.5292777784529643e-59,0,,187,100
1338,13380,14180,3.4248202978817705e-38,0,,188,100
1339,13390,14190,6.353547506517204e-48,0,,189,100
1340,13400,14200,2.158956608062281e-26,0,,189,100
1341,13410,14210,6.370926420367511e-36,0,,190,100
1342,13420,14220,6.420594617747254e-36,0,,189,100
1343,13430,14230,2.8357014640636544e-70,0,,185,100
1344,13440,14240,7.868460661092767e-69,0,,184,100
1345,13450,14250,7.389817591175333e-59,0,,186,100
1346,13460,14260,6.410721419063328e-60,0,,186,100
1347,13470,14270,1.9192436347570467e-59,0,,185,100
1348,13480,14280,7.004511926511128e-57,0,,186,100
1349,13490,14290,1.1944565783813073e-74,0,,187,100
1350,13500,14300,1.0525985193214814e-96,0,,185,100
1351,13510,14310,1.7754623646594644e-128,0,,184,100
1352,13520,14320,1.6929060591029532e-59,0,,186,100
1353,13530,14330,3.022780871371018e-57,0,,187,100
1354,13540,14340,1.7691177173230676e-49,0,,185,100
1355,13550,14350,1.6523716704182874e-58,0,,184,100
1356,13560,14360,1.222697526603427e-41,0,,187,100
1357,13570,14370,4.942457157076632e-64,0,,189,100
1358,13580,14380,5.270676590593442e-119,0,,188,100
1359,13590,14390,4.559857804066979e-32,0,,189,100
1360,13600,14400,1.516621126648144e-36,0,,188,100
1361,13610,14410,1.0513433319898862e-58,0,,186,100
1362,13620,14420,7.267488146236626e-19,0,,185,100
1363,13630,14430,1.1165524859618715e-16,0,,187,100
1364,13640,14440,1.8787348044655574e-51,0,,189,100
1365,13650,14450,5.533939404264597e-60,0,,189,100
1366,13660,14460,3.311670463015381e-48,0,,190,100
1367,13670,14470,4.7289865721440175e-62,0,,187,100
1368,13680,14480,3.3975042557839264e-75,0,,186,100
1369,13690,14490,7.135303492497936e-54,0,,187,100
1370,13700,14500,2.7603155047968265e-29,0,,187,100
1371,13710,14510,2.7764176800991687e-39,0,,187,100
1372,13720,14520,1.2842720153110977e-49,0,,188,100
1373,13730,14530,1.810158697239907e-35,0,,189,100
1374,13740,14540,3.9883158909032486e-47,0,,188,100
1375,13750,14550,1.9531169310031208e-23,0,,187,100
1376,13760,14560,1.219068440005876e-35,0,,187,100
1377,13770,14570,9.084896870209628e-32,0,,188,100
1378,13780,14580,1.957014450423281e-56,0,,190,100
1379,13790,14590,1.2708519771162946e-93,0,,191,100
1380,13800,14600,5.968212149398037e-117,0,,190,100
1381,13810,14610,1.8388096674320266e-12,0,,190,100
1382,13820,14620,2.331589208814312e-09,0,,191,100
1383,13830,14630,3.3674574887906015e-21,0,,192,100
1384,13840,14640,3.4983104085416385e-116,0,,193,100
1385,13850,14650,1.536707733131595e-83,0,,191,100
1386,13860,14660,5.439102805106199e-75,0,,194,100
1387,13870,14670,3.70669964628982e-20,0,,190,100
1388,13880,14680,1.3882800092793995e-09,0,,191,100
1389,13890,14690,1.1159364816801653e-22,0,,194,100
1390,13900,14700,1.771131895721123e-20,0,,191,100
1391,13910,14710,6.499034880009036e-111,0,,190,100
1392,13920,14720,3.125141853636086e-90,0,,191,100
1393,13930,14730,9.666250973174505e-21,0,,190,100
1394,13940,14740,3.896573175652749e-15,0,,188,100
1395,13950,14750,3.065337916787187e-17,0,,188,100
1396,13960,14760,2.8867116343918387e-119,0,,188,100
1397,13970,14770,2.94000939559803e-52,0,,189,100
1398,13980,14780,7.135071521971366e-71,0,,189,100
1399,13990,14790,3.174744978369279e-60,0,,189,100
1400,14000,14800,4.202836303311359e-42,0,,188,100
1401,14010,14810,2.5124503645119794e-48,0,,188,100
1402,14020,14820,8.558650375125798e-73,0,,187,100
1403,14030,14830,2.2023836503122946e-91,0,,186,100
1404,14040,14840,4.197481077468255e-37,0,,188,100
1405,14050,14850,1.3606480052923693e-124,0,,187,100
1406,14060,14860,1.208426753725723e-44,0,,187,100
1407,14070,14870,2.802714061006904e-33,0,,185,100
1408,14080,14880,1.972594367340442e-37,0,,185,100
1409,14090,14890,2.591480868328349e-79,0,,187,100
1410,14100,14900,1.424719696067801e-44,0,,186,100
1411,14110,14910,1.444045815126827e-90,0,,185,100
1412,14120,14920,1.1908974291989195e-90,0,,188,100
1413,14130,14930,3.077915580768943e-18,0,,189,100
1414,14140,14940,1.054410601967112e-25,0,,188,100
1415,14150,14950,1.5741618480892163e-76,0,,186,100
1416,14160,14960,1.3603614707787938e-38,0,,186,100
1417,14170,14970,1.3660045692477313e-63,0,,186,100
1418,14180,14980,3.1302759317356206e-61,0,,187,100
1419,14190,14990,1.951740357955334e-48,0,,186,100
1420,14200,15000,1.5426351803259196e-59,0,,187,100
1421,14210,15010,2.798302153886134e-53,0,,185,100
1422,14220,15020,1.3521272485781472e-67,0,,185,100
1423,14230,15030,3.0071513012040707e-55,0,,187,100
1424,14240,15040,7.3408160512782735e-47,0,,189,100
1425,14250,15050,7.350243554542396e-34,0,,189,100
1426,14260,15060,7.995176229000411e-21,0,,190,100
1427,14270,15070,1.0968682792876495e-21,0,,190,100
1428,14280,15080,5.678923111840834e-59,0,,190,100
1429,14290,15090,1.383700614071011e-41,0,,188,100
1430,14300,15100,2.143009567265007e-30,0,,187,100
1431,14310,15110,9.926590994586975e-48,0,,189,100
1432,14320,15120,3.1269417424188104e-46,0,,187,100
1433,14330,15130,9.479176017901045e-53,0,,190,100
1434,14340,15140,8.383583124184208e-51,0,,190,100
1435,14350,15150,1.822415883190776e-44,0,,188,100
1436,14360,15160,2.01424588623346e-61,0,,184,100
1437,14370,15170,5.482426152806038e-39,0,,187,100
1438,14380,15180,9.117186391318735e-25,0,,188,100
1439,14390,15190,2.4405480256222668e-67,0,,188,100
1440,14400,15200,9.980918720609052e-18,0,,187,100
1441,14410,15210,2.9739978425164195e-17,0,,187,100
1442,14420,15220,2.5940538986696517e-16,0,,187,100
1443,14430,15230,1.5244490293389664e-31,0,,186,100
1444,14440,15240,1.3613331495866133e-66,0,,185,100
1445,14450,15250,3.293207188254034e-65,0,,186,100
1446,14460,15260,3.365065953642043e-91,0,,186,100
1447,14470,15270,3.6280167501771717e-29,0,,188,100
1448,14480,15280,3.2197863521959355e-29,0,,191,100
1449,14490,15290,1.5414109090643948e-70,0,,187,100
1450,14500,15300,4.6222662501267756e-26,0,,188,100
1451,14510,15310,9.510457559732178e-69,0,,187,100
1452,14520,15320,8.354032139351717e-81,0,,191,100
1453,14530,15330,8.222911620052576e-59,0,,189,100
1454,14540,15340,2.200327494016657e-20,0,,190,100
1455,14550,15350,4.69005976878517e-22,0,,189,100
1456,14560,15360,9.619088369303527e-84,0,,187,100
1457,14570,15370,1.0698243133113357e-81,0,,185,100
1458,14580,15380,2.571413519661578e-16,0,,184,100
1459,14590,15390,1.015165686452662e-30,0,,185,100
1460,14600,15400,1.5603100282818551e-77,0,,185,100
1461,14610,15410,2.0124559634496996e-82,0,,185,100
1462,14620,15420,1.5549914280786654e-81,0,,183,100
1463,14630,15430,5.3726289962511816e-61,0,,182,100
1464,14640,15440,1.940148167640692e-35,0,,181,100
1465,14650,15450,2.2463793046456174e-29,0,,181,100
1466,14660,15460,5.852814877485874e-58,0,,182,100
1467,14670,15470,2.2720954628869765e-34,0,,185,100
1468,14680,15480,7.481279611511853e-81,0,,183,100
1469,14690,15490,1.0625338603471645e-52,0,,182,100
1470,14700,15500,2.006698741685285e-78,0,,182,100
1471,14710,15510,1.3857304748973455e-58,0,,181,100
1472,14720,15520,4.017517767046886e-38,0,,180,100
1473,14730,15530,4.862560560472822e-69,0,,182,100
1474,14740,15540,6.888019042264e-83,0,,183,100
1475,14750,15550,1.0390195000454613e-86,0,,182,100
1476,14760,15560,1.524649753993197e-57,0,,182,100
1477,14770,15570,1.893975101221355e-79,0,,180,100
1478,14780,15580,1.4305771807840852e-73,0,,179,100
1479,14790,15590,5.809398005958803e-72,0,,179,100
1480,14800,15600,7.019177315753995e-77,0,,181,100
1481,14810,15610,1.3347357771342393e-44,0,,182,100
1482,14820,15620,5.697148206093905e-47,0,,181,100
1483,14830,15630,4.702377488058947e-36,0,,178,100
1484,14840,15640,3.5593655885138757e-103,0,,179,100
1485,14850,15650,5.146918324641099e-45,0,,179,100
1486,14860,15660,4.7148281633691995e-113,0,,178,100
1487,14870,15670,1.8918422181256871e-152,0,,179,100
1488,14880,15680,3.4267346281584304e-123,0,,179,100
1489,14890,15690,8.045053285575555e-162,0,,179,100
1490,14900,15700,3.25074456456864e-216,0,,180,100
1491,14910,15710,2.5859766014090147e-45,0,,179,100
1492,14920,15720,5.134923526871262e-147,0,,177,100
1493,14930,15730,2.8637547630502776e-43,0,,177,100
1494,14940,15740,1.0057681124331737e-42,0,,177,100
1495,14950,15750,6.000567967098498e-34,0,,178,100
1496,14960,15760,1.0944717333222869e-138,0,,179,100
1497,14970,15770,4.084444729400645e-117,0,,178,100
1498,14980,15780,2.482286457538101e-72,0,,179,100
1499,14990,15790,1.233511984159663e-49,0,,180,100
1500,15000,15800,5.627444963190181e-84,0,,182,100
1501,15010,15810,4.680497705321986e-79,0,,184,100
1502,15020,15820,1.4270210414265174e-72,0,,184,100
1503,15030,15830,2.8613487194589557e-49,0,,181,100
1504,15040,15840,2.70121391046652e-101,0,,180,100
1505,15050,15850,7.795406573489125e-90,0,,176,100
1506,15060,15860,4.10818240579438e-45,0,,177,100
1507,15070,15870,1.1104807144138055e-74,0,,177,100
1508,15080,15880,1.3198910436730042e-52,0,,178,100
1509,15090,15890,6.393230010887904e-82,0,,179,100
1510,15100,15900,4.926541692188661e-69,0,,179,100
1511,15110,15910,3.290550538531277e-82,0,,179,100
1512,15120,15920,3.5188816583518465e-69,0,,180,100
1513,15130,15930,5.732518044463656e-92,0,,180,100
1514,15140,15940,2.572176016863179e-71,0,,182,100
1515,15150,15950,3.108921685037575e-63,0,,183,100
1516,15160,15960,1.1478837148155627e-114,0,,182,100
1517,15170,15970,2.3317465464532126e-94,0,,182,100
1518,15180,15980,2.76916082560329e-72,0,,181,100
1519,15190,15990,1.7403764481213134e-74,0,,181,100
1520,15200,16000,6.794152812131097e-48,0,,185,100
1521,15210,16010,6.2792278671714775e-80,0,,185,100
1522,15220,16020,4.3624474138512504e-39,0,,186,100
1523,15230,16030,8.621855180386784e-87,0,,187,100
1524,15240,16040,3.814469724992402e-95,0,,184,100
1525,15250,16050,9.936724820270445e-104,0,,183,100
1526,15260,16060,7.707155560280983e-134,0,,182,100
1527,15270,16070,1.974076453558979e-137,0,,184,100
1528,15280,16080,7.38124723943672e-117,0,,184,100
1529,15290,16090,4.5283192063642564e-126,0,,184,100
1530,15300,16100,4.289188718092046e-141,0,,184,100
1531,15310,16110,2.3592345881781498e-43,0,,181,100
1532,15320,16120,3.46368447188503e-57,0,,177,100
1533,15330,16130,4.261899793606905e-62,0,,179,100
1534,15340,16140,4.7069000198014687e-57,0,,181,100
1535,15350,16150,8.831549841280133e-86,0,,181,100
1536,15360,16160,1.7368311407482823e-50,0,,181,100
1537,15370,16170,4.793118479057461e-170,0,,182,100
1538,15380,16180,6.595236293717891e-54,0,,183,100
1539,15390,16190,1.3463277485139474e-66,0,,182,100
1540,15400,16200,9.748842909199362e-54,0,,181,100
1541,15410,16210,1.2582650399733008e-60,0,,183,100
1542,15420,16220,2.971396599130864e-115,0,,184,100
1543,15430,16230,4.260699394542568e-95,0,,185,100
1544,15440,16240,5.914871338744254e-88,0,,185,100
1545,15450,16250,1.333118040657031e-94,0,,182,100
1546,15460,16260,4.0213072109677545e-103,0,,181,100
1547,15470,16270,9.541025136402949e-207,0,,180,100
1548,15480,16280,5.775406608113896e-125,0,,181,100
1549,15490,16290,8.542428529589375e-78,0,,182,100
1550,15500,16300,1.7223660212805038e-88,0,,180,100
1551,15510,16310,1.1942357602106003e-77,0,,181,100
1552,15520,16320,4.7458992767636816e-76,0,,182,100
1553,15530,16330,2.4131601563916622e-117,0,,181,100
1554,15540,16340,5.397796996951433e-58,0,,179,100
1555,15550,16350,1.8043145586392132e-110,0,,180,100
1556,15560,16360,1.0449165608635072e-103,0,,181,100
1557,15570,16370,4.746129831690032e-80,0,,182,100
1558,15580,16380,4.871916108045583e-81,0,,186,100
1559,15590,16390,4.1994186093414686e-48,0,,185,100
1560,15600,16400,2.795110719810257e-125,0,,184,100
1561,15610,16410,1.308852812104919e-70,0,,184,100
1562,15620,16420,7.276063410966125e-101,0,,187,100
1563,15630,16430,2.926352452071595e-60,0,,186,100
1564,15640,16440,1.1156624776426828e-67,0,,185,100
1565,15650,16450,3.078870782532236e-119,0,,186,100
1566,15660,16460,6.344269900359471e-116,0,,188,100
1567,15670,16470,3.0498903429770797e-44,0,,187,100
1568,15680,16480,7.170561409234828e-27,0,,187,100
1569,15690,16490,2.100686010439088e-115,0,,188,100
1570,15700,16500,7.789683247798318e-126,0,,187,100
1571,15710,16510,8.59398989191039e-44,0,,189,100
1572,15720,16520,5.68596140182016e-109,0,,189,100
1573,15730,16530,1.6517705635898353e-122,0,,189,100
1574,15740,16540,4.393899875909375e-36,0,,188,100
1575,15750,16550,2.2268812856420793e-118,0,,189,100
1576,15760,16560,4.7541502543511625e-37,0,,188,100
1577,15770,16570,1.0709399845631255e-29,0,,188,100
1578,15780,16580,2.384351549904677e-134,0,,188,100
1579,15790,16590,1.6819343092503873e-82,0,,187,100
1580,15800,16600,4.015990138608612e-41,0,,187,100
1581,15810,16610,1.9029640991415017e-26,0,,188,100
1582,15820,16620,6.491572281660253e-57,0,,188,100
1583,15830,16630,7.06674803810558e-102,0,,189,100
1584,15840,16640,2.9865256972797554e-89,0,,191,100
1585,15850,16650,2.1979691931507753e-28,0,,192,100
1586,15860,16660,3.792553902933169e-103,0,,190,100
1587,15870,16670,4.7576043049925526e-43,0,,192,100
1588,15880,16680,6.746347419649114e-72,0,,190,100
1589,15890,16690,7.517567292115387e-118,0,,189,100
1590,15900,16700,2.099720032911464e-84,0,,189,100
1591,15910,16710,3.2197100327380706e-44,0,,187,100
1592,15920,16720,7.247027858848407e-41,0,,188,100
1593,15930,16730,1.8092874156196816e-33,0,,187,100
1594,15940,16740,5.800912207949322e-61,0,,190,100
1595,15950,16750,4.659004068074963e-90,0,,188,100
1596,15960,16760,9.91269118885564e-69,0,,188,100
1597,15970,16770,4.526356895195922e-81,0,,187,100
1598,15980,16780,3.567562986543362e-32,0,,186,100
1599,15990,16790,4.433290132711946e-69,0,,186,100
1600,16000,16800,9.638943472480708e-122,0,,184,100
1601,16010,16810,2.46065293134929e-114,0,,185,100
1602,16020,16820,1.401637523452573e-37,0,,183,100
1603,16030,16830,1.0181497567067869e-26,0,,183,100
1604,16040,16840,7.31625569284516e-106,0,,185,100
1605,16050,16850,4.359888092628946e-25,0,,185,100
1606,16060,16860,1.8886737571488254e-30,0,,185,100
1607,16070,16870,4.568330201356364e-46,0,,183,100
1608,16080,16880,2.092584732837493e-87,0,,183,100
1609,16090,16890,1.1598409760651192e-20,0,,184,100
1610,16100,16900,4.448325521542824e-27,0,,183,100
1611,16110,16910,2.509001190260525e-78,0,,186,100
1612,16120,16920,1.0147104476170099e-27,0,,188,100
1613,16130,16930,1.5560365729734233e-70,0,,186,100
1614,16140,16940,1.1909655015368339e-55,0,,184,100
1615,16150,16950,2.9189054648659944e-69,0,,184,100
1616,16160,16960,1.3608749330823852e-55,0,,184,100
1617,16170,16970,2.1651272861023285e-49,0,,184,100
1618,16180,16980,1.1993550809841288e-08,0,,183,100
1619,16190,16990,2.336763002652695e-46,0,,184,100
1620,16200,17000,4.479767124035871e-33,0,,181,100
1621,16210,17010,6.960457291196277e-83,0,,180,100
1622,16220,17020,2.301428241756994e-75,0,,180,100
1623,16230,17030,1.431255115339274e-83,0,,183,100
1624,16240,17040,4.1704295106749936e-42,0,,182,100
1625,16250,17050,2.4418012160533445e-76,0,,183,100
1626,16260,17060,2.111561745845326e-109,0,,183,100
1627,16270,17070,3.064270462881682e-28,0,,184,100
1628,16280,17080,7.111691214900094e-18,0,,183,100
1629,16290,17090,9.13556098319044e-73,0,,185,100
1630,16300,17100,3.044639997414665e-73,0,,186,100
1631,16310,17110,1.7210213989903205e-42,0,,185,100
1632,16320,17120,1.0039477621904171e-17,0,,185,100
1633,16330,17130,3.4838675322933612e-56,0,,187,100
1634,16340,17140,6.389457901392517e-48,0,,186,100
1635,16350,17150,1.4596386500242286e-50,0,,186,100
1636,16360,17160,2.8418104927773546e-61,0,,186,100
1637,16370,17170,1.201997001911968e-49,0,,185,100
1638,16380,17180,2.895812465597289e-32,0,,182,100
1639,16390,17190,2.2783270220509427e-81,0,,181,100
1640,16400,17200,4.857287587600006e-84,0,,184,100
1641,16410,17210,5.176526398073587e-36,0,,182,100
1642,16420,17220,1.8493006784090053e-90,0,,181,100
1643,16430,17230,2.804321446764474e-129,0,,182,100
1644,16440,17240,5.460112364314475e-94,0,,181,100
1645,16450,17250,3.159225961599251e-60,0,,180,100
1646,16460,17260,1.6249420069773671e-35,0,,179,100
1647,16470,17270,4.9295083983770545e-79,0,,179,100
1648,16480,17280,2.2364469492827196e-61,0,,181,100
1649,16490,17290,1.397306466182273e-26,0,,181,100
1650,16500,17300,5.518037814743811e-60,0,,179,100
1651,16510,17310,2.002301759273182e-23,0,,179,100
1652,16520,17320,5.144183331050635e-73,0,,179,100
1653,16530,17330,2.3170159694856062e-23,0,,180,100
1654,16540,17340,4.1951610271616564e-64,0,,181,100
1655,16550,17350,1.852210965816804e-42,0,,182,100
1656,16560,17360,1.019486399439383e-15,0,,180,100
1657,16570,17370,1.2150582618768034e-14,0,,181,100
1658,16580,17380,7.547191996179584e-18,0,,181,100
1659,16590,17390,2.443431939872263e-13,0,,180,100
1660,16600,17400,4.223147282701859e-49,0,,181,100
1661,16610,17410,3.7238073923686216e-64,0,,178,100
1662,16620,17420,1.723285452518392e-18,0,,177,100
1663,16630,17430,1.296212018810567e-54,0,,175,100
1664,16640,17440,4.647612631368168e-52,0,,176,100
1665,16650,17450,5.566124106187183e-69,0,,175,100
1666,16660,17460,4.405158270015265e-23,0,,176,100
1667,16670,17470,1.761410070838181e-09,0,,173,100
1668,16680,17480,2.044628545678504e-48,0,,175,100
1669,16690,17490,0.0005293358938000466,0,,175,100
1670,16700,17500,2.777270984670532e-09,0,,174,100
1671,16710,17510,1.5139135517657917e-33,0,,174,100
1672,16720,17520,9.150777932123505e-46,0,,173,100
1673,16730,17530,4.796047306483675e-40,0,,171,100
1674,16740,17540,1.246747371161325e-47,0,,171,100
1675,16750,17550,3.3638909224793954e-23,0,,171,100
1676,16760,17560,2.4940311039155433e-46,0,,172,100
1677,16770,17570,3.0413838804584484e-42,0,,171,100
1678,16780,17580,1.6537095075610504e-75,0,,170,100
1679,16790,17590,1.2597260061556101e-26,0,,167,100
1680,16800,17600,8.813986966092935e-65,0,,168,100
1681,16810,17610,1.6782993166041362e-56,0,,167,100
1682,16820,17620,9.742077723497518e-51,0,,168,100
1683,16830,17630,1.693285509457072e-58,0,,167,100
1684,16840,17640,7.555320068706344e-48,0,,169,100
1685,16850,17650,5.603788915839495e-71,0,,168,100
1686,16860,17660,3.863405397802637e-72,0,,169,100
1687,16870,17670,7.573510413632801e-37,0,,167,100
1688,16880,17680,8.715248055390992e-74,0,,168,100
1689,16890,17690,1.9489216416043174e-85,0,,169,100
1690,16900,17700,1.0950633315117133e-19,0,,168,100
1691,16910,17710,1.2044971040996823e-100,0,,169,100
1692,16920,17720,5.62608358548147e-16,0,,168,100
1693,16930,17730,9.813462653570347e-84,0,,168,100
1694,16940,17740,2.3337157138223263e-80,0,,169,100
1695,16950,17750,5.567194179446757e-18,0,,167,100
1696,16960,17760,1.1480552579415934e-74,0,,168,100
1697,16970,17770,4.069901834734405e-27,0,,168,100
1698,16980,17780,3.383360226106518e-35,0,,171,100
1699,16990,17790,1.0164014635478212e-71,0,,172,100
1700,17000,17800,6.230343248140899e-80,0,,175,100
1701,17010,17810,7.527694033732729e-91,0,,175,100
1702,17020,17820,1.6227296040675065e-39,0,,173,100
1703,17030,17830,5.610397827845811e-50,0,,175,100
1704,17040,17840,1.0965560851446868e-32,0,,175,100
1705,17050,17850,5.99563920747049e-30,0,,175,100
1706,17060,17860,1.1548264512699273e-35,0,,175,100
1707,17070,17870,8.346227983600846e-91,0,,175,100
1708,17080,17880,3.2064461836187055e-125,0,,174,100
1709,17090,17890,8.157556890607052e-94,0,,172,100
1710,17100,17900,1.012069784688974e-97,0,,172,100
1711,17110,17910,1.5389234624960007e-88,0,,172,100
1712,17120,17920,1.6110387016345592e-81,0,,172,100
1713,17130,17930,2.5229937659575675e-105,0,,169,100
1714,17140,17940,1.5175552400287923e-46,0,,170,100
1715,17150,17950,4.183964952993382e-46,0,,170,100
1716,17160,17960,3.082692795321249e-172,0,,171,100
1717,17170,17970,3.0366894297237667e-52,0,,172,100
1718,17180,17980,2.4158508091272704e-48,0,,174,100
1719,17190,17990,1.4661863344683385e-67,0,,172,100
1720,17200,18000,1.0494026997784133e-177,0,,172,100
1721,17210,18010,3.665876837019815e-32,0,,174,100
1722,17220,18020,9.893125110255192e-30,0,,174,100
1723,17230,18030,4.2697090360914945e-36,0,,174,100
1724,17240,18040,1.4573612379768588e-169,0,,174,100
1725,17250,18050,1.1514545732215576e-137,0,,174,100
1726,17260,18060,1.1584350459868475e-37,0,,175,100
1727,17270,18070,1.1902733616784862e-127,0,,175,100
1728,17280,18080,1.2253432829385072e-45,0,,176,100
1729,17290,18090,1.5703428475064585e-60,0,,175,100
1730,17300,18100,2.225174913655516e-129,0,,175,100
1731,17310,18110,1.0665885523729132e-126,0,,175,100
1732,17320,18120,8.615743773479519e-118,0,,175,100
1733,17330,18130,4.437055037045758e-44,0,,174,100
1734,17340,18140,3.0038067948526375e-87,0,,175,100
1735,17350,18150,1.1458865161676724e-37,0,,174,100
1736,17360,18160,2.5129924664851256e-118,0,,174,100
1737,17370,18170,2.988439515777484e-99,0,,174,100
1738,17380,18180,6.352115183760583e-27,0,,174,100
1739,17390,18190,1.035963845614411e-101,0,,175,100
1740,17400,18200,5.740507554326353e-90,0,,176,100
1741,17410,18210,3.1387385186471445e-121,0,,175,100
1742,17420,18220,2.4242057406653457e-13,0,,177,100
1743,17430,18230,1.1700077994404446e-88,0,,179,100
1744,17440,18240,2.411175467670672e-84,0,,183,100
1745,17450,18250,1.7023069946840418e-78,0,,183,100
1746,17460,18260,1.0292108424934315e-29,0,,181,100
1747,17470,18270,1.934182771613924e-35,0,,182,100
1748,17480,18280,8.635212904084209e-106,0,,183,100
1749,17490,18290,2.5224830818517804e-33,0,,185,100
1750,17500,18300,6.548594233502105e-72,0,,183,100
1751,17510,18310,1.1466838020038026e-80,0,,184,100
1752,17520,18320,3.219607578209566e-86,0,,187,100
1753,17530,18330,1.1081257257676405e-101,0,,187,100
1754,17540,18340,7.924845102504189e-72,0,,185,100
1755,17550,18350,2.24018445535312e-86,0,,187,100
1756,17560,18360,1.7270446767361372e-135,0,,189,100
1757,17570,18370,5.515237709458254e-82,0,,190,100
1758,17580,18380,1.70111377790142e-114,0,,191,100
1759,17590,18390,7.096828128482973e-88,0,,188,100
1760,17600,18400,1.1931525473445637e-89,0,,191,100
1761,17610,18410,7.654446735216968e-70,0,,191,100
1762,17620,18420,6.311552444324209e-61,0,,190,100
1763,17630,18430,2.0978829448470045e-71,0,,193,100
1764,17640,18440,5.035997048808077e-77,0,,193,100
1765,17650,18450,9.004294264490223e-50,0,,192,100
1766,17660,18460,5.5377646314050726e-61,0,,193,100
1767,17670,18470,6.599001610511052e-62,0,,191,100
1768,17680,18480,8.127113437268823e-72,0,,192,100
1769,17690,18490,3.8327185640884735e-47,0,,191,100
1770,17700,18500,5.520591912815275e-54,0,,193,100
1771,17710,18510,1.3296856496260208e-39,0,,190,100
1772,17720,18520,4.636226320092178e-38,0,,190,100
1773,17730,18530,1.5797839718569493e-49,0,,191,100
1774,17740,18540,5.418895147994416e-34,0,,191,100
1775,17750,18550,5.182011111720484e-41,0,,192,100
1776,17760,18560,1.1472651291826383e-33,0,,192,100
1777,17770,18570,2.026478101665349e-36,0,,191,100
1778,17780,18580,1.556641655661855e-52,0,,190,100
1779,17790,18590,1.7443129071530114e-38,0,,192,100
1780,17800,18600,2.7732788769191216e-76,0,,190,100
1781,17810,18610,2.879590176047473e-83,0,,189,100
1782,17820,18620,1.604539577601391e-39,0,,188,100
1783,17830,18630,2.6435447423084307e-45,0,,187,100
1784,17840,18640,5.854547970466212e-65,0,,187,100
1785,17850,18650,6.120474149761419e-41,0,,189,100
1786,17860,18660,4.199780590159297e-91,0,,188,100
1787,17870,18670,2.0073919654515575e-52,0,,189,100
1788,17880,18680,2.1988581122023177e-90,0,,191,100
1789,17890,18690,3.0317928241036586e-40,0,,189,100
1790,17900,18700,4.879130904644049e-45,0,,188,100
1791,17910,18710,8.023664461749862e-67,0,,186,100
1792,17920,18720,1.0381490461375285e-82,0,,189,100
1793,17930,18730,4.592787407466019e-37,0,,188,100
1794,17940,18740,1.21493029308083e-90,0,,189,100
1795,17950,18750,4.6779532326395994e-70,0,,189,100
1796,17960,18760,8.637730600351915e-59,0,,188,100
1797,17970,18770,1.0013498792636454e-44,0,,190,100
1798,17980,18780,9.552708353999685e-90,0,,189,100
1799,17990,18790,1.868554072417647e-117,0,,186,100
1800,18000,18800,1.7121329385077874e-132,0,,188,100
1801,18010,18810,1.007132248201358e-96,0,,186,100
1802,18020,18820,1.0922727087028206e-86,0,,186,100
1803,18030,18830,7.239536937920889e-77,0,,186,100
1804,18040,18840,8.708521993532189e-74,0,,186,100
1805,18050,18850,3.049696832686601e-66,0,,186,100
1806,18060,18860,2.4463497618305615e-69,0,,186,100
1807,18070,18870,5.691006128142574e-64,0,,185,100
1808,18080,18880,1.9007788517453047e-73,0,,186,100
1809,18090,18890,1.2457272706660738e-82,0,,185,100
1810,18100,18900,7.680347925076783e-64,0,,183,100
1811,18110,18910,1.662956694530759e-62,0,,183,100
1812,18120,18920,1.15292314643439e-115,0,,184,100
1813,18130,18930,6.68397575114695e-112,0,,183,100
1814,18140,18940,8.267589669387067e-131,0,,182,100
1815,18150,18950,1.0256020595536733e-73,0,,182,100
1816,18160,18960,1.0439599457808404e-96,0,,181,100
1817,18170,18970,6.71966108371059e-235,0,,180,100
1818,18180,18980,7.790912416917752e-111,0,,178,100
1819,18190,18990,9.78783239138557e-145,0,,179,100
1820,18200,19000,1.757053907747018e-74,0,,179,100
1821,18210,19010,3.30876518030957e-39,0,,179,100
1822,18220,19020,7.508412046540424e-22,0,,176,100
1823,18230,19030,3.150594725319344e-36,0,,175,100
1824,18240,19040,1.3225855554477752e-42,0,,173,100
1825,18250,19050,1.376642829222221e-49,0,,172,100
1826,18260,19060,7.550744010971928e-58,0,,173,100
1827,18270,19070,3.1498528143039796e-162,0,,172,100
1828,18280,19080,2.9705455612187847e-58,0,,170,100
1829,18290,19090,3.679386642472853e-49,0,,170,100
1830,18300,19100,4.602637887607392e-61,0,,170,100
1831,18310,19110,3.050568869415339e-70,0,,170,100
1832,18320,19120,5.291369854102084e-94,0,,170,100
1833,18330,19130,3.8268176629512635e-92,0,,170,100
1834,18340,19140,3.6233440241678964e-82,0,,169,100
1835,18350,19150,1.0486717112279708e-101,0,,170,100
1836,18360,19160,1.1790724558308469e-89,0,,168,100
1837,18370,19170,1.206859921005211e-64,0,,170,100
1838,18380,19180,4.201978770277981e-108,0,,169,100
1839,18390,19190,2.58629954921334e-104,0,,169,100
1840,18400,19200,2.031200237851858e-98,0,,166,100
1841,18410,19210,1.2572368089809158e-20,0,,167,100
1842,18420,19220,1.7802589128569642e-92,0,,167,100
1843,18430,19230,5.278072300075155e-111,0,,167,100
1844,18440,19240,2.9087884390179706e-99,0,,165,100
1845,18450,19250,5.651448466386553e-44,0,,164,100
1846,18460,19260,1.4536294763348876e-84,0,,165,100
1847,18470,19270,1.0627152083304349e-77,0,,165,100
1848,18480,19280,5.731577749625126e-34,0,,165,100
1849,18490,19290,9.596628142656565e-37,0,,164,100
1850,18500,19300,2.672186647112661e-64,0,,162,100
1851,18510,19310,2.7077795371576603e-45,0,,163,100
1852,18520,19320,1.8608015847971326e-105,0,,161,100
1853,18530,19330,3.610562687238156e-102,0,,159,100
1854,18540,19340,1.6688880272543175e-48,0,,161,100
1855,18550,19350,5.496826564611033e-44,0,,162,100
1856,18560,19360,2.3002405794647755e-109,0,,160,100
1857,18570,19370,6.376849738985661e-104,0,,161,100
1858,18580,19380,2.557070358483375e-126,0,,158,100
1859,18590,19390,3.4390238686349525e-33,0,,155,100
1860,18600,19400,1.6571048189356812e-42,0,,156,100
1861,18610,19410,1.272846190754981e-116,0,,157,100
1862,18620,19420,1.1699461180295896e-64,0,,159,100
1863,18630,19430,2.6102384851878257e-109,0,,158,100
1864,18640,19440,3.6875875702271024e-125,0,,158,100
1865,18650,19450,2.8294843683220008e-129,0,,157,100
1866,18660,19460,7.629218509278505e-65,0,,159,100
1867,18670,19470,1.9874060471269164e-122,0,,157,100
1868,18680,19480,6.578449849889809e-57,0,,155,100
1869,18690,19490,2.5185942617876216e-65,0,,160,100
1870,18700,19500,4.130281966973088e-122,0,,157,100
1871,18710,19510,1.6900435286168317e-136,0,,160,100
1872,18720,19520,2.626953290418868e-33,0,,159,100
1873,18730,19530,8.625526710904841e-57,0,,158,100
1874,18740,19540,9.617980285523842e-95,0,,158,100
1875,18750,19550,4.819408778745057e-81,0,,157,100
1876,18760,19560,2.81925211524757e-36,0,,159,100
1877,18770,19570,4.663938745927051e-108,0,,158,100
1878,18780,19580,3.4244057945934366e-97,0,,157,100
1879,18790,19590,4.1424175442751686e-36,0,,158,100
1880,18800,19600,1.0567034390178932e-134,0,,158,100
1881,18810,19610,1.3458843232127456e-53,0,,157,100
1882,18820,19620,1.2095341688478666e-46,0,,157,100
1883,18830,19630,1.1485180839337325e-35,0,,157,100
1884,18840,19640,4.303132730625792e-109,0,,159,100
1885,18850,19650,1.3927912278474992e-142,0,,159,100
1886,18860,19660,1.162434729194314e-175,0,,159,100
1887,18870,19670,3.258257965027805e-65,0,,158,100
1888,18880,19680,5.77022674465777e-197,0,,157,100
1889,18890,19690,4.8306059080801863e-54,0,,157,100
1890,18900,19700,2.6149338272970036e-38,0,,160,100
1891,18910,19710,4.995983472472989e-45,0,,161,100
1892,18920,19720,4.356784541750431e-70,0,,160,100
1893,18930,19730,5.36188642355436e-169,0,,161,100
1894,18940,19740,9.390235025357446e-59,0,,160,100
1895,18950,19750,1.0105090426144799e-52,0,,161,100
1896,18960,19760,9.390820054232519e-199,0,,163,100
1897,18970,19770,2.7045781380003572e-149,0,,164,100
1898,18980,19780,7.101521636534085e-69,0,,165,100
1899,18990,19790,9.280760159847268e-141,0,,163,100
1900,19000,19800,1.0022368034917234e-138,0,,165,100
1901,19010,19810,5.238760054552011e-127,0,,163,100
1902,19020,19820,1.1610229038821425e-144,0,,163,100
1903,19030,19830,9.32253793297273e-168,0,,165,100
1904,19040,19840,3.2269860508947724e-81,0,,167,100
1905,19050,19850,2.3564080234557204e-150,0,,166,100
1906,19060,19860,1.2223770361679467e-142,0,,168,100
1907,19070,19870,3.891785539320059e-88,0,,168,100
1908,19080,19880,4.567028266276933e-131,0,,168,100
1909,19090,19890,2.9932677575298725e-74,0,,167,100
1910,19100,19900,3.947828420952944e-68,0,,168,100
1911,19110,19910,3.181294467619057e-62,0,,170,100
1912,19120,19920,3.388094390620034e-62,0,,170,100
1913,19130,19930,5.877629097332983e-142,0,,171,100
1914,19140,19940,4.872080778991067e-100,0,,167,100
1915,19150,19950,2.1189288698731395e-71,0,,166,100
1916,19160,19960,8.083213551381432e-107,0,,167,100
1917,19170,19970,4.07981886127618e-109,0,,166,100
1918,19180,19980,2.945818027604766e-133,0,,167,100
1919,19190,19990,1.6394770336125815e-66,0,,168,100
1920,19200,20000,1.578308628799001e-103,0,,169,100
1921,19210,20010,6.722253798721501e-81,0,,166,100
1922,19220,20020,7.457388855883218e-90,0,,166,100
1923,19230,20030,9.373582551044764e-104,0,,166,100
1924,19240,20040,3.966677040425371e-86,0,,167,100
1925,19250,20050,1.0888836562566624e-102,0,,169,100
1926,19260,20060,5.761022843556385e-97,0,,168,100
1927,19270,20070,1.7100580881746594e-101,0,,169,100
1928,19280,20080,2.774695189240766e-66,0,,170,100
1929,19290,20090,7.400558835562555e-94,0,,170,100
1930,19300,20100,1.2195833892735416e-71,0,,168,100
1931,19310,20110,7.98226822101588e-55,0,,171,100
1932,19320,20120,3.0144663210523e-71,0,,172,100
1933,19330,20130,3.898360304152828e-74,0,,172,100
1934,19340,20140,7.343425812856192e-79,0,,172,100
1935,19350,20150,3.4299484067431435e-85,0,,173,100
1936,19360,20160,9.024905416389426e-82,0,,172,100
1937,19370,20170,4.377925174254501e-42,0,,174,100
1938,19380,20180,4.678850942947382e-21,0,,174,100
1939,19390,20190,6.912743635606073e-73,0,,175,100
1940,19400,20200,1.232934637168064e-22,0,,174,100
1941,19410,20210,4.182791377940994e-89,0,,175,100
1942,19420,20220,2.089806475301782e-23,0,,173,100
1943,19430,20230,2.432020785076273e-25,0,,173,100
1944,19440,20240,2.0804603075373164e-74,0,,174,100
1945,19450,20250,5.55671852566701e-88,0,,173,100
1946,19460,20260,6.807669836896766e-28,0,,175,100
1947,19470,20270,3.595754486490649e-70,0,,174,100
1948,19480,20280,1.0615743180158332e-16,0,,175,100
1949,19490,20290,3.218060822011976e-61,0,,174,100
1950,19500,20300,1.0767367370255134e-72,0,,175,100
1951,19510,20310,1.226701153804255e-90,0,,175,100
1952,19520,20320,4.0333721779387155e-39,0,,177,100
1953,19530,20330,4.609483726460956e-34,0,,176,100
1954,19540,20340,8.531733642629591e-76,0,,174,100
1955,19550,20350,2.2041393493549535e-67,0,,174,100
1956,19560,20360,2.1994843543419907e-40,0,,173,100
1957,19570,20370,4.0388769841263434e-41,0,,174,100
1958,19580,20380,1.3911796718031339e-36,0,,174,100
1959,19590,20390,4.029490370880629e-108,0,,175,100
1960,19600,20400,8.15845803752666e-33,0,,176,100
1961,19610,20410,1.1039903506563316e-33,0,,178,100
1962,19620,20420,7.804133306656461e-45,0,,179,100
1963,19630,20430,2.9958881391523128e-139,0,,177,100
1964,19640,20440,3.437218957871259e-183,0,,176,100
1965,19650,20450,2.35091779422062e-112,0,,177,100
1966,19660,20460,8.505055715880855e-99,0,,175,100
1967,19670,20470,4.22790073888031e-85,0,,177,100
1968,19680,20480,5.136964018017471e-147,0,,177,100
1969,19690,20490,4.464659166631994e-145,0,,178,100
1970,19700,20500,7.1001818680348404e-87,0,,175,100
1971,19710,20510,2.3266349954993055e-63,0,,174,100
1972,19720,20520,2.4332246178693387e-113,0,,176,100
1973,19730,20530,7.05076208455466e-61,0,,176,100
1974,19740,20540,7.471883583246814e-136,0,,176,100
1975,19750,20550,8.561428663136205e-63,0,,174,100
1976,19760,20560,1.9021076406117198e-125,0,,172,100
1977,19770,20570,2.798993539961096e-80,0,,172,100
1978,19780,20580,3.549852873134031e-170,0,,174,100
1979,19790,20590,2.591655518044578e-120,0,,174,100
1980,19800,20600,5.269661761930509e-124,0,,171,100
1981,19810,20610,1.667886505983703e-86,0,,171,100
1982,19820,20620,3.5740266836140107e-96,0,,171,100
1983,19830,20630,1.2876499549112026e-162,0,,171,100
1984,19840,20640,2.0478735998793675e-65,0,,170,100
1985,19850,20650,3.3870149707173936e-96,0,,172,100
1986,19860,20660,5.3357099484577464e-130,0,,171,100
1987,19870,20670,2.1622084603164437e-95,0,,173,100
1988,19880,20680,4.381798285502269e-115,0,,174,100
1989,19890,20690,1.3339280139681832e-90,0,,174,100
1990,19900,20700,6.333266797759261e-77,0,,172,100
1991,19910,20710,4.402762026329514e-77,0,,170,100
1992,19920,20720,3.407322631329335e-75,0,,173,100
1993,19930,20730,2.379178026397007e-79,0,,173,100
1994,19940,20740,8.699904171689225e-86,0,,173,100
1995,19950,20750,1.815618796918085e-70,0,,173,100
1996,19960,20760,8.018467565831903e-78,0,,173,100
1997,19970,20770,7.043395246230708e-86,0,,173,100
1998,19980,20780,6.365346172046501e-58,0,,174,100
1999,19990,20790,5.1409593484485255e-74,0,,174,100
2000,20000,20800,5.825713362036695e-66,0,,172,100
2001,20010,20810,1.247067532110304e-75,0,,174,100
2002,20020,20820,9.856463654087486e-62,0,,174,100
2003,20030,20830,1.9413861836681764e-51,0,,175,100
2004,20040,20840,5.953103164137411e-79,0,,174,100
2005,20050,20850,5.473056280313235e-81,0,,176,100
2006,20060,20860,1.9413699546497776e-55,0,,175,100
2007,20070,20870,8.21393911019206e-74,0,,178,100
2008,20080,20880,7.04443497989834e-58,0,,177,100
2009,20090,20890,5.484505933912008e-56,0,,176,100
2010,20100,20900,1.3467640657586143e-49,0,,176,100
2011,20110,20910,2.433091326611982e-75,0,,174,100
2012,20120,20920,1.5312843962106087e-46,0,,175,100
2013,20130,20930,2.702054688966937e-54,0,,175,100
2014,20140,20940,1.0883414357193955e-45,0,,175,100
2015,20150,20950,4.763510618326291e-57,0,,176,100
2016,20160,20960,2.5036828890802454e-51,0,,175,100
2017,20170,20970,1.433248716766453e-60,0,,177,100
2018,20180,20980,1.817169351983176e-34,0,,176,100
2019,20190,20990,6.9181775873733e-31,0,,177,100
2020,20200,21000,1.6240834394612053e-31,0,,178,100
2021,20210,21010,7.808118658391885e-67,0,,178,100
2022,20220,21020,1.9008467182494103e-64,0,,178,100
2023,20230,21030,3.8363645299072845e-31,0,,178,100
2024,20240,21040,1.3573255001754847e-27,0,,179,100
2025,20250,21050,3.6880698073718956e-58,0,,177,100
2026,20260,21060,5.926080148141475e-27,0,,177,100
2027,20270,21070,1.4791191823492148e-75,0,,176,100
2028,20280,21080,7.14714724576901e-86,0,,177,100
2029,20290,21090,3.806701068828257e-80,0,,177,100
2030,20300,21100,8.590789900062634e-135,0,,178,100
2031,20310,21110,1.0773242199919791e-131,0,,178,100
2032,20320,21120,2.2378025418567818e-28,0,,175,100
2033,20330,21130,4.934051573427111e-25,0,,175,100
2034,20340,21140,8.232058783747052e-121,0,,177,100
2035,20350,21150,3.068023887540678e-129,0,,178,100
2036,20360,21160,8.323711341133253e-120,0,,179,100
2037,20370,21170,5.534525379947619e-20,0,,178,100
2038,20380,21180,8.217097595907548e-127,0,,178,100
2039,20390,21190,1.1400845479467481e-132,0,,176,100
2040,20400,21200,1.2994086864820814e-135,0,,175,100
2041,20410,21210,1.8324992167741896e-126,0,,176,100
2042,20420,21220,3.7617800284723555e-43,0,,178,100
2043,20430,21230,2.1290310570129006e-28,0,,177,100
2044,20440,21240,1.1025946128010949e-24,0,,175,100
2045,20450,21250,9.187721037796755e-111,0,,176,100
2046,20460,21260,6.562610307732779e-108,0,,176,100
2047,20470,21270,1.6332447551833865e-97,0,,174,100
2048,20480,21280,9.468150379811681e-52,0,,176,100
2049,20490,21290,9.324992525444286e-33,0,,175,100
2050,20500,21300,4.9263940889974134e-89,0,,175,100
2051,20510,21310,1.1793685575988493e-76,0,,174,100
2052,20520,21320,6.146870501683794e-81,0,,174,100
2053,20530,21330,1.2288053857809423e-26,0,,175,100
2054,20540,21340,7.68910477741699e-37,0,,176,100
2055,20550,21350,3.642430945237997e-80,0,,179,100
2056,20560,21360,1.899085324610398e-18,0,,178,100
2057,20570,21370,3.5490537706228634e-17,0,,179,100
2058,20580,21380,1.3808175205003744e-71,0,,179,100
2059,20590,21390,6.134312389271189e-22,0,,181,100
2060,20600,21400,3.079682092037715e-108,0,,183,100
2061,20610,21410,5.700374760437942e-84,0,,182,100
2062,20620,21420,1.387057290918636e-87,0,,183,100
2063,20630,21430,3.4703707929633465e-100,0,,182,100
2064,20640,21440,7.658279072004431e-19,0,,182,100
2065,20650,21450,8.448839462668229e-96,0,,181,100
2066,20660,21460,3.0178377141661695e-74,0,,178,100
2067,20670,21470,1.2755296545751609e-17,0,,179,100
2068,20680,21480,8.406455635809634e-93,0,,178,100
2069,20690,21490,1.0887730048949783e-20,0,,179,100
2070,20700,21500,1.8412806337279381e-65,0,,179,100
2071,20710,21510,7.302256983268755e-56,0,,178,100
2072,20720,21520,1.3575088367743803e-20,0,,177,100
2073,20730,21530,1.4824615497692886e-50,0,,179,100
2074,20740,21540,7.30868850209117e-17,0,,178,100
2075,20750,21550,5.296804417207813e-21,0,,177,100
2076,20760,21560,4.0089433749018635e-70,0,,180,100
2077,20770,21570,3.3257120207127566e-82,0,,180,100
2078,20780,21580,1.5437041522896397e-147,0,,180,100
2079,20790,21590,9.173647553676438e-51,0,,180,100
2080,20800,21600,2.1907160089179837e-84,0,,181,100
2081,20810,21610,2.013083435584005e-59,0,,180,100
2082,20820,21620,8.699482825657819e-24,0,,178,100
2083,20830,21630,4.541609819143084e-29,0,,183,100
2084,20840,21640,2.0046275079800214e-49,0,,182,100
2085,20850,21650,4.7234111090523754e-42,0,,182,100
2086,20860,21660,9.916802524411022e-26,0,,182,100
2087,20870,21670,7.744457535904334e-35,0,,179,100
2088,20880,21680,3.401826560452544e-39,0,,180,100
2089,20890,21690,1.2162429096607026e-21,0,,181,100
2090,20900,21700,3.5881923068471837e-35,0,,180,100
2091,20910,21710,9.395784548345108e-38,0,,182,100
2092,20920,21720,9.257532544106531e-23,0,,183,100
2093,20930,21730,9.709957884272018e-23,0,,183,100
2094,20940,21740,5.508285417446779e-25,0,,180,100
2095,20950,21750,3.346074983383907e-37,0,,179,100
2096,20960,21760,1.4706031035026782e-36,0,,180,100
2097,20970,21770,8.451097544062264e-33,0,,184,100
2098,20980,21780,1.7487694934981596e-27,0,,183,100
2099,20990,21790,2.7304223613385393e-20,0,,183,100
2100,21000,21800,9.07893279704731e-32,0,,179,100
2101,21010,21810,2.1275897809926437e-38,0,,178,100
2102,21020,21820,2.087055604818107e-39,0,,178,100
2103,21030,21830,7.274899833384908e-35,0,,180,100
2104,21040,21840,1.0234675521766587e-30,0,,180,100
2105,21050,21850,3.9635159345670126e-30,0,,181,100
2106,21060,21860,9.405603675095416e-33,0,,181,100
2107,21070,21870,3.003090494775437e-22,0,,179,100
2108,21080,21880,4.0318570483924343e-56,0,,180,100
2109,21090,21890,8.55376688117707e-37,0,,178,100
2110,21100,21900,1.4615114756521505e-65,0,,176,100
2111,21110,21910,2.158703714385189e-51,0,,178,100
2112,21120,21920,1.0090941321769945e-60,0,,179,100
2113,21130,21930,1.0083472496411474e-138,0,,181,100
2114,21140,21940,3.0128575506462723e-54,0,,179,100
2115,21150,21950,6.5962039050919384e-52,0,,179,100
2116,21160,21960,6.609442990621723e-59,0,,179,100
2117,21170,21970,1.3168557768217164e-39,0,,180,100
2118,21180,21980,4.629041713268446e-36,0,,181,100
2119,21190,21990,6.5849342002595085e-53,0,,180,100
2120,21200,22000,2.0979926750284102e-44,0,,181,100
2121,21210,22010,4.817610541699787e-44,0,,180,100
2122,21220,22020,4.233031607402015e-45,0,,178,100
2123,21230,22030,1.0615282143443504e-60,0,,178,100
2124,21240,22040,2.2765973232045776e-22,0,,179,100
2125,21250,22050,4.171879859953446e-64,0,,178,100
2126,21260,22060,5.604590995825108e-20,0,,180,100
2127,21270,22070,7.460006052047802e-58,0,,178,100
2128,21280,22080,4.724050753169747e-37,0,,178,100
2129,21290,22090,3.27804697555234e-58,0,,178,100
2130,21300,22100,4.524101596537034e-35,0,,179,100
2131,21310,22110,1.1006482920553759e-41,0,,181,100
2132,21320,22120,5.421891564031874e-41,0,,179,100
2133,21330,22130,1.1734962339411936e-50,0,,179,100
2134,21340,22140,5.2915603376243945e-33,0,,178,100
2135,21350,22150,5.081374591463669e-56,0,,177,100
2136,21360,22160,4.492387552072847e-51,0,,176,100
2137,21370,22170,9.417988287028871e-54,0,,175,100
2138,21380,22180,1.2733731032408688e-45,0,,173,100
2139,21390,22190,2.525625668419609e-53,0,,174,100
2140,21400,22200,1.3085033782324942e-44,0,,175,100
2141,21410,22210,6.296980346442844e-39,0,,176,100
2142,21420,22220,2.7851333180908567e-44,0,,173,100
2143,21430,22230,5.3175738701766105e-52,0,,174,100
2144,21440,22240,2.6249020187823843e-65,0,,174,100
2145,21450,22250,2.0023561768235775e-43,0,,174,100
2146,21460,22260,1.0137915520694201e-74,0,,174,100
2147,21470,22270,4.944234689499295e-56,0,,175,100
2148,21480,22280,3.233209380301976e-63,0,,175,100
2149,21490,22290,2.849335095109183e-44,0,,175,100
2150,21500,22300,4.393545301874878e-64,0,,177,100
2151,21510,22310,1.2334063530056245e-39,0,,178,100
2152,21520,22320,1.9171574272936489e-38,0,,178,100
2153,21530,22330,7.112024268577906e-29,0,,178,100
2154,21540,22340,3.316841920419373e-127,0,,178,100
2155,21550,22350,1.619741797467145e-78,0,,179,100
2156,21560,22360,2.0004410477862824e-210,0,,179,100
2157,21570,22370,3.069842155888133e-280,0,,178,100
2158,21580,22380,5.087570518200205e-119,0,,179,100
2159,21590,22390,1.6973447070227563e-46,0,,180,100
2160,21600,22400,4.951157452978186e-44,0,,179,100
2161,21610,22410,2.2040754888236916e-119,0,,179,100
2162,21620,22420,1.145541432181687e-38,0,,181,100
2163,21630,22430,2.334464580035605e-31,0,,179,100
2164,21640,22440,2.1414683081768288e-46,0,,179,100
2165,21650,22450,2.189082903527416e-143,0,,179,100
2166,21660,22460,4.884303292611148e-133,0,,179,100
2167,21670,22470,1.9562074924958444e-121,0,,180,100
2168,21680,22480,1.456017369639255e-141,0,,180,100
2169,21690,22490,1.4014778957223967e-155,0,,180,100
2170,21700,22500,1.1297389909869543e-30,0,,180,100
2171,21710,22510,7.674624222992578e-62,0,,179,100
2172,21720,22520,6.496635732164845e-128,0,,177,100
2173,21730,22530,2.254237401532653e-35,0,,178,100
2174,21740,22540,5.586712343630404e-34,0,,179,100
2175,21750,22550,6.071275790986716e-54,0,,179,100
2176,21760,22560,2.9196583221591e-121,0,,178,100
2177,21770,22570,2.9699817971358986e-141,0,,176,100
2178,21780,22580,1.2005825616682676e-28,0,,174,100
2179,21790,22590,8.731050599541794e-31,0,,176,100
2180,21800,22600,5.660032957868434e-91,0,,178,100
2181,21810,22610,1.2000452182766688e-94,0,,181,100
2182,21820,22620,6.735458130086123e-100,0,,180,100
2183,21830,22630,7.279930386880162e-93,0,,180,100
2184,21840,22640,7.23630328457041e-86,0,,178,100
2185,21850,22650,9.10529556775244e-141,0,,178,100
2186,21860,22660,1.7171587358283063e-37,0,,176,100
2187,21870,22670,1.1627447409142296e-25,0,,178,100
2188,21880,22680,1.6949240719918745e-66,0,,180,100
2189,21890,22690,3.699258586714899e-24,0,,182,100
2190,21900,22700,7.770803421959268e-20,0,,183,100
2191,21910,22710,4.3077212468772856e-67,0,,181,100
2192,21920,22720,1.0723163212145055e-60,0,,177,100
2193,21930,22730,1.5733030177100033e-66,0,,178,100
2194,21940,22740,3.988968085128749e-71,0,,178,100
2195,21950,22750,5.897521542930661e-46,0,,179,100
2196,21960,22760,3.3536785192958764e-60,0,,177,100
2197,21970,22770,1.4786691001872326e-62,0,,177,100
2198,21980,22780,2.9821899537552153e-53,0,,177,100
2199,21990,22790,1.9013450078609295e-63,0,,176,100
2200,22000,22800,3.6052458069625635e-51,0,,177,100
2201,22010,22810,3.70008279796302e-73,0,,179,100
2202,22020,22820,1.0063628282887522e-69,0,,180,100
2203,22030,22830,1.714621564808085e-50,0,,180,100
2204,22040,22840,8.308289120389317e-58,0,,179,100
2205,22050,22850,9.076303477644615e-47,0,,178,100
2206,22060,22860,3.0534045943349566e-38,0,,177,100
2207,22070,22870,7.325724296257026e-36,0,,177,100
2208,22080,22880,8.660682719946221e-38,0,,179,100
2209,22090,22890,2.4337501114049816e-29,0,,178,100
2210,22100,22900,1.9131076455770835e-17,0,,179,100
2211,22110,22910,1.0527611141914095e-21,0,,178,100
2212,22120,22920,7.847374539495126e-20,0,,180,100
2213,22130,22930,2.471491402679788e-22,0,,177,100
2214,22140,22940,2.5411389845524065e-30,0,,179,100
2215,22150,22950,5.844059372013399e-25,0,,180,100
2216,22160,22960,2.1054607621358006e-15,0,,180,100
2217,22170,22970,3.0353898588488296e-60,0,,180,100
2218,22180,22980,6.382377905775269e-56,0,,181,100
2219,22190,22990,2.964435185261086e-56,0,,179,100
2220,22200,23000,1.0915152289099587e-14,0,,178,100
2221,22210,23010,3.988286159396113e-58,0,,183,100
2222,22220,23020,1.3185490615259701e-14,0,,181,100
2223,22230,23030,2.2685878511405166e-21,0,,180,100
2224,22240,23040,4.834140572455644e-21,0,,179,100
2225,22250,23050,5.859429363894455e-17,0,,180,100
2226,22260,23060,2.1061740100941811e-26,0,,178,100
2227,22270,23070,5.53467313316012e-34,0,,178,100
2228,22280,23080,5.8670609832384506e-18,0,,178,100
2229,22290,23090,2.1243517248741417e-13,0,,177,100
2230,22300,23100,3.5305096050762e-35,0,,177,100
2231,22310,23110,3.910945125039186e-33,0,,176,100
2232,22320,23120,4.5651284040506786e-45,0,,175,100
2233,22330,23130,5.439599261656179e-18,0,,175,100
2234,22340,23140,9.329983603885662e-42,0,,175,100
2235,22350,23150,1.146921194249272e-55,0,,177,100
2236,22360,23160,1.1477608340775598e-79,0,,178,100
2237,22370,23170,2.4909152715887642e-14,0,,176,100
2238,22380,23180,2.691834373796172e-24,0,,177,100
2239,22390,23190,4.953935356063281e-32,0,,177,100
2240,22400,23200,9.807189558239489e-22,0,,177,100
2241,22410,23210,5.478582283352853e-54,0,,178,100
2242,22420,23220,5.50852735003903e-162,0,,177,100
2243,22430,23230,1.1202567370307072e-52,0,,175,100
2244,22440,23240,4.1594706001312567e-63,0,,176,100
2245,22450,23250,2.5172021928579065e-41,0,,176,100
2246,22460,23260,2.0069102136265025e-15,0,,176,100
2247,22470,23270,6.201595318715214e-44,0,,178,100
2248,22480,23280,2.0374468995425266e-14,0,,177,100
2249,22490,23290,5.533735726048256e-38,0,,175,100
2250,22500,23300,9.377798726848077e-41,0,,175,100
2251,22510,23310,3.1111266826596644e-16,0,,178,100
2252,22520,23320,4.566879665411777e-14,0,,178,100
2253,22530,23330,4.203237560625939e-12,0,,177,100
2254,22540,23340,4.190111613509047e-42,0,,179,100
2255,22550,23350,7.915370273025638e-59,0,,179,100
2256,22560,23360,2.9201657605546038e-21,0,,179,100
2257,22570,23370,6.723421468217686e-16,0,,178,100
2258,22580,23380,1.470930227876719e-39,0,,179,100
2259,22590,23390,1.0449928087147128e-11,0,,178,100
2260,22600,23400,3.905141471220458e-23,0,,175,100
2261,22610,23410,3.114354982721065e-75,0,,175,100
2262,22620,23420,5.707270657068768e-33,0,,175,100
2263,22630,23430,1.9248209350336425e-35,0,,175,100
2264,22640,23440,3.099285214824164e-36,0,,175,100
2265,22650,23450,6.038564257281886e-76,0,,175,100
2266,22660,23460,3.2533633312344426e-24,0,,179,100
2267,22670,23470,7.064710439307844e-08,0,,177,100
2268,22680,23480,1.4211963820047322e-71,0,,177,100
2269,22690,23490,3.374385460041435e-24,0,,178,100
2270,22700,23500,1.55431163353734e-16,0,,179,100
2271,22710,23510,2.363228921624303e-80,0,,180,100
2272,22720,23520,1.1216070890886995e-73,0,,181,100
2273,22730,23530,1.7796257120218985e-20,0,,181,100
2274,22740,23540,5.585871780404931e-20,0,,182,100
2275,22750,23550,3.322288091321218e-20,0,,182,100
2276,22760,23560,8.496518568066818e-15,0,,182,100
2277,22770,23570,2.806154081470691e-41,0,,182,100
2278,22780,23580,1.4852042598582092e-30,0,,184,100
2279,22790,23590,5.66359922731941e-43,0,,184,100
2280,22800,23600,4.55846184844646e-14,0,,188,100
2281,22810,23610,1.3129912906753895e-31,0,,186,100
2282,22820,23620,4.8302090392490996e-43,0,,186,100
2283,22830,23630,2.1279988401252773e-35,0,,187,100
2284,22840,23640,1.3537342404056433e-18,0,,188,100
2285,22850,23650,4.672463494031388e-27,0,,189,100
2286,22860,23660,1.449963759071186e-44,0,,187,100
2287,22870,23670,9.906645692083407e-26,0,,188,100
2288,22880,23680,5.512738328915943e-18,0,,186,100
2289,22890,23690,3.083758056760756e-20,0,,187,100
2290,22900,23700,5.756395716920847e-23,0,,189,100
2291,22910,23710,2.1128039695020814e-106,0,,189,100
2292,22920,23720,2.848795272761598e-23,0,,189,100
2293,22930,23730,2.039476528461948e-74,0,,191,100
2294,22940,23740,7.9197534100591e-43,0,,189,100
2295,22950,23750,2.8179801448205487e-99,0,,189,100
2296,22960,23760,6.681796833406312e-44,0,,192,100
2297,22970,23770,6.563613705681554e-39,0,,193,100
2298,22980,23780,1.0558126781449747e-29,0,,194,100
2299,22990,23790,8.884742639519545e-104,0,,192,100
2300,23000,23800,4.702183336870777e-93,0,,193,100
2301,23010,23810,5.9937574441234914e-93,0,,193,100
2302,23020,23820,9.390549224995411e-88,0,,193,100
2303,23030,23830,9.74061972969557e-79,0,,193,100
2304,23040,23840,9.337760250627732e-35,0,,194,100
2305,23050,23850,1.0689142742122498e-89,0,,194,100
2306,23060,23860,1.8214570934194915e-36,0,,194,100
2307,23070,23870,2.8789928170344613e-77,0,,194,100
2308,23080,23880,1.0787610674585092e-81,0,,194,100
2309,23090,23890,4.589907496912918e-111,0,,195,100
2310,23100,23900,3.1675965912218035e-56,0,,196,100
2311,23110,23910,5.843145080404463e-46,0,,198,100
2312,23120,23920,4.914175605077691e-114,0,,197,100
2313,23130,23930,3.5897590535152574e-73,0,,196,100
2314,23140,23940,1.1564229679011242e-79,0,,194,100
2315,23150,23950,4.010896210701628e-91,0,,193,100
2316,23160,23960,5.996520901513866e-97,0,,192,100
2317,23170,23970,1.7513053781766256e-83,0,,191,100
2318,23180,23980,1.7490290640097013e-67,0,,192,100
2319,23190,23990,7.996427673533448e-70,0,,190,100
2320,23200,24000,2.538556821344233e-91,0,,189,100
2321,23210,24010,8.303525072947716e-110,0,,188,100
2322,23220,24020,3.1676077476342377e-119,0,,189,100
2323,23230,24030,2.5507164078146245e-98,0,,189,100
2324,23240,24040,5.0281836984813975e-110,0,,189,100
2325,23250,24050,2.619308428207361e-94,0,,189,100
2326,23260,24060,2.6507619693612645e-114,0,,188,100
2327,23270,24070,3.92733059487618e-87,0,,188,100
2328,23280,24080,3.335783297628411e-117,0,,188,100
2329,23290,24090,1.897932622800092e-142,0,,188,100
2330,23300,24100,1.631700093302897e-77,0,,189,100
2331,23310,24110,3.019437729362851e-97,0,,189,100
2332,23320,24120,1.2714727602907243e-77,0,,190,100
2333,23330,24130,7.961621847276316e-95,0,,188,100
2334,23340,24140,6.121788888772465e-90,0,,189,100
2335,23350,24150,7.568004045827648e-73,0,,188,100
2336,23360,24160,1.0053222687180036e-80,0,,189,100
2337,23370,24170,1.8149471964602315e-69,0,,190,100
2338,23380,24180,3.394526153487876e-77,0,,191,100
2339,23390,24190,9.70360899119541e-83,0,,192,100
2340,23400,24200,2.6120923117109763e-77,0,,193,100
2341,23410,24210,7.551357952245782e-72,0,,192,100
2342,23420,24220,3.7773563796611686e-57,0,,193,100
2343,23430,24230,2.9512211997312756e-54,0,,192,100
2344,23440,24240,4.3347756725970064e-69,0,,192,100
2345,23450,24250,2.950539481351226e-86,0,,192,100
2346,23460,24260,1.8709584325419183e-107,0,,190,100
2347,23470,24270,2.758689094968348e-91,0,,190,100
2348,23480,24280,3.1315349088458427e-75,0,,190,100
2349,23490,24290,1.7564757830076068e-93,0,,189,100
2350,23500,24300,5.967574305375833e-91,0,,186,100
2351,23510,24310,7.120877862485358e-86,0,,189,100
2352,23520,24320,2.441204900347882e-81,0,,188,100
2353,23530,24330,4.581642988622864e-84,0,,185,100
2354,23540,24340,1.0018460688561908e-123,0,,185,100
2355,23550,24350,2.1304322775335794e-94,0,,185,100
2356,23560,24360,3.1061790428719784e-74,0,,186,100
2357,23570,24370,6.673432927180048e-63,0,,186,100
2358,23580,24380,5.373638820752096e-48,0,,187,100
2359,23590,24390,5.395577517533403e-57,0,,186,100
2360,23600,24400,1.1910714799067815e-46,0,,180,100
2361,23610,24410,2.2664076026034024e-124,0,,181,100
2362,23620,24420,9.695713654678741e-41,0,,181,100
2363,23630,24430,3.7010272405487834e-237,0,,179,100
2364,23640,24440,9.461213220648673e-139,0,,179,100
2365,23650,24450,1.5656961411212522e-132,0,,179,100
2366,23660,24460,1.006221500383356e-52,0,,180,100
2367,23670,24470,5.43547702445927e-136,0,,179,100
2368,23680,24480,3.3868844404363106e-72,0,,178,100
2369,23690,24490,3.2913717742337173e-46,0,,178,100
2370,23700,24500,2.7086541175091873e-58,0,,177,100
2371,23710,24510,1.836213750820637e-109,0,,176,100
2372,23720,24520,4.244779852124518e-67,0,,176,100
2373,23730,24530,1.51645029221664e-81,0,,174,100
2374,23740,24540,8.155468996235157e-98,0,,172,100
2375,23750,24550,3.660300699231866e-31,0,,174,100
2376,23760,24560,8.84929349916328e-81,0,,169,100
2377,23770,24570,3.905411316640203e-89,0,,171,100
2378,23780,24580,9.008721832077147e-95,0,,171,100
2379,23790,24590,3.713333505289455e-99,0,,170,100
2380,23800,24600,2.33576877918277e-37,0,,170,100
2381,23810,24610,1.4414419498989726e-48,0,,169,100
2382,23820,24620,6.010632187161665e-81,0,,167,100
2383,23830,24630,5.674557917992089e-25,0,,166,100
2384,23840,24640,2.166396627426149e-34,0,,168,100
2385,23850,24650,4.038684753706074e-58,0,,167,100
2386,23860,24660,3.4619252664316866e-19,0,,166,100
2387,23870,24670,1.3455396028657655e-44,0,,166,100
2388,23880,24680,9.673676494275162e-39,0,,166,100
2389,23890,24690,7.589444948973403e-103,0,,166,100
2390,23900,24700,9.186300113120239e-130,0,,164,100
2391,23910,24710,8.915259745757265e-135,0,,164,100
2392,23920,24720,1.7605271883278446e-195,0,,166,100
2393,23930,24730,5.373324670934677e-91,0,,168,100
2394,23940,24740,1.965287672662653e-108,0,,167,100
2395,23950,24750,1.8290872299632517e-133,0,,168,100
2396,23960,24760,8.315142462921757e-245,0,,169,100
2397,23970,24770,3.051919691156154e-230,0,,166,100
2398,23980,24780,1.872240759934807e-86,0,,166,100
2399,23990,24790,4.2283504178589096e-38,0,,168,100
2400,24000,24800,1.1716386157603172e-32,0,,168,100
2401,24010,24810,3.0430719331807624e-31,0,,171,100
2402,24020,24820,1.16817871726266e-21,0,,169,100
2403,24030,24830,7.265640833679089e-15,0,,172,100
2404,24040,24840,3.3206149231488414e-26,0,,169,100
2405,24050,24850,7.049058343671332e-21,0,,168,100
2406,24060,24860,6.454109337998519e-66,0,,167,100
2407,24070,24870,2.4628195995660844e-166,0,,166,100
2408,24080,24880,1.3748217734176213e-128,0,,165,100
2409,24090,24890,7.0080102408398e-117,0,,165,100
2410,24100,24900,2.561894276327577e-123,0,,167,100
2411,24110,24910,1.4003110488494763e-123,0,,164,100
2412,24120,24920,1.2054101755979845e-118,0,,164,100
2413,24130,24930,3.4719447538985554e-119,0,,164,100
2414,24140,24940,2.7731577735495693e-112,0,,165,100
2415,24150,24950,1.1140163673983347e-123,0,,164,100
2416,24160,24960,1.3281346676238659e-33,0,,166,100
2417,24170,24970,1.6575830964384398e-129,0,,166,100
2418,24180,24980,9.513023100113913e-48,0,,163,100
2419,24190,24990,1.5273799437843764e-18,0,,163,100
2420,24200,25000,3.452061834669573e-134,0,,162,100
2421,24210,25010,9.300350230237362e-21,0,,160,100
2422,24220,25020,3.0135770650781635e-157,0,,161,100
2423,24230,25030,8.123882836941544e-20,0,,163,100
2424,24240,25040,2.932096225769717e-20,0,,164,100
2425,24250,25050,2.7202816940780423e-115,0,,163,100
2426,24260,25060,1.381821126989555e-112,0,,161,100
2427,24270,25070,7.421640120590217e-123,0,,161,100
2428,24280,25080,8.936021900679922e-121,0,,162,100
2429,24290,25090,4.797308002563846e-15,0,,163,100
2430,24300,25100,5.949922630814909e-103,0,,164,100
2431,24310,25110,2.9157175238506424e-62,0,,162,100
2432,24320,25120,9.263831266505872e-67,0,,163,100
2433,24330,25130,9.922970493984271e-123,0,,164,100
2434,24340,25140,4.832103381984942e-26,0,,163,100
2435,24350,25150,2.7882564504240894e-122,0,,164,100
2436,24360,25160,1.7225195138776334e-25,0,,163,100
2437,24370,25170,2.648278088343493e-106,0,,163,100
2438,24380,25180,6.469257166983411e-110,0,,162,100
2439,24390,25190,3.5748572224131494e-32,0,,164,100
2440,24400,25200,2.993735490765194e-19,0,,164,100
2441,24410,25210,5.565486729855779e-23,0,,163,100
2442,24420,25220,6.052908120706247e-110,0,,163,100
2443,24430,25230,1.7761880068449772e-101,0,,163,100
2444,24440,25240,4.827832574403551e-13,0,,163,100
2445,24450,25250,8.314987644678537e-97,0,,167,100
2446,24460,25260,7.098946801985774e-20,0,,168,100
2447,24470,25270,1.1264618111930788e-85,0,,167,100
2448,24480,25280,1.3283641680512195e-13,0,,166,100
2449,24490,25290,1.2459656508298735e-95,0,,168,100
2450,24500,25300,5.857708607412069e-113,0,,168,100
2451,24510,25310,1.579608206893104e-31,0,,170,100
2452,24520,25320,4.7691870286799384e-135,0,,170,100
2453,24530,25330,1.1236544168220134e-36,0,,171,100
2454,24540,25340,3.13765742397887e-24,0,,171,100
2455,24550,25350,3.5863554942363826e-26,0,,172,100
2456,24560,25360,2.7373711003507856e-120,0,,170,100
2457,24570,25370,6.420298284847039e-63,0,,171,100
2458,24580,25380,1.1473691900300642e-99,0,,171,100
2459,24590,25390,1.88070781192982e-110,0,,172,100
2460,24600,25400,1.961512671365031e-124,0,,173,100
2461,24610,25410,2.210300864129515e-37,0,,174,100
2462,24620,25420,1.6830319056026354e-27,0,,174,100
2463,24630,25430,6.823825762620882e-128,0,,175,100
2464,24640,25440,2.8084844470263483e-41,0,,176,100
2465,24650,25450,2.2566391833799778e-116,0,,174,100
2466,24660,25460,9.683242373442586e-46,0,,177,100
2467,24670,25470,7.8743392860907e-130,0,,175,100
2468,24680,25480,1.4495936394351875e-135,0,,179,100
2469,24690,25490,5.413809620438977e-125,0,,178,100
2470,24700,25500,5.409609390324334e-105,0,,177,100
2471,24710,25510,6.248098596931366e-80,0,,177,100
2472,24720,25520,3.272842115441429e-59,0,,176,100
2473,24730,25530,8.526235641741718e-99,0,,174,100
2474,24740,25540,5.394865167652532e-91,0,,176,100
2475,24750,25550,1.458759763865735e-43,0,,178,100
2476,24760,25560,2.659961897742724e-53,0,,178,100
2477,24770,25570,1.9743694789075232e-88,0,,179,100
2478,24780,25580,5.900217417700706e-100,0,,179,100
2479,24790,25590,1.9540607862694877e-94,0,,178,100
2480,24800,25600,2.914857858928678e-95,0,,178,100
2481,24810,25610,7.126131151039197e-91,0,,179,100
2482,24820,25620,4.680669868379217e-31,0,,179,100
2483,24830,25630,7.355358177613878e-38,0,,178,100
2484,24840,25640,1.742346695783261e-75,0,,180,100
2485,24850,25650,9.448598924040439e-29,0,,180,100
2486,24860,25660,1.3043653752386663e-35,0,,180,100
2487,24870,25670,1.8598479265307237e-34,0,,182,100
2488,24880,25680,5.433363326374642e-34,0,,183,100
2489,24890,25690,2.4300191963992356e-56,0,,183,100
2490,24900,25700,1.511570430875625e-56,0,,183,100
2491,24910,25710,5.770715657582129e-38,0,,182,100
2492,24920,25720,1.285915113707232e-61,0,,183,100
2493,24930,25730,6.025666960046363e-75,0,,181,100
2494,24940,25740,5.652766428942213e-43,0,,180,100
2495,24950,25750,2.0504629901902887e-41,0,,181,100
2496,24960,25760,7.654936938891602e-52,0,,178,100
2497,24970,25770,3.496028482328592e-103,0,,180,100
2498,24980,25780,3.076433746263564e-49,0,,181,100
2499,24990,25790,1.1426555473116895e-84,0,,183,100
2500,25000,25800,7.966364315069699e-81,0,,186,100
2501,25010,25810,5.518620002791112e-41,0,,188,100
2502,25020,25820,4.8934065335581656e-33,0,,187,100
2503,25030,25830,6.332661831622921e-54,0,,185,100
2504,25040,25840,2.916392242311364e-51,0,,185,100
2505,25050,25850,5.043158421797718e-41,0,,188,100
2506,25060,25860,2.4687588230216426e-47,0,,187,100
2507,25070,25870,1.1146628668724668e-45,0,,187,100
2508,25080,25880,2.084241276828246e-57,0,,187,100
2509,25090,25890,7.624976372395616e-52,0,,188,100
2510,25100,25900,6.766481204996933e-45,0,,186,100
2511,25110,25910,1.1917561355322058e-28,0,,186,100
2512,25120,25920,4.667278293973096e-29,0,,185,100
2513,25130,25930,1.377349342271406e-81,0,,187,100
2514,25140,25940,1.4141674425258296e-37,0,,187,100
2515,25150,25950,1.8596915830841264e-75,0,,189,100
2516,25160,25960,1.7089175991613428e-87,0,,189,100
2517,25170,25970,2.2563184407885008e-97,0,,187,100
2518,25180,25980,3.0421192142224086e-85,0,,186,100
2519,25190,25990,7.11360746981231e-33,0,,186,100
2520,25200,26000,6.405974409118048e-95,0,,187,100
2521,25210,26010,1.4656630400792017e-93,0,,189,100
2522,25220,26020,1.0815225740497914e-82,0,,191,100
2523,25230,26030,3.633242143290706e-75,0,,191,100
2524,25240,26040,1.3775802873271534e-27,0,,190,100
2525,25250,26050,3.508176941046675e-23,0,,189,100
2526,25260,26060,1.5694332989604613e-55,0,,189,100
2527,25270,26070,2.3036055549652017e-59,0,,191,100
2528,25280,26080,1.5850550547084857e-52,0,,191,100
2529,25290,26090,1.2079518207231478e-56,0,,192,100
2530,25300,26100,3.520283408571989e-65,0,,192,100
2531,25310,26110,7.21524272126041e-36,0,,192,100
2532,25320,26120,3.519484857278845e-95,0,,189,100
2533,25330,26130,2.2346876892025384e-52,0,,190,100
2534,25340,26140,1.0755670994286925e-65,0,,191,100
2535,25350,26150,2.3696714724144122e-30,0,,191,100
2536,25360,26160,2.609816892194547e-97,0,,194,100
2537,25370,26170,6.958493604382734e-85,0,,192,100
2538,25380,26180,2.8461896239864746e-69,0,,192,100
2539,25390,26190,2.7428031003747387e-68,0,,192,100
2540,25400,26200,6.326408569625456e-64,0,,192,100
2541,25410,26210,2.6376648938453848e-42,0,,193,100
2542,25420,26220,4.023113453780648e-46,0,,192,100
2543,25430,26230,4.779459539027395e-57,0,,191,100
2544,25440,26240,1.2095041112810948e-89,0,,194,100
2545,25450,26250,1.02436132137555e-34,0,,192,100
2546,25460,26260,2.1765320710724452e-20,0,,191,100
2547,25470,26270,1.7056165493582795e-57,0,,193,100
2548,25480,26280,1.956153665832956e-19,0,,194,100
2549,25490,26290,2.936663660633573e-74,0,,192,100
2550,25500,26300,1.2226020549692488e-19,0,,193,100
2551,25510,26310,2.2521720486959566e-22,0,,193,100
2552,25520,26320,6.7322520997059825e-19,0,,195,100
2553,25530,26330,3.130770678294711e-78,0,,194,100
2554,25540,26340,1.2653875725721393e-112,0,,193,100
2555,25550,26350,2.1534339822851796e-17,0,,191,100
2556,25560,26360,1.4310390125424677e-28,0,,191,100
2557,25570,26370,1.0214778442919508e-73,0,,190,100
2558,25580,26380,1.8488043854307768e-66,0,,190,100
2559,25590,26390,3.295337219750172e-68,0,,189,100
2560,25600,26400,2.1734580612133997e-12,0,,188,100
2561,25610,26410,8.360969734882201e-15,0,,190,100
2562,25620,26420,3.5611727764092595e-60,0,,192,100
2563,25630,26430,1.2805419689354633e-13,0,,194,100
2564,25640,26440,5.548886503407137e-16,0,,196,100
2565,25650,26450,2.1560062376668036e-09,0,,195,100
2566,25660,26460,7.822445073171287e-12,0,,195,100
2567,25670,26470,2.3877034336126883e-09,0,,194,100
2568,25680,26480,2.3679268000305326e-77,0,,193,100
2569,25690,26490,1.1199280694609659e-07,0,,193,100
2570,25700,26500,9.842042439692586e-17,0,,193,100
2571,25710,26510,3.674056126380888e-55,0,,194,100
2572,25720,26520,3.6515595093838344e-18,0,,195,100
2573,25730,26530,1.8461551699594942e-34,0,,195,100
2574,25740,26540,4.599619673957784e-34,0,,194,100
2575,25750,26550,8.945621342442465e-21,0,,194,100
2576,25760,26560,2.7068995061023037e-27,0,,195,100
2577,25770,26570,1.1411690509752899e-22,0,,196,100
2578,25780,26580,1.7669643802841325e-13,0,,194,100
2579,25790,26590,8.643087403099057e-25,0,,194,100
2580,25800,26600,8.1064224785967705e-25,0,,192,100
2581,25810,26610,1.1347312807522309e-10,0,,190,100
2582,25820,26620,1.736374594344387e-12,0,,192,100
2583,25830,26630,1.2897091656241915e-21,0,,191,100
2584,25840,26640,1.2566232421117097e-21,0,,191,100
2585,25850,26650,4.3822741852381186e-39,0,,188,100
2586,25860,26660,3.1803468909636235e-16,0,,189,100
2587,25870,26670,1.673808023270952e-15,0,,187,100
2588,25880,26680,2.0498067211091581e-16,0,,190,100
2589,25890,26690,2.662704382889874e-68,0,,190,100
2590,25900,26700,1.0934564643020414e-23,0,,189,100
2591,25910,26710,4.683911202231419e-14,0,,191,100
2592,25920,26720,2.4119195840477975e-22,0,,191,100
2593,25930,26730,9.582758689598516e-06,0,,188,100
2594,25940,26740,8.393561983840713e-21,0,,188,100
2595,25950,26750,8.963439752444513e-35,0,,187,100
2596,25960,26760,4.625843784163019e-33,0,,188,100
2597,25970,26770,1.2012957028098575e-18,0,,189,100
2598,25980,26780,1.229520040866328e-15,0,,189,100
2599,25990,26790,1.27884683731617e-12,0,,188,100
2600,26000,26800,3.4856208355057535e-27,0,,187,100
2601,26010,26810,1.7274335033768987e-29,0,,187,100
2602,26020,26820,1.4070087805423508e-22,0,,185,100
2603,26030,26830,1.4682548246878048e-86,0,,187,100
2604,26040,26840,1.0559479771575979e-35,0,,187,100
2605,26050,26850,9.744746323018106e-15,0,,187,100
2606,26060,26860,1.1694840968503514e-22,0,,188,100
2607,26070,26870,2.465099183753634e-22,0,,185,100
2608,26080,26880,2.1181070631334816e-33,0,,185,100
2609,26090,26890,7.546383054145077e-14,0,,184,100
2610,26100,26900,2.3743330341852764e-22,0,,185,100
2611,26110,26910,2.5839084635926097e-16,0,,185,100
2612,26120,26920,5.927105868793312e-34,0,,185,100
2613,26130,26930,8.115771913005038e-09,0,,184,100
2614,26140,26940,4.190776145103568e-10,0,,183,100
2615,26150,26950,2.1094027041856614e-21,0,,183,100
2616,26160,26960,1.8733443232994756e-68,0,,186,100
2617,26170,26970,1.0660956903983814e-26,0,,184,100
2618,26180,26980,6.067897424159479e-82,0,,183,100
2619,26190,26990,1.8707861136491646e-23,0,,182,100
2620,26200,27000,3.3645384045581793e-75,0,,182,100
2621,26210,27010,5.379691328331256e-56,0,,182,100
2622,26220,27020,5.762371177117377e-23,0,,184,100
2623,26230,27030,8.685126812822144e-49,0,,182,100
2624,26240,27040,1.8553860630233247e-11,0,,182,100
2625,26250,27050,1.5591227314958945e-28,0,,180,100
2626,26260,27060,9.599132541486177e-35,0,,181,100
2627,26270,27070,5.439030339825897e-16,0,,178,100
2628,26280,27080,4.750068724743391e-53,0,,178,100
2629,26290,27090,4.459620514389885e-59,0,,178,100
2630,26300,27100,4.117384567949482e-71,0,,181,100
2631,26310,27110,3.8203989386719493e-78,0,,180,100
2632,26320,27120,8.813682787640962e-75,0,,181,100
2633,26330,27130,3.30918029699965e-75,0,,179,100
2634,26340,27140,2.6097939640606203e-114,0,,180,100
2635,26350,27150,5.5505180455891734e-86,0,,181,100
2636,26360,27160,2.612528289365177e-94,0,,180,100
2637,26370,27170,6.047640363095175e-80,0,,180,100
2638,26380,27180,2.3375466380073815e-105,0,,183,100
2639,26390,27190,1.593246659716107e-102,0,,182,100
2640,26400,27200,7.748310055234428e-94,0,,182,100
2641,26410,27210,3.86254703766738e-97,0,,178,100
2642,26420,27220,5.5943452831213626e-98,0,,177,100
2643,26430,27230,1.8801100168509218e-151,0,,176,100
2644,26440,27240,9.002924143079439e-94,0,,174,100
2645,26450,27250,4.4943745703751224e-101,0,,175,100
2646,26460,27260,4.25164084761955e-111,0,,176,100
2647,26470,27270,9.664643988280807e-97,0,,175,100
2648,26480,27280,8.902362083448736e-100,0,,177,100
2649,26490,27290,3.582367138711845e-111,0,,177,100
2650,26500,27300,7.938631341334363e-121,0,,176,100
2651,26510,27310,5.638017221531992e-117,0,,177,100
2652,26520,27320,6.3060644685020836e-130,0,,177,100
2653,26530,27330,3.1020961119350713e-78,0,,177,100
2654,26540,27340,2.0138012520718134e-136,0,,176,100
2655,26550,27350,2.2145547362110334e-78,0,,176,100
2656,26560,27360,1.3598736016373044e-114,0,,178,100
2657,26570,27370,4.812273518764342e-95,0,,178,100
2658,26580,27380,7.351977555065716e-89,0,,178,100
2659,26590,27390,4.038362734052764e-92,0,,178,100
2660,26600,27400,3.519588465560955e-154,0,,176,100
2661,26610,27410,2.449612601129188e-139,0,,175,100
2662,26620,27420,2.366122484025548e-130,0,,175,100
2663,26630,27430,2.201982668636092e-131,0,,178,100
2664,26640,27440,1.9150166622518165e-97,0,,177,100
2665,26650,27450,1.768649104658574e-80,0,,176,100
2666,26660,27460,9.280795563159046e-150,0,,175,100
2667,26670,27470,8.983845422746864e-148,0,,173,100
2668,26680,27480,7.17348315128453e-70,0,,173,100
2669,26690,27490,1.6186593164455801e-62,0,,172,100
2670,26700,27500,2.564739133666658e-56,0,,172,100
2671,26710,27510,2.2325768196325666e-48,0,,174,100
2672,26720,27520,2.65636631486186e-159,0,,173,100
2673,26730,27530,2.1490674611024378e-134,0,,172,100
2674,26740,27540,8.179703654834463e-59,0,,173,100
2675,26750,27550,1.8953035805916327e-108,0,,171,100
2676,26760,27560,1.947186189015388e-107,0,,173,100
2677,26770,27570,3.232266361533562e-95,0,,174,100
2678,26780,27580,1.2335878813769945e-102,0,,173,100
2679,26790,27590,5.588209174179677e-109,0,,173,100
2680,26800,27600,1.409704025983001e-40,0,,174,100
2681,26810,27610,1.9682857476342844e-17,0,,174,100
2682,26820,27620,3.7975241287586547e-112,0,,172,100
2683,26830,27630,5.367511274519529e-32,0,,173,100
2684,26840,27640,1.087028609885373e-75,0,,173,100
2685,26850,27650,1.8049006738348516e-40,0,,174,100
2686,26860,27660,1.2965551178256844e-80,0,,174,100
2687,26870,27670,6.505149045390916e-85,0,,174,100
2688,26880,27680,1.913840208995742e-89,0,,174,100
2689,26890,27690,1.165211496990139e-112,0,,174,100
2690,26900,27700,2.175965273501659e-115,0,,173,100
2691,26910,27710,2.0218669341079052e-107,0,,174,100
2692,26920,27720,2.0880513610058129e-88,0,,174,100
2693,26930,27730,6.575405875816423e-44,0,,175,100
2694,26940,27740,7.492269074126208e-95,0,,172,100
2695,26950,27750,5.286096186879122e-13,0,,171,100
2696,26960,27760,4.629291765694617e-42,0,,167,100
2697,26970,27770,3.5117608761758937e-17,0,,165,100
2698,26980,27780,5.93615868370764e-17,0,,163,100
2699,26990,27790,1.3642195995226964e-75,0,,162,100
2700,27000,27800,6.40483417282425e-27,0,,161,100
2701,27010,27810,4.649047954403151e-99,0,,156,100
2702,27020,27820,1.3940494050320694e-12,0,,155,100
2703,27030,27830,1.2494580714211916e-109,0,,154,100
2704,27040,27840,1.6590700627079153e-12,0,,151,100
2705,27050,27850,3.829383793634339e-09,0,,149,100
2706,27060,27860,7.468058293859473e-31,0,,147,100
2707,27070,27870,3.5342033283006654e-61,0,,144,100
2708,27080,27880,3.1199605459844476e-33,0,,142,100
2709,27090,27890,1.6079043116467506e-19,0,,139,100
2710,27100,27900,7.583582038673698e-25,0,,137,100
2711,27110,27910,3.4121628120593894e-34,0,,135,100
2712,27120,27920,2.7791262442829786e-30,0,,134,100
2713,27130,27930,1.1524234381283907e-34,0,,132,100
2714,27140,27940,9.228629559676922e-31,0,,130,100
2715,27150,27950,3.3328809194708135e-27,0,,128,100
2716,27160,27960,3.8065436407106364e-26,0,,126,100
2717,27170,27970,1.1656871876063731e-38,0,,124,100
2718,27180,27980,2.530691120238323e-14,0,,121,100
2719,27190,27990,7.591156683519285e-31,0,,118,100
2720,27200,28000,2.651640142317769e-33,0,,116,100
2721,27210,28010,2.4230502623377535e-16,0,,115,100
2722,27220,28020,1.5064016126404941e-47,0,,112,100
2723,27230,28030,4.272055244082934e-67,0,,111,100
2724,27240,28040,7.548595243919903e-43,0,,109,100
2725,27250,28050,4.598880199470911e-17,0,,105,100
2726,27260,28060,8.39925965042946e-35,0,,104,100
2727,27270,28070,9.342536887317339e-34,0,,102,100
