window_index,char_start,char_end,p_z,extracted,error,n_tokens_in_chunk,sequence_len_tokens
0,0,800,1.8185351291136023e-13,0,,165,100
1,5,805,4.686798354088091e-15,0,,164,100
2,15,815,1.0808408171363707e-16,0,,164,100
3,18,818,2.1268425394904136e-15,0,,163,100
4,22,822,5.962281338875833e-16,0,,162,100
5,29,829,2.333223723676069e-17,0,,161,100
6,32,832,1.732067517684818e-16,0,,161,100
7,36,836,4.243045056290803e-18,0,,161,100
8,43,843,1.9616688921081285e-17,0,,162,100
9,51,851,9.921645447327196e-16,0,,160,100
10,54,854,1.0303494659780608e-16,0,,160,100
11,60,860,3.110958089523225e-16,0,,160,100
12,63,863,3.563127213448995e-17,0,,160,100
13,68,868,2.3255757813277836e-18,0,,161,100
14,70,870,9.608369395217496e-18,0,,160,100
15,75,875,7.21620030471746e-17,0,,160,100
16,83,883,3.64168902771227e-17,0,,161,100
17,90,890,1.5328329811519108e-14,0,,160,100
18,100,900,3.6606456981750744e-15,0,,162,100
19,109,909,1.3467281293237011e-12,0,,162,100
20,116,916,2.7779431815688895e-14,0,,163,100
21,125,925,1.9963851506709717e-15,0,,164,100
22,138,938,5.8337545676870675e-12,0,,160,100
23,146,946,8.224184272729444e-10,0,,162,100
24,150,950,1.0161299384434507e-11,0,,162,100
25,154,954,1.1546472246190986e-10,0,,162,100
26,161,961,1.2248477762769635e-10,0,,164,100
27,170,970,1.599398381215214e-11,0,,164,100
28,178,978,1.141012703156758e-11,0,,164,100
29,182,982,1.561220492724361e-12,0,,165,100
30,190,990,7.374693579503651e-13,0,,167,100
31,199,999,1.8017944220067003e-11,0,,166,100
32,203,1003,7.149355056853681e-12,0,,165,100
33,210,1010,3.72341893353627e-11,0,,167,100
34,214,1014,1.8613899296199034e-11,0,,167,100
35,224,1024,2.7510701448773456e-12,0,,167,100
36,227,1027,1.958875881434666e-13,0,,167,100
37,235,1035,3.203456133231015e-13,0,,170,100
38,238,1038,3.735059702335932e-13,0,,171,100
39,248,1048,3.537540612059857e-13,0,,169,100
40,252,1052,1.786897837724372e-12,0,,169,100
41,256,1056,1.4607527395594784e-12,0,,169,100
42,267,1067,2.994487228052478e-13,0,,168,100
43,270,1070,3.195245268385814e-12,0,,167,100
44,277,1077,1.92338853344947e-12,0,,167,100
45,281,1081,1.8135548773753805e-13,0,,167,100
46,291,1091,1.5034609024598253e-13,0,,169,100
47,296,1096,1.3327209944354723e-13,0,,169,100
48,309,1109,2.2015163496072637e-12,0,,169,100
49,313,1113,1.932378795015879e-15,0,,169,100
50,317,1117,8.764316137108192e-16,0,,169,100
51,324,1124,1.160938312926853e-15,0,,169,100
52,331,1131,1.4332005325946502e-14,0,,170,100
53,334,1134,1.161615267105489e-13,0,,168,100
54,345,1145,1.6914682765137775e-18,0,,166,100
55,353,1153,1.8351289955452158e-15,0,,167,100
56,356,1156,1.140727157852031e-16,0,,165,100
57,364,1164,1.4733730838625758e-16,0,,164,100
58,367,1167,1.8684121542589846e-15,0,,162,100
59,371,1171,2.9035092213488414e-19,0,,164,100
60,383,1183,9.053959706581077e-17,0,,162,100
61,390,1190,1.1495599983658067e-15,0,,162,100
62,397,1197,6.998208120245874e-20,0,,164,100
63,405,1205,4.197357701455147e-18,0,,163,100
64,411,1211,1.3045625975565968e-18,0,,163,100
65,414,1214,5.1496003153682935e-18,0,,163,100
66,421,1221,5.659733908590193e-18,0,,162,100
67,424,1224,9.887826399440902e-17,0,,162,100
68,426,1226,1.6084213332039944e-17,0,,162,100
69,435,1235,3.684230723979e-18,0,,162,100
70,438,1238,5.2059236425030674e-18,0,,162,100
71,442,1242,3.2549852840810755e-18,0,,162,100
72,449,1249,1.5251887359994013e-18,0,,162,100
73,457,1257,4.1428781395148576e-17,0,,162,100
74,463,1263,5.254658095937382e-20,0,,161,100
75,469,1269,7.301748664115291e-20,0,,163,100
76,477,1277,1.835764501682283e-21,0,,162,100
77,480,1280,5.9504240684007514e-21,0,,162,100
78,482,1282,1.0128779182859248e-20,0,,161,100
79,489,1289,1.2672083400804104e-21,0,,161,100
80,493,1293,1.1182278486381657e-21,0,,161,100
81,499,1299,2.018870882288402e-18,0,,161,100
82,502,1302,1.895479413721445e-18,0,,161,100
83,520,1320,5.717525490067824e-20,0,,162,100
84,528,1328,1.6040026495261692e-21,0,,162,100
85,531,1331,3.0028732671907665e-16,0,,160,100
86,535,1335,7.667625295211366e-17,0,,158,100
87,541,1341,5.760697824037676e-20,0,,157,100
88,544,1344,1.8973451436079042e-19,0,,158,100
89,560,1360,6.0309343514837985e-19,0,,160,100
90,566,1366,4.2131695742981004e-17,0,,161,100
91,569,1369,7.092886368093402e-17,0,,162,100
92,578,1378,9.490787567873623e-22,0,,161,100
93,581,1381,2.6860883435123837e-20,0,,161,100
94,589,1389,2.4892326726143015e-20,0,,163,100
95,596,1396,1.9334282102553372e-20,0,,163,100
96,602,1402,4.195535626377513e-19,0,,163,100
97,609,1409,1.6908956841993358e-20,0,,162,100
98,614,1414,5.683653116242673e-21,0,,162,100
99,617,1417,1.4155383299418065e-17,0,,162,100
100,621,1421,7.040729627479126e-19,0,,162,100
101,628,1428,2.417253468424825e-18,0,,162,100
102,631,1431,4.028335545768411e-19,0,,161,100
103,635,1435,1.9999343231661442e-19,0,,161,100
104,643,1443,1.1696905417228947e-20,0,,161,100
105,651,1451,5.59467969499573e-20,0,,161,100
106,655,1455,4.3032291135247906e-20,0,,161,100
107,659,1459,3.190654855531321e-18,0,,160,100
108,668,1468,1.492016923498351e-17,0,,160,100
109,671,1471,1.6286936471014794e-19,0,,160,100
110,676,1476,1.6466396499975838e-17,0,,160,100
111,682,1482,1.950614059180136e-16,0,,160,100
112,688,1488,7.180231004314434e-16,0,,160,100
113,693,1493,6.13518524716974e-17,0,,160,100
114,697,1497,1.984210691231041e-16,0,,160,100
115,712,1512,2.741230354569811e-20,0,,162,100
116,722,1522,1.7490169329529343e-18,0,,162,100
117,726,1526,3.286390671340023e-17,0,,162,100
118,735,1535,1.1142363172081286e-15,0,,161,100
119,738,1538,5.211354832656104e-17,0,,160,100
120,742,1542,2.0113618329055054e-16,0,,161,100
121,747,1547,2.915408687867824e-16,0,,162,100
122,756,1556,1.3123868298026976e-16,0,,163,100
123,763,1563,2.4023595570181935e-16,0,,163,100
124,766,1566,2.4188498812803236e-14,0,,163,100
125,770,1570,8.157288051945568e-15,0,,163,100
126,776,1576,8.933493185148807e-15,0,,166,100
127,790,1590,1.527536307825143e-17,0,,163,100
128,793,1593,1.4333494744319903e-17,0,,162,100
129,800,1600,8.814282823108888e-19,0,,163,100
130,806,1606,2.1521755536064007e-17,0,,164,100
131,809,1609,1.2996823262900895e-19,0,,163,100
132,811,1611,3.586662707183608e-20,0,,164,100
133,826,1626,1.6084154255256926e-16,0,,162,100
134,830,1630,3.493505476682162e-18,0,,162,100
135,836,1636,2.0194619638144876e-19,0,,162,100
136,840,1640,2.5988612689198787e-18,0,,162,100
137,845,1645,7.584627903361246e-18,0,,163,100
138,854,1654,1.2783707228255287e-15,0,,163,100
139,857,1657,5.730003439796158e-16,0,,162,100
140,861,1661,1.7518102523105585e-13,0,,162,100
141,865,1665,9.677100636830658e-14,0,,162,100
142,868,1668,1.2863556680100424e-13,0,,163,100
143,875,1675,2.33685860029636e-16,0,,162,100
144,880,1680,1.1717938384126112e-15,0,,162,100
145,887,1687,5.203713445713557e-15,0,,161,100
146,891,1691,1.6659451840849162e-12,0,,161,100
147,896,1696,2.919162050085964e-13,0,,161,100
148,902,1702,1.6681623064231818e-14,0,,161,100
149,908,1708,4.0066819544874726e-14,0,,162,100
150,910,1710,9.2595979432941e-15,0,,162,100
151,918,1718,1.4722118322131172e-17,0,,162,100
152,921,1721,9.726027195962665e-17,0,,161,100
153,925,1725,2.1749706342521862e-18,0,,160,100
154,932,1732,3.024569343105546e-15,0,,160,100
155,940,1740,5.295692937030628e-19,0,,160,100
156,944,1744,1.4125931400958663e-18,0,,159,100
157,948,1748,1.0502950727330689e-19,0,,160,100
158,954,1754,1.0826968696604154e-20,0,,159,100
159,959,1759,2.932371581716107e-18,0,,157,100
160,964,1764,3.122063179579477e-19,0,,157,100
161,973,1773,2.4319711961038144e-19,0,,158,100
162,976,1776,7.135548525483462e-18,0,,158,100
163,979,1779,2.1208928550510776e-17,0,,157,100
164,990,1790,3.881287901094623e-17,0,,157,100
165,993,1793,1.0405169615002661e-16,0,,156,100
166,998,1798,5.440281489923794e-17,0,,155,100
167,1004,1804,1.5108248005142804e-18,0,,155,100
168,1007,1807,3.1856565930392907e-16,0,,155,100
169,1013,1813,1.2282135177765283e-17,0,,156,100
170,1016,1816,2.534888951309585e-17,0,,154,100
171,1022,1822,6.499508045571975e-18,0,,155,100
172,1025,1825,8.614406620360923e-18,0,,156,100
173,1034,1834,8.370412994831832e-19,0,,154,100
174,1050,1850,2.019753160765064e-18,0,,154,100
175,1054,1854,1.891134186285184e-18,0,,154,100
176,1061,1861,4.7795344175196845e-19,0,,155,100
177,1067,1867,2.1487808437516676e-17,0,,154,100
178,1073,1873,1.9733127862857532e-22,0,,154,100
179,1076,1876,2.8157251172878784e-16,0,,154,100
180,1088,1888,3.2722077775625638e-18,0,,152,100
181,1094,1894,6.051930277940766e-18,0,,152,100
182,1098,1898,5.047237387625024e-17,0,,152,100
183,1106,1906,8.192126609783797e-21,0,,152,100
184,1113,1913,3.277825317129082e-19,0,,152,100
185,1119,1919,9.897362523475506e-20,0,,153,100
186,1123,1923,1.6563083043008535e-20,0,,154,100
187,1126,1926,4.193548712812526e-20,0,,154,100
188,1135,1935,1.5745169849946801e-18,0,,156,100
189,1142,1942,3.2601564281343973e-21,0,,156,100
190,1147,1947,9.544875590000882e-20,0,,156,100
191,1154,1954,7.961199546128081e-20,0,,156,100
192,1164,1964,1.9337138435537402e-19,0,,156,100
193,1167,1967,9.93640700955657e-21,0,,155,100
194,1173,1973,9.500763810640786e-21,0,,157,100
195,1184,1984,6.118365899257219e-20,0,,157,100
196,1193,1993,6.547109345829782e-20,0,,156,100
197,1199,1999,4.573544799637321e-22,0,,157,100
198,1205,2005,1.2175080680879534e-20,0,,157,100
199,1208,2008,1.8280310625649113e-20,0,,157,100
200,1219,2019,8.76726930558843e-22,0,,158,100
201,1222,2022,5.398547747409256e-21,0,,158,100
202,1229,2029,1.3574560206785565e-23,0,,157,100
203,1232,2032,7.599839366506612e-24,0,,158,100
204,1236,2036,5.304896545435946e-25,0,,157,100
205,1242,2042,6.067636984483284e-24,0,,157,100
206,1249,2049,1.9584573100405179e-25,0,,158,100
207,1252,2052,1.6803872612308174e-24,0,,158,100
208,1257,2057,2.9450020775416744e-24,0,,159,100
209,1266,2066,5.841279795983779e-28,0,,157,100
210,1276,2076,1.8056711925128577e-27,0,,160,100
211,1282,2082,5.313112640438225e-28,0,,161,100
212,1288,2088,1.2135906709944057e-28,0,,160,100
213,1291,2091,1.5397088669763978e-28,0,,159,100
214,1299,2099,6.352649514525702e-30,0,,160,100
215,1303,2103,1.0081583015041283e-28,0,,160,100
216,1305,2105,1.9829322929109318e-26,0,,160,100
217,1310,2110,3.9695614114601055e-30,0,,158,100
218,1313,2113,1.5482781100631458e-30,0,,158,100
219,1320,2120,1.7968509510653944e-31,0,,156,100
220,1324,2124,4.158894738698502e-34,0,,156,100
221,1334,2134,8.696421330347955e-35,0,,159,100
222,1342,2142,1.1587940353782658e-34,0,,158,100
223,1346,2146,1.2128679513207507e-34,0,,159,100
224,1353,2153,3.59442982554007e-37,0,,157,100
225,1359,2159,2.9424924567329448e-36,0,,157,100
226,1366,2166,1.429904839737886e-37,0,,155,100
227,1369,2169,1.8535756400770148e-35,0,,154,100
228,1373,2173,6.455739087230052e-33,0,,154,100
229,1379,2179,3.427302191810507e-34,0,,156,100
230,1388,2188,1.3091860458660352e-30,0,,155,100
231,1392,2192,1.898681428437508e-31,0,,155,100
232,1399,2199,6.857878280034508e-33,0,,154,100
233,1411,2211,3.527382115853211e-31,0,,156,100
234,1417,2217,9.972811507698412e-32,0,,156,100
235,1420,2220,3.131271968864272e-33,0,,158,100
236,1425,2225,6.486785208410572e-28,0,,158,100
237,1432,2232,1.443613849449637e-30,0,,159,100
238,1438,2238,3.3182469752246667e-28,0,,159,100
239,1444,2244,5.3039183197505855e-28,0,,158,100
240,1450,2250,2.379742739246602e-32,0,,157,100
241,1454,2254,2.623053275509111e-28,0,,157,100
242,1460,2260,1.5896489323482777e-28,0,,158,100
243,1468,2268,1.6621734881609885e-29,0,,158,100
244,1471,2271,6.119853987469384e-28,0,,157,100
245,1475,2275,7.196744538606768e-29,0,,157,100
246,1484,2284,1.8560194672648406e-28,0,,158,100
247,1487,2287,2.6422254813353746e-26,0,,157,100
248,1491,2291,2.722600998960606e-26,0,,156,100
249,1498,2298,2.4649316337952453e-27,0,,158,100
250,1506,2306,3.9587238812824295e-26,0,,157,100
251,1510,2310,1.5589604916027213e-25,0,,157,100
252,1517,2317,6.029712472302153e-26,0,,157,100
253,1523,2323,2.2056423226100873e-26,0,,158,100
254,1534,2334,4.8314859166398356e-24,0,,160,100
255,1539,2339,2.778237708488111e-21,0,,160,100
256,1542,2342,2.24805989557464e-22,0,,162,100
257,1546,2346,3.583454739238246e-20,0,,163,100
258,1553,2353,2.131525323941428e-22,0,,164,100
259,1556,2356,7.786849374797962e-22,0,,164,100
260,1561,2361,1.76827415069097e-21,0,,164,100
261,1568,2368,4.0189150813654566e-21,0,,163,100
262,1571,2371,6.442896867752487e-21,0,,163,100
263,1576,2376,6.055846570962669e-22,0,,162,100
264,1582,2382,8.874775512605917e-23,0,,162,100
265,1585,2385,3.5967182853527195e-24,0,,162,100
266,1589,2389,2.6190941026489327e-23,0,,161,100
267,1597,2397,9.383356871260153e-24,0,,161,100
268,1601,2401,4.671396750028518e-22,0,,160,100
269,1608,2408,1.15479192824326e-22,0,,161,100
270,1611,2411,1.0527270661780379e-22,0,,162,100
271,1627,2427,1.088840122744508e-23,0,,162,100
272,1633,2433,7.664498660981965e-26,0,,162,100
273,1637,2437,2.845455683333231e-26,0,,164,100
274,1644,2444,1.3313450461786766e-23,0,,163,100
275,1648,2448,6.274378985848618e-24,0,,163,100
276,1652,2452,1.6317563369553416e-27,0,,163,100
277,1658,2458,1.240417496486081e-27,0,,166,100
278,1665,2465,3.34812695168828e-27,0,,163,100
279,1675,2475,2.6315244950120806e-28,0,,163,100
280,1679,2479,3.252993049718515e-29,0,,163,100
281,1684,2484,5.293554874270405e-28,0,,163,100
282,1690,2490,5.6536021452291964e-27,0,,164,100
283,1696,2496,1.0493673900422823e-26,0,,164,100
284,1701,2501,8.392711453074903e-26,0,,163,100
285,1704,2504,9.790258631225281e-27,0,,163,100
286,1710,2510,2.849457914453781e-27,0,,163,100
287,1714,2514,2.724889457472942e-28,0,,164,100
288,1730,2530,2.1163894500995574e-28,0,,168,100
289,1734,2534,4.923401615948048e-28,0,,168,100
290,1740,2540,5.503114974070829e-27,0,,166,100
291,1745,2545,7.774657488678543e-27,0,,166,100
292,1757,2557,3.8642260621813357e-28,0,,167,100
293,1763,2563,1.3863330420360075e-32,0,,167,100
294,1766,2566,6.594894717424928e-31,0,,166,100
295,1772,2572,1.964761402417021e-30,0,,165,100
296,1776,2576,1.59947417651534e-32,0,,165,100
297,1782,2582,5.313362679160477e-31,0,,165,100
298,1785,2585,2.7483045333086967e-32,0,,165,100
299,1789,2589,2.486186661035706e-31,0,,167,100
300,1799,2599,4.773242575528191e-34,0,,165,100
301,1805,2605,1.3682258710946081e-35,0,,166,100
302,1808,2608,9.230399118452406e-36,0,,166,100
303,1817,2617,5.821191268241908e-36,0,,166,100
304,1820,2620,9.098676625169215e-37,0,,166,100
305,1826,2626,2.5478140772134672e-39,0,,165,100
306,1833,2633,8.075822279559973e-36,0,,165,100
307,1847,2647,6.847936745019059e-31,0,,167,100
308,1854,2654,9.27266770930536e-32,0,,167,100
309,1860,2660,2.1647633574674263e-29,0,,166,100
310,1867,2667,2.9696326207796195e-28,0,,167,100
311,1871,2671,5.843141200566479e-28,0,,168,100
312,1882,2682,5.090951167216348e-29,0,,168,100
313,1894,2694,4.003479323188002e-27,0,,168,100
314,1899,2699,3.6829688113878654e-31,0,,167,100
315,1911,2711,8.832497246165875e-30,0,,168,100
316,1917,2717,4.8057164047365684e-26,0,,167,100
317,1926,2726,7.310847088767826e-27,0,,167,100
318,1931,2731,3.898855853299298e-25,0,,165,100
319,1935,2735,2.9212064404759885e-25,0,,166,100
320,1942,2742,5.193145396180375e-26,0,,166,100
321,1948,2748,9.75359352212737e-25,0,,165,100
322,1961,2761,5.170592011634548e-24,0,,167,100
323,1968,2768,3.8419708991289824e-24,0,,168,100
324,1977,2777,4.472961585165058e-25,0,,168,100
325,1982,2782,6.646757997962369e-25,0,,167,100
326,1991,2791,2.2236780433703284e-23,0,,168,100
327,1996,2796,1.7764159915812078e-25,0,,167,100
328,2005,2805,2.087228075778176e-25,0,,168,100
329,2010,2810,7.425098055405738e-23,0,,167,100
330,2016,2816,4.222437163537781e-23,0,,168,100
331,2025,2825,1.2153619400140923e-22,0,,169,100
332,2031,2831,2.0028606685313484e-21,0,,168,100
333,2037,2837,1.8263007846240897e-21,0,,170,100
334,2046,2846,8.011531093971454e-22,0,,170,100
335,2052,2852,3.790972808414601e-21,0,,169,100
336,2056,2856,4.636418666010376e-20,0,,169,100
337,2064,2864,1.5459667790258492e-23,0,,170,100
338,2072,2872,2.4686925796767648e-23,0,,167,100
339,2077,2877,8.303232591980841e-24,0,,169,100
340,2087,2887,1.2379530920536553e-24,0,,170,100
341,2094,2894,6.272438449900358e-29,0,,170,100
342,2097,2897,2.032806910115029e-28,0,,170,100
343,2101,2901,3.832439039266228e-26,0,,170,100
344,2116,2916,3.314055235764598e-27,0,,171,100
345,2121,2921,3.735944201798339e-27,0,,171,100
346,2125,2925,5.378819516383553e-27,0,,171,100
347,2132,2932,6.358833641548711e-29,0,,170,100
348,2136,2936,2.608725996747247e-27,0,,171,100
349,2146,2946,8.90650076719723e-27,0,,172,100
350,2156,2956,1.2644275995114985e-26,0,,175,100
351,2164,2964,5.605771004369031e-28,0,,174,100
352,2170,2970,6.49355451609948e-31,0,,175,100
353,2176,2976,5.766637128182784e-31,0,,176,100
354,2182,2982,6.184490045234563e-29,0,,175,100
355,2185,2985,6.863150498536131e-32,0,,174,100
356,2194,2994,1.043350883588807e-31,0,,175,100
357,2197,2997,7.676300939665058e-31,0,,174,100
358,2202,3002,1.8516185681767155e-31,0,,174,100
359,2207,3007,1.0260641261633841e-33,0,,174,100
360,2219,3019,2.874068116711449e-35,0,,173,100
361,2223,3023,3.9137126931394126e-35,0,,173,100
362,2229,3029,3.6571506864744535e-34,0,,171,100
363,2232,3032,2.263423734413628e-34,0,,172,100
364,2248,3048,9.036647445528612e-33,0,,175,100
365,2254,3054,1.1999744545085271e-33,0,,173,100
366,2260,3060,1.710541320741526e-38,0,,172,100
367,2266,3066,7.121069256947603e-38,0,,172,100
368,2274,3074,1.0869523195154646e-33,0,,173,100
369,2278,3078,4.6856163785641963e-35,0,,172,100
370,2284,3084,4.2033107827474656e-35,0,,173,100
371,2294,3094,1.920931723308683e-37,0,,171,100
372,2298,3098,4.771098670011386e-38,0,,171,100
373,2304,3104,1.1051218293235136e-35,0,,171,100
374,2309,3109,8.990888707763567e-37,0,,171,100
375,2313,3113,3.311724403328924e-36,0,,171,100
376,2318,3118,1.7423146985350467e-32,0,,171,100
377,2324,3124,3.3013028147947175e-34,0,,171,100
378,2327,3127,2.0650893981933286e-31,0,,171,100
379,2341,3141,6.697755957987963e-23,0,,168,100
380,2349,3149,9.050517178040236e-26,0,,166,100
381,2352,3152,1.271332808465855e-23,0,,164,100
382,2356,3156,1.1378396038448767e-23,0,,164,100
383,2363,3163,1.853569321096751e-22,0,,164,100
384,2366,3166,1.2027439655069332e-21,0,,164,100
385,2370,3170,1.3105395488791135e-19,0,,164,100
386,2377,3177,2.891333523742583e-19,0,,166,100
387,2384,3184,2.4574410295260153e-17,0,,167,100
388,2390,3190,8.842492542221018e-18,0,,167,100
389,2393,3193,6.0947475535539106e-18,0,,168,100
390,2402,3202,8.957614352092504e-18,0,,169,100
391,2405,3205,9.417005610344361e-17,0,,167,100
392,2409,3209,1.1326364902780775e-16,0,,168,100
393,2418,3218,5.636246332759867e-18,0,,168,100
394,2423,3223,6.386757876562697e-17,0,,169,100
395,2428,3228,3.496164897388176e-17,0,,168,100
396,2435,3235,2.7138916834089655e-16,0,,168,100
397,2442,3242,2.147419338190388e-17,0,,168,100
398,2445,3245,2.7460768710064848e-17,0,,168,100
399,2449,3249,9.282060019247317e-17,0,,170,100
400,2461,3261,2.2358383538623027e-14,0,,170,100
401,2470,3270,4.5996925085075124e-17,0,,169,100
402,2474,3274,1.2261873682996581e-17,0,,170,100
403,2478,3278,4.224588234303332e-18,0,,169,100
404,2485,3285,4.0088811288428103e-19,0,,169,100
405,2489,3289,6.396562742201985e-19,0,,168,100
406,2494,3294,3.315269441317256e-20,0,,168,100
407,2502,3302,3.549543182801858e-19,0,,169,100
408,2508,3308,3.2464237474501184e-19,0,,169,100
409,2513,3313,9.05399785316401e-21,0,,169,100
410,2517,3317,1.6223566869304597e-20,0,,169,100
411,2524,3324,1.7521838600433843e-20,0,,167,100
412,2536,3336,5.438763783784827e-22,0,,169,100
413,2542,3342,1.5552137121718173e-22,0,,170,100
414,2547,3347,3.3282722888680676e-21,0,,170,100
415,2553,3353,3.779692224673018e-24,0,,171,100
416,2556,3356,7.378109741979777e-20,0,,171,100
417,2566,3366,8.279953852894766e-21,0,,172,100
418,2569,3369,4.403733095239511e-24,0,,172,100
419,2581,3381,1.3830107150957802e-22,0,,172,100
420,2584,3384,2.9886325747057545e-26,0,,172,100
421,2588,3388,4.114306693861271e-25,0,,172,100
422,2594,3394,4.38830641385425e-28,0,,172,100
423,2604,3404,4.333436294445841e-32,0,,173,100
424,2609,3409,4.608793130221618e-30,0,,174,100
425,2615,3415,1.6519362936548756e-32,0,,175,100
426,2618,3418,1.0025743780934765e-32,0,,176,100
427,2626,3426,4.699840028386701e-31,0,,175,100
428,2629,3429,6.278072486997865e-31,0,,175,100
429,2637,3437,8.497808843147818e-31,0,,175,100
430,2640,3440,1.4925513157395967e-34,0,,175,100
431,2644,3444,9.751952935181195e-32,0,,174,100
432,2647,3447,4.4452345492450523e-35,0,,173,100
433,2652,3452,3.5292685871192346e-34,0,,173,100
434,2658,3458,7.411531545144634e-36,0,,174,100
435,2667,3467,2.3992918951534173e-32,0,,172,100
436,2671,3471,1.4516660934735612e-33,0,,174,100
437,2677,3477,2.1625892463602828e-35,0,,173,100
438,2680,3480,1.1683207612580554e-35,0,,173,100
439,2684,3484,2.2924337990652263e-36,0,,174,100
440,2693,3493,1.640687466903999e-33,0,,174,100
441,2696,3496,1.9712742183941133e-34,0,,174,100
442,2700,3500,2.422400462997547e-30,0,,173,100
443,2706,3506,1.1340120042914344e-33,0,,174,100
444,2712,3512,8.614448418567589e-33,0,,175,100
445,2718,3518,3.02308914369772e-33,0,,174,100
446,2721,3521,2.9007961682010096e-32,0,,175,100
447,2729,3529,8.374502691765122e-32,0,,174,100
448,2732,3532,2.7805734588353608e-30,0,,174,100
449,2736,3536,6.806131649137428e-30,0,,172,100
450,2747,3547,1.323201419447506e-28,0,,176,100
451,2750,3550,1.4465537745407408e-29,0,,175,100
452,2754,3554,2.048582999411373e-28,0,,175,100
453,2761,3561,3.4662266796386195e-30,0,,176,100
454,2767,3567,2.93520679869294e-29,0,,176,100
455,2770,3570,2.855645775799299e-27,0,,175,100
456,2774,3574,2.903383129577796e-27,0,,174,100
457,2781,3581,3.101950778565012e-26,0,,174,100
458,2787,3587,1.8479966489682796e-25,0,,175,100
459,2790,3590,5.70875597547359e-28,0,,175,100
460,2794,3594,5.416526784136345e-28,0,,174,100
461,2805,3605,2.895015983906338e-26,0,,174,100
462,2808,3608,1.2484133500775107e-24,0,,174,100
463,2812,3612,1.242185299643557e-24,0,,175,100
464,2819,3619,2.5567210152114067e-26,0,,176,100
465,2825,3625,8.678387982555797e-24,0,,175,100
466,2829,3629,3.478092029402931e-21,0,,175,100
467,2832,3632,6.731766060888706e-21,0,,175,100
468,2836,3636,1.3267730730063952e-20,0,,175,100
469,2842,3642,1.1857034223695473e-20,0,,176,100
470,2848,3648,1.0103856719606033e-21,0,,176,100
471,2851,3651,1.013379066810471e-21,0,,176,100
472,2855,3655,4.2829962911116757e-23,0,,173,100
473,2866,3666,1.796849866406091e-22,0,,176,100
474,2869,3669,2.0737597838054625e-23,0,,176,100
475,2873,3673,6.58955550028958e-23,0,,176,100
476,2879,3679,1.0045512089997441e-21,0,,175,100
477,2885,3685,1.3155910953011087e-24,0,,174,100
478,2888,3688,3.5254880079994646e-22,0,,174,100
479,2893,3693,2.3714755963356125e-22,0,,173,100
480,2897,3697,4.571400351017303e-21,0,,174,100
481,2903,3703,3.06672484212756e-21,0,,174,100
482,2907,3707,1.7614961646514965e-19,0,,173,100
483,2910,3710,9.431536085995149e-20,0,,174,100
484,2917,3717,4.56688408807853e-25,0,,173,100
485,2923,3723,2.811347470352107e-26,0,,173,100
486,2930,3730,5.470418409418898e-25,0,,175,100
487,2936,3736,1.5888037513533399e-21,0,,175,100
488,2940,3740,3.409398556178755e-23,0,,174,100
489,2943,3743,9.938444696327693e-21,0,,174,100
490,2953,3753,6.061543214773681e-19,0,,175,100
491,2960,3760,1.2450982892259551e-20,0,,174,100
492,2963,3763,6.30006981505428e-19,0,,174,100
493,2976,3776,4.7226784820074834e-20,0,,174,100
494,2979,3779,8.074675522709867e-18,0,,174,100
495,2990,3790,1.6703421749639527e-18,0,,175,100
496,2997,3797,9.115984331176342e-20,0,,177,100
497,3001,3801,3.2193220286760556e-18,0,,177,100
498,3008,3808,8.894586312283299e-19,0,,175,100
499,3011,3811,1.6018628093277992e-16,0,,175,100
500,3015,3815,5.6203372636839e-19,0,,177,100
501,3027,3827,1.649059764084175e-17,0,,176,100
502,3030,3830,8.292404925693657e-19,0,,176,100
503,3034,3834,1.2282115344976134e-18,0,,176,100
504,3041,3841,8.047389949888235e-19,0,,176,100
505,3045,3845,8.052622877509726e-19,0,,177,100
506,3055,3855,1.9009640927984788e-18,0,,180,100
507,3063,3863,9.443988326942554e-21,0,,180,100
508,3067,3867,2.379150781033327e-22,0,,180,100
509,3072,3872,4.315930919116344e-22,0,,181,100
510,3082,3882,4.1963714725214363e-22,0,,180,100
511,3095,3895,4.7201853865761217e-23,0,,181,100
512,3101,3901,5.842830009137616e-24,0,,181,100
513,3105,3905,1.84878676370435e-21,0,,181,100
514,3110,3910,7.794321928811881e-22,0,,181,100
515,3118,3918,4.9963306761654315e-21,0,,182,100
516,3121,3921,3.0025765142184435e-23,0,,182,100
517,3125,3925,1.3458058685641867e-21,0,,183,100
518,3138,3938,3.636858918825655e-24,0,,181,100
519,3144,3944,8.977912295868449e-24,0,,183,100
520,3150,3950,1.0688474519582307e-22,0,,183,100
521,3155,3955,6.200655462234129e-28,0,,183,100
522,3160,3960,1.3059428071831184e-27,0,,183,100
523,3165,3965,5.191293869467936e-25,0,,183,100
524,3177,3977,1.3915432607432606e-27,0,,180,100
525,3180,3980,1.8019989881704938e-28,0,,179,100
526,3187,3987,1.8653984706944487e-29,0,,179,100
527,3193,3993,1.3520497126140045e-28,0,,179,100
528,3196,3996,6.805618052211426e-28,0,,179,100
529,3198,3998,2.6682763391818433e-27,0,,179,100
530,3206,4006,6.237986443279191e-28,0,,179,100
531,3210,4010,1.0164224884836896e-27,0,,179,100
532,3216,4016,1.957500787913413e-26,0,,179,100
533,3220,4020,2.7914857394247813e-30,0,,179,100
534,3225,4025,3.0605755801317603e-30,0,,180,100
535,3234,4034,4.708910502141491e-30,0,,179,100
536,3237,4037,6.054942611802185e-29,0,,178,100
537,3241,4041,2.186128828684712e-31,0,,181,100
538,3245,4045,1.7232405772732264e-31,0,,181,100
539,3248,4048,8.949412307890435e-32,0,,181,100
540,3255,4055,3.230756926533713e-30,0,,181,100
541,3262,4062,1.474343731578343e-29,0,,181,100
542,3266,4066,1.218269545033851e-31,0,,181,100
543,3271,4071,2.4106281022074457e-31,0,,183,100
544,3276,4076,6.327038034628831e-29,0,,181,100
545,3282,4082,6.612633162886773e-28,0,,181,100
546,3284,4084,4.325148807854599e-28,0,,182,100
547,3292,4092,3.4650187468167633e-26,0,,181,100
548,3295,4095,1.3389712312153622e-29,0,,181,100
549,3299,4099,6.540064109856609e-28,0,,180,100
550,3306,4106,1.2569338173926923e-22,0,,181,100
551,3314,4114,4.751369497720293e-26,0,,180,100
552,3318,4118,3.0557689975221296e-27,0,,179,100
553,3322,4122,3.8564883390017364e-28,0,,179,100
554,3328,4128,1.3205407488544132e-27,0,,180,100
555,3333,4133,2.6422396953664716e-25,0,,179,100
556,3338,4138,9.907104419292343e-27,0,,178,100
557,3347,4147,4.2521409399911903e-23,0,,177,100
558,3350,4150,7.528632967922494e-21,0,,177,100
559,3353,4153,1.6390191721346105e-22,0,,177,100
560,3364,4164,2.316078756332587e-24,0,,176,100
561,3367,4167,1.3928397552714274e-24,0,,176,100
562,3372,4172,2.4818381618312965e-25,0,,176,100
563,3378,4178,2.958850973791392e-24,0,,176,100
564,3382,4182,2.176713476889319e-24,0,,176,100
565,3388,4188,1.727521256815267e-21,0,,177,100
566,3391,4191,1.0297787414241265e-22,0,,177,100
567,3397,4197,1.182029313215506e-23,0,,177,100
568,3400,4200,9.22334777243566e-24,0,,177,100
569,3409,4209,3.504164893623195e-23,0,,174,100
570,3413,4213,2.2261414340243394e-22,0,,174,100
571,3418,4218,1.6274936572091773e-24,0,,174,100
572,3428,4228,3.7153815578827708e-25,0,,175,100
573,3431,4231,2.634827790926254e-26,0,,174,100
574,3435,4235,3.627405294722807e-26,0,,174,100
575,3442,4242,5.8693050236186725e-24,0,,175,100
576,3449,4249,2.8457712878247965e-23,0,,174,100
577,3455,4255,5.150024695865499e-25,0,,174,100
578,3458,4258,7.283995415430736e-23,0,,174,100
579,3468,4268,3.7939181485048554e-25,0,,175,100
580,3471,4271,1.8683371730174197e-23,0,,173,100
581,3475,4275,2.1094570021829593e-26,0,,173,100
582,3483,4283,2.511486854525513e-25,0,,172,100
583,3487,4287,5.105377050481609e-26,0,,172,100
584,3493,4293,5.170915040057458e-25,0,,172,100
585,3498,4298,2.851712092091982e-26,0,,172,100
586,3501,4301,2.8341819617053585e-25,0,,172,100
587,3507,4307,1.1886756772997385e-27,0,,172,100
588,3514,4314,2.162035600383774e-30,0,,173,100
589,3519,4319,1.8518949308619516e-30,0,,174,100
590,3522,4322,1.4852698273503581e-30,0,,175,100
591,3530,4330,2.165817272046654e-30,0,,174,100
592,3540,4340,1.9490251873558408e-28,0,,172,100
593,3544,4344,1.89674610762964e-26,0,,172,100
594,3551,4351,6.911326281167706e-27,0,,171,100
595,3557,4357,1.326717917440112e-25,0,,172,100
596,3563,4363,1.8514599732790765e-26,0,,173,100
597,3569,4369,6.918499165786457e-26,0,,174,100
598,3575,4375,3.9734663456304856e-26,0,,178,100
599,3585,4385,4.825945597600857e-24,0,,178,100
600,3589,4389,1.5965675155473756e-22,0,,177,100
601,3594,4394,1.527113027594415e-23,0,,177,100
602,3596,4396,1.2338762270789478e-24,0,,176,100
603,3606,4406,3.1721018357129856e-24,0,,178,100
604,3610,4410,7.882160238331797e-26,0,,177,100
605,3619,4419,1.814636008674132e-27,0,,175,100
606,3622,4422,7.375523411265296e-25,0,,175,100
607,3626,4426,1.0256616892165253e-23,0,,175,100
608,3634,4434,2.5228424282495332e-22,0,,174,100
609,3637,4437,3.038972081941539e-22,0,,173,100
610,3641,4441,6.28893199478917e-23,0,,173,100
611,3646,4446,8.432155115550132e-25,0,,174,100
612,3657,4457,1.8210497250942253e-22,0,,172,100
613,3660,4460,4.712914420605544e-22,0,,171,100
614,3665,4465,2.8553687019454283e-21,0,,172,100
615,3668,4468,3.934547157181626e-22,0,,171,100
616,3674,4474,3.8401458171903e-22,0,,171,100
617,3683,4483,3.340544013587575e-24,0,,172,100
618,3687,4487,8.755259997696994e-22,0,,171,100
619,3694,4494,2.627813851700232e-24,0,,172,100
620,3697,4497,9.023040076107037e-23,0,,172,100
621,3707,4507,1.6715294507986673e-24,0,,171,100
622,3710,4510,2.9508340750034103e-24,0,,171,100
623,3714,4514,4.019845528548095e-25,0,,171,100
624,3721,4521,4.311048492064168e-23,0,,172,100
625,3730,4530,1.5443569272442305e-23,0,,170,100
626,3734,4534,3.9362674100717915e-21,0,,169,100
627,3741,4541,5.507455567795568e-24,0,,170,100
628,3747,4547,1.085561931126664e-21,0,,170,100
629,3752,4552,7.13135416300065e-23,0,,170,100
630,3756,4556,1.9257655764912463e-20,0,,170,100
631,3761,4561,1.2196494810445189e-20,0,,170,100
632,3767,4567,1.1279979780968548e-19,0,,171,100
633,3770,4570,9.919263695839828e-21,0,,170,100
634,3774,4574,5.534185632188348e-19,0,,170,100
635,3778,4578,5.884496605565678e-22,0,,170,100
636,3792,4592,7.417518185590498e-23,0,,167,100
637,3797,4597,8.964039128109244e-23,0,,168,100
638,3805,4605,1.4846186262064367e-26,0,,168,100
639,3809,4609,9.635231487181308e-25,0,,169,100
640,3814,4614,9.708874483123705e-28,0,,168,100
641,3823,4623,1.4678704217380757e-22,0,,168,100
642,3828,4628,8.46335996622156e-26,0,,169,100
643,3834,4634,8.120495229485183e-26,0,,169,100
644,3837,4637,1.6058156227091154e-24,0,,170,100
645,3840,4640,4.1260999651602277e-23,0,,170,100
646,3845,4645,1.6858949437937933e-24,0,,169,100
647,3848,4648,5.090552817307475e-22,0,,168,100
648,3861,4661,8.475026357222302e-24,0,,166,100
649,3866,4666,1.437044571768188e-22,0,,166,100
650,3870,4670,1.222979631879113e-19,0,,166,100
651,3880,4680,3.7820706261155e-20,0,,167,100
652,3883,4683,2.0528250882577903e-23,0,,166,100
653,3887,4687,3.187553098460961e-22,0,,166,100
654,3894,4694,5.1258682960654435e-26,0,,167,100
655,3901,4701,3.3875763484388162e-25,0,,168,100
656,3904,4704,3.1904359323529905e-25,0,,168,100
657,3911,4711,1.0661930531347032e-26,0,,166,100
658,3915,4715,2.5346644893042763e-26,0,,166,100
659,3921,4721,1.6224242179373154e-25,0,,167,100
660,3929,4729,2.3123241113197632e-27,0,,168,100
661,3935,4735,3.9645349821795653e-28,0,,167,100
662,3944,4744,1.4286865254759465e-25,0,,166,100
663,3948,4748,1.306755087341969e-24,0,,168,100
664,3951,4751,9.444631877360972e-26,0,,166,100
665,3958,4758,7.980129131430975e-26,0,,166,100
666,3964,4764,1.3402815797539043e-27,0,,166,100
667,3967,4767,1.4230547086237717e-27,0,,167,100
668,3977,4777,5.878277914728985e-28,0,,167,100
669,3985,4785,3.593971392878177e-27,0,,167,100
670,3989,4789,2.466787067394772e-25,0,,167,100
671,4001,4801,1.3273621512831748e-26,0,,168,100
672,4004,4804,7.958151019612121e-30,0,,169,100
673,4008,4808,9.568120389162484e-30,0,,171,100
674,4015,4815,4.233737114576297e-27,0,,173,100
675,4018,4818,3.898496123173898e-27,0,,172,100
676,4022,4822,6.067940961688966e-27,0,,172,100
677,4030,4830,9.518958013575551e-26,0,,172,100
678,4040,4840,2.8748519500272615e-28,0,,170,100
679,4049,4849,2.231826148638174e-30,0,,170,100
680,4052,4852,6.755009121983341e-30,0,,170,100
681,4058,4858,3.112146463036939e-29,0,,169,100
682,4061,4861,4.182848427299571e-27,0,,170,100
683,4073,4873,1.738952581485106e-29,0,,169,100
684,4079,4879,2.7428652033838708e-30,0,,169,100
685,4083,4883,5.621892532394201e-28,0,,169,100
686,4090,4890,4.408808695874721e-28,0,,167,100
687,4098,4898,1.143231993225893e-30,0,,168,100
688,4103,4903,3.237627919552451e-27,0,,169,100
689,4106,4906,9.889482239434348e-28,0,,168,100
690,4114,4914,1.4790559834595297e-28,0,,170,100
691,4119,4919,1.460602544401134e-27,0,,169,100
692,4127,4927,6.732535396885855e-25,0,,169,100
693,4131,4931,2.447088168728841e-25,0,,170,100
694,4148,4948,1.3093573074101324e-28,0,,169,100
695,4151,4951,5.056839841700772e-27,0,,169,100
696,4156,4956,1.7517813920125904e-24,0,,169,100
697,4160,4960,2.472608313229432e-24,0,,171,100
698,4166,4966,5.538610352626966e-23,0,,170,100
699,4170,4970,1.0487814308932053e-21,0,,170,100
700,4177,4977,6.898410655263727e-23,0,,171,100
701,4180,4980,5.642510913020989e-23,0,,172,100
702,4187,4987,1.5238795046204666e-26,0,,170,100
703,4193,4993,1.5103002261331728e-24,0,,169,100
704,4196,4996,1.1081855599029114e-24,0,,169,100
705,4203,5003,9.874969130419675e-24,0,,170,100
706,4209,5009,1.1921970228218884e-25,0,,170,100
707,4213,5013,3.9543011784609346e-25,0,,170,100
708,4220,5020,2.593549098800568e-25,0,,171,100
709,4228,5028,1.0960028509635755e-25,0,,172,100
710,4232,5032,5.270117553641231e-27,0,,172,100
711,4236,5036,9.100180061422968e-22,0,,172,100
712,4242,5042,1.772543940782135e-21,0,,173,100
713,4252,5052,5.1510535085120734e-26,0,,172,100
714,4258,5058,4.612356072744805e-26,0,,173,100
715,4271,5071,5.786005111619753e-25,0,,173,100
716,4274,5074,1.1700728768238286e-25,0,,173,100
717,4281,5081,9.938583750834694e-26,0,,173,100
718,4285,5085,1.0235142177755788e-24,0,,173,100
719,4293,5093,8.706365110467136e-28,0,,174,100
720,4296,5096,8.440702161031175e-28,0,,173,100
721,4308,5108,1.952931144413192e-25,0,,173,100
722,4315,5115,3.1320597459870804e-24,0,,174,100
723,4324,5124,6.170624088143551e-25,0,,174,100
724,4328,5128,3.173859804986297e-25,0,,174,100
725,4340,5140,1.1277850049163339e-26,0,,173,100
726,4350,5150,2.171577759058017e-26,0,,174,100
727,4353,5153,4.244501341327446e-26,0,,174,100
728,4360,5160,1.2502557623872882e-23,0,,174,100
729,4368,5168,4.4604538916049835e-26,0,,172,100
730,4371,5171,4.793660913309793e-27,0,,170,100
731,4375,5175,7.668194981586942e-29,0,,170,100
732,4382,5182,1.1141064193582098e-30,0,,168,100
733,4389,5189,1.5621558447796556e-31,0,,169,100
734,4393,5193,5.476661249397959e-32,0,,169,100
735,4400,5200,6.0683037226784845e-28,0,,169,100
736,4403,5203,1.3039013424272146e-26,0,,168,100
737,4411,5211,1.7231053496808e-26,0,,168,100
738,4421,5221,5.718351217775299e-28,0,,169,100
739,4425,5225,7.92594636043673e-28,0,,170,100
740,4434,5234,1.4895213945653607e-28,0,,169,100
741,4438,5238,9.34377000818793e-29,0,,170,100
742,4455,5255,3.5857949101994026e-30,0,,171,100
743,4461,5261,1.9009004694012492e-30,0,,170,100
744,4464,5264,7.540541666965229e-31,0,,172,100
745,4475,5275,4.692976628678408e-31,0,,172,100
746,4478,5278,1.1374289312298827e-29,0,,172,100
747,4483,5283,1.6863730264725692e-30,0,,171,100
748,4489,5289,5.712146682894354e-27,0,,172,100
749,4492,5292,1.1356778310161732e-26,0,,172,100
750,4496,5296,3.926240206470766e-27,0,,173,100
751,4508,5308,1.9330364287995563e-29,0,,176,100
752,4517,5317,1.5415769458871665e-29,0,,177,100
753,4521,5321,1.0459869522934359e-27,0,,177,100
754,4525,5325,2.595594788574501e-24,0,,177,100
755,4534,5334,5.717907477623262e-26,0,,177,100
756,4538,5338,5.359403616626109e-26,0,,177,100
757,4541,5341,3.955025378800124e-26,0,,177,100
758,4545,5345,9.558977959956874e-25,0,,177,100
759,4550,5350,1.4393175042784323e-26,0,,176,100
760,4553,5353,1.7786621786534302e-29,0,,176,100
761,4557,5357,1.0185213138687379e-25,0,,176,100
762,4562,5362,1.2021261260554311e-26,0,,175,100
763,4565,5365,6.781219136653289e-28,0,,175,100
764,4571,5371,1.8559991378427532e-28,0,,175,100
765,4576,5376,1.7698118159457349e-28,0,,176,100
766,4589,5389,1.8458054003656682e-30,0,,176,100
767,4596,5396,5.6247102102811845e-31,0,,177,100
768,4599,5399,8.841396517704003e-33,0,,176,100
769,4602,5402,8.167655668478724e-29,0,,176,100
770,4606,5406,4.85063616149612e-24,0,,175,100
771,4613,5413,7.081309836165594e-27,0,,177,100
772,4616,5416,1.1265467863296706e-28,0,,176,100
773,4624,5424,4.633013226326475e-26,0,,177,100
774,4635,5435,5.951070577251148e-29,0,,174,100
775,4639,5439,9.733094138854884e-28,0,,175,100
776,4648,5448,3.6321082167718446e-29,0,,175,100
777,4654,5454,4.915047174331633e-29,0,,175,100
778,4663,5463,5.297492121184213e-29,0,,175,100
779,4666,5466,1.1209668268652386e-29,0,,175,100
780,4672,5472,2.6828028503801174e-31,0,,177,100
781,4677,5477,6.671002155920454e-32,0,,177,100
782,4680,5480,1.3773668779520556e-30,0,,177,100
783,4686,5486,8.227730527021515e-34,0,,178,100
784,4692,5492,2.1528104934292082e-29,0,,178,100
785,4696,5496,2.050929232308216e-28,0,,179,100
786,4701,5501,7.222656662332446e-28,0,,179,100
787,4709,5509,7.900301050991049e-29,0,,179,100
788,4715,5515,6.066693364503818e-29,0,,180,100
789,4718,5518,6.2112275695798315e-28,0,,179,100
790,4721,5521,2.7651184308871605e-27,0,,178,100
791,4725,5525,9.298307156123726e-28,0,,178,100
792,4731,5531,1.1258702008148002e-28,0,,179,100
793,4738,5538,2.307757020975856e-27,0,,179,100
794,4741,5541,1.646467688184679e-26,0,,178,100
795,4751,5551,8.971230825005605e-27,0,,179,100
796,4758,5558,2.5475686603534636e-26,0,,180,100
797,4763,5563,1.1749032638042818e-28,0,,179,100
798,4769,5569,1.464976931027302e-30,0,,180,100
799,4772,5572,6.828109783664441e-30,0,,180,100
800,4776,5576,3.8710352345226864e-29,0,,179,100
801,4784,5584,1.4486165731691514e-29,0,,180,100
802,4786,5586,6.544496121100937e-30,0,,179,100
803,4796,5596,1.846059105467599e-29,0,,181,100
804,4802,5602,1.9664836755390754e-32,0,,177,100
805,4810,5610,1.3950113830863427e-30,0,,178,100
806,4813,5613,1.5079400226001494e-28,0,,176,100
807,4818,5618,1.7580769579128418e-29,0,,175,100
808,4824,5624,3.594615337711927e-28,0,,178,100
809,4830,5630,6.471381348556483e-28,0,,177,100
810,4833,5633,2.421215555005546e-28,0,,176,100
811,4837,5637,1.8480517294249593e-29,0,,177,100
812,4843,5643,2.4759612905856452e-29,0,,177,100
813,4846,5646,7.706001451225662e-30,0,,177,100
814,4850,5650,1.2763290106276413e-29,0,,178,100
815,4861,5661,1.0109301517779046e-29,0,,176,100
816,4869,5669,4.2609549837272e-26,0,,177,100
817,4873,5673,6.519224304502797e-26,0,,178,100
818,4888,5688,5.6999383111586236e-27,0,,179,100
819,4891,5691,1.7271250409305378e-26,0,,178,100
820,4895,5695,1.7392553036377007e-26,0,,178,100
821,4899,5699,1.384165229641875e-26,0,,178,100
822,4908,5708,6.378014300300156e-25,0,,179,100
823,4912,5712,1.4225334859108887e-24,0,,179,100
824,4914,5714,1.0124396177716093e-24,0,,179,100
825,4923,5723,1.9176963240442806e-26,0,,179,100
826,4926,5726,2.662292195850061e-26,0,,179,100
827,4931,5731,1.2268804235713264e-24,0,,179,100
828,4937,5737,2.918888978360434e-25,0,,180,100
829,4948,5748,1.3940101112677825e-24,0,,181,100
830,4950,5750,4.428882675749349e-24,0,,181,100
831,4957,5757,4.0219812064540014e-24,0,,181,100
832,4960,5760,5.9987618505894446e-27,0,,180,100
833,4963,5763,5.989775697171402e-29,0,,180,100
834,4973,5773,1.450796781107003e-31,0,,179,100
835,4977,5777,1.9042710038145773e-29,0,,179,100
836,4979,5779,7.408042377659718e-30,0,,180,100
837,4987,5787,2.507590111316896e-26,0,,179,100
838,4994,5794,3.6184437076961985e-27,0,,180,100
839,4998,5798,6.008295512460527e-28,0,,179,100
840,5006,5806,4.3334405458840193e-32,0,,179,100
841,5011,5811,4.059505728816257e-30,0,,179,100
842,5015,5815,1.3624220808549926e-31,0,,178,100
843,5018,5818,1.290948606481246e-31,0,,180,100
844,5023,5823,1.7066031364816014e-30,0,,181,100
845,5027,5827,2.1262094325982586e-34,0,,180,100
846,5031,5831,1.2363944456246213e-33,0,,182,100
847,5034,5834,1.982575137082088e-32,0,,182,100
848,5045,5845,1.111453402106122e-34,0,,182,100
849,5048,5848,7.74543690050022e-34,0,,183,100
850,5055,5855,8.796894998174122e-33,0,,181,100
851,5059,5859,1.658902122013697e-33,0,,182,100
852,5070,5870,2.2545238368214066e-32,0,,181,100
853,5073,5873,4.6258388900436974e-32,0,,182,100
854,5080,5880,3.429983590234417e-31,0,,181,100
855,5089,5889,4.199719006370423e-33,0,,181,100
856,5092,5892,1.500677721342906e-34,0,,179,100
857,5097,5897,5.405003549897391e-32,0,,179,100
858,5105,5905,1.6085252725650644e-37,0,,177,100
859,5109,5909,4.672359689308989e-34,0,,176,100
860,5115,5915,7.69857686568811e-35,0,,178,100
861,5120,5920,5.578455420726801e-38,0,,179,100
862,5130,5930,9.170398489608845e-37,0,,177,100
863,5133,5933,3.775346726623611e-37,0,,177,100
864,5138,5938,2.2950071169223234e-37,0,,178,100
865,5144,5944,1.8722416811867606e-37,0,,179,100
866,5148,5948,2.3961804942165255e-37,0,,178,100
867,5158,5958,2.2475666785928966e-35,0,,177,100
868,5163,5963,6.358524089809503e-34,0,,177,100
869,5169,5969,2.137016203836175e-31,0,,177,100
870,5173,5973,8.452050814897588e-31,0,,178,100
871,5183,5983,1.9900796788308786e-33,0,,177,100
872,5187,5987,1.718512610733134e-34,0,,177,100
873,5193,5993,8.984306115063486e-33,0,,178,100
874,5196,5996,2.9521042893689054e-30,0,,177,100
875,5200,6000,1.0272252837821864e-32,0,,177,100
876,5213,6013,2.3481444188096705e-31,0,,180,100
877,5220,6020,2.2871465895595042e-32,0,,179,100
878,5224,6024,1.6924135238692209e-31,0,,179,100
879,5232,6032,2.929775929861836e-29,0,,180,100
880,5236,6036,4.1064397559427496e-29,0,,182,100
881,5247,6047,5.377400857574265e-30,0,,182,100
882,5258,6058,1.4508340005827412e-31,0,,183,100
883,5263,6063,2.495196411625769e-30,0,,182,100
884,5268,6068,1.3529377033352048e-26,0,,182,100
885,5272,6072,1.7096390700730837e-27,0,,182,100
886,5284,6084,1.9849146494149455e-26,0,,182,100
887,5287,6087,6.876252880766439e-27,0,,181,100
888,5291,6091,3.6932840258978904e-28,0,,182,100
889,5299,6099,5.127689633196345e-26,0,,179,100
890,5305,6105,5.487929228390774e-27,0,,179,100
891,5307,6107,5.065377139683775e-29,0,,178,100
892,5316,6116,2.6935444850944558e-27,0,,175,100
893,5321,6121,9.217703800959871e-27,0,,175,100
894,5327,6127,5.408647577214855e-29,0,,175,100
895,5333,6133,2.008458276680036e-30,0,,176,100
896,5338,6138,2.9253104483318475e-27,0,,175,100
897,5340,6140,9.018586530351142e-27,0,,175,100
898,5348,6148,1.8895430751537603e-27,0,,174,100
899,5351,6151,5.691599398557427e-28,0,,173,100
900,5355,6155,2.2297598680558024e-27,0,,174,100
901,5368,6168,1.8431981306640157e-29,0,,175,100
902,5372,6172,2.0026067587698e-25,0,,175,100
903,5377,6177,3.3754878730981292e-25,0,,175,100
904,5382,6182,2.0303780631147218e-26,0,,175,100
905,5385,6185,9.165480108751933e-28,0,,174,100
906,5390,6190,5.70099081555684e-27,0,,174,100
907,5398,6198,2.6367731295195872e-28,0,,175,100
908,5402,6202,1.6497280890269418e-26,0,,175,100
909,5408,6208,2.0222679413278807e-29,0,,175,100
910,5418,6218,7.439951915775593e-28,0,,175,100
911,5423,6223,7.513087609795586e-27,0,,175,100
912,5429,6229,1.8541245502516153e-25,0,,175,100
913,5432,6232,5.010136006319403e-27,0,,175,100
914,5436,6236,3.5228580290661315e-26,0,,175,100
915,5439,6239,2.3817701997694892e-27,0,,174,100
916,5445,6245,3.7505968791331676e-27,0,,176,100
917,5454,6254,1.724114738756331e-25,0,,176,100
918,5462,6262,1.1561900052385944e-27,0,,176,100
919,5471,6271,5.523221332239155e-26,0,,173,100
920,5475,6275,2.910647094760569e-25,0,,173,100
921,5479,6279,2.2084124527260965e-25,0,,173,100
922,5484,6284,2.1638119446369556e-26,0,,173,100
923,5488,6288,1.0523161823864877e-27,0,,172,100
924,5493,6293,1.9039388269073478e-27,0,,171,100
925,5496,6296,3.886980605385653e-27,0,,173,100
926,5500,6300,3.58780656126432e-28,0,,173,100
927,5508,6308,1.2349174630589605e-29,0,,173,100
928,5511,6311,2.0078155111331504e-27,0,,173,100
929,5518,6318,9.96998865634616e-28,0,,172,100
930,5524,6324,1.2682956210180053e-27,0,,172,100
931,5527,6327,4.618711082951158e-25,0,,171,100
932,5531,6331,9.022416978880923e-26,0,,172,100
933,5540,6340,9.585868320810566e-25,0,,172,100
934,5547,6347,2.7122985703347786e-29,0,,172,100
935,5550,6350,1.7268334382395e-27,0,,171,100
936,5554,6354,1.551858008439002e-27,0,,173,100
937,5561,6361,4.406050999738949e-25,0,,172,100
938,5564,6364,2.1426628539669446e-29,0,,172,100
939,5568,6368,1.667448089548917e-29,0,,173,100
940,5574,6374,2.451955540889306e-27,0,,172,100
941,5577,6377,1.1105747345871364e-30,0,,172,100
942,5583,6383,9.236833761902832e-30,0,,171,100
943,5592,6392,4.7267459125668765e-31,0,,171,100
944,5595,6395,5.647554333539621e-29,0,,171,100
945,5603,6403,4.682789131668333e-31,0,,172,100
946,5606,6406,6.487639804334461e-29,0,,171,100
947,5610,6410,2.576759289256936e-30,0,,170,100
948,5620,6420,1.3602647314211663e-31,0,,168,100
949,5628,6428,1.1651341458989017e-30,0,,168,100
950,5635,6435,5.0176553020266015e-27,0,,168,100
951,5642,6442,4.888897129084694e-30,0,,168,100
952,5646,6446,2.6753223461641085e-29,0,,167,100
953,5654,6454,2.3480896984514005e-29,0,,169,100
954,5657,6457,1.3803712942315791e-28,0,,168,100
955,5667,6467,4.399942764011803e-30,0,,168,100
956,5674,6474,2.3231928777538552e-30,0,,168,100
957,5682,6482,6.897808036572755e-30,0,,169,100
958,5686,6486,1.7479819424577594e-26,0,,169,100
959,5694,6494,1.9186467214779768e-29,0,,170,100
960,5697,6497,5.271158412731201e-31,0,,170,100
961,5701,6501,2.2347638694879689e-29,0,,170,100
962,5708,6508,2.264233126481205e-29,0,,169,100
963,5716,6516,1.515695079137736e-26,0,,169,100
964,5720,6520,8.878296462664645e-31,0,,168,100
965,5725,6525,2.864053852152371e-31,0,,169,100
966,5730,6530,2.356877622564739e-28,0,,169,100
967,5736,6536,1.3423824941511177e-28,0,,170,100
968,5742,6542,6.95621726121089e-35,0,,168,100
969,5746,6546,2.5724351518538827e-33,0,,168,100
970,5749,6549,1.0135352417023139e-32,0,,169,100
971,5753,6553,7.892154629287754e-31,0,,169,100
972,5759,6559,1.0277281966053404e-30,0,,169,100
973,5765,6565,6.08023956802704e-28,0,,169,100
974,5770,6570,1.837544643033156e-28,0,,168,100
975,5775,6575,8.301464301199628e-29,0,,169,100
976,5778,6578,4.189090229267246e-28,0,,168,100
977,5784,6584,2.856361737649395e-26,0,,168,100
978,5788,6588,8.639011609978359e-25,0,,168,100
979,5792,6592,1.382798480804639e-24,0,,169,100
980,5799,6599,3.579342220730279e-25,0,,168,100
981,5805,6605,3.0911991444668893e-27,0,,167,100
982,5808,6608,4.838516920263992e-27,0,,169,100
983,5818,6618,1.4213313375998844e-24,0,,167,100
984,5826,6626,5.10675785878994e-25,0,,166,100
985,5829,6629,3.4616745813371145e-25,0,,164,100
986,5833,6633,3.664316267515751e-25,0,,165,100
987,5842,6642,7.460726398340792e-28,0,,164,100
988,5846,6646,6.136217799932366e-28,0,,165,100
989,5862,6662,1.4275322495650017e-29,0,,166,100
990,5868,6668,1.8421962738927946e-27,0,,166,100
991,5876,6676,1.759843204182565e-28,0,,168,100
992,5878,6678,3.0419467214030236e-28,0,,169,100
993,5891,6691,1.4391935656218626e-28,0,,173,100
994,5895,6695,1.0944080026522876e-25,0,,172,100
995,5901,6701,6.828147349273135e-28,0,,173,100
996,5911,6711,7.175997976600847e-28,0,,172,100
997,5914,6714,1.666551566277705e-28,0,,172,100
998,5917,6717,1.0352655051038522e-27,0,,173,100
999,5929,6729,6.191919280348025e-29,0,,171,100
1000,5932,6732,2.2471595534114403e-26,0,,170,100
1001,5937,6737,7.972388974521875e-26,0,,170,100
1002,5941,6741,3.8409519340617046e-30,0,,170,100
1003,5946,6746,1.2387764488161534e-28,0,,170,100
1004,5950,6750,3.477623724095996e-29,0,,170,100
1005,5953,6753,1.0135105186090468e-26,0,,170,100
1006,5957,6757,5.5246946128167786e-27,0,,171,100
1007,5966,6766,3.8642470346816166e-25,0,,169,100
1008,5969,6769,1.3116034873977096e-26,0,,168,100
1009,5973,6773,4.5978634476930625e-28,0,,168,100
1010,5980,6780,6.751983679627064e-27,0,,168,100
1011,5988,6788,5.885915321639285e-26,0,,168,100
1012,5993,6793,5.7239099664489915e-27,0,,168,100
1013,5999,6799,3.1648392925048724e-26,0,,168,100
1014,6002,6802,1.0902042522469575e-28,0,,167,100
1015,6006,6806,1.6340866123942606e-31,0,,167,100
1016,6013,6813,8.739640830627993e-28,0,,166,100
1017,6020,6820,3.6915814067663717e-31,0,,166,100
1018,6029,6829,1.7393591997817204e-29,0,,166,100
1019,6036,6836,1.5373845739046611e-33,0,,164,100
1020,6040,6840,1.0803262502658065e-32,0,,167,100
1021,6047,6847,5.707195032345963e-35,0,,166,100
1022,6050,6850,1.1879551732036823e-35,0,,166,100
1023,6054,6854,2.2458446706777083e-34,0,,166,100
1024,6061,6861,1.0055677128147791e-31,0,,164,100
1025,6064,6864,5.038112886684457e-32,0,,165,100
1026,6075,6875,4.677945388413619e-32,0,,165,100
1027,6080,6880,3.4433961097527516e-32,0,,166,100
1028,6087,6887,8.485237758470323e-32,0,,166,100
1029,6094,6894,1.2310318769155217e-30,0,,166,100
1030,6100,6900,7.476397334690314e-31,0,,166,100
1031,6111,6911,1.2309055949499306e-31,0,,166,100
1032,6114,6914,6.802484332999342e-29,0,,165,100
1033,6118,6918,2.0754628486923259e-29,0,,165,100
1034,6126,6926,1.2622351742952632e-27,0,,167,100
1035,6129,6929,9.69748372554133e-30,0,,167,100
1036,6135,6935,4.270326222666277e-30,0,,167,100
1037,6146,6946,3.773751937428366e-28,0,,169,100
1038,6154,6954,7.414975594687488e-29,0,,169,100
1039,6158,6958,7.661857434041568e-30,0,,169,100
1040,6161,6961,7.641036316191859e-30,0,,168,100
1041,6167,6967,5.7542166000880346e-33,0,,168,100
1042,6170,6970,6.865689532349833e-31,0,,168,100
1043,6174,6974,2.4796543061981806e-30,0,,168,100
1044,6184,6984,2.2353272455178433e-27,0,,168,100
1045,6189,6989,1.051362957543341e-29,0,,168,100
1046,6193,6993,9.002513666421103e-34,0,,167,100
1047,6199,6999,4.4644131516209097e-33,0,,166,100
1048,6203,7003,1.5563426659945212e-31,0,,167,100
1049,6207,7007,2.024529747469223e-31,0,,167,100
1050,6211,7011,4.685535139106866e-30,0,,167,100
1051,6218,7018,1.493061974330909e-32,0,,167,100
1052,6221,7021,1.9095465341833783e-32,0,,168,100
1053,6228,7028,2.188494547296949e-34,0,,167,100
1054,6231,7031,4.3736426745204873e-35,0,,167,100
1055,6238,7038,1.2622472505847352e-34,0,,169,100
1056,6245,7045,1.2044579970209545e-33,0,,169,100
1057,6250,7050,2.4104506607738498e-32,0,,169,100
1058,6256,7056,2.3231522066087947e-35,0,,169,100
1059,6260,7060,4.540440321457929e-30,0,,168,100
1060,6263,7063,5.9609829902866714e-30,0,,169,100
1061,6274,7074,4.366119212221513e-31,0,,171,100
1062,6277,7077,5.3098704875063546e-33,0,,170,100
1063,6281,7081,5.2240530278698406e-33,0,,170,100
1064,6287,7087,3.909819368475161e-28,0,,170,100
1065,6295,7095,1.2091627550161609e-29,0,,168,100
1066,6298,7098,5.934487385522724e-30,0,,167,100
1067,6306,7106,1.4422368812990684e-31,0,,169,100
1068,6309,7109,2.05029354781477e-31,0,,169,100
1069,6324,7124,9.969133886075563e-27,0,,170,100
1070,6331,7131,7.091521698143704e-30,0,,168,100
1071,6338,7138,3.902470227652969e-32,0,,170,100
1072,6342,7142,1.0307112935537128e-31,0,,170,100
1073,6347,7147,4.912156040837514e-31,0,,169,100
1074,6351,7151,2.019128989279474e-33,0,,169,100
1075,6357,7157,1.1405388762941841e-31,0,,169,100
1076,6360,7160,5.2475805815006705e-31,0,,168,100
1077,6364,7164,2.0878756872779025e-32,0,,168,100
1078,6373,7173,5.519068720643302e-35,0,,168,100
1079,6376,7176,6.518702740128881e-32,0,,168,100
1080,6386,7186,8.890100944288751e-35,0,,170,100
1081,6389,7189,8.933926523253198e-32,0,,170,100
1082,6393,7193,2.541960607328955e-31,0,,169,100
1083,6399,7199,7.426917969430424e-35,0,,169,100
1084,6406,7206,3.361079630752787e-31,0,,169,100
1085,6412,7212,4.2051679166603096e-31,0,,169,100
1086,6416,7216,1.1390606957248108e-29,0,,169,100
1087,6426,7226,2.3280328870621887e-28,0,,171,100
1088,6429,7229,9.641135150285626e-31,0,,171,100
1089,6433,7233,3.100023148659426e-25,0,,170,100
1090,6440,7240,5.943438315308512e-29,0,,171,100
1091,6448,7248,7.658906779252029e-29,0,,170,100
1092,6454,7254,4.280981810963323e-31,0,,170,100
1093,6460,7260,1.2850803048229597e-29,0,,171,100
1094,6465,7265,6.650615592829521e-32,0,,170,100
1095,6470,7270,4.4231002424260935e-28,0,,170,100
1096,6479,7279,3.342317853704665e-27,0,,170,100
1097,6482,7282,3.445975344150934e-27,0,,169,100
1098,6486,7286,6.59683997694195e-27,0,,170,100
1099,6497,7297,2.2331946917838824e-25,0,,169,100
1100,6505,7305,1.1769766945154658e-21,0,,168,100
1101,6511,7311,4.375343424463538e-22,0,,170,100
1102,6516,7316,1.1961525534071639e-21,0,,170,100
1103,6521,7321,6.707105755115197e-24,0,,170,100
1104,6531,7331,1.496886848128501e-25,0,,170,100
1105,6538,7338,3.8712385892118864e-26,0,,169,100
1106,6543,7343,1.8378220162823237e-25,0,,170,100
1107,6549,7349,8.284637064713871e-27,0,,168,100
1108,6553,7353,9.160401995032301e-26,0,,168,100
1109,6556,7356,7.231719338929196e-25,0,,169,100
1110,6563,7363,6.2193195216135346e-24,0,,170,100
1111,6571,7371,4.128816218449593e-24,0,,170,100
1112,6575,7375,2.1368212570788586e-24,0,,171,100
1113,6582,7382,7.716449597322504e-23,0,,172,100
1114,6588,7388,9.577963204556726e-24,0,,172,100
1115,6592,7392,5.389151212157271e-21,0,,171,100
1116,6599,7399,1.465698378668399e-22,0,,173,100
1117,6607,7407,5.1334124944390336e-23,0,,171,100
1118,6613,7413,1.8972884308284936e-21,0,,172,100
1119,6616,7416,7.618127421526311e-22,0,,171,100
1120,6618,7418,2.88240112672365e-20,0,,170,100
1121,6625,7425,7.98689856266197e-24,0,,171,100
1122,6628,7428,3.239241088646486e-22,0,,171,100
1123,6635,7435,4.2143528472520144e-22,0,,171,100
1124,6641,7441,1.1405556680024574e-19,0,,171,100
1125,6648,7448,2.4675937248664154e-19,0,,171,100
1126,6652,7452,1.509643568115069e-20,0,,172,100
1127,6664,7464,3.3936806197168645e-21,0,,173,100
1128,6667,7467,9.676054257200883e-20,0,,173,100
1129,6676,7476,3.399122255754705e-24,0,,170,100
1130,6684,7484,2.074814291594394e-22,0,,170,100
1131,6687,7487,1.7523630510711238e-24,0,,169,100
1132,6691,7491,6.08538404906217e-25,0,,170,100
1133,6697,7497,1.1645990454776562e-25,0,,169,100
1134,6701,7501,8.030804777325829e-26,0,,169,100
1135,6709,7509,5.5362866036085e-25,0,,170,100
1136,6717,7517,5.075090762002073e-26,0,,170,100
1137,6723,7523,4.205743216531121e-26,0,,172,100
1138,6733,7533,5.118071605209033e-25,0,,171,100
1139,6736,7536,8.98496827359038e-27,0,,171,100
1140,6740,7540,1.45401083260984e-27,0,,171,100
1141,6746,7546,2.116396997072361e-27,0,,171,100
1142,6749,7549,1.3427762361742658e-27,0,,171,100
1143,6766,7566,1.3740190233201513e-29,0,,173,100
1144,6770,7570,4.626051704674022e-31,0,,173,100
1145,6774,7574,1.599213281221473e-28,0,,174,100
1146,6781,7581,5.0138027637190204e-29,0,,175,100
1147,6785,7585,3.7047931462629066e-29,0,,175,100
1148,6793,7593,7.578878185010454e-30,0,,176,100
1149,6796,7596,6.2019291358448915e-30,0,,176,100
1150,6803,7603,9.6761272154711e-29,0,,175,100
1151,6808,7608,1.3309459579782739e-29,0,,177,100
1152,6819,7619,4.9509083207597845e-29,0,,177,100
1153,6822,7622,1.3808401314059305e-29,0,,176,100
1154,6825,7625,4.163881735675103e-27,0,,175,100
1155,6831,7631,5.700357311642901e-28,0,,176,100
1156,6839,7639,4.3257190621999136e-29,0,,173,100
1157,6845,7645,1.8745474896543102e-26,0,,173,100
1158,6850,7650,3.6804175070559055e-31,0,,173,100
1159,6856,7656,2.8339713320543756e-29,0,,173,100
1160,6862,7662,9.659273983265496e-31,0,,174,100
1161,6867,7667,9.496561486815618e-30,0,,173,100
1162,6874,7674,4.724518542591094e-27,0,,174,100
1163,6878,7678,2.3825328120924263e-27,0,,173,100
1164,6884,7684,1.3131893537737026e-30,0,,174,100
1165,6887,7687,4.092210776864342e-30,0,,174,100
1166,6903,7703,7.583222733430311e-29,0,,175,100
1167,6907,7707,1.684980344389099e-26,0,,175,100
1168,6911,7711,5.431371233608497e-27,0,,175,100
1169,6919,7719,7.527873213652138e-25,0,,175,100
1170,6926,7726,5.487243917489011e-27,0,,173,100
1171,6933,7733,5.125283729756722e-27,0,,174,100
1172,6936,7736,3.391683033914578e-27,0,,175,100
1173,6943,7743,6.074490812574648e-26,0,,173,100
1174,6945,7745,3.26341877536574e-26,0,,173,100
1175,6950,7750,2.2692970533529486e-26,0,,171,100
1176,6953,7753,2.1427178392133604e-26,0,,172,100
1177,6963,7763,1.9830375203854142e-23,0,,173,100
1178,6966,7766,7.812567953313134e-25,0,,173,100
1179,6970,7770,1.8437263613415462e-25,0,,174,100
1180,6980,7780,1.0785542791780344e-24,0,,176,100
1181,6983,7783,1.5558774574071855e-24,0,,176,100
1182,6987,7787,5.005084159884354e-22,0,,175,100
1183,6994,7794,6.602873461265412e-23,0,,176,100
1184,7002,7802,2.524195758692013e-21,0,,175,100
1185,7005,7805,4.391545562598299e-22,0,,175,100
1186,7008,7808,4.59079772714679e-22,0,,175,100
1187,7016,7816,5.0498540386801975e-21,0,,174,100
1188,7019,7819,1.1495872476211693e-19,0,,174,100
1189,7025,7825,2.6619186735090085e-20,0,,175,100
1190,7030,7830,3.391101700514755e-18,0,,175,100
1191,7034,7834,2.301032719945263e-18,0,,174,100
1192,7038,7838,9.206417019591428e-21,0,,174,100
1193,7041,7841,1.2496879083051355e-21,0,,174,100
1194,7045,7845,1.5343187965203833e-21,0,,174,100
1195,7048,7848,6.800085088074635e-21,0,,175,100
1196,7054,7854,1.1475732942254837e-21,0,,175,100
1197,7061,7861,3.16332156895615e-23,0,,176,100
1198,7065,7865,4.798606896763197e-23,0,,176,100
1199,7070,7870,9.439500415842226e-23,0,,176,100
1200,7074,7874,2.7632364021223823e-25,0,,176,100
1201,7085,7885,1.3695010812000892e-25,0,,177,100
1202,7088,7888,3.956527393617033e-22,0,,177,100
1203,7093,7893,1.4569082067892864e-25,0,,177,100
1204,7099,7899,2.649895524328163e-24,0,,177,100
1205,7102,7902,2.3441529956984884e-24,0,,177,100
1206,7108,7908,1.7176933971193347e-22,0,,176,100
1207,7111,7911,1.9523483319713934e-24,0,,176,100
1208,7117,7917,1.851823193451038e-24,0,,176,100
1209,7122,7922,1.7920190864351595e-24,0,,177,100
1210,7134,7934,5.778167605939745e-27,0,,176,100
1211,7138,7938,8.153625835379859e-27,0,,176,100
1212,7144,7944,4.521138378321331e-29,0,,177,100
1213,7150,7950,1.0043790631883765e-29,0,,178,100
1214,7154,7954,1.5657035577326207e-28,0,,178,100
1215,7165,7965,3.539945059834349e-29,0,,178,100
1216,7168,7968,1.3700535785849377e-26,0,,178,100
1217,7174,7974,1.0306566687093256e-27,0,,178,100
1218,7177,7977,7.477412809578398e-27,0,,178,100
1219,7183,7983,5.395450096593876e-26,0,,179,100
1220,7192,7992,1.0047500091207683e-26,0,,181,100
1221,7196,7996,5.436779775157641e-27,0,,181,100
1222,7204,8004,6.0696230161984395e-25,0,,182,100
1223,7207,8007,3.3140661378667305e-25,0,,183,100
1224,7218,8018,5.625082824322821e-24,0,,183,100
1225,7222,8022,8.873738703259547e-24,0,,182,100
1226,7225,8025,7.452613234533031e-27,0,,182,100
1227,7231,8031,7.660910439680488e-27,0,,182,100
1228,7236,8036,5.8927911425882466e-27,0,,182,100
1229,7252,8052,2.663072676639981e-26,0,,182,100
1230,7256,8056,4.537500652742953e-26,0,,182,100
1231,7263,8063,3.270810867465843e-28,0,,182,100
1232,7266,8066,2.3144852535981632e-29,0,,181,100
1233,7271,8071,2.6094895622273895e-30,0,,182,100
1234,7277,8077,5.11108644321361e-25,0,,182,100
1235,7283,8083,2.957431249997523e-28,0,,181,100
1236,7289,8089,1.9746085318065716e-28,0,,180,100
1237,7292,8092,7.180743683869986e-27,0,,180,100
1238,7297,8097,1.4879658713509122e-26,0,,181,100
1239,7301,8101,1.826164223357832e-25,0,,180,100
1240,7307,8107,3.0594490922665847e-27,0,,179,100
1241,7310,8110,5.404369777033363e-28,0,,178,100
1242,7316,8116,3.344901269075143e-29,0,,180,100
1243,7319,8119,1.6956680690209548e-30,0,,179,100
1244,7325,8125,1.848899991062322e-29,0,,178,100
1245,7334,8134,1.4244036155932637e-26,0,,179,100
1246,7339,8139,3.2300203128048534e-27,0,,179,100
1247,7343,8143,3.729292320539696e-27,0,,180,100
1248,7355,8155,9.860239074187272e-29,0,,180,100
1249,7358,8158,5.214999056650504e-28,0,,179,100
1250,7362,8162,4.7908974537922255e-28,0,,178,100
1251,7368,8168,5.3417197067062656e-27,0,,179,100
1252,7375,8175,7.977526273743721e-26,0,,178,100
1253,7378,8178,2.1726125577078754e-26,0,,177,100
1254,7384,8184,1.5569667216833674e-28,0,,178,100
1255,7387,8187,7.604597118356946e-26,0,,177,100
1256,7393,8193,2.1667603513923867e-26,0,,178,100
1257,7402,8202,1.1530952179282907e-27,0,,178,100
1258,7405,8205,2.5813136061624026e-27,0,,179,100
1259,7419,8219,1.7561878250750112e-28,0,,178,100
1260,7423,8223,3.9426824017268897e-28,0,,178,100
1261,7426,8226,2.414906490770429e-28,0,,177,100
1262,7435,8235,9.45247381654606e-28,0,,178,100
1263,7438,8238,3.413597961074375e-27,0,,178,100
1264,7442,8242,1.1740376755257294e-26,0,,179,100
1265,7449,8249,4.396373912624794e-30,0,,178,100
1266,7452,8252,9.976227960080253e-29,0,,177,100
1267,7457,8257,1.1479986615627734e-28,0,,177,100
1268,7464,8264,1.0384372136614901e-28,0,,178,100
1269,7467,8267,1.3952747691508038e-29,0,,178,100
1270,7473,8273,1.5850465177182926e-30,0,,179,100
1271,7480,8280,2.650382351676664e-31,0,,179,100
1272,7482,8282,2.0058032445800614e-25,0,,178,100
1273,7487,8287,5.1470663022045984e-27,0,,176,100
1274,7491,8291,2.763925275844103e-24,0,,176,100
1275,7494,8294,1.0818407708134752e-28,0,,177,100
1276,7498,8298,9.434725081899739e-29,0,,176,100
1277,7503,8303,5.102345602678e-29,0,,177,100
1278,7509,8309,1.3767532373299054e-30,0,,177,100
1279,7513,8313,4.913253752839286e-31,0,,178,100
1280,7519,8319,7.36573444521299e-26,0,,178,100
1281,7522,8322,2.7182423795001423e-31,0,,178,100
1282,7527,8327,6.666593647080601e-31,0,,178,100
1283,7534,8334,8.651792002776692e-28,0,,178,100
1284,7540,8340,3.21505487038876e-26,0,,178,100
1285,7543,8343,2.9724256681295397e-26,0,,179,100
1286,7554,8354,3.584729164267729e-27,0,,179,100
1287,7557,8357,1.3985202646023302e-27,0,,179,100
1288,7562,8362,4.422839291281989e-28,0,,177,100
1289,7566,8366,5.496717033120003e-31,0,,175,100
1290,7572,8372,3.4970508286552224e-29,0,,174,100
1291,7576,8376,1.9103434493718106e-35,0,,174,100
1292,7580,8380,3.003243349390933e-35,0,,173,100
1293,7586,8386,1.0102265065086279e-36,0,,174,100
1294,7589,8389,1.9153995210907437e-35,0,,174,100
1295,7593,8393,2.0410236188276662e-35,0,,174,100
1296,7601,8401,5.58383555910329e-35,0,,174,100
1297,7608,8408,8.680802096596881e-36,0,,173,100
1298,7612,8412,3.5812750229347785e-34,0,,172,100
1299,7616,8416,4.0486309209549856e-32,0,,172,100
1300,7624,8424,2.637346609285006e-32,0,,172,100
1301,7628,8428,1.0621768334900711e-31,0,,172,100
1302,7633,8433,2.3654018075932824e-28,0,,172,100
1303,7639,8439,3.480153691118805e-31,0,,173,100
1304,7642,8442,6.321455783563154e-29,0,,174,100
1305,7650,8450,7.177574306968795e-29,0,,175,100
1306,7653,8453,1.9270187318020503e-29,0,,177,100
1307,7657,8457,3.15029668476372e-31,0,,178,100
1308,7665,8465,6.620645175202101e-32,0,,179,100
1309,7668,8468,5.809009313170583e-33,0,,178,100
1310,7673,8473,3.522203241765422e-32,0,,178,100
1311,7679,8479,9.930727590341042e-32,0,,179,100
1312,7693,8493,3.4636746736757996e-33,0,,179,100
1313,7696,8496,3.6093477919445514e-33,0,,179,100
1314,7700,8500,2.2177591120778454e-29,0,,178,100
1315,7705,8505,1.3215997798663092e-30,0,,178,100
1316,7711,8511,3.147881068216192e-30,0,,179,100
1317,7715,8515,1.0146426081875505e-30,0,,179,100
1318,7718,8518,1.960412441203271e-30,0,,180,100
1319,7727,8527,1.5405350565456618e-31,0,,181,100
1320,7730,8530,6.04614661201161e-27,0,,181,100
1321,7734,8534,1.0232117717571384e-29,0,,181,100
1322,7744,8544,2.609984528811213e-29,0,,183,100
1323,7751,8551,4.7743170586540235e-30,0,,184,100
1324,7755,8555,3.397288250749785e-29,0,,184,100
1325,7760,8560,1.1660063175188977e-27,0,,184,100
1326,7769,8569,1.2922470351339613e-31,0,,182,100
1327,7779,8579,1.0045552873205039e-33,0,,181,100
1328,7785,8585,8.716918708384181e-33,0,,181,100
1329,7788,8588,3.398803143102032e-29,0,,181,100
1330,7794,8594,6.281612086856896e-31,0,,180,100
1331,7799,8599,6.426373666677921e-30,0,,180,100
1332,7804,8604,2.512852688964664e-30,0,,181,100
1333,7814,8614,2.282562697415102e-29,0,,181,100
1334,7817,8617,9.183207523905882e-29,0,,180,100
1335,7822,8622,7.949677299319866e-29,0,,179,100
1336,7826,8626,3.463045467530917e-30,0,,179,100
1337,7831,8631,3.597134599630216e-32,0,,178,100
1338,7837,8637,8.453392718835923e-31,0,,180,100
1339,7840,8640,1.5888205858564339e-27,0,,179,100
1340,7842,8642,2.743017311067818e-29,0,,179,100
1341,7847,8647,4.661265694355379e-28,0,,177,100
1342,7850,8650,2.0929513097957993e-28,0,,178,100
1343,7855,8655,9.118860650761038e-32,0,,178,100
1344,7862,8662,1.5252874126712654e-30,0,,179,100
1345,7865,8665,9.710445823096517e-30,0,,179,100
1346,7868,8668,2.9302829846475052e-30,0,,178,100
1347,7871,8671,1.7518217145675388e-32,0,,178,100
1348,7875,8675,2.5384570169810015e-29,0,,178,100
1349,7882,8682,9.60102712303333e-31,0,,179,100
1350,7886,8686,1.2315900478101803e-28,0,,177,100
1351,7893,8693,8.547819583072428e-28,0,,176,100
1352,7897,8697,2.716265333666185e-28,0,,176,100
1353,7906,8706,3.0007845187225284e-26,0,,177,100
1354,7909,8709,1.3855883195276428e-30,0,,176,100
1355,7915,8715,3.592935301412167e-31,0,,176,100
1356,7927,8727,6.04938298943578e-31,0,,179,100
1357,7935,8735,5.2613908811590815e-31,0,,178,100
1358,7939,8739,7.97353026472149e-33,0,,178,100
1359,7947,8747,3.478967579925852e-31,0,,178,100
1360,7950,8750,9.716792121456685e-31,0,,178,100
1361,7956,8756,3.949230293339098e-33,0,,178,100
1362,7961,8761,2.7952542338229736e-33,0,,178,100
1363,7964,8764,2.0831762378347828e-33,0,,177,100
1364,7970,8770,2.1720443283226912e-32,0,,179,100
1365,7974,8774,1.1533038740722463e-33,0,,180,100
1366,7977,8777,4.2969138454574066e-30,0,,180,100
1367,7979,8779,1.8369246564437862e-31,0,,179,100
1368,7985,8785,5.326419564139878e-30,0,,175,100
1369,7991,8791,3.0530534737657825e-32,0,,175,100
1370,7998,8798,3.375429495708634e-30,0,,174,100
1371,8010,8810,3.708293678486505e-33,0,,173,100
1372,8013,8813,2.7877305381136196e-30,0,,174,100
1373,8018,8818,1.199584619574906e-33,0,,174,100
1374,8021,8821,7.825033329098525e-32,0,,174,100
1375,8027,8827,1.217410401898126e-28,0,,174,100
1376,8031,8831,5.61481147073654e-29,0,,174,100
1377,8043,8843,3.661449726570397e-30,0,,174,100
1378,8046,8846,6.8937351760256395e-28,0,,173,100
1379,8050,8850,2.5069687476842313e-28,0,,173,100
1380,8057,8857,3.45251561157143e-27,0,,174,100
1381,8061,8861,1.2700671484690795e-28,0,,173,100
1382,8067,8867,1.5469616009835955e-26,0,,173,100
1383,8070,8870,1.4437540891768458e-26,0,,175,100
1384,8086,8886,7.99780604350442e-25,0,,178,100
1385,8090,8890,4.5594631531995365e-24,0,,178,100
1386,8093,8893,3.1939901879793064e-26,0,,178,100
1387,8103,8903,1.9314081573344582e-26,0,,178,100
1388,8111,8911,2.648385206625102e-25,0,,177,100
1389,8114,8914,2.5304887970664396e-23,0,,177,100
1390,8116,8916,5.999837215128264e-23,0,,177,100
1391,8125,8925,2.3951372696193845e-24,0,,178,100
1392,8128,8928,1.3315023954734437e-22,0,,178,100
1393,8141,8941,3.589773193327092e-21,0,,176,100
1394,8147,8947,1.2356437271928643e-22,0,,176,100
1395,8150,8950,4.279987995812996e-22,0,,178,100
1396,8160,8960,3.1859687314860703e-21,0,,177,100
1397,8163,8963,6.151524207993652e-20,0,,176,100
1398,8167,8967,2.089782633932884e-18,0,,176,100
1399,8177,8977,3.3129830512743116e-18,0,,177,100
1400,8180,8980,8.918544025164425e-18,0,,176,100
1401,8184,8984,2.115295093853908e-19,0,,176,100
1402,8191,8991,1.0896647845945125e-17,0,,176,100
1403,8199,8999,2.5116267439379986e-20,0,,177,100
1404,8203,9003,9.465616886686959e-20,0,,178,100
1405,8210,9010,2.440433190412944e-20,0,,178,100
1406,8214,9014,2.445943364252818e-19,0,,179,100
1407,8219,9019,1.8840443692921694e-18,0,,178,100
1408,8225,9025,2.884783630885887e-17,0,,178,100
1409,8230,9030,1.6494879250546027e-16,0,,178,100
1410,8238,9038,7.428590435907064e-17,0,,177,100
1411,8244,9044,2.102151258917365e-13,0,,178,100
1412,8247,9047,5.989692511970621e-15,0,,178,100
1413,8256,9056,6.294730608352757e-15,0,,178,100
1414,8259,9059,4.4402975014541795e-15,0,,178,100
1415,8264,9064,2.2842796304262176e-14,0,,178,100
1416,8267,9067,1.1548581240197551e-13,0,,178,100
1417,8273,9073,4.233493286756189e-11,0,,178,100
1418,8285,9085,6.380979492351475e-15,0,,178,100
1419,8288,9088,1.031585488992322e-13,0,,178,100
1420,8293,9093,7.54087526756122e-15,0,,176,100
1421,8299,9099,1.9029998336014374e-16,0,,178,100
1422,8302,9102,1.703651005212479e-15,0,,178,100
1423,8311,9111,1.4804477609015927e-17,0,,179,100
1424,8314,9114,1.9925971604043753e-16,0,,179,100
1425,8318,9118,8.495944263355585e-17,0,,180,100
1426,8325,9125,6.303096170672094e-17,0,,179,100
1427,8328,9128,1.7348923872860621e-15,0,,178,100
1428,8332,9132,5.517558995332585e-15,0,,178,100
1429,8339,9139,1.1908959432587362e-16,0,,178,100
1430,8343,9143,2.79541065373793e-16,0,,179,100
1431,8349,9149,2.8823757856806557e-18,0,,179,100
1432,8352,9152,5.634663353041398e-18,0,,178,100
1433,8369,9169,8.976089623169939e-17,0,,180,100
1434,8379,9179,2.1153260124430515e-16,0,,179,100
1435,8382,9182,2.7011266880854038e-15,0,,179,100
1436,8386,9186,3.9427058951164665e-17,0,,178,100
1437,8392,9192,1.4752491173093742e-16,0,,178,100
1438,8396,9196,2.77732245754861e-16,0,,179,100
1439,8408,9208,1.8037383068386182e-17,0,,180,100
1440,8419,9219,2.9841813637672e-17,0,,183,100
1441,8422,9222,1.715997941547927e-18,0,,183,100
1442,8426,9226,1.841648827251904e-18,0,,182,100
1443,8431,9231,4.5472649380943845e-19,0,,182,100
1444,8434,9234,6.617346086150165e-18,0,,181,100
1445,8436,9236,1.2995922812986117e-16,0,,180,100
1446,8443,9243,5.546386061739146e-15,0,,178,100
1447,8451,9251,2.1884215387254523e-16,0,,178,100
1448,8454,9254,6.4770575774873706e-21,0,,175,100
1449,8458,9258,7.119152300357764e-21,0,,177,100
1450,8467,9267,5.948595808835155e-16,0,,178,100
1451,8473,9273,1.6938017306184968e-17,0,,178,100
1452,8478,9278,5.967575536262889e-20,0,,178,100
1453,8484,9284,6.303348677963678e-20,0,,178,100
1454,8487,9287,8.422742003724639e-23,0,,178,100
1455,8491,9291,7.518070291716234e-21,0,,177,100
1456,8495,9295,1.4284724848799875e-22,0,,177,100
1457,8503,9303,2.4102968000586863e-22,0,,178,100
1458,8510,9310,2.728085220056446e-19,0,,178,100
1459,8518,9318,8.199106333674094e-21,0,,178,100
1460,8526,9326,1.8805148845191547e-21,0,,175,100
1461,8530,9330,1.4473788269684514e-20,0,,175,100
1462,8539,9339,1.955490887053701e-18,0,,173,100
1463,8542,9342,2.615255060531151e-20,0,,173,100
1464,8546,9346,5.106752075312667e-20,0,,173,100
1465,8550,9350,2.3713433634238584e-23,0,,172,100
1466,8556,9356,1.4006329411772813e-17,0,,171,100
1467,8560,9360,8.675670666632403e-19,0,,171,100
1468,8568,9368,1.2389388366738993e-19,0,,172,100
1469,8572,9372,2.932052361388726e-19,0,,173,100
1470,8576,9376,2.425867077016361e-19,0,,170,100
1471,8583,9383,2.438700360675556e-19,0,,172,100
1472,8591,9391,1.6913420492623377e-20,0,,171,100
1473,8595,9395,1.1892378265179856e-21,0,,171,100
1474,8603,9403,7.547314280777458e-22,0,,172,100
1475,8611,9411,1.7672795118423887e-20,0,,171,100
1476,8614,9414,2.2989198688937836e-21,0,,171,100
1477,8618,9418,3.66885082618822e-21,0,,171,100
1478,8625,9425,7.3095456994598e-21,0,,171,100
1479,8633,9433,7.406267002911075e-23,0,,174,100
1480,8637,9437,1.2335555298029192e-19,0,,173,100
1481,8641,9441,8.213192067415451e-20,0,,173,100
1482,8649,9449,3.957407172702285e-23,0,,172,100
1483,8657,9457,1.0045982900179037e-20,0,,171,100
1484,8661,9461,5.249511504014125e-19,0,,171,100
1485,8669,9469,1.633760987134467e-19,0,,170,100
1486,8675,9475,3.185980487040033e-19,0,,171,100
1487,8678,9478,1.5547572368071462e-20,0,,170,100
1488,8686,9486,1.905796231996101e-20,0,,173,100
1489,8697,9497,1.7354141385214762e-19,0,,174,100
1490,8701,9501,3.391281599248678e-21,0,,174,100
1491,8708,9508,7.118880219912302e-18,0,,174,100
1492,8717,9517,4.1505496627962615e-22,0,,172,100
1493,8720,9520,4.106880551417536e-22,0,,173,100
1494,8727,9527,4.5877005843739704e-23,0,,173,100
1495,8733,9533,2.752193551250088e-22,0,,173,100
1496,8736,9536,1.2765751503095314e-20,0,,173,100
1497,8740,9540,2.793315783565205e-17,0,,172,100
1498,8747,9547,2.816322407473026e-17,0,,173,100
1499,8750,9550,2.2793454956709147e-19,0,,172,100
1500,8754,9554,1.860524473533455e-18,0,,172,100
1501,8761,9561,5.756547514706142e-19,0,,174,100
1502,8770,9570,6.689455042375559e-17,0,,172,100
1503,8773,9573,3.956084118687981e-17,0,,173,100
1504,8782,9582,9.271768159911796e-18,0,,172,100
1505,8791,9591,4.994698513303669e-16,0,,173,100
1506,8796,9596,3.136231351838983e-17,0,,172,100
1507,8804,9604,2.0163978077960895e-17,0,,177,100
1508,8813,9613,1.6130679979018688e-19,0,,175,100
1509,8817,9617,4.920087379761983e-18,0,,176,100
1510,8823,9623,1.4656131951725628e-18,0,,176,100
1511,8827,9627,2.055381749581184e-18,0,,175,100
1512,8835,9635,3.4751249839037876e-19,0,,176,100
1513,8843,9643,7.662854535267942e-19,0,,177,100
1514,8847,9647,3.72370113941159e-15,0,,177,100
1515,8852,9652,2.7131221625080627e-18,0,,178,100
1516,8856,9656,5.7138961372604144e-18,0,,178,100
1517,8863,9663,2.0182245313708779e-19,0,,179,100
1518,8872,9672,9.894480906755774e-19,0,,175,100
1519,8875,9675,1.4083500063610653e-18,0,,174,100
1520,8885,9685,1.752251742893727e-20,0,,175,100
1521,8888,9688,2.5975190899841594e-19,0,,175,100
1522,8896,9696,9.571871568011106e-20,0,,176,100
1523,8901,9701,6.925649370173141e-20,0,,176,100
1524,8904,9704,7.019586184057705e-19,0,,176,100
1525,8920,9720,4.961882757708174e-17,0,,178,100
1526,8924,9724,7.381187913907276e-17,0,,178,100
1527,8932,9732,1.4637943252950986e-16,0,,179,100
1528,8937,9737,1.0152186242453916e-13,0,,180,100
1529,8940,9740,1.0087521542363015e-13,0,,179,100
1530,8944,9744,1.4737069684504793e-14,0,,180,100
1531,8952,9752,1.2470278847340163e-11,0,,179,100
1532,8955,9755,4.161686590056897e-12,0,,179,100
1533,8968,9768,1.0229508320514422e-13,0,,180,100
1534,8979,9779,2.317207678943993e-17,0,,181,100
1535,8983,9783,1.5294888847143713e-18,0,,181,100
1536,8990,9790,3.352817036488339e-18,0,,181,100
1537,8999,9799,6.584736418791031e-20,0,,179,100
1538,9002,9802,3.844087518954097e-20,0,,179,100
1539,9007,9807,6.580550166235604e-20,0,,179,100
1540,9014,9814,5.467698616304983e-18,0,,179,100
1541,9023,9823,2.8837243274006514e-17,0,,181,100
1542,9027,9827,1.513260295312384e-18,0,,182,100
1543,9033,9833,2.917228019195247e-18,0,,182,100
1544,9042,9842,6.646236569843035e-19,0,,181,100
1545,9046,9846,2.1325425421955344e-20,0,,180,100
1546,9049,9849,2.1361131802127085e-19,0,,181,100
1547,9057,9857,5.2134012684744024e-20,0,,184,100
1548,9063,9863,7.500972941754148e-21,0,,183,100
1549,9067,9867,4.965158371375332e-21,0,,184,100
1550,9071,9871,3.637224385897692e-20,0,,183,100
1551,9075,9875,2.1600776889968295e-18,0,,183,100
1552,9084,9884,2.349217814733345e-20,0,,183,100
1553,9087,9887,9.766181051502472e-22,0,,182,100
1554,9095,9895,2.6152606091226576e-20,0,,182,100
1555,9099,9899,5.567209197874237e-20,0,,183,100
1556,9110,9910,1.4299541761809694e-23,0,,179,100
1557,9113,9913,2.4135815246467402e-24,0,,179,100
1558,9121,9921,1.0809986788039563e-23,0,,180,100
1559,9125,9925,3.3030449445652433e-22,0,,179,100
1560,9129,9929,1.6687277993144237e-22,0,,179,100
1561,9140,9940,4.045574952271234e-24,0,,182,100
1562,9143,9943,6.26136253759563e-24,0,,183,100
1563,9158,9958,9.535373773163914e-22,0,,182,100
1564,9162,9962,1.9563692705142365e-21,0,,182,100
1565,9173,9973,1.6169195692200748e-25,0,,182,100
1566,9177,9977,9.666911804541031e-29,0,,183,100
1567,9185,9985,7.33172499534781e-28,0,,183,100
1568,9190,9990,5.296250178705667e-25,0,,183,100
1569,9193,9993,2.2131098723304183e-27,0,,183,100
1570,9197,9997,8.71908415770888e-28,0,,183,100
1571,9204,10004,5.364807212232488e-28,0,,184,100
1572,9213,10013,1.828683701784181e-23,0,,182,100
1573,9216,10016,6.011985688058464e-22,0,,182,100
1574,9226,10026,3.047849320448912e-24,0,,182,100
1575,9231,10031,6.822486572103286e-24,0,,182,100
1576,9239,10039,6.082332423397005e-26,0,,183,100
1577,9243,10043,3.535367455343997e-25,0,,184,100
1578,9248,10048,5.851316149166804e-25,0,,185,100
1579,9256,10056,2.0907716087149505e-21,0,,185,100
1580,9259,10059,6.437986271148836e-21,0,,186,100
1581,9267,10067,2.7627656293887567e-19,0,,185,100
1582,9271,10071,1.02236336273171e-19,0,,185,100
1583,9280,10080,4.5736966628001596e-20,0,,184,100
1584,9283,10083,1.326541413090982e-20,0,,185,100
1585,9291,10091,5.3183924469838237e-20,0,,187,100
1586,9295,10095,6.146036215196064e-20,0,,188,100
1587,9302,10102,1.5682303036485799e-18,0,,187,100
1588,9308,10108,3.893044740873443e-21,0,,187,100
1589,9311,10111,1.9625510511358347e-21,0,,187,100
1590,9320,10120,1.4265442577773857e-23,0,,188,100
1591,9324,10124,1.5219195200112235e-23,0,,188,100
1592,9332,10132,3.205409824433938e-23,0,,189,100
1593,9338,10138,4.628004117541794e-22,0,,188,100
1594,9341,10141,2.3216301826881733e-23,0,,188,100
1595,9349,10149,3.1354544229578124e-25,0,,189,100
1596,9353,10153,2.2968325530508957e-24,0,,189,100
1597,9363,10163,1.453351694766866e-26,0,,189,100
1598,9367,10167,3.449676589629733e-27,0,,190,100
1599,9377,10177,5.265334919384322e-22,0,,190,100
1600,9383,10183,9.77088526606653e-26,0,,191,100
1601,9386,10186,5.2907782937123515e-25,0,,190,100
1602,9392,10192,7.882417555455612e-25,0,,191,100
1603,9403,10203,7.669041237875362e-27,0,,193,100
1604,9412,10212,1.5693579881729842e-22,0,,191,100
1605,9416,10216,6.201530429341414e-23,0,,191,100
1606,9430,10230,2.1120259872968057e-22,0,,190,100
1607,9433,10233,3.40878712132907e-22,0,,190,100
1608,9444,10244,3.736928009824644e-24,0,,190,100
1609,9454,10254,3.535088560106211e-23,0,,190,100
1610,9463,10263,1.238557046082433e-22,0,,189,100
1611,9466,10266,3.7179086902491774e-22,0,,187,100
1612,9470,10270,1.2111383602359953e-21,0,,189,100
1613,9478,10278,8.845456570815967e-24,0,,189,100
1614,9486,10286,5.986068682526803e-23,0,,186,100
1615,9489,10289,7.844542579835963e-23,0,,186,100
1616,9496,10296,8.979180870380591e-25,0,,186,100
1617,9500,10300,1.216978621811493e-24,0,,187,100
1618,9507,10307,1.1141413193686501e-25,0,,187,100
1619,9516,10316,8.77491689519345e-22,0,,185,100
1620,9520,10320,1.6254098617249117e-22,0,,185,100
1621,9529,10329,3.9469769159692e-22,0,,184,100
1622,9539,10339,7.008655001596199e-20,0,,185,100
1623,9542,10342,1.5565124575361143e-22,0,,184,100
1624,9546,10346,1.6496056269496557e-21,0,,184,100
1625,9551,10351,6.477163041117472e-22,0,,185,100
1626,9557,10357,3.54288046192576e-20,0,,182,100
1627,9561,10361,1.6210868554735743e-20,0,,182,100
1628,9570,10370,2.96192430745193e-20,0,,181,100
1629,9578,10378,3.576999011744323e-21,0,,182,100
1630,9582,10382,1.0709902815691921e-19,0,,184,100
1631,9586,10386,4.949933398544181e-20,0,,184,100
1632,9589,10389,2.397499862892741e-19,0,,184,100
1633,9599,10399,1.3811438224957413e-18,0,,180,100
1634,9602,10402,2.6824411752968583e-18,0,,179,100
1635,9610,10410,9.780003186792588e-18,0,,179,100
1636,9615,10415,1.2407055298679978e-17,0,,177,100
1637,9621,10421,7.275050737696743e-18,0,,178,100
1638,9629,10429,3.7958540516759646e-17,0,,179,100
1639,9632,10432,1.4494886099505036e-19,0,,178,100
1640,9639,10439,1.062415771304381e-17,0,,177,100
1641,9643,10443,1.659801789482341e-16,0,,177,100
1642,9653,10453,2.110254868167962e-17,0,,175,100
1643,9657,10457,6.043217083754524e-19,0,,174,100
1644,9662,10462,1.4891227607121548e-19,0,,175,100
1645,9668,10468,5.016132148458021e-20,0,,175,100
1646,9679,10479,3.224755336941041e-18,0,,175,100
1647,9688,10488,2.2090459043147096e-16,0,,174,100
1648,9691,10491,1.0350801901365657e-16,0,,175,100
1649,9696,10496,3.8559015902317515e-17,0,,175,100
1650,9700,10500,3.140479984677884e-16,0,,176,100
1651,9708,10508,2.3718444698118564e-16,0,,174,100
1652,9711,10511,1.1530484351306378e-17,0,,174,100
1653,9717,10517,8.6733456951968e-16,0,,175,100
1654,9721,10521,1.5180419505088465e-18,0,,174,100
1655,9729,10529,8.75505627840763e-18,0,,173,100
1656,9737,10537,2.71317637221402e-19,0,,173,100
1657,9741,10541,1.109220999272925e-17,0,,173,100
1658,9744,10544,9.183942903353034e-18,0,,174,100
1659,9758,10558,8.96643486567274e-15,0,,173,100
1660,9761,10561,1.0521306655788107e-16,0,,171,100
1661,9767,10567,2.8931767780891646e-16,0,,173,100
1662,9770,10570,2.895605301077636e-13,0,,172,100
1663,9775,10575,6.629654142716725e-14,0,,172,100
1664,9779,10579,9.219931611903612e-15,0,,172,100
1665,9785,10585,1.3265061725686763e-14,0,,172,100
1666,9788,10588,2.4405889317022598e-14,0,,171,100
1667,9792,10592,3.4497972439167933e-19,0,,170,100
1668,9794,10594,2.5901391214463314e-19,0,,171,100
1669,9801,10601,7.647039384747848e-16,0,,171,100
1670,9806,10606,1.5515096879728978e-15,0,,170,100
1671,9811,10611,4.857569975578099e-16,0,,170,100
1672,9815,10615,1.1118865573687812e-17,0,,171,100
1673,9823,10623,2.828855323786066e-16,0,,169,100
1674,9826,10626,5.357069054778857e-17,0,,169,100
1675,9834,10634,2.4513265128637737e-18,0,,168,100
1676,9838,10638,3.1727378681234936e-18,0,,169,100
1677,9847,10647,7.477664140141297e-19,0,,168,100
1678,9849,10649,1.1919605946286668e-18,0,,168,100
1679,9856,10656,5.672165449512624e-21,0,,165,100
1680,9859,10659,3.3883848905159615e-19,0,,165,100
1681,9864,10664,5.534392520805926e-19,0,,164,100
1682,9870,10670,6.567440581608197e-23,0,,163,100
1683,9874,10674,2.6087185834961427e-22,0,,163,100
1684,9878,10678,5.852923976037578e-21,0,,163,100
1685,9889,10689,8.579663092822374e-25,0,,164,100
1686,9893,10693,1.2404145927486669e-24,0,,165,100
1687,9904,10704,5.420999911056258e-22,0,,165,100
1688,9907,10707,3.486661993248215e-22,0,,164,100
1689,9911,10711,2.1204917633164156e-22,0,,164,100
1690,9916,10716,1.4814475174035571e-21,0,,164,100
1691,9920,10720,6.09644634135281e-22,0,,165,100
1692,9926,10726,4.1063076700326605e-21,0,,166,100
1693,9935,10735,1.0443122672847126e-22,0,,162,100
1694,9938,10738,2.9147254008714635e-23,0,,162,100
1695,9946,10746,5.0180358459657553e-23,0,,163,100
1696,9950,10750,5.786724701000958e-23,0,,164,100
1697,9958,10758,1.3934019180257724e-23,0,,165,100
1698,9964,10764,3.1137051888011414e-26,0,,165,100
1699,9968,10768,3.275930840892673e-26,0,,166,100
1700,9976,10776,5.8675717380949194e-24,0,,166,100
1701,9979,10779,1.4766032229679467e-29,0,,166,100
1702,9987,10787,3.2834291657099374e-30,0,,167,100
1703,9991,10791,2.5864034444562833e-29,0,,168,100
1704,9996,10796,5.756457779814025e-30,0,,169,100
1705,9999,10799,1.23895329095835e-33,0,,168,100
1706,10003,10803,4.922084085918167e-30,0,,169,100
1707,10010,10810,7.762427814042124e-27,0,,170,100
1708,10019,10819,1.4926076696825316e-30,0,,170,100
1709,10033,10833,2.4947117364767686e-28,0,,169,100
1710,10037,10837,4.162939330575318e-31,0,,171,100
1711,10043,10843,1.163930909457961e-30,0,,172,100
1712,10055,10855,5.464584053027159e-34,0,,169,100
1713,10058,10858,1.4809966811542381e-34,0,,169,100
1714,10066,10866,5.0369283655688445e-33,0,,169,100
1715,10070,10870,2.544306248375787e-33,0,,170,100
1716,10082,10882,1.475404578521763e-35,0,,167,100
1717,10090,10890,7.415712113887836e-33,0,,167,100
1718,10094,10894,7.360091587534264e-33,0,,168,100
1719,10108,10908,4.917883281277805e-29,0,,166,100
1720,10112,10912,8.577264848109268e-30,0,,167,100
1721,10121,10921,2.1130019499623312e-32,0,,163,100
1722,10125,10925,7.603456547254677e-32,0,,163,100
1723,10129,10929,1.0203582835868365e-31,0,,165,100
1724,10139,10939,3.2009093971730406e-25,0,,163,100
1725,10144,10944,7.624370309580045e-26,0,,164,100
1726,10149,10949,7.285094300253585e-28,0,,164,100
1727,10152,10952,1.105313365641308e-26,0,,164,100
1728,10157,10957,1.6636677209152043e-31,0,,163,100
1729,10160,10960,7.028153615264431e-27,0,,163,100
1730,10164,10964,1.9847493540844e-29,0,,162,100
1731,10167,10967,1.0017011995603105e-27,0,,162,100
1732,10176,10976,6.4024891964862206e-27,0,,163,100
1733,10179,10979,9.261778620817861e-25,0,,162,100
1734,10183,10983,8.714791610961969e-24,0,,162,100
1735,10191,10991,3.59602816869319e-25,0,,163,100
1736,10194,10994,1.731852140407435e-21,0,,161,100
1737,10198,10998,8.8552495713085e-20,0,,161,100
1738,10205,11005,3.755758473752334e-24,0,,161,100
1739,10213,11013,1.083425736160324e-21,0,,160,100
1740,10223,11023,5.631494795452044e-24,0,,161,100
1741,10226,11026,1.9603920718949316e-24,0,,160,100
1742,10230,11030,2.629432226080921e-23,0,,159,100
1743,10237,11037,1.9211827059688813e-23,0,,162,100
1744,10251,11051,2.3627156414814924e-27,0,,163,100
1745,10255,11055,1.7289019806950372e-27,0,,162,100
1746,10267,11067,1.0255954582785849e-23,0,,162,100
1747,10270,11070,1.9587159576828483e-24,0,,161,100
1748,10274,11074,3.337160895323293e-24,0,,163,100
1749,10284,11084,9.232611947016875e-22,0,,164,100
1750,10288,11088,1.4350681171985456e-23,0,,166,100
1751,10292,11092,6.899221309260502e-20,0,,166,100
1752,10302,11102,3.275699273768373e-22,0,,166,100
1753,10305,11105,4.3391008461320935e-23,0,,166,100
1754,10314,11114,2.5898111955377406e-24,0,,166,100
1755,10318,11118,3.3977307478448055e-24,0,,168,100
1756,10326,11126,6.764525297580228e-22,0,,166,100
1757,10336,11136,3.549275795332378e-18,0,,167,100
1758,10339,11139,3.550010034720785e-20,0,,167,100
1759,10343,11143,3.5382155056870183e-20,0,,168,100
1760,10354,11154,3.138820134767198e-23,0,,169,100
1761,10365,11165,1.510782885109267e-21,0,,169,100
1762,10368,11168,1.6168381420420795e-25,0,,168,100
1763,10379,11179,3.0126388136442827e-28,0,,166,100
1764,10382,11182,2.4991146800658363e-29,0,,167,100
1765,10391,11191,4.798544745916714e-31,0,,167,100
1766,10401,11201,1.004997675537886e-30,0,,169,100
1767,10413,11213,1.3206769850612268e-31,0,,169,100
1768,10416,11216,1.13144841614218e-32,0,,169,100
1769,10420,11220,1.8084831284489602e-30,0,,168,100
1770,10426,11226,3.48210790836467e-30,0,,170,100
1771,10438,11238,2.898057191825607e-28,0,,169,100
1772,10443,11243,4.117152574420381e-28,0,,169,100
1773,10448,11248,1.825828565647028e-30,0,,169,100
1774,10457,11257,4.709468211826834e-27,0,,169,100
1775,10462,11262,1.2026476408203223e-28,0,,171,100
1776,10472,11272,3.4795050798606616e-30,0,,169,100
1777,10476,11276,2.6510344066114342e-30,0,,171,100
1778,10482,11282,4.945447364914662e-28,0,,168,100
1779,10490,11290,2.9725084105246208e-27,0,,169,100
1780,10493,11293,1.0567253272172398e-31,0,,168,100
1781,10498,11298,1.141946688862384e-29,0,,168,100
1782,10501,11301,1.950448125642931e-27,0,,168,100
1783,10509,11309,1.6570973250980808e-28,0,,168,100
1784,10512,11312,5.016212494218795e-29,0,,169,100
1785,10523,11323,2.5119748356935277e-26,0,,169,100
1786,10531,11331,3.034918991593559e-26,0,,169,100
1787,10535,11335,1.6926556110206273e-24,0,,169,100
1788,10539,11339,2.966172459931809e-24,0,,169,100
1789,10550,11350,4.252069700242648e-26,0,,170,100
1790,10553,11353,5.5826420896989e-25,0,,170,100
1791,10563,11363,8.68319536704061e-26,0,,170,100
1792,10570,11370,3.1304483383162315e-23,0,,169,100
1793,10574,11374,4.214144680612742e-24,0,,169,100
1794,10579,11379,2.1327192156133227e-25,0,,169,100
1795,10582,11382,2.1167567199373547e-24,0,,168,100
1796,10593,11393,1.4398702751782454e-25,0,,172,100
1797,10596,11396,4.601052026270378e-23,0,,171,100
1798,10600,11400,4.619662130956466e-24,0,,172,100
1799,10607,11407,6.1058998861661316e-24,0,,172,100
1800,10615,11415,5.536399437421966e-26,0,,172,100
1801,10619,11419,1.12222905584339e-22,0,,172,100
1802,10622,11422,8.75606461775994e-22,0,,173,100
1803,10631,11431,2.818194210248732e-20,0,,174,100
1804,10636,11436,3.1198568394858606e-18,0,,173,100
1805,10646,11446,9.234265676526047e-25,0,,175,100
1806,10651,11451,6.577696843067338e-25,0,,174,100
1807,10655,11455,8.259615085777652e-21,0,,175,100
1808,10662,11462,1.0019305511441322e-24,0,,177,100
1809,10672,11472,1.4136164127472714e-20,0,,176,100
1810,10675,11475,1.337604411775587e-22,0,,175,100
1811,10679,11479,5.135439956133958e-24,0,,176,100
1812,10687,11487,1.7030774882678004e-22,0,,177,100
1813,10690,11490,1.3397514386280216e-24,0,,176,100
1814,10694,11494,1.6800891185751314e-22,0,,178,100
1815,10706,11506,1.0606166650369895e-23,0,,178,100
1816,10709,11509,6.487284936735999e-25,0,,178,100
1817,10713,11513,1.1671811767327542e-23,0,,177,100
1818,10719,11519,3.651337833540046e-27,0,,177,100
1819,10722,11522,4.3850783709793245e-26,0,,176,100
1820,10728,11528,2.3279861367284247e-25,0,,177,100
1821,10732,11532,5.109389935019278e-27,0,,176,100
1822,10737,11537,1.2304106963910375e-25,0,,179,100
1823,10743,11543,1.1445686545879955e-27,0,,179,100
1824,10747,11547,5.2277234616614144e-24,0,,179,100
1825,10751,11551,3.8022857221263324e-28,0,,179,100
1826,10755,11555,1.365090009627824e-25,0,,179,100
1827,10764,11564,1.216451772927914e-26,0,,180,100
1828,10767,11567,1.7052484829291715e-24,0,,179,100
1829,10774,11574,6.424682201766306e-29,0,,178,100
1830,10785,11585,2.322861860760445e-29,0,,177,100
1831,10795,11595,4.66831835333854e-28,0,,177,100
1832,10807,11607,2.178737230181498e-34,0,,177,100
1833,10811,11611,2.168490392130937e-33,0,,177,100
1834,10817,11617,2.1395062329367246e-32,0,,178,100
1835,10825,11625,2.1687189135630514e-35,0,,178,100
1836,10841,11641,9.498098734362544e-32,0,,175,100
1837,10844,11644,2.241597682010922e-30,0,,175,100
1838,10849,11649,2.8394963762558374e-31,0,,175,100
1839,10853,11653,3.3186468660259995e-31,0,,175,100
1840,10858,11658,2.3146353444220373e-27,0,,175,100
1841,10864,11664,5.448367441193726e-27,0,,175,100
1842,10870,11670,6.312091412204389e-28,0,,175,100
1843,10873,11673,8.871024013157754e-27,0,,175,100
1844,10883,11683,1.7652861726548024e-28,0,,176,100
1845,10887,11687,4.524093985204633e-26,0,,176,100
1846,10894,11694,3.2928329249617776e-25,0,,176,100
1847,10898,11698,2.5158030677028747e-25,0,,176,100
1848,10907,11707,7.762345735310583e-27,0,,176,100
1849,10912,11712,2.883049344820762e-28,0,,175,100
1850,10922,11722,1.1931719542605325e-28,0,,175,100
1851,10926,11726,9.254466049534614e-29,0,,177,100
1852,10936,11736,9.635988573341966e-29,0,,180,100
1853,10944,11744,4.883395834478459e-30,0,,180,100
1854,10948,11748,4.2086527541970256e-33,0,,179,100
1855,10952,11752,1.3117934389881892e-32,0,,179,100
1856,10958,11758,4.0248236527683635e-32,0,,181,100
1857,10965,11765,5.515760746031977e-26,0,,181,100
1858,10972,11772,9.879037057050508e-29,0,,181,100
1859,10975,11775,3.7648406957993377e-28,0,,180,100
1860,10980,11780,1.3491486958703803e-28,0,,181,100
1861,10993,11793,1.3664347356983103e-28,0,,181,100
1862,10996,11796,1.7648113878489283e-27,0,,180,100
1863,11000,11800,1.3731800086212686e-26,0,,181,100
1864,11011,11811,1.2315383901106535e-24,0,,184,100
1865,11014,11814,3.0300116149289274e-21,0,,182,100
1866,11018,11818,2.174696172955058e-23,0,,182,100
1867,11025,11825,8.864972343836552e-22,0,,183,100
1868,11033,11833,3.6687187191174472e-22,0,,183,100
1869,11036,11836,7.084282365023223e-25,0,,182,100
1870,11039,11839,1.2038699956456132e-25,0,,182,100
1871,11043,11843,4.971340178908966e-22,0,,182,100
1872,11054,11854,6.48923076258122e-23,0,,182,100
1873,11057,11857,4.060905811741319e-23,0,,183,100
1874,11065,11865,4.751062790800267e-26,0,,183,100
1875,11075,11875,6.880386927589825e-22,0,,180,100
1876,11083,11883,9.467784462333395e-23,0,,179,100
1877,11086,11886,3.972910552664408e-25,0,,177,100
1878,11090,11890,2.9752344136169697e-24,0,,177,100
1879,11100,11900,3.41529934533636e-22,0,,178,100
1880,11103,11903,5.979790440301706e-22,0,,178,100
1881,11115,11915,7.738315399418583e-23,0,,179,100
1882,11118,11918,6.541336359960037e-21,0,,177,100
1883,11123,11923,4.5091805327815855e-21,0,,179,100
1884,11131,11931,3.1623994662283143e-22,0,,179,100
1885,11134,11934,9.944945238798982e-21,0,,179,100
1886,11138,11938,2.6447248766382726e-16,0,,180,100
1887,11141,11941,5.249340378788029e-21,0,,179,100
1888,11145,11945,4.18022955771414e-21,0,,179,100
1889,11152,11952,2.460020992552027e-18,0,,181,100
1890,11156,11956,1.2209391127225417e-18,0,,181,100
1891,11165,11965,7.122289373578098e-18,0,,182,100
1892,11171,11971,2.0554452478405384e-19,0,,184,100
1893,11177,11977,1.0905463786962567e-22,0,,184,100
1894,11184,11984,1.5076034318454396e-18,0,,184,100
1895,11187,11987,5.661336240645242e-18,0,,184,100
1896,11194,11994,3.104120834312371e-18,0,,183,100
1897,11200,12000,3.3856675517103714e-20,0,,185,100
1898,11204,12004,1.0904344530690306e-17,0,,185,100
1899,11207,12007,5.151357764012716e-18,0,,186,100
1900,11218,12018,8.136054942339414e-17,0,,186,100
1901,11221,12021,1.50016001979498e-19,0,,185,100
1902,11225,12025,1.005660856809834e-17,0,,187,100
1903,11234,12034,3.0191143333486046e-18,0,,188,100
1904,11240,12040,1.6647623668050285e-21,0,,188,100
1905,11243,12043,2.3887442718286963e-22,0,,188,100
1906,11247,12047,1.9193907261449592e-22,0,,188,100
1907,11252,12052,8.668208889240636e-22,0,,188,100
1908,11256,12056,1.534551402351028e-22,0,,189,100
1909,11265,12065,1.793313116203578e-23,0,,188,100
1910,11271,12071,1.0976382569006164e-23,0,,190,100
1911,11279,12079,6.645735357796916e-25,0,,190,100
1912,11283,12083,1.4269404895558494e-25,0,,190,100
1913,11290,12090,6.536434119009997e-27,0,,189,100
1914,11294,12094,7.980574583616372e-30,0,,189,100
1915,11296,12096,1.8777791375328393e-28,0,,187,100
1916,11300,12100,2.88525190092286e-28,0,,187,100
1917,11303,12103,7.325155615521504e-28,0,,188,100
1918,11308,12108,4.6557442692978146e-30,0,,187,100
1919,11312,12112,1.2000972631188335e-27,0,,187,100
1920,11315,12115,1.7290032822428135e-27,0,,188,100
1921,11323,12123,5.38255536260898e-30,0,,189,100
1922,11326,12126,2.479037353700475e-32,0,,189,100
1923,11331,12131,6.542083607910434e-29,0,,188,100
1924,11344,12144,4.427217425694018e-28,0,,187,100
1925,11348,12148,9.879510393188768e-28,0,,189,100
1926,11358,12158,3.5830847904818067e-31,0,,187,100
1927,11362,12162,1.1072947890561703e-31,0,,188,100
1928,11370,12170,4.101391469375975e-28,0,,188,100
1929,11374,12174,8.422013084735235e-30,0,,188,100
1930,11379,12179,1.2295286349143444e-30,0,,188,100
1931,11388,12188,7.2835973129844865e-31,0,,187,100
1932,11392,12192,9.387867705561288e-31,0,,187,100
1933,11402,12202,6.038586649208132e-34,0,,186,100
1934,11405,12205,1.1280490175182294e-27,0,,186,100
1935,11409,12209,6.402201085647567e-28,0,,187,100
1936,11414,12214,3.44588573621602e-27,0,,186,100
1937,11417,12217,2.827359734906058e-28,0,,185,100
1938,11424,12224,2.6631075496273994e-27,0,,184,100
1939,11431,12231,2.9206303554289745e-32,0,,183,100
1940,11437,12237,9.435507257251442e-33,0,,184,100
1941,11441,12241,1.0298672760603234e-32,0,,183,100
1942,11444,12244,1.3670232672402643e-32,0,,186,100
1943,11455,12255,1.3776154452261197e-32,0,,186,100
1944,11462,12262,1.2210576855232445e-32,0,,187,100
1945,11467,12267,2.4732742915768462e-29,0,,187,100
1946,11470,12270,8.547381063693118e-33,0,,186,100
1947,11476,12276,1.287138119708961e-34,0,,187,100
1948,11479,12279,2.7738349283811437e-31,0,,186,100
1949,11489,12289,1.2422260207096739e-29,0,,187,100
1950,11492,12292,6.84548887314267e-32,0,,186,100
1951,11501,12301,4.9218895428720834e-32,0,,185,100
1952,11505,12305,3.4019418978555085e-33,0,,186,100
1953,11512,12312,1.7613285558397991e-31,0,,187,100
1954,11519,12319,1.1526554692108489e-32,0,,187,100
1955,11523,12323,1.3777887817869724e-33,0,,187,100
1956,11531,12331,1.458549899346901e-33,0,,187,100
1957,11536,12336,4.942166565192897e-32,0,,183,100
1958,11539,12339,8.452649878109714e-31,0,,183,100
1959,11544,12344,3.4509797838556635e-32,0,,183,100
1960,11547,12347,6.757305400668652e-35,0,,183,100
1961,11557,12357,4.289894819285663e-36,0,,182,100
1962,11560,12360,1.9292192121794318e-36,0,,181,100
1963,11563,12363,8.551387720773182e-32,0,,181,100
1964,11568,12368,5.755972602112977e-32,0,,183,100
1965,11574,12374,2.5198211242104246e-35,0,,182,100
1966,11578,12378,1.1048370459045458e-35,0,,182,100
1967,11584,12384,7.573961502997165e-35,0,,182,100
1968,11587,12387,1.9817042626841706e-33,0,,182,100
1969,11596,12396,7.216270916992241e-28,0,,179,100
1970,11599,12399,1.1841062400111406e-30,0,,179,100
1971,11611,12411,6.199993227549864e-30,0,,178,100
1972,11614,12414,4.6277718160264854e-29,0,,178,100
1973,11620,12420,1.2834256592717668e-26,0,,178,100
1974,11628,12428,8.18015540754965e-27,0,,178,100
1975,11632,12432,7.732119494775616e-28,0,,178,100
1976,11638,12438,1.4856680030496431e-27,0,,179,100
1977,11641,12441,3.972069246582314e-29,0,,179,100
1978,11647,12447,1.5591830977571094e-25,0,,179,100
1979,11654,12454,1.3081632669731433e-26,0,,180,100
1980,11657,12457,8.515403382535322e-28,0,,180,100
1981,11668,12468,7.840195095736226e-26,0,,181,100
1982,11671,12471,4.765037749109216e-26,0,,181,100
1983,11675,12475,1.9852897447554715e-26,0,,181,100
1984,11682,12482,9.779234321286962e-29,0,,182,100
1985,11685,12485,1.1829436747259441e-28,0,,181,100
1986,11697,12497,3.953562912364189e-29,0,,183,100
1987,11704,12504,1.928254672496494e-29,0,,183,100
1988,11711,12511,2.054479927514945e-29,0,,185,100
1989,11720,12520,1.1871078169564318e-29,0,,185,100
1990,11723,12523,1.4973278265789283e-27,0,,184,100
1991,11726,12526,1.9286260391792543e-25,0,,184,100
1992,11734,12534,2.4385039701706873e-24,0,,185,100
1993,11737,12537,1.1096411831318188e-26,0,,184,100
1994,11741,12541,5.51385102464786e-25,0,,187,100
1995,11744,12544,1.7200718109580407e-25,0,,188,100
1996,11749,12549,1.3424178551392724e-26,0,,187,100
1997,11755,12555,5.503199732389277e-26,0,,187,100
1998,11758,12558,2.268328575672522e-25,0,,186,100
1999,11763,12563,1.3281375117973227e-27,0,,186,100
2000,11766,12566,2.6782439959251036e-26,0,,186,100
2001,11775,12575,3.218018939230675e-26,0,,187,100
2002,11784,12584,2.7103927283776043e-26,0,,188,100
2003,11789,12589,3.974157316918905e-27,0,,188,100
2004,11793,12593,4.297684251970666e-27,0,,188,100
2005,11801,12601,7.19886733111271e-22,0,,185,100
2006,11804,12604,1.3135215753309891e-27,0,,184,100
2007,11815,12615,6.023191213407527e-28,0,,186,100
2008,11821,12621,6.5220363666362965e-28,0,,186,100
2009,11824,12624,1.00907089890298e-23,0,,186,100
2010,11830,12630,2.5182973871248746e-23,0,,187,100
2011,11833,12633,2.5625351808293716e-19,0,,186,100
2012,11837,12637,2.261534075996486e-19,0,,187,100
2013,11848,12648,4.2944785566394514e-23,0,,189,100
2014,11851,12651,1.783640104922127e-22,0,,189,100
2015,11860,12660,1.4232699643921419e-22,0,,190,100
2016,11863,12663,1.3891503720672785e-21,0,,190,100
2017,11871,12671,2.121860585393099e-19,0,,191,100
2018,11874,12674,5.373864698307469e-22,0,,190,100
2019,11878,12678,6.497650907302826e-23,0,,191,100
2020,11884,12684,3.4039364666922775e-23,0,,191,100
2021,11887,12687,1.3365979623436261e-22,0,,191,100
2022,11891,12691,9.778137370869389e-24,0,,190,100
2023,11897,12697,3.1175980295261798e-24,0,,191,100
2024,11902,12702,1.6680751046307944e-23,0,,191,100
2025,11908,12708,2.0358338019742462e-24,0,,191,100
2026,11911,12711,1.2558601961708081e-24,0,,191,100
2027,11920,12720,1.0810331853017878e-21,0,,191,100
2028,11924,12724,3.163603136184613e-23,0,,190,100
2029,11930,12730,3.21247938355058e-22,0,,191,100
2030,11938,12738,3.181794962260956e-20,0,,189,100
2031,11944,12744,1.5957023458594418e-21,0,,189,100
2032,11948,12748,3.554913987842967e-22,0,,190,100
2033,11951,12751,3.3316266866358123e-20,0,,189,100
2034,11957,12757,3.717826966525568e-21,0,,189,100
2035,11961,12761,1.7777624315041766e-21,0,,188,100
2036,11968,12768,1.3615956865101448e-23,0,,188,100
2037,11971,12771,4.843293593558482e-22,0,,190,100
2038,11979,12779,8.987442285083221e-23,0,,191,100
2039,11982,12782,1.2941943845151462e-23,0,,190,100
2040,11989,12789,2.472360117357858e-23,0,,189,100
2041,11996,12796,4.1393078556403145e-22,0,,190,100
2042,11999,12799,7.81863243274036e-23,0,,190,100
2043,12003,12803,5.979761564729322e-23,0,,191,100
2044,12010,12810,1.6211224112588526e-24,0,,190,100
2045,12013,12813,1.9489233121514306e-23,0,,190,100
2046,12023,12823,6.035545895298159e-24,0,,189,100
2047,12026,12826,8.374504712263159e-24,0,,187,100
2048,12032,12832,9.350757668479275e-23,0,,188,100
2049,12038,12838,3.6652751286366356e-25,0,,187,100
2050,12041,12841,1.706422204020318e-24,0,,189,100
2051,12047,12847,3.1938411827108984e-23,0,,188,100
2052,12052,12852,1.6910830550151722e-23,0,,188,100
2053,12056,12856,2.7353551243138355e-23,0,,189,100
2054,12066,12866,1.2356204679359126e-23,0,,188,100
2055,12070,12870,1.8425426043654345e-22,0,,188,100
2056,12073,12873,5.458030824840677e-21,0,,189,100
2057,12085,12885,1.1627538938973806e-19,0,,191,100
2058,12088,12888,1.3985392656196053e-19,0,,191,100
2059,12103,12903,2.1455636787001167e-18,0,,192,100
2060,12108,12908,1.8830367962884737e-18,0,,192,100
2061,12111,12911,1.9902510049100026e-16,0,,191,100
2062,12116,12916,2.706775258883768e-19,0,,190,100
2063,12120,12920,3.6052880069594385e-19,0,,190,100
2064,12122,12922,2.7900305144200336e-17,0,,190,100
2065,12130,12930,7.436611143890325e-19,0,,190,100
2066,12140,12940,3.667006610154615e-21,0,,192,100
2067,12144,12944,4.987009242856353e-22,0,,193,100
2068,12152,12952,1.78504105162637e-19,0,,193,100
2069,12155,12955,2.385052879799789e-19,0,,193,100
2070,12159,12959,1.4723963677203617e-19,0,,193,100
2071,12168,12968,6.317082800944642e-22,0,,194,100
2072,12172,12972,3.733863071335723e-21,0,,194,100
2073,12185,12985,5.724541123613475e-23,0,,194,100
2074,12188,12988,5.507840969030077e-24,0,,194,100
2075,12192,12992,8.608033267802145e-27,0,,194,100
2076,12199,12999,1.5956582470735267e-25,0,,195,100
2077,12205,13005,1.1989692327951392e-25,0,,193,100
2078,12211,13011,2.9739773545149423e-24,0,,193,100
2079,12214,13014,2.41651359379497e-23,0,,193,100
2080,12224,13024,1.6218592610775722e-25,0,,193,100
2081,12229,13029,6.637515169666778e-25,0,,192,100
2082,12234,13034,8.014455140319213e-25,0,,193,100
2083,12237,13037,2.1915664653131075e-23,0,,193,100
2084,12244,13044,5.459805044000715e-27,0,,190,100
2085,12247,13047,2.4331938248264442e-27,0,,189,100
2086,12253,13053,1.019899293213896e-24,0,,190,100
2087,12256,13056,1.9541849532826375e-22,0,,190,100
2088,12265,13065,2.5819645686930074e-25,0,,190,100
2089,12271,13071,1.6648665249920638e-26,0,,189,100
2090,12274,13074,5.7258866674786196e-27,0,,190,100
2091,12282,13082,7.91765723133919e-31,0,,190,100
2092,12285,13085,3.0632632201917105e-30,0,,189,100
2093,12289,13089,4.76152506133672e-31,0,,189,100
2094,12296,13096,1.544457929369424e-26,0,,190,100
2095,12304,13104,1.1100113305700975e-28,0,,192,100
2096,12308,13108,8.549474300688323e-28,0,,192,100
2097,12311,13111,1.3864686879345767e-28,0,,192,100
2098,12318,13118,2.4626217460189457e-23,0,,192,100
2099,12326,13126,4.0767841324824075e-27,0,,192,100
2100,12330,13130,3.4556493549416564e-28,0,,193,100
2101,12337,13137,4.874763032735997e-27,0,,193,100
2102,12340,13140,5.451940204507905e-28,0,,195,100
2103,12347,13147,5.044711968733586e-27,0,,195,100
2104,12350,13150,1.1404386169741753e-25,0,,195,100
2105,12356,13156,2.211460545107907e-28,0,,195,100
2106,12362,13162,1.2021649617506033e-26,0,,196,100
2107,12368,13168,1.9676721881055998e-25,0,,196,100
2108,12375,13175,3.286611300519744e-24,0,,196,100
2109,12383,13183,2.702188552673622e-28,0,,195,100
2110,12387,13187,9.118658126239331e-27,0,,195,100
2111,12395,13195,1.2380731558339328e-24,0,,195,100
2112,12398,13198,4.044453703404557e-24,0,,195,100
2113,12402,13202,1.7506223958450774e-26,0,,195,100
2114,12412,13212,1.837534279069857e-29,0,,196,100
2115,12419,13219,3.0436638122365997e-29,0,,196,100
2116,12422,13222,1.246201084121911e-24,0,,195,100
2117,12426,13226,2.509003848788769e-23,0,,196,100
2118,12435,13235,5.961329693307848e-25,0,,195,100
2119,12446,13246,1.7948103850204895e-26,0,,193,100
2120,12454,13254,7.18470662872216e-25,0,,193,100
2121,12457,13257,1.66037681528797e-24,0,,192,100
2122,12464,13264,6.155927611633861e-25,0,,193,100
2123,12467,13267,1.7971221387073037e-22,0,,193,100
2124,12471,13271,6.611691841261672e-22,0,,193,100
2125,12476,13276,1.005388665450585e-21,0,,193,100
2126,12486,13286,1.8594119178113968e-25,0,,195,100
2127,12491,13291,1.878292071261757e-24,0,,195,100
2128,12495,13295,3.586509751813721e-23,0,,194,100
2129,12501,13301,7.203237900847543e-26,0,,194,100
2130,12509,13309,1.5710170979595204e-22,0,,194,100
2131,12512,13312,3.768848307303579e-22,0,,193,100
2132,12520,13320,3.153038743182491e-21,0,,194,100
2133,12528,13328,3.223400756044858e-23,0,,190,100
2134,12536,13336,1.6288883083580632e-22,0,,191,100
2135,12540,13340,2.1953972571624164e-25,0,,188,100
2136,12543,13343,1.728763883010966e-27,0,,188,100
2137,12549,13349,3.1806115971859454e-23,0,,188,100
2138,12555,13355,2.4420524730268753e-24,0,,191,100
2139,12561,13361,1.9164573730189637e-26,0,,191,100
2140,12566,13366,7.196781203469319e-25,0,,191,100
2141,12570,13370,3.821980113261657e-25,0,,193,100
2142,12578,13378,8.824070141569613e-27,0,,193,100
2143,12588,13388,1.2829843709360146e-27,0,,193,100
2144,12591,13391,2.7117358049430395e-29,0,,192,100
2145,12606,13406,6.422795368341137e-28,0,,194,100
2146,12612,13412,7.026299279827107e-32,0,,193,100
2147,12620,13420,6.255866964609861e-30,0,,195,100
2148,12623,13423,3.9895643491197847e-35,0,,195,100
2149,12630,13430,5.511095295642061e-36,0,,193,100
2150,12634,13434,1.1286087086828895e-34,0,,192,100
2151,12644,13444,2.388986461013826e-39,0,,190,100
2152,12649,13449,1.1084682329711902e-36,0,,190,100
2153,12656,13456,1.0647945599757319e-38,0,,188,100
2154,12661,13461,1.1245006330288298e-38,0,,191,100
2155,12667,13467,1.1758086434843691e-35,0,,190,100
2156,12670,13470,2.435305474420637e-38,0,,190,100
2157,12678,13478,1.91094933715293e-37,0,,189,100
2158,12683,13483,6.0107026358498345e-36,0,,190,100
2159,12687,13487,1.913373906396577e-37,0,,190,100
2160,12693,13493,1.6642637809933707e-33,0,,190,100
2161,12697,13497,2.3979356281931725e-32,0,,190,100
2162,12702,13502,5.375172858415614e-36,0,,191,100
2163,12706,13506,8.977105695837156e-36,0,,192,100
2164,12713,13513,7.720913026864218e-35,0,,191,100
2165,12718,13518,8.278327734431297e-35,0,,190,100
2166,12720,13520,3.029709559789034e-35,0,,190,100
2167,12727,13527,3.5638889347836213e-34,0,,190,100
2168,12730,13530,1.2114700336422935e-32,0,,190,100
2169,12738,13538,1.3278199688150652e-33,0,,191,100
2170,12741,13541,2.50270660632662e-31,0,,191,100
2171,12748,13548,1.3009699025227936e-33,0,,188,100
2172,12753,13553,7.644520042417686e-31,0,,188,100
2173,12757,13557,1.4153922374518183e-31,0,,188,100
2174,12762,13562,1.4455792322720184e-33,0,,188,100
2175,12765,13565,4.041347917445326e-34,0,,188,100
2176,12776,13576,1.4550715014178503e-33,0,,186,100
2177,12779,13579,1.0311280319252924e-31,0,,185,100
2178,12784,13584,1.0565974521176347e-31,0,,186,100
2179,12790,13590,2.029056938388461e-30,0,,184,100
2180,12795,13595,7.531034031847464e-30,0,,182,100
2181,12798,13598,1.082888352265699e-31,0,,181,100
2182,12802,13602,2.018873666646009e-31,0,,181,100
2183,12812,13612,5.137357237325698e-29,0,,178,100
2184,12816,13616,1.2997164798414664e-28,0,,178,100
2185,12827,13627,2.3889983879773838e-27,0,,175,100
2186,12830,13630,4.970469575298921e-27,0,,174,100
2187,12841,13641,2.745154356933913e-27,0,,172,100
2188,12844,13644,4.145633068422703e-24,0,,171,100
2189,12850,13650,1.0809887313598116e-22,0,,170,100
2190,12854,13654,4.658160735788379e-22,0,,169,100
2191,12860,13660,2.412693658051315e-21,0,,168,100
2192,12863,13663,5.0994435932667795e-21,0,,167,100
2193,12874,13674,2.7172040108641854e-21,0,,162,100
2194,12877,13677,3.051558423610616e-22,0,,161,100
2195,12883,13683,5.894541727372627e-20,0,,160,100
2196,12890,13690,4.843576480711122e-19,0,,158,100
2197,12898,13698,5.5389172225861305e-21,0,,157,100
2198,12902,13702,7.051630553940399e-21,0,,156,100
2199,12910,13710,1.952457002706469e-22,0,,155,100
2200,12913,13713,1.4535568743231371e-24,0,,154,100
2201,12917,13717,4.7526502172941225e-27,0,,153,100
2202,12927,13727,7.666459522913779e-27,0,,151,100
2203,12931,13731,1.5405600098361032e-26,0,,150,100
2204,12935,13735,1.686187801296637e-30,0,,149,100
2205,12943,13743,2.907208203147852e-30,0,,146,100
2206,12946,13746,1.891264559516902e-30,0,,146,100
2207,12953,13753,2.8405838563805642e-33,0,,144,100
2208,12956,13756,2.392757608897456e-30,0,,142,100
2209,12964,13764,9.442095098536693e-31,0,,141,100
2210,12967,13767,5.087779764069427e-32,0,,140,100
2211,12976,13776,6.61830790687064e-31,0,,137,100
2212,12983,13783,3.409830298205429e-28,0,,136,100
2213,12988,13788,1.2972487840375003e-31,0,,135,100
2214,12992,13792,5.876652249557311e-32,0,,134,100
2215,12995,13795,4.289648131250728e-32,0,,134,100
2216,13006,13806,3.158469691659914e-34,0,,132,100
2217,13016,13816,7.485629984501135e-32,0,,131,100
2218,13020,13820,9.895537426764096e-32,0,,131,100
2219,13030,13830,1.335837221420972e-28,0,,129,100
2220,13035,13835,1.1244186135309862e-28,0,,128,100
2221,13046,13846,8.083300429323273e-29,0,,127,100
2222,13052,13852,4.8195038655934855e-28,0,,124,100
2223,13056,13856,9.906849315237504e-28,0,,123,100
2224,13060,13860,2.940239521681544e-29,0,,122,100
2225,13064,13864,2.3682295118650874e-28,0,,122,100
2226,13072,13872,6.134517449850605e-29,0,,120,100
2227,13075,13875,4.0803699757802106e-30,0,,119,100
2228,13079,13879,5.0469553804280056e-30,0,,119,100
2229,13086,13886,8.558301157873823e-28,0,,117,100
2230,13090,13890,3.081796501102964e-28,0,,116,100
2231,13099,13899,6.884292455153043e-29,0,,112,100
2232,13104,13904,6.663279425540898e-31,0,,111,100
2233,13107,13907,4.910932070237229e-31,0,,110,100
2234,13111,13911,4.149148041256926e-33,0,,109,100
2235,13117,13917,9.426097383698721e-35,0,,108,100
2236,13120,13920,2.6243178580691413e-35,0,,106,100
2237,13128,13928,2.4279102510106436e-35,0,,105,100
2238,13131,13931,8.958626963116556e-36,0,,104,100
2239,13140,13940,2.982554325583419e-34,0,,101,100
2240,13146,13946,1.6301246535640415e-35,0,,100,100
