window_index,char_start,char_end,p_z,extracted,error,n_tokens_in_chunk,sequence_len_tokens
0,0,800,1.0623177761844113e-72,0,,191,100
1,10,810,9.75245626137382e-72,0,,191,100
2,20,820,2.5802183679746e-62,0,,187,100
3,30,830,1.6991702317941942e-59,0,,186,100
4,40,840,1.1633512416907779e-58,0,,181,100
5,50,850,1.5767358186940678e-57,0,,182,100
6,60,860,3.5636820154259688e-59,0,,183,100
7,70,870,5.033272425386743e-57,0,,187,100
8,80,880,2.5304232202343964e-56,0,,187,100
9,90,890,1.643437527683216e-57,0,,187,100
10,100,900,8.231868891713791e-53,0,,187,100
11,110,910,7.465409598639149e-52,0,,190,100
12,120,920,1.9545208359017106e-50,0,,191,100
13,130,930,1.9001066625056508e-50,0,,192,100
14,140,940,2.330007998839996e-50,0,,194,100
15,150,950,4.775897919365896e-52,0,,192,100
16,160,960,6.180222853392746e-50,0,,192,100
17,170,970,1.4381125688218223e-50,0,,192,100
18,180,980,8.508776857310027e-52,0,,193,100
19,190,990,1.5716881896022766e-52,0,,192,100
20,200,1000,1.9161623062180282e-54,0,,190,100
21,210,1010,1.8472783184132918e-55,0,,192,100
22,220,1020,4.154740847346698e-59,0,,191,100
23,230,1030,1.396191735204345e-57,0,,195,100
24,240,1040,3.964630272697373e-58,0,,195,100
25,250,1050,1.88610559542566e-58,0,,194,100
26,260,1060,2.2273755391281768e-57,0,,195,100
27,270,1070,1.0173955700650034e-57,0,,195,100
28,280,1080,2.456087519641325e-58,0,,196,100
29,290,1090,6.408440418744061e-58,0,,197,100
30,300,1100,1.4133642171741032e-56,0,,199,100
31,310,1110,5.821392382146146e-55,0,,199,100
32,320,1120,1.4093165495749874e-59,0,,199,100
33,330,1130,8.279027203301199e-57,0,,197,100
34,340,1140,2.7855627136241765e-58,0,,196,100
35,350,1150,2.844750492128851e-60,0,,197,100
36,360,1160,1.5224194308810388e-62,0,,197,100
37,370,1170,2.0425338334316435e-62,0,,198,100
38,380,1180,1.8286630877340383e-65,0,,203,100
39,390,1190,1.2520867962633932e-66,0,,201,100
40,400,1200,7.539610657903944e-70,0,,202,100
41,410,1210,1.2161213104022244e-63,0,,200,100
42,420,1220,1.4355457529741172e-63,0,,198,100
43,430,1230,3.2713517022049614e-64,0,,199,100
44,440,1240,5.1080053621572945e-58,0,,199,100
45,450,1250,2.96090687788571e-57,0,,200,100
46,460,1260,6.798064132930654e-58,0,,202,100
47,470,1270,2.4030844735845456e-61,0,,203,100
48,480,1280,1.30568029658654e-65,0,,201,100
49,490,1290,2.7909064403476657e-62,0,,201,100
50,500,1300,2.3422008378803552e-60,0,,201,100
51,510,1310,7.45779016310051e-61,0,,203,100
52,520,1320,8.25868743094299e-66,0,,203,100
53,530,1330,8.551891469430357e-61,0,,201,100
54,540,1340,7.743512491278761e-62,0,,199,100
55,550,1350,2.679450510278042e-59,0,,200,100
56,560,1360,7.713983482555752e-57,0,,200,100
57,570,1370,1.3423892987433834e-53,0,,200,100
58,580,1380,2.404794587510867e-53,0,,199,100
59,590,1390,8.1129854800767875e-56,0,,199,100
60,600,1400,3.923466221604906e-54,0,,200,100
61,610,1410,1.3201907472773493e-54,0,,203,100
62,620,1420,3.8114343821312963e-54,0,,201,100
63,630,1430,2.0533418443627107e-52,0,,201,100
64,640,1440,4.333928646413326e-49,0,,199,100
65,650,1450,6.949165438509225e-52,0,,200,100
66,660,1460,9.48897065182375e-51,0,,199,100
67,670,1470,1.2124002425023948e-52,0,,200,100
68,680,1480,1.3418248861352342e-53,0,,200,100
69,690,1490,3.38997147347704e-53,0,,199,100
70,700,1500,3.011781789606998e-55,0,,196,100
71,710,1510,1.076515075859859e-56,0,,195,100
72,720,1520,1.6398137622073529e-52,0,,197,100
73,730,1530,1.6231833884589576e-50,0,,197,100
74,740,1540,7.114968901319656e-56,0,,196,100
75,750,1550,4.73614037269325e-59,0,,198,100
76,760,1560,5.368043299373758e-66,0,,199,100
77,770,1570,2.952445708942841e-63,0,,200,100
78,780,1580,9.448503064231431e-66,0,,200,100
79,790,1590,2.5150140263486363e-64,0,,199,100
80,800,1600,5.119550839733923e-63,0,,201,100
81,810,1610,1.0222838069311814e-60,0,,200,100
82,820,1620,3.2684823815011665e-64,0,,199,100
83,830,1630,2.9246170444460975e-65,0,,199,100
84,840,1640,2.1358401286575753e-64,0,,200,100
85,850,1650,6.054679506572421e-67,0,,203,100
86,860,1660,8.07320431225314e-71,0,,202,100
87,870,1670,1.188599398382242e-66,0,,197,100
88,880,1680,4.464574051596217e-65,0,,197,100
89,890,1690,4.824055914477402e-66,0,,197,100
90,900,1700,5.626456194831121e-60,0,,196,100
91,910,1710,8.555310047430117e-65,0,,194,100
92,920,1720,1.9765196434447022e-63,0,,196,100
93,930,1730,5.589022412916901e-62,0,,194,100
94,940,1740,1.60725647869875e-59,0,,195,100
95,950,1750,1.0136455813819931e-58,0,,196,100
96,960,1760,9.963633562537781e-58,0,,196,100
97,970,1770,5.771320055363809e-59,0,,195,100
98,980,1780,3.79520444896793e-65,0,,195,100
99,990,1790,2.6068983004802014e-64,0,,197,100
100,1000,1800,5.360633108739756e-66,0,,197,100
101,1010,1810,5.33081294912466e-65,0,,196,100
102,1020,1820,1.3979364507254722e-65,0,,195,100
103,1030,1830,1.8791368432935978e-69,0,,192,100
104,1040,1840,5.4622197047964846e-67,0,,193,100
105,1050,1850,3.3376043780784714e-70,0,,193,100
106,1060,1860,2.623492390017975e-66,0,,192,100
107,1070,1870,3.858688517125626e-68,0,,192,100
108,1080,1880,2.816891386047029e-67,0,,193,100
109,1090,1890,1.9350755634588704e-67,0,,193,100
110,1100,1900,5.0853306695601384e-73,0,,188,100
111,1110,1910,3.5973122228299157e-72,0,,189,100
112,1120,1920,6.10921646604641e-69,0,,190,100
113,1130,1930,1.421723078266558e-68,0,,190,100
114,1140,1940,1.4154826016555244e-67,0,,190,100
115,1150,1950,2.996325759393497e-60,0,,189,100
116,1160,1960,1.7761002083972066e-64,0,,189,100
117,1170,1970,7.800340394511823e-59,0,,190,100
118,1180,1980,1.4193588425789397e-57,0,,186,100
119,1190,1990,8.649732996522357e-59,0,,185,100
120,1200,2000,3.677554463087545e-57,0,,186,100
121,1210,2010,3.029220321428111e-60,0,,188,100
122,1220,2020,1.6361248537268818e-57,0,,188,100
123,1230,2030,8.224267328501532e-54,0,,190,100
124,1240,2040,2.651947248265513e-57,0,,189,100
125,1250,2050,2.9477226536502026e-56,0,,188,100
126,1260,2060,1.3398434766108044e-56,0,,187,100
127,1270,2070,1.1003003540510625e-56,0,,184,100
128,1280,2080,6.492308611374072e-58,0,,187,100
129,1290,2090,6.228515751556462e-61,0,,186,100
130,1300,2100,3.182248923194996e-58,0,,186,100
131,1310,2110,1.758985439611043e-55,0,,187,100
132,1320,2120,3.4298504652838485e-53,0,,189,100
133,1330,2130,3.129930027823348e-54,0,,189,100
134,1340,2140,2.922975583989334e-54,0,,188,100
135,1350,2150,2.656992368499243e-54,0,,187,100
136,1360,2160,1.0046653565961569e-54,0,,187,100
137,1370,2170,2.374541870325953e-53,0,,188,100
138,1380,2180,5.255763307707307e-55,0,,187,100
139,1390,2190,2.0856923618226395e-51,0,,187,100
140,1400,2200,1.0361549529178667e-49,0,,185,100
141,1410,2210,3.21183866843567e-47,0,,185,100
142,1420,2220,1.270493412953764e-47,0,,185,100
143,1430,2230,5.549445299953934e-51,0,,185,100
144,1440,2240,3.7841912511184715e-49,0,,185,100
145,1450,2250,6.006256626283618e-48,0,,186,100
146,1460,2260,3.1359285674119705e-47,0,,186,100
147,1470,2270,8.303711911390111e-49,0,,186,100
148,1480,2280,1.6681632453321547e-47,0,,187,100
149,1490,2290,1.2911841914458352e-47,0,,186,100
150,1500,2300,1.5348614429797022e-50,0,,192,100
151,1510,2310,3.513237288062566e-52,0,,195,100
152,1520,2320,2.7926269058306894e-50,0,,193,100
153,1530,2330,2.997412292052377e-46,0,,193,100
154,1540,2340,1.4981082548698095e-46,0,,194,100
155,1550,2350,3.3163850641071786e-47,0,,193,100
156,1560,2360,7.36180408607015e-46,0,,191,100
157,1570,2370,4.287835238906276e-47,0,,190,100
158,1580,2380,8.105264356527911e-48,0,,193,100
159,1590,2390,1.1153719359951673e-47,0,,196,100
160,1600,2400,1.2535159216432414e-47,0,,196,100
161,1610,2410,1.0670226932120077e-45,0,,198,100
162,1620,2420,2.870637613785403e-43,0,,202,100
163,1630,2430,7.130913092083754e-45,0,,202,100
164,1640,2440,2.4017823063502762e-48,0,,200,100
165,1650,2450,1.4699349588825654e-45,0,,198,100
166,1660,2460,4.259208396432575e-45,0,,199,100
167,1670,2470,2.1102180943342302e-47,0,,200,100
168,1680,2480,3.3602799909099156e-48,0,,201,100
169,1690,2490,6.182312202609492e-49,0,,200,100
170,1700,2500,9.782309585327311e-51,0,,202,100
171,1710,2510,5.99543467310973e-48,0,,202,100
172,1720,2520,1.2256507858879864e-49,0,,200,100
173,1730,2530,2.1604643485021953e-53,0,,200,100
174,1740,2540,1.6043381459812355e-57,0,,199,100
175,1750,2550,1.5275166877803335e-55,0,,201,100
176,1760,2560,4.806369478842347e-57,0,,202,100
177,1770,2570,7.456284304418716e-62,0,,201,100
178,1780,2580,7.054454871376148e-62,0,,200,100
179,1790,2590,1.238134946552228e-62,0,,201,100
180,1800,2600,3.6102761407953263e-62,0,,200,100
181,1810,2610,1.0070308775524639e-66,0,,202,100
182,1820,2620,5.856989032524403e-68,0,,201,100
183,1830,2630,1.3558179924497462e-68,0,,203,100
184,1840,2640,3.4340628716758506e-67,0,,203,100
185,1850,2650,2.978946439103832e-69,0,,203,100
186,1860,2660,6.15507046169183e-64,0,,204,100
187,1870,2670,6.801984822779788e-63,0,,200,100
188,1880,2680,1.0297378601710752e-64,0,,201,100
189,1890,2690,8.658734585417585e-63,0,,200,100
190,1900,2700,9.995232813075044e-61,0,,201,100
191,1910,2710,5.01494698251684e-63,0,,204,100
192,1920,2720,5.014245225408112e-60,0,,205,100
193,1930,2730,1.1478082468328393e-61,0,,208,100
194,1940,2740,3.373797279965604e-62,0,,208,100
195,1950,2750,6.991192725307912e-62,0,,209,100
196,1960,2760,1.2131478640745124e-55,0,,210,100
197,1970,2770,6.262813865717186e-53,0,,213,100
198,1980,2780,5.034590218932164e-52,0,,216,100
199,1990,2790,3.2524737360720494e-50,0,,218,100
200,2000,2800,2.97258314427093e-45,0,,217,100
201,2010,2810,3.5999331981717125e-46,0,,220,100
202,2020,2820,5.167080515697082e-47,0,,222,100
203,2030,2830,2.2607802570777585e-42,0,,221,100
204,2040,2840,8.517898356106226e-41,0,,220,100
205,2050,2850,7.695426514847116e-43,0,,221,100
206,2060,2860,9.564521786968328e-41,0,,221,100
207,2070,2870,1.4315916338748473e-41,0,,223,100
208,2080,2880,3.0884799326462805e-44,0,,219,100
209,2090,2890,3.551132790362816e-46,0,,219,100
210,2100,2900,2.9673067826659116e-48,0,,219,100
211,2110,2910,8.19829885576871e-50,0,,219,100
212,2120,2920,1.0951146592219547e-47,0,,216,100
213,2130,2930,1.5802793620574876e-48,0,,219,100
214,2140,2940,8.2985649728625935e-50,0,,219,100
215,2150,2950,1.5202427608877877e-51,0,,220,100
216,2160,2960,1.075852432516918e-51,0,,223,100
217,2170,2970,1.5853526313009296e-52,0,,226,100
218,2180,2980,3.510661070843124e-54,0,,228,100
219,2190,2990,1.8902215622829725e-56,0,,227,100
220,2200,3000,2.951623751764177e-57,0,,227,100
221,2210,3010,4.3423680139006806e-58,0,,228,100
222,2220,3020,1.0269182648805355e-63,0,,228,100
223,2230,3030,1.0886432675471145e-65,0,,229,100
224,2240,3040,2.952864679511845e-66,0,,228,100
225,2250,3050,9.989299623264772e-66,0,,230,100
226,2260,3060,3.074722966546979e-70,0,,230,100
227,2270,3070,4.842721158139681e-73,0,,233,100
228,2280,3080,2.6593617288039184e-72,0,,233,100
229,2290,3090,3.4485108060587286e-71,0,,234,100
230,2300,3100,9.079985802782714e-69,0,,229,100
231,2310,3110,1.1465225464954011e-67,0,,229,100
232,2320,3120,1.0594274201278447e-64,0,,229,100
233,2330,3130,1.0046435636929153e-63,0,,229,100
234,2340,3140,3.981612328583244e-64,0,,231,100
235,2350,3150,1.932885624334469e-67,0,,236,100
236,2360,3160,3.40569845131769e-67,0,,237,100
237,2370,3170,4.0880490739754153e-66,0,,239,100
238,2380,3180,1.3158389434912146e-65,0,,232,100
239,2390,3190,2.9889067380326837e-58,0,,230,100
240,2400,3200,3.161715599335623e-55,0,,232,100
241,2410,3210,3.0650549242482798e-59,0,,228,100
242,2420,3220,7.91543422022495e-54,0,,224,100
243,2430,3230,4.148127198425177e-50,0,,223,100
244,2440,3240,8.369049779976491e-55,0,,224,100
245,2450,3250,5.152727650015265e-51,0,,228,100
246,2460,3260,2.9609575783783943e-49,0,,229,100
247,2470,3270,3.1968579498049424e-49,0,,228,100
248,2480,3280,4.827405186337507e-49,0,,227,100
249,2490,3290,1.9802420085152135e-52,0,,227,100
250,2500,3300,2.657379126917652e-54,0,,227,100
251,2510,3310,5.644602426590977e-50,0,,229,100
252,2520,3320,1.1940636049388926e-48,0,,229,100
253,2530,3330,1.7309924935799842e-49,0,,231,100
254,2540,3340,4.587340628606571e-53,0,,232,100
255,2550,3350,9.11835532275894e-54,0,,234,100
256,2560,3360,3.3925063330190963e-54,0,,233,100
257,2570,3370,6.768495075544796e-54,0,,234,100
258,2580,3380,3.0679498945928344e-55,0,,236,100
259,2590,3390,5.214577546735285e-56,0,,238,100
260,2600,3400,4.984128418573244e-53,0,,241,100
261,2610,3410,1.8952038248235747e-54,0,,243,100
262,2620,3420,1.0700968974756098e-56,0,,244,100
263,2630,3430,2.93020315098844e-53,0,,244,100
264,2640,3440,8.648697800986361e-54,0,,242,100
265,2650,3450,2.116117604589542e-53,0,,242,100
266,2660,3460,8.58063547399181e-53,0,,244,100
267,2670,3470,3.84208148634751e-57,0,,246,100
268,2680,3480,2.744086521846823e-59,0,,246,100
269,2690,3490,5.557589530869658e-61,0,,248,100
270,2700,3500,4.732058435803255e-54,0,,247,100
271,2710,3510,9.568044721129329e-58,0,,244,100
272,2720,3520,7.863787083504905e-57,0,,243,100
273,2730,3530,1.48080344405987e-57,0,,245,100
274,2740,3540,6.598245092427794e-50,0,,244,100
275,2750,3550,1.4345149288071388e-52,0,,244,100
276,2760,3560,1.1988368429337417e-52,0,,241,100
277,2770,3570,1.2068709153940719e-54,0,,239,100
278,2780,3580,3.1406749363185396e-59,0,,236,100
279,2790,3590,1.866536140248269e-58,0,,237,100
280,2800,3600,1.3876629450453296e-53,0,,235,100
281,2810,3610,1.137130947670115e-53,0,,234,100
282,2820,3620,1.1976016243588829e-54,0,,230,100
283,2830,3630,8.304669416515737e-54,0,,233,100
284,2840,3640,3.43719447068676e-61,0,,233,100
285,2850,3650,2.3534759421679435e-60,0,,232,100
286,2860,3660,4.166238942866103e-59,0,,232,100
287,2870,3670,1.9062545182748632e-61,0,,230,100
288,2880,3680,1.4537102879904672e-61,0,,229,100
289,2890,3690,4.775231559580717e-59,0,,230,100
290,2900,3700,7.972100763954332e-61,0,,233,100
291,2910,3710,7.219379763844183e-60,0,,236,100
292,2920,3720,1.750210991439081e-62,0,,236,100
293,2930,3730,2.9682157983847144e-60,0,,233,100
294,2940,3740,1.7678708019086702e-58,0,,234,100
295,2950,3750,1.4751643512314342e-59,0,,232,100
296,2960,3760,4.717641760027921e-60,0,,230,100
297,2970,3770,1.9316242770161926e-64,0,,233,100
298,2980,3780,7.28586013352782e-60,0,,233,100
299,2990,3790,2.2533999529665452e-61,0,,232,100
300,3000,3800,8.437402696051097e-57,0,,232,100
301,3010,3810,1.1270983358394679e-60,0,,231,100
302,3020,3820,1.6568699013497015e-58,0,,231,100
303,3030,3830,3.5796234389874716e-61,0,,231,100
304,3040,3840,9.610504453817398e-54,0,,231,100
305,3050,3850,2.9110965980985224e-48,0,,228,100
306,3060,3860,2.0308030265358349e-47,0,,230,100
307,3070,3870,3.1689394219671276e-49,0,,227,100
308,3080,3880,6.583077520917319e-46,0,,226,100
309,3090,3890,3.655903127367355e-47,0,,223,100
310,3100,3900,6.128711230020386e-47,0,,223,100
311,3110,3910,2.3117379054388766e-45,0,,222,100
312,3120,3920,1.0824288874371462e-46,0,,221,100
313,3130,3930,2.1715335560905241e-44,0,,220,100
314,3140,3940,6.353437100946193e-47,0,,217,100
315,3150,3950,5.2317221596443695e-51,0,,214,100
316,3160,3960,5.56286362990155e-51,0,,214,100
317,3170,3970,2.398660752173828e-52,0,,214,100
318,3180,3980,3.6353974972774563e-51,0,,213,100
319,3190,3990,4.497594866407274e-52,0,,213,100
320,3200,4000,3.2471390177958417e-55,0,,211,100
321,3210,4010,5.7436653372804026e-55,0,,217,100
322,3220,4020,1.121374534957817e-53,0,,218,100
323,3230,4030,4.973178420703679e-53,0,,219,100
324,3240,4040,7.375640530476823e-55,0,,216,100
325,3250,4050,4.7930053759469984e-60,0,,212,100
326,3260,4060,6.554414293452409e-63,0,,213,100
327,3270,4070,5.7273087781126915e-65,0,,216,100
328,3280,4080,1.2056767907292863e-64,0,,217,100
329,3290,4090,2.6102024852177844e-62,0,,217,100
330,3300,4100,1.0562880416060173e-61,0,,216,100
331,3310,4110,5.080121073685131e-64,0,,216,100
332,3320,4120,6.07586198886739e-57,0,,215,100
333,3330,4130,2.825079034886536e-54,0,,216,100
334,3340,4140,1.1207927005854448e-51,0,,215,100
335,3350,4150,4.14232379322847e-51,0,,212,100
336,3360,4160,5.23644476676397e-46,0,,212,100
337,3370,4170,3.329903747262277e-47,0,,212,100
338,3380,4180,4.757406493697145e-52,0,,210,100
339,3390,4190,3.281958766940727e-55,0,,209,100
340,3400,4200,2.770461705571226e-52,0,,208,100
341,3410,4210,2.4012954726276196e-49,0,,208,100
342,3420,4220,6.214185352896062e-54,0,,207,100
343,3430,4230,3.2225447122479127e-54,0,,207,100
344,3440,4240,3.9646542364524154e-55,0,,209,100
345,3450,4250,3.2647352968681687e-57,0,,207,100
346,3460,4260,1.1605502455610431e-55,0,,205,100
347,3470,4270,3.567116488336341e-54,0,,203,100
348,3480,4280,5.885048454926883e-53,0,,204,100
349,3490,4290,1.6530972462262798e-58,0,,203,100
350,3500,4300,2.583430908643876e-57,0,,202,100
351,3510,4310,1.6632242545778596e-58,0,,202,100
352,3520,4320,1.2135644955411208e-56,0,,201,100
353,3530,4330,6.854375848796885e-54,0,,197,100
354,3540,4340,3.826221814621897e-55,0,,198,100
355,3550,4350,7.415312586151283e-52,0,,198,100
356,3560,4360,3.4556615213437885e-52,0,,197,100
357,3570,4370,2.5588619325763435e-53,0,,196,100
358,3580,4380,1.728245823229864e-53,0,,197,100
359,3590,4390,1.1720918897387976e-48,0,,198,100
360,3600,4400,5.849819938261661e-51,0,,199,100
361,3610,4410,1.827176577314841e-52,0,,200,100
362,3620,4420,2.0526768011600626e-50,0,,201,100
363,3630,4430,5.355916798908922e-55,0,,198,100
364,3640,4440,1.9771573348149687e-56,0,,200,100
365,3650,4450,1.8977558652811987e-53,0,,200,100
366,3660,4460,6.931238198363602e-52,0,,201,100
367,3670,4470,5.133274730401064e-53,0,,199,100
368,3680,4480,1.1620606947669403e-50,0,,200,100
369,3690,4490,6.951324948492452e-51,0,,203,100
370,3700,4500,4.898508680080923e-50,0,,200,100
371,3710,4510,1.0850807067990154e-55,0,,203,100
372,3720,4520,1.1929090483287673e-56,0,,203,100
373,3730,4530,5.8047188093625825e-55,0,,202,100
374,3740,4540,1.0413917646006946e-57,0,,201,100
375,3750,4550,1.570374244180224e-57,0,,200,100
376,3760,4560,7.686328244401343e-58,0,,202,100
377,3770,4570,1.5537104198094952e-61,0,,198,100
378,3780,4580,1.907889011518278e-58,0,,198,100
379,3790,4590,2.27811623632184e-59,0,,199,100
380,3800,4600,1.5060157162612766e-53,0,,199,100
381,3810,4610,1.4900969103730272e-51,0,,197,100
382,3820,4620,3.181077005955262e-51,0,,198,100
383,3830,4630,8.425325524219421e-47,0,,198,100
384,3840,4640,5.867556419681022e-47,0,,202,100
385,3850,4650,5.71115837651818e-50,0,,202,100
386,3860,4660,6.5252502912537426e-52,0,,200,100
387,3870,4670,4.973405602581819e-52,0,,199,100
388,3880,4680,2.925037650078618e-52,0,,203,100
389,3890,4690,8.289874188790276e-51,0,,205,100
390,3900,4700,7.903755313219403e-52,0,,205,100
391,3910,4710,3.140397532513475e-54,0,,207,100
392,3920,4720,1.3424387112935066e-58,0,,209,100
393,3930,4730,2.0416729478201653e-55,0,,210,100
394,3940,4740,9.702766142188648e-54,0,,211,100
395,3950,4750,1.3121505732681177e-55,0,,212,100
396,3960,4760,3.8957700306781726e-56,0,,212,100
397,3970,4770,3.1970829231127687e-54,0,,216,100
398,3980,4780,6.731435110153369e-57,0,,216,100
399,3990,4790,1.2620457058515361e-57,0,,217,100
400,4000,4800,1.0277899580693243e-58,0,,216,100
401,4010,4810,6.610850341422717e-58,0,,215,100
402,4020,4820,3.745897428673522e-57,0,,216,100
403,4030,4830,1.5064779036812363e-57,0,,216,100
404,4040,4840,2.548230704182567e-58,0,,220,100
405,4050,4850,4.2119692647680807e-60,0,,220,100
406,4060,4860,1.7108697926823718e-62,0,,220,100
407,4070,4870,9.819051807394966e-64,0,,216,100
408,4080,4880,2.749651312335829e-69,0,,216,100
409,4090,4890,4.1898254713319674e-72,0,,216,100
410,4100,4900,6.567704881419958e-70,0,,214,100
411,4110,4910,3.364599006320264e-63,0,,216,100
412,4120,4920,4.829880995700583e-60,0,,217,100
413,4130,4930,5.956311196888948e-61,0,,215,100
414,4140,4940,1.4885007158506365e-61,0,,211,100
415,4150,4950,9.363762678493722e-62,0,,212,100
416,4160,4960,2.829765523413966e-60,0,,212,100
417,4170,4970,2.842159176091989e-61,0,,211,100
418,4180,4980,1.1057125605510389e-64,0,,212,100
419,4190,4990,3.4927125670456252e-74,0,,211,100
420,4200,5000,3.070870615089826e-66,0,,209,100
421,4210,5010,2.723642665735761e-64,0,,209,100
422,4220,5020,1.316830775019049e-62,0,,210,100
423,4230,5030,1.6712626832168079e-62,0,,210,100
424,4240,5040,4.5345317628510764e-61,0,,209,100
425,4250,5050,5.998982855234005e-60,0,,207,100
426,4260,5060,1.1494159717241514e-57,0,,212,100
427,4270,5070,6.996935838949649e-55,0,,214,100
428,4280,5080,2.4926549066228293e-54,0,,214,100
429,4290,5090,5.831525032469635e-52,0,,215,100
430,4300,5100,1.8454215598862632e-56,0,,220,100
431,4310,5110,1.253081186570626e-57,0,,220,100
432,4320,5120,2.119827180114084e-56,0,,221,100
433,4330,5130,4.7149925743321463e-60,0,,220,100
434,4340,5140,5.7143360480452386e-61,0,,221,100
435,4350,5150,2.782963791402988e-58,0,,221,100
436,4360,5160,3.2989831580100864e-57,0,,222,100
437,4370,5170,7.384020211930626e-56,0,,223,100
438,4380,5180,7.943236652196962e-58,0,,222,100
439,4390,5190,2.775190335492707e-57,0,,219,100
440,4400,5200,6.964667545653273e-57,0,,220,100
441,4410,5210,1.6856582883236114e-55,0,,220,100
442,4420,5220,9.033515014841515e-59,0,,219,100
443,4430,5230,1.2061003519679815e-59,0,,222,100
444,4440,5240,1.5048141189988169e-61,0,,222,100
445,4450,5250,1.481120835218297e-58,0,,220,100
446,4460,5260,2.3627394837342758e-60,0,,219,100
447,4470,5270,2.748405880707847e-58,0,,220,100
448,4480,5280,5.137590090497165e-55,0,,219,100
449,4490,5290,1.7757092043810876e-50,0,,219,100
450,4500,5300,2.2527040022443904e-51,0,,216,100
451,4510,5310,1.9813116914133496e-44,0,,213,100
452,4520,5320,1.304899263054979e-47,0,,214,100
453,4530,5330,3.973688861217508e-48,0,,214,100
454,4540,5340,4.64187701277767e-47,0,,214,100
455,4550,5350,1.3072732926641027e-48,0,,214,100
456,4560,5360,3.1762186440165323e-43,0,,213,100
457,4570,5370,4.1180324240524575e-46,0,,215,100
458,4580,5380,4.5070122926458434e-49,0,,216,100
459,4590,5390,7.178393565526816e-48,0,,215,100
460,4600,5400,8.200247493621459e-51,0,,215,100
461,4610,5410,1.847225220656878e-51,0,,215,100
462,4620,5420,1.2443340685586642e-50,0,,216,100
463,4630,5430,2.8956974977796413e-51,0,,215,100
464,4640,5440,1.577084025286803e-50,0,,213,100
465,4650,5450,4.9301413268196145e-53,0,,211,100
466,4660,5460,7.34529715459891e-58,0,,212,100
467,4670,5470,2.5957076919249178e-55,0,,212,100
468,4680,5480,8.522741138547202e-58,0,,212,100
469,4690,5490,2.583198623912392e-54,0,,210,100
470,4700,5500,1.6290507662976766e-54,0,,210,100
471,4710,5510,4.002321706877182e-56,0,,208,100
472,4720,5520,5.69350714034175e-57,0,,208,100
473,4730,5530,5.2237011497402155e-56,0,,207,100
474,4740,5540,1.4998464013545483e-55,0,,207,100
475,4750,5550,1.4074639413235656e-50,0,,206,100
476,4760,5560,5.208565327218336e-54,0,,204,100
477,4770,5570,6.127009008613996e-53,0,,202,100
478,4780,5580,8.334033800631446e-52,0,,202,100
479,4790,5590,1.402793070014588e-51,0,,203,100
480,4800,5600,1.5695801524704652e-51,0,,201,100
481,4810,5610,5.4445677608752827e-48,0,,201,100
482,4820,5620,1.7438149978250177e-50,0,,200,100
483,4830,5630,9.115859728766733e-54,0,,200,100
484,4840,5640,8.021428681751662e-52,0,,198,100
485,4850,5650,5.470856975378259e-50,0,,196,100
486,4860,5660,1.5340384895265648e-49,0,,195,100
487,4870,5670,4.435988086091425e-53,0,,193,100
488,4880,5680,7.29374830922338e-57,0,,194,100
489,4890,5690,2.1833846912858003e-55,0,,196,100
490,4900,5700,5.734226155359624e-51,0,,194,100
491,4910,5710,1.210804649017326e-50,0,,191,100
492,4920,5720,9.246117852193237e-55,0,,191,100
493,4930,5730,3.420200242837379e-55,0,,193,100
494,4940,5740,1.073201192932626e-52,0,,194,100
495,4950,5750,3.296662483103255e-55,0,,195,100
496,4960,5760,8.891858151766061e-57,0,,196,100
497,4970,5770,1.1700670588910025e-54,0,,194,100
498,4980,5780,2.1350964827982202e-54,0,,195,100
499,4990,5790,6.269236865216623e-56,0,,196,100
500,5000,5800,6.314500402670334e-56,0,,196,100
501,5010,5810,1.1809612568397194e-53,0,,194,100
502,5020,5820,5.593162149176772e-56,0,,194,100
503,5030,5830,7.21885833279396e-54,0,,192,100
504,5040,5840,1.7688079522596242e-56,0,,193,100
505,5050,5850,1.2420662204143182e-55,0,,192,100
506,5060,5860,4.4615811472938965e-58,0,,189,100
507,5070,5870,1.122126378524985e-52,0,,189,100
508,5080,5880,7.589635041961038e-50,0,,190,100
509,5090,5890,1.5787177033970774e-50,0,,190,100
510,5100,5900,1.1915627295710172e-51,0,,184,100
511,5110,5910,5.1762111273288894e-54,0,,183,100
512,5120,5920,2.681985319595425e-52,0,,183,100
513,5130,5930,1.803389436508554e-52,0,,184,100
514,5140,5940,2.0470287779406644e-53,0,,183,100
515,5150,5950,2.1907668166857355e-55,0,,181,100
516,5160,5960,2.191227230614343e-56,0,,181,100
517,5170,5970,2.390817409543792e-56,0,,182,100
518,5180,5980,8.592844561417979e-57,0,,182,100
519,5190,5990,1.8073497783887253e-54,0,,182,100
520,5200,6000,1.846238031049558e-58,0,,181,100
521,5210,6010,1.5370667718003991e-58,0,,182,100
522,5220,6020,8.095605961472827e-60,0,,181,100
523,5230,6030,3.0586081616720686e-58,0,,179,100
524,5240,6040,9.337164675007318e-59,0,,179,100
525,5250,6050,2.1359746848089853e-61,0,,178,100
526,5260,6060,7.295379315106995e-65,0,,179,100
527,5270,6070,9.961633827498952e-65,0,,177,100
528,5280,6080,1.2644685829302144e-65,0,,178,100
529,5290,6090,6.16966126398405e-63,0,,178,100
530,5300,6100,4.485594576100049e-61,0,,176,100
531,5310,6110,7.121700048613553e-58,0,,176,100
532,5320,6120,2.3688342681666235e-59,0,,177,100
533,5330,6130,3.7043242193168044e-59,0,,178,100
534,5340,6140,7.442157571318288e-55,0,,177,100
535,5350,6150,3.0698803084558094e-57,0,,178,100
536,5360,6160,2.443486615543426e-58,0,,175,100
537,5370,6170,9.629036004290223e-57,0,,175,100
538,5380,6180,6.600450635625717e-54,0,,176,100
539,5390,6190,1.2461167934311506e-54,0,,175,100
540,5400,6200,7.549695049953369e-56,0,,173,100
541,5410,6210,6.274732064590677e-56,0,,173,100
542,5420,6220,4.6343907215784084e-55,0,,172,100
543,5430,6230,3.421938301034571e-55,0,,172,100
544,5440,6240,2.9540978862488235e-56,0,,174,100
545,5450,6250,5.638380581409252e-56,0,,173,100
546,5460,6260,6.249054120993308e-56,0,,171,100
547,5470,6270,2.784113097533092e-57,0,,173,100
548,5480,6280,1.5926865774189e-56,0,,174,100
549,5490,6290,2.0186858539246418e-56,0,,174,100
550,5500,6300,2.6293264442535876e-59,0,,175,100
551,5510,6310,7.609141000784821e-61,0,,175,100
552,5520,6320,4.032320254125614e-65,0,,173,100
553,5530,6330,9.176753257691541e-68,0,,171,100
554,5540,6340,2.9638154219171684e-64,0,,170,100
555,5550,6350,6.28806375377167e-66,0,,170,100
556,5560,6360,1.727489738178083e-61,0,,169,100
557,5570,6370,4.250987997343904e-59,0,,170,100
558,5580,6380,1.4361768794229243e-64,0,,169,100
559,5590,6390,2.0427974454862765e-63,0,,171,100
560,5600,6400,2.0438020873948922e-63,0,,170,100
561,5610,6410,5.8417698467378705e-64,0,,168,100
562,5620,6420,9.412869963642307e-64,0,,167,100
563,5630,6430,1.1575531760154744e-63,0,,165,100
564,5640,6440,7.624520858709899e-64,0,,165,100
565,5650,6450,2.902650174148937e-65,0,,165,100
566,5660,6460,1.840439478153436e-64,0,,169,100
567,5670,6470,3.959238751308402e-65,0,,170,100
568,5680,6480,7.117254897187473e-62,0,,167,100
569,5690,6490,1.3317619015612993e-60,0,,171,100
570,5700,6500,4.030035034298298e-65,0,,175,100
571,5710,6510,3.0675782709016596e-66,0,,174,100
572,5720,6520,1.011194304148513e-68,0,,178,100
573,5730,6530,5.976171343135631e-65,0,,178,100
574,5740,6540,3.6973841987915992e-62,0,,176,100
575,5750,6550,3.7764575530266857e-63,0,,176,100
576,5760,6560,8.493338600397407e-64,0,,176,100
577,5770,6570,3.818405794673161e-61,0,,176,100
578,5780,6580,2.856385042170323e-59,0,,180,100
579,5790,6590,1.9270618868657166e-60,0,,180,100
580,5800,6600,1.3346861784377313e-60,0,,180,100
581,5810,6610,3.333726864861469e-61,0,,182,100
582,5820,6620,3.022511151348595e-60,0,,183,100
583,5830,6630,6.258403736918562e-60,0,,187,100
584,5840,6640,4.9333436891280395e-61,0,,188,100
585,5850,6650,1.7618692891788337e-60,0,,189,100
586,5860,6660,1.2079286800468686e-59,0,,187,100
587,5870,6670,4.408246878800299e-63,0,,184,100
588,5880,6680,3.860406731201266e-58,0,,184,100
589,5890,6690,8.094353511068287e-58,0,,185,100
590,5900,6700,4.984108580661813e-57,0,,185,100
591,5910,6710,2.2238938157747167e-56,0,,185,100
592,5920,6720,3.9735219614389114e-57,0,,188,100
593,5930,6730,3.1848098970847205e-61,0,,188,100
594,5940,6740,2.507720948400852e-55,0,,189,100
595,5950,6750,1.4525945120133063e-51,0,,187,100
596,5960,6760,6.759609921379224e-53,0,,188,100
597,5970,6770,6.577720587270782e-55,0,,185,100
598,5980,6780,7.125648805573271e-52,0,,186,100
599,5990,6790,1.269898231343807e-52,0,,188,100
600,6000,6800,1.5877430649402378e-53,0,,189,100
601,6010,6810,1.029834271976125e-52,0,,189,100
602,6020,6820,3.5823151571115244e-53,0,,189,100
603,6030,6830,1.634763858142825e-57,0,,189,100
604,6040,6840,3.229489469362366e-56,0,,192,100
605,6050,6850,5.35030455528501e-55,0,,192,100
606,6060,6860,7.094796068993277e-54,0,,193,100
607,6070,6870,1.0151154542026237e-51,0,,193,100
608,6080,6880,6.576380154492936e-54,0,,193,100
609,6090,6890,5.271874474233364e-56,0,,195,100
610,6100,6900,1.237753744946648e-55,0,,194,100
611,6110,6910,2.865127580180246e-52,0,,193,100
612,6120,6920,9.394359899924968e-52,0,,197,100
613,6130,6930,3.6923135855575656e-54,0,,197,100
614,6140,6940,5.521724985952401e-53,0,,195,100
615,6150,6950,4.04304479807768e-49,0,,197,100
616,6160,6960,1.8851831062217606e-49,0,,196,100
617,6170,6970,5.7369796817568566e-46,0,,197,100
618,6180,6980,5.648919173819056e-44,0,,197,100
619,6190,6990,6.788457960678456e-47,0,,198,100
620,6200,7000,7.533835467570463e-47,0,,198,100
621,6210,7010,8.122149377924164e-56,0,,198,100
622,6220,7020,5.059794098876574e-56,0,,199,100
623,6230,7030,2.5304950687671595e-52,0,,198,100
624,6240,7040,1.2087776414335602e-57,0,,198,100
625,6250,7050,1.814009460684103e-57,0,,198,100
626,6260,7060,2.9632787528657363e-56,0,,198,100
627,6270,7070,1.0596672341645928e-58,0,,198,100
628,6280,7080,1.243811422244348e-62,0,,199,100
629,6290,7090,1.1607332095081877e-62,0,,199,100
630,6300,7100,6.297211180604744e-67,0,,198,100
631,6310,7110,4.9762546309377134e-61,0,,198,100
632,6320,7120,2.5839164645206433e-60,0,,197,100
633,6330,7130,3.577528063547541e-60,0,,200,100
634,6340,7140,6.485883705893453e-61,0,,199,100
635,6350,7150,9.243832239462774e-56,0,,200,100
636,6360,7160,1.0982408537173164e-55,0,,200,100
637,6370,7170,3.600587572327259e-54,0,,199,100
638,6380,7180,5.037670348907697e-52,0,,197,100
639,6390,7190,8.261853328107071e-57,0,,197,100
640,6400,7200,1.7832981100516969e-56,0,,200,100
641,6410,7210,2.1194110109002696e-62,0,,199,100
642,6420,7220,1.3724128004642314e-58,0,,200,100
643,6430,7230,4.027681077815728e-58,0,,201,100
644,6440,7240,1.5223078259338065e-58,0,,201,100
645,6450,7250,1.4397652772435677e-60,0,,202,100
646,6460,7260,4.861662383561012e-59,0,,200,100
647,6470,7270,2.0630237962554696e-60,0,,203,100
648,6480,7280,4.1780730785118555e-58,0,,201,100
649,6490,7290,2.0112730931545015e-50,0,,198,100
650,6500,7300,1.3329625709787312e-49,0,,197,100
651,6510,7310,1.987890179942144e-52,0,,199,100
652,6520,7320,6.027040533162213e-54,0,,193,100
653,6530,7330,4.453113362286803e-53,0,,192,100
654,6540,7340,1.922156007011624e-51,0,,196,100
655,6550,7350,5.465849410077402e-51,0,,198,100
656,6560,7360,5.895361045066837e-54,0,,201,100
657,6570,7370,8.189194770787906e-54,0,,200,100
658,6580,7380,4.749598958767445e-49,0,,196,100
659,6590,7390,3.3951081130791955e-47,0,,196,100
660,6600,7400,5.897532995020195e-45,0,,196,100
661,6610,7410,3.1373526117383226e-43,0,,196,100
662,6620,7420,4.3179983124963185e-42,0,,195,100
663,6630,7430,3.119988319119506e-43,0,,194,100
664,6640,7440,1.1177893780444895e-47,0,,193,100
665,6650,7450,5.419750557718628e-52,0,,194,100
666,6660,7460,6.278404582533735e-56,0,,193,100
667,6670,7470,2.3460895032440438e-57,0,,196,100
668,6680,7480,1.2103669044607061e-54,0,,197,100
669,6690,7490,6.2534105681986885e-59,0,,196,100
670,6700,7500,4.5498417980817226e-64,0,,195,100
671,6710,7510,1.7444907184306632e-65,0,,195,100
672,6720,7520,4.5965154476435454e-63,0,,193,100
673,6730,7530,2.7915950193054924e-62,0,,194,100
674,6740,7540,3.099688627606182e-63,0,,196,100
675,6750,7550,1.4225321592917765e-61,0,,200,100
676,6760,7560,9.324497463520765e-59,0,,201,100
677,6770,7570,1.6967970676522484e-66,0,,200,100
678,6780,7580,2.0482441995711582e-69,0,,203,100
679,6790,7590,6.048454540011109e-71,0,,204,100
680,6800,7600,1.720568690705776e-74,0,,204,100
681,6810,7610,2.2709335366911356e-69,0,,204,100
682,6820,7620,4.893942410567504e-71,0,,203,100
683,6830,7630,1.393415462052341e-68,0,,207,100
684,6840,7640,3.996056870403571e-70,0,,206,100
685,6850,7650,6.381891086188642e-67,0,,204,100
686,6860,7660,4.2371462132301786e-64,0,,204,100
687,6870,7670,1.286928796683026e-60,0,,205,100
688,6880,7680,2.543734805856879e-60,0,,204,100
689,6890,7690,4.776603867127803e-58,0,,204,100
690,6900,7700,4.013111643473977e-55,0,,204,100
691,6910,7710,9.396344360184711e-54,0,,203,100
692,6920,7720,6.80883543275301e-58,0,,201,100
693,6930,7730,5.471180980656394e-59,0,,202,100
694,6940,7740,2.0766095813160173e-62,0,,202,100
695,6950,7750,2.162025603559681e-62,0,,203,100
696,6960,7760,4.541780442249382e-63,0,,202,100
697,6970,7770,1.56824825885581e-62,0,,201,100
698,6980,7780,2.1767460722585997e-62,0,,202,100
699,6990,7790,5.121015006618281e-56,0,,202,100
700,7000,7800,8.343854624706231e-53,0,,202,100
701,7010,7810,5.256826681348285e-50,0,,201,100
702,7020,7820,1.2423873345937286e-51,0,,202,100
703,7030,7830,3.4807920972050045e-55,0,,201,100
704,7040,7840,5.276575114645285e-53,0,,202,100
705,7050,7850,3.59404985377319e-52,0,,203,100
706,7060,7860,4.542714722896508e-52,0,,203,100
707,7070,7870,2.4464611248265397e-49,0,,201,100
708,7080,7880,3.33912255286155e-48,0,,201,100
709,7090,7890,1.3905246959026936e-48,0,,202,100
710,7100,7900,1.1571682943133441e-47,0,,202,100
711,7110,7910,1.6411548948278732e-48,0,,202,100
712,7120,7920,2.168545434849605e-51,0,,202,100
713,7130,7930,8.661617879293778e-52,0,,201,100
714,7140,7940,9.062823087635841e-52,0,,204,100
715,7150,7950,2.324771094050578e-49,0,,203,100
716,7160,7960,3.0688990956580043e-48,0,,205,100
717,7170,7970,3.4618285354902857e-47,0,,202,100
718,7180,7980,2.7048023675942745e-46,0,,203,100
719,7190,7990,6.509593156820834e-46,0,,205,100
720,7200,8000,6.186313659778339e-44,0,,203,100
721,7210,8010,6.816735740059682e-45,0,,204,100
722,7220,8020,1.6981513958760344e-43,0,,203,100
723,7230,8030,6.491333310544619e-46,0,,204,100
724,7240,8040,8.426623114150064e-45,0,,205,100
725,7250,8050,7.24203133457632e-47,0,,206,100
726,7260,8060,4.929451011078116e-47,0,,203,100
727,7270,8070,2.313869389686258e-46,0,,202,100
728,7280,8080,2.695090501931126e-46,0,,202,100
729,7290,8090,8.040175827541485e-46,0,,202,100
730,7300,8100,6.883101287410481e-49,0,,205,100
731,7310,8110,3.8100454796470287e-51,0,,205,100
732,7320,8120,4.005647109178774e-50,0,,205,100
733,7330,8130,2.7626551955383057e-47,0,,203,100
734,7340,8140,3.259906671048186e-48,0,,201,100
735,7350,8150,7.15069387381693e-47,0,,201,100
736,7360,8160,6.233969259345105e-50,0,,196,100
737,7370,8170,4.15966053614465e-50,0,,197,100
738,7380,8180,1.4214368213986996e-49,0,,197,100
739,7390,8190,5.264801942626449e-53,0,,197,100
740,7400,8200,1.0552299202563778e-51,0,,195,100
741,7410,8210,6.291082068907334e-53,0,,194,100
742,7420,8220,3.521469263621829e-57,0,,193,100
743,7430,8230,6.754444038037859e-56,0,,193,100
744,7440,8240,2.406006489695095e-52,0,,192,100
745,7450,8250,2.8817278931327107e-52,0,,190,100
746,7460,8260,2.4075250530075593e-51,0,,191,100
747,7470,8270,1.652055362824088e-57,0,,189,100
748,7480,8280,5.11800501543689e-56,0,,189,100
749,7490,8290,2.7719508362377592e-56,0,,190,100
750,7500,8300,9.702069355606219e-56,0,,191,100
751,7510,8310,2.677925427151929e-62,0,,192,100
752,7520,8320,4.678944641764436e-62,0,,191,100
753,7530,8330,1.365211381478814e-66,0,,190,100
754,7540,8340,7.1431814132124614e-71,0,,190,100
755,7550,8350,2.2257431776031307e-70,0,,187,100
756,7560,8360,1.2858114603339667e-70,0,,185,100
757,7570,8370,7.311974285263983e-69,0,,184,100
758,7580,8380,6.427254927999597e-72,0,,181,100
759,7590,8390,1.0941790297121435e-67,0,,181,100
760,7600,8400,5.800124410678014e-75,0,,180,100
761,7610,8410,5.144848039310801e-78,0,,181,100
762,7620,8420,4.0194892490740786e-77,0,,181,100
763,7630,8430,6.5347069863292106e-71,0,,177,100
764,7640,8440,1.7373630721207561e-72,0,,179,100
765,7650,8450,2.3246567125490644e-71,0,,179,100
766,7660,8460,7.279522800519594e-70,0,,178,100
767,7670,8470,3.473410761011973e-74,0,,180,100
768,7680,8480,3.474872238772805e-73,0,,179,100
769,7690,8490,3.5007841753002366e-76,0,,180,100
770,7700,8500,1.079913982999018e-72,0,,180,100
771,7710,8510,2.839266443194466e-66,0,,179,100
772,7720,8520,9.466668611351975e-71,0,,179,100
773,7730,8530,3.781248046099871e-66,0,,178,100
774,7740,8540,3.677274306393643e-67,0,,179,100
775,7750,8550,1.73944802216646e-67,0,,181,100
776,7760,8560,2.8058515793683103e-71,0,,181,100
777,7770,8570,2.5209337164175034e-68,0,,180,100
778,7780,8580,5.885444056695428e-67,0,,182,100
779,7790,8590,1.9073611249014685e-70,0,,182,100
780,7800,8600,7.25921980690157e-67,0,,182,100
781,7810,8610,3.4430431240598217e-66,0,,183,100
782,7820,8620,6.66239590345577e-67,0,,183,100
783,7830,8630,9.48327159367042e-64,0,,183,100
784,7840,8640,7.405591483930283e-64,0,,183,100
785,7850,8650,4.601437206425622e-65,0,,185,100
786,7860,8660,7.84960553491537e-61,0,,185,100
787,7870,8670,4.74832285377241e-67,0,,183,100
788,7880,8680,5.581675158673439e-67,0,,183,100
789,7890,8690,8.235438756784509e-66,0,,182,100
790,7900,8700,8.653941405392605e-66,0,,181,100
791,7910,8710,2.508889689675243e-63,0,,182,100
792,7920,8720,6.685745617663713e-62,0,,183,100
793,7930,8730,5.435497278909616e-59,0,,183,100
794,7940,8740,1.899469927520232e-57,0,,182,100
795,7950,8750,5.0936640983643425e-57,0,,183,100
796,7960,8760,1.4152919049278047e-55,0,,184,100
797,7970,8770,8.180278268185085e-52,0,,185,100
798,7980,8780,3.3726750343465957e-54,0,,186,100
799,7990,8790,9.807542569680538e-61,0,,185,100
800,8000,8800,1.129771874584331e-59,0,,185,100
801,8010,8810,3.241270876610142e-66,0,,187,100
802,8020,8820,1.0034430222066486e-57,0,,187,100
803,8030,8830,6.143978348754386e-57,0,,187,100
804,8040,8840,3.3198832065265445e-59,0,,187,100
805,8050,8850,8.675985548097588e-58,0,,186,100
806,8060,8860,9.541058261022449e-58,0,,187,100
807,8070,8870,1.0211295077299416e-57,0,,187,100
808,8080,8880,2.4514794921683223e-55,0,,187,100
809,8090,8890,1.4110063074242485e-53,0,,185,100
810,8100,8900,1.2361752225303025e-50,0,,183,100
811,8110,8910,1.4903619588048616e-50,0,,185,100
812,8120,8920,1.4669760028194423e-51,0,,185,100
813,8130,8930,5.613127113554975e-55,0,,187,100
814,8140,8940,9.830265766528478e-60,0,,187,100
815,8150,8950,3.544934502522548e-61,0,,186,100
816,8160,8960,6.106894251731005e-60,0,,185,100
817,8170,8970,1.052704866431939e-60,0,,189,100
818,8180,8980,2.3410407146754805e-61,0,,190,100
819,8190,8990,7.4776158284777465e-62,0,,189,100
820,8200,9000,1.72901714740457e-64,0,,192,100
821,8210,9010,4.722852129795391e-63,0,,191,100
822,8220,9020,5.941156903050283e-60,0,,190,100
823,8230,9030,3.343404066072049e-58,0,,189,100
824,8240,9040,9.296113589257475e-57,0,,191,100
825,8250,9050,5.6999233450723935e-52,0,,192,100
826,8260,9060,2.613525950825704e-55,0,,192,100
827,8270,9070,4.903319221873936e-60,0,,190,100
828,8280,9080,9.667800961778613e-65,0,,191,100
829,8290,9090,9.230985510884646e-60,0,,193,100
830,8300,9100,1.102966592894292e-59,0,,193,100
831,8310,9110,1.439910110012794e-59,0,,193,100
832,8320,9120,1.228871789118317e-62,0,,193,100
833,8330,9130,2.4429139991669987e-62,0,,193,100
834,8340,9140,2.7792274338218854e-62,0,,191,100
835,8350,9150,2.773721500218014e-65,0,,191,100
836,8360,9160,1.0439607386807073e-64,0,,193,100
837,8370,9170,2.4945181606280135e-61,0,,192,100
838,8380,9180,3.883770177553831e-59,0,,192,100
839,8390,9190,1.8320868021388204e-62,0,,196,100
840,8400,9200,1.1863712115973434e-65,0,,196,100
841,8410,9210,3.733342310358476e-63,0,,196,100
842,8420,9220,3.7247916304679625e-66,0,,199,100
843,8430,9230,8.888881772676297e-70,0,,198,100
844,8440,9240,1.3685927085495342e-67,0,,200,100
845,8450,9250,7.072335893138694e-71,0,,200,100
846,8460,9260,2.0211777406771135e-69,0,,199,100
847,8470,9270,6.265775787362224e-70,0,,200,100
848,8480,9280,3.760472555777398e-69,0,,200,100
849,8490,9290,4.751443013431553e-65,0,,201,100
850,8500,9300,2.2342754277593546e-65,0,,202,100
851,8510,9310,4.372923157559655e-66,0,,203,100
852,8520,9320,2.647705898554016e-67,0,,204,100
853,8530,9330,7.746401423655682e-69,0,,204,100
854,8540,9340,1.4719169223114715e-68,0,,204,100
855,8550,9350,5.5133935001212445e-65,0,,202,100
856,8560,9360,9.831146148657767e-66,0,,201,100
857,8570,9370,9.405384809544148e-65,0,,205,100
858,8580,9380,6.517355526783887e-64,0,,204,100
859,8590,9390,2.9114693157473166e-59,0,,204,100
860,8600,9400,2.198122622940189e-58,0,,204,100
861,8610,9410,2.1813116383795642e-56,0,,204,100
862,8620,9420,1.191968328150506e-54,0,,203,100
863,8630,9430,4.3682727208971875e-54,0,,202,100
864,8640,9440,4.872538886829345e-52,0,,200,100
865,8650,9450,3.46343661494341e-48,0,,201,100
866,8660,9460,1.3161965664283056e-42,0,,201,100
867,8670,9470,1.4414837742757296e-43,0,,201,100
868,8680,9480,1.6965808210909866e-42,0,,202,100
869,8690,9490,1.4828493110084747e-45,0,,204,100
870,8700,9500,7.52249719436804e-46,0,,206,100
871,8710,9510,1.2740528454312933e-42,0,,205,100
872,8720,9520,1.664118722546016e-45,0,,205,100
873,8730,9530,1.6382265399227253e-47,0,,205,100
874,8740,9540,1.7575485087172355e-46,0,,207,100
875,8750,9550,6.615651782318793e-44,0,,204,100
876,8760,9560,3.007600994383891e-45,0,,204,100
877,8770,9570,1.3644985263816725e-46,0,,203,100
878,8780,9580,3.883114432504424e-42,0,,202,100
879,8790,9590,4.304886477812362e-43,0,,203,100
880,8800,9600,1.8591694801229805e-44,0,,202,100
881,8810,9610,2.881963280499754e-43,0,,202,100
882,8820,9620,3.647626750393414e-46,0,,206,100
883,8830,9630,1.1647167949434933e-47,0,,206,100
884,8840,9640,1.0736183019861194e-48,0,,206,100
885,8850,9650,1.325109262186473e-44,0,,205,100
886,8860,9660,8.136582614869476e-49,0,,204,100
887,8870,9670,1.4688305917153481e-49,0,,207,100
888,8880,9680,1.5349362755797925e-49,0,,208,100
889,8890,9690,4.361495164785048e-50,0,,207,100
890,8900,9700,1.733164483642901e-51,0,,207,100
891,8910,9710,1.934062419310448e-55,0,,206,100
892,8920,9720,5.909221777333659e-55,0,,205,100
893,8930,9730,5.0428587028931315e-51,0,,204,100
894,8940,9740,4.223702710761338e-51,0,,205,100
895,8950,9750,1.029872748924733e-45,0,,205,100
896,8960,9760,5.046634334980981e-48,0,,206,100
897,8970,9770,4.694419506293972e-47,0,,204,100
898,8980,9780,2.0385266597811826e-47,0,,205,100
899,8990,9790,6.578329671980069e-48,0,,205,100
900,9000,9800,1.3823911427797211e-46,0,,206,100
901,9010,9810,3.56667081665846e-45,0,,210,100
902,9020,9820,1.3910724926284272e-45,0,,209,100
903,9030,9830,3.3202079597807776e-46,0,,208,100
904,9040,9840,5.281625196757797e-41,0,,210,100
905,9050,9850,4.410761905558012e-45,0,,211,100
906,9060,9860,1.6776385496320052e-47,0,,210,100
907,9070,9870,5.578627284180763e-48,0,,211,100
908,9080,9880,1.8875409179396498e-47,0,,212,100
909,9090,9890,7.546150388808504e-54,0,,212,100
910,9100,9900,1.1426836347743387e-53,0,,213,100
911,9110,9910,1.0416495550511184e-46,0,,214,100
912,9120,9920,5.559793246512264e-51,0,,215,100
913,9130,9930,1.0072672889747002e-50,0,,215,100
914,9140,9940,2.811129899520346e-50,0,,219,100
915,9150,9950,6.487571058361846e-53,0,,219,100
916,9160,9960,1.133623037010046e-52,0,,219,100
917,9170,9970,1.5239212215952583e-51,0,,220,100
918,9180,9980,5.763414437564356e-54,0,,219,100
919,9190,9990,1.8243659338964635e-57,0,,215,100
920,9200,10000,1.4494946095647836e-58,0,,216,100
921,9210,10010,1.8529660903029626e-58,0,,217,100
922,9220,10020,1.6347032305120815e-58,0,,217,100
923,9230,10030,7.493559188382288e-56,0,,216,100
924,9240,10040,1.4209630054151096e-58,0,,214,100
925,9250,10050,3.4575740179109444e-59,0,,217,100
926,9260,10060,1.3479683094669544e-59,0,,218,100
927,9270,10070,9.206543209172936e-54,0,,216,100
928,9280,10080,4.4170288495648014e-55,0,,217,100
929,9290,10090,8.010047007435648e-57,0,,217,100
930,9300,10100,2.160419927733318e-61,0,,217,100
931,9310,10110,6.647931023887537e-59,0,,217,100
932,9320,10120,1.8099048843456508e-53,0,,216,100
933,9330,10130,1.0564020016429716e-58,0,,214,100
934,9340,10140,1.4028603090117293e-54,0,,215,100
935,9350,10150,2.334351243042119e-53,0,,216,100
936,9360,10160,3.4204649573463557e-54,0,,219,100
937,9370,10170,8.113683432341651e-58,0,,215,100
938,9380,10180,1.5891150993184262e-56,0,,217,100
939,9390,10190,1.5078378655818185e-58,0,,217,100
940,9400,10200,5.361269837833325e-60,0,,215,100
941,9410,10210,1.099919829873521e-54,0,,215,100
942,9420,10220,1.6445931960319626e-63,0,,218,100
943,9430,10230,3.337675814099596e-63,0,,218,100
944,9440,10240,1.2036049700933005e-59,0,,220,100
945,9450,10250,1.1195289790977901e-55,0,,220,100
946,9460,10260,1.3428258398745356e-57,0,,221,100
947,9470,10270,1.1393384094124972e-57,0,,221,100
948,9480,10280,1.2489620026158483e-62,0,,222,100
949,9490,10290,1.116478690813225e-58,0,,222,100
950,9500,10300,3.0325310698862734e-52,0,,222,100
951,9510,10310,3.535167798217533e-52,0,,221,100
952,9520,10320,1.050590977938026e-52,0,,224,100
953,9530,10330,2.728255952428584e-54,0,,223,100
954,9540,10340,1.3326299602993852e-57,0,,222,100
955,9550,10350,9.923541538162827e-64,0,,223,100
956,9560,10360,3.615592857434596e-68,0,,222,100
957,9570,10370,5.694698521571644e-69,0,,223,100
958,9580,10380,1.7127165033013617e-69,0,,222,100
959,9590,10390,2.2512174003723226e-70,0,,222,100
960,9600,10400,3.502396550384453e-67,0,,225,100
961,9610,10410,6.819035171282857e-67,0,,224,100
962,9620,10420,1.2318392217808099e-71,0,,222,100
963,9630,10430,9.290976547114327e-67,0,,221,100
964,9640,10440,6.292317637645745e-64,0,,222,100
965,9650,10450,2.2989694424086964e-67,0,,224,100
966,9660,10460,7.461119834051337e-73,0,,223,100
967,9670,10470,1.555981032642631e-69,0,,221,100
968,9680,10480,3.615766769808298e-70,0,,222,100
969,9690,10490,1.6048395034961978e-74,0,,223,100
970,9700,10500,2.4579769144048054e-77,0,,226,100
971,9710,10510,8.555828271326992e-75,0,,226,100
972,9720,10520,2.023149735891727e-71,0,,227,100
973,9730,10530,3.179223184642557e-73,0,,226,100
974,9740,10540,7.370218252537444e-73,0,,228,100
975,9750,10550,2.1034919914274544e-71,0,,229,100
976,9760,10560,2.5379703574683317e-59,0,,227,100
977,9770,10570,3.0013811575144654e-55,0,,225,100
978,9780,10580,1.0290184174709016e-60,0,,229,100
979,9790,10590,1.1346460234762627e-60,0,,229,100
980,9800,10600,1.8571367785652383e-62,0,,227,100
981,9810,10610,1.8358272942263687e-67,0,,223,100
982,9820,10620,1.1399889531403936e-67,0,,225,100
983,9830,10630,5.959711576596739e-67,0,,223,100
984,9840,10640,3.7292593686281127e-66,0,,219,100
985,9850,10650,8.18330399784497e-65,0,,221,100
986,9860,10660,3.6060097767404366e-64,0,,221,100
987,9870,10670,1.5495538345310807e-65,0,,225,100
988,9880,10680,1.2000739294309829e-60,0,,221,100
989,9890,10690,1.8997047963840674e-61,0,,219,100
990,9900,10700,3.2552410151514413e-62,0,,217,100
991,9910,10710,6.606052561982197e-63,0,,217,100
992,9920,10720,7.143390382880015e-63,0,,216,100
993,9930,10730,4.938895878535281e-64,0,,216,100
994,9940,10740,1.090756722541545e-59,0,,213,100
995,9950,10750,1.2920611028424994e-59,0,,214,100
996,9960,10760,6.24006178650865e-58,0,,217,100
997,9970,10770,5.115022258590158e-59,0,,217,100
998,9980,10780,5.778594044015499e-56,0,,216,100
999,9990,10790,2.167333806266584e-56,0,,217,100
1000,10000,10800,2.0196547801202583e-56,0,,214,100
1001,10010,10810,1.3451597308437426e-62,0,,214,100
1002,10020,10820,1.373646983406242e-60,0,,215,100
1003,10030,10830,2.7481264566025084e-56,0,,214,100
1004,10040,10840,1.0153958451198459e-56,0,,214,100
1005,10050,10850,4.986110834571999e-58,0,,212,100
1006,10060,10860,5.665828803330634e-57,0,,212,100
1007,10070,10870,4.375461486480924e-55,0,,215,100
1008,10080,10880,1.1349328517513364e-51,0,,215,100
1009,10090,10890,1.3190369032418324e-51,0,,215,100
1010,10100,10900,5.573399716828178e-54,0,,216,100
1011,10110,10910,1.65386683253997e-51,0,,216,100
1012,10120,10920,2.746908746721336e-56,0,,217,100
1013,10130,10930,7.618859170973492e-53,0,,216,100
1014,10140,10940,2.2063152279925288e-51,0,,216,100
1015,10150,10950,8.13499594309888e-53,0,,216,100
1016,10160,10960,1.6698107722721125e-52,0,,213,100
1017,10170,10970,6.762579841292159e-52,0,,212,100
1018,10180,10980,1.2206643290401095e-51,0,,213,100
1019,10190,10990,8.809326926416681e-48,0,,214,100
1020,10200,11000,6.395766266209149e-47,0,,215,100
1021,10210,11010,2.4181146369256027e-44,0,,215,100
1022,10220,11020,3.093017426028417e-47,0,,214,100
1023,10230,11030,2.2627905300589726e-49,0,,213,100
1024,10240,11040,1.2433479012487628e-52,0,,211,100
1025,10250,11050,2.773929130661814e-52,0,,211,100
1026,10260,11060,2.642375761791504e-54,0,,211,100
1027,10270,11070,8.213982521821988e-54,0,,211,100
1028,10280,11080,7.615275059274542e-57,0,,214,100
1029,10290,11090,6.690827093648253e-56,0,,214,100
1030,10300,11100,5.505534822270032e-55,0,,213,100
1031,10310,11110,1.5912850575018515e-59,0,,213,100
1032,10320,11120,8.847845380204632e-58,0,,212,100
1033,10330,11130,2.864175579747285e-58,0,,211,100
1034,10340,11140,7.459639680304099e-60,0,,212,100
1035,10350,11150,7.652081436153738e-57,0,,213,100
1036,10360,11160,1.9149846544198687e-58,0,,214,100
1037,10370,11170,2.679047916475722e-58,0,,213,100
1038,10380,11180,1.4808373112982565e-57,0,,213,100
1039,10390,11190,1.2641867684854394e-57,0,,212,100
1040,10400,11200,1.9159643508308744e-62,0,,211,100
1041,10410,11210,8.03278604733622e-63,0,,212,100
1042,10420,11220,9.8243798621376e-63,0,,212,100
1043,10430,11230,8.200501031837698e-60,0,,213,100
1044,10440,11240,5.385457563036386e-60,0,,213,100
1045,10450,11250,1.5129067220808675e-61,0,,213,100
1046,10460,11260,2.654373280287657e-62,0,,213,100
1047,10470,11270,9.105477518755064e-63,0,,215,100
1048,10480,11280,6.897280455260922e-68,0,,215,100
1049,10490,11290,9.224485787894857e-63,0,,215,100
1050,10500,11300,2.079554777948228e-58,0,,216,100
1051,10510,11310,3.5418064955569636e-61,0,,217,100
1052,10520,11320,3.433558668700393e-59,0,,215,100
1053,10530,11330,4.3630132408084885e-60,0,,216,100
1054,10540,11340,2.3194786082952318e-64,0,,214,100
1055,10550,11350,1.2335902538792255e-62,0,,212,100
1056,10560,11360,1.6543135582823263e-64,0,,213,100
1057,10570,11370,3.700994728936628e-71,0,,218,100
1058,10580,11380,1.0627867360665979e-67,0,,214,100
1059,10590,11390,1.2326483610039086e-68,0,,218,100
1060,10600,11400,1.6272373196630183e-63,0,,218,100
1061,10610,11410,2.3870329541793474e-62,0,,220,100
1062,10620,11420,1.7401634768725301e-62,0,,221,100
1063,10630,11430,8.256353206394911e-64,0,,219,100
1064,10640,11440,1.6158683721064636e-60,0,,221,100
1065,10650,11450,3.7834143478048115e-63,0,,221,100
1066,10660,11460,2.83777260741582e-60,0,,220,100
1067,10670,11470,1.4083006287248513e-56,0,,219,100
1068,10680,11480,8.401701191998706e-57,0,,218,100
1069,10690,11490,2.867831084824505e-58,0,,216,100
1070,10700,11500,3.7464704552082927e-59,0,,216,100
1071,10710,11510,3.1182082899700935e-56,0,,217,100
1072,10720,11520,9.446328313386968e-56,0,,217,100
1073,10730,11530,1.5766173965452809e-58,0,,214,100
1074,10740,11540,1.596325518110879e-61,0,,215,100
1075,10750,11550,7.116714211780457e-62,0,,215,100
1076,10760,11560,2.4297034185025437e-50,0,,211,100
1077,10770,11570,8.114964834542715e-54,0,,211,100
1078,10780,11580,8.565133081032298e-53,0,,211,100
1079,10790,11590,8.038951144544728e-51,0,,211,100
1080,10800,11600,1.0249207746554897e-53,0,,211,100
1081,10810,11610,1.773008050923982e-55,0,,210,100
1082,10820,11620,1.7522962311295426e-54,0,,210,100
1083,10830,11630,2.0167187886600455e-54,0,,209,100
1084,10840,11640,7.060653241675949e-56,0,,207,100
1085,10850,11650,4.706537241825901e-56,0,,209,100
1086,10860,11660,1.0647184151132036e-51,0,,209,100
1087,10870,11670,2.659386067699351e-56,0,,206,100
1088,10880,11680,6.821463440236046e-54,0,,205,100
1089,10890,11690,2.4072161004770387e-52,0,,206,100
1090,10900,11700,1.4473505957748485e-53,0,,205,100
1091,10910,11710,6.84934326447544e-50,0,,205,100
1092,10920,11720,8.518790952505174e-53,0,,207,100
1093,10930,11730,6.843725463372045e-51,0,,208,100
1094,10940,11740,1.949017125125058e-47,0,,208,100
1095,10950,11750,1.8302594967755999e-47,0,,208,100
1096,10960,11760,7.49279134114327e-46,0,,207,100
1097,10970,11770,1.7313030639436497e-44,0,,208,100
1098,10980,11780,1.1991887648135758e-45,0,,207,100
1099,10990,11790,1.7405113063868606e-45,0,,207,100
1100,11000,11800,1.6489217526620274e-41,0,,205,100
1101,11010,11810,5.957957187448303e-44,0,,205,100
1102,11020,11820,8.622172462817452e-47,0,,205,100
1103,11030,11830,6.195476204038381e-46,0,,204,100
1104,11040,11840,1.5804123568661352e-46,0,,203,100
1105,11050,11850,1.1813393147537912e-45,0,,204,100
1106,11060,11860,6.773827432114059e-42,0,,202,100
1107,11070,11870,1.8069427039758805e-41,0,,200,100
1108,11080,11880,2.3967385696065046e-47,0,,197,100
1109,11090,11890,2.0566288130521907e-49,0,,197,100
1110,11100,11900,5.976689824713836e-49,0,,197,100
1111,11110,11910,6.589017106305672e-45,0,,198,100
1112,11120,11920,2.950426920741947e-46,0,,198,100
1113,11130,11930,2.5340007506656292e-48,0,,197,100
1114,11140,11940,7.524840106635192e-48,0,,197,100
1115,11150,11950,3.8333526293747954e-48,0,,198,100
1116,11160,11960,1.024726373060187e-49,0,,202,100
1117,11170,11970,3.7500322067996367e-50,0,,201,100
1118,11180,11980,3.832257693200506e-51,0,,201,100
1119,11190,11990,7.753638347551393e-49,0,,205,100
1120,11200,12000,1.4471490086850034e-50,0,,202,100
1121,11210,12010,6.335711458651249e-47,0,,200,100
1122,11220,12020,8.83308458718679e-48,0,,201,100
1123,11230,12030,5.072221195528549e-48,0,,200,100
1124,11240,12040,2.423487816604461e-50,0,,199,100
1125,11250,12050,1.220038917336237e-48,0,,199,100
1126,11260,12060,5.816420417104688e-49,0,,198,100
1127,11270,12070,7.87769968266499e-52,0,,199,100
1128,11280,12080,5.034199485598859e-50,0,,198,100
1129,11290,12090,5.7900244792952345e-53,0,,197,100
1130,11300,12100,3.3721226627538153e-51,0,,194,100
1131,11310,12110,3.601436585599707e-51,0,,195,100
1132,11320,12120,4.290110538365482e-51,0,,197,100
1133,11330,12130,1.0152305325734142e-51,0,,198,100
1134,11340,12140,1.3840095206841084e-46,0,,198,100
1135,11350,12150,6.1585785793103236e-52,0,,201,100
1136,11360,12160,1.0322364218945449e-53,0,,200,100
1137,11370,12170,1.2927591518586183e-55,0,,197,100
1138,11380,12180,4.711831235278493e-57,0,,197,100
1139,11390,12190,1.4957909628549171e-61,0,,193,100
1140,11400,12200,8.044604581462779e-62,0,,196,100
1141,11410,12210,2.1642761212635855e-63,0,,195,100
1142,11420,12220,2.7459615273098815e-63,0,,195,100
1143,11430,12230,1.250387775846203e-65,0,,195,100
1144,11440,12240,2.031741445822844e-62,0,,194,100
1145,11450,12250,3.991291422782708e-58,0,,193,100
1146,11460,12260,2.344760335434976e-60,0,,193,100
1147,11470,12270,1.106208092953756e-62,0,,194,100
1148,11480,12280,1.4938085885389066e-58,0,,194,100
1149,11490,12290,8.25204423451134e-58,0,,194,100
1150,11500,12300,1.5440687599749755e-60,0,,193,100
1151,11510,12310,3.400686825789695e-61,0,,194,100
1152,11520,12320,6.862257715340826e-58,0,,194,100
1153,11530,12330,3.913933042030181e-58,0,,195,100
1154,11540,12340,2.5263538919597834e-60,0,,193,100
1155,11550,12350,1.0828020076503719e-60,0,,193,100
1156,11560,12360,1.80498681407564e-57,0,,194,100
1157,11570,12370,1.5921355644659504e-58,0,,194,100
1158,11580,12380,2.0335569397092675e-54,0,,195,100
1159,11590,12390,1.1821792034414517e-51,0,,194,100
1160,11600,12400,3.1746194270951035e-48,0,,193,100
1161,11610,12410,2.103900597145527e-50,0,,193,100
1162,11620,12420,6.34508498902194e-48,0,,193,100
1163,11630,12430,1.5547015511360826e-47,0,,196,100
1164,11640,12440,2.2507878762085712e-49,0,,198,100
1165,11650,12450,1.485486883683949e-50,0,,194,100
1166,11660,12460,2.5331766592729997e-48,0,,194,100
1167,11670,12470,1.9637210148469836e-45,0,,192,100
1168,11680,12480,4.348600632146766e-49,0,,197,100
1169,11690,12490,2.6188381077135673e-47,0,,194,100
1170,11700,12500,1.509191649365331e-49,0,,197,100
1171,11710,12510,5.241769605755152e-49,0,,198,100
1172,11720,12520,2.3112682638241484e-55,0,,195,100
1173,11730,12530,6.768976889308228e-54,0,,198,100
1174,11740,12540,1.6942235616495076e-57,0,,197,100
1175,11750,12550,6.01163841823851e-52,0,,199,100
1176,11760,12560,5.719585289691633e-50,0,,201,100
1177,11770,12570,3.4816505060871976e-51,0,,201,100
1178,11780,12580,5.817707800449939e-51,0,,200,100
1179,11790,12590,1.4656906196334149e-52,0,,199,100
1180,11800,12600,5.135242127743251e-53,0,,199,100
1181,11810,12610,1.0297098912485296e-50,0,,199,100
1182,11820,12620,2.6728182980968034e-51,0,,200,100
1183,11830,12630,1.89731178592818e-51,0,,202,100
1184,11840,12640,1.0394209423840282e-50,0,,203,100
1185,11850,12650,3.26673311569246e-49,0,,207,100
1186,11860,12660,2.952513074574787e-48,0,,208,100
1187,11870,12670,6.031622063641433e-44,0,,208,100
1188,11880,12680,1.3741427376468423e-44,0,,208,100
1189,11890,12690,8.376732754496164e-47,0,,210,100
1190,11900,12700,3.2283738973112483e-47,0,,210,100
1191,11910,12710,1.1401290018240019e-48,0,,208,100
1192,11920,12720,3.1408779115703306e-48,0,,208,100
1193,11930,12730,5.948221554462354e-51,0,,210,100
1194,11940,12740,5.838635664197502e-53,0,,208,100
1195,11950,12750,7.289638863222178e-49,0,,207,100
1196,11960,12760,1.1433837045379794e-50,0,,204,100
1197,11970,12770,1.472539560553662e-50,0,,206,100
1198,11980,12780,4.054817922556732e-51,0,,205,100
1199,11990,12790,3.731579711131555e-57,0,,205,100
1200,12000,12800,3.578697733605692e-57,0,,205,100
1201,12010,12810,4.786320442634531e-54,0,,205,100
1202,12020,12820,4.884531690403878e-53,0,,206,100
1203,12030,12830,1.9383864682764636e-54,0,,205,100
1204,12040,12840,3.995110757242869e-57,0,,203,100
1205,12050,12850,2.6529611154387432e-55,0,,206,100
1206,12060,12860,3.025158619885039e-54,0,,209,100
1207,12070,12870,1.6577930862536128e-50,0,,205,100
1208,12080,12880,1.0473167009967699e-52,0,,205,100
1209,12090,12890,6.232527084540052e-50,0,,207,100
1210,12100,12900,1.3391511697047076e-51,0,,209,100
1211,12110,12910,4.209162060932053e-53,0,,208,100
1212,12120,12920,1.885023154849926e-50,0,,208,100
1213,12130,12930,1.7409466198574254e-53,0,,206,100
1214,12140,12940,2.689089177748796e-54,0,,208,100
1215,12150,12950,1.2708662452634264e-54,0,,204,100
1216,12160,12960,6.903667687523841e-51,0,,204,100
1217,12170,12970,8.646734740966666e-52,0,,206,100
1218,12180,12980,1.914846322774599e-50,0,,207,100
1219,12190,12990,7.27258852908969e-52,0,,208,100
1220,12200,13000,2.7433418943783335e-53,0,,206,100
1221,12210,13010,2.7618111661094205e-54,0,,208,100
1222,12220,13020,8.318855512879817e-53,0,,206,100
1223,12230,13030,4.061938332550043e-53,0,,206,100
1224,12240,13040,1.7148166685527522e-51,0,,207,100
1225,12250,13050,1.5720084214810707e-50,0,,207,100
1226,12260,13060,3.623670770464312e-48,0,,207,100
1227,12270,13070,1.8711816308874407e-48,0,,208,100
1228,12280,13080,3.0720729932137278e-50,0,,209,100
1229,12290,13090,1.2326956948822653e-50,0,,209,100
1230,12300,13100,8.084387088771355e-49,0,,211,100
1231,12310,13110,6.811547535479512e-48,0,,210,100
1232,12320,13120,9.168544314827953e-46,0,,211,100
1233,12330,13130,2.154419039143072e-46,0,,211,100
1234,12340,13140,6.910295009435621e-44,0,,213,100
1235,12350,13150,5.2859004468620635e-43,0,,214,100
1236,12360,13160,1.994328520831059e-46,0,,217,100
1237,12370,13170,2.3474730374381755e-50,0,,220,100
1238,12380,13180,6.87816283640788e-52,0,,218,100
1239,12390,13190,2.5002550655534127e-55,0,,219,100
1240,12400,13200,7.497111852175197e-53,0,,218,100
1241,12410,13210,1.0504817053266096e-52,0,,220,100
1242,12420,13220,1.7698095807772892e-53,0,,220,100
1243,12430,13230,1.2472998843008292e-48,0,,219,100
1244,12440,13240,6.492901416044753e-49,0,,219,100
1245,12450,13250,1.1849047754324693e-46,0,,219,100
1246,12460,13260,2.045524944526655e-48,0,,219,100
1247,12470,13270,1.2343060564278696e-51,0,,217,100
1248,12480,13280,2.4456347555065917e-56,0,,213,100
1249,12490,13290,2.6549402955096664e-56,0,,214,100
1250,12500,13300,3.1269482489331525e-54,0,,211,100
1251,12510,13310,6.296421718630954e-60,0,,211,100
1252,12520,13320,3.3239716887804866e-56,0,,211,100
1253,12530,13330,4.706675177400989e-58,0,,210,100
1254,12540,13340,4.296759456442814e-65,0,,210,100
1255,12550,13350,5.643850472159058e-63,0,,208,100
1256,12560,13360,6.701687278634542e-63,0,,206,100
1257,12570,13370,4.286250939491206e-60,0,,212,100
1258,12580,13380,1.971716300667076e-58,0,,213,100
1259,12590,13390,7.062560657007775e-60,0,,216,100
1260,12600,13400,2.3629545514443917e-56,0,,215,100
1261,12610,13410,4.920732238325555e-56,0,,218,100
1262,12620,13420,1.74636234136229e-55,0,,217,100
1263,12630,13430,1.2288263145465525e-55,0,,216,100
1264,12640,13440,2.6289726505159046e-56,0,,214,100
1265,12650,13450,2.553810878848361e-53,0,,211,100
1266,12660,13460,1.0063765140584695e-54,0,,215,100
1267,12670,13470,4.842837243676641e-53,0,,215,100
1268,12680,13480,6.761092634477383e-58,0,,215,100
1269,12690,13490,6.520940943603116e-55,0,,214,100
1270,12700,13500,7.415979853112332e-56,0,,216,100
1271,12710,13510,5.131773993541729e-61,0,,215,100
1272,12720,13520,3.5892461518081387e-62,0,,215,100
1273,12730,13530,5.310105325930992e-59,0,,214,100
1274,12740,13540,1.0687353089645568e-60,0,,215,100
1275,12750,13550,1.4448177043332794e-61,0,,214,100
1276,12760,13560,4.429805540402784e-66,0,,213,100
1277,12770,13570,1.5462319018638283e-62,0,,216,100
1278,12780,13580,1.4801557051794971e-64,0,,218,100
1279,12790,13590,4.815318719102991e-78,0,,215,100
1280,12800,13600,1.7654830101006773e-76,0,,213,100
1281,12810,13610,4.1297416527702784e-80,0,,214,100
1282,12820,13620,2.4972161034796204e-78,0,,215,100
1283,12830,13630,3.796005900175732e-80,0,,215,100
1284,12840,13640,9.97375873539243e-78,0,,215,100
1285,12850,13650,6.079252329780468e-76,0,,214,100
1286,12860,13660,6.653916363680741e-76,0,,213,100
1287,12870,13670,5.657230670826772e-75,0,,212,100
1288,12880,13680,1.0001969223001843e-76,0,,215,100
1289,12890,13690,6.144397252945769e-79,0,,212,100
1290,12900,13700,4.828724952201759e-76,0,,212,100
1291,12910,13710,2.89990445294191e-76,0,,212,100
1292,12920,13720,4.195978239738379e-79,0,,212,100
1293,12930,13730,1.1237879830052835e-75,0,,212,100
1294,12940,13740,4.536381653845009e-78,0,,211,100
1295,12950,13750,3.0142619469826644e-80,0,,211,100
1296,12960,13760,1.424455301857703e-82,0,,212,100
1297,12970,13770,2.967188817750256e-70,0,,210,100
1298,12980,13780,1.7625478870454898e-74,0,,210,100
1299,12990,13790,6.753404070223548e-78,0,,211,100
1300,13000,13800,1.1368608004594775e-70,0,,210,100
1301,13010,13810,1.1257238544457147e-73,0,,210,100
1302,13020,13820,8.463311596165134e-78,0,,209,100
1303,13030,13830,2.324019928514798e-75,0,,211,100
1304,13040,13840,2.145143856683944e-72,0,,211,100
1305,13050,13850,1.1396038973359198e-78,0,,209,100
1306,13060,13860,1.0086838221938435e-78,0,,211,100
1307,13070,13870,4.888234556933758e-74,0,,210,100
1308,13080,13880,3.904062065548139e-74,0,,208,100
1309,13090,13890,2.3830466347935807e-70,0,,209,100
1310,13100,13900,2.4707488171617643e-70,0,,207,100
1311,13110,13910,5.111767296150027e-71,0,,209,100
1312,13120,13920,2.2216084736999103e-73,0,,208,100
1313,13130,13930,9.10808167784642e-74,0,,210,100
1314,13140,13940,3.388441514108029e-77,0,,207,100
1315,13150,13950,9.112923314428842e-71,0,,207,100
1316,13160,13960,3.196566041062069e-72,0,,204,100
1317,13170,13970,1.2984744333226245e-75,0,,203,100
1318,13180,13980,5.763716237848086e-71,0,,202,100
1319,13190,13990,6.711075206098332e-68,0,,201,100
1320,13200,14000,3.2625820082559547e-69,0,,203,100
1321,13210,14010,3.1884940380199897e-70,0,,201,100
1322,13220,14020,4.688004082927955e-71,0,,202,100
1323,13230,14030,1.0029876652027656e-67,0,,200,100
1324,13240,14040,6.68814779931404e-66,0,,200,100
1325,13250,14050,4.1554783539376176e-66,0,,200,100
1326,13260,14060,3.037715086689864e-59,0,,200,100
1327,13270,14070,7.324274235539742e-62,0,,202,100
1328,13280,14080,2.7515698819692575e-62,0,,201,100
1329,13290,14090,1.4897312563173354e-67,0,,201,100
1330,13300,14100,8.266662232663533e-65,0,,200,100
1331,13310,14110,3.317873401340429e-67,0,,199,100
1332,13320,14120,2.8837019743965548e-58,0,,200,100
1333,13330,14130,2.5284821034671066e-65,0,,199,100
1334,13340,14140,4.254061966211273e-61,0,,199,100
1335,13350,14150,5.5871785400802865e-59,0,,199,100
1336,13360,14160,1.2656842345887816e-57,0,,198,100
1337,13370,14170,1.2910165501285115e-57,0,,195,100
1338,13380,14180,1.291875775881086e-59,0,,193,100
1339,13390,14190,4.547107433057722e-58,0,,191,100
1340,13400,14200,4.398820912950004e-61,0,,191,100
1341,13410,14210,6.937488492259002e-56,0,,190,100
1342,13420,14220,4.091915578408692e-55,0,,190,100
1343,13430,14230,7.998867249441073e-57,0,,189,100
1344,13440,14240,4.097762045895535e-55,0,,188,100
1345,13450,14250,1.0310763983495917e-61,0,,188,100
1346,13460,14260,5.88728665864047e-61,0,,185,100
1347,13470,14270,1.0950091796728595e-64,0,,184,100
1348,13480,14280,5.537822214974738e-67,0,,186,100
1349,13490,14290,3.971761103749352e-71,0,,185,100
1350,13500,14300,2.275219106509668e-68,0,,185,100
1351,13510,14310,1.211953742520778e-61,0,,186,100
1352,13520,14320,1.1453493933137597e-63,0,,186,100
1353,13530,14330,2.4239234985163305e-66,0,,187,100
1354,13540,14340,2.0674718267093213e-66,0,,187,100
1355,13550,14350,6.816223433024351e-67,0,,187,100
1356,13560,14360,3.684540529948122e-69,0,,188,100
1357,13570,14370,8.89239790708832e-74,0,,184,100
1358,13580,14380,5.573942311497599e-73,0,,185,100
1359,13590,14390,2.7785306918519046e-68,0,,184,100
1360,13600,14400,5.2590149649916285e-73,0,,185,100
1361,13610,14410,5.40739583096493e-79,0,,182,100
1362,13620,14420,1.2375862643022535e-81,0,,182,100
1363,13630,14430,5.845775939211756e-82,0,,183,100
1364,13640,14440,5.910618921270045e-79,0,,183,100
1365,13650,14450,2.1835521316580323e-79,0,,184,100
1366,13660,14460,9.501599967609342e-84,0,,182,100
1367,13670,14470,6.207492643522977e-82,0,,184,100
1368,13680,14480,5.711644405333444e-88,0,,181,100
1369,13690,14490,2.3181839826757673e-88,0,,181,100
1370,13700,14500,2.3903040567383752e-83,0,,182,100
1371,13710,14510,1.1929175940570848e-84,0,,181,100
1372,13720,14520,9.403947286055974e-83,0,,180,100
1373,13730,14530,2.1807554845008983e-85,0,,181,100
1374,13740,14540,2.0617483985312645e-83,0,,181,100
1375,13750,14550,8.641421980130985e-81,0,,180,100
1376,13760,14560,1.0464679759867557e-79,0,,181,100
1377,13770,14570,4.998811797913246e-84,0,,180,100
1378,13780,14580,9.450493868242361e-85,0,,180,100
1379,13790,14590,7.290369045360308e-83,0,,181,100
1380,13800,14600,4.1817256135499503e-82,0,,180,100
1381,13810,14610,1.7634697132640364e-79,0,,183,100
1382,13820,14620,2.13200514315155e-80,0,,183,100
1383,13830,14630,3.1985319535249987e-81,0,,184,100
1384,13840,14640,2.1793381181663934e-82,0,,185,100
1385,13850,14650,2.496145167209081e-76,0,,184,100
1386,13860,14660,1.365872381527655e-76,0,,185,100
1387,13870,14670,9.26045265216084e-74,0,,184,100
1388,13880,14680,2.816782449589532e-76,0,,185,100
1389,13890,14690,1.1469849495644273e-77,0,,186,100
1390,13900,14700,3.760392827008441e-72,0,,184,100
1391,13910,14710,4.127477588882498e-71,0,,183,100
1392,13920,14720,6.074727059567618e-69,0,,182,100
1393,13930,14730,4.210751832476155e-70,0,,181,100
1394,13940,14740,4.524762688719258e-70,0,,181,100
1395,13950,14750,1.5957321784144795e-75,0,,181,100
1396,13960,14760,2.452339150116316e-75,0,,182,100
1397,13970,14770,1.8007677970054403e-72,0,,179,100
1398,13980,14780,1.1063131153000846e-76,0,,179,100
1399,13990,14790,1.8303075898354507e-77,0,,181,100
1400,14000,14800,3.370521651501472e-76,0,,182,100
1401,14010,14810,3.558415107510954e-80,0,,182,100
1402,14020,14820,2.1428438800585793e-75,0,,183,100
1403,14030,14830,9.505865694599395e-78,0,,183,100
1404,14040,14840,8.902812672311062e-75,0,,184,100
1405,14050,14850,9.372845215793381e-74,0,,184,100
1406,14060,14860,9.872832062880048e-73,0,,183,100
1407,14070,14870,6.106951936229904e-74,0,,184,100
1408,14080,14880,2.711314583781438e-76,0,,186,100
1409,14090,14890,2.9044523104683165e-79,0,,186,100
1410,14100,14900,2.169655787077087e-74,0,,188,100
1411,14110,14910,6.19279843571471e-80,0,,189,100
1412,14120,14920,9.885866715086877e-79,0,,190,100
1413,14130,14930,1.1764929285296252e-72,0,,189,100
1414,14140,14940,1.0949004493746995e-77,0,,189,100
1415,14150,14950,1.3918295378119838e-79,0,,190,100
1416,14160,14960,6.139299640022486e-77,0,,193,100
1417,14170,14970,6.622563028640555e-76,0,,194,100
1418,14180,14980,3.436911659008321e-73,0,,195,100
1419,14190,14990,6.856481161678946e-76,0,,195,100
1420,14200,15000,9.35185071154262e-72,0,,196,100
1421,14210,15010,1.4963704909139812e-66,0,,194,100
1422,14220,15020,4.161702504837948e-66,0,,195,100
1423,14230,15030,1.7574561687776755e-68,0,,196,100
1424,14240,15040,3.890664911829349e-69,0,,195,100
1425,14250,15050,5.0143227494522586e-67,0,,194,100
1426,14260,15060,1.3748958121452027e-69,0,,195,100
1427,14270,15070,1.0963778223007885e-70,0,,195,100
1428,14280,15080,6.866588721121952e-75,0,,194,100
1429,14290,15090,1.5146184306341935e-73,0,,195,100
1430,14300,15100,4.007280122449612e-69,0,,193,100
1431,14310,15110,1.1611412568101693e-71,0,,193,100
1432,14320,15120,4.408829973974672e-74,0,,195,100
1433,14330,15130,1.4108161473770223e-72,0,,197,100
1434,14340,15140,4.403575619322088e-72,0,,198,100
1435,14350,15150,2.0448371578212625e-75,0,,198,100
1436,14360,15160,2.3235742223184986e-78,0,,196,100
1437,14370,15170,3.2490272115888824e-77,0,,196,100
1438,14380,15180,6.137254571002811e-79,0,,199,100
1439,14390,15190,9.445298300455056e-73,0,,199,100
1440,14400,15200,1.2391446790546475e-73,0,,199,100
1441,14410,15210,1.097796730720264e-73,0,,199,100
1442,14420,15220,1.4437848482034602e-77,0,,199,100
1443,14430,15230,5.5573324483600826e-83,0,,198,100
1444,14440,15240,4.988807229121665e-84,0,,198,100
1445,14450,15250,1.4740570255981953e-79,0,,196,100
1446,14460,15260,8.801041506826736e-72,0,,197,100
1447,14470,15270,9.061517306811137e-72,0,,198,100
1448,14480,15280,1.4059835177753484e-70,0,,198,100
1449,14490,15290,3.408814700267335e-66,0,,196,100
1450,14500,15300,1.1403131481048184e-63,0,,199,100
1451,14510,15310,1.1380985027806557e-65,0,,198,100
1452,14520,15320,2.2485992907128615e-63,0,,200,100
1453,14530,15330,7.724503319329132e-61,0,,201,100
1454,14540,15340,5.817211785989507e-65,0,,198,100
1455,14550,15350,2.9569110643181368e-62,0,,198,100
1456,14560,15360,1.6609112707702263e-58,0,,198,100
1457,14570,15370,3.087821366988819e-54,0,,196,100
1458,14580,15380,1.0194989957152456e-54,0,,195,100
1459,14590,15390,3.0741210104745765e-56,0,,193,100
1460,14600,15400,3.7657990182399664e-57,0,,196,100
1461,14610,15410,2.2662539505314702e-57,0,,197,100
1462,14620,15420,1.0430984306651708e-56,0,,197,100
1463,14630,15430,1.723991833101434e-54,0,,195,100
1464,14640,15440,1.2954292151970867e-59,0,,196,100
1465,14650,15450,2.3543196072145464e-63,0,,193,100
1466,14660,15460,8.520618816908564e-62,0,,195,100
1467,14670,15470,7.400717243254916e-69,0,,195,100
1468,14680,15480,5.3307465549559605e-65,0,,198,100
1469,14690,15490,3.7632265903742225e-72,0,,198,100
1470,14700,15500,3.3824099259616036e-75,0,,198,100
1471,14710,15510,7.345577402392789e-80,0,,197,100
1472,14720,15520,4.907960515396488e-78,0,,198,100
1473,14730,15530,3.753226450131702e-79,0,,198,100
1474,14740,15540,7.594634099589519e-78,0,,198,100
1475,14750,15550,9.807326826924663e-77,0,,197,100
1476,14760,15560,7.401026640304922e-77,0,,197,100
1477,14770,15570,2.519229889533735e-81,0,,198,100
1478,14780,15580,1.374854561833254e-82,0,,198,100
1479,14790,15590,9.843271386640873e-79,0,,198,100
1480,14800,15600,1.6816435913746398e-81,0,,197,100
1481,14810,15610,4.499729646858027e-84,0,,197,100
1482,14820,15620,2.3456444333137618e-82,0,,197,100
1483,14830,15630,4.981499549343064e-85,0,,196,100
1484,14840,15640,4.8396312304332e-84,0,,197,100
1485,14850,15650,3.538977235406704e-82,0,,200,100
1486,14860,15660,1.2984751667424765e-79,0,,203,100
1487,14870,15670,3.1649191478184917e-75,0,,201,100
1488,14880,15680,1.017343054262566e-76,0,,200,100
1489,14890,15690,4.433680774761889e-75,0,,200,100
1490,14900,15700,9.398379200154314e-74,0,,200,100
1491,14910,15710,4.398404253657145e-67,0,,201,100
1492,14920,15720,1.8964674910607823e-64,0,,199,100
1493,14930,15730,2.5598882365275723e-64,0,,200,100
1494,14940,15740,2.6895012754976136e-62,0,,197,100
1495,14950,15750,3.4222897755082433e-65,0,,196,100
1496,14960,15760,2.821593078268856e-62,0,,192,100
1497,14970,15770,2.3484872777927468e-63,0,,193,100
1498,14980,15780,3.093225837668511e-67,0,,194,100
1499,14990,15790,7.344180179292325e-70,0,,193,100
1500,15000,15800,2.7471665779314385e-63,0,,192,100
1501,15010,15810,1.9174032259534044e-65,0,,192,100
1502,15020,15820,6.5489104736761956e-59,0,,191,100
1503,15030,15830,3.739155624263104e-58,0,,192,100
1504,15040,15840,3.75386774629602e-54,0,,191,100
1505,15050,15850,4.688603313725808e-53,0,,195,100
1506,15060,15860,2.6118302918798425e-55,0,,195,100
1507,15070,15870,3.7803374513801447e-54,0,,194,100
1508,15080,15880,7.528177518704203e-52,0,,192,100
1509,15090,15890,4.1355229633108816e-52,0,,192,100
1510,15100,15900,4.259795047893793e-52,0,,195,100
1511,15110,15910,9.468518735702051e-57,0,,196,100
1512,15120,15920,3.079897788040534e-53,0,,195,100
1513,15130,15930,1.1402415236271895e-58,0,,193,100
1514,15140,15940,4.145738679255895e-56,0,,191,100
1515,15150,15950,1.7967760127304473e-54,0,,191,100
1516,15160,15960,3.364429873568665e-57,0,,190,100
1517,15170,15970,4.2019138123873896e-58,0,,191,100
1518,15180,15980,5.407652539814599e-57,0,,188,100
1519,15190,15990,9.55642603468688e-56,0,,189,100
1520,15200,16000,2.6838269544014623e-55,0,,190,100
1521,15210,16010,3.3931467543044985e-51,0,,191,100
1522,15220,16020,2.7708050048880016e-56,0,,191,100
1523,15230,16030,7.876011188853951e-57,0,,191,100
1524,15240,16040,1.0027186373580327e-54,0,,191,100
1525,15250,16050,1.683038423922329e-55,0,,192,100
1526,15260,16060,7.822117178951568e-56,0,,191,100
1527,15270,16070,3.334786275702023e-56,0,,192,100
1528,15280,16080,1.459373539744691e-61,0,,193,100
1529,15290,16090,1.3291912361762883e-63,0,,193,100
1530,15300,16100,1.747322131314751e-64,0,,191,100
1531,15310,16110,6.481334153264233e-63,0,,189,100
1532,15320,16120,2.0879751278993067e-59,0,,191,100
1533,15330,16130,9.260682414110053e-56,0,,192,100
1534,15340,16140,1.8447677204126416e-55,0,,194,100
1535,15350,16150,2.258086633966492e-56,0,,194,100
1536,15360,16160,9.121888239242515e-58,0,,195,100
1537,15370,16170,3.077335204701586e-59,0,,192,100
1538,15380,16180,5.06743338063344e-60,0,,192,100
1539,15390,16190,1.5859006443727578e-59,0,,194,100
1540,15400,16200,2.3596043606374473e-64,0,,192,100
1541,15410,16210,1.536148481319095e-64,0,,189,100
1542,15420,16220,1.8025482445936484e-61,0,,190,100
1543,15430,16230,3.496834092329981e-59,0,,190,100
1544,15440,16240,1.76166087067069e-64,0,,191,100
1545,15450,16250,2.421723616289032e-67,0,,189,100
1546,15460,16260,8.195787433524701e-70,0,,189,100
1547,15470,16270,1.2021521510317469e-64,0,,189,100
1548,15480,16280,2.783263982482227e-61,0,,188,100
1549,15490,16290,1.2705801486949869e-61,0,,186,100
1550,15500,16300,5.036177460813369e-61,0,,188,100
1551,15510,16310,1.28199657325323e-62,0,,189,100
1552,15520,16320,3.3367526250782925e-61,0,,187,100
1553,15530,16330,1.933259070341295e-60,0,,187,100
1554,15540,16340,1.37263820740784e-58,0,,188,100
1555,15550,16350,5.022690169916654e-63,0,,193,100
1556,15560,16360,2.9068258781305547e-64,0,,191,100
1557,15570,16370,1.5430593228237363e-59,0,,192,100
1558,15580,16380,1.4812247799266958e-60,0,,193,100
1559,15590,16390,1.5199758697768958e-56,0,,192,100
1560,15600,16400,1.5104928383537944e-58,0,,194,100
1561,15610,16410,1.1200537634826963e-53,0,,194,100
1562,15620,16420,5.952486218109493e-55,0,,192,100
1563,15630,16430,5.2441823466824805e-51,0,,191,100
1564,15640,16440,6.6766818630001664e-52,0,,192,100
1565,15650,16450,7.4223859817653025e-56,0,,188,100
1566,15660,16460,5.4917037794261e-50,0,,188,100
1567,15670,16470,2.5022636709601515e-53,0,,189,100
1568,15680,16480,4.8059816812074897e-54,0,,192,100
1569,15690,16490,1.3680968250228878e-55,0,,191,100
1570,15700,16500,3.051276521003188e-53,0,,191,100
1571,15710,16510,3.931972432640873e-56,0,,193,100
1572,15720,16520,4.615958144104269e-59,0,,195,100
1573,15730,16530,3.8279841269328934e-59,0,,196,100
1574,15740,16540,3.602266197445819e-54,0,,196,100
1575,15750,16550,9.715324404145176e-62,0,,196,100
1576,15760,16560,5.178439635558009e-63,0,,195,100
1577,15770,16570,2.9469542681636366e-62,0,,195,100
1578,15780,16580,3.0608266248774555e-64,0,,195,100
1579,15790,16590,2.795032377305771e-64,0,,195,100
1580,15800,16600,5.639802376289043e-65,0,,195,100
1581,15810,16610,3.361356475943224e-63,0,,197,100
1582,15820,16620,3.0030652116365485e-65,0,,198,100
1583,15830,16630,1.2361453113911537e-61,0,,198,100
1584,15840,16640,2.683398429443202e-65,0,,197,100
1585,15850,16650,3.124918341817573e-66,0,,195,100
1586,15860,16660,5.648775465074305e-68,0,,197,100
1587,15870,16670,3.3726949220915266e-67,0,,197,100
1588,15880,16680,4.452518309674152e-65,0,,199,100
1589,15890,16690,1.2506265695765888e-61,0,,201,100
1590,15900,16700,7.726537698711372e-61,0,,198,100
1591,15910,16710,2.996049208309278e-60,0,,198,100
1592,15920,16720,1.1237491278128187e-58,0,,199,100
1593,15930,16730,2.137307967855052e-61,0,,202,100
1594,15940,16740,4.100694665885515e-56,0,,202,100
1595,15950,16750,3.658700268711324e-63,0,,202,100
1596,15960,16760,4.123291883806354e-60,0,,202,100
1597,15970,16770,1.3831408464320514e-53,0,,203,100
1598,15980,16780,2.1417505251220027e-54,0,,202,100
1599,15990,16790,1.2956268338578855e-57,0,,203,100
1600,16000,16800,7.933003949925831e-60,0,,202,100
1601,16010,16810,1.1861074442667474e-59,0,,200,100
1602,16020,16820,8.942649592023086e-60,0,,203,100
1603,16030,16830,9.107821222807739e-62,0,,202,100
1604,16040,16840,1.069708255638929e-59,0,,201,100
1605,16050,16850,6.535330819136305e-59,0,,201,100
1606,16060,16860,8.391339008503166e-62,0,,202,100
1607,16070,16870,4.763581661385486e-62,0,,202,100
1608,16080,16880,1.312208729130448e-63,0,,201,100
1609,16090,16890,5.86139423334597e-62,0,,200,100
1610,16100,16900,1.2656151853611197e-62,0,,202,100
1611,16110,16910,3.622671010477329e-60,0,,203,100
1612,16120,16920,5.2056808578493794e-64,0,,200,100
1613,16130,16930,7.922068514890847e-64,0,,199,100
1614,16140,16940,9.130016550250797e-65,0,,202,100
1615,16150,16950,3.737692184743668e-59,0,,201,100
1616,16160,16960,1.0252118508167848e-57,0,,202,100
1617,16170,16970,3.87614584267207e-58,0,,204,100
1618,16180,16980,5.430376294167344e-59,0,,203,100
1619,16190,16990,1.1738841842653677e-60,0,,202,100
1620,16200,17000,1.0238631109862109e-55,0,,203,100
1621,16210,17010,2.970522271050259e-55,0,,204,100
1622,16220,17020,6.673818156656619e-56,0,,203,100
1623,16230,17030,3.4788810071172275e-51,0,,202,100
1624,16240,17040,3.118723887048572e-54,0,,203,100
1625,16250,17050,3.1620057795256135e-54,0,,203,100
1626,16260,17060,5.1726798648411395e-53,0,,203,100
1627,16270,17070,1.4154347509707603e-54,0,,203,100
1628,16280,17080,6.139364443487198e-52,0,,204,100
1629,16290,17090,1.5839882491698945e-48,0,,204,100
1630,16300,17100,4.426250435052076e-50,0,,206,100
1631,16310,17110,4.400694593724182e-50,0,,207,100
1632,16320,17120,3.888076314539255e-51,0,,206,100
1633,16330,17130,8.863402419842638e-53,0,,207,100
1634,16340,17140,3.066805795824051e-53,0,,209,100
1635,16350,17150,2.1381020234276202e-54,0,,204,100
1636,16360,17160,1.4203797975272806e-56,0,,203,100
1637,16370,17170,6.7017863150535325e-56,0,,204,100
1638,16380,17180,4.105665620326233e-56,0,,203,100
1639,16390,17190,3.0356463479653497e-57,0,,202,100
1640,16400,17200,1.1954799257889725e-54,0,,200,100
1641,16410,17210,1.0342890693076074e-58,0,,206,100
1642,16420,17220,8.979124649846089e-57,0,,207,100
1643,16430,17230,7.273429617892314e-58,0,,208,100
1644,16440,17240,1.89923625810846e-54,0,,208,100
1645,16450,17250,2.0873509300426197e-54,0,,209,100
1646,16460,17260,6.09164518601071e-52,0,,208,100
1647,16470,17270,1.39595491862977e-54,0,,206,100
1648,16480,17280,2.443529553537933e-58,0,,204,100
1649,16490,17290,2.0323810608483884e-62,0,,205,100
1650,16500,17300,4.584782558705229e-57,0,,202,100
1651,16510,17310,1.3187013165170425e-61,0,,202,100
1652,16520,17320,2.3435957656526013e-52,0,,201,100
1653,16530,17330,1.0912519756987603e-53,0,,201,100
1654,16540,17340,1.0303032418588483e-57,0,,202,100
1655,16550,17350,4.064925479510088e-55,0,,200,100
1656,16560,17360,6.982799575934833e-56,0,,202,100
1657,16570,17370,3.501557263476124e-59,0,,203,100
1658,16580,17380,5.714061050720726e-58,0,,204,100
1659,16590,17390,1.7983526496281587e-58,0,,206,100
1660,16600,17400,9.518432593207567e-62,0,,205,100
1661,16610,17410,7.581237709795837e-60,0,,203,100
1662,16620,17420,9.280900504156757e-60,0,,203,100
1663,16630,17430,9.182049797796881e-63,0,,203,100
1664,16640,17440,2.353803748944032e-64,0,,205,100
1665,16650,17450,8.158431879831628e-67,0,,204,100
1666,16660,17460,1.5409390387362875e-64,0,,203,100
1667,16670,17470,2.554458683633975e-66,0,,205,100
1668,16680,17480,2.671970308681033e-66,0,,202,100
1669,16690,17490,2.0426510857890127e-59,0,,200,100
1670,16700,17500,2.5016791525393523e-61,0,,199,100
1671,16710,17510,1.8262081315929333e-65,0,,201,100
1672,16720,17520,1.938827915559023e-64,0,,202,100
1673,16730,17530,2.2284443973147466e-58,0,,202,100
1674,16740,17540,1.430604574319113e-60,0,,202,100
1675,16750,17550,1.384618269021424e-57,0,,202,100
1676,16760,17560,1.3373953731952583e-57,0,,202,100
1677,16770,17570,3.0278832028820015e-59,0,,202,100
1678,16780,17580,2.9029208676370886e-60,0,,200,100
1679,16790,17590,3.877859648491037e-57,0,,201,100
1680,16800,17600,1.6995555473979097e-54,0,,205,100
1681,16810,17610,5.449655752688409e-51,0,,203,100
1682,16820,17620,2.4041690484879356e-49,0,,203,100
1683,16830,17630,7.18976379250438e-51,0,,203,100
1684,16840,17640,7.83605776476892e-47,0,,204,100
1685,16850,17650,5.889154010212665e-47,0,,203,100
1686,16860,17660,1.005065694296156e-49,0,,204,100
1687,16870,17670,2.962449558726982e-48,0,,205,100
1688,16880,17680,4.98644432417891e-47,0,,203,100
1689,16890,17690,1.9615444833158755e-48,0,,204,100
1690,16900,17700,5.924687828455334e-50,0,,203,100
1691,16910,17710,2.2727792967623872e-48,0,,204,100
1692,16920,17720,8.097552213121771e-49,0,,202,100
1693,16930,17730,7.3083542891686215e-50,0,,202,100
1694,16940,17740,4.4395431679788955e-51,0,,199,100
1695,16950,17750,1.8072871925061696e-53,0,,200,100
1696,16960,17760,6.447176655550929e-57,0,,202,100
1697,16970,17770,6.4430787246252465e-55,0,,200,100
1698,16980,17780,4.652043154218178e-58,0,,201,100
1699,16990,17790,2.8191959637690416e-52,0,,201,100
1700,17000,17800,3.577317662694543e-52,0,,199,100
1701,17010,17810,1.7651807800427704e-54,0,,201,100
1702,17020,17820,1.4313268157019302e-58,0,,200,100
1703,17030,17830,2.236294695206589e-57,0,,200,100
1704,17040,17840,8.217159185154961e-54,0,,203,100
1705,17050,17850,1.345757063320525e-52,0,,204,100
1706,17060,17860,8.550925311213493e-56,0,,202,100
1707,17070,17870,4.002001110519207e-51,0,,202,100
1708,17080,17880,1.3582669519190817e-51,0,,201,100
1709,17090,17890,9.848441564604422e-49,0,,200,100
1710,17100,17900,3.4580115844917226e-52,0,,197,100
1711,17110,17910,7.646586834035483e-54,0,,198,100
1712,17120,17920,7.89239751419978e-52,0,,198,100
1713,17130,17930,2.7047283907629675e-52,0,,196,100
1714,17140,17940,7.066643625016561e-51,0,,195,100
1715,17150,17950,5.292429611301726e-47,0,,194,100
1716,17160,17960,2.9574762679002856e-50,0,,195,100
1717,17170,17970,5.5192204207080235e-55,0,,195,100
1718,17180,17980,3.4053592252065266e-50,0,,196,100
1719,17190,17990,7.942214059635123e-52,0,,197,100
1720,17200,18000,1.1545588295590523e-51,0,,197,100
1721,17210,18010,8.327773235818143e-47,0,,193,100
1722,17220,18020,1.201590263152986e-46,0,,193,100
1723,17230,18030,5.726688770836086e-49,0,,191,100
1724,17240,18040,1.644716415621943e-50,0,,195,100
1725,17250,18050,1.0381765757733685e-52,0,,194,100
1726,17260,18060,1.755353919315901e-55,0,,195,100
1727,17270,18070,1.2411254580466563e-57,0,,195,100
1728,17280,18080,2.703482553229298e-58,0,,195,100
1729,17290,18090,1.464256736089975e-57,0,,196,100
1730,17300,18100,1.7869542667261718e-56,0,,194,100
1731,17310,18110,4.5959939652140716e-54,0,,192,100
1732,17320,18120,1.8871843723524023e-60,0,,191,100
1733,17330,18130,1.1683891350080331e-58,0,,190,100
1734,17340,18140,1.4893796597355979e-59,0,,189,100
1735,17350,18150,1.5540847439039975e-61,0,,189,100
1736,17360,18160,2.348106759674114e-56,0,,189,100
1737,17370,18170,1.863016070908299e-57,0,,188,100
1738,17380,18180,1.4296722644189794e-54,0,,192,100
1739,17390,18190,9.539854137793158e-60,0,,190,100
1740,17400,18200,4.142287302526829e-60,0,,192,100
1741,17410,18210,3.3842208967256474e-60,0,,194,100
1742,17420,18220,8.575905412528943e-64,0,,194,100
1743,17430,18230,3.04145975884842e-64,0,,191,100
1744,17440,18240,1.0163984559770391e-58,0,,191,100
1745,17450,18250,4.725931839879304e-52,0,,190,100
1746,17460,18260,4.482341727301284e-56,0,,190,100
1747,17470,18270,5.427050485263814e-54,0,,189,100
1748,17480,18280,2.0718378587394313e-52,0,,189,100
1749,17490,18290,3.3704681714496957e-49,0,,189,100
1750,17500,18300,1.4981000385350014e-52,0,,190,100
1751,17510,18310,1.5306243184917546e-61,0,,188,100
1752,17520,18320,4.4319808583940043e-66,0,,185,100
1753,17530,18330,1.2034670497495281e-57,0,,185,100
1754,17540,18340,4.551621060725791e-57,0,,185,100
1755,17550,18350,6.554876994886092e-54,0,,186,100
1756,17560,18360,7.58528514218341e-55,0,,185,100
1757,17570,18370,5.1840839071619905e-54,0,,185,100
1758,17580,18380,4.3909044370458105e-54,0,,185,100
1759,17590,18390,1.5174007766757157e-50,0,,186,100
1760,17600,18400,4.4475709011054936e-52,0,,182,100
1761,17610,18410,2.3617583494423976e-53,0,,183,100
1762,17620,18420,3.340326882945537e-57,0,,182,100
1763,17630,18430,5.852392550824907e-56,0,,182,100
1764,17640,18440,3.0119924307109773e-62,0,,181,100
1765,17650,18450,2.4579515815105293e-56,0,,185,100
1766,17660,18460,2.045876669880044e-59,0,,185,100
1767,17670,18470,1.797891073558881e-62,0,,185,100
1768,17680,18480,6.905788118220271e-64,0,,185,100
1769,17690,18490,2.4116963513019244e-60,0,,183,100
1770,17700,18500,1.7886096485180804e-56,0,,182,100
1771,17710,18510,1.5542830898552732e-58,0,,183,100
1772,17720,18520,9.517524616832723e-57,0,,182,100
1773,17730,18530,7.007843329798054e-53,0,,182,100
1774,17740,18540,8.010592809201984e-52,0,,182,100
1775,17750,18550,9.951032992744615e-54,0,,181,100
1776,17760,18560,1.2509869838053817e-58,0,,180,100
1777,17770,18570,1.1544510178806683e-60,0,,182,100
1778,17780,18580,6.487690279587469e-58,0,,180,100
1779,17790,18590,2.3496831395365827e-58,0,,181,100
1780,17800,18600,1.4375211317971568e-58,0,,182,100
1781,17810,18610,6.076831677150903e-59,0,,180,100
1782,17820,18620,1.4647017400062767e-63,0,,180,100
1783,17830,18630,8.038475353284593e-60,0,,179,100
1784,17840,18640,5.435161663286574e-60,0,,177,100
1785,17850,18650,4.139628133757294e-53,0,,177,100
1786,17860,18660,4.3483206087230206e-54,0,,178,100
1787,17870,18670,1.0738064276716441e-51,0,,178,100
1788,17880,18680,3.163707521062524e-49,0,,177,100
1789,17890,18690,1.082748205994703e-50,0,,177,100
1790,17900,18700,6.077404619578182e-46,0,,179,100
1791,17910,18710,1.4644160816988252e-47,0,,178,100
1792,17920,18720,6.686995011507853e-47,0,,180,100
1793,17930,18730,1.2375871593402577e-46,0,,180,100
1794,17940,18740,4.203814589037341e-46,0,,180,100
1795,17950,18750,3.214871069858383e-46,0,,185,100
1796,17960,18760,3.696077628833155e-50,0,,186,100
1797,17970,18770,1.4787618913916958e-50,0,,187,100
1798,17980,18780,1.054490043986063e-51,0,,187,100
1799,17990,18790,3.978103255327723e-51,0,,188,100
1800,18000,18800,3.755853085661842e-53,0,,186,100
1801,18010,18810,3.2745957953220256e-50,0,,186,100
1802,18020,18820,1.6934019341587924e-46,0,,185,100
1803,18030,18830,1.7971385476876883e-45,0,,186,100
1804,18040,18840,7.21761788669375e-46,0,,181,100
1805,18050,18850,4.571010541320096e-49,0,,182,100
1806,18060,18860,1.0907642310666895e-53,0,,182,100
1807,18070,18870,1.6448904877239941e-52,0,,183,100
1808,18080,18880,3.1563686698920273e-52,0,,184,100
1809,18090,18890,6.109334064946922e-51,0,,186,100
1810,18100,18900,3.9145208519163566e-52,0,,187,100
1811,18110,18910,2.2519461378841803e-53,0,,187,100
1812,18120,18920,2.0116448871170486e-52,0,,190,100
1813,18130,18930,6.574616640760384e-53,0,,190,100
1814,18140,18940,4.52963416912951e-57,0,,189,100
1815,18150,18950,2.9437451131837264e-53,0,,188,100
1816,18160,18960,1.640758332256825e-56,0,,188,100
1817,18170,18970,1.1702311625251762e-59,0,,187,100
1818,18180,18980,8.112139135044114e-60,0,,185,100
1819,18190,18990,3.082591362156467e-57,0,,185,100
1820,18200,19000,1.2672647354527437e-56,0,,186,100
1821,18210,19010,9.741680063792726e-57,0,,185,100
1822,18220,19020,1.9180537271027307e-57,0,,185,100
1823,18230,19030,2.1449340823458925e-58,0,,184,100
1824,18240,19040,1.6292157513771925e-58,0,,186,100
1825,18250,19050,9.999465749061424e-59,0,,184,100
1826,18260,19060,2.1453235535713986e-57,0,,182,100
1827,18270,19070,7.582429986890682e-58,0,,183,100
1828,18280,19080,2.2579025919490505e-54,0,,181,100
1829,18290,19090,1.0253077825145266e-54,0,,180,100
1830,18300,19100,7.017893556309026e-50,0,,180,100
1831,18310,19110,4.386523936298874e-53,0,,183,100
1832,18320,19120,6.706202154114448e-56,0,,185,100
1833,18330,19130,2.0962362802566384e-53,0,,182,100
1834,18340,19140,1.6643042863952648e-51,0,,184,100
1835,18350,19150,1.1959180569844743e-50,0,,184,100
1836,18360,19160,5.097137592486205e-49,0,,185,100
1837,18370,19170,1.0591744866508536e-52,0,,186,100
1838,18380,19180,2.7895285828200193e-50,0,,186,100
1839,18390,19190,6.58096716761499e-54,0,,184,100
1840,18400,19200,6.187900713920016e-59,0,,183,100
1841,18410,19210,2.270343982843754e-56,0,,184,100
1842,18420,19220,1.5446465352397593e-56,0,,185,100
1843,18430,19230,4.591751337890306e-58,0,,185,100
1844,18440,19240,3.638960196605098e-53,0,,186,100
1845,18450,19250,5.405873597137179e-63,0,,181,100
1846,18460,19260,4.1592533330329754e-60,0,,182,100
1847,18470,19270,1.3557552380749636e-58,0,,183,100
1848,18480,19280,1.5106091248584389e-64,0,,184,100
1849,18490,19290,4.754734259775088e-64,0,,184,100
1850,18500,19300,4.088802887903985e-62,0,,184,100
1851,18510,19310,3.8019832159867136e-64,0,,185,100
1852,18520,19320,1.0565785262615936e-63,0,,183,100
1853,18530,19330,3.279239842738067e-65,0,,184,100
1854,18540,19340,1.2519272955149447e-62,0,,187,100
1855,18550,19350,3.6795691689750493e-59,0,,190,100
1856,18560,19360,1.0017249399584717e-63,0,,188,100
1857,18570,19370,7.477173157491832e-64,0,,191,100
1858,18580,19380,7.138700029807955e-64,0,,192,100
1859,18590,19390,1.1255810407112425e-62,0,,191,100
1860,18600,19400,6.893509142860614e-62,0,,192,100
1861,18610,19410,9.542963164426541e-62,0,,192,100
1862,18620,19420,9.02264737904765e-58,0,,193,100
1863,18630,19430,1.2198657759073427e-57,0,,193,100
1864,18640,19440,2.3162838272285204e-61,0,,192,100
1865,18650,19450,5.004581219086799e-66,0,,191,100
1866,18660,19460,2.862663303896024e-67,0,,193,100
1867,18670,19470,3.10737256274764e-67,0,,192,100
1868,18680,19480,7.426163954149874e-63,0,,193,100
1869,18690,19490,8.931157528676789e-64,0,,193,100
1870,18700,19500,8.26282199040803e-61,0,,192,100
1871,18710,19510,5.869690686717639e-63,0,,192,100
1872,18720,19520,1.3127287133545066e-62,0,,193,100
1873,18730,19530,2.189788986896364e-65,0,,192,100
1874,18740,19540,6.879989643588957e-64,0,,191,100
1875,18750,19550,9.796165776546768e-65,0,,188,100
1876,18760,19560,5.0186407173178486e-67,0,,188,100
1877,18770,19570,8.894838615230424e-63,0,,187,100
1878,18780,19580,1.4210700473609393e-60,0,,187,100
1879,18790,19590,2.155229887880452e-64,0,,189,100
1880,18800,19600,1.1617673852574244e-68,0,,188,100
1881,18810,19610,3.6627675616770427e-65,0,,188,100
1882,18820,19620,1.934721571214776e-65,0,,190,100
1883,18830,19630,9.727509260341387e-74,0,,191,100
1884,18840,19640,1.3489844332061893e-65,0,,189,100
1885,18850,19650,1.5882092094504382e-62,0,,188,100
1886,18860,19660,3.371519860729946e-67,0,,192,100
1887,18870,19670,1.6404140112996547e-66,0,,190,100
1888,18880,19680,2.3309793026043186e-64,0,,190,100
1889,18890,19690,1.2474256197875698e-61,0,,187,100
1890,18900,19700,3.687380169297971e-55,0,,188,100
1891,18910,19710,1.0602585600064234e-52,0,,188,100
1892,18920,19720,3.323464265556538e-50,0,,187,100
1893,18930,19730,4.505736812495379e-52,0,,187,100
1894,18940,19740,7.052795824954776e-53,0,,187,100
1895,18950,19750,1.4053426923809287e-50,0,,188,100
1896,18960,19760,1.2213837468841362e-50,0,,187,100
1897,18970,19770,5.814125248761546e-51,0,,187,100
1898,18980,19780,1.3661394908845024e-51,0,,188,100
1899,18990,19790,1.8086258043318062e-48,0,,186,100
1900,19000,19800,9.553851518219e-52,0,,184,100
1901,19010,19810,5.430814933543258e-51,0,,188,100
1902,19020,19820,1.2870074233827316e-50,0,,187,100
1903,19030,19830,1.4459562673256028e-50,0,,187,100
1904,19040,19840,3.7385305213214914e-50,0,,189,100
1905,19050,19850,7.552646646500226e-49,0,,191,100
1906,19060,19860,2.6322900175738696e-47,0,,191,100
1907,19070,19870,1.2046160526901834e-47,0,,192,100
1908,19080,19880,5.1870595142948177e-48,0,,193,100
1909,19090,19890,1.8348499855923974e-47,0,,192,100
1910,19100,19900,1.0804675107685167e-44,0,,193,100
1911,19110,19910,4.462155490041825e-45,0,,192,100
1912,19120,19920,8.551093375037225e-50,0,,190,100
1913,19130,19930,2.119618263564712e-48,0,,190,100
1914,19140,19940,6.649194315588266e-48,0,,189,100
1915,19150,19950,4.5214697241688995e-46,0,,189,100
1916,19160,19960,5.063870091502693e-48,0,,188,100
1917,19170,19970,4.188444582315299e-49,0,,188,100
1918,19180,19980,3.5259026842190166e-49,0,,189,100
1919,19190,19990,5.4615159961071665e-49,0,,191,100
1920,19200,20000,2.4694503268792874e-49,0,,191,100
1921,19210,20010,5.377038989312093e-47,0,,190,100
1922,19220,20020,9.612065666058648e-47,0,,190,100
1923,19230,20030,5.799887052492957e-51,0,,191,100
1924,19240,20040,1.0679660471268967e-49,0,,191,100
1925,19250,20050,7.124313436563766e-49,0,,192,100
1926,19260,20060,4.257616764059771e-53,0,,193,100
1927,19270,20070,1.0102021144209643e-52,0,,194,100
1928,19280,20080,2.441620576810112e-57,0,,194,100
1929,19290,20090,2.3268651843095413e-59,0,,194,100
1930,19300,20100,1.2181622422002398e-58,0,,194,100
1931,19310,20110,1.1960566119729922e-61,0,,194,100
1932,19320,20120,1.8129222214422012e-65,0,,196,100
1933,19330,20130,7.900282313773065e-65,0,,194,100
1934,19340,20140,8.723124698711723e-70,0,,190,100
1935,19350,20150,7.236913268377082e-66,0,,191,100
1936,19360,20160,2.349149998807674e-72,0,,191,100
1937,19370,20170,1.5448081037100128e-75,0,,192,100
1938,19380,20180,3.6090238915846535e-73,0,,193,100
1939,19390,20190,1.513251327954654e-73,0,,193,100
1940,19400,20200,1.6748086998563797e-74,0,,191,100
1941,19410,20210,7.692495956455915e-72,0,,191,100
1942,19420,20220,4.174633785496063e-67,0,,191,100
1943,19430,20230,1.051249018776484e-68,0,,192,100
1944,19440,20240,4.894851649024124e-67,0,,192,100
1945,19450,20250,9.817621639534181e-74,0,,190,100
1946,19460,20260,1.914636221923896e-71,0,,191,100
1947,19470,20270,1.8711620097586677e-71,0,,191,100
1948,19480,20280,1.557502606656827e-72,0,,191,100
1949,19490,20290,7.746616877325563e-78,0,,190,100
1950,19500,20300,1.662895786681887e-75,0,,192,100
1951,19510,20310,2.77048070707484e-76,0,,193,100
1952,19520,20320,7.257459888784672e-72,0,,193,100
1953,19530,20330,5.644480412997829e-72,0,,194,100
1954,19540,20340,2.8945450546939645e-73,0,,194,100
1955,19550,20350,8.692877553132e-73,0,,195,100
1956,19560,20360,1.432094569906132e-72,0,,193,100
1957,19570,20370,9.8104608874205e-67,0,,194,100
1958,19580,20380,3.23416140116963e-69,0,,194,100
1959,19590,20390,1.9393361601987642e-67,0,,196,100
1960,19600,20400,1.3756018324669206e-68,0,,196,100
1961,19610,20410,4.033844116680899e-66,0,,196,100
1962,19620,20420,8.594528232338541e-67,0,,195,100
1963,19630,20430,2.2413062361032892e-73,0,,194,100
1964,19640,20440,2.0391395564109702e-69,0,,195,100
1965,19650,20450,5.320759925675006e-68,0,,195,100
1966,19660,20460,5.228510154364995e-67,0,,192,100
1967,19670,20470,4.044460795309465e-60,0,,193,100
1968,19680,20480,8.624396471652171e-60,0,,194,100
1969,19690,20490,9.521908749820543e-53,0,,193,100
1970,19700,20500,9.804401341069846e-50,0,,193,100
1971,19710,20510,1.8886629856728845e-52,0,,194,100
1972,19720,20520,6.200510977475561e-50,0,,193,100
1973,19730,20530,3.7898337490088245e-51,0,,193,100
1974,19740,20540,1.959738495036328e-50,0,,193,100
1975,19750,20550,4.020191268998407e-49,0,,192,100
1976,19760,20560,4.525586351195729e-48,0,,192,100
1977,19770,20570,5.808709264740147e-46,0,,190,100
1978,19780,20580,3.5158996200445107e-45,0,,190,100
1979,19790,20590,2.2048364229692666e-47,0,,192,100
1980,19800,20600,6.603885689589888e-50,0,,193,100
1981,19810,20610,5.704338762189486e-50,0,,189,100
1982,19820,20620,1.456214782508112e-48,0,,189,100
1983,19830,20630,5.366004866362674e-51,0,,190,100
1984,19840,20640,1.0304926124793904e-49,0,,189,100
1985,19850,20650,1.0479950009586544e-49,0,,187,100
1986,19860,20660,1.1441378552559546e-52,0,,187,100
1987,19870,20670,5.8466757586564575e-59,0,,184,100
1988,19880,20680,2.72433831780925e-56,0,,184,100
1989,19890,20690,7.732473112560055e-59,0,,185,100
1990,19900,20700,3.669724469056566e-60,0,,185,100
1991,19910,20710,3.6866904293115304e-55,0,,186,100
1992,19920,20720,2.74468255441801e-58,0,,186,100
1993,19930,20730,1.4050925395579476e-58,0,,186,100
1994,19940,20740,2.820102509111701e-59,0,,187,100
1995,19950,20750,1.8692704064505303e-55,0,,185,100
1996,19960,20760,2.2110466479433014e-55,0,,185,100
1997,19970,20770,8.330905055805995e-58,0,,184,100
1998,19980,20780,1.0208181089466095e-59,0,,183,100
1999,19990,20790,2.1786855503999107e-57,0,,183,100
2000,20000,20800,3.9280039970282606e-58,0,,187,100
2001,20010,20810,2.6247831844235387e-58,0,,187,100
2002,20020,20820,1.3301333002016672e-58,0,,185,100
2003,20030,20830,3.171173748153167e-56,0,,184,100
2004,20040,20840,1.4429344382069983e-55,0,,182,100
2005,20050,20850,4.506791960795537e-54,0,,182,100
2006,20060,20860,2.0718539351048297e-50,0,,180,100
2007,20070,20870,1.5455340948214612e-52,0,,179,100
2008,20080,20880,3.081894168574239e-51,0,,178,100
2009,20090,20890,1.0633326174331272e-50,0,,178,100
2010,20100,20900,1.1980271106888089e-51,0,,178,100
2011,20110,20910,2.2738564743629397e-54,0,,177,100
2012,20120,20920,1.1118848268573561e-55,0,,178,100
2013,20130,20930,1.6878270222895598e-53,0,,179,100
2014,20140,20940,5.050372986511459e-56,0,,178,100
2015,20150,20950,2.7667779002255214e-56,0,,180,100
2016,20160,20960,4.513337414386638e-62,0,,177,100
2017,20170,20970,1.0416367114255259e-55,0,,177,100
2018,20180,20980,2.0723723422147026e-60,0,,175,100
2019,20190,20990,1.1367135718435639e-60,0,,174,100
2020,20200,21000,3.861078034244029e-61,0,,175,100
2021,20210,21010,1.674062350649589e-63,0,,176,100
2022,20220,21020,3.269593447782861e-62,0,,176,100
2023,20230,21030,2.4088027259619545e-65,0,,176,100
2024,20240,21040,1.1663927148933198e-65,0,,175,100
2025,20250,21050,1.0767469615413224e-68,0,,175,100
2026,20260,21060,8.192104265473105e-66,0,,175,100
2027,20270,21070,2.3824772379531074e-67,0,,176,100
2028,20280,21080,1.723517648269734e-66,0,,175,100
2029,20290,21090,1.6005298920223735e-65,0,,174,100
2030,20300,21100,7.614087461191134e-64,0,,175,100
2031,20310,21110,6.177317834691506e-64,0,,173,100
2032,20320,21120,8.351225633309656e-59,0,,172,100
2033,20330,21130,5.764949685706639e-60,0,,178,100
2034,20340,21140,1.5172002560831988e-59,0,,177,100
2035,20350,21150,4.542138027725379e-56,0,,175,100
2036,20360,21160,5.248740163764319e-56,0,,175,100
2037,20370,21170,1.9203121340182303e-58,0,,174,100
2038,20380,21180,1.0978515637230949e-57,0,,173,100
2039,20390,21190,4.590946017247186e-55,0,,174,100
2040,20400,21200,1.0345951220703618e-57,0,,173,100
2041,20410,21210,4.620275981367687e-55,0,,174,100
2042,20420,21220,2.666369656993666e-52,0,,174,100
2043,20430,21230,3.2958438889866122e-49,0,,173,100
2044,20440,21240,4.1048039525441317e-53,0,,175,100
2045,20450,21250,6.480039003637434e-51,0,,175,100
2046,20460,21260,8.789615511063562e-56,0,,172,100
2047,20470,21270,8.824226747418572e-59,0,,172,100
2048,20480,21280,5.381584473400643e-61,0,,170,100
2049,20490,21290,3.261709286370145e-61,0,,171,100
2050,20500,21300,2.9852396302848506e-60,0,,174,100
2051,20510,21310,3.300462815666977e-60,0,,176,100
2052,20520,21320,2.358209486615968e-59,0,,178,100
2053,20530,21330,7.669102499900248e-60,0,,181,100
2054,20540,21340,1.523474839572839e-61,0,,182,100
2055,20550,21350,1.3955633154667853e-59,0,,182,100
2056,20560,21360,1.5235532917271005e-59,0,,182,100
2057,20570,21370,1.9030834596253528e-61,0,,183,100
2058,20580,21380,9.726401093629981e-61,0,,184,100
2059,20590,21390,4.9022768737049486e-55,0,,185,100
2060,20600,21400,1.6690653392388814e-59,0,,186,100
2061,20610,21410,4.933821309346088e-55,0,,185,100
2062,20620,21420,5.364890615602696e-53,0,,185,100
2063,20630,21430,1.465398802607916e-54,0,,187,100
2064,20640,21440,1.636924807538376e-56,0,,186,100
2065,20650,21450,1.4269028484872777e-54,0,,188,100
2066,20660,21460,7.7717303954489e-54,0,,188,100
2067,20670,21470,3.479130413174422e-53,0,,187,100
2068,20680,21480,2.0054993792372958e-50,0,,186,100
2069,20690,21490,7.031392615028947e-49,0,,187,100
2070,20700,21500,1.1586681142052924e-46,0,,186,100
2071,20710,21510,2.6273753852012757e-52,0,,189,100
2072,20720,21520,7.599151016362872e-43,0,,190,100
2073,20730,21530,5.677588354347327e-45,0,,191,100
2074,20740,21540,5.225675144514966e-46,0,,191,100
2075,20750,21550,6.8656710649185795e-46,0,,193,100
2076,20760,21560,3.893912485510364e-44,0,,194,100
2077,20770,21570,3.2871768993895664e-42,0,,193,100
2078,20780,21580,3.9130121049612576e-45,0,,192,100
2079,20790,21590,5.378161720735607e-46,0,,191,100
2080,20800,21600,8.197631557337118e-50,0,,191,100
2081,20810,21610,1.612510646626005e-50,0,,190,100
2082,20820,21620,2.1710845681278434e-49,0,,192,100
2083,20830,21630,5.005289105382107e-50,0,,190,100
2084,20840,21640,5.848379779535944e-55,0,,190,100
2085,20850,21650,1.8726626196126815e-64,0,,190,100
2086,20860,21660,8.18072285325191e-68,0,,191,100
2087,20870,21670,5.0284753952155365e-73,0,,190,100
2088,20880,21680,3.1535678502195145e-75,0,,192,100
2089,20890,21690,7.041201623767243e-81,0,,192,100
2090,20900,21700,1.6779565212734603e-85,0,,191,100
2091,20910,21710,1.1317893563688284e-93,0,,190,100
2092,20920,21720,8.03060195912977e-93,0,,192,100
2093,20930,21730,3.274504382089122e-101,0,,191,100
2094,20940,21740,2.164195643693928e-98,0,,190,100
2095,20950,21750,2.3161915038119764e-100,0,,191,100
2096,20960,21760,9.510091904355457e-101,0,,189,100
2097,20970,21770,4.644335369252313e-105,0,,190,100
2098,20980,21780,1.1492575191174563e-108,0,,191,100
2099,20990,21790,7.050545207812675e-107,0,,194,100
2100,21000,21800,2.742334906608275e-103,0,,194,100
2101,21010,21810,2.3618791797534703e-104,0,,195,100
2102,21020,21820,8.697640462385465e-102,0,,193,100
2103,21030,21830,4.883528794743663e-103,0,,195,100
2104,21040,21840,4.543970819396846e-103,0,,194,100
2105,21050,21850,1.0162141911577056e-99,0,,195,100
2106,21060,21860,5.33955220485963e-103,0,,196,100
2107,21070,21870,9.01544500124144e-105,0,,198,100
2108,21080,21880,1.9782492684883792e-103,0,,200,100
2109,21090,21890,4.164403393135345e-95,0,,198,100
2110,21100,21900,2.2885733182269583e-91,0,,199,100
2111,21110,21910,3.964740789252552e-84,0,,198,100
2112,21120,21920,3.576307379041443e-77,0,,196,100
2113,21130,21930,3.427132992144082e-72,0,,193,100
2114,21140,21940,2.0473458403720151e-69,0,,194,100
2115,21150,21950,7.884622056506514e-67,0,,195,100
2116,21160,21960,2.3810138928509485e-62,0,,194,100
2117,21170,21970,1.6493221689963475e-62,0,,194,100
2118,21180,21980,3.3990540400101597e-60,0,,194,100
2119,21190,21990,3.5852343842839366e-60,0,,195,100
2120,21200,22000,4.914420232394746e-55,0,,194,100
2121,21210,22010,5.674650749886028e-55,0,,194,100
2122,21220,22020,7.156113179650255e-57,0,,194,100
2123,21230,22030,1.0803488959899402e-60,0,,194,100
2124,21240,22040,6.48362465904194e-58,0,,193,100
2125,21250,22050,9.127368786916537e-55,0,,195,100
2126,21260,22060,2.596853502954631e-57,0,,196,100
2127,21270,22070,3.2841454884117266e-60,0,,195,100
2128,21280,22080,9.004480036711884e-64,0,,195,100
2129,21290,22090,1.6961623816988844e-62,0,,196,100
2130,21300,22100,4.6827797588022716e-61,0,,196,100
2131,21310,22110,7.725715037038457e-60,0,,194,100
2132,21320,22120,8.30744979870897e-58,0,,190,100
2133,21330,22130,1.6615380488852165e-59,0,,187,100
2134,21340,22140,1.0472667875796835e-59,0,,189,100
2135,21350,22150,2.057730157258512e-55,0,,188,100
2136,21360,22160,8.970460228863546e-56,0,,189,100
2137,21370,22170,3.737679881277293e-59,0,,187,100
2138,21380,22180,3.16628646572567e-54,0,,187,100
2139,21390,22190,2.7539084292028454e-62,0,,184,100
2140,21400,22200,2.3911751263401656e-61,0,,187,100
2141,21410,22210,2.6848200414839565e-59,0,,187,100
2142,21420,22220,1.57999605228264e-58,0,,186,100
2143,21430,22230,1.1898648608693519e-54,0,,188,100
2144,21440,22240,1.457385690465398e-53,0,,186,100
2145,21450,22250,1.435506721195353e-51,0,,186,100
2146,21460,22260,3.3444181407760724e-48,0,,185,100
2147,21470,22270,7.088758499496296e-46,0,,186,100
2148,21480,22280,1.0211996372093749e-45,0,,185,100
2149,21490,22290,4.999072254046738e-45,0,,185,100
2150,21500,22300,1.2486565210777658e-44,0,,185,100
2151,21510,22310,7.246153869704722e-54,0,,182,100
2152,21520,22320,4.8844336815986005e-52,0,,180,100
2153,21530,22330,2.324466490582723e-54,0,,180,100
2154,21540,22340,4.1189461094082006e-53,0,,180,100
2155,21550,22350,2.95741525336031e-56,0,,179,100
2156,21560,22360,1.1681161773290123e-57,0,,181,100
2157,21570,22370,1.5578195696807038e-58,0,,182,100
2158,21580,22380,2.699642032198372e-57,0,,182,100
2159,21590,22390,3.012324465867035e-57,0,,180,100
2160,21600,22400,1.6697509889779825e-52,0,,182,100
2161,21610,22410,6.624169040367291e-52,0,,181,100
2162,21620,22420,4.388574487820421e-55,0,,181,100
2163,21630,22430,1.5915927473851022e-56,0,,180,100
2164,21640,22440,1.7675064587745344e-58,0,,180,100
2165,21650,22450,7.666526608251248e-59,0,,181,100
2166,21660,22460,1.0897968773741331e-60,0,,181,100
2167,21670,22470,2.9399574808068866e-59,0,,183,100
2168,21680,22480,2.219034489588341e-63,0,,181,100
2169,21690,22490,4.563538583196079e-63,0,,181,100
2170,21700,22500,1.4428744583763954e-58,0,,180,100
2171,21710,22510,3.424625309253902e-61,0,,183,100
2172,21720,22520,1.573903909769467e-57,0,,185,100
2173,21730,22530,3.221587300985513e-59,0,,183,100
2174,21740,22540,9.771845034775228e-60,0,,185,100
2175,21750,22550,5.987017525462302e-62,0,,185,100
2176,21760,22560,7.235093314878225e-63,0,,185,100
2177,21770,22570,5.459844203000337e-63,0,,187,100
2178,21780,22580,1.229631972401598e-58,0,,184,100
2179,21790,22590,3.4207917040715076e-53,0,,183,100
2180,21800,22600,6.341467101661234e-57,0,,183,100
2181,21810,22610,2.427241887416931e-57,0,,183,100
2182,21820,22620,2.2902175891227485e-57,0,,182,100
2183,21830,22630,9.502305631075516e-61,0,,183,100
2184,21840,22640,4.71348543463146e-56,0,,184,100
2185,21850,22650,6.150130325428443e-57,0,,183,100
2186,21860,22660,8.71993311182664e-56,0,,185,100
2187,21870,22670,4.4648747558953924e-55,0,,181,100
2188,21880,22680,6.151632718273507e-56,0,,180,100
2189,21890,22690,4.809136484040332e-56,0,,180,100
2190,21900,22700,2.3881275383348753e-57,0,,180,100
2191,21910,22710,8.414644511612941e-57,0,,180,100
2192,21920,22720,8.731952932356429e-54,0,,180,100
2193,21930,22730,2.500778737148816e-50,0,,180,100
2194,21940,22740,1.6023612469719294e-53,0,,181,100
2195,21950,22750,2.701271764776813e-51,0,,181,100
2196,21960,22760,1.261724552613388e-53,0,,180,100
2197,21970,22770,1.686867860466275e-54,0,,180,100
2198,21980,22780,7.12516604123222e-53,0,,180,100
2199,21990,22790,2.3256981879156374e-52,0,,182,100
2200,22000,22800,9.480014388798918e-51,0,,183,100
2201,22010,22810,4.306597177806587e-53,0,,183,100
2202,22020,22820,4.5326648756481895e-57,0,,183,100
2203,22030,22830,8.888783623290758e-59,0,,181,100
2204,22040,22840,1.4326723282658465e-55,0,,182,100
2205,22050,22850,1.113930035044542e-52,0,,180,100
2206,22060,22860,1.649368511465274e-51,0,,181,100
2207,22070,22870,2.159056153652393e-53,0,,182,100
2208,22080,22880,5.775343208965893e-52,0,,180,100
2209,22090,22890,2.555714908633934e-50,0,,181,100
2210,22100,22900,4.493464711676103e-49,0,,180,100
2211,22110,22910,1.4372682622684944e-50,0,,182,100
2212,22120,22920,3.155156072323422e-48,0,,182,100
2213,22130,22930,1.5124741467169152e-50,0,,183,100
2214,22140,22940,8.361034874245334e-52,0,,184,100
2215,22150,22950,7.439978817876158e-56,0,,186,100
2216,22160,22960,1.1779138002058043e-53,0,,187,100
2217,22170,22970,2.282507601706915e-55,0,,189,100
2218,22180,22980,5.521558530868883e-56,0,,189,100
2219,22190,22990,1.8292598664445927e-54,0,,189,100
2220,22200,23000,2.6086673273418508e-55,0,,187,100
2221,22210,23010,1.2870949120820294e-54,0,,187,100
2222,22220,23020,3.1871286116993815e-56,0,,187,100
2223,22230,23030,1.2366883951836662e-56,0,,186,100
2224,22240,23040,8.078328409206832e-57,0,,187,100
2225,22250,23050,8.197725166358055e-54,0,,189,100
2226,22260,23060,1.871885392525236e-56,0,,192,100
2227,22270,23070,6.122607332469617e-57,0,,193,100
2228,22280,23080,1.1499400226404832e-60,0,,197,100
2229,22290,23090,1.617550706508114e-61,0,,197,100
2230,22300,23100,1.1740042764278023e-60,0,,197,100
2231,22310,23110,2.797469395784908e-64,0,,196,100
2232,22320,23120,5.518597403049395e-65,0,,196,100
2233,22330,23130,1.7777515705767567e-67,0,,197,100
2234,22340,23140,3.908512305123422e-66,0,,196,100
2235,22350,23150,5.2951807905655795e-62,0,,196,100
2236,22360,23160,4.6450602779632864e-66,0,,196,100
2237,22370,23170,2.6281035872168455e-65,0,,196,100
2238,22380,23180,1.3887753822627385e-62,0,,195,100
2239,22390,23190,1.3922860502430107e-61,0,,194,100
2240,22400,23200,2.6844736052585336e-62,0,,194,100
2241,22410,23210,1.3830730426271882e-62,0,,196,100
2242,22420,23220,3.9872582673179565e-57,0,,195,100
2243,22430,23230,7.288796587913882e-56,0,,197,100
2244,22440,23240,6.715319917764673e-59,0,,196,100
2245,22450,23250,2.945277861557297e-58,0,,195,100
2246,22460,23260,2.7337436195022983e-56,0,,197,100
2247,22470,23270,1.1629821819409009e-55,0,,195,100
2248,22480,23280,2.662525691132892e-54,0,,196,100
2249,22490,23290,6.749031906496303e-54,0,,198,100
2250,22500,23300,1.793153779200865e-55,0,,196,100
2251,22510,23310,4.015357303085838e-54,0,,194,100
2252,22520,23320,2.298512363058344e-47,0,,194,100
2253,22530,23330,1.3456463766910343e-47,0,,195,100
2254,22540,23340,1.3165457375935915e-45,0,,194,100
2255,22550,23350,5.978857207762603e-48,0,,194,100
2256,22560,23360,8.85511800947494e-52,0,,194,100
2257,22570,23370,9.3844827233949e-48,0,,194,100
2258,22580,23380,2.5473258782725723e-48,0,,194,100
2259,22590,23390,4.297920695613372e-49,0,,193,100
2260,22600,23400,1.3055241262462552e-47,0,,197,100
2261,22610,23410,1.97776988864747e-52,0,,198,100
2262,22620,23420,7.75291339817835e-52,0,,197,100
2263,22630,23430,3.092232386916079e-51,0,,195,100
2264,22640,23440,1.9346964903426105e-50,0,,197,100
2265,22650,23450,1.8555730421177924e-52,0,,196,100
2266,22660,23460,1.8529238481712756e-51,0,,196,100
2267,22670,23470,1.9779425777022524e-51,0,,199,100
2268,22680,23480,2.7424319808798845e-51,0,,199,100
2269,22690,23490,3.9874580419013136e-51,0,,198,100
2270,22700,23500,1.4800259140968081e-49,0,,196,100
2271,22710,23510,2.888260597191367e-50,0,,195,100
2272,22720,23520,3.9666674210204344e-49,0,,196,100
2273,22730,23530,4.314597100190131e-48,0,,197,100
2274,22740,23540,2.1243693786276085e-48,0,,197,100
2275,22750,23550,1.4214515086849654e-48,0,,196,100
2276,22760,23560,1.035982827614522e-50,0,,196,100
2277,22770,23570,1.330634782181499e-51,0,,196,100
2278,22780,23580,1.8033964940132315e-49,0,,196,100
2279,22790,23590,4.235687296578198e-46,0,,195,100
2280,22800,23600,1.1818199746343093e-45,0,,195,100
2281,22810,23610,3.671395445719343e-48,0,,194,100
2282,22820,23620,5.28839267313826e-47,0,,196,100
2283,22830,23630,3.14545265073457e-47,0,,197,100
2284,22840,23640,2.632519657479255e-48,0,,196,100
2285,22850,23650,1.143148435345018e-53,0,,194,100
2286,22860,23660,3.420364477721155e-54,0,,197,100
2287,22870,23670,1.0644430297617366e-52,0,,199,100
2288,22880,23680,2.5223397515119744e-54,0,,197,100
2289,22890,23690,1.9894951722446135e-53,0,,198,100
2290,22900,23700,3.810622674180998e-54,0,,199,100
2291,22910,23710,1.8234594244221213e-55,0,,196,100
2292,22920,23720,6.492076510684161e-60,0,,196,100
2293,22930,23730,6.511617825237155e-62,0,,195,100
2294,22940,23740,2.374600747593605e-62,0,,195,100
2295,22950,23750,1.965197822714218e-62,0,,191,100
2296,22960,23760,2.6553459176301704e-59,0,,190,100
2297,22970,23770,2.610487455334274e-57,0,,189,100
2298,22980,23780,3.2229447472709954e-58,0,,189,100
2299,22990,23790,3.1530705836304443e-55,0,,189,100
2300,23000,23800,1.7253159538787323e-55,0,,189,100
2301,23010,23810,6.459520616582651e-56,0,,191,100
2302,23020,23820,1.440597573175827e-56,0,,192,100
2303,23030,23830,1.6469777903894527e-54,0,,192,100
2304,23040,23840,1.9727746139799257e-53,0,,193,100
2305,23050,23850,1.3113130862014923e-56,0,,190,100
2306,23060,23860,1.1094891369907173e-55,0,,190,100
2307,23070,23870,1.0499485154994963e-54,0,,190,100
2308,23080,23880,7.859849140775041e-58,0,,187,100
2309,23090,23890,2.37595049461392e-56,0,,187,100
2310,23100,23900,1.0129940887846359e-53,0,,187,100
2311,23110,23910,6.720850502746016e-53,0,,187,100
2312,23120,23920,3.1176869314531836e-55,0,,187,100
2313,23130,23930,3.4707800811668556e-58,0,,188,100
2314,23140,23940,2.152837975426098e-52,0,,192,100
2315,23150,23950,1.732068049724362e-52,0,,191,100
2316,23160,23960,2.6437503480126336e-58,0,,191,100
2317,23170,23970,2.1807412911379698e-60,0,,196,100
2318,23180,23980,1.433008295427111e-63,0,,194,100
2319,23190,23990,1.252298327137504e-66,0,,194,100
2320,23200,24000,6.220522613409172e-63,0,,195,100
2321,23210,24010,1.0862711557707607e-62,0,,196,100
2322,23220,24020,1.1831292364909812e-62,0,,200,100
2323,23230,24030,1.5735307284335438e-60,0,,199,100
2324,23240,24040,7.320261819446836e-63,0,,199,100
2325,23250,24050,2.3663696110043404e-59,0,,202,100
2326,23260,24060,2.126752766344678e-61,0,,201,100
2327,23270,24070,2.1303811117083975e-62,0,,201,100
2328,23280,24080,5.770200174389541e-59,0,,201,100
2329,23290,24090,6.0995381769170565e-58,0,,204,100
2330,23300,24100,2.8887216907910684e-63,0,,205,100
2331,23310,24110,5.402508115576151e-61,0,,205,100
2332,23320,24120,2.9914386921145093e-64,0,,205,100
2333,23330,24130,3.803528737063792e-62,0,,206,100
2334,23340,24140,9.403347037252293e-65,0,,206,100
2335,23350,24150,2.498639948934843e-65,0,,209,100
2336,23360,24160,6.368529548527589e-65,0,,208,100
2337,23370,24170,1.4096548780653939e-64,0,,209,100
2338,23380,24180,2.6258575758449545e-62,0,,208,100
2339,23390,24190,1.8086356678419816e-59,0,,209,100
2340,23400,24200,2.895057431731177e-54,0,,207,100
2341,23410,24210,1.3490534252783247e-53,0,,208,100
2342,23420,24220,3.149786155428917e-51,0,,209,100
2343,23430,24230,1.342882317609081e-51,0,,209,100
2344,23440,24240,5.640040412990977e-57,0,,209,100
2345,23450,24250,3.187000119346243e-52,0,,207,100
2346,23460,24260,1.1412138687666222e-52,0,,206,100
2347,23470,24270,1.4231723530790732e-53,0,,208,100
2348,23480,24280,1.2389927749917281e-57,0,,209,100
2349,23490,24290,3.128121395910867e-56,0,,210,100
2350,23500,24300,4.7181834091084255e-52,0,,211,100
2351,23510,24310,1.324102954050956e-51,0,,212,100
2352,23520,24320,2.2163375893353566e-54,0,,212,100
2353,23530,24330,7.7664678015963e-49,0,,213,100
2354,23540,24340,3.175781005009664e-49,0,,212,100
2355,23550,24350,2.243113000749847e-50,0,,214,100
2356,23560,24360,1.6139879623850538e-42,0,,213,100
2357,23570,24370,9.149983849392651e-44,0,,213,100
2358,23580,24380,3.4563581275004324e-46,0,,212,100
2359,23590,24390,3.786202939935479e-50,0,,212,100
2360,23600,24400,5.628136979254297e-48,0,,212,100
2361,23610,24410,2.2862962376755113e-46,0,,211,100
2362,23620,24420,1.5954966934626702e-49,0,,212,100
2363,23630,24430,1.0302404145894476e-50,0,,211,100
2364,23640,24440,6.959928374384418e-52,0,,212,100
2365,23650,24450,2.04014482031228e-51,0,,212,100
2366,23660,24460,1.3123639637456485e-53,0,,209,100
2367,23670,24470,7.3753747808138e-55,0,,210,100
2368,23680,24480,1.1487366375892839e-54,0,,209,100
2369,23690,24490,1.0380657850856322e-56,0,,208,100
2370,23700,24500,1.0128914834139202e-53,0,,210,100
2371,23710,24510,6.547622325000429e-57,0,,210,100
2372,23720,24520,1.1606816193012678e-56,0,,212,100
2373,23730,24530,3.03900156359832e-55,0,,211,100
2374,23740,24540,1.1864922838629659e-55,0,,212,100
2375,23750,24550,8.427822854435463e-55,0,,212,100
2376,23760,24560,3.6893857234381087e-54,0,,212,100
2377,23770,24570,7.493898352600854e-59,0,,211,100
2378,23780,24580,1.7142755980481726e-58,0,,213,100
2379,23790,24590,1.6697488857888342e-58,0,,212,100
2380,23800,24600,1.9193616856105792e-60,0,,212,100
2381,23810,24610,5.480949125937225e-53,0,,211,100
2382,23820,24620,6.215977017472558e-55,0,,211,100
2383,23830,24630,2.341399952069897e-50,0,,211,100
2384,23840,24640,1.5938520171108912e-50,0,,209,100
2385,23850,24650,8.401250128259395e-53,0,,209,100
2386,23860,24660,6.636919594163181e-58,0,,208,100
2387,23870,24670,7.088101486171058e-54,0,,207,100
2388,23880,24680,1.7501028963619104e-55,0,,207,100
2389,23890,24690,4.204712450145589e-53,0,,207,100
2390,23900,24700,1.5127870402647147e-49,0,,207,100
2391,23910,24710,3.870517435720063e-52,0,,207,100
2392,23920,24720,6.573943789131474e-57,0,,205,100
2393,23930,24730,2.877076856982689e-50,0,,205,100
2394,23940,24740,1.3718520677667734e-52,0,,203,100
2395,23950,24750,2.0853983954115447e-54,0,,204,100
2396,23960,24760,1.1245535605211753e-52,0,,205,100
2397,23970,24770,4.852750525549292e-53,0,,203,100
2398,23980,24780,3.388445485398271e-53,0,,204,100
2399,23990,24790,2.7200218960012833e-59,0,,204,100
2400,24000,24800,9.139414190823919e-60,0,,206,100
2401,24010,24810,3.944271605934129e-65,0,,205,100
2402,24020,24820,2.0399518136162317e-66,0,,200,100
2403,24030,24830,9.57905565342553e-69,0,,201,100
2404,24040,24840,6.477500467256525e-71,0,,201,100
2405,24050,24850,2.2813512591867357e-69,0,,200,100
2406,24060,24860,4.998912368204526e-76,0,,199,100
2407,24070,24870,5.962052656347677e-75,0,,199,100
2408,24080,24880,1.782648635207288e-77,0,,197,100
2409,24090,24890,1.618617379221361e-76,0,,196,100
2410,24100,24900,9.707435721717029e-73,0,,194,100
2411,24110,24910,7.563936825313362e-75,0,,195,100
2412,24120,24920,6.019123048728703e-74,0,,195,100
2413,24130,24930,1.953665821235789e-74,0,,195,100
2414,24140,24940,2.4154073469554393e-74,0,,197,100
2415,24150,24950,7.608157662902857e-74,0,,193,100
2416,24160,24960,5.943781057889423e-70,0,,191,100
2417,24170,24970,4.536850454491813e-69,0,,191,100
2418,24180,24980,3.756348537813927e-66,0,,192,100
2419,24190,24990,2.2024938944043223e-61,0,,190,100
2420,24200,25000,1.9827504914203163e-57,0,,188,100
2421,24210,25010,8.39996182410562e-59,0,,187,100
2422,24220,25020,3.1565061310483146e-58,0,,187,100
2423,24230,25030,5.292004738661222e-54,0,,186,100
2424,24240,25040,7.44397337825774e-57,0,,186,100
2425,24250,25050,1.7684198462577886e-57,0,,186,100
2426,24260,25060,4.048160040577128e-55,0,,188,100
2427,24270,25070,8.84657503272603e-63,0,,185,100
2428,24280,25080,8.587698080162246e-63,0,,187,100
2429,24290,25090,6.2498189952158444e-62,0,,188,100
2430,24300,25100,2.6831997897379345e-61,0,,189,100
2431,24310,25110,3.5474632542456156e-63,0,,188,100
2432,24320,25120,1.4852458328798154e-64,0,,188,100
2433,24330,25130,3.870626320707979e-61,0,,189,100
2434,24340,25140,5.856006562210776e-61,0,,193,100
2435,24350,25150,2.508120297850861e-60,0,,193,100
2436,24360,25160,3.93820668730171e-63,0,,194,100
2437,24370,25170,1.4281030392632615e-60,0,,195,100
2438,24380,25180,7.571490420918766e-58,0,,196,100
2439,24390,25190,9.232141809623968e-61,0,,196,100
2440,24400,25200,1.721277430840195e-65,0,,197,100
2441,24410,25210,2.3006810104076304e-63,0,,198,100
2442,24420,25220,1.6885611494046687e-61,0,,198,100
2443,24430,25230,5.4001451073143785e-61,0,,197,100
2444,24440,25240,1.3526411481273684e-59,0,,198,100
2445,24450,25250,6.141360257866539e-60,0,,198,100
2446,24460,25260,2.823547567440529e-57,0,,196,100
2447,24470,25270,1.253089291262394e-58,0,,196,100
2448,24480,25280,3.018782761527872e-60,0,,198,100
2449,24490,25290,8.962294239950833e-62,0,,197,100
2450,24500,25300,9.663061747710437e-67,0,,197,100
2451,24510,25310,5.302316545105655e-64,0,,195,100
2452,24520,25320,1.4216377438596825e-63,0,,194,100
2453,24530,25330,3.167606615375518e-64,0,,195,100
2454,24540,25340,4.0324963131275445e-65,0,,194,100
2455,24550,25350,3.7794585599323206e-65,0,,196,100
2456,24560,25360,4.261227784715302e-68,0,,195,100
2457,24570,25370,7.731159014874191e-72,0,,195,100
2458,24580,25380,4.795514763558406e-69,0,,195,100
2459,24590,25390,1.4807943674706902e-69,0,,201,100
2460,24600,25400,1.3252356016737676e-68,0,,201,100
2461,24610,25410,8.823388537178164e-70,0,,201,100
2462,24620,25420,1.2037268244798502e-68,0,,203,100
2463,24630,25430,1.174692793848671e-66,0,,202,100
2464,24640,25440,1.1419428319399415e-68,0,,203,100
2465,24650,25450,4.132529677617064e-67,0,,204,100
2466,24660,25460,2.938943838801298e-66,0,,203,100
2467,24670,25470,6.912999439942768e-64,0,,203,100
2468,24680,25480,7.492866969012887e-63,0,,202,100
2469,24690,25490,1.180197782628289e-63,0,,203,100
2470,24700,25500,7.19902979164256e-61,0,,203,100
2471,24710,25510,2.2597323174662047e-56,0,,203,100
2472,24720,25520,8.544714122548175e-57,0,,205,100
2473,24730,25530,6.670937784369707e-56,0,,203,100
2474,24740,25540,2.161048570059558e-53,0,,203,100
2475,24750,25550,1.0318402953095472e-51,0,,202,100
2476,24760,25560,1.076203057609508e-49,0,,202,100
2477,24770,25570,8.850767479822762e-49,0,,202,100
2478,24780,25580,2.397657896673455e-47,0,,200,100
2479,24790,25590,1.7300705018485305e-48,0,,204,100
2480,24800,25600,2.2539327185611245e-46,0,,202,100
2481,24810,25610,1.6353193439465185e-48,0,,203,100
2482,24820,25620,3.8040474016792407e-48,0,,205,100
2483,24830,25630,2.277096391425228e-50,0,,206,100
2484,24840,25640,3.414232389582523e-53,0,,207,100
2485,24850,25650,1.0993200973174183e-55,0,,209,100
2486,24860,25660,8.424861554037716e-56,0,,209,100
2487,24870,25670,4.4296901846978465e-54,0,,210,100
2488,24880,25680,7.801604869612063e-55,0,,210,100
2489,24890,25690,6.722338700358713e-54,0,,209,100
2490,24900,25700,3.1096808081639116e-59,0,,213,100
2491,24910,25710,1.2114363989295869e-57,0,,213,100
2492,24920,25720,1.280530597139426e-62,0,,212,100
2493,24930,25730,2.465967682022579e-61,0,,215,100
2494,24940,25740,6.923463709076704e-65,0,,216,100
2495,24950,25750,3.7609528369312064e-66,0,,217,100
2496,24960,25760,1.0173172913418257e-65,0,,217,100
2497,24970,25770,3.1396056155555107e-64,0,,218,100
2498,24980,25780,1.8245109964710327e-64,0,,221,100
2499,24990,25790,1.8783035095660715e-64,0,,221,100
2500,25000,25800,8.544258142949297e-62,0,,221,100
2501,25010,25810,1.692538218816159e-62,0,,222,100
2502,25020,25820,1.8114024555806923e-66,0,,221,100
2503,25030,25830,5.336606637092109e-67,0,,222,100
2504,25040,25840,4.581360891311032e-67,0,,223,100
2505,25050,25850,1.2416831922317262e-65,0,,224,100
2506,25060,25860,2.516469028104475e-64,0,,223,100
2507,25070,25870,1.0295957074463258e-59,0,,224,100
2508,25080,25880,7.16682393595527e-59,0,,221,100
2509,25090,25890,1.958035226691646e-60,0,,221,100
2510,25100,25900,4.1161606131319294e-64,0,,222,100
2511,25110,25910,2.9592383398052423e-61,0,,223,100
2512,25120,25920,4.951420578583205e-58,0,,223,100
2513,25130,25930,1.8058901338602748e-54,0,,221,100
2514,25140,25940,6.0950143438359706e-55,0,,218,100
2515,25150,25950,1.5483481663744928e-57,0,,218,100
2516,25160,25960,1.2674716658402521e-54,0,,221,100
2517,25170,25970,2.074136160943992e-58,0,,221,100
2518,25180,25980,6.405752305900439e-57,0,,226,100
2519,25190,25990,1.0187284362722326e-52,0,,224,100
2520,25200,26000,1.4693165844004774e-53,0,,224,100
2521,25210,26010,2.0577988760903626e-51,0,,224,100
2522,25220,26020,1.0413194892593165e-51,0,,223,100
2523,25230,26030,1.3204419539145102e-49,0,,223,100
2524,25240,26040,7.557875925119747e-49,0,,225,100
2525,25250,26050,5.710265732520452e-48,0,,227,100
2526,25260,26060,5.337628694927466e-50,0,,230,100
2527,25270,26070,2.7860231211709427e-46,0,,228,100
2528,25280,26080,1.9032155010986636e-41,0,,229,100
2529,25290,26090,1.5021314709617192e-43,0,,227,100
2530,25300,26100,1.1590575293500132e-43,0,,230,100
2531,25310,26110,3.08684481412598e-46,0,,231,100
2532,25320,26120,3.1185447339544674e-50,0,,234,100
2533,25330,26130,2.215826538728935e-50,0,,236,100
2534,25340,26140,3.891243953542649e-50,0,,236,100
2535,25350,26150,6.161137167557156e-49,0,,236,100
2536,25360,26160,4.452977338759961e-47,0,,236,100
2537,25370,26170,1.3452603495557039e-44,0,,236,100
2538,25380,26180,2.1655987717896526e-43,0,,237,100
2539,25390,26190,9.466278049548774e-47,0,,233,100
2540,25400,26200,2.780351449794134e-50,0,,233,100
2541,25410,26210,6.2286927882576125e-50,0,,233,100
2542,25420,26220,1.1837645948279772e-55,0,,231,100
2543,25430,26230,4.170825950199614e-52,0,,232,100
2544,25440,26240,2.8686384134205705e-52,0,,233,100
2545,25450,26250,9.247039012342887e-55,0,,233,100
2546,25460,26260,2.489831041373058e-56,0,,237,100
2547,25470,26270,3.2931084778110767e-59,0,,238,100
2548,25480,26280,1.3424569934920975e-60,0,,238,100
2549,25490,26290,1.3780127550051834e-58,0,,239,100
2550,25500,26300,7.41268855598876e-58,0,,238,100
2551,25510,26310,7.662057473205765e-55,0,,237,100
2552,25520,26320,3.491462008008509e-52,0,,233,100
2553,25530,26330,5.5008140108915646e-52,0,,234,100
2554,25540,26340,3.0998360983047797e-54,0,,237,100
2555,25550,26350,5.569221784923643e-59,0,,238,100
2556,25560,26360,2.1503335618317526e-59,0,,237,100
2557,25570,26370,1.663174905107113e-59,0,,236,100
2558,25580,26380,2.832934911470312e-58,0,,237,100
2559,25590,26390,1.4277487882826095e-57,0,,234,100
2560,25600,26400,2.388262330616188e-58,0,,236,100
2561,25610,26410,9.765231577223902e-60,0,,237,100
2562,25620,26420,1.3067528697132567e-56,0,,233,100
2563,25630,26430,4.101070516638647e-55,0,,234,100
2564,25640,26440,9.660015076317257e-52,0,,230,100
2565,25650,26450,1.4659478286153499e-46,0,,230,100
2566,25660,26460,5.0741884335836664e-46,0,,231,100
2567,25670,26470,4.497934368803397e-49,0,,232,100
2568,25680,26480,1.6660829526440996e-52,0,,232,100
2569,25690,26490,9.96225764402524e-48,0,,231,100
2570,25700,26500,1.398313744872327e-43,0,,230,100
2571,25710,26510,7.601358065253249e-43,0,,229,100
2572,25720,26520,9.409537428325204e-44,0,,231,100
2573,25730,26530,1.2192194895364985e-46,0,,229,100
2574,25740,26540,6.837424502751983e-46,0,,229,100
2575,25750,26550,1.3206073961601103e-44,0,,227,100
2576,25760,26560,3.71623890183017e-51,0,,229,100
2577,25770,26570,1.6228964733665496e-49,0,,227,100
2578,25780,26580,1.044419511695635e-49,0,,225,100
2579,25790,26590,2.4120634606685985e-48,0,,225,100
2580,25800,26600,4.076552013101105e-50,0,,225,100
2581,25810,26610,1.683138161644822e-53,0,,225,100
2582,25820,26620,1.1424913846774454e-53,0,,227,100
2583,25830,26630,2.542658766602947e-58,0,,228,100
2584,25840,26640,1.602909171087725e-57,0,,230,100
2585,25850,26650,8.526602829432686e-53,0,,231,100
2586,25860,26660,3.0710165570995947e-53,0,,232,100
2587,25870,26670,1.6123031806371934e-56,0,,231,100
2588,25880,26680,4.0971600517878675e-59,0,,230,100
2589,25890,26690,2.395544432826623e-51,0,,228,100
2590,25900,26700,2.177077200212636e-51,0,,228,100
2591,25910,26710,1.4487634883245994e-55,0,,224,100
2592,25920,26720,1.9584726581931475e-52,0,,228,100
2593,25930,26730,4.55008520131149e-55,0,,228,100
2594,25940,26740,1.2204997620454037e-53,0,,227,100
2595,25950,26750,9.980251996704463e-55,0,,226,100
2596,25960,26760,2.1349074239816695e-58,0,,223,100
2597,25970,26770,1.5841410724050105e-64,0,,222,100
2598,25980,26780,1.5055346200982695e-57,0,,221,100
2599,25990,26790,1.1825495736966535e-56,0,,224,100
2600,26000,26800,2.4503419616536893e-58,0,,223,100
2601,26010,26810,1.9713781080660484e-59,0,,223,100
2602,26020,26820,3.845009878398517e-60,0,,225,100
2603,26030,26830,6.407897763293702e-57,0,,223,100
2604,26040,26840,2.94737849736491e-53,0,,219,100
2605,26050,26850,9.080283753844192e-57,0,,221,100
2606,26060,26860,1.2748863283670337e-54,0,,218,100
2607,26070,26870,7.069714500377437e-59,0,,219,100
2608,26080,26880,2.1967473993436548e-62,0,,219,100
2609,26090,26890,3.368955319500328e-61,0,,219,100
2610,26100,26900,2.888829821702145e-62,0,,218,100
2611,26110,26910,5.958562154771845e-62,0,,214,100
2612,26120,26920,1.7000896598016238e-62,0,,210,100
2613,26130,26930,1.4953761366833049e-61,0,,209,100
2614,26140,26940,6.09999006717684e-62,0,,209,100
2615,26150,26950,4.584888128761928e-62,0,,209,100
2616,26160,26960,4.1276008063146956e-61,0,,209,100
2617,26170,26970,2.972405002115884e-61,0,,211,100
2618,26180,26980,2.2344002291706996e-60,0,,208,100
2619,26190,26990,2.086057971606269e-60,0,,209,100
2620,26200,27000,4.723238745678354e-61,0,,210,100
2621,26210,27010,8.849827015606183e-64,0,,209,100
2622,26220,27020,1.5493184352181903e-63,0,,213,100
2623,26230,27030,2.054340366634425e-61,0,,210,100
2624,26240,27040,1.420852689930623e-58,0,,210,100
2625,26250,27050,2.095335560597169e-55,0,,209,100
2626,26260,27060,1.0248527732837865e-60,0,,206,100
2627,26270,27070,2.1992042608794534e-57,0,,208,100
2628,26280,27080,1.541633923988519e-53,0,,209,100
2629,26290,27090,9.28211575690737e-55,0,,213,100
2630,26300,27100,1.2867762504369908e-54,0,,215,100
2631,26310,27110,1.4511513270972184e-57,0,,217,100
2632,26320,27120,9.105248936719556e-55,0,,216,100
2633,26330,27130,6.947809238692904e-60,0,,217,100
2634,26340,27140,2.1746300050915092e-60,0,,215,100
2635,26350,27150,1.8918551045841937e-57,0,,217,100
2636,26360,27160,4.690029979849797e-57,0,,216,100
2637,26370,27170,3.366237966852499e-55,0,,217,100
2638,26380,27180,3.027915320265051e-53,0,,216,100
2639,26390,27190,3.310153060860184e-48,0,,216,100
2640,26400,27200,1.7568567822236154e-47,0,,217,100
2641,26410,27210,5.197629435177796e-49,0,,217,100
2642,26420,27220,2.6359360900437548e-48,0,,217,100
2643,26430,27230,2.0042293728988822e-47,0,,219,100
2644,26440,27240,1.08844975196272e-50,0,,224,100
2645,26450,27250,1.8081176989393806e-53,0,,223,100
2646,26460,27260,3.808283250025231e-57,0,,221,100
2647,26470,27270,6.939253426616457e-58,0,,222,100
2648,26480,27280,5.445361193200383e-58,0,,223,100
2649,26490,27290,1.311809707015348e-60,0,,226,100
2650,26500,27300,2.585159305351056e-57,0,,226,100
2651,26510,27310,5.955638284935315e-56,0,,228,100
2652,26520,27320,1.9757531901529788e-63,0,,226,100
2653,26530,27330,7.647768162446298e-68,0,,224,100
2654,26540,27340,2.1697928047172425e-60,0,,225,100
2655,26550,27350,1.885129618296259e-66,0,,225,100
2656,26560,27360,3.8186382570925844e-67,0,,224,100
2657,26570,27370,1.6902823235108892e-71,0,,226,100
2658,26580,27380,5.663385981801979e-74,0,,227,100
2659,26590,27390,1.047973789269898e-76,0,,228,100
2660,26600,27400,1.0467822708155709e-74,0,,231,100
2661,26610,27410,1.2584115191270362e-76,0,,235,100
2662,26620,27420,8.787299063171986e-69,0,,230,100
2663,26630,27430,1.209441777894876e-70,0,,231,100
2664,26640,27440,1.6172589436981184e-69,0,,226,100
2665,26650,27450,4.2426759805816494e-72,0,,226,100
2666,26660,27460,3.5332115428041263e-72,0,,228,100
2667,26670,27470,6.515359304080118e-72,0,,228,100
2668,26680,27480,1.4225950165417846e-71,0,,229,100
2669,26690,27490,2.590160181809582e-69,0,,227,100
2670,26700,27500,9.4286998657106e-66,0,,228,100
2671,26710,27510,3.3756856464691776e-66,0,,231,100
2672,26720,27520,2.490160637165986e-63,0,,231,100
2673,26730,27530,1.7360678271889932e-63,0,,230,100
2674,26740,27540,5.668351690483645e-62,0,,232,100
2675,26750,27550,2.9925907624917936e-61,0,,231,100
2676,26760,27560,2.871885352881201e-58,0,,231,100
2677,26770,27570,4.8588529233698125e-52,0,,229,100
2678,26780,27580,2.659749368025562e-59,0,,227,100
2679,26790,27590,2.233559047684553e-61,0,,227,100
2680,26800,27600,1.2105693086422167e-60,0,,227,100
2681,26810,27610,3.1906145756131773e-59,0,,227,100
2682,26820,27620,2.3180322959414918e-54,0,,228,100
2683,26830,27630,2.273457154359468e-56,0,,229,100
2684,26840,27640,2.4757153493428475e-54,0,,227,100
2685,26850,27650,6.095694715853086e-56,0,,230,100
2686,26860,27660,5.5361982455091616e-52,0,,230,100
2687,26870,27670,1.6326288331129084e-49,0,,230,100
2688,26880,27680,1.0696988156439549e-45,0,,232,100
2689,26890,27690,1.6917766586199522e-47,0,,232,100
2690,26900,27700,1.504421092346713e-46,0,,234,100
2691,26910,27710,1.741665777832619e-46,0,,236,100
2692,26920,27720,8.299056752364821e-44,0,,238,100
2693,26930,27730,9.281577850694073e-45,0,,238,100
2694,26940,27740,3.8670807450782184e-46,0,,239,100
2695,26950,27750,4.901101211809264e-42,0,,239,100
2696,26960,27760,2.260435940087224e-43,0,,239,100
2697,26970,27770,5.857832000627466e-41,0,,239,100
2698,26980,27780,2.1441847269511998e-43,0,,239,100
2699,26990,27790,2.0328263099239628e-47,0,,240,100
2700,27000,27800,1.3038323005078482e-43,0,,238,100
2701,27010,27810,2.7451758705045907e-42,0,,240,100
2702,27020,27820,5.906293365526319e-42,0,,238,100
2703,27030,27830,1.4303030382876134e-44,0,,236,100
2704,27040,27840,8.509214089512837e-46,0,,239,100
2705,27050,27850,1.5750633279454416e-45,0,,239,100
2706,27060,27860,2.685182264232452e-46,0,,239,100
2707,27070,27870,6.0826040374556e-51,0,,237,100
2708,27080,27880,7.334938514155384e-51,0,,237,100
2709,27090,27890,5.816380540709624e-51,0,,233,100
2710,27100,27900,1.1307613498930397e-49,0,,230,100
2711,27110,27910,9.349012306046129e-49,0,,230,100
2712,27120,27920,9.545756751899731e-48,0,,230,100
2713,27130,27930,7.382646064367577e-48,0,,230,100
2714,27140,27940,1.0240466471422852e-48,0,,228,100
2715,27150,27950,2.3219132515002585e-49,0,,226,100
2716,27160,27960,4.7300011184198e-50,0,,226,100
2717,27170,27970,2.2664098296284496e-54,0,,227,100
2718,27180,27980,1.5113814974430558e-53,0,,227,100
2719,27190,27990,5.067918102959237e-58,0,,225,100
2720,27200,28000,1.596110076945661e-48,0,,227,100
2721,27210,28010,3.922451895753772e-52,0,,226,100
2722,27220,28020,1.851838757049852e-55,0,,226,100
2723,27230,28030,4.526306566758325e-59,0,,223,100
2724,27240,28040,3.477923904589551e-61,0,,219,100
2725,27250,28050,9.311687916699039e-60,0,,218,100
2726,27260,28060,1.2792932756957364e-60,0,,217,100
2727,27270,28070,2.6400208197780204e-61,0,,218,100
2728,27280,28080,1.625332879105426e-67,0,,216,100
2729,27290,28090,1.2625739744774626e-59,0,,215,100
2730,27300,28100,1.5082293729152886e-60,0,,211,100
2731,27310,28110,7.77446608832638e-58,0,,210,100
2732,27320,28120,1.7083360422454128e-54,0,,210,100
2733,27330,28130,1.5478308273225326e-52,0,,211,100
2734,27340,28140,2.0503322265805394e-55,0,,212,100
2735,27350,28150,1.9482396512709224e-52,0,,211,100
2736,27360,28160,5.158651434234508e-49,0,,210,100
2737,27370,28170,3.1831526008381587e-49,0,,210,100
2738,27380,28180,2.7036722893561657e-46,0,,210,100
2739,27390,28190,1.7981514403245253e-48,0,,207,100
2740,27400,28200,9.968793764849589e-50,0,,203,100
2741,27410,28210,1.3951906405328334e-48,0,,201,100
2742,27420,28220,1.0948597726003001e-49,0,,200,100
2743,27430,28230,2.594209971267661e-51,0,,200,100
2744,27440,28240,8.679553439184861e-51,0,,200,100
2745,27450,28250,2.881737723817872e-50,0,,199,100
2746,27460,28260,1.1404827223539668e-50,0,,203,100
2747,27470,28270,2.4830206118674898e-45,0,,203,100
2748,27480,28280,1.548546721874057e-42,0,,204,100
2749,27490,28290,5.015114402962514e-47,0,,204,100
2750,27500,28300,2.9724092928582724e-50,0,,206,100
2751,27510,28310,1.3806358550256204e-51,0,,204,100
2752,27520,28320,1.59813088186039e-51,0,,203,100
2753,27530,28330,4.187626445067723e-51,0,,202,100
2754,27540,28340,1.4615100903674623e-54,0,,203,100
2755,27550,28350,5.4678726061524774e-55,0,,206,100
2756,27560,28360,7.733052551254038e-51,0,,204,100
2757,27570,28370,6.131127675333229e-53,0,,204,100
2758,27580,28380,2.3833075728793222e-55,0,,203,100
2759,27590,28390,2.9523940648639086e-54,0,,203,100
2760,27600,28400,4.322645555093106e-56,0,,203,100
2761,27610,28410,2.4608559430939667e-54,0,,202,100
2762,27620,28420,1.9687708272159293e-54,0,,202,100
2763,27630,28430,5.342156673418656e-56,0,,201,100
2764,27640,28440,4.247525920128631e-56,0,,203,100
2765,27650,28450,4.612400405219346e-59,0,,201,100
2766,27660,28460,3.168850339687537e-63,0,,202,100
2767,27670,28470,2.9332434043038618e-64,0,,201,100
2768,27680,28480,2.2475695473791203e-60,0,,196,100
2769,27690,28490,2.064553694932744e-62,0,,197,100
2770,27700,28500,8.173147919127763e-58,0,,195,100
2771,27710,28510,1.4527464142734391e-63,0,,193,100
2772,27720,28520,3.81841192970411e-65,0,,193,100
2773,27730,28530,3.967415060367275e-62,0,,192,100
2774,27740,28540,2.3694308250817814e-60,0,,193,100
2775,27750,28550,1.45884260854595e-58,0,,196,100
2776,27760,28560,6.692973487258878e-58,0,,197,100
2777,27770,28570,1.2071084864972167e-57,0,,198,100
2778,27780,28580,1.1314805633524211e-57,0,,200,100
2779,27790,28590,4.269144520338095e-56,0,,201,100
2780,27800,28600,9.231638082242485e-62,0,,202,100
2781,27810,28610,5.78436899744303e-62,0,,202,100
2782,27820,28620,1.0512758504192682e-62,0,,200,100
2783,27830,28630,2.5486089791291373e-59,0,,199,100
2784,27840,28640,1.9162550599586486e-63,0,,197,100
2785,27850,28650,7.527443837128423e-66,0,,198,100
2786,27860,28660,2.19954067205939e-65,0,,198,100
2787,27870,28670,8.283724252354015e-65,0,,198,100
2788,27880,28680,1.1838334135812111e-63,0,,199,100
2789,27890,28690,2.238386280651611e-62,0,,199,100
2790,27900,28700,1.7474193017362434e-57,0,,197,100
2791,27910,28710,1.2113189393254896e-58,0,,203,100
2792,27920,28720,1.281155378696412e-57,0,,203,100
2793,27930,28730,7.567909868252913e-57,0,,203,100
2794,27940,28740,8.531219121488462e-57,0,,203,100
2795,27950,28750,2.338386789188814e-56,0,,203,100
2796,27960,28760,4.0928749645424695e-57,0,,204,100
2797,27970,28770,1.5482444545907261e-61,0,,203,100
2798,27980,28780,3.0898945576287465e-57,0,,202,100
2799,27990,28790,1.6372218852583346e-58,0,,205,100
2800,28000,28800,6.358973640043687e-62,0,,200,100
2801,28010,28810,2.48115239235021e-60,0,,200,100
2802,28020,28820,3.25365828734675e-60,0,,201,100
2803,28030,28830,2.336521230706606e-59,0,,200,100
2804,28040,28840,1.4000303460370395e-59,0,,200,100
2805,28050,28850,1.3016456153215604e-57,0,,200,100
2806,28060,28860,5.0775173241915485e-56,0,,199,100
2807,28070,28870,6.681286356889493e-51,0,,202,100
2808,28080,28880,1.9008030125193752e-54,0,,204,100
2809,28090,28890,6.147875119000727e-54,0,,204,100
2810,28100,28900,2.24008045864179e-54,0,,204,100
2811,28110,28910,8.785873272059385e-55,0,,205,100
2812,28120,28920,1.7836815475853838e-53,0,,208,100
2813,28130,28930,2.4607675882073927e-51,0,,207,100
2814,28140,28940,5.637000635815242e-49,0,,207,100
2815,28150,28950,9.461519194443455e-52,0,,207,100
2816,28160,28960,2.0402471866227854e-55,0,,207,100
2817,28170,28970,1.2695278471695638e-54,0,,210,100
2818,28180,28980,4.892679286567324e-50,0,,211,100
2819,28190,28990,1.9032740754687308e-48,0,,211,100
2820,28200,29000,2.2556024654136133e-49,0,,212,100
2821,28210,29010,7.297336672578637e-44,0,,215,100
2822,28220,29020,6.071341742338654e-46,0,,216,100
2823,28230,29030,8.022675824456581e-51,0,,216,100
2824,28240,29040,8.729057986870998e-52,0,,215,100
2825,28250,29050,3.0575302302892497e-55,0,,215,100
2826,28260,29060,1.1716431580417055e-56,0,,212,100
2827,28270,29070,2.0283814084776388e-51,0,,214,100
2828,28280,29080,2.6499475563029155e-51,0,,214,100
2829,28290,29090,1.2077381662516778e-50,0,,216,100
2830,28300,29100,6.933254813370113e-52,0,,215,100
2831,28310,29110,5.746113609603397e-50,0,,216,100
2832,28320,29120,8.352872859076139e-48,0,,216,100
2833,28330,29130,8.104916643039242e-52,0,,216,100
2834,28340,29140,1.5778928688507805e-50,0,,214,100
2835,28350,29150,1.8555941561851784e-46,0,,214,100
2836,28360,29160,6.680266906776336e-49,0,,217,100
2837,28370,29170,1.2818376377867998e-48,0,,219,100
2838,28380,29180,3.324003422560181e-49,0,,218,100
2839,28390,29190,4.5805362167303795e-49,0,,218,100
2840,28400,29200,1.8491199900064058e-53,0,,217,100
2841,28410,29210,3.73854519617882e-50,0,,217,100
2842,28420,29220,9.262453398160751e-48,0,,218,100
2843,28430,29230,1.6266082614729715e-48,0,,220,100
2844,28440,29240,1.2871444213034136e-45,0,,220,100
2845,28450,29250,1.0098931569476025e-52,0,,223,100
2846,28460,29260,1.8321964045458134e-51,0,,224,100
2847,28470,29270,1.9919898481386587e-49,0,,225,100
2848,28480,29280,2.2803224309104714e-51,0,,224,100
2849,28490,29290,1.0740551592749022e-46,0,,223,100
2850,28500,29300,1.795627831536426e-45,0,,224,100
2851,28510,29310,1.0726502589557145e-48,0,,223,100
2852,28520,29320,8.322083112960693e-50,0,,225,100
2853,28530,29330,2.857367563656813e-46,0,,224,100
2854,28540,29340,1.594597740972239e-50,0,,225,100
2855,28550,29350,2.8909291801698144e-49,0,,221,100
2856,28560,29360,1.0734898356036841e-48,0,,219,100
2857,28570,29370,3.17320512832287e-48,0,,221,100
2858,28580,29380,2.8961816650373143e-49,0,,215,100
2859,28590,29390,1.0152263822499752e-50,0,,215,100
2860,28600,29400,1.9797061722191577e-49,0,,214,100
2861,28610,29410,3.011859547659764e-48,0,,215,100
2862,28620,29420,6.832998046759222e-50,0,,217,100
2863,28630,29430,5.978885285426015e-51,0,,217,100
2864,28640,29440,1.5221566931380016e-49,0,,218,100
2865,28650,29450,5.117241792862778e-46,0,,216,100
2866,28660,29460,4.2740382986588904e-50,0,,217,100
2867,28670,29470,3.3478089716405176e-51,0,,218,100
2868,28680,29480,3.474917235377875e-57,0,,219,100
2869,28690,29490,9.03804272359461e-63,0,,220,100
2870,28700,29500,3.159301068278984e-62,0,,220,100
2871,28710,29510,1.3760752416018388e-57,0,,219,100
2872,28720,29520,4.742707178305711e-61,0,,219,100
2873,28730,29530,2.1509540490804418e-57,0,,221,100
2874,28740,29540,1.2942639358107806e-57,0,,221,100
2875,28750,29550,6.697430922352996e-56,0,,221,100
2876,28760,29560,1.768311772293262e-58,0,,221,100
2877,28770,29570,2.0666727703205185e-61,0,,222,100
2878,28780,29580,1.8605708096388582e-65,0,,222,100
2879,28790,29590,1.1323877809652427e-62,0,,220,100
2880,28800,29600,6.215454004714825e-59,0,,220,100
2881,28810,29610,9.717993603926281e-60,0,,222,100
2882,28820,29620,7.428462831895183e-60,0,,222,100
2883,28830,29630,3.871889458326414e-60,0,,221,100
2884,28840,29640,5.4670193977235084e-58,0,,221,100
2885,28850,29650,1.3330171520559079e-61,0,,221,100
2886,28860,29660,4.043347248213303e-65,0,,222,100
2887,28870,29670,1.9297552939713554e-55,0,,219,100
2888,28880,29680,8.559465365017383e-48,0,,217,100
2889,28890,29690,3.2620747270769444e-50,0,,217,100
2890,28900,29700,1.321850019479042e-48,0,,218,100
2891,28910,29710,1.8506624495461328e-47,0,,216,100
2892,28920,29720,4.825988608255679e-51,0,,212,100
2893,28930,29730,5.822963108462375e-53,0,,213,100
2894,28940,29740,1.6478462746654475e-52,0,,214,100
2895,28950,29750,7.266591400057019e-52,0,,214,100
2896,28960,29760,3.3399637417730926e-50,0,,213,100
2897,28970,29770,2.489030846904098e-47,0,,210,100
2898,28980,29780,7.650681776350021e-49,0,,209,100
2899,28990,29790,4.037176521842083e-50,0,,208,100
2900,29000,29800,1.7291736884875907e-49,0,,209,100
2901,29010,29810,1.7494156847245033e-44,0,,204,100
2902,29020,29820,6.748175214601904e-42,0,,204,100
2903,29030,29830,1.905748585198026e-41,0,,204,100
2904,29040,29840,1.5003239233731906e-42,0,,205,100
2905,29050,29850,1.0187024387860681e-39,0,,207,100
2906,29060,29860,2.0873540871096698e-44,0,,206,100
2907,29070,29870,1.5960348423858278e-43,0,,202,100
2908,29080,29880,1.1200629211138755e-42,0,,203,100
2909,29090,29890,2.4304089215459687e-46,0,,199,100
2910,29100,29900,3.314962213240441e-40,0,,197,100
2911,29110,29910,8.943109570069216e-38,0,,197,100
2912,29120,29920,5.1017952086668313e-39,0,,197,100
2913,29130,29930,7.745568491939646e-40,0,,198,100
2914,29140,29940,1.4019822301920646e-41,0,,197,100
2915,29150,29950,4.588032456708792e-47,0,,198,100
2916,29160,29960,1.3186434838570402e-44,0,,194,100
2917,29170,29970,1.878755294575759e-44,0,,193,100
2918,29180,29980,2.3305073649133047e-46,0,,194,100
2919,29190,29990,1.4568893261032628e-45,0,,194,100
2920,29200,30000,1.1711759899176607e-47,0,,196,100
2921,29210,30010,1.150371528161488e-49,0,,195,100
2922,29220,30020,3.5739094669304126e-50,0,,193,100
2923,29230,30030,3.680084573803911e-52,0,,192,100
2924,29240,30040,1.2178298216656316e-54,0,,192,100
2925,29250,30050,2.27169743324158e-53,0,,190,100
2926,29260,30060,1.1375966342778841e-51,0,,191,100
2927,29270,30070,5.368337320118465e-54,0,,191,100
2928,29280,30080,1.5907043011809213e-55,0,,190,100
2929,29290,30090,2.708537388584201e-54,0,,191,100
2930,29300,30100,5.813249894225985e-55,0,,191,100
2931,29310,30110,6.2259025781916605e-55,0,,190,100
2932,29320,30120,1.3809398625638442e-57,0,,192,100
2933,29330,30130,1.830323587496445e-60,0,,192,100
2934,29340,30140,1.7237442204797913e-57,0,,191,100
2935,29350,30150,4.4746849988828616e-57,0,,193,100
2936,29360,30160,1.7948352989670226e-55,0,,193,100
2937,29370,30170,3.666025906847702e-60,0,,192,100
2938,29380,30180,2.250337368184456e-57,0,,192,100
2939,29390,30190,2.5090392970198683e-55,0,,192,100
2940,29400,30200,9.315474902484948e-60,0,,193,100
2941,29410,30210,1.3473690657475101e-61,0,,194,100
2942,29420,30220,1.7869483895817952e-58,0,,192,100
2943,29430,30230,1.6416759011782263e-58,0,,194,100
2944,29440,30240,1.9438898464318473e-58,0,,192,100
2945,29450,30250,5.156777272079189e-60,0,,191,100
2946,29460,30260,9.778709230923405e-61,0,,189,100
2947,29470,30270,2.588372003961454e-62,0,,192,100
2948,29480,30280,1.991014153976076e-62,0,,189,100
2949,29490,30290,2.903612930597114e-65,0,,190,100
2950,29500,30300,2.6421779965452724e-63,0,,190,100
2951,29510,30310,1.5841135059830692e-60,0,,189,100
2952,29520,30320,3.919427673298377e-57,0,,188,100
2953,29530,30330,4.980989490158663e-60,0,,185,100
2954,29540,30340,3.726755753389823e-57,0,,184,100
2955,29550,30350,2.3410399778998422e-60,0,,184,100
2956,29560,30360,3.1694393297997834e-61,0,,188,100
2957,29570,30370,2.831360577035894e-64,0,,187,100
2958,29580,30380,2.2349653328827103e-65,0,,190,100
2959,29590,30390,2.6503433917470707e-64,0,,190,100
2960,29600,30400,3.147862803520554e-63,0,,190,100
2961,29610,30410,1.8198893661912531e-66,0,,192,100
2962,29620,30420,1.2813592505408582e-69,0,,191,100
2963,29630,30430,5.635245847671394e-69,0,,195,100
2964,29640,30440,1.706123733752928e-67,0,,195,100
2965,29650,30450,2.0104090130681625e-65,0,,196,100
2966,29660,30460,6.745908387481376e-63,0,,194,100
2967,29670,30470,1.0472389595492957e-60,0,,195,100
2968,29680,30480,8.244308854802407e-60,0,,196,100
2969,29690,30490,9.785967281537701e-57,0,,198,100
2970,29700,30500,5.498346012515647e-58,0,,198,100
2971,29710,30510,3.54924248619403e-53,0,,199,100
2972,29720,30520,2.1958768473165698e-54,0,,201,100
2973,29730,30530,7.345870647139607e-55,0,,204,100
2974,29740,30540,5.455417473794177e-60,0,,201,100
2975,29750,30550,5.055682917240995e-56,0,,202,100
2976,29760,30560,6.870219620608538e-58,0,,202,100
2977,29770,30570,4.941802837053808e-59,0,,202,100
2978,29780,30580,2.3678817788269498e-59,0,,206,100
2979,29790,30590,3.920561520586389e-58,0,,207,100
2980,29800,30600,6.085992869756479e-58,0,,207,100
2981,29810,30610,4.4827180912699924e-60,0,,209,100
2982,29820,30620,2.941956344919388e-59,0,,208,100
2983,29830,30630,6.2200114018323545e-62,0,,209,100
2984,29840,30640,2.8042960078220585e-62,0,,211,100
2985,29850,30650,2.4213453890980191e-63,0,,213,100
2986,29860,30660,4.788665456326107e-63,0,,214,100
2987,29870,30670,1.3079917109051604e-63,0,,214,100
2988,29880,30680,1.5169988494099881e-61,0,,213,100
2989,29890,30690,2.7940124490164183e-61,0,,216,100
2990,29900,30700,1.7337606903649619e-59,0,,215,100
2991,29910,30710,1.8753222881994814e-62,0,,215,100
2992,29920,30720,6.291561623021463e-62,0,,215,100
2993,29930,30730,1.5283135557773927e-63,0,,216,100
2994,29940,30740,7.056963587609793e-64,0,,216,100
2995,29950,30750,3.5264690810059115e-63,0,,216,100
2996,29960,30760,8.470622138143335e-61,0,,217,100
2997,29970,30770,2.21030335658368e-62,0,,217,100
2998,29980,30780,9.975881920886438e-63,0,,215,100
2999,29990,30790,3.429142387218048e-62,0,,216,100
3000,30000,30800,5.179670718700116e-62,0,,215,100
3001,30010,30810,2.2701098856712485e-64,0,,215,100
3002,30020,30820,6.917716018124439e-62,0,,219,100
3003,30030,30830,8.000446377738847e-61,0,,218,100
3004,30040,30840,7.829849625540263e-61,0,,219,100
3005,30050,30850,2.5973190920605822e-52,0,,216,100
3006,30060,30860,1.632030074611649e-53,0,,217,100
3007,30070,30870,1.1318164554053144e-53,0,,217,100
3008,30080,30880,3.1120012658544384e-55,0,,216,100
3009,30090,30890,7.339047254493282e-54,0,,217,100
3010,30100,30900,4.44945770249621e-56,0,,215,100
3011,30110,30910,2.1171754055629753e-52,0,,214,100
3012,30120,30920,4.395987093838222e-51,0,,212,100
3013,30130,30930,9.162527148734744e-51,0,,212,100
3014,30140,30940,1.3277721099570787e-49,0,,215,100
3015,30150,30950,1.756698630870584e-49,0,,216,100
3016,30160,30960,2.7732841634771562e-46,0,,214,100
3017,30170,30970,3.601252943999795e-46,0,,215,100
3018,30180,30980,1.530817829953622e-44,0,,214,100
3019,30190,30990,5.897128553406661e-49,0,,215,100
3020,30200,31000,3.6344067956897125e-42,0,,214,100
3021,30210,31010,1.0452689157064654e-41,0,,213,100
3022,30220,31020,3.4611419071785432e-37,0,,212,100
3023,30230,31030,6.471582522858369e-41,0,,210,100
3024,30240,31040,2.0752034150276365e-40,0,,208,100
3025,30250,31050,9.566459743425924e-44,0,,206,100
3026,30260,31060,6.452246880176575e-48,0,,204,100
3027,30270,31070,8.118930732952053e-47,0,,202,100
3028,30280,31080,6.089984087960221e-48,0,,199,100
3029,30290,31090,2.1282026193935452e-43,0,,195,100
3030,30300,31100,3.003519614234896e-45,0,,192,100
3031,30310,31110,2.951217313890745e-45,0,,191,100
3032,30320,31120,3.667855598988343e-45,0,,190,100
3033,30330,31130,5.95125804043939e-42,0,,187,100
3034,30340,31140,2.9646585829575625e-45,0,,185,100
3035,30350,31150,7.373169005019587e-45,0,,181,100
3036,30360,31160,1.1325840347350492e-45,0,,178,100
3037,30370,31170,8.325442059546571e-46,0,,172,100
3038,30380,31180,7.748849063819646e-48,0,,170,100
3039,30390,31190,5.085799414178725e-49,0,,166,100
3040,30400,31200,6.694542840045117e-50,0,,163,100
3041,30410,31210,1.871548108558306e-49,0,,160,100
3042,30420,31220,1.3837983172736443e-49,0,,159,100
3043,30430,31230,7.052471599840222e-53,0,,153,100
3044,30440,31240,9.05114299746854e-53,0,,151,100
3045,30450,31250,1.0604377293285339e-49,0,,149,100
3046,30460,31260,3.528724214044544e-50,0,,146,100
3047,30470,31270,3.8496666819200436e-54,0,,143,100
3048,30480,31280,4.831019764251166e-56,0,,141,100
3049,30490,31290,5.478811219450117e-58,0,,137,100
3050,30500,31300,6.917197809490534e-54,0,,135,100
3051,30510,31310,6.54738821561166e-53,0,,133,100
3052,30520,31320,6.925791953798731e-51,0,,131,100
3053,30530,31330,6.523386404348622e-53,0,,126,100
3054,30540,31340,2.2434304971268252e-54,0,,123,100
3055,30550,31350,9.762885230074195e-51,0,,121,100
3056,30560,31360,2.8789386826653866e-49,0,,118,100
3057,30570,31370,2.0948106933322502e-49,0,,116,100
3058,30580,31380,1.3469053194699942e-58,0,,109,100
3059,30590,31390,1.8551851984864882e-56,0,,108,100
3060,30600,31400,2.927396337378828e-56,0,,106,100
3061,30610,31410,1.4284427028632406e-56,0,,103,100
3062,30620,31420,4.3451419996789546e-55,0,,100,100
