window_index,char_start,char_end,p_z,extracted,error,n_tokens_in_chunk,sequence_len_tokens
0,0,800,3.133813885202739e-156,0,,208,100
1,10,810,3.2986487903359373e-169,0,,203,100
2,20,820,5.40974257769089e-195,0,,202,100
3,30,830,9.33354665703222e-103,0,,201,100
4,40,840,1.9087420537422007e-133,0,,201,100
5,50,850,8.092109235598378e-151,0,,198,100
6,60,860,1.9209682142587122e-125,0,,202,100
7,70,870,4.153961426803351e-123,0,,203,100
8,80,880,3.6318726784162664e-162,0,,202,100
9,90,890,6.706926448820141e-176,0,,202,100
10,100,900,2.5142539492649236e-173,0,,202,100
11,110,910,8.260898369338758e-176,0,,200,100
12,120,920,2.1387263342893724e-134,0,,197,100
13,130,930,5.3220734929141714e-157,0,,199,100
14,140,940,3.729904148549302e-150,0,,198,100
15,150,950,1.3756527907659035e-199,0,,197,100
16,160,960,4.415185910284769e-200,0,,196,100
17,170,970,4.478278630613972e-256,0,,195,100
18,180,980,3.0670542420110233e-249,0,,194,100
19,190,990,2.7663547983266318e-179,0,,195,100
20,200,1000,4.0138809713971925e-209,0,,193,100
21,210,1010,4.471533575032476e-178,0,,192,100
22,220,1020,3.761469940250886e-214,0,,192,100
23,230,1030,3.702218549160319e-214,0,,191,100
24,240,1040,9.453977653647632e-211,0,,192,100
25,250,1050,1.3239920073455335e-145,0,,191,100
26,260,1060,1.6280452671403033e-129,0,,192,100
27,270,1070,2.013969087489806e-155,0,,192,100
28,280,1080,6.0416087535277794e-148,0,,193,100
29,290,1090,5.9231398975845546e-124,0,,192,100
30,300,1100,5.71406650403032e-106,0,,196,100
31,310,1110,6.833310346336528e-117,0,,196,100
32,320,1120,1.0504427625458245e-107,0,,196,100
33,330,1130,4.282530921814273e-92,0,,195,100
34,340,1140,2.7780695224271315e-90,0,,194,100
35,350,1150,1.2366677693144753e-99,0,,196,100
36,360,1160,2.0033563734502824e-106,0,,195,100
37,370,1170,1.0465653845333604e-94,0,,193,100
38,380,1180,8.059654926298935e-80,0,,193,100
39,390,1190,1.0881924061997319e-89,0,,196,100
40,400,1200,1.2482813961640418e-88,0,,195,100
41,410,1210,8.657327612270411e-75,0,,195,100
42,420,1220,1.1141023163032363e-85,0,,196,100
43,430,1230,1.1074203840936978e-87,0,,195,100
44,440,1240,5.52166145470275e-109,0,,194,100
45,450,1250,3.987571473116394e-116,0,,195,100
46,460,1260,3.1500881053199404e-109,0,,196,100
47,470,1270,1.4350504238105143e-116,0,,195,100
48,480,1280,1.0160908131056904e-118,0,,195,100
49,490,1290,5.537068392055964e-144,0,,193,100
50,500,1300,3.927576953562106e-155,0,,194,100
51,510,1310,9.807969884056859e-155,0,,193,100
52,520,1320,2.7291794484971556e-172,0,,192,100
53,530,1330,2.4265771544838133e-168,0,,194,100
54,540,1340,2.351655733128443e-184,0,,195,100
55,550,1350,3.584866355921895e-195,0,,194,100
56,560,1360,3.315907666161598e-174,0,,195,100
57,570,1370,9.602677006607363e-168,0,,197,100
58,580,1380,7.343334403444813e-170,0,,199,100
59,590,1390,2.7097421315243633e-173,0,,202,100
60,600,1400,4.487493255688507e-184,0,,202,100
61,610,1410,3.8139885556424224e-182,0,,203,100
62,620,1420,2.9398863438096396e-203,0,,202,100
63,630,1430,2.287766245771856e-221,0,,201,100
64,640,1440,5.915776916044753e-186,0,,198,100
65,650,1450,9.05684663675839e-216,0,,200,100
66,660,1460,3.8375161472360275e-149,0,,201,100
67,670,1470,4.408793161032392e-158,0,,201,100
68,680,1480,1.5132829358425336e-165,0,,201,100
69,690,1490,1.5074471452779363e-127,0,,198,100
70,700,1500,1.852014465185394e-162,0,,197,100
71,710,1510,1.7168051294499148e-115,0,,195,100
72,720,1520,1.2321011764037727e-96,0,,196,100
73,730,1530,4.115936448164603e-89,0,,195,100
74,740,1540,6.239368766276338e-103,0,,193,100
75,750,1550,9.195621782236847e-92,0,,192,100
76,760,1560,1.7216576916303228e-78,0,,190,100
77,770,1570,3.235690151711116e-91,0,,189,100
78,780,1580,1.5853485473215756e-89,0,,190,100
79,790,1590,8.92117746279801e-77,0,,188,100
80,800,1600,9.427108656008862e-79,0,,188,100
81,810,1610,1.5529253674659122e-89,0,,188,100
82,820,1620,2.8652863886064085e-94,0,,188,100
83,830,1630,8.467677775827877e-100,0,,186,100
84,840,1640,1.3863513545926607e-104,0,,188,100
85,850,1650,1.8681486539468026e-108,0,,188,100
86,860,1660,1.6528667883888114e-105,0,,186,100
87,870,1670,5.088896547413106e-103,0,,188,100
88,880,1680,2.8851952133985487e-119,0,,188,100
89,890,1690,5.1404976066627685e-87,0,,189,100
90,900,1700,5.808736078746836e-84,0,,188,100
91,910,1710,3.925750372084687e-113,0,,188,100
92,920,1720,8.084691283585233e-141,0,,188,100
93,930,1730,3.5284784955658236e-141,0,,187,100
94,940,1740,1.327118453230287e-107,0,,186,100
95,950,1750,1.634663638324144e-94,0,,185,100
96,960,1760,2.8922214238627933e-93,0,,187,100
97,970,1770,9.211803202391756e-94,0,,188,100
98,980,1780,1.074262059067257e-119,0,,186,100
99,990,1790,2.2037886439057467e-134,0,,185,100
100,1000,1800,1.0391481355772605e-111,0,,183,100
101,1010,1810,1.3724823928676825e-115,0,,184,100
102,1020,1820,9.105914114208968e-112,0,,185,100
103,1030,1830,6.898908054494261e-128,0,,186,100
104,1040,1840,4.2320978713717425e-127,0,,187,100
105,1050,1850,6.954683223870337e-130,0,,186,100
106,1060,1860,1.3880755869498448e-142,0,,186,100
107,1070,1870,5.174952152349601e-170,0,,184,100
108,1080,1880,3.112082040645154e-176,0,,183,100
109,1090,1890,1.0027759593428815e-157,0,,183,100
110,1100,1900,8.904929607228931e-130,0,,185,100
111,1110,1910,1.3618293054758508e-155,0,,184,100
112,1120,1920,8.605000458590414e-129,0,,180,100
113,1130,1930,1.9846849081095695e-123,0,,180,100
114,1140,1940,2.6608402090384477e-125,0,,181,100
115,1150,1950,1.5292382911121237e-128,0,,181,100
116,1160,1960,3.0590360256714455e-165,0,,183,100
117,1170,1970,1.1374141638751494e-180,0,,183,100
118,1180,1980,1.9752839634830072e-197,0,,183,100
119,1190,1990,2.851968940283126e-166,0,,183,100
120,1200,2000,5.8085510585932615e-186,0,,182,100
121,1210,2010,6.780863771877205e-215,0,,183,100
122,1220,2020,1.244478892940453e-180,0,,183,100
123,1230,2030,3.7849389757425464e-176,0,,182,100
124,1240,2040,3.1237693972560646e-181,0,,181,100
125,1250,2050,9.181743767482478e-160,0,,180,100
126,1260,2060,3.851723957480757e-160,0,,180,100
127,1270,2070,3.7577732826185984e-180,0,,179,100
128,1280,2080,4.5558065326385866e-113,0,,181,100
129,1290,2090,1.3074490781276888e-112,0,,182,100
130,1300,2100,8.39446236476604e-129,0,,180,100
131,1310,2110,4.23255829281157e-129,0,,183,100
132,1320,2120,3.440291930066733e-160,0,,184,100
133,1330,2130,6.44597837574652e-157,0,,183,100
134,1340,2140,2.43516442472654e-176,0,,184,100
135,1350,2150,5.332011218762404e-197,0,,183,100
136,1360,2160,2.8553563492087927e-205,0,,183,100
137,1370,2170,8.373921150227222e-214,0,,180,100
138,1380,2180,2.7182424123897165e-258,0,,178,100
139,1390,2190,6.786037982742545e-164,0,,179,100
140,1400,2200,6.818263403716017e-141,0,,179,100
141,1410,2210,5.823211721545239e-166,0,,180,100
142,1420,2220,3.392541186318248e-159,0,,180,100
143,1430,2230,2.8008175355719565e-159,0,,181,100
144,1440,2240,9.368904404950687e-156,0,,182,100
145,1450,2250,1.0300082040718359e-137,0,,179,100
146,1460,2260,1.4021537463493118e-131,0,,177,100
147,1470,2270,2.0974965924810376e-141,0,,177,100
148,1480,2280,5.1741786326861496e-169,0,,177,100
149,1490,2290,2.9124940483221034e-178,0,,177,100
150,1500,2300,1.8151321818052237e-151,0,,176,100
151,1510,2310,1.4301267049869965e-155,0,,176,100
152,1520,2320,7.840203994646553e-170,0,,176,100
153,1530,2330,1.594264189553379e-169,0,,176,100
154,1540,2340,2.8532025104481515e-171,0,,177,100
155,1550,2350,6.814334050152392e-192,0,,176,100
156,1560,2360,5.843003980103724e-217,0,,175,100
157,1570,2370,1.5980955753684634e-202,0,,174,100
158,1580,2380,9.304796893252891e-241,0,,175,100
159,1590,2390,2.7972906985553944e-168,0,,176,100
160,1600,2400,3.3706696060673516e-203,0,,177,100
161,1610,2410,7.482594629038563e-220,0,,177,100
162,1620,2420,4.836642243495023e-251,0,,176,100
163,1630,2430,4.273901553318484e-177,0,,176,100
164,1640,2440,5.065996569726041e-141,0,,177,100
165,1650,2450,1.4111394458406463e-175,0,,175,100
166,1660,2460,2.3958451812756196e-177,0,,176,100
167,1670,2470,2.295853531893518e-169,0,,177,100
168,1680,2480,5.237969758215402e-202,0,,177,100
169,1690,2490,5.5470585890368434e-198,0,,177,100
170,1700,2500,3.382255135468052e-157,0,,177,100
171,1710,2510,7.939288699662128e-153,0,,178,100
172,1720,2520,3.949064711594389e-168,0,,176,100
173,1730,2530,1.3307895552353008e-157,0,,179,100
174,1740,2540,3.736323141265466e-133,0,,177,100
175,1750,2550,1.797242606965953e-152,0,,176,100
176,1760,2560,1.0572010974725426e-163,0,,175,100
177,1770,2570,7.315017259172702e-130,0,,176,100
178,1780,2580,5.1444628293330406e-164,0,,174,100
179,1790,2590,1.9760355673123404e-156,0,,176,100
180,1800,2600,3.259693160527988e-153,0,,177,100
181,1810,2610,2.0152617280693472e-160,0,,177,100
182,1820,2620,4.690933558424358e-139,0,,178,100
183,1830,2630,2.8737605409273564e-191,0,,176,100
184,1840,2640,2.0109413236627977e-159,0,,176,100
185,1850,2650,5.60108190635786e-198,0,,176,100
186,1860,2660,1.8953061192533506e-179,0,,175,100
187,1870,2670,2.67649134754785e-169,0,,177,100
188,1880,2680,3.8512888735227724e-172,0,,176,100
189,1890,2690,1.2466647198943992e-178,0,,176,100
190,1900,2700,6.608006202145306e-200,0,,174,100
191,1910,2710,1.6797094834461515e-195,0,,176,100
192,1920,2720,2.849092535423557e-215,0,,175,100
193,1930,2730,8.587260703264258e-223,0,,175,100
194,1940,2740,6.591340559882409e-220,0,,177,100
195,1950,2750,2.953849659574474e-168,0,,176,100
196,1960,2760,2.9107901828146e-166,0,,176,100
197,1970,2770,3.855668573939056e-185,0,,177,100
198,1980,2780,4.9607697744628586e-222,0,,173,100
199,1990,2790,1.811264166452978e-216,0,,171,100
200,2000,2800,5.253048899718115e-228,0,,171,100
201,2010,2810,1.4996547401391436e-218,0,,171,100
202,2020,2820,5.802280234915337e-230,0,,172,100
203,2030,2830,2.2993043609948738e-216,0,,174,100
204,2040,2840,1.1622818899673879e-222,0,,176,100
205,2050,2850,1.1521786414800643e-239,0,,174,100
206,2060,2860,8.813662364579551e-197,0,,174,100
207,2070,2870,4.562516567825353e-201,0,,174,100
208,2080,2880,1.3884266049039031e-168,0,,173,100
209,2090,2890,1.1787973754800125e-174,0,,172,100
210,2100,2900,1.3206735824039373e-168,0,,172,100
211,2110,2910,2.5630201463891483e-182,0,,171,100
212,2120,2920,1.9671803751847714e-227,0,,171,100
213,2130,2930,1.8654686760422686e-165,0,,168,100
214,2140,2940,1.5504477885589953e-180,0,,169,100
215,2150,2950,9.993306754391396e-190,0,,169,100
216,2160,2960,5.470930747827617e-223,0,,171,100
217,2170,2970,4.790447014679269e-195,0,,171,100
218,2180,2980,1.448467567277696e-168,0,,171,100
219,2190,2990,5.641779898291855e-145,0,,168,100
220,2200,3000,5.49560186132469e-150,0,,169,100
221,2210,3010,1.4242509359837845e-138,0,,170,100
222,2220,3020,4.59400753667331e-134,0,,169,100
223,2230,3030,9.934865213863206e-140,0,,168,100
224,2240,3040,5.3306162006508967e-154,0,,171,100
225,2250,3050,7.973504179250496e-173,0,,171,100
226,2260,3060,3.998602047923658e-183,0,,169,100
227,2270,3070,7.349261579031786e-215,0,,169,100
228,2280,3080,8.454111286614637e-200,0,,169,100
229,2290,3090,9.758915152910126e-172,0,,169,100
230,2300,3100,5.871342287579398e-189,0,,169,100
231,2310,3110,2.9957188143264614e-160,0,,173,100
232,2320,3120,3.1188993432125805e-178,0,,171,100
233,2330,3130,2.4245140915113675e-165,0,,170,100
234,2340,3140,5.126362081645663e-202,0,,168,100
235,2350,3150,3.287998492446838e-220,0,,168,100
236,2360,3160,4.4251224180020205e-225,0,,168,100
237,2370,3170,8.0023990000684075e-233,0,,168,100
238,2380,3180,3.411856645680016e-211,0,,172,100
239,2390,3190,8.256033868516875e-179,0,,167,100
240,2400,3200,1.3672899703961853e-282,0,,167,100
241,2410,3210,0.0,0,,165,100
242,2420,3220,0.0,0,,166,100
243,2430,3230,2.5107831663546666e-246,0,,165,100
244,2440,3240,5.811883420530332e-263,0,,165,100
245,2450,3250,5.113930144928136e-253,0,,167,100
246,2460,3260,7.501435093353252e-251,0,,170,100
247,2470,3270,6.039064532255819e-196,0,,168,100
248,2480,3280,1.007369736161544e-142,0,,170,100
249,2490,3290,2.3657720724646607e-173,0,,167,100
250,2500,3300,4.934942613458289e-151,0,,166,100
251,2510,3310,2.927890107214651e-160,0,,166,100
252,2520,3320,1.2347031695318714e-157,0,,166,100
253,2530,3330,1.6848642316988784e-213,0,,168,100
254,2540,3340,1.8179905247069666e-214,0,,169,100
255,2550,3350,1.6505184558006913e-191,0,,169,100
256,2560,3360,3.1808310334661596e-163,0,,170,100
257,2570,3370,1.8640284124773732e-160,0,,170,100
258,2580,3380,6.675514772591895e-162,0,,169,100
259,2590,3390,2.1356177457905174e-146,0,,169,100
260,2600,3400,4.006992590389505e-157,0,,169,100
261,2610,3410,1.7196464066749478e-159,0,,169,100
262,2620,3420,2.96841569088492e-175,0,,170,100
263,2630,3430,4.974998763613161e-206,0,,170,100
264,2640,3440,1.3662061432315627e-226,0,,171,100
265,2650,3450,8.667218041965788e-220,0,,171,100
266,2660,3460,5.836114197337871e-258,0,,170,100
267,2670,3470,7.287805980476014e-265,0,,170,100
268,2680,3480,1.0721783427171422e-264,0,,170,100
269,2690,3490,6.915322929915989e-255,0,,170,100
270,2700,3500,2.9265317895860636e-243,0,,172,100
271,2710,3510,1.6731831727517967e-301,0,,169,100
272,2720,3520,4.980298057138346e-281,0,,170,100
273,2730,3530,2.9391395910782587e-276,0,,168,100
274,2740,3540,8.857100411429803e-309,0,,167,100
275,2750,3550,8.6956e-320,0,,169,100
276,2760,3560,6.601326904662113e-165,0,,166,100
277,2770,3570,3.557161763398005e-191,0,,167,100
278,2780,3580,3.638161419978694e-198,0,,169,100
279,2790,3590,7.873057362241824e-206,0,,170,100
280,2800,3600,4.1142848486561743e-193,0,,171,100
281,2810,3610,4.577334826044238e-174,0,,171,100
282,2820,3620,6.312525231004726e-183,0,,171,100
283,2830,3630,5.799399406971083e-190,0,,172,100
284,2840,3640,3.776929580128573e-198,0,,171,100
285,2850,3650,8.745136163949954e-162,0,,171,100
286,2860,3660,3.3834624437095464e-132,0,,170,100
287,2870,3670,1.494544025863791e-121,0,,171,100
288,2880,3680,3.302370312826465e-135,0,,171,100
289,2890,3690,6.391382817318629e-110,0,,170,100
290,2900,3700,4.712786524888023e-109,0,,171,100
291,2910,3710,6.462257740179253e-119,0,,171,100
292,2920,3720,1.277722222644778e-125,0,,171,100
293,2930,3730,6.846146850389886e-107,0,,170,100
294,2940,3740,2.534139949166922e-112,0,,171,100
295,2950,3750,6.554573524958675e-101,0,,171,100
296,2960,3760,3.1422146732986666e-111,0,,172,100
297,2970,3770,1.9544063115656695e-101,0,,172,100
298,2980,3780,5.355436196496707e-85,0,,172,100
299,2990,3790,1.0705580956222733e-87,0,,172,100
300,3000,3800,7.368831123298236e-98,0,,171,100
301,3010,3810,3.9371775817820027e-110,0,,172,100
302,3020,3820,2.3836146266441765e-109,0,,172,100
303,3030,3830,5.69853099615964e-98,0,,170,100
304,3040,3840,6.630855021748598e-103,0,,171,100
305,3050,3850,3.1032859600042527e-46,0,,171,100
306,3060,3860,2.0111579813568692e-41,0,,171,100
307,3070,3870,1.9235915913016914e-47,0,,173,100
308,3080,3880,2.7519076782112373e-48,0,,174,100
309,3090,3890,9.712829371184271e-61,0,,173,100
310,3100,3900,3.4044205637484277e-62,0,,175,100
311,3110,3910,7.05241045352896e-62,0,,174,100
312,3120,3920,1.938584557504516e-56,0,,174,100
313,3130,3930,9.327780791173608e-82,0,,176,100
314,3140,3940,2.313070313617304e-82,0,,177,100
315,3150,3950,3.7516481337870645e-93,0,,179,100
316,3160,3960,2.3087486085389197e-93,0,,180,100
317,3170,3970,4.248780306482638e-80,0,,181,100
318,3180,3980,2.5597978773223525e-94,0,,179,100
319,3190,3990,7.052706108913173e-93,0,,179,100
320,3200,4000,5.272486672635866e-103,0,,181,100
321,3210,4010,2.2519593925956605e-105,0,,182,100
322,3220,4020,1.8668012491345034e-107,0,,183,100
323,3230,4030,2.0523820565575193e-114,0,,183,100
324,3240,4040,6.228366089470519e-142,0,,185,100
325,3250,4050,3.92151464484825e-167,0,,182,100
326,3260,4060,6.545105794886809e-246,0,,177,100
327,3270,4070,3.200785121886576e-276,0,,178,100
328,3280,4080,3.7162651481546517e-283,0,,177,100
329,3290,4090,1.003148740629815e-284,0,,179,100
330,3300,4100,7.343183122595101e-257,0,,177,100
331,3310,4110,2.4391631505355133e-248,0,,179,100
332,3320,4120,6.023529676232675e-244,0,,181,100
333,3330,4130,0.0,0,,178,100
334,3340,4140,0.0,0,,177,100
335,3350,4150,0.0,0,,179,100
336,3360,4160,0.0,0,,176,100
337,3370,4170,2.467021633217425e-286,0,,176,100
338,3380,4180,4.79093504915119e-289,0,,178,100
339,3390,4190,1.4593188278395663e-295,0,,177,100
340,3400,4200,1.750907e-316,0,,176,100
341,3410,4210,2.2541868362721204e-269,0,,177,100
342,3420,4220,5.2355927916236786e-256,0,,179,100
343,3430,4230,2.0408211020575993e-265,0,,174,100
344,3440,4240,5.442925168655871e-300,0,,173,100
345,3450,4250,8.603515024308224e-261,0,,176,100
346,3460,4260,2.4360931751529196e-285,0,,175,100
347,3470,4270,1.4630391144931336e-157,0,,175,100
348,3480,4280,1.8179486166901105e-159,0,,176,100
349,3490,4290,5.439456263649822e-165,0,,178,100
350,3500,4300,4.941412569237405e-152,0,,178,100
351,3510,4310,1.5506945295021623e-166,0,,179,100
352,3520,4320,4.205881179553636e-152,0,,180,100
353,3530,4330,2.4509039783724254e-176,0,,179,100
354,3540,4340,1.2132376191635934e-159,0,,180,100
355,3550,4350,3.9435672361185964e-141,0,,179,100
356,3560,4360,1.4717294378597263e-161,0,,180,100
357,3570,4370,3.5201089880430366e-166,0,,178,100
358,3580,4380,1.406639529349552e-152,0,,180,100
359,3590,4390,9.333807984050976e-182,0,,179,100
360,3600,4400,2.006905693835751e-154,0,,178,100
361,3610,4410,2.3590073184312563e-134,0,,179,100
362,3620,4420,1.1287328358317427e-132,0,,178,100
363,3630,4430,1.6108348467676454e-114,0,,180,100
364,3640,4440,9.349165177911514e-143,0,,182,100
365,3650,4450,5.720389399864881e-143,0,,181,100
366,3660,4460,8.222072193865668e-130,0,,181,100
367,3670,4470,1.2390627855890021e-136,0,,178,100
368,3680,4480,3.579400809011317e-138,0,,182,100
369,3690,4490,6.2792815451923396e-136,0,,184,100
370,3700,4500,1.7167134283708894e-159,0,,184,100
371,3710,4510,1.5120959900849088e-172,0,,183,100
372,3720,4520,1.5234826103742932e-189,0,,185,100
373,3730,4530,6.803205938403605e-194,0,,184,100
374,3740,4540,1.0376045509201134e-144,0,,184,100
375,3750,4550,5.048759237510136e-155,0,,187,100
376,3760,4560,2.5025863734831752e-166,0,,185,100
377,3770,4570,7.615079571390134e-174,0,,186,100
378,3780,4580,1.79761005065343e-184,0,,187,100
379,3790,4590,1.1780213452834786e-161,0,,187,100
380,3800,4600,1.372022917355945e-162,0,,184,100
381,3810,4610,1.5894529770603348e-161,0,,185,100
382,3820,4620,1.5009218642211883e-171,0,,186,100
383,3830,4630,6.529593797180896e-184,0,,187,100
384,3840,4640,5.515375690331315e-159,0,,185,100
385,3850,4650,6.984407595809381e-154,0,,186,100
386,3860,4660,2.791169727218984e-119,0,,185,100
387,3870,4670,7.828531203641579e-122,0,,184,100
388,3880,4680,5.858034238568842e-117,0,,185,100
389,3890,4690,2.289266284343226e-130,0,,186,100
390,3900,4700,3.266533815878801e-152,0,,185,100
391,3910,4710,9.43083048954487e-143,0,,185,100
392,3920,4720,4.7163126263075315e-117,0,,184,100
393,3930,4730,3.3260103887197725e-124,0,,185,100
394,3940,4740,1.427096025593663e-123,0,,183,100
395,3950,4750,3.300175257827871e-121,0,,185,100
396,3960,4760,2.6883777597401358e-117,0,,183,100
397,3970,4770,1.2177916754910332e-140,0,,184,100
398,3980,4780,1.4790899873045106e-139,0,,186,100
399,3990,4790,3.2359544962112047e-127,0,,186,100
400,4000,4800,5.841504783873806e-145,0,,185,100
401,4010,4810,1.3106409607586905e-157,0,,186,100
402,4020,4820,8.992149704158479e-146,0,,186,100
403,4030,4830,1.5083945697012472e-113,0,,186,100
404,4040,4840,2.4385890163337605e-153,0,,186,100
405,4050,4850,8.562363656165308e-154,0,,184,100
406,4060,4860,1.4413834854535335e-149,0,,187,100
407,4070,4870,4.172905767024443e-193,0,,184,100
408,4080,4880,6.0427203736947925e-143,0,,184,100
409,4090,4890,3.2285430644797945e-187,0,,183,100
410,4100,4900,1.0055827777870752e-144,0,,185,100
411,4110,4910,3.477486797232647e-139,0,,184,100
412,4120,4920,6.402533256862061e-173,0,,183,100
413,4130,4930,2.2942222697851592e-167,0,,184,100
414,4140,4940,5.394554909471533e-169,0,,185,100
415,4150,4950,1.0257192192913458e-123,0,,186,100
416,4160,4960,7.399067450458259e-137,0,,187,100
417,4170,4970,2.0574532165326076e-131,0,,189,100
418,4180,4980,6.231917141627624e-150,0,,190,100
419,4190,4990,7.6578725890923285e-165,0,,188,100
420,4200,5000,1.0179702928836982e-149,0,,190,100
421,4210,5010,2.893950717212014e-169,0,,190,100
422,4220,5020,7.211560514651145e-170,0,,192,100
423,4230,5030,1.224829723576857e-216,0,,192,100
424,4240,5040,7.889509077351222e-195,0,,194,100
425,4250,5050,1.5942846298415607e-218,0,,194,100
426,4260,5060,3.2343895909891164e-208,0,,193,100
427,4270,5070,5.40391908598029e-239,0,,194,100
428,4280,5080,8.030535408581546e-292,0,,194,100
429,4290,5090,3.1802706709600156e-253,0,,190,100
430,4300,5100,5.552959871447113e-255,0,,190,100
431,4310,5110,2.0184830551627827e-276,0,,193,100
432,4320,5120,3.1427811547805143e-254,0,,193,100
433,4330,5130,4.0029618724102024e-240,0,,193,100
434,4340,5140,1.1986415296983086e-239,0,,195,100
435,4350,5150,5.096260329046776e-232,0,,194,100
436,4360,5160,6.189096272394666e-186,0,,193,100
437,4370,5170,1.1041820072105979e-181,0,,193,100
438,4380,5180,5.981106468667959e-161,0,,193,100
439,4390,5190,1.0641906304202563e-172,0,,192,100
440,4400,5200,2.8015515587042558e-157,0,,192,100
441,4410,5210,1.0960273556885467e-146,0,,190,100
442,4420,5220,8.738961761201647e-154,0,,189,100
443,4430,5230,5.006120771626891e-120,0,,188,100
444,4440,5240,3.9947904582417127e-131,0,,188,100
445,4450,5250,3.361525908642577e-123,0,,188,100
446,4460,5260,5.7547551735490746e-111,0,,187,100
447,4470,5270,4.008327971514963e-105,0,,190,100
448,4480,5280,2.737519130247565e-119,0,,188,100
449,4490,5290,1.1466037754166432e-122,0,,189,100
450,4500,5300,3.0197579691016627e-107,0,,188,100
451,4510,5310,1.5755538919030537e-135,0,,187,100
452,4520,5320,3.2651126711391897e-127,0,,187,100
453,4530,5330,1.3483105012962692e-134,0,,188,100
454,4540,5340,2.0964332401450778e-120,0,,189,100
455,4550,5350,3.7765712234000124e-132,0,,188,100
456,4560,5360,3.1416011250052844e-125,0,,189,100
457,4570,5370,3.157026361333156e-142,0,,188,100
458,4580,5380,8.762192786666438e-117,0,,191,100
459,4590,5390,1.5496158059465794e-134,0,,193,100
460,4600,5400,3.285898069196919e-152,0,,192,100
461,4610,5410,2.3914049934974133e-157,0,,193,100
462,4620,5420,3.829690887454721e-152,0,,193,100
463,4630,5430,5.308171106553136e-166,0,,192,100
464,4640,5440,1.1686637969833198e-193,0,,191,100
465,4650,5450,2.077087844697893e-185,0,,192,100
466,4660,5460,2.0050824592261378e-196,0,,192,100
467,4670,5470,1.857584936096402e-178,0,,191,100
468,4680,5480,2.9449050617343452e-179,0,,191,100
469,4690,5490,6.203145607427786e-220,0,,190,100
470,4700,5500,8.96338008245107e-230,0,,189,100
471,4710,5510,1.5780473677462785e-208,0,,191,100
472,4720,5520,9.007062329582301e-194,0,,191,100
473,4730,5530,1.6131831561063702e-194,0,,190,100
474,4740,5540,8.58648742210939e-154,0,,189,100
475,4750,5550,6.922509269188947e-143,0,,188,100
476,4760,5560,3.603399123966979e-166,0,,187,100
477,4770,5570,1.743546582593879e-158,0,,187,100
478,4780,5580,4.1430365951473016e-164,0,,185,100
479,4790,5590,4.946842117051307e-164,0,,187,100
480,4800,5600,2.812592810296925e-184,0,,188,100
481,4810,5610,1.1345331919776064e-143,0,,186,100
482,4820,5620,6.869096054002984e-166,0,,186,100
483,4830,5630,7.436766388697675e-165,0,,185,100
484,4840,5640,6.15710174808404e-177,0,,186,100
485,4850,5650,1.1730694749327654e-135,0,,188,100
486,4860,5660,3.783973365889792e-131,0,,189,100
487,4870,5670,1.622431941172737e-127,0,,189,100
488,4880,5680,2.5646202697096193e-121,0,,188,100
489,4890,5690,9.501325279259997e-120,0,,189,100
490,4900,5700,2.2315364618822014e-116,0,,189,100
491,4910,5710,3.530167328688446e-86,0,,190,100
492,4920,5720,9.518537010896722e-83,0,,191,100
493,4930,5730,6.473932678106494e-91,0,,191,100
494,4940,5740,1.9930914378826992e-106,0,,191,100
495,4950,5750,1.6822817372970808e-114,0,,193,100
496,4960,5760,1.6248032710127727e-123,0,,190,100
497,4970,5770,3.114879056608708e-126,0,,189,100
498,4980,5780,2.6406487343547892e-145,0,,189,100
499,4990,5790,4.488494872766261e-106,0,,191,100
500,5000,5800,9.536518292763712e-99,0,,190,100
501,5010,5810,8.908881437956107e-106,0,,190,100
502,5020,5820,1.120178455011421e-88,0,,188,100
503,5030,5830,1.4112724358673356e-74,0,,186,100
504,5040,5840,6.33973787801087e-81,0,,186,100
505,5050,5850,1.4580637035026886e-82,0,,188,100
506,5060,5860,6.40560634234514e-67,0,,188,100
507,5070,5870,1.5899049263694706e-66,0,,189,100
508,5080,5880,1.3081010169345984e-69,0,,191,100
509,5090,5890,3.9816766703734814e-66,0,,192,100
510,5100,5900,3.0387368941423454e-65,0,,190,100
511,5110,5910,2.2640438636609387e-73,0,,189,100
512,5120,5920,2.1203437367638634e-85,0,,187,100
513,5130,5930,1.138916161807967e-84,0,,190,100
514,5140,5940,1.7108958714334354e-93,0,,191,100
515,5150,5950,1.4651066914706136e-103,0,,189,100
516,5160,5960,1.367873369549063e-83,0,,190,100
517,5170,5970,3.3899117844184554e-120,0,,188,100
518,5180,5980,2.737285140410386e-108,0,,192,100
519,5190,5990,1.5245418851659622e-110,0,,191,100
520,5200,6000,4.9659805150924115e-117,0,,193,100
521,5210,6010,9.298737208402104e-128,0,,193,100
522,5220,6020,5.956796426455529e-133,0,,192,100
523,5230,6030,3.3538392869746e-133,0,,190,100
524,5240,6040,1.6236238910255014e-141,0,,188,100
525,5250,6050,9.499623959877282e-121,0,,190,100
526,5260,6060,1.6080535955757402e-140,0,,190,100
527,5270,6070,1.1112383424677723e-148,0,,187,100
528,5280,6080,3.8779603775078413e-162,0,,188,100
529,5290,6090,1.561008360429152e-180,0,,187,100
530,5300,6100,2.399056526576233e-189,0,,186,100
531,5310,6110,2.4444070144875793e-215,0,,184,100
532,5320,6120,5.530610305032091e-252,0,,185,100
533,5330,6130,1.422747213280937e-173,0,,184,100
534,5340,6140,8.616240993875786e-181,0,,183,100
535,5350,6150,4.023588231253173e-191,0,,183,100
536,5360,6160,3.1623559567768816e-199,0,,182,100
537,5370,6170,1.4478153881481314e-144,0,,181,100
538,5380,6180,3.2533463347009625e-156,0,,177,100
539,5390,6190,2.7124660429628255e-156,0,,179,100
540,5400,6200,3.2271387150181956e-129,0,,179,100
541,5410,6210,1.1929477972764603e-146,0,,178,100
542,5420,6220,4.548613264923231e-151,0,,178,100
543,5430,6230,2.6817811264886014e-143,0,,182,100
544,5440,6240,1.475290302179961e-137,0,,182,100
545,5450,6250,7.784514531647792e-134,0,,182,100
546,5460,6260,6.649878904330613e-143,0,,182,100
547,5470,6270,5.461601055611217e-137,0,,183,100
548,5480,6280,2.733418826367767e-120,0,,181,100
549,5490,6290,2.200554791337845e-102,0,,181,100
550,5500,6300,3.2078129577322097e-128,0,,180,100
551,5510,6310,3.558675863500375e-125,0,,178,100
552,5520,6320,5.004456935167093e-159,0,,179,100
553,5530,6330,1.8948265676908818e-172,0,,178,100
554,5540,6340,7.70858537876774e-151,0,,178,100
555,5550,6350,1.4951372954752564e-133,0,,178,100
556,5560,6360,3.4098700026680286e-137,0,,177,100
557,5570,6370,2.548142144253933e-136,0,,177,100
558,5580,6380,8.132513947114209e-139,0,,174,100
559,5590,6390,2.5949469866400817e-145,0,,174,100
560,5600,6400,4.5704950871880594e-167,0,,174,100
561,5610,6410,6.928297164637818e-163,0,,174,100
562,5620,6420,1.3327896131649057e-143,0,,171,100
563,5630,6430,1.641031070787451e-149,0,,171,100
564,5640,6440,5.575498831846421e-144,0,,172,100
565,5650,6450,1.529941335725357e-166,0,,167,100
566,5660,6460,1.2870573249321479e-163,0,,167,100
567,5670,6470,8.319318762129243e-161,0,,169,100
568,5680,6480,4.975367318201314e-170,0,,169,100
569,5690,6490,3.3529878113574248e-164,0,,168,100
570,5700,6500,1.927764888761578e-168,0,,167,100
571,5710,6510,4.219561140887318e-171,0,,166,100
572,5720,6520,1.4875092098294707e-193,0,,165,100
573,5730,6530,7.097499425385408e-165,0,,165,100
574,5740,6540,6.548617805859673e-134,0,,165,100
575,5750,6550,4.935090827369906e-150,0,,165,100
576,5760,6560,2.1779801263060143e-136,0,,165,100
577,5770,6570,1.8520775113067182e-128,0,,166,100
578,5780,6580,1.4440637792720015e-146,0,,163,100
579,5790,6590,1.6104655003541863e-130,0,,163,100
580,5800,6600,2.8271176349567656e-141,0,,165,100
581,5810,6610,1.0281601872333125e-113,0,,165,100
582,5820,6620,2.804015024868089e-122,0,,165,100
583,5830,6630,3.053082859129254e-118,0,,167,100
584,5840,6640,2.748134927273269e-111,0,,165,100
585,5850,6650,2.389909589792645e-120,0,,164,100
586,5860,6660,1.3359840528988441e-126,0,,161,100
587,5870,6670,1.8049078111032942e-160,0,,163,100
588,5880,6680,1.6108229670824908e-169,0,,162,100
589,5890,6690,2.9210943739713876e-171,0,,164,100
590,5900,6700,1.4597662050035566e-178,0,,163,100
591,5910,6710,2.3431720117120713e-195,0,,164,100
592,5920,6720,5.8819100365197135e-176,0,,164,100
593,5930,6730,3.674771535019316e-200,0,,163,100
594,5940,6740,1.1342509775018168e-193,0,,166,100
595,5950,6750,1.2216405147527404e-209,0,,165,100
596,5960,6760,2.7185345889948523e-212,0,,167,100
597,5970,6770,7.629221756601853e-215,0,,165,100
598,5980,6780,1.0084987231377635e-192,0,,162,100
599,5990,6790,7.78265216835013e-183,0,,163,100
600,6000,6800,7.192974568504663e-161,0,,163,100
601,6010,6810,8.510113550166909e-180,0,,165,100
602,6020,6820,3.377859072510686e-192,0,,167,100
603,6030,6830,3.9323973947291033e-213,0,,168,100
604,6040,6840,6.937220917186555e-240,0,,168,100
605,6050,6850,1.157577746680972e-262,0,,166,100
606,6060,6860,3.940530700404237e-220,0,,168,100
607,6070,6870,5.825343137832655e-231,0,,170,100
608,6080,6880,1.9801352431725253e-211,0,,172,100
609,6090,6890,1.298820824979477e-189,0,,170,100
610,6100,6900,2.228201002496741e-196,0,,169,100
611,6110,6910,1.2404565293027416e-205,0,,171,100
612,6120,6920,2.011571513846182e-160,0,,168,100
613,6130,6930,1.1400602767617379e-190,0,,168,100
614,6140,6940,5.559473329846835e-189,0,,170,100
615,6150,6950,1.4999950908391833e-199,0,,171,100
616,6160,6960,2.761927305883762e-181,0,,171,100
617,6170,6970,5.4568879551649144e-167,0,,172,100
618,6180,6980,9.63602622997793e-125,0,,172,100
619,6190,6990,7.181717389647872e-128,0,,172,100
620,6200,7000,8.356689243590306e-119,0,,174,100
621,6210,7010,7.200900167670118e-156,0,,172,100
622,6220,7020,6.00143939057748e-171,0,,172,100
623,6230,7030,1.0076551834162056e-105,0,,169,100
624,6240,7040,1.8370285676909221e-121,0,,170,100
625,6250,7050,5.491646675966783e-110,0,,169,100
626,6260,7060,2.0553461596375572e-112,0,,171,100
627,6270,7070,2.555284759360538e-121,0,,172,100
628,6280,7080,9.983598861913819e-137,0,,171,100
629,6290,7090,1.877176458738049e-116,0,,171,100
630,6300,7100,4.676379536890593e-118,0,,172,100
631,6310,7110,4.67985569262644e-126,0,,172,100
632,6320,7120,2.2636779416635784e-129,0,,172,100
633,6330,7130,1.798234398184762e-119,0,,171,100
634,6340,7140,4.9352440187268286e-141,0,,171,100
635,6350,7150,2.1429079799540026e-148,0,,173,100
636,6360,7160,2.396826772563909e-174,0,,172,100
637,6370,7170,4.2546035017232565e-164,0,,174,100
638,6380,7180,5.7222090575411214e-154,0,,173,100
639,6390,7190,1.1067719226723658e-177,0,,172,100
640,6400,7200,2.476097560856463e-140,0,,173,100
641,6410,7210,3.663482077514891e-146,0,,174,100
642,6420,7220,1.3144889732361012e-140,0,,176,100
643,6430,7230,1.3117633998128977e-147,0,,178,100
644,6440,7240,3.998246945517533e-141,0,,178,100
645,6450,7250,1.2293866170139097e-136,0,,180,100
646,6460,7260,4.7064755381156936e-161,0,,179,100
647,6470,7270,7.616028768163356e-198,0,,181,100
648,6480,7280,1.0498722383615751e-175,0,,180,100
649,6490,7290,3.1921253950146253e-175,0,,181,100
650,6500,7300,2.434854707819509e-169,0,,179,100
651,6510,7310,7.217494919495203e-158,0,,178,100
652,6520,7320,3.711537232778939e-167,0,,177,100
653,6530,7330,8.875142302295665e-173,0,,179,100
654,6540,7340,2.503592139219191e-145,0,,180,100
655,6550,7350,7.320644277221681e-144,0,,178,100
656,6560,7360,9.364733056035083e-161,0,,176,100
657,6570,7370,2.730819639248833e-169,0,,176,100
658,6580,7380,1.1354109506766728e-171,0,,177,100
659,6590,7390,3.049160848738003e-135,0,,175,100
660,6600,7400,1.0220488961681166e-127,0,,175,100
661,6610,7410,2.2673523677680344e-140,0,,175,100
662,6620,7420,5.6736006853546696e-145,0,,174,100
663,6630,7430,5.320667013704577e-157,0,,174,100
664,6640,7440,1.239819085847841e-150,0,,176,100
665,6650,7450,6.91575978084571e-123,0,,176,100
666,6660,7460,1.4242348285061322e-134,0,,176,100
667,6670,7470,5.9984512346664836e-123,0,,176,100
668,6680,7480,7.83028139782649e-135,0,,173,100
669,6690,7490,1.608261806120387e-132,0,,173,100
670,6700,7500,1.991578428473037e-146,0,,173,100
671,6710,7510,5.846237435483719e-141,0,,172,100
672,6720,7520,9.360970408576456e-151,0,,172,100
673,6730,7530,8.639754549204437e-175,0,,171,100
674,6740,7540,6.90294737448416e-216,0,,171,100
675,6750,7550,7.166184234069371e-224,0,,170,100
676,6760,7560,3.16667134311017e-241,0,,170,100
677,6770,7570,1.9033350912676286e-192,0,,171,100
678,6780,7580,1.6606407963433927e-189,0,,169,100
679,6790,7590,6.999179367938633e-167,0,,169,100
680,6800,7600,1.3127918270291124e-206,0,,170,100
681,6810,7610,8.671397830869514e-201,0,,170,100
682,6820,7620,1.715787440633207e-180,0,,169,100
683,6830,7630,1.2424823649559461e-197,0,,168,100
684,6840,7640,1.744807209387396e-221,0,,169,100
685,6850,7650,1.1883924854725933e-236,0,,170,100
686,6860,7660,1.0300053955074605e-206,0,,166,100
687,6870,7670,8.161957216391571e-188,0,,166,100
688,6880,7680,2.86058390477553e-200,0,,166,100
689,6890,7690,2.640518356910788e-158,0,,168,100
690,6900,7700,7.114914074447136e-158,0,,169,100
691,6910,7710,3.258276707483599e-135,0,,169,100
692,6920,7720,3.164423360307363e-141,0,,170,100
693,6930,7730,1.8537920131121223e-168,0,,169,100
694,6940,7740,9.875758850000986e-160,0,,171,100
695,6950,7750,2.5587725286250656e-171,0,,170,100
696,6960,7760,3.1479107660659355e-175,0,,171,100
697,6970,7770,4.569335648586555e-192,0,,172,100
698,6980,7780,1.5223259548334197e-181,0,,171,100
699,6990,7790,1.8596478299053537e-176,0,,168,100
700,7000,7800,2.1871243032073903e-185,0,,169,100
701,7010,7810,2.9522505929311106e-158,0,,169,100
702,7020,7820,1.7792789859884593e-133,0,,171,100
703,7030,7830,1.0038450151322322e-137,0,,171,100
704,7040,7840,3.291239160575318e-171,0,,170,100
705,7050,7850,1.267439796203776e-178,0,,171,100
706,7060,7860,2.0830928358113307e-157,0,,167,100
707,7070,7870,1.2152916901219453e-148,0,,169,100
708,7080,7880,2.2223639914303622e-162,0,,168,100
709,7090,7890,6.806800494463365e-172,0,,167,100
710,7100,7900,8.116503015547941e-165,0,,169,100
711,7110,7910,5.764311278279403e-145,0,,169,100
712,7120,7920,1.1952819152011585e-160,0,,171,100
713,7130,7930,6.804342020588163e-193,0,,170,100
714,7140,7940,4.603362748795139e-211,0,,170,100
715,7150,7950,7.037538276037887e-205,0,,172,100
716,7160,7960,4.708526578560591e-164,0,,173,100
717,7170,7970,3.571503559965265e-184,0,,175,100
718,7180,7980,1.479211404131807e-189,0,,174,100
719,7190,7990,1.541752193827824e-199,0,,174,100
720,7200,8000,9.310557362452844e-188,0,,173,100
721,7210,8010,2.751477041221273e-183,0,,172,100
722,7220,8020,3.9038000075878044e-200,0,,170,100
723,7230,8030,1.0013417886658421e-176,0,,170,100
724,7240,8040,2.4776183582347118e-160,0,,169,100
725,7250,8050,2.0528795529798834e-168,0,,168,100
726,7260,8060,5.743013455250952e-153,0,,170,100
727,7270,8070,1.3742902815118459e-148,0,,169,100
728,7280,8080,6.040790268835137e-133,0,,172,100
729,7290,8090,1.715880535462377e-145,0,,171,100
730,7300,8100,1.7383726257336703e-161,0,,170,100
731,7310,8110,1.635755577381685e-144,0,,171,100
732,7320,8120,1.9032010122984864e-157,0,,171,100
733,7330,8130,2.80973360451238e-153,0,,166,100
734,7340,8140,5.120147984425521e-124,0,,169,100
735,7350,8150,5.047316391368639e-148,0,,168,100
736,7360,8160,4.918850606275154e-152,0,,168,100
737,7370,8170,1.409900528800119e-165,0,,167,100
738,7380,8180,1.0492266346206408e-161,0,,169,100
739,7390,8190,6.001948092987123e-153,0,,168,100
740,7400,8200,3.915820755461313e-164,0,,167,100
741,7410,8210,5.050305781408697e-166,0,,170,100
742,7420,8220,3.1523159312953797e-82,0,,169,100
743,7430,8230,2.678563354423053e-84,0,,168,100
744,7440,8240,2.2557826140537843e-82,0,,166,100
745,7450,8250,5.628983407843169e-74,0,,168,100
746,7460,8260,2.5006701058473943e-79,0,,166,100
747,7470,8270,1.7204234497395288e-91,0,,167,100
748,7480,8280,5.486581548394718e-92,0,,168,100
749,7490,8290,1.4930532721072695e-112,0,,167,100
750,7500,8300,1.050541810362798e-108,0,,169,100
751,7510,8310,5.257841475178864e-122,0,,166,100
752,7520,8320,2.0156301280751632e-100,0,,168,100
753,7530,8330,8.510954365515339e-109,0,,167,100
754,7540,8340,1.4947748628469437e-139,0,,168,100
755,7550,8350,1.242708377928023e-125,0,,170,100
756,7560,8360,6.5890255911556175e-112,0,,169,100
757,7570,8370,1.9400789889069643e-108,0,,171,100
758,7580,8380,9.123899695031324e-130,0,,171,100
759,7590,8390,6.426852188836651e-134,0,,171,100
760,7600,8400,1.0330952594764526e-148,0,,169,100
761,7610,8410,9.546404456775222e-164,0,,169,100
762,7620,8420,4.701449723578965e-131,0,,170,100
763,7630,8430,2.0541349364495986e-131,0,,171,100
764,7640,8440,3.280799594712841e-134,0,,170,100
765,7650,8450,2.9263100143927182e-154,0,,168,100
766,7660,8460,7.07275418865683e-186,0,,167,100
767,7670,8470,2.7106234884792022e-164,0,,168,100
768,7680,8480,3.9156801485440814e-171,0,,168,100
769,7690,8490,3.1643764663222694e-172,0,,169,100
770,7700,8500,7.601695363781168e-225,0,,167,100
771,7710,8510,8.459330403496365e-200,0,,167,100
772,7720,8520,5.951400071942967e-204,0,,169,100
773,7730,8530,2.2640402474761126e-136,0,,165,100
774,7740,8540,7.982459418017638e-149,0,,165,100
775,7750,8550,8.844699174909189e-151,0,,166,100
776,7760,8560,5.326575783893452e-150,0,,167,100
777,7770,8570,1.603953600699676e-165,0,,167,100
778,7780,8580,2.2765354730392474e-147,0,,167,100
779,7790,8590,6.769476660606207e-153,0,,167,100
780,7800,8600,4.731692427005692e-124,0,,165,100
781,7810,8610,1.7121424735857171e-115,0,,163,100
782,7820,8620,8.470184752142406e-107,0,,164,100
783,7830,8630,7.376331854971332e-111,0,,166,100
784,7840,8640,9.289929113266933e-106,0,,164,100
785,7850,8650,2.135134434159351e-102,0,,167,100
786,7860,8660,5.216101056429905e-100,0,,167,100
787,7870,8670,4.601833432537814e-103,0,,167,100
788,7880,8680,1.3125274248622266e-100,0,,166,100
789,7890,8690,2.66354240560567e-101,0,,167,100
790,7900,8700,3.8533467529699384e-121,0,,168,100
791,7910,8710,1.494449216008785e-122,0,,166,100
792,7920,8720,1.3823528645507523e-122,0,,166,100
793,7930,8730,7.484336967081399e-89,0,,166,100
794,7940,8740,8.48601327142194e-102,0,,166,100
795,7950,8750,1.5108985604103452e-100,0,,167,100
796,7960,8760,2.7229430089499768e-101,0,,166,100
797,7970,8770,5.282305045635499e-107,0,,170,100
798,7980,8780,1.1243925387149726e-120,0,,167,100
799,7990,8790,5.817678264167952e-130,0,,170,100
800,8000,8800,9.551242816373377e-147,0,,170,100
801,8010,8810,1.4117443017163993e-146,0,,169,100
802,8020,8820,4.15808170663057e-161,0,,169,100
803,8030,8830,2.1423755861511967e-114,0,,168,100
804,8040,8840,2.7022306294613093e-123,0,,171,100
805,8050,8850,4.5323084716451354e-126,0,,171,100
806,8060,8860,1.4686808282182552e-131,0,,170,100
807,8070,8870,3.806790018227204e-135,0,,169,100
808,8080,8880,2.734846355754924e-157,0,,168,100
809,8090,8890,6.417477582709155e-138,0,,169,100
810,8100,8900,1.356669124474022e-162,0,,168,100
811,8110,8910,5.5749950562464225e-173,0,,173,100
812,8120,8920,2.074286595685632e-163,0,,175,100
813,8130,8930,2.110138825630774e-178,0,,174,100
814,8140,8940,1.1864827889813287e-175,0,,172,100
815,8150,8950,6.682658936051967e-157,0,,174,100
816,8160,8960,3.31663677084611e-170,0,,176,100
817,8170,8970,3.974923037781819e-139,0,,176,100
818,8180,8980,1.3515578038039943e-164,0,,177,100
819,8190,8990,3.051727495657621e-165,0,,178,100
820,8200,9000,7.680723686504702e-174,0,,181,100
821,8210,9010,2.119321485672175e-176,0,,179,100
822,8220,9020,5.2041390451293875e-176,0,,180,100
823,8230,9030,7.378261490640646e-188,0,,179,100
824,8240,9040,6.419447273006726e-164,0,,178,100
825,8250,9050,4.735431382503924e-185,0,,179,100
826,8260,9060,4.0228390143857305e-180,0,,179,100
827,8270,9070,7.566901795275215e-207,0,,181,100
828,8280,9080,3.636501225565671e-198,0,,179,100
829,8290,9090,1.1309008129526225e-206,0,,179,100
830,8300,9100,2.3897403681735122e-181,0,,180,100
831,8310,9110,6.096891223800265e-193,0,,180,100
832,8320,9120,4.2212759539483015e-178,0,,179,100
833,8330,9130,5.4190119791275795e-182,0,,179,100
834,8340,9140,2.5642273487957286e-192,0,,177,100
835,8350,9150,2.6322124130412175e-152,0,,173,100
836,8360,9160,2.0275982961562522e-159,0,,175,100
837,8370,9170,1.970521125614608e-142,0,,173,100
838,8380,9180,5.2117452302049313e-135,0,,175,100
839,8390,9190,8.913126840393805e-131,0,,176,100
840,8400,9200,9.017910212024176e-122,0,,176,100
841,8410,9210,1.0926267609138948e-139,0,,174,100
842,8420,9220,8.290651271969323e-143,0,,176,100
843,8430,9230,4.684307392280634e-147,0,,174,100
844,8440,9240,4.332219346591795e-139,0,,177,100
845,8450,9250,4.331616949237851e-155,0,,178,100
846,8460,9260,1.6363058395614092e-132,0,,179,100
847,8470,9270,4.3578488618466185e-136,0,,181,100
848,8480,9280,1.1004657642612802e-130,0,,181,100
849,8490,9290,6.001924032983199e-135,0,,180,100
850,8500,9300,1.0954956828580962e-195,0,,178,100
851,8510,9310,2.4600953291800454e-171,0,,178,100
852,8520,9320,3.0929131947205694e-225,0,,180,100
853,8530,9330,2.2948288119353136e-159,0,,180,100
854,8540,9340,1.2727581876587186e-152,0,,180,100
855,8550,9350,7.465875390265046e-148,0,,179,100
856,8560,9360,9.67937024107812e-134,0,,180,100
857,8570,9370,5.003064503873072e-150,0,,180,100
858,8580,9380,5.49660231222587e-147,0,,180,100
859,8590,9390,3.3256875329116346e-131,0,,181,100
860,8600,9400,9.835547914705831e-149,0,,182,100
861,8610,9410,5.362067900447854e-157,0,,181,100
862,8620,9420,3.3130068379033087e-150,0,,182,100
863,8630,9430,3.872105845799861e-197,0,,180,100
864,8640,9440,1.2775462428709394e-192,0,,183,100
865,8650,9450,7.873343315581668e-130,0,,181,100
866,8660,9460,3.8009156070298984e-125,0,,182,100
867,8670,9470,6.721954923999754e-161,0,,185,100
868,8680,9480,3.9696050123362824e-178,0,,185,100
869,8690,9490,1.1226151638019585e-189,0,,185,100
870,8700,9500,1.984822982478245e-123,0,,183,100
871,8710,9510,1.911670308085365e-93,0,,183,100
872,8720,9520,7.881402913441095e-110,0,,184,100
873,8730,9530,4.35962425284771e-107,0,,183,100
874,8740,9540,5.829134703908463e-115,0,,180,100
875,8750,9550,1.4321496565063085e-106,0,,181,100
876,8760,9560,9.335894528355436e-119,0,,181,100
877,8770,9570,9.584009920442727e-116,0,,179,100
878,8780,9580,8.61606166086362e-115,0,,180,100
879,8790,9590,4.857397742499942e-124,0,,179,100
880,8800,9600,1.4061943572086629e-126,0,,180,100
881,8810,9610,1.5731635992478241e-134,0,,181,100
882,8820,9620,1.0965135685794414e-141,0,,184,100
883,8830,9630,1.197857439114423e-143,0,,182,100
884,8840,9640,2.84587002489762e-155,0,,181,100
885,8850,9650,1.2955835633509524e-197,0,,181,100
886,8860,9660,1.9915039117299398e-175,0,,180,100
887,8870,9670,3.101277645702419e-180,0,,179,100
888,8880,9680,9.371697895452136e-149,0,,180,100
889,8890,9690,4.273174573997506e-145,0,,184,100
890,8900,9700,4.5878586181118186e-161,0,,181,100
891,8910,9710,4.8105037496347066e-135,0,,176,100
892,8920,9720,5.256957663943327e-111,0,,178,100
893,8930,9730,5.104270291824577e-148,0,,178,100
894,8940,9740,1.1626882681360987e-120,0,,177,100
895,8950,9750,4.151787998688139e-136,0,,178,100
896,8960,9760,1.0245312278444745e-97,0,,177,100
897,8970,9770,5.561271196737806e-98,0,,177,100
898,8980,9780,8.701523990603832e-131,0,,175,100
899,8990,9790,7.817321752661868e-156,0,,174,100
900,9000,9800,1.442118261442173e-120,0,,172,100
901,9010,9810,5.651987705010343e-136,0,,172,100
902,9020,9820,6.29422207529263e-149,0,,173,100
903,9030,9830,1.4168134039461274e-154,0,,174,100
904,9040,9840,1.964378358808655e-160,0,,172,100
905,9050,9850,4.97641888087465e-177,0,,172,100
906,9060,9860,1.3650085703557116e-183,0,,172,100
907,9070,9870,2.851625210751447e-190,0,,169,100
908,9080,9880,9.307473933801107e-213,0,,172,100
909,9090,9890,7.074899286322644e-225,0,,171,100
910,9100,9900,6.309178834772248e-229,0,,172,100
911,9110,9910,7.093061760174844e-104,0,,173,100
912,9120,9920,1.472166622779236e-127,0,,173,100
913,9130,9930,6.02291146443183e-127,0,,174,100
914,9140,9940,1.0671887309797177e-109,0,,173,100
915,9150,9950,1.2401136919318346e-116,0,,176,100
916,9160,9960,1.5832921229929583e-115,0,,175,100
917,9170,9970,3.15461824435834e-156,0,,173,100
918,9180,9980,2.759828586198898e-135,0,,174,100
919,9190,9990,1.3411385690879034e-98,0,,174,100
920,9200,10000,2.2556889884369516e-101,0,,175,100
921,9210,10010,1.4394385472751362e-89,0,,176,100
922,9220,10020,3.6539818710123826e-99,0,,178,100
923,9230,10030,4.138485730608526e-103,0,,179,100
924,9240,10040,1.5507235151788815e-98,0,,177,100
925,9250,10050,8.548664074799233e-112,0,,176,100
926,9260,10060,2.597996704823917e-121,0,,178,100
927,9270,10070,5.398186951480408e-128,0,,176,100
928,9280,10080,8.288445119953673e-154,0,,174,100
929,9290,10090,1.2801405267508982e-164,0,,175,100
930,9300,10100,3.169527159537007e-98,0,,176,100
931,9310,10110,9.678531284986551e-138,0,,176,100
932,9320,10120,3.9044624210810525e-130,0,,172,100
933,9330,10130,7.904518198813904e-138,0,,172,100
934,9340,10140,2.3104002673496913e-147,0,,171,100
935,9350,10150,1.516132823184848e-165,0,,171,100
936,9360,10160,5.702328296562146e-143,0,,171,100
937,9370,10170,5.899215083244893e-152,0,,171,100
938,9380,10180,9.58729896872452e-165,0,,170,100
939,9390,10190,9.140730759550682e-174,0,,170,100
940,9400,10200,4.058464000282874e-185,0,,171,100
941,9410,10210,1.7042801459934506e-174,0,,170,100
942,9420,10220,4.995576158158186e-159,0,,171,100
943,9430,10230,1.6077525484767236e-167,0,,172,100
944,9440,10240,3.829245304406997e-161,0,,171,100
945,9450,10250,1.760610481398218e-164,0,,169,100
946,9460,10260,9.509681134083442e-190,0,,168,100
947,9470,10270,4.2394881559257463e-162,0,,167,100
948,9480,10280,3.221981067355741e-182,0,,166,100
949,9490,10290,4.226876983307363e-164,0,,167,100
950,9500,10300,8.304894156114615e-166,0,,167,100
951,9510,10310,6.987040677758874e-154,0,,167,100
952,9520,10320,1.8342704695661675e-181,0,,166,100
953,9530,10330,7.972804350281513e-178,0,,169,100
954,9540,10340,5.1983159549640545e-129,0,,167,100
955,9550,10350,1.4555576822785798e-129,0,,168,100
956,9560,10360,7.965399375373988e-135,0,,168,100
957,9570,10370,1.0138047067744493e-145,0,,168,100
958,9580,10380,3.899695414592549e-145,0,,167,100
959,9590,10390,6.6002414690607085e-155,0,,166,100
960,9600,10400,1.00757785604081e-151,0,,168,100
961,9610,10410,1.561483707884336e-156,0,,165,100
962,9620,10420,8.62207484378808e-154,0,,164,100
963,9630,10430,6.951569277224997e-159,0,,166,100
964,9640,10440,1.207398793720813e-179,0,,165,100
965,9650,10450,9.15009487239218e-177,0,,168,100
966,9660,10460,2.997385571820059e-179,0,,168,100
967,9670,10470,1.4993591427855807e-202,0,,166,100
968,9680,10480,1.5529463753006566e-206,0,,166,100
969,9690,10490,6.605641314986325e-225,0,,167,100
970,9700,10500,1.0146487820010758e-246,0,,167,100
971,9710,10510,2.8611990264455223e-271,0,,166,100
972,9720,10520,5.258080827117086e-213,0,,166,100
973,9730,10530,2.566455881361053e-214,0,,167,100
974,9740,10540,1.255116006400885e-244,0,,168,100
975,9750,10550,1.3810832212624097e-195,0,,168,100
976,9760,10560,5.4676656011083026e-176,0,,170,100
977,9770,10570,4.313660768143577e-187,0,,171,100
978,9780,10580,5.474490198445847e-190,0,,172,100
979,9790,10590,1.8761142964069407e-202,0,,172,100
980,9800,10600,4.5822258821295435e-206,0,,172,100
981,9810,10610,9.06479191325449e-228,0,,172,100
982,9820,10620,4.996656112017797e-223,0,,171,100
983,9830,10630,3.2240846950139086e-273,0,,171,100
984,9840,10640,1.4643105211619075e-259,0,,172,100
985,9850,10650,3.143347632005551e-157,0,,172,100
986,9860,10660,1.860916697711405e-141,0,,172,100
987,9870,10670,2.416203281087527e-166,0,,172,100
988,9880,10680,1.1162689783642003e-212,0,,170,100
989,9890,10690,2.830495493268296e-222,0,,172,100
990,9900,10700,6.72632009785459e-184,0,,174,100
991,9910,10710,1.0149834148708312e-212,0,,173,100
992,9920,10720,2.167271134192845e-213,0,,175,100
993,9930,10730,1.19425529202619e-207,0,,175,100
994,9940,10740,1.2575104806714185e-192,0,,172,100
995,9950,10750,3.2992961897065965e-139,0,,170,100
996,9960,10760,1.249104270119992e-162,0,,172,100
997,9970,10770,2.0160380833778536e-188,0,,171,100
998,9980,10780,4.0230702545351075e-175,0,,171,100
999,9990,10790,2.592189422781744e-146,0,,172,100
1000,10000,10800,9.841760045108278e-180,0,,170,100
1001,10010,10810,3.3541132605051965e-137,0,,169,100
1002,10020,10820,4.1528127756098737e-178,0,,167,100
1003,10030,10830,1.1536516793307245e-187,0,,168,100
1004,10040,10840,2.1735132695773254e-175,0,,167,100
1005,10050,10850,1.2820380041120968e-205,0,,167,100
1006,10060,10860,4.845198490034806e-208,0,,169,100
1007,10070,10870,5.361423847335992e-231,0,,167,100
1008,10080,10880,1.4165311685645891e-223,0,,167,100
1009,10090,10890,1.2255781947573216e-183,0,,166,100
1010,10100,10900,5.740371967219203e-215,0,,166,100
1011,10110,10910,1.630821024778438e-195,0,,167,100
1012,10120,10920,8.164018355433662e-193,0,,168,100
1013,10130,10930,2.3571850104729447e-221,0,,169,100
1014,10140,10940,3.267095241663468e-221,0,,170,100
1015,10150,10950,2.797366454942046e-238,0,,168,100
1016,10160,10960,8.5341845480114e-277,0,,168,100
1017,10170,10970,1.3224116630426074e-252,0,,171,100
1018,10180,10980,1.1597655031095823e-240,0,,170,100
1019,10190,10990,1.0342953765968953e-241,0,,169,100
1020,10200,11000,1.2160520917311466e-247,0,,169,100
1021,10210,11010,2.5382227884934317e-226,0,,168,100
1022,10220,11020,1.2884037787765331e-189,0,,166,100
1023,10230,11030,9.46786749640228e-187,0,,165,100
1024,10240,11040,1.381587456756504e-186,0,,166,100
1025,10250,11050,1.130461337179807e-191,0,,167,100
1026,10260,11060,2.458531592434026e-174,0,,168,100
1027,10270,11070,1.645521360522724e-178,0,,169,100
1028,10280,11080,2.6997393491746583e-176,0,,169,100
1029,10290,11090,2.0087659948512743e-178,0,,170,100
1030,10300,11100,2.000219026985029e-135,0,,172,100
1031,10310,11110,9.24981339895997e-157,0,,172,100
1032,10320,11120,1.8173462348677474e-112,0,,174,100
1033,10330,11130,1.0635296537141345e-124,0,,173,100
1034,10340,11140,5.1846292446439815e-107,0,,172,100
1035,10350,11150,5.367112939722104e-90,0,,172,100
1036,10360,11160,1.0653695426724753e-100,0,,171,100
1037,10370,11170,2.5284309533813993e-93,0,,172,100
1038,10380,11180,2.741724306298099e-95,0,,171,100
1039,10390,11190,2.9923475600470996e-107,0,,170,100
1040,10400,11200,7.261359879622927e-100,0,,170,100
1041,10410,11210,4.333300291230999e-99,0,,170,100
1042,10420,11220,1.3930076257808449e-118,0,,170,100
1043,10430,11230,9.092290794047598e-104,0,,170,100
1044,10440,11240,1.2167056658944906e-100,0,,171,100
1045,10450,11250,3.167113671369385e-85,0,,169,100
1046,10460,11260,9.071577103634117e-75,0,,172,100
1047,10470,11270,4.9524278699044054e-67,0,,170,100
1048,10480,11280,1.4559539966647093e-83,0,,170,100
1049,10490,11290,3.901103223333028e-75,0,,168,100
1050,10500,11300,8.686682597278195e-113,0,,171,100
1051,10510,11310,1.0712376493716661e-102,0,,172,100
1052,10520,11320,2.2120208438749192e-116,0,,173,100
1053,10530,11330,3.801656861299354e-125,0,,172,100
1054,10540,11340,6.720979903508997e-160,0,,170,100
1055,10550,11350,6.908985998889115e-147,0,,172,100
1056,10560,11360,9.396053766856813e-105,0,,169,100
1057,10570,11370,4.1708773856263793e-91,0,,168,100
1058,10580,11380,3.16919867549314e-117,0,,168,100
1059,10590,11390,1.1573352329457957e-110,0,,168,100
1060,10600,11400,1.7059656331044536e-151,0,,168,100
1061,10610,11410,4.64737470365519e-152,0,,168,100
1062,10620,11420,4.3182920935667016e-151,0,,166,100
1063,10630,11430,1.6715570459119764e-161,0,,168,100
1064,10640,11440,5.09755499817738e-155,0,,171,100
1065,10650,11450,1.6630300291219757e-146,0,,170,100
1066,10660,11460,7.057308391364309e-113,0,,170,100
1067,10670,11470,2.3371066202591473e-105,0,,169,100
1068,10680,11480,1.9036996289813045e-158,0,,170,100
1069,10690,11490,1.5486646440274398e-167,0,,168,100
1070,10700,11500,5.263576960033075e-150,0,,165,100
1071,10710,11510,1.8322379387933102e-150,0,,166,100
1072,10720,11520,8.558579530859575e-149,0,,167,100
1073,10730,11530,1.45734231370161e-151,0,,169,100
1074,10740,11540,1.0074348723394667e-149,0,,170,100
1075,10750,11550,5.898607595688213e-155,0,,170,100
1076,10760,11560,4.8532911205970876e-147,0,,169,100
1077,10770,11570,5.764760767207098e-174,0,,170,100
1078,10780,11580,6.785470633471367e-194,0,,171,100
1079,10790,11590,5.468296729515515e-158,0,,171,100
1080,10800,11600,7.245338678596784e-196,0,,172,100
1081,10810,11610,1.0741129466984392e-177,0,,173,100
1082,10820,11620,9.22303065724934e-233,0,,173,100
1083,10830,11630,5.586881691747117e-224,0,,172,100
1084,10840,11640,9.77672166431924e-235,0,,174,100
1085,10850,11650,6.665818506980025e-226,0,,174,100
1086,10860,11660,1.5189433397700283e-228,0,,175,100
1087,10870,11670,4.022154137199588e-238,0,,175,100
1088,10880,11680,3.571684547076147e-236,0,,175,100
1089,10890,11690,1.3635503800367887e-271,0,,174,100
1090,10900,11700,1.817463398216558e-264,0,,174,100
1091,10910,11710,2.6324100029943536e-259,0,,175,100
1092,10920,11720,3.031098796926809e-253,0,,175,100
1093,10930,11730,3.106792390337757e-231,0,,175,100
1094,10940,11740,5.208979797350299e-190,0,,174,100
1095,10950,11750,4.931463584952361e-223,0,,173,100
1096,10960,11760,1.4362992094987358e-207,0,,172,100
1097,10970,11770,3.163204270900663e-185,0,,170,100
1098,10980,11780,1.896351513885716e-183,0,,172,100
1099,10990,11790,2.884937362375169e-195,0,,172,100
1100,11000,11800,1.5572455196430604e-203,0,,170,100
1101,11010,11810,4.539952798371465e-196,0,,173,100
1102,11020,11820,6.214410888477198e-192,0,,172,100
1103,11030,11830,4.564203119160771e-203,0,,172,100
1104,11040,11840,5.063105283792029e-237,0,,171,100
1105,11050,11850,4.463001213450761e-133,0,,171,100
1106,11060,11860,4.859886485536308e-134,0,,170,100
1107,11070,11870,3.3405303988304845e-160,0,,169,100
1108,11080,11880,3.142081570949608e-151,0,,168,100
1109,11090,11890,2.4376036742662283e-143,0,,169,100
1110,11100,11900,9.264593069298116e-163,0,,166,100
1111,11110,11910,2.2237834129254392e-151,0,,167,100
1112,11120,11920,2.34701189019607e-199,0,,166,100
1113,11130,11930,6.783949337482936e-190,0,,166,100
1114,11140,11940,2.4666076754244232e-172,0,,167,100
1115,11150,11950,1.7356591426431722e-211,0,,167,100
1116,11160,11960,5.23966880008092e-233,0,,167,100
1117,11170,11970,1.0168648154229336e-221,0,,168,100
1118,11180,11980,2.374008264931083e-249,0,,166,100
1119,11190,11990,6.016176897763071e-261,0,,167,100
1120,11200,12000,9.468669803941914e-207,0,,168,100
1121,11210,12010,3.4266982375022696e-204,0,,171,100
1122,11220,12020,2.4148448885955174e-191,0,,171,100
1123,11230,12030,2.469438578872995e-177,0,,168,100
1124,11240,12040,5.412449813572615e-197,0,,169,100
1125,11250,12050,1.637976912484635e-202,0,,168,100
1126,11260,12060,4.780061882619786e-221,0,,170,100
1127,11270,12070,2.009165590089817e-205,0,,171,100
1128,11280,12080,5.574397403259335e-189,0,,171,100
1129,11290,12090,3.072181569510323e-186,0,,171,100
1130,11300,12100,1.0034971250601984e-142,0,,168,100
1131,11310,12110,2.669186923000607e-144,0,,169,100
1132,11320,12120,1.3068650774218568e-144,0,,170,100
1133,11330,12130,4.958061958877247e-149,0,,171,100
1134,11340,12140,4.006234202435645e-189,0,,169,100
1135,11350,12150,1.2502392358267681e-187,0,,169,100
1136,11360,12160,1.350478759703406e-234,0,,171,100
1137,11370,12170,1.1177318382607757e-215,0,,170,100
1138,11380,12180,3.4093678534381967e-172,0,,167,100
1139,11390,12190,5.7832148793739875e-173,0,,167,100
1140,11400,12200,2.9839996085953808e-167,0,,168,100
1141,11410,12210,2.91991186148572e-166,0,,169,100
1142,11420,12220,7.764901654722222e-158,0,,168,100
1143,11430,12230,1.5215261030981578e-168,0,,169,100
1144,11440,12240,3.0530977793087833e-193,0,,166,100
1145,11450,12250,4.876361732434491e-171,0,,165,100
1146,11460,12260,2.7486260308234047e-202,0,,165,100
1147,11470,12270,1.802612838317557e-173,0,,165,100
1148,11480,12280,6.548882906543533e-175,0,,167,100
1149,11490,12290,5.219739308490161e-174,0,,168,100
1150,11500,12300,9.645417836294994e-183,0,,169,100
1151,11510,12310,6.103686199246273e-194,0,,169,100
1152,11520,12320,2.182567517096032e-212,0,,167,100
1153,11530,12330,4.2215424695503744e-120,0,,167,100
1154,11540,12340,1.3144437733567716e-129,0,,168,100
1155,11550,12350,8.026762351751272e-136,0,,167,100
1156,11560,12360,1.445758476711464e-156,0,,167,100
1157,11570,12370,5.566562431461531e-146,0,,167,100
1158,11580,12380,3.629179958415267e-124,0,,166,100
1159,11590,12390,6.1421945659292474e-121,0,,163,100
1160,11600,12400,1.1464578305727035e-139,0,,165,100
1161,11610,12410,1.5521313328785173e-195,0,,164,100
1162,11620,12420,1.2735700733130933e-195,0,,166,100
1163,11630,12430,2.149288251512756e-220,0,,164,100
1164,11640,12440,3.962303718487227e-194,0,,164,100
1165,11650,12450,2.240049027257177e-254,0,,163,100
1166,11660,12460,2.809435292541559e-236,0,,164,100
1167,11670,12470,5.3666842429633186e-183,0,,168,100
1168,11680,12480,3.286013068972013e-185,0,,168,100
1169,11690,12490,3.406428160680126e-163,0,,168,100
1170,11700,12500,3.852079245561416e-195,0,,168,100
1171,11710,12510,1.6245336640601473e-160,0,,167,100
1172,11720,12520,2.5215539852035992e-161,0,,167,100
1173,11730,12530,1.6192241392336436e-163,0,,167,100
1174,11740,12540,6.624174925485642e-157,0,,168,100
1175,11750,12550,4.913757104920558e-159,0,,169,100
1176,11760,12560,1.0643072279981186e-127,0,,169,100
1177,11770,12570,1.0268842219870632e-139,0,,171,100
1178,11780,12580,1.6556862126550587e-114,0,,169,100
1179,11790,12590,6.391220603834959e-118,0,,170,100
1180,11800,12600,7.957810452289725e-143,0,,171,100
1181,11810,12610,3.6746040764930996e-165,0,,173,100
1182,11820,12620,2.4318409837476692e-169,0,,173,100
1183,11830,12630,6.188203933817035e-175,0,,175,100
1184,11840,12640,8.600842729898807e-161,0,,174,100
1185,11850,12650,1.3723771598388003e-174,0,,174,100
1186,11860,12660,8.674988510360477e-171,0,,174,100
1187,11870,12670,5.970675370489996e-178,0,,176,100
1188,11880,12680,5.9399261080887225e-145,0,,177,100
1189,11890,12690,5.878617347996813e-117,0,,177,100
1190,11900,12700,2.643179016530799e-115,0,,176,100
1191,11910,12710,4.430922264962575e-120,0,,175,100
1192,11920,12720,1.2355522330018722e-128,0,,174,100
1193,11930,12730,1.6398863087829249e-149,0,,174,100
1194,11940,12740,8.311260948998046e-139,0,,175,100
1195,11950,12750,3.61496317170244e-142,0,,176,100
1196,11960,12760,2.3810169546911627e-154,0,,176,100
1197,11970,12770,2.0078482305154937e-163,0,,175,100
1198,11980,12780,2.0664627524299746e-179,0,,175,100
1199,11990,12790,1.30630225615812e-188,0,,175,100
1200,12000,12800,5.735010342006418e-214,0,,174,100
1201,12010,12810,8.808320442380606e-189,0,,173,100
1202,12020,12820,4.97530480946637e-205,0,,173,100
1203,12030,12830,1.0269158128592154e-219,0,,173,100
1204,12040,12840,1.7864925246486122e-218,0,,171,100
1205,12050,12850,2.8760269367217065e-228,0,,172,100
1206,12060,12860,4.517995525366593e-193,0,,171,100
1207,12070,12870,2.7074338531753575e-195,0,,173,100
1208,12080,12880,1.6469605135745047e-159,0,,173,100
1209,12090,12890,1.2473884334431569e-169,0,,172,100
1210,12100,12900,2.767511013361614e-193,0,,171,100
1211,12110,12910,3.940313370228812e-194,0,,171,100
1212,12120,12920,2.7511764965432653e-205,0,,171,100
1213,12130,12930,2.249579789076525e-179,0,,170,100
1214,12140,12940,4.48523817638715e-181,0,,174,100
1215,12150,12950,8.070129205118533e-182,0,,173,100
1216,12160,12960,1.1378096768525371e-159,0,,173,100
1217,12170,12970,1.3793588848803858e-151,0,,175,100
1218,12180,12980,2.5819306499600443e-166,0,,175,100
1219,12190,12990,8.344026577550927e-154,0,,176,100
1220,12200,13000,8.76858190400681e-124,0,,176,100
1221,12210,13010,1.1135971945206397e-123,0,,177,100
1222,12220,13020,2.016283905763149e-129,0,,179,100
1223,12230,13030,8.619318538160991e-123,0,,178,100
1224,12240,13040,2.7649104664758525e-119,0,,178,100
1225,12250,13050,9.63200136807235e-117,0,,178,100
1226,12260,13060,9.300750725808477e-113,0,,177,100
1227,12270,13070,1.3406423799609306e-117,0,,174,100
1228,12280,13080,2.0348174785972725e-113,0,,175,100
1229,12290,13090,6.915598554121222e-101,0,,175,100
1230,12300,13100,3.0568986183858926e-96,0,,176,100
1231,12310,13110,6.625134207512996e-130,0,,174,100
1232,12320,13120,1.9850423170280556e-87,0,,176,100
1233,12330,13130,5.560521251444178e-135,0,,172,100
1234,12340,13140,5.701564414722613e-121,0,,172,100
1235,12350,13150,4.322987541053788e-129,0,,172,100
1236,12360,13160,2.691625319863944e-124,0,,172,100
1237,12370,13170,1.0881259035044714e-124,0,,173,100
1238,12380,13180,6.586210495270643e-136,0,,174,100
1239,12390,13190,1.557139286399959e-169,0,,174,100
1240,12400,13200,6.168297807883091e-160,0,,173,100
1241,12410,13210,6.20671431183605e-155,0,,174,100
1242,12420,13220,2.406270371280942e-85,0,,173,100
1243,12430,13230,9.471136691282835e-90,0,,173,100
1244,12440,13240,3.977876553866617e-95,0,,174,100
1245,12450,13250,1.0987846710290864e-101,0,,173,100
1246,12460,13260,1.1934692404102417e-103,0,,172,100
1247,12470,13270,2.922659864983752e-105,0,,169,100
1248,12480,13280,1.190511880757916e-116,0,,171,100
1249,12490,13290,2.218532814863252e-110,0,,173,100
1250,12500,13300,1.5598242651129966e-138,0,,172,100
1251,12510,13310,1.1816062433617757e-122,0,,172,100
1252,12520,13320,2.712159379251897e-115,0,,174,100
1253,12530,13330,1.9684283252142484e-110,0,,173,100
1254,12540,13340,6.07968401012393e-93,0,,172,100
1255,12550,13350,4.985004907414894e-90,0,,171,100
1256,12560,13360,5.831376686287168e-94,0,,175,100
1257,12570,13370,2.192792595249193e-89,0,,175,100
1258,12580,13380,1.731224505423403e-89,0,,174,100
1259,12590,13390,3.6332345780330375e-93,0,,173,100
1260,12600,13400,1.033442177893314e-109,0,,172,100
1261,12610,13410,2.5025592086861335e-76,0,,172,100
1262,12620,13420,3.743998616170709e-77,0,,173,100
1263,12630,13430,1.2900188883212751e-81,0,,175,100
1264,12640,13440,7.513204885645342e-85,0,,175,100
1265,12650,13450,1.7715066579238865e-82,0,,176,100
1266,12660,13460,1.9556168984911454e-96,0,,175,100
1267,12670,13470,4.845601462422262e-81,0,,174,100
1268,12680,13480,4.560484251927617e-91,0,,171,100
1269,12690,13490,1.1187850357045723e-91,0,,174,100
1270,12700,13500,3.577085833724965e-108,0,,174,100
1271,12710,13510,1.2593143232390109e-113,0,,175,100
1272,12720,13520,1.7253906665944946e-135,0,,174,100
1273,12730,13530,2.074363799344448e-136,0,,174,100
1274,12740,13540,8.332745965338847e-122,0,,173,100
1275,12750,13550,1.0594118633474442e-124,0,,175,100
1276,12760,13560,5.0620005339908e-134,0,,175,100
1277,12770,13570,1.2240382911156817e-140,0,,176,100
1278,12780,13580,4.042473664464242e-95,0,,175,100
1279,12790,13590,7.955139836622063e-112,0,,175,100
1280,12800,13600,4.96028666831611e-108,0,,177,100
1281,12810,13610,2.2732923201523472e-148,0,,176,100
1282,12820,13620,3.997247236267095e-158,0,,177,100
1283,12830,13630,9.537766040019396e-157,0,,178,100
1284,12840,13640,2.495132081011449e-167,0,,178,100
1285,12850,13650,4.0421743959042974e-174,0,,177,100
1286,12860,13660,7.302788868904728e-183,0,,178,100
1287,12870,13670,2.5638314350598525e-243,0,,178,100
1288,12880,13680,2.740288013531248e-259,0,,179,100
1289,12890,13690,1.3977556247735723e-273,0,,180,100
1290,12900,13700,1.620642882045499e-278,0,,179,100
1291,12910,13710,1.3848377549049677e-264,0,,180,100
1292,12920,13720,2.4910463185062263e-280,0,,179,100
1293,12930,13730,3.4019793981840945e-271,0,,179,100
1294,12940,13740,1.0882877186869436e-242,0,,177,100
1295,12950,13750,3.482760295440106e-175,0,,178,100
1296,12960,13760,7.738883690362904e-170,0,,178,100
1297,12970,13770,6.9744550115134e-160,0,,178,100
1298,12980,13780,2.556525657079501e-180,0,,177,100
1299,12990,13790,3.3856983123546945e-191,0,,176,100
1300,13000,13800,2.0755492315846946e-214,0,,178,100
1301,13010,13810,1.700287592493235e-123,0,,177,100
1302,13020,13820,5.0119867632524735e-79,0,,176,100
1303,13030,13830,2.433148963069863e-83,0,,176,100
1304,13040,13840,3.2696761504429227e-72,0,,177,100
1305,13050,13850,5.398038982553851e-66,0,,176,100
1306,13060,13860,1.1843668600712312e-64,0,,176,100
1307,13070,13870,8.806114479823106e-67,0,,180,100
1308,13080,13880,3.201176546901909e-101,0,,178,100
1309,13090,13890,8.472550571425552e-97,0,,180,100
1310,13100,13900,3.223273672848048e-92,0,,181,100
1311,13110,13910,1.2777309834692926e-93,0,,184,100
1312,13120,13920,4.668501439075946e-100,0,,185,100
1313,13130,13930,9.42441950511506e-99,0,,185,100
1314,13140,13940,1.2137440658276697e-101,0,,187,100
1315,13150,13950,1.6573206940967715e-110,0,,186,100
1316,13160,13960,5.162196437499684e-94,0,,185,100
1317,13170,13970,8.114371211144409e-104,0,,186,100
1318,13180,13980,4.23620984115605e-119,0,,187,100
1319,13190,13990,1.5645141969682887e-129,0,,185,100
1320,13200,14000,1.6880062157103315e-134,0,,187,100
1321,13210,14010,1.574190665686008e-143,0,,187,100
1322,13220,14020,2.948503090659931e-147,0,,186,100
1323,13230,14030,2.749282034696363e-144,0,,189,100
1324,13240,14040,2.808698533734315e-151,0,,187,100
1325,13250,14050,1.1988552293803784e-147,0,,187,100
1326,13260,14060,4.473811078048255e-144,0,,187,100
1327,13270,14070,7.984243736313164e-132,0,,189,100
1328,13280,14080,3.940528495763076e-150,0,,189,100
1329,13290,14090,1.474638218599089e-178,0,,188,100
1330,13300,14100,3.94964333997433e-182,0,,190,100
1331,13310,14110,2.5275152355365926e-122,0,,188,100
1332,13320,14120,7.33375730282579e-123,0,,187,100
1333,13330,14130,3.2771494348401215e-128,0,,186,100
1334,13340,14140,2.9767430460941627e-124,0,,187,100
1335,13350,14150,6.327041651073231e-121,0,,188,100
1336,13360,14160,6.67690207932794e-132,0,,187,100
1337,13370,14170,8.43116561631156e-79,0,,187,100
1338,13380,14180,6.042893207300954e-84,0,,188,100
1339,13390,14190,2.8379073854917906e-111,0,,189,100
1340,13400,14200,9.513760926103034e-88,0,,189,100
1341,13410,14210,1.6097757567005103e-81,0,,190,100
1342,13420,14220,1.732892360083177e-138,0,,189,100
1343,13430,14230,1.4814346707536815e-152,0,,185,100
1344,13440,14240,7.921206836563488e-132,0,,184,100
1345,13450,14250,1.2211808951553322e-154,0,,186,100
1346,13460,14260,9.7640336442686e-159,0,,186,100
1347,13470,14270,5.845138118472144e-163,0,,185,100
1348,13480,14280,2.648352608102784e-142,0,,186,100
1349,13490,14290,8.346408845460992e-189,0,,187,100
1350,13500,14300,2.6674498601732822e-135,0,,185,100
1351,13510,14310,1.201674472748438e-152,0,,184,100
1352,13520,14320,2.8925637643860344e-142,0,,186,100
1353,13530,14330,1.5344236817099548e-179,0,,187,100
1354,13540,14340,2.4591948896329214e-173,0,,185,100
1355,13550,14350,1.434466296934117e-149,0,,184,100
1356,13560,14360,7.273910427052468e-135,0,,187,100
1357,13570,14370,2.3540052504254024e-139,0,,189,100
1358,13580,14380,2.0490422787245787e-145,0,,188,100
1359,13590,14390,5.610886562567275e-150,0,,189,100
1360,13600,14400,2.018880986195603e-175,0,,188,100
1361,13610,14410,8.000897284178808e-169,0,,186,100
1362,13620,14420,6.726949650931564e-190,0,,185,100
1363,13630,14430,5.40736727027915e-148,0,,187,100
1364,13640,14440,8.64561584190772e-146,0,,189,100
1365,13650,14450,1.373598424322175e-223,0,,189,100
1366,13660,14460,1.279069466668324e-246,0,,190,100
1367,13670,14470,1.1856632301525231e-191,0,,187,100
1368,13680,14480,4.0667359576510754e-136,0,,186,100
1369,13690,14490,1.2564996939671019e-130,0,,187,100
1370,13700,14500,2.527434623674314e-124,0,,187,100
1371,13710,14510,2.3469538869445863e-131,0,,187,100
1372,13720,14520,2.2264059980622993e-104,0,,188,100
1373,13730,14530,1.906567760354631e-133,0,,189,100
1374,13740,14540,3.412176441743305e-143,0,,188,100
1375,13750,14550,5.24985676004949e-161,0,,187,100
1376,13760,14560,1.8645155016278315e-169,0,,187,100
1377,13770,14570,7.955753289724528e-162,0,,188,100
1378,13780,14580,2.6994939743599862e-173,0,,190,100
1379,13790,14590,3.455058796245687e-189,0,,191,100
1380,13800,14600,8.110738628237804e-202,0,,190,100
1381,13810,14610,4.757373528751162e-126,0,,190,100
1382,13820,14620,3.4093911981946016e-138,0,,191,100
1383,13830,14630,8.645517839227517e-166,0,,192,100
1384,13840,14640,1.194567811351807e-183,0,,193,100
1385,13850,14650,1.1631417162695477e-174,0,,191,100
1386,13860,14660,1.069413726969144e-111,0,,194,100
1387,13870,14670,1.1422375287260774e-122,0,,190,100
1388,13880,14680,1.1115970047210297e-126,0,,191,100
1389,13890,14690,1.1877629936837112e-132,0,,194,100
1390,13900,14700,3.0135059721822036e-133,0,,191,100
1391,13910,14710,8.508665831631634e-182,0,,190,100
1392,13920,14720,1.1965851271429712e-167,0,,191,100
1393,13930,14730,6.010635532803167e-119,0,,190,100
1394,13940,14740,1.3706488064372412e-113,0,,188,100
1395,13950,14750,3.634201484601067e-106,0,,188,100
1396,13960,14760,2.8324236423840915e-130,0,,188,100
1397,13970,14770,1.1159011234539314e-138,0,,189,100
1398,13980,14780,3.5655249208844524e-81,0,,189,100
1399,13990,14790,3.139622302536455e-87,0,,189,100
1400,14000,14800,3.8743444821431504e-86,0,,188,100
1401,14010,14810,1.9244557099170605e-49,0,,188,100
1402,14020,14820,7.096108133106861e-88,0,,187,100
1403,14030,14830,8.421656389053429e-60,0,,186,100
1404,14040,14840,4.198609846963801e-59,0,,188,100
1405,14050,14850,3.208142468482747e-47,0,,187,100
1406,14060,14860,1.0977848217148332e-57,0,,187,100
1407,14070,14870,4.578516776561765e-76,0,,185,100
1408,14080,14880,8.42539450400559e-76,0,,185,100
1409,14090,14890,4.452964483219252e-90,0,,187,100
1410,14100,14900,6.815294174694502e-105,0,,186,100
1411,14110,14910,7.433013594744423e-105,0,,185,100
1412,14120,14920,1.0743189025031259e-111,0,,188,100
1413,14130,14930,3.3997982111831415e-110,0,,189,100
1414,14140,14940,4.6048327980254815e-120,0,,188,100
1415,14150,14950,2.523700389605474e-78,0,,186,100
1416,14160,14960,7.612951469530769e-119,0,,186,100
1417,14170,14970,1.4092457017530554e-134,0,,186,100
1418,14180,14980,1.2423523728311992e-132,0,,187,100
1419,14190,14990,1.8283698534301304e-133,0,,186,100
1420,14200,15000,4.605961181981458e-143,0,,187,100
1421,14210,15010,2.5954634806355105e-173,0,,185,100
1422,14220,15020,4.944479817659151e-156,0,,185,100
1423,14230,15030,6.1554944600513125e-155,0,,187,100
1424,14240,15040,6.009519249938463e-135,0,,189,100
1425,14250,15050,1.8342113925175345e-112,0,,189,100
1426,14260,15060,1.0295540460705339e-111,0,,190,100
1427,14270,15070,1.2067073511100618e-121,0,,190,100
1428,14280,15080,1.1789144390051328e-118,0,,190,100
1429,14290,15090,1.9916343737632343e-117,0,,188,100
1430,14300,15100,8.027605497467797e-88,0,,187,100
1431,14310,15110,8.081894838204316e-82,0,,189,100
1432,14320,15120,1.9542813537207523e-110,0,,187,100
1433,14330,15130,2.5918265907936338e-99,0,,190,100
1434,14340,15140,2.1667349795908464e-96,0,,190,100
1435,14350,15150,1.3473218709932834e-104,0,,188,100
1436,14360,15160,1.0154956059423159e-121,0,,184,100
1437,14370,15170,4.115084284132349e-118,0,,187,100
1438,14380,15180,9.387648541269793e-121,0,,188,100
1439,14390,15190,1.1688190414015007e-87,0,,188,100
1440,14400,15200,2.7254528183033666e-91,0,,187,100
1441,14410,15210,2.092470442984247e-101,0,,187,100
1442,14420,15220,2.0532894844329358e-101,0,,187,100
1443,14430,15230,1.1154893477642458e-133,0,,186,100
1444,14440,15240,2.2410162410919186e-94,0,,185,100
1445,14450,15250,2.6316087934162712e-89,0,,186,100
1446,14460,15260,7.859343042218944e-109,0,,186,100
1447,14470,15270,1.2764252500460433e-105,0,,188,100
1448,14480,15280,4.037710962534581e-106,0,,191,100
1449,14490,15290,7.016217218740408e-159,0,,187,100
1450,14500,15300,2.9181987737195113e-221,0,,188,100
1451,14510,15310,2.162989185716423e-159,0,,187,100
1452,14520,15320,2.710580161211906e-143,0,,191,100
1453,14530,15330,1.6888038787845534e-122,0,,189,100
1454,14540,15340,1.950346851139845e-126,0,,190,100
1455,14550,15350,1.0781064962044726e-134,0,,189,100
1456,14560,15360,1.8997437708298328e-116,0,,187,100
1457,14570,15370,3.6663909273998707e-127,0,,185,100
1458,14580,15380,1.3038579769609618e-155,0,,184,100
1459,14590,15390,1.7240593335749602e-132,0,,185,100
1460,14600,15400,6.418540182939666e-136,0,,185,100
1461,14610,15410,8.416792658199412e-148,0,,185,100
1462,14620,15420,7.234027231372696e-135,0,,183,100
1463,14630,15430,5.206271273606006e-153,0,,182,100
1464,14640,15440,9.380776363753971e-160,0,,181,100
1465,14650,15450,2.1869995443963407e-187,0,,181,100
1466,14660,15460,4.0711385789476723e-209,0,,182,100
1467,14670,15470,4.808684590408455e-198,0,,185,100
1468,14680,15480,5.5546245265122045e-229,0,,183,100
1469,14690,15490,3.323187936855554e-181,0,,182,100
1470,14700,15500,2.1325921528798492e-173,0,,182,100
1471,14710,15510,9.104727333170093e-184,0,,181,100
1472,14720,15520,1.7487507311959367e-178,0,,180,100
1473,14730,15530,2.2497638702995844e-183,0,,182,100
1474,14740,15540,1.9500138063581745e-227,0,,183,100
1475,14750,15550,1.7844124702533203e-198,0,,182,100
1476,14760,15560,3.3086252780197817e-196,0,,182,100
1477,14770,15570,1.4812269259153946e-136,0,,180,100
1478,14780,15580,1.947958675267232e-161,0,,179,100
1479,14790,15590,7.283793147800854e-137,0,,179,100
1480,14800,15600,5.119825752683226e-157,0,,181,100
1481,14810,15610,1.700410988408206e-171,0,,182,100
1482,14820,15620,5.8251731184117775e-151,0,,181,100
1483,14830,15630,1.6649343355950048e-200,0,,178,100
1484,14840,15640,3.76188106242376e-212,0,,179,100
1485,14850,15650,2.6999464360139743e-221,0,,179,100
1486,14860,15660,2.8100544030798894e-251,0,,178,100
1487,14870,15670,8.6709025640160105e-193,0,,179,100
1488,14880,15680,2.766362747636529e-175,0,,179,100
1489,14890,15690,4.0986470524161506e-187,0,,179,100
1490,14900,15700,9.855737519469498e-188,0,,180,100
1491,14910,15710,2.645415862501156e-203,0,,179,100
1492,14920,15720,2.254672233932737e-199,0,,177,100
1493,14930,15730,3.897367190623939e-214,0,,177,100
1494,14940,15740,1.3978283737373234e-176,0,,177,100
1495,14950,15750,3.1422567717762042e-158,0,,178,100
1496,14960,15760,1.0343484496340738e-156,0,,179,100
1497,14970,15770,1.2798489991040777e-185,0,,178,100
1498,14980,15780,7.719026234362948e-114,0,,179,100
1499,14990,15790,1.8787241449355073e-124,0,,180,100
1500,15000,15800,5.536242765970617e-140,0,,182,100
1501,15010,15810,3.4816809449002287e-141,0,,184,100
1502,15020,15820,5.582054031717585e-171,0,,184,100
1503,15030,15830,1.0605354620692764e-166,0,,181,100
1504,15040,15840,2.533961912957268e-125,0,,180,100
1505,15050,15850,1.334304444205981e-127,0,,176,100
1506,15060,15860,1.7296348754375456e-133,0,,177,100
1507,15070,15870,1.076459755712065e-128,0,,177,100
1508,15080,15880,1.4745395521162552e-142,0,,178,100
1509,15090,15890,1.5640453873006034e-145,0,,179,100
1510,15100,15900,1.0476086249207624e-158,0,,179,100
1511,15110,15910,2.7736507688599046e-142,0,,179,100
1512,15120,15920,2.9861172280769645e-160,0,,180,100
1513,15130,15930,1.3999064991640904e-148,0,,180,100
1514,15140,15940,5.349953082575297e-145,0,,182,100
1515,15150,15950,1.8186346288653807e-131,0,,183,100
1516,15160,15960,9.419263201748603e-137,0,,182,100
1517,15170,15970,1.2480323036542717e-151,0,,182,100
1518,15180,15980,1.1420713649391508e-122,0,,181,100
1519,15190,15990,9.086245097116216e-139,0,,181,100
1520,15200,16000,1.8322803143939615e-131,0,,185,100
1521,15210,16010,3.2755004754314433e-156,0,,185,100
1522,15220,16020,1.6560474472004702e-156,0,,186,100
1523,15230,16030,5.122563430748441e-119,0,,187,100
1524,15240,16040,7.554181687088922e-177,0,,184,100
1525,15250,16050,5.77483527419286e-187,0,,183,100
1526,15260,16060,5.397332694168459e-208,0,,182,100
1527,15270,16070,1.2245015556997174e-219,0,,184,100
1528,15280,16080,2.5409261783195323e-215,0,,184,100
1529,15290,16090,3.751507067165673e-216,0,,184,100
1530,15300,16100,8.126541283735667e-217,0,,184,100
1531,15310,16110,1.2591212846441681e-165,0,,181,100
1532,15320,16120,5.858669177873322e-166,0,,177,100
1533,15330,16130,1.0604908385692981e-161,0,,179,100
1534,15340,16140,3.231269856454147e-166,0,,181,100
1535,15350,16150,3.1407971993272823e-186,0,,181,100
1536,15360,16160,1.156536812600048e-195,0,,181,100
1537,15370,16170,1.9796452280154212e-202,0,,182,100
1538,15380,16180,4.6605467928739404e-157,0,,183,100
1539,15390,16190,8.592300209804732e-172,0,,182,100
1540,15400,16200,4.858167286615509e-221,0,,181,100
1541,15410,16210,1.1754991333595803e-160,0,,183,100
1542,15420,16220,3.320025514265435e-167,0,,184,100
1543,15430,16230,2.6968560079947252e-180,0,,185,100
1544,15440,16240,1.483536695230232e-189,0,,185,100
1545,15450,16250,1.3615991186822987e-219,0,,182,100
1546,15460,16260,4.00232472971303e-246,0,,181,100
1547,15470,16270,6.724669480170295e-248,0,,180,100
1548,15480,16280,7.43167236308838e-199,0,,181,100
1549,15490,16290,5.229007668359186e-212,0,,182,100
1550,15500,16300,1.100267562092302e-192,0,,180,100
1551,15510,16310,4.949883558228661e-222,0,,181,100
1552,15520,16320,9.623633185104058e-185,0,,182,100
1553,15530,16330,4.876392085537253e-231,0,,181,100
1554,15540,16340,7.0704834248938365e-264,0,,179,100
1555,15550,16350,4.60490161320643e-243,0,,180,100
1556,15560,16360,1.3217091467940876e-209,0,,181,100
1557,15570,16370,1.3485081170928525e-138,0,,182,100
1558,15580,16380,1.2162967730361196e-138,0,,186,100
1559,15590,16390,1.2457517797899229e-155,0,,185,100
1560,15600,16400,1.650473802924889e-155,0,,184,100
1561,15610,16410,1.9598372390603585e-165,0,,184,100
1562,15620,16420,4.8029500652610715e-166,0,,187,100
1563,15630,16430,2.638107176782495e-204,0,,186,100
1564,15640,16440,4.906380974908851e-179,0,,185,100
1565,15650,16450,4.294392414807743e-203,0,,186,100
1566,15660,16460,1.189348731698859e-188,0,,188,100
1567,15670,16470,2.026259226532607e-182,0,,187,100
1568,15680,16480,2.7605473728469497e-226,0,,187,100
1569,15690,16490,2.7878394955788253e-249,0,,188,100
1570,15700,16500,3.892385702716486e-130,0,,187,100
1571,15710,16510,1.8886843720174697e-126,0,,189,100
1572,15720,16520,1.4828263380404613e-136,0,,189,100
1573,15730,16530,1.3633911058002534e-147,0,,189,100
1574,15740,16540,9.590755904792362e-126,0,,188,100
1575,15750,16550,2.1001200701391803e-118,0,,189,100
1576,15760,16560,6.733730529590646e-123,0,,188,100
1577,15770,16570,1.028063517434082e-141,0,,188,100
1578,15780,16580,5.320284925837985e-127,0,,188,100
1579,15790,16590,1.937244563829347e-124,0,,187,100
1580,15800,16600,3.6634384854317596e-124,0,,187,100
1581,15810,16610,5.246630237197511e-161,0,,188,100
1582,15820,16620,3.1772985556595384e-163,0,,188,100
1583,15830,16630,1.1671926287704772e-140,0,,189,100
1584,15840,16640,1.9615319399325382e-144,0,,191,100
1585,15850,16650,8.168348673866494e-139,0,,192,100
1586,15860,16660,4.333940451179877e-143,0,,190,100
1587,15870,16670,3.186555165567377e-166,0,,192,100
1588,15880,16680,1.697609580217732e-155,0,,190,100
1589,15890,16690,1.129959206176718e-171,0,,189,100
1590,15900,16700,1.425973453732199e-161,0,,189,100
1591,15910,16710,6.414950307238311e-140,0,,187,100
1592,15920,16720,9.519209876436564e-145,0,,188,100
1593,15930,16730,2.2756447585034887e-159,0,,187,100
1594,15940,16740,3.3303223698141496e-153,0,,190,100
1595,15950,16750,2.0830485636584398e-178,0,,188,100
1596,15960,16760,9.83139768951402e-181,0,,188,100
1597,15970,16770,1.161823644816987e-158,0,,187,100
1598,15980,16780,1.062962886078851e-154,0,,186,100
1599,15990,16790,2.3165285834690056e-180,0,,186,100
1600,16000,16800,7.439782119100257e-203,0,,184,100
1601,16010,16810,2.503073108810125e-190,0,,185,100
1602,16020,16820,2.2279526835990172e-150,0,,183,100
1603,16030,16830,9.581070598272238e-158,0,,183,100
1604,16040,16840,1.3212824024283255e-165,0,,185,100
1605,16050,16850,2.2605644837745282e-178,0,,185,100
1606,16060,16860,1.931937280298317e-161,0,,185,100
1607,16070,16870,1.5991882135815953e-183,0,,183,100
1608,16080,16880,1.6392553208655287e-124,0,,183,100
1609,16090,16890,5.322638745497358e-123,0,,184,100
1610,16100,16900,3.63760778138622e-128,0,,183,100
1611,16110,16910,7.498908568487253e-123,0,,186,100
1612,16120,16920,1.231788317017253e-108,0,,188,100
1613,16130,16930,2.330014411345704e-126,0,,186,100
1614,16140,16940,6.579668267033186e-172,0,,184,100
1615,16150,16950,4.402799048884113e-175,0,,184,100
1616,16160,16960,4.779293735267488e-114,0,,184,100
1617,16170,16970,5.6450402432310185e-108,0,,184,100
1618,16180,16980,4.0906956009546993e-131,0,,183,100
1619,16190,16990,9.027836990656771e-102,0,,184,100
1620,16200,17000,1.3961581059029397e-120,0,,181,100
1621,16210,17010,2.3380960686537443e-137,0,,180,100
1622,16220,17020,7.972958455414566e-132,0,,180,100
1623,16230,17030,3.805925692675382e-140,0,,183,100
1624,16240,17040,2.563212307805757e-72,0,,182,100
1625,16250,17050,4.083480271901291e-74,0,,183,100
1626,16260,17060,3.1758739390010717e-84,0,,183,100
1627,16270,17070,4.724690057163354e-75,0,,184,100
1628,16280,17080,1.8377022527217365e-82,0,,183,100
1629,16290,17090,1.6473475583110267e-75,0,,185,100
1630,16300,17100,2.282885234666161e-84,0,,186,100
1631,16310,17110,2.4235272057245937e-78,0,,185,100
1632,16320,17120,4.394147978064057e-85,0,,185,100
1633,16330,17130,2.486269550758695e-82,0,,187,100
1634,16340,17140,4.985621846651416e-81,0,,186,100
1635,16350,17150,7.11266325226514e-86,0,,186,100
1636,16360,17160,7.726690270707333e-94,0,,186,100
1637,16370,17170,2.41546830995998e-111,0,,185,100
1638,16380,17180,4.31511462145849e-117,0,,182,100
1639,16390,17190,2.9928391130404837e-130,0,,181,100
1640,16400,17200,5.236714386721083e-132,0,,184,100
1641,16410,17210,3.684701999559519e-133,0,,182,100
1642,16420,17220,7.613785908410495e-133,0,,181,100
1643,16430,17230,1.722795285883799e-150,0,,182,100
1644,16440,17240,1.2294332965059474e-137,0,,181,100
1645,16450,17250,5.1312080085205446e-151,0,,180,100
1646,16460,17260,2.420196762894282e-171,0,,179,100
1647,16470,17270,2.7584660813239367e-167,0,,179,100
1648,16480,17280,3.2486166156968565e-161,0,,181,100
1649,16490,17290,5.316644401539833e-212,0,,181,100
1650,16500,17300,2.3781441223628864e-154,0,,179,100
1651,16510,17310,5.2072518672314134e-135,0,,179,100
1652,16520,17320,4.63616094313727e-155,0,,179,100
1653,16530,17330,1.7401711853787506e-173,0,,180,100
1654,16540,17340,3.1660954889064323e-161,0,,181,100
1655,16550,17350,2.684540222862241e-140,0,,182,100
1656,16560,17360,1.3479993357557414e-132,0,,180,100
1657,16570,17370,3.780099327008914e-140,0,,181,100
1658,16580,17380,2.932752272299346e-146,0,,181,100
1659,16590,17390,1.1403131867839549e-145,0,,180,100
1660,16600,17400,1.4343665064773788e-150,0,,181,100
1661,16610,17410,8.12985373227377e-132,0,,178,100
1662,16620,17420,8.437194904444258e-134,0,,177,100
1663,16630,17430,4.918588952154492e-195,0,,175,100
1664,16640,17440,7.978512580529059e-153,0,,176,100
1665,16650,17450,7.356103938710636e-114,0,,175,100
1666,16660,17460,7.379266685097232e-135,0,,176,100
1667,16670,17470,4.0113570320288575e-148,0,,173,100
1668,16680,17480,2.7763265469640525e-159,0,,175,100
1669,16690,17490,8.892095795899848e-68,0,,175,100
1670,16700,17500,1.070719585746807e-73,0,,174,100
1671,16710,17510,2.2155110294894693e-72,0,,174,100
1672,16720,17520,6.137256641701817e-66,0,,173,100
1673,16730,17530,4.29284229183399e-85,0,,171,100
1674,16740,17540,1.2003564008335445e-85,0,,171,100
1675,16750,17550,2.1059253464888378e-82,0,,171,100
1676,16760,17560,1.2200185270569187e-86,0,,172,100
1677,16770,17570,3.9877784062287506e-84,0,,171,100
1678,16780,17580,6.6866903185002415e-84,0,,170,100
1679,16790,17590,8.103473940485509e-104,0,,167,100
1680,16800,17600,9.185697851445276e-99,0,,168,100
1681,16810,17610,1.7635909441083526e-107,0,,167,100
1682,16820,17620,1.6338915610691435e-105,0,,168,100
1683,16830,17630,4.102774735625568e-114,0,,167,100
1684,16840,17640,2.2815086985180725e-111,0,,169,100
1685,16850,17650,2.0821433685759046e-121,0,,168,100
1686,16860,17660,8.580133835877355e-100,0,,169,100
1687,16870,17670,2.973731303644792e-100,0,,167,100
1688,16880,17680,1.0743242157061102e-112,0,,168,100
1689,16890,17690,3.051443165755068e-107,0,,169,100
1690,16900,17700,4.554766713933914e-133,0,,168,100
1691,16910,17710,9.568592198137329e-139,0,,169,100
1692,16920,17720,1.4832088691098834e-131,0,,168,100
1693,16930,17730,1.8554467082861614e-124,0,,168,100
1694,16940,17740,3.0226419811379704e-178,0,,169,100
1695,16950,17750,1.0291547291623578e-185,0,,167,100
1696,16960,17760,1.7361117962812327e-184,0,,168,100
1697,16970,17770,2.7321643737124234e-157,0,,168,100
1698,16980,17780,2.2093184801702322e-153,0,,171,100
1699,16990,17790,2.8296656645227325e-143,0,,172,100
1700,17000,17800,1.2549003460291468e-154,0,,175,100
1701,17010,17810,4.408309388211446e-155,0,,175,100
1702,17020,17820,7.0943474767800386e-214,0,,173,100
1703,17030,17830,1.0984791862264371e-228,0,,175,100
1704,17040,17840,5.0172330907442e-164,0,,175,100
1705,17050,17850,2.606335767888793e-189,0,,175,100
1706,17060,17860,2.6356692832778476e-192,0,,175,100
1707,17070,17870,2.946351240346515e-221,0,,175,100
1708,17080,17880,1.2367758034655024e-171,0,,174,100
1709,17090,17890,8.363909763693117e-207,0,,172,100
1710,17100,17900,1.7312876754433735e-243,0,,172,100
1711,17110,17910,2.3288660027326248e-245,0,,172,100
1712,17120,17920,4.918660753350499e-242,0,,172,100
1713,17130,17930,9.323012389464795e-283,0,,169,100
1714,17140,17940,5.958626873056023e-245,0,,170,100
1715,17150,17950,5.764035741115537e-243,0,,170,100
1716,17160,17960,1.4449323211693752e-235,0,,171,100
1717,17170,17970,2.1213777153404981e-237,0,,172,100
1718,17180,17980,3.00450046758435e-250,0,,174,100
1719,17190,17990,5.758243341892843e-178,0,,172,100
1720,17200,18000,3.966112450113513e-180,0,,172,100
1721,17210,18010,4.0084939845247165e-144,0,,174,100
1722,17220,18020,4.1189043937930196e-163,0,,174,100
1723,17230,18030,1.2083213580286305e-144,0,,174,100
1724,17240,18040,1.1883768024993323e-167,0,,174,100
1725,17250,18050,2.2856257991966465e-121,0,,174,100
1726,17260,18060,2.24406775279037e-133,0,,175,100
1727,17270,18070,2.8437867877496944e-174,0,,175,100
1728,17280,18080,1.667221037284072e-164,0,,176,100
1729,17290,18090,1.3333379601031203e-121,0,,175,100
1730,17300,18100,1.4319707913525512e-139,0,,175,100
1731,17310,18110,3.442052040834521e-145,0,,175,100
1732,17320,18120,7.799513122489268e-145,0,,175,100
1733,17330,18130,1.567759757426332e-158,0,,174,100
1734,17340,18140,5.236130062617169e-172,0,,175,100
1735,17350,18150,1.2898246418028297e-134,0,,174,100
1736,17360,18160,1.97190038407858e-184,0,,174,100
1737,17370,18170,3.11890291643208e-196,0,,174,100
1738,17380,18180,3.3680234782594655e-172,0,,174,100
1739,17390,18190,3.3120516277443957e-178,0,,175,100
1740,17400,18200,7.901922866732131e-125,0,,176,100
1741,17410,18210,6.99675198006972e-136,0,,175,100
1742,17420,18220,1.7616679863237072e-178,0,,177,100
1743,17430,18230,4.379527545769097e-139,0,,179,100
1744,17440,18240,5.1255480998410216e-132,0,,183,100
1745,17450,18250,6.686828502276888e-146,0,,183,100
1746,17460,18260,7.22312189353424e-186,0,,181,100
1747,17470,18270,3.3399929668508227e-172,0,,182,100
1748,17480,18280,1.0850436282773545e-182,0,,183,100
1749,17490,18290,6.044579487205597e-195,0,,185,100
1750,17500,18300,2.7938163678827453e-156,0,,183,100
1751,17510,18310,3.775847958835797e-134,0,,184,100
1752,17520,18320,1.331877527687416e-130,0,,187,100
1753,17530,18330,4.122744010426621e-135,0,,187,100
1754,17540,18340,1.4136940165235672e-148,0,,185,100
1755,17550,18350,3.0914487856627556e-171,0,,187,100
1756,17560,18360,2.094160753976921e-164,0,,189,100
1757,17570,18370,1.0875677960953056e-152,0,,190,100
1758,17580,18380,3.154115964610266e-179,0,,191,100
1759,17590,18390,4.730923838556918e-183,0,,188,100
1760,17600,18400,4.715069662899984e-176,0,,191,100
1761,17610,18410,1.205373736293899e-165,0,,191,100
1762,17620,18420,4.662806981295786e-158,0,,190,100
1763,17630,18430,6.030970101629793e-153,0,,193,100
1764,17640,18440,1.4912911165466047e-126,0,,193,100
1765,17650,18450,5.389115789742337e-91,0,,192,100
1766,17660,18460,4.524025437988962e-91,0,,193,100
1767,17670,18470,1.1979969962885359e-105,0,,191,100
1768,17680,18480,2.8612909017189445e-115,0,,192,100
1769,17690,18490,2.3179255611128383e-110,0,,191,100
1770,17700,18500,3.9294700235601145e-109,0,,193,100
1771,17710,18510,4.833792627881557e-108,0,,190,100
1772,17720,18520,2.997365624052979e-121,0,,190,100
1773,17730,18530,6.392419542875846e-101,0,,191,100
1774,17740,18540,7.89947238306582e-111,0,,191,100
1775,17750,18550,1.2431638377007036e-123,0,,192,100
1776,17760,18560,4.012395078485196e-93,0,,192,100
1777,17770,18570,4.728676101569859e-90,0,,191,100
1778,17780,18580,5.039944546083173e-100,0,,190,100
1779,17790,18590,6.666911699532814e-114,0,,192,100
1780,17800,18600,3.6566729647106498e-124,0,,190,100
1781,17810,18610,6.851109254195566e-117,0,,189,100
1782,17820,18620,5.666221590427112e-116,0,,188,100
1783,17830,18630,7.185669720897674e-114,0,,187,100
1784,17840,18640,2.7202598343928455e-121,0,,187,100
1785,17850,18650,3.217763501980923e-125,0,,189,100
1786,17860,18660,3.4543240777884437e-116,0,,188,100
1787,17870,18670,8.753423093036419e-123,0,,189,100
1788,17880,18680,2.4178588483752575e-114,0,,191,100
1789,17890,18690,1.3682488115905925e-128,0,,189,100
1790,17900,18700,5.329651830352823e-124,0,,188,100
1791,17910,18710,3.9165892610219467e-126,0,,186,100
1792,17920,18720,1.2703448463657803e-124,0,,189,100
1793,17930,18730,3.028342997179262e-146,0,,188,100
1794,17940,18740,2.0185063091111434e-137,0,,189,100
1795,17950,18750,7.885214643319112e-83,0,,189,100
1796,17960,18760,6.991437148939018e-95,0,,188,100
1797,17970,18770,6.507927523890974e-64,0,,190,100
1798,17980,18780,1.942491944931523e-93,0,,189,100
1799,17990,18790,9.009027128458075e-118,0,,186,100
1800,18000,18800,1.0298203522426855e-145,0,,188,100
1801,18010,18810,1.137145486401018e-85,0,,186,100
1802,18020,18820,1.431065046864839e-83,0,,186,100
1803,18030,18830,7.578580995481503e-99,0,,186,100
1804,18040,18840,2.014798891836759e-111,0,,186,100
1805,18050,18850,1.0736715079066239e-110,0,,186,100
1806,18060,18860,7.130573281548752e-134,0,,186,100
1807,18070,18870,7.236611445670507e-165,0,,185,100
1808,18080,18880,3.6174530017631977e-171,0,,186,100
1809,18090,18890,8.412555763022855e-144,0,,185,100
1810,18100,18900,3.194695486291336e-135,0,,183,100
1811,18110,18910,1.7577098997513013e-108,0,,183,100
1812,18120,18920,1.1634713397589021e-126,0,,184,100
1813,18130,18930,1.1214503078721842e-141,0,,183,100
1814,18140,18940,6.76302566038041e-171,0,,182,100
1815,18150,18950,1.817890074854912e-186,0,,182,100
1816,18160,18960,3.032426729353096e-165,0,,181,100
1817,18170,18970,6.092290255968008e-169,0,,180,100
1818,18180,18980,1.1465316708893849e-132,0,,178,100
1819,18190,18990,2.1668322003088143e-132,0,,179,100
1820,18200,19000,1.6504111727498082e-144,0,,179,100
1821,18210,19010,8.46894012092384e-125,0,,179,100
1822,18220,19020,2.5361738982919403e-136,0,,176,100
1823,18230,19030,5.5968269229905196e-130,0,,175,100
1824,18240,19040,3.107426841511711e-136,0,,173,100
1825,18250,19050,4.335244181040932e-87,0,,172,100
1826,18260,19060,3.079280032177413e-95,0,,173,100
1827,18270,19070,1.031746744421596e-90,0,,172,100
1828,18280,19080,9.6537565894294e-99,0,,170,100
1829,18290,19090,1.0994831918407945e-111,0,,170,100
1830,18300,19100,9.849014310360535e-121,0,,170,100
1831,18310,19110,1.1005743471958321e-135,0,,170,100
1832,18320,19120,8.187425941429855e-137,0,,170,100
1833,18330,19130,9.69432911338785e-79,0,,170,100
1834,18340,19140,3.668862865225692e-91,0,,169,100
1835,18350,19150,1.3783811435313283e-103,0,,170,100
1836,18360,19160,3.570918834384978e-124,0,,168,100
1837,18370,19170,4.1282417581963334e-125,0,,170,100
1838,18380,19180,2.373738698239575e-127,0,,169,100
1839,18390,19190,3.947937486268993e-142,0,,169,100
1840,18400,19200,3.12279169744509e-129,0,,166,100
1841,18410,19210,2.6452460372378477e-136,0,,167,100
1842,18420,19220,1.2135571457258054e-126,0,,167,100
1843,18430,19230,2.6066271618425505e-130,0,,167,100
1844,18440,19240,3.7142517616049185e-142,0,,165,100
1845,18450,19250,4.63271373274178e-155,0,,164,100
1846,18460,19260,4.645514321465703e-157,0,,165,100
1847,18470,19270,3.5134205268294114e-136,0,,165,100
1848,18480,19280,4.051135819144152e-128,0,,165,100
1849,18490,19290,5.189442596561184e-111,0,,164,100
1850,18500,19300,1.555384822537112e-119,0,,162,100
1851,18510,19310,1.1986586788643893e-142,0,,163,100
1852,18520,19320,2.0531442714303068e-151,0,,161,100
1853,18530,19330,4.022404395696962e-208,0,,159,100
1854,18540,19340,8.70045100585178e-219,0,,161,100
1855,18550,19350,1.7494923499956937e-146,0,,162,100
1856,18560,19360,2.8016751058438226e-107,0,,160,100
1857,18570,19370,2.5350503795370194e-146,0,,161,100
1858,18580,19380,3.7114455316968473e-141,0,,158,100
1859,18590,19390,8.278887222353523e-119,0,,155,100
1860,18600,19400,4.554038432721736e-136,0,,156,100
1861,18610,19410,3.882107748860952e-134,0,,157,100
1862,18620,19420,2.52545381896376e-131,0,,159,100
1863,18630,19430,4.4704933830968006e-154,0,,158,100
1864,18640,19440,6.541862694317904e-160,0,,158,100
1865,18650,19450,6.636527468601698e-168,0,,157,100
1866,18660,19460,1.6672193993735985e-167,0,,159,100
1867,18670,19470,2.21901990830427e-150,0,,157,100
1868,18680,19480,5.929826495785669e-151,0,,155,100
1869,18690,19490,2.675078369871143e-152,0,,160,100
1870,18700,19500,1.1318528435098894e-186,0,,157,100
1871,18710,19510,3.301801026747414e-191,0,,160,100
1872,18720,19520,3.890430876489805e-187,0,,159,100
1873,18730,19530,1.1841400871149526e-126,0,,158,100
1874,18740,19540,3.825896666233323e-155,0,,158,100
1875,18750,19550,8.60763494303299e-145,0,,157,100
1876,18760,19560,5.196544323876367e-150,0,,159,100
1877,18770,19570,1.1595132360832908e-167,0,,158,100
1878,18780,19580,2.5181163670335635e-134,0,,157,100
1879,18790,19590,3.509624698601459e-149,0,,158,100
1880,18800,19600,1.3081272807717722e-158,0,,158,100
1881,18810,19610,3.001520769359597e-179,0,,157,100
1882,18820,19620,2.9447788852063535e-189,0,,157,100
1883,18830,19630,6.936462339192709e-189,0,,157,100
1884,18840,19640,2.0025508832856221e-153,0,,159,100
1885,18850,19650,2.167915102054287e-161,0,,159,100
1886,18860,19660,4.2347233227096284e-196,0,,159,100
1887,18870,19670,2.087725634622307e-207,0,,158,100
1888,18880,19680,9.774065415668102e-193,0,,157,100
1889,18890,19690,4.833274684017106e-187,0,,157,100
1890,18900,19700,5.143830831230855e-174,0,,160,100
1891,18910,19710,7.820330081983797e-195,0,,161,100
1892,18920,19720,1.340134813878172e-209,0,,160,100
1893,18930,19730,2.26006826439675e-210,0,,161,100
1894,18940,19740,8.82728127446279e-210,0,,160,100
1895,18950,19750,4.786981802509811e-215,0,,161,100
1896,18960,19760,3.738968177272695e-215,0,,163,100
1897,18970,19770,8.143091212073417e-177,0,,164,100
1898,18980,19780,1.6959886202044835e-195,0,,165,100
1899,18990,19790,7.829462050267944e-192,0,,163,100
1900,19000,19800,9.010430182106781e-220,0,,165,100
1901,19010,19810,9.29944650872785e-176,0,,163,100
1902,19020,19820,1.7582881158893426e-184,0,,163,100
1903,19030,19830,5.127884161615986e-149,0,,165,100
1904,19040,19840,4.71464036303923e-169,0,,167,100
1905,19050,19850,5.531440602375134e-160,0,,166,100
1906,19060,19860,4.247009567756919e-162,0,,168,100
1907,19070,19870,6.526076206414711e-140,0,,168,100
1908,19080,19880,1.1414371409584527e-143,0,,168,100
1909,19090,19890,2.0395628883956618e-175,0,,167,100
1910,19100,19900,2.011932149687482e-178,0,,168,100
1911,19110,19910,3.0289360036913237e-182,0,,170,100
1912,19120,19920,1.472528927171877e-181,0,,170,100
1913,19130,19930,3.4678159900943595e-167,0,,171,100
1914,19140,19940,1.8786627505623634e-170,0,,167,100
1915,19150,19950,7.143607893991861e-177,0,,166,100
1916,19160,19960,2.826030729256528e-165,0,,167,100
1917,19170,19970,6.214561055266669e-152,0,,166,100
1918,19180,19980,3.307037106734404e-151,0,,167,100
1919,19190,19990,3.7043903956917347e-149,0,,168,100
1920,19200,20000,4.3682542392047424e-151,0,,169,100
1921,19210,20010,6.723083156716987e-170,0,,166,100
1922,19220,20020,2.157679016022645e-171,0,,166,100
1923,19230,20030,1.2381704132283424e-153,0,,166,100
1924,19240,20040,6.906704979609027e-159,0,,167,100
1925,19250,20050,1.3883142144787077e-170,0,,169,100
1926,19260,20060,2.6707792973110277e-155,0,,168,100
1927,19270,20070,2.087165060724872e-146,0,,169,100
1928,19280,20080,6.976207849253846e-145,0,,170,100
1929,19290,20090,1.3405416265479877e-157,0,,170,100
1930,19300,20100,2.392056518786548e-145,0,,168,100
1931,19310,20110,5.220410453021622e-157,0,,171,100
1932,19320,20120,4.561185444390154e-143,0,,172,100
1933,19330,20130,1.8111248962809192e-164,0,,172,100
1934,19340,20140,8.777166427313787e-165,0,,172,100
1935,19350,20150,2.4837933348289391e-147,0,,173,100
1936,19360,20160,1.5575659042611192e-158,0,,172,100
1937,19370,20170,7.794743426297266e-162,0,,174,100
1938,19380,20180,2.0063676864725653e-136,0,,174,100
1939,19390,20190,3.6044711881856447e-99,0,,175,100
1940,19400,20200,2.0867050958056213e-101,0,,174,100
1941,19410,20210,1.3687523529897106e-116,0,,175,100
1942,19420,20220,9.359064547438987e-120,0,,173,100
1943,19430,20230,5.7782056864858806e-96,0,,173,100
1944,19440,20240,7.89385187499869e-105,0,,174,100
1945,19450,20250,1.3177287164899624e-96,0,,173,100
1946,19460,20260,2.1766762011258815e-80,0,,175,100
1947,19470,20270,3.5949457572247193e-78,0,,174,100
1948,19480,20280,4.452280104407512e-90,0,,175,100
1949,19490,20290,3.667309308353872e-73,0,,174,100
1950,19500,20300,5.210836963314393e-82,0,,175,100
1951,19510,20310,7.685175515528499e-80,0,,175,100
1952,19520,20320,4.612313854936713e-101,0,,177,100
1953,19530,20330,5.214109613473749e-95,0,,176,100
1954,19540,20340,2.26284508224328e-111,0,,174,100
1955,19550,20350,1.4015003636620404e-96,0,,174,100
1956,19560,20360,4.1729211050204535e-84,0,,173,100
1957,19570,20370,8.391715504013687e-97,0,,174,100
1958,19580,20380,2.120017954204145e-98,0,,174,100
1959,19590,20390,2.3050932429789835e-93,0,,175,100
1960,19600,20400,1.3875750122736096e-91,0,,176,100
1961,19610,20410,5.603196304654328e-113,0,,178,100
1962,19620,20420,2.325697379350184e-124,0,,179,100
1963,19630,20430,2.544895653329929e-184,0,,177,100
1964,19640,20440,2.239950443106684e-194,0,,176,100
1965,19650,20450,1.6449777500847856e-138,0,,177,100
1966,19660,20460,1.0349562359048183e-156,0,,175,100
1967,19670,20470,1.6374898195627023e-214,0,,177,100
1968,19680,20480,1.335542192005029e-176,0,,177,100
1969,19690,20490,1.9934805567894842e-200,0,,178,100
1970,19700,20500,8.148621040785499e-158,0,,175,100
1971,19710,20510,6.301210742289235e-173,0,,174,100
1972,19720,20520,1.662893669343323e-144,0,,176,100
1973,19730,20530,4.230312268563116e-146,0,,176,100
1974,19740,20540,3.2623833574038354e-154,0,,176,100
1975,19750,20550,9.519813623091528e-159,0,,174,100
1976,19760,20560,3.8981016582315035e-136,0,,172,100
1977,19770,20570,1.8513800117418106e-161,0,,172,100
1978,19780,20580,3.419713105683044e-131,0,,174,100
1979,19790,20590,4.025016228394366e-146,0,,174,100
1980,19800,20600,4.060169966505467e-167,0,,171,100
1981,19810,20610,1.4804472145928085e-208,0,,171,100
1982,19820,20620,4.7379568263496226e-208,0,,171,100
1983,19830,20630,1.3512877407432193e-197,0,,171,100
1984,19840,20640,4.1647843280933506e-188,0,,170,100
1985,19850,20650,1.2382502960119297e-200,0,,172,100
1986,19860,20660,2.891932920076927e-203,0,,171,100
1987,19870,20670,9.78348863023191e-169,0,,173,100
1988,19880,20680,9.084712459414793e-173,0,,174,100
1989,19890,20690,5.729076866923834e-200,0,,174,100
1990,19900,20700,4.0331250848033286e-185,0,,172,100
1991,19910,20710,7.82623249873171e-212,0,,170,100
1992,19920,20720,7.624778047331045e-206,0,,173,100
1993,19930,20730,1.5233061142441703e-191,0,,173,100
1994,19940,20740,1.157593723696568e-221,0,,173,100
1995,19950,20750,3.6560095697537975e-180,0,,173,100
1996,19960,20760,5.6893003937077805e-154,0,,173,100
1997,19970,20770,1.6154583697075247e-161,0,,173,100
1998,19980,20780,6.800231613852989e-151,0,,174,100
1999,19990,20790,4.983062344040858e-150,0,,174,100
2000,20000,20800,5.430949033999907e-173,0,,172,100
2001,20010,20810,4.200125779123485e-172,0,,174,100
2002,20020,20820,2.4867422089615497e-180,0,,174,100
2003,20030,20830,2.196727172526318e-172,0,,175,100
2004,20040,20840,7.011691550613628e-162,0,,174,100
2005,20050,20850,5.399332423809701e-154,0,,176,100
2006,20060,20860,6.137204188555066e-116,0,,175,100
2007,20070,20870,3.348204963395184e-121,0,,178,100
2008,20080,20880,2.724854154437937e-128,0,,177,100
2009,20090,20890,2.0649075705012993e-90,0,,176,100
2010,20100,20900,1.5390483016994694e-114,0,,176,100
2011,20110,20910,4.560297981318524e-128,0,,174,100
2012,20120,20920,4.248086978813969e-115,0,,175,100
2013,20130,20930,4.461813939300569e-126,0,,175,100
2014,20140,20940,1.2499761223752706e-148,0,,175,100
2015,20150,20950,3.2445090314322937e-169,0,,176,100
2016,20160,20960,4.6048015734648944e-173,0,,175,100
2017,20170,20970,2.666165036408987e-189,0,,177,100
2018,20180,20980,7.440431868637646e-99,0,,176,100
2019,20190,20990,2.3502908096656815e-115,0,,177,100
2020,20200,21000,2.450699042103063e-108,0,,178,100
2021,20210,21010,2.144152592404796e-116,0,,178,100
2022,20220,21020,1.2744277191010091e-120,0,,178,100
2023,20230,21030,2.084750070553418e-136,0,,178,100
2024,20240,21040,1.694851716303513e-146,0,,179,100
2025,20250,21050,1.3705269982268265e-129,0,,177,100
2026,20260,21060,6.680664480822223e-165,0,,177,100
2027,20270,21070,1.0191008927768179e-173,0,,176,100
2028,20280,21080,1.2449975122067709e-216,0,,177,100
2029,20290,21090,6.783654086861707e-205,0,,177,100
2030,20300,21100,4.3244957786812106e-231,0,,178,100
2031,20310,21110,3.941690838227835e-274,0,,178,100
2032,20320,21120,1.8713066813268456e-237,0,,175,100
2033,20330,21130,4.904519980159062e-252,0,,175,100
2034,20340,21140,1.5455550726577203e-261,0,,177,100
2035,20350,21150,8.946177911883138e-218,0,,178,100
2036,20360,21160,4.3463645874584554e-209,0,,179,100
2037,20370,21170,4.238805211585386e-229,0,,178,100
2038,20380,21180,1.9566022598330997e-266,0,,178,100
2039,20390,21190,6.825247783576554e-251,0,,176,100
2040,20400,21200,8.024976417463868e-225,0,,175,100
2041,20410,21210,1.31302156588114e-258,0,,176,100
2042,20420,21220,1.8420154624215604e-264,0,,178,100
2043,20430,21230,9.11929534059211e-284,0,,177,100
2044,20440,21240,1.0791694881858295e-215,0,,175,100
2045,20450,21250,3.822706420821867e-229,0,,176,100
2046,20460,21260,1.1787624881948796e-272,0,,176,100
2047,20470,21270,1.730518296004218e-212,0,,174,100
2048,20480,21280,3.5017405831272204e-222,0,,176,100
2049,20490,21290,1.621525585000637e-196,0,,175,100
2050,20500,21300,6.215552039362741e-189,0,,175,100
2051,20510,21310,1.7388629065130794e-214,0,,174,100
2052,20520,21320,2.6908661914972797e-186,0,,174,100
2053,20530,21330,1.4048065832134466e-164,0,,175,100
2054,20540,21340,1.4390045581845434e-178,0,,176,100
2055,20550,21350,2.6620958157897846e-184,0,,179,100
2056,20560,21360,2.2380116445258396e-182,0,,178,100
2057,20570,21370,1.446573883559733e-179,0,,179,100
2058,20580,21380,1.4061467098543737e-182,0,,179,100
2059,20590,21390,3.581255185331466e-176,0,,181,100
2060,20600,21400,2.834620101721813e-206,0,,183,100
2061,20610,21410,6.367420617308096e-204,0,,182,100
2062,20620,21420,5.315485932154615e-226,0,,183,100
2063,20630,21430,4.7666472745149885e-229,0,,182,100
2064,20640,21440,4.344185444242495e-236,0,,182,100
2065,20650,21450,1.8507357013028813e-167,0,,181,100
2066,20660,21460,5.740634459169506e-169,0,,178,100
2067,20670,21470,5.392678523267963e-126,0,,179,100
2068,20680,21480,1.2169396008847504e-123,0,,178,100
2069,20690,21490,1.2444387582553979e-113,0,,179,100
2070,20700,21500,1.4340126327918806e-91,0,,179,100
2071,20710,21510,1.1231464039594372e-103,0,,178,100
2072,20720,21520,3.1740431185185495e-107,0,,177,100
2073,20730,21530,3.20012456875193e-110,0,,179,100
2074,20740,21540,7.240884231425716e-108,0,,178,100
2075,20750,21550,5.939321012340725e-91,0,,177,100
2076,20760,21560,2.795817379360101e-88,0,,180,100
2077,20770,21570,2.8781348230019295e-96,0,,180,100
2078,20780,21580,1.0804534085868968e-108,0,,180,100
2079,20790,21590,2.296191163086332e-112,0,,180,100
2080,20800,21600,3.8765157337307476e-122,0,,181,100
2081,20810,21610,1.694489622044433e-123,0,,180,100
2082,20820,21620,1.0814946685878641e-135,0,,178,100
2083,20830,21630,2.1285753662326355e-129,0,,183,100
2084,20840,21640,3.24195427175182e-101,0,,182,100
2085,20850,21650,2.5399183498189953e-121,0,,182,100
2086,20860,21660,2.6910546654807712e-105,0,,182,100
2087,20870,21670,3.371034046717344e-118,0,,179,100
2088,20880,21680,2.8129475774256416e-119,0,,180,100
2089,20890,21690,6.078219204803341e-132,0,,181,100
2090,20900,21700,4.685954841517427e-112,0,,180,100
2091,20910,21710,4.937605632045092e-130,0,,182,100
2092,20920,21720,7.49801994828703e-130,0,,183,100
2093,20930,21730,1.8187974996011591e-121,0,,183,100
2094,20940,21740,2.2660236558945194e-138,0,,180,100
2095,20950,21750,4.477559792912448e-135,0,,179,100
2096,20960,21760,6.825951824407221e-150,0,,180,100
2097,20970,21770,3.774250279411028e-133,0,,184,100
2098,20980,21780,4.041987254431174e-132,0,,183,100
2099,20990,21790,2.4486483173287734e-123,0,,183,100
2100,21000,21800,3.2073492772012754e-135,0,,179,100
2101,21010,21810,7.137742599425526e-123,0,,178,100
2102,21020,21820,1.6205600576025206e-133,0,,178,100
2103,21030,21830,5.846418750090045e-128,0,,180,100
2104,21040,21840,2.2301773542759593e-121,0,,180,100
2105,21050,21850,4.5686354568870656e-129,0,,181,100
2106,21060,21860,2.68140070398032e-135,0,,181,100
2107,21070,21870,2.129873984344389e-143,0,,179,100
2108,21080,21880,1.111992614019021e-142,0,,180,100
2109,21090,21890,4.098165908940489e-77,0,,178,100
2110,21100,21900,1.9200361801747323e-81,0,,176,100
2111,21110,21910,5.948030122194672e-82,0,,178,100
2112,21120,21920,7.223486361348035e-95,0,,179,100
2113,21130,21930,2.875817636648032e-104,0,,181,100
2114,21140,21940,8.431223643813661e-99,0,,179,100
2115,21150,21950,4.067999156467071e-105,0,,179,100
2116,21160,21960,1.0703025585836806e-104,0,,179,100
2117,21170,21970,3.804495382511168e-107,0,,180,100
2118,21180,21980,1.7642959444312218e-96,0,,181,100
2119,21190,21990,8.73374846972241e-121,0,,180,100
2120,21200,22000,6.975913664804093e-114,0,,181,100
2121,21210,22010,5.5804071976946485e-130,0,,180,100
2122,21220,22020,7.692629613336322e-108,0,,178,100
2123,21230,22030,1.3453127798764756e-117,0,,178,100
2124,21240,22040,1.4701278415608535e-144,0,,179,100
2125,21250,22050,8.690449012052885e-137,0,,178,100
2126,21260,22060,1.2465769633726682e-160,0,,180,100
2127,21270,22070,4.525885317079097e-220,0,,178,100
2128,21280,22080,8.77090677519087e-153,0,,178,100
2129,21290,22090,2.368644671075499e-176,0,,178,100
2130,21300,22100,2.3980020732303777e-160,0,,179,100
2131,21310,22110,4.435612644317866e-148,0,,181,100
2132,21320,22120,6.877299339801944e-171,0,,179,100
2133,21330,22130,2.396115450152345e-130,0,,179,100
2134,21340,22140,3.91574637495376e-152,0,,178,100
2135,21350,22150,9.957249634652513e-169,0,,177,100
2136,21360,22160,1.7659980327778832e-171,0,,176,100
2137,21370,22170,2.4089613457151304e-130,0,,175,100
2138,21380,22180,3.802985885111634e-141,0,,173,100
2139,21390,22190,4.308922763867194e-156,0,,174,100
2140,21400,22200,9.649510160531906e-176,0,,175,100
2141,21410,22210,1.5491571554070936e-149,0,,176,100
2142,21420,22220,5.875313364437438e-187,0,,173,100
2143,21430,22230,9.734116212512077e-181,0,,174,100
2144,21440,22240,6.880098306398673e-219,0,,174,100
2145,21450,22250,2.6791779286339364e-161,0,,174,100
2146,21460,22260,2.6827604189590082e-160,0,,174,100
2147,21470,22270,1.0731172528113947e-106,0,,175,100
2148,21480,22280,3.6440893171738446e-118,0,,175,100
2149,21490,22290,3.697152166775206e-118,0,,175,100
2150,21500,22300,3.6530492711724526e-129,0,,177,100
2151,21510,22310,7.668100242158309e-139,0,,178,100
2152,21520,22320,1.9327079558333616e-131,0,,178,100
2153,21530,22330,1.6503006941869846e-142,0,,178,100
2154,21540,22340,2.2997185025814613e-167,0,,178,100
2155,21550,22350,1.0344637558879462e-187,0,,179,100
2156,21560,22360,1.040619771250791e-204,0,,179,100
2157,21570,22370,6.0855752723407836e-226,0,,178,100
2158,21580,22380,2.682412662751279e-171,0,,179,100
2159,21590,22390,1.5745041669361884e-203,0,,180,100
2160,21600,22400,2.1811884488729448e-200,0,,179,100
2161,21610,22410,2.8831756961595825e-188,0,,179,100
2162,21620,22420,9.971889935922984e-212,0,,181,100
2163,21630,22430,5.916041880784261e-181,0,,179,100
2164,21640,22440,1.178647843902131e-190,0,,179,100
2165,21650,22450,7.696098577950168e-198,0,,179,100
2166,21660,22460,4.9475189901892644e-203,0,,179,100
2167,21670,22470,1.4524972803065895e-199,0,,180,100
2168,21680,22480,7.287894314472418e-197,0,,180,100
2169,21690,22490,4.070857055500523e-223,0,,180,100
2170,21700,22500,2.0668023350110523e-196,0,,180,100
2171,21710,22510,9.234051634909732e-192,0,,179,100
2172,21720,22520,3.2600139790773056e-208,0,,177,100
2173,21730,22530,1.6556345296085757e-160,0,,178,100
2174,21740,22540,1.6567157635086465e-159,0,,179,100
2175,21750,22550,7.792758378706673e-148,0,,179,100
2176,21760,22560,2.035334667467028e-151,0,,178,100
2177,21770,22570,1.609810726887263e-129,0,,176,100
2178,21780,22580,6.92399009317246e-155,0,,174,100
2179,21790,22590,8.260666443075794e-157,0,,176,100
2180,21800,22600,7.373560926713449e-169,0,,178,100
2181,21810,22610,6.022337783685153e-169,0,,181,100
2182,21820,22620,3.179745450966781e-139,0,,180,100
2183,21830,22630,1.0089884623049199e-171,0,,180,100
2184,21840,22640,8.184232425413266e-141,0,,178,100
2185,21850,22650,3.881693982066062e-163,0,,178,100
2186,21860,22660,1.0034907403688712e-147,0,,176,100
2187,21870,22670,2.7113485766665723e-136,0,,178,100
2188,21880,22680,7.550615920324324e-132,0,,180,100
2189,21890,22690,1.3625560600703097e-124,0,,182,100
2190,21900,22700,1.3840412908167984e-136,0,,183,100
2191,21910,22710,1.5329311554045944e-103,0,,181,100
2192,21920,22720,4.789182244950144e-106,0,,177,100
2193,21930,22730,3.4126855570418255e-109,0,,178,100
2194,21940,22740,3.2190052286544297e-93,0,,178,100
2195,21950,22750,7.651418874272803e-104,0,,179,100
2196,21960,22760,7.957900953945156e-99,0,,177,100
2197,21970,22770,3.973381859705022e-96,0,,177,100
2198,21980,22780,6.359537523456555e-95,0,,177,100
2199,21990,22790,3.1811933249455055e-108,0,,176,100
2200,22000,22800,8.311844935353198e-114,0,,177,100
2201,22010,22810,2.745027747329494e-79,0,,179,100
2202,22020,22820,6.063709739358167e-86,0,,180,100
2203,22030,22830,3.547269616327016e-99,0,,180,100
2204,22040,22840,1.8268523291215415e-104,0,,179,100
2205,22050,22850,1.3318474200796493e-99,0,,178,100
2206,22060,22860,3.9918112611401543e-109,0,,177,100
2207,22070,22870,6.900392831539029e-58,0,,177,100
2208,22080,22880,3.1872856139640343e-60,0,,179,100
2209,22090,22890,1.8515282725245823e-67,0,,178,100
2210,22100,22900,3.0365737288423875e-67,0,,179,100
2211,22110,22910,1.1591485207929735e-85,0,,178,100
2212,22120,22920,4.774187496854318e-78,0,,180,100
2213,22130,22930,9.368647699936888e-103,0,,177,100
2214,22140,22940,3.020270828874954e-123,0,,179,100
2215,22150,22950,2.8409846944754155e-127,0,,180,100
2216,22160,22960,5.593584662346972e-122,0,,180,100
2217,22170,22970,2.529918074540726e-118,0,,180,100
2218,22180,22980,4.534226200114438e-98,0,,181,100
2219,22190,22990,2.793509830278397e-115,0,,179,100
2220,22200,23000,1.3531356279049714e-143,0,,178,100
2221,22210,23010,4.937225002353565e-140,0,,183,100
2222,22220,23020,1.052839923960506e-143,0,,181,100
2223,22230,23030,1.6258354183865255e-149,0,,180,100
2224,22240,23040,3.2574131372016046e-160,0,,179,100
2225,22250,23050,6.544483456346891e-158,0,,180,100
2226,22260,23060,2.0478489077512064e-148,0,,178,100
2227,22270,23070,9.250641811093257e-201,0,,178,100
2228,22280,23080,3.1631127518872286e-208,0,,178,100
2229,22290,23090,1.4132323366495043e-197,0,,177,100
2230,22300,23100,1.6308072166814783e-152,0,,177,100
2231,22310,23110,2.4837741145897198e-173,0,,176,100
2232,22320,23120,6.190696656350092e-191,0,,175,100
2233,22330,23130,1.2593674443019909e-169,0,,175,100
2234,22340,23140,1.7405919103052046e-149,0,,175,100
2235,22350,23150,9.657176709745615e-154,0,,177,100
2236,22360,23160,4.266267315486279e-130,0,,178,100
2237,22370,23170,4.017521216399864e-111,0,,176,100
2238,22380,23180,1.6260126581073772e-116,0,,177,100
2239,22390,23190,5.433497053186034e-106,0,,177,100
2240,22400,23200,2.5671651365852897e-106,0,,177,100
2241,22410,23210,5.5018451889349e-102,0,,178,100
2242,22420,23220,6.734220596777669e-101,0,,177,100
2243,22430,23230,8.576224695742034e-168,0,,175,100
2244,22440,23240,1.1329490468996883e-114,0,,176,100
2245,22450,23250,6.011973575522718e-129,0,,176,100
2246,22460,23260,3.419947427109465e-115,0,,176,100
2247,22470,23270,5.722605923338615e-105,0,,178,100
2248,22480,23280,1.710641307363213e-101,0,,177,100
2249,22490,23290,6.386967285658455e-113,0,,175,100
2250,22500,23300,1.2944203905283665e-129,0,,175,100
2251,22510,23310,6.521282664673458e-132,0,,178,100
2252,22520,23320,1.521155911720396e-102,0,,178,100
2253,22530,23330,5.906844560819452e-100,0,,177,100
2254,22540,23340,1.9542397490126224e-116,0,,179,100
2255,22550,23350,6.151035922919794e-128,0,,179,100
2256,22560,23360,2.085108127972166e-92,0,,179,100
2257,22570,23370,6.595126262475147e-80,0,,178,100
2258,22580,23380,3.563585278656076e-96,0,,179,100
2259,22590,23390,1.1996245217477748e-106,0,,178,100
2260,22600,23400,5.602669943776971e-125,0,,175,100
2261,22610,23410,3.416789006985533e-85,0,,175,100
2262,22620,23420,1.2427692538804514e-88,0,,175,100
2263,22630,23430,3.77404801172379e-98,0,,175,100
2264,22640,23440,2.4985532830655914e-79,0,,175,100
2265,22650,23450,1.0664740151637028e-97,0,,175,100
2266,22660,23460,1.9157665946803567e-90,0,,179,100
2267,22670,23470,1.7613523550887298e-92,0,,177,100
2268,22680,23480,4.305847347817326e-98,0,,177,100
2269,22690,23490,3.8173079806647817e-116,0,,178,100
2270,22700,23500,7.637369048700553e-133,0,,179,100
2271,22710,23510,4.518800088305591e-148,0,,180,100
2272,22720,23520,1.0510939394343173e-140,0,,181,100
2273,22730,23530,2.8055366738264676e-168,0,,181,100
2274,22740,23540,9.912992560018956e-161,0,,182,100
2275,22750,23550,7.313443662599613e-165,0,,182,100
2276,22760,23560,4.079322042137263e-186,0,,182,100
2277,22770,23570,6.791233246013148e-159,0,,182,100
2278,22780,23580,1.0832395199543663e-134,0,,184,100
2279,22790,23590,9.562639544710668e-142,0,,184,100
2280,22800,23600,8.741881461211468e-141,0,,188,100
2281,22810,23610,2.367796261394466e-123,0,,186,100
2282,22820,23620,1.0183278521481655e-130,0,,186,100
2283,22830,23630,2.1539613143505217e-141,0,,187,100
2284,22840,23640,1.6339085421152056e-149,0,,188,100
2285,22850,23650,6.47177185120607e-166,0,,189,100
2286,22860,23660,8.301923803654047e-101,0,,187,100
2287,22870,23670,2.973831647830498e-82,0,,188,100
2288,22880,23680,2.275789472520992e-93,0,,186,100
2289,22890,23690,1.893765042031043e-104,0,,187,100
2290,22900,23700,1.0904307253055294e-103,0,,189,100
2291,22910,23710,1.4456653458884266e-116,0,,189,100
2292,22920,23720,8.954567427785587e-122,0,,189,100
2293,22930,23730,2.3808997904251374e-117,0,,191,100
2294,22940,23740,3.397204657158643e-155,0,,189,100
2295,22950,23750,4.9099472943882725e-148,0,,189,100
2296,22960,23760,9.590928019255189e-166,0,,192,100
2297,22970,23770,1.2797720150165266e-170,0,,193,100
2298,22980,23780,2.4613282873482373e-189,0,,194,100
2299,22990,23790,1.5705814321026032e-142,0,,192,100
2300,23000,23800,5.128287648069641e-149,0,,193,100
2301,23010,23810,2.3652213910802894e-151,0,,193,100
2302,23020,23820,3.0974892147208333e-153,0,,193,100
2303,23030,23830,1.0063826391897214e-175,0,,193,100
2304,23040,23840,7.904852621491436e-185,0,,194,100
2305,23050,23850,1.1963325752117702e-177,0,,194,100
2306,23060,23860,1.3971981734443722e-212,0,,194,100
2307,23070,23870,1.8038263991567535e-216,0,,194,100
2308,23080,23880,4.080146799257898e-213,0,,194,100
2309,23090,23890,8.271843736697403e-213,0,,195,100
2310,23100,23900,7.992511115716061e-252,0,,196,100
2311,23110,23910,1.0859578193859652e-273,0,,198,100
2312,23120,23920,2.3111469665930396e-256,0,,197,100
2313,23130,23930,9.616331510997811e-218,0,,196,100
2314,23140,23940,8.377676968225192e-266,0,,194,100
2315,23150,23950,2.336220588365387e-298,0,,193,100
2316,23160,23960,6.532024344249839e-288,0,,192,100
2317,23170,23970,5.208424473779746e-249,0,,191,100
2318,23180,23980,1.8601987516317634e-221,0,,192,100
2319,23190,23990,3.301548585227612e-239,0,,190,100
2320,23200,24000,1.438331138136822e-208,0,,189,100
2321,23210,24010,8.02159377685258e-241,0,,188,100
2322,23220,24020,2.359739252915044e-233,0,,189,100
2323,23230,24030,2.1666185051220194e-232,0,,189,100
2324,23240,24040,1.91198620932551e-281,0,,189,100
2325,23250,24050,4.694935249563316e-252,0,,189,100
2326,23260,24060,1.2764360262019613e-238,0,,188,100
2327,23270,24070,1.0403014525265846e-200,0,,188,100
2328,23280,24080,4.072812029997438e-204,0,,188,100
2329,23290,24090,3.357905507763046e-229,0,,188,100
2330,23300,24100,1.374315372203864e-183,0,,189,100
2331,23310,24110,3.728064105630423e-185,0,,189,100
2332,23320,24120,7.916971701560767e-151,0,,190,100
2333,23330,24130,4.1963084018566506e-165,0,,188,100
2334,23340,24140,5.19532710396893e-156,0,,189,100
2335,23350,24150,4.237783067144338e-170,0,,188,100
2336,23360,24160,8.619548206642313e-184,0,,189,100
2337,23370,24170,5.399841326397797e-181,0,,190,100
2338,23380,24180,2.03977459206551e-177,0,,191,100
2339,23390,24190,2.8726335242780293e-144,0,,192,100
2340,23400,24200,9.114487996469575e-146,0,,193,100
2341,23410,24210,5.339676028032663e-163,0,,192,100
2342,23420,24220,2.620569953093495e-181,0,,193,100
2343,23430,24230,8.129764705191514e-183,0,,192,100
2344,23440,24240,1.274271541884549e-165,0,,192,100
2345,23450,24250,9.379000168335721e-157,0,,192,100
2346,23460,24260,1.0306844858891036e-166,0,,190,100
2347,23470,24270,2.659271718990163e-146,0,,190,100
2348,23480,24280,1.5554623454240538e-148,0,,190,100
2349,23490,24290,1.3020316654448573e-172,0,,189,100
2350,23500,24300,1.7225580694266148e-181,0,,186,100
2351,23510,24310,1.7388451048726486e-176,0,,189,100
2352,23520,24320,1.0676554108527655e-174,0,,188,100
2353,23530,24330,1.941337405641665e-141,0,,185,100
2354,23540,24340,7.037164535400235e-152,0,,185,100
2355,23550,24350,8.897628757293303e-149,0,,185,100
2356,23560,24360,8.731571460522562e-148,0,,186,100
2357,23570,24370,8.111494160014558e-143,0,,186,100
2358,23580,24380,3.171563011831907e-179,0,,187,100
2359,23590,24390,1.304827440488812e-221,0,,186,100
2360,23600,24400,1.954974438339235e-253,0,,180,100
2361,23610,24410,2.6790726807978936e-213,0,,181,100
2362,23620,24420,1.1415804514257055e-232,0,,181,100
2363,23630,24430,6.952819929366811e-268,0,,179,100
2364,23640,24440,6.304653549549601e-277,0,,179,100
2365,23650,24450,1.4339762914084833e-181,0,,179,100
2366,23660,24460,6.823865753137824e-160,0,,180,100
2367,23670,24470,2.1407599805764483e-221,0,,179,100
2368,23680,24480,5.543100498036694e-203,0,,178,100
2369,23690,24490,2.4598520672363736e-185,0,,178,100
2370,23700,24500,2.8814869982486553e-202,0,,177,100
2371,23710,24510,3.97291830244456e-136,0,,176,100
2372,23720,24520,5.253349851007003e-137,0,,176,100
2373,23730,24530,3.353645280608932e-163,0,,174,100
2374,23740,24540,5.10704898386043e-160,0,,172,100
2375,23750,24550,1.6354729379076297e-159,0,,174,100
2376,23760,24560,6.383716142993194e-162,0,,169,100
2377,23770,24570,9.008585165908138e-163,0,,171,100
2378,23780,24580,3.4024581735337034e-191,0,,171,100
2379,23790,24590,2.721310206439069e-160,0,,170,100
2380,23800,24600,1.7901288118849274e-171,0,,170,100
2381,23810,24610,6.728233624906188e-169,0,,169,100
2382,23820,24620,1.3952861453466656e-171,0,,167,100
2383,23830,24630,4.028781661235815e-127,0,,166,100
2384,23840,24640,1.912207816865052e-132,0,,168,100
2385,23850,24650,5.29133019029053e-132,0,,167,100
2386,23860,24660,5.088074197919565e-150,0,,166,100
2387,23870,24670,2.801046621209372e-148,0,,166,100
2388,23880,24680,6.759430809967268e-173,0,,166,100
2389,23890,24690,3.309515478143532e-194,0,,166,100
2390,23900,24700,0.0,0,,164,100
2391,23910,24710,0.0,0,,164,100
2392,23920,24720,0.0,0,,166,100
2393,23930,24730,0.0,0,,168,100
2394,23940,24740,0.0,0,,167,100
2395,23950,24750,0.0,0,,168,100
2396,23960,24760,0.0,0,,169,100
2397,23970,24770,0.0,0,,166,100
2398,23980,24780,0.0,0,,166,100
2399,23990,24790,0.0,0,,168,100
2400,24000,24800,0.0,0,,168,100
2401,24010,24810,0.0,0,,171,100
2402,24020,24820,0.0,0,,169,100
2403,24030,24830,0.0,0,,172,100
2404,24040,24840,0.0,0,,169,100
2405,24050,24850,0.0,0,,168,100
2406,24060,24860,0.0,0,,167,100
2407,24070,24870,0.0,0,,166,100
2408,24080,24880,0.0,0,,165,100
2409,24090,24890,0.0,0,,165,100
2410,24100,24900,0.0,0,,167,100
2411,24110,24910,8.379683479095663e-202,0,,164,100
2412,24120,24920,4.9846334163436655e-207,0,,164,100
2413,24130,24930,1.2565998555197897e-226,0,,164,100
2414,24140,24940,4.255489020610554e-214,0,,165,100
2415,24150,24950,2.0549453534091034e-222,0,,164,100
2416,24160,24960,4.083870224185886e-240,0,,166,100
2417,24170,24970,6.77607905192209e-252,0,,166,100
2418,24180,24980,2.2375102669090895e-240,0,,163,100
2419,24190,24990,3.091574013540608e-203,0,,163,100
2420,24200,25000,4.077812408979743e-205,0,,162,100
2421,24210,25010,2.6998081570584336e-214,0,,160,100
2422,24220,25020,1.6709648054480597e-239,0,,161,100
2423,24230,25030,6.987901338475958e-166,0,,163,100
2424,24240,25040,2.9604878429688e-144,0,,164,100
2425,24250,25050,1.5993120642268165e-151,0,,163,100
2426,24260,25060,2.5126315315155255e-136,0,,161,100
2427,24270,25070,1.0903668917355176e-143,0,,161,100
2428,24280,25080,4.6659808788266077e-184,0,,162,100
2429,24290,25090,1.4676489748523129e-170,0,,163,100
2430,24300,25100,2.1696637528024594e-122,0,,164,100
2431,24310,25110,2.2749928317327453e-194,0,,162,100
2432,24320,25120,1.4426853382490595e-230,0,,163,100
2433,24330,25130,2.089499611969482e-176,0,,164,100
2434,24340,25140,3.0729326203601996e-172,0,,163,100
2435,24350,25150,1.7254062586179366e-164,0,,164,100
2436,24360,25160,1.458519950875092e-161,0,,163,100
2437,24370,25170,4.376491258061302e-167,0,,163,100
2438,24380,25180,1.5486821311274062e-193,0,,162,100
2439,24390,25190,5.028577720361267e-166,0,,164,100
2440,24400,25200,7.964406573751848e-214,0,,164,100
2441,24410,25210,7.613744601496234e-182,0,,163,100
2442,24420,25220,4.337669676648606e-188,0,,163,100
2443,24430,25230,2.4397589107206718e-152,0,,163,100
2444,24440,25240,1.2030784598741773e-156,0,,163,100
2445,24450,25250,1.0645591381199768e-149,0,,167,100
2446,24460,25260,1.2622877522376295e-149,0,,168,100
2447,24470,25270,1.4985418302252895e-125,0,,167,100
2448,24480,25280,4.6191993489871644e-148,0,,166,100
2449,24490,25290,6.0373819471078504e-161,0,,168,100
2450,24500,25300,2.438602589504586e-156,0,,168,100
2451,24510,25310,3.0130520868492873e-174,0,,170,100
2452,24520,25320,4.204262304181011e-216,0,,170,100
2453,24530,25330,1.0223238196743172e-163,0,,171,100
2454,24540,25340,1.3385922289358177e-152,0,,171,100
2455,24550,25350,1.1612828317802816e-138,0,,172,100
2456,24560,25360,3.069209514361504e-144,0,,170,100
2457,24570,25370,4.497035571747057e-117,0,,171,100
2458,24580,25380,2.3065441167760674e-114,0,,171,100
2459,24590,25390,7.935994704831714e-132,0,,172,100
2460,24600,25400,3.2732326175342867e-134,0,,173,100
2461,24610,25410,7.943757428938598e-114,0,,174,100
2462,24620,25420,8.174667619419211e-86,0,,174,100
2463,24630,25430,1.4282758558638862e-93,0,,175,100
2464,24640,25440,3.5948098005424336e-96,0,,176,100
2465,24650,25450,6.700295735511228e-81,0,,174,100
2466,24660,25460,6.1112946259008376e-96,0,,177,100
2467,24670,25470,1.3599325592777573e-105,0,,175,100
2468,24680,25480,5.162439837127075e-106,0,,179,100
2469,24690,25490,3.2230964187459154e-114,0,,178,100
2470,24700,25500,5.592599187886763e-120,0,,177,100
2471,24710,25510,2.9224985396080383e-142,0,,177,100
2472,24720,25520,1.0955324470209727e-77,0,,176,100
2473,24730,25530,9.229143638350972e-100,0,,174,100
2474,24740,25540,1.0076615737348148e-120,0,,176,100
2475,24750,25550,3.3251195689173922e-130,0,,178,100
2476,24760,25560,4.5163909224076016e-119,0,,178,100
2477,24770,25570,3.0578992386765765e-123,0,,179,100
2478,24780,25580,1.6538516016644308e-107,0,,179,100
2479,24790,25590,2.55096151381905e-140,0,,178,100
2480,24800,25600,5.1919722783785665e-166,0,,178,100
2481,24810,25610,3.924851905410564e-188,0,,179,100
2482,24820,25620,3.2238034714346025e-184,0,,179,100
2483,24830,25630,1.916795566639201e-181,0,,178,100
2484,24840,25640,1.0568484499617148e-186,0,,180,100
2485,24850,25650,9.078010368674404e-173,0,,180,100
2486,24860,25660,1.9309854988582818e-168,0,,180,100
2487,24870,25670,1.660381098297488e-171,0,,182,100
2488,24880,25680,8.851600592712012e-184,0,,183,100
2489,24890,25690,1.1581355908212978e-153,0,,183,100
2490,24900,25700,3.931242490450326e-157,0,,183,100
2491,24910,25710,3.033309737181798e-135,0,,182,100
2492,24920,25720,1.9724884545386183e-139,0,,183,100
2493,24930,25730,8.466296195264333e-151,0,,181,100
2494,24940,25740,2.571238974169343e-142,0,,180,100
2495,24950,25750,1.263558538047775e-122,0,,181,100
2496,24960,25760,4.694087194656013e-156,0,,178,100
2497,24970,25770,6.992938224049084e-177,0,,180,100
2498,24980,25780,3.022025683183245e-120,0,,181,100
2499,24990,25790,1.2217091489082776e-100,0,,183,100
2500,25000,25800,1.5966695619069458e-99,0,,186,100
2501,25010,25810,2.580848396680368e-96,0,,188,100
2502,25020,25820,2.798460125663341e-121,0,,187,100
2503,25030,25830,9.543294738930897e-78,0,,185,100
2504,25040,25840,1.3898381579099887e-59,0,,185,100
2505,25050,25850,3.644054871348784e-57,0,,188,100
2506,25060,25860,1.9111628153074454e-67,0,,187,100
2507,25070,25870,1.7912978321115964e-87,0,,187,100
2508,25080,25880,7.994271320192825e-119,0,,187,100
2509,25090,25890,4.981684166168568e-126,0,,188,100
2510,25100,25900,4.0881121676314025e-93,0,,186,100
2511,25110,25910,1.222515505739428e-106,0,,186,100
2512,25120,25920,1.5064153368623964e-112,0,,185,100
2513,25130,25930,9.143861175060366e-104,0,,187,100
2514,25140,25940,1.1336550657432343e-70,0,,187,100
2515,25150,25950,6.35133762503817e-92,0,,189,100
2516,25160,25960,1.3571454381396326e-90,0,,189,100
2517,25170,25970,5.834183669302421e-135,0,,187,100
2518,25180,25980,2.708908395058599e-131,0,,186,100
2519,25190,25990,3.3343200487809094e-149,0,,186,100
2520,25200,26000,3.5310980068004914e-126,0,,187,100
2521,25210,26010,9.923171925768603e-136,0,,189,100
2522,25220,26020,4.432082913475531e-157,0,,191,100
2523,25230,26030,1.910212656529754e-165,0,,191,100
2524,25240,26040,1.2806558989173302e-165,0,,190,100
2525,25250,26050,1.8894265000124083e-165,0,,189,100
2526,25260,26060,8.789648973725982e-182,0,,189,100
2527,25270,26070,7.618780034252185e-161,0,,191,100
2528,25280,26080,7.229417142118195e-139,0,,191,100
2529,25290,26090,9.387988854759911e-138,0,,192,100
2530,25300,26100,1.620420402756018e-132,0,,192,100
2531,25310,26110,5.384435160889314e-141,0,,192,100
2532,25320,26120,2.8101637549562158e-161,0,,189,100
2533,25330,26130,6.128100913735579e-169,0,,190,100
2534,25340,26140,2.0148062328836127e-148,0,,191,100
2535,25350,26150,8.760798586239334e-103,0,,191,100
2536,25360,26160,1.705071191862046e-134,0,,194,100
2537,25370,26170,3.106365314278254e-103,0,,192,100
2538,25380,26180,3.340149342218409e-100,0,,192,100
2539,25390,26190,5.118732996734239e-112,0,,192,100
2540,25400,26200,1.8823627300137186e-85,0,,192,100
2541,25410,26210,2.448285907572764e-80,0,,193,100
2542,25420,26220,1.497009455674829e-74,0,,192,100
2543,25430,26230,2.0935805110369396e-80,0,,191,100
2544,25440,26240,1.74373775024017e-73,0,,194,100
2545,25450,26250,1.484045550158754e-78,0,,192,100
2546,25460,26260,2.3308105279909737e-90,0,,191,100
2547,25470,26270,2.151867991392835e-99,0,,193,100
2548,25480,26280,1.794264299724964e-101,0,,194,100
2549,25490,26290,8.904063153691218e-107,0,,192,100
2550,25500,26300,1.0235516444803696e-124,0,,193,100
2551,25510,26310,1.5362420454712877e-129,0,,193,100
2552,25520,26320,2.7500985133134436e-141,0,,195,100
2553,25530,26330,6.038074386914762e-119,0,,194,100
2554,25540,26340,1.353852467707758e-142,0,,193,100
2555,25550,26350,3.382952510995027e-142,0,,191,100
2556,25560,26360,1.029228426485596e-159,0,,191,100
2557,25570,26370,2.193170134909376e-126,0,,190,100
2558,25580,26380,3.438014827126094e-109,0,,190,100
2559,25590,26390,2.368242943532652e-133,0,,189,100
2560,25600,26400,5.1017869793427186e-98,0,,188,100
2561,25610,26410,1.2329623672729424e-126,0,,190,100
2562,25620,26420,1.979761973401794e-116,0,,192,100
2563,25630,26430,2.592298259531337e-106,0,,194,100
2564,25640,26440,2.384689237995203e-131,0,,196,100
2565,25650,26450,1.1699160888577365e-157,0,,195,100
2566,25660,26460,4.8181445287331555e-144,0,,195,100
2567,25670,26470,2.44196837420349e-170,0,,194,100
2568,25680,26480,1.7530114682221837e-178,0,,193,100
2569,25690,26490,2.5187437509451526e-154,0,,193,100
2570,25700,26500,2.588676145686627e-178,0,,193,100
2571,25710,26510,7.721839483611927e-195,0,,194,100
2572,25720,26520,3.1901290509835593e-208,0,,195,100
2573,25730,26530,5.331501778041385e-238,0,,195,100
2574,25740,26540,5.3003064086365256e-197,0,,194,100
2575,25750,26550,1.8832936107723564e-178,0,,194,100
2576,25760,26560,2.4489709606848206e-155,0,,195,100
2577,25770,26570,2.7209987428361987e-167,0,,196,100
2578,25780,26580,4.8623635444494765e-191,0,,194,100
2579,25790,26590,2.1026600906671294e-178,0,,194,100
2580,25800,26600,4.169013217293125e-154,0,,192,100
2581,25810,26610,7.894659092805463e-143,0,,190,100
2582,25820,26620,1.3987230154770193e-158,0,,192,100
2583,25830,26630,9.925337200357045e-151,0,,191,100
2584,25840,26640,1.9459543807883534e-146,0,,191,100
2585,25850,26650,3.4996941145864362e-152,0,,188,100
2586,25860,26660,1.670822480871395e-102,0,,189,100
2587,25870,26670,6.3696042085521174e-127,0,,187,100
2588,25880,26680,3.4271641326939465e-158,0,,190,100
2589,25890,26690,2.4750778015605e-148,0,,190,100
2590,25900,26700,1.5725841765700484e-171,0,,189,100
2591,25910,26710,3.625348505634738e-133,0,,191,100
2592,25920,26720,1.6614312760898141e-136,0,,191,100
2593,25930,26730,1.988588074288272e-123,0,,188,100
2594,25940,26740,3.8421959510894107e-137,0,,188,100
2595,25950,26750,1.9078885476332007e-125,0,,187,100
2596,25960,26760,9.515184147915903e-203,0,,188,100
2597,25970,26770,1.828734208742047e-185,0,,189,100
2598,25980,26780,4.356703637226624e-123,0,,189,100
2599,25990,26790,3.6856386468404186e-126,0,,188,100
2600,26000,26800,8.578064121072489e-137,0,,187,100
2601,26010,26810,5.0936273361043084e-117,0,,187,100
2602,26020,26820,1.7648408948900627e-113,0,,185,100
2603,26030,26830,7.45721751818087e-128,0,,187,100
2604,26040,26840,5.135881608060607e-127,0,,187,100
2605,26050,26850,1.084082952661471e-154,0,,187,100
2606,26060,26860,4.4056301311854973e-144,0,,188,100
2607,26070,26870,2.430641233739074e-198,0,,185,100
2608,26080,26880,1.4160043743216046e-113,0,,185,100
2609,26090,26890,1.9765268559085653e-144,0,,184,100
2610,26100,26900,2.1516661567160125e-111,0,,185,100
2611,26110,26910,2.3378380966538617e-118,0,,185,100
2612,26120,26920,1.2183158268937653e-123,0,,185,100
2613,26130,26930,1.0099977404564458e-128,0,,184,100
2614,26140,26940,2.2286702492891043e-123,0,,183,100
2615,26150,26950,5.860966920429086e-115,0,,183,100
2616,26160,26960,3.386668304329825e-116,0,,186,100
2617,26170,26970,6.501150096281294e-125,0,,184,100
2618,26180,26980,1.9001183357744202e-141,0,,183,100
2619,26190,26990,3.6568935771756524e-147,0,,182,100
2620,26200,27000,9.226739791386768e-148,0,,182,100
2621,26210,27010,5.043645514954706e-122,0,,182,100
2622,26220,27020,1.1150788618756999e-147,0,,184,100
2623,26230,27030,6.195907625157311e-150,0,,182,100
2624,26240,27040,2.2985851401303988e-169,0,,182,100
2625,26250,27050,6.979334204771281e-134,0,,180,100
2626,26260,27060,8.582778337511944e-141,0,,181,100
2627,26270,27070,7.435959424066565e-150,0,,178,100
2628,26280,27080,1.0567660517543785e-146,0,,178,100
2629,26290,27090,4.862716321386789e-175,0,,178,100
2630,26300,27100,7.58177906008694e-183,0,,181,100
2631,26310,27110,6.597769274839987e-153,0,,180,100
2632,26320,27120,9.505556671689358e-141,0,,181,100
2633,26330,27130,7.972992327446678e-141,0,,179,100
2634,26340,27140,4.576737392427296e-150,0,,180,100
2635,26350,27150,8.188815812011405e-175,0,,181,100
2636,26360,27160,2.5372737756668017e-180,0,,180,100
2637,26370,27170,8.007162638585634e-180,0,,180,100
2638,26380,27180,5.972818677848082e-189,0,,183,100
2639,26390,27190,1.152801825908612e-201,0,,182,100
2640,26400,27200,2.0793955967064898e-194,0,,182,100
2641,26410,27210,1.123364211268696e-234,0,,178,100
2642,26420,27220,3.7866363435267906e-238,0,,177,100
2643,26430,27230,6.015154604563168e-165,0,,176,100
2644,26440,27240,1.0116894211421107e-182,0,,174,100
2645,26450,27250,2.855266898675551e-181,0,,175,100
2646,26460,27260,1.6420572646869953e-195,0,,176,100
2647,26470,27270,1.1207857795358705e-210,0,,175,100
2648,26480,27280,1.662506734397378e-220,0,,177,100
2649,26490,27290,1.0635146916289723e-233,0,,177,100
2650,26500,27300,1.1830626585951204e-293,0,,176,100
2651,26510,27310,4.2037868593842544e-217,0,,177,100
2652,26520,27320,9.165568419169752e-221,0,,177,100
2653,26530,27330,3.030498359894842e-188,0,,177,100
2654,26540,27340,1.3303000192758625e-170,0,,176,100
2655,26550,27350,1.3661088359603286e-153,0,,176,100
2656,26560,27360,7.914711143515123e-171,0,,178,100
2657,26570,27370,1.9683886512966073e-183,0,,178,100
2658,26580,27380,6.490964757981877e-150,0,,178,100
2659,26590,27390,1.0593210902628046e-133,0,,178,100
2660,26600,27400,7.419873884674055e-142,0,,176,100
2661,26610,27410,1.5697375896715284e-136,0,,175,100
2662,26620,27420,2.4487222851976356e-120,0,,175,100
2663,26630,27430,1.5536627277618668e-114,0,,178,100
2664,26640,27440,4.493820647810829e-131,0,,177,100
2665,26650,27450,1.0386675827161903e-105,0,,176,100
2666,26660,27460,3.273906093657855e-114,0,,175,100
2667,26670,27470,4.936203144643651e-130,0,,173,100
2668,26680,27480,2.2022823951069724e-139,0,,173,100
2669,26690,27490,5.200557133821589e-157,0,,172,100
2670,26700,27500,1.5334668144453707e-145,0,,172,100
2671,26710,27510,1.7611043079405376e-131,0,,174,100
2672,26720,27520,4.8688762689975986e-180,0,,173,100
2673,26730,27530,2.829554746702857e-162,0,,172,100
2674,26740,27540,1.58513859102269e-164,0,,173,100
2675,26750,27550,5.365660000633336e-140,0,,171,100
2676,26760,27560,5.525682813374677e-132,0,,173,100
2677,26770,27570,7.631562272499884e-138,0,,174,100
2678,26780,27580,3.079364548845588e-137,0,,173,100
2679,26790,27590,9.473384327927877e-156,0,,173,100
2680,26800,27600,1.878383594141611e-160,0,,174,100
2681,26810,27610,8.382653554333053e-185,0,,174,100
2682,26820,27620,3.251446856156042e-185,0,,172,100
2683,26830,27630,9.045130573705323e-184,0,,173,100
2684,26840,27640,1.4241329308177053e-257,0,,173,100
2685,26850,27650,1.0981527705019148e-216,0,,174,100
2686,26860,27660,4.5528413036389085e-240,0,,174,100
2687,26870,27670,2.1446115273089216e-224,0,,174,100
2688,26880,27680,3.4032701199176277e-236,0,,174,100
2689,26890,27690,1.9848763575080983e-230,0,,174,100
2690,26900,27700,2.99195972291108e-190,0,,173,100
2691,26910,27710,1.3169663719692897e-217,0,,174,100
2692,26920,27720,6.65885119193404e-223,0,,174,100
2693,26930,27730,6.796962952622646e-193,0,,175,100
2694,26940,27740,1.2223150017667056e-182,0,,172,100
2695,26950,27750,1.3365060861445366e-195,0,,171,100
2696,26960,27760,2.135673695477201e-199,0,,167,100
2697,26970,27770,9.586317854184405e-255,0,,165,100
2698,26980,27780,9.961844328708473e-266,0,,163,100
2699,26990,27790,2.644807039493512e-190,0,,162,100
2700,27000,27800,4.687251210205064e-175,0,,161,100
2701,27010,27810,4.263237260608116e-176,0,,156,100
2702,27020,27820,1.64767347070982e-225,0,,155,100
2703,27030,27830,1.0287604091624089e-210,0,,154,100
2704,27040,27840,4.497051448836308e-230,0,,151,100
2705,27050,27850,7.963991652688478e-179,0,,149,100
2706,27060,27860,4.898978969123582e-153,0,,147,100
2707,27070,27870,3.227535020360452e-124,0,,144,100
2708,27080,27880,4.215910101762369e-133,0,,142,100
2709,27090,27890,1.3027152484966872e-127,0,,139,100
2710,27100,27900,3.839126697148949e-119,0,,137,100
2711,27110,27910,3.9639888054285775e-136,0,,135,100
2712,27120,27920,9.350625772553936e-154,0,,134,100
2713,27130,27930,2.2746679831345947e-135,0,,132,100
2714,27140,27940,1.5019363891430135e-141,0,,130,100
2715,27150,27950,1.8352892003719356e-165,0,,128,100
2716,27160,27960,4.115870493650204e-162,0,,126,100
2717,27170,27970,3.0381169328216127e-155,0,,124,100
2718,27180,27980,2.6213608773249932e-126,0,,121,100
2719,27190,27990,6.534758721645046e-129,0,,118,100
2720,27200,28000,1.6725734036407932e-151,0,,116,100
2721,27210,28010,1.64165647731152e-135,0,,115,100
2722,27220,28020,1.6946840011486302e-123,0,,112,100
2723,27230,28030,7.623924950837107e-136,0,,111,100
2724,27240,28040,4.176123984333871e-140,0,,109,100
2725,27250,28050,1.753246922396988e-125,0,,105,100
2726,27260,28060,3.632132853811179e-110,0,,104,100
2727,27270,28070,8.333542303108769e-109,0,,102,100
